[2026-06-15T13:23:18.404+0000] {processor.py:161} INFO - Started process (PID=183) to work on /opt/airflow/dags/dag_01_hello_world.py
[2026-06-15T13:23:18.405+0000] {processor.py:830} INFO - Processing file /opt/airflow/dags/dag_01_hello_world.py for tasks to queue
[2026-06-15T13:23:18.410+0000] {logging_mixin.py:188} INFO - [2026-06-15T13:23:18.409+0000] {dagbag.py:545} INFO - Filling up the DagBag from /opt/airflow/dags/dag_01_hello_world.py
[2026-06-15T13:23:18.441+0000] {processor.py:840} INFO - DAG(s) '01_hello_world' retrieved from /opt/airflow/dags/dag_01_hello_world.py
[2026-06-15T13:23:18.957+0000] {logging_mixin.py:188} INFO - [2026-06-15T13:23:18.957+0000] {override.py:1858} INFO - Created Permission View: can edit on DAG:01_hello_world
[2026-06-15T13:23:18.977+0000] {logging_mixin.py:188} INFO - [2026-06-15T13:23:18.977+0000] {override.py:1858} INFO - Created Permission View: can read on DAG:01_hello_world
[2026-06-15T13:23:18.991+0000] {logging_mixin.py:188} INFO - [2026-06-15T13:23:18.990+0000] {override.py:1858} INFO - Created Permission View: can delete on DAG:01_hello_world
[2026-06-15T13:23:18.991+0000] {logging_mixin.py:188} INFO - [2026-06-15T13:23:18.991+0000] {dag.py:3089} INFO - Sync 1 DAGs
[2026-06-15T13:23:19.011+0000] {logging_mixin.py:188} INFO - [2026-06-15T13:23:19.011+0000] {dag.py:3111} INFO - Creating ORM DAG for 01_hello_world
[2026-06-15T13:23:19.013+0000] {logging_mixin.py:188} INFO - [2026-06-15T13:23:19.013+0000] {dag.py:3947} INFO - Setting next_dagrun for 01_hello_world to None, run_after=None
[2026-06-15T13:23:19.045+0000] {processor.py:183} INFO - Processing /opt/airflow/dags/dag_01_hello_world.py took 0.656 seconds
[2026-06-15T13:23:49.453+0000] {processor.py:161} INFO - Started process (PID=188) to work on /opt/airflow/dags/dag_01_hello_world.py
[2026-06-15T13:23:49.456+0000] {processor.py:830} INFO - Processing file /opt/airflow/dags/dag_01_hello_world.py for tasks to queue
[2026-06-15T13:23:49.462+0000] {logging_mixin.py:188} INFO - [2026-06-15T13:23:49.461+0000] {dagbag.py:545} INFO - Filling up the DagBag from /opt/airflow/dags/dag_01_hello_world.py
[2026-06-15T13:23:49.481+0000] {processor.py:840} INFO - DAG(s) '01_hello_world' retrieved from /opt/airflow/dags/dag_01_hello_world.py
[2026-06-15T13:23:49.545+0000] {logging_mixin.py:188} INFO - [2026-06-15T13:23:49.545+0000] {dag.py:3089} INFO - Sync 1 DAGs
[2026-06-15T13:23:49.577+0000] {logging_mixin.py:188} INFO - [2026-06-15T13:23:49.576+0000] {dag.py:3947} INFO - Setting next_dagrun for 01_hello_world to None, run_after=None
[2026-06-15T13:23:49.612+0000] {processor.py:183} INFO - Processing /opt/airflow/dags/dag_01_hello_world.py took 0.174 seconds
[2026-06-15T13:24:19.840+0000] {processor.py:161} INFO - Started process (PID=193) to work on /opt/airflow/dags/dag_01_hello_world.py
[2026-06-15T13:24:19.842+0000] {processor.py:830} INFO - Processing file /opt/airflow/dags/dag_01_hello_world.py for tasks to queue
[2026-06-15T13:24:19.847+0000] {logging_mixin.py:188} INFO - [2026-06-15T13:24:19.846+0000] {dagbag.py:545} INFO - Filling up the DagBag from /opt/airflow/dags/dag_01_hello_world.py
[2026-06-15T13:24:19.861+0000] {processor.py:840} INFO - DAG(s) '01_hello_world' retrieved from /opt/airflow/dags/dag_01_hello_world.py
[2026-06-15T13:24:19.920+0000] {logging_mixin.py:188} INFO - [2026-06-15T13:24:19.920+0000] {dag.py:3089} INFO - Sync 1 DAGs
[2026-06-15T13:24:19.949+0000] {logging_mixin.py:188} INFO - [2026-06-15T13:24:19.948+0000] {dag.py:3947} INFO - Setting next_dagrun for 01_hello_world to None, run_after=None
[2026-06-15T13:24:19.982+0000] {processor.py:183} INFO - Processing /opt/airflow/dags/dag_01_hello_world.py took 0.153 seconds
[2026-06-15T13:24:50.310+0000] {processor.py:161} INFO - Started process (PID=198) to work on /opt/airflow/dags/dag_01_hello_world.py
[2026-06-15T13:24:50.313+0000] {processor.py:830} INFO - Processing file /opt/airflow/dags/dag_01_hello_world.py for tasks to queue
[2026-06-15T13:24:50.317+0000] {logging_mixin.py:188} INFO - [2026-06-15T13:24:50.317+0000] {dagbag.py:545} INFO - Filling up the DagBag from /opt/airflow/dags/dag_01_hello_world.py
[2026-06-15T13:24:50.330+0000] {processor.py:840} INFO - DAG(s) '01_hello_world' retrieved from /opt/airflow/dags/dag_01_hello_world.py
[2026-06-15T13:24:50.385+0000] {logging_mixin.py:188} INFO - [2026-06-15T13:24:50.384+0000] {dag.py:3089} INFO - Sync 1 DAGs
[2026-06-15T13:24:50.410+0000] {logging_mixin.py:188} INFO - [2026-06-15T13:24:50.409+0000] {dag.py:3947} INFO - Setting next_dagrun for 01_hello_world to None, run_after=None
[2026-06-15T13:24:50.438+0000] {processor.py:183} INFO - Processing /opt/airflow/dags/dag_01_hello_world.py took 0.138 seconds
[2026-06-15T13:25:20.645+0000] {processor.py:161} INFO - Started process (PID=205) to work on /opt/airflow/dags/dag_01_hello_world.py
[2026-06-15T13:25:20.647+0000] {processor.py:830} INFO - Processing file /opt/airflow/dags/dag_01_hello_world.py for tasks to queue
[2026-06-15T13:25:20.650+0000] {logging_mixin.py:188} INFO - [2026-06-15T13:25:20.649+0000] {dagbag.py:545} INFO - Filling up the DagBag from /opt/airflow/dags/dag_01_hello_world.py
[2026-06-15T13:25:20.661+0000] {processor.py:840} INFO - DAG(s) '01_hello_world' retrieved from /opt/airflow/dags/dag_01_hello_world.py
[2026-06-15T13:25:20.713+0000] {logging_mixin.py:188} INFO - [2026-06-15T13:25:20.713+0000] {dag.py:3089} INFO - Sync 1 DAGs
[2026-06-15T13:25:20.735+0000] {logging_mixin.py:188} INFO - [2026-06-15T13:25:20.735+0000] {dag.py:3947} INFO - Setting next_dagrun for 01_hello_world to None, run_after=None
[2026-06-15T13:25:20.765+0000] {processor.py:183} INFO - Processing /opt/airflow/dags/dag_01_hello_world.py took 0.131 seconds
[2026-06-15T13:25:50.926+0000] {processor.py:161} INFO - Started process (PID=210) to work on /opt/airflow/dags/dag_01_hello_world.py
[2026-06-15T13:25:50.927+0000] {processor.py:830} INFO - Processing file /opt/airflow/dags/dag_01_hello_world.py for tasks to queue
[2026-06-15T13:25:50.930+0000] {logging_mixin.py:188} INFO - [2026-06-15T13:25:50.929+0000] {dagbag.py:545} INFO - Filling up the DagBag from /opt/airflow/dags/dag_01_hello_world.py
[2026-06-15T13:25:50.939+0000] {processor.py:840} INFO - DAG(s) '01_hello_world' retrieved from /opt/airflow/dags/dag_01_hello_world.py
[2026-06-15T13:25:50.987+0000] {logging_mixin.py:188} INFO - [2026-06-15T13:25:50.986+0000] {dag.py:3089} INFO - Sync 1 DAGs
[2026-06-15T13:25:51.003+0000] {logging_mixin.py:188} INFO - [2026-06-15T13:25:51.003+0000] {dag.py:3947} INFO - Setting next_dagrun for 01_hello_world to None, run_after=None
[2026-06-15T13:25:51.031+0000] {processor.py:183} INFO - Processing /opt/airflow/dags/dag_01_hello_world.py took 0.111 seconds
[2026-06-15T13:26:21.263+0000] {processor.py:161} INFO - Started process (PID=215) to work on /opt/airflow/dags/dag_01_hello_world.py
[2026-06-15T13:26:21.266+0000] {processor.py:830} INFO - Processing file /opt/airflow/dags/dag_01_hello_world.py for tasks to queue
[2026-06-15T13:26:21.271+0000] {logging_mixin.py:188} INFO - [2026-06-15T13:26:21.270+0000] {dagbag.py:545} INFO - Filling up the DagBag from /opt/airflow/dags/dag_01_hello_world.py
[2026-06-15T13:26:21.293+0000] {processor.py:840} INFO - DAG(s) '01_hello_world' retrieved from /opt/airflow/dags/dag_01_hello_world.py
[2026-06-15T13:26:21.364+0000] {logging_mixin.py:188} INFO - [2026-06-15T13:26:21.363+0000] {dag.py:3089} INFO - Sync 1 DAGs
[2026-06-15T13:26:21.390+0000] {logging_mixin.py:188} INFO - [2026-06-15T13:26:21.390+0000] {dag.py:3947} INFO - Setting next_dagrun for 01_hello_world to None, run_after=None
[2026-06-15T13:26:21.420+0000] {processor.py:183} INFO - Processing /opt/airflow/dags/dag_01_hello_world.py took 0.167 seconds
[2026-06-15T13:26:51.709+0000] {processor.py:161} INFO - Started process (PID=220) to work on /opt/airflow/dags/dag_01_hello_world.py
[2026-06-15T13:26:51.710+0000] {processor.py:830} INFO - Processing file /opt/airflow/dags/dag_01_hello_world.py for tasks to queue
[2026-06-15T13:26:51.715+0000] {logging_mixin.py:188} INFO - [2026-06-15T13:26:51.714+0000] {dagbag.py:545} INFO - Filling up the DagBag from /opt/airflow/dags/dag_01_hello_world.py
[2026-06-15T13:26:51.731+0000] {processor.py:840} INFO - DAG(s) '01_hello_world' retrieved from /opt/airflow/dags/dag_01_hello_world.py
[2026-06-15T13:26:51.789+0000] {logging_mixin.py:188} INFO - [2026-06-15T13:26:51.788+0000] {dag.py:3089} INFO - Sync 1 DAGs
[2026-06-15T13:26:51.812+0000] {logging_mixin.py:188} INFO - [2026-06-15T13:26:51.812+0000] {dag.py:3947} INFO - Setting next_dagrun for 01_hello_world to None, run_after=None
[2026-06-15T13:26:51.843+0000] {processor.py:183} INFO - Processing /opt/airflow/dags/dag_01_hello_world.py took 0.144 seconds
[2026-06-15T13:27:22.083+0000] {processor.py:161} INFO - Started process (PID=225) to work on /opt/airflow/dags/dag_01_hello_world.py
[2026-06-15T13:27:22.086+0000] {processor.py:830} INFO - Processing file /opt/airflow/dags/dag_01_hello_world.py for tasks to queue
[2026-06-15T13:27:22.089+0000] {logging_mixin.py:188} INFO - [2026-06-15T13:27:22.088+0000] {dagbag.py:545} INFO - Filling up the DagBag from /opt/airflow/dags/dag_01_hello_world.py
[2026-06-15T13:27:22.101+0000] {processor.py:840} INFO - DAG(s) '01_hello_world' retrieved from /opt/airflow/dags/dag_01_hello_world.py
[2026-06-15T13:27:22.154+0000] {logging_mixin.py:188} INFO - [2026-06-15T13:27:22.153+0000] {dag.py:3089} INFO - Sync 1 DAGs
[2026-06-15T13:27:22.177+0000] {logging_mixin.py:188} INFO - [2026-06-15T13:27:22.177+0000] {dag.py:3947} INFO - Setting next_dagrun for 01_hello_world to None, run_after=None
[2026-06-15T13:27:22.207+0000] {processor.py:183} INFO - Processing /opt/airflow/dags/dag_01_hello_world.py took 0.136 seconds
[2026-06-15T13:27:52.420+0000] {processor.py:161} INFO - Started process (PID=230) to work on /opt/airflow/dags/dag_01_hello_world.py
[2026-06-15T13:27:52.422+0000] {processor.py:830} INFO - Processing file /opt/airflow/dags/dag_01_hello_world.py for tasks to queue
[2026-06-15T13:27:52.425+0000] {logging_mixin.py:188} INFO - [2026-06-15T13:27:52.424+0000] {dagbag.py:545} INFO - Filling up the DagBag from /opt/airflow/dags/dag_01_hello_world.py
[2026-06-15T13:27:52.440+0000] {processor.py:840} INFO - DAG(s) '01_hello_world' retrieved from /opt/airflow/dags/dag_01_hello_world.py
[2026-06-15T13:27:52.513+0000] {logging_mixin.py:188} INFO - [2026-06-15T13:27:52.512+0000] {dag.py:3089} INFO - Sync 1 DAGs
[2026-06-15T13:27:52.534+0000] {logging_mixin.py:188} INFO - [2026-06-15T13:27:52.534+0000] {dag.py:3947} INFO - Setting next_dagrun for 01_hello_world to None, run_after=None
[2026-06-15T13:27:52.570+0000] {processor.py:183} INFO - Processing /opt/airflow/dags/dag_01_hello_world.py took 0.164 seconds
[2026-06-15T13:28:22.795+0000] {processor.py:161} INFO - Started process (PID=240) to work on /opt/airflow/dags/dag_01_hello_world.py
[2026-06-15T13:28:22.797+0000] {processor.py:830} INFO - Processing file /opt/airflow/dags/dag_01_hello_world.py for tasks to queue
[2026-06-15T13:28:22.801+0000] {logging_mixin.py:188} INFO - [2026-06-15T13:28:22.800+0000] {dagbag.py:545} INFO - Filling up the DagBag from /opt/airflow/dags/dag_01_hello_world.py
[2026-06-15T13:28:22.813+0000] {processor.py:840} INFO - DAG(s) '01_hello_world' retrieved from /opt/airflow/dags/dag_01_hello_world.py
[2026-06-15T13:28:22.863+0000] {logging_mixin.py:188} INFO - [2026-06-15T13:28:22.862+0000] {dag.py:3089} INFO - Sync 1 DAGs
[2026-06-15T13:28:22.884+0000] {logging_mixin.py:188} INFO - [2026-06-15T13:28:22.884+0000] {dag.py:3947} INFO - Setting next_dagrun for 01_hello_world to None, run_after=None
[2026-06-15T13:28:22.914+0000] {processor.py:183} INFO - Processing /opt/airflow/dags/dag_01_hello_world.py took 0.127 seconds
[2026-06-15T13:28:53.756+0000] {processor.py:161} INFO - Started process (PID=250) to work on /opt/airflow/dags/dag_01_hello_world.py
[2026-06-15T13:28:53.758+0000] {processor.py:830} INFO - Processing file /opt/airflow/dags/dag_01_hello_world.py for tasks to queue
[2026-06-15T13:28:53.761+0000] {logging_mixin.py:188} INFO - [2026-06-15T13:28:53.761+0000] {dagbag.py:545} INFO - Filling up the DagBag from /opt/airflow/dags/dag_01_hello_world.py
[2026-06-15T13:28:53.772+0000] {processor.py:840} INFO - DAG(s) '01_hello_world' retrieved from /opt/airflow/dags/dag_01_hello_world.py
[2026-06-15T13:28:53.824+0000] {logging_mixin.py:188} INFO - [2026-06-15T13:28:53.824+0000] {dag.py:3089} INFO - Sync 1 DAGs
[2026-06-15T13:28:53.846+0000] {logging_mixin.py:188} INFO - [2026-06-15T13:28:53.846+0000] {dag.py:3947} INFO - Setting next_dagrun for 01_hello_world to None, run_after=None
[2026-06-15T13:28:53.876+0000] {processor.py:183} INFO - Processing /opt/airflow/dags/dag_01_hello_world.py took 0.127 seconds
[2026-06-15T13:29:24.214+0000] {processor.py:161} INFO - Started process (PID=260) to work on /opt/airflow/dags/dag_01_hello_world.py
[2026-06-15T13:29:24.226+0000] {processor.py:830} INFO - Processing file /opt/airflow/dags/dag_01_hello_world.py for tasks to queue
[2026-06-15T13:29:24.230+0000] {logging_mixin.py:188} INFO - [2026-06-15T13:29:24.230+0000] {dagbag.py:545} INFO - Filling up the DagBag from /opt/airflow/dags/dag_01_hello_world.py
[2026-06-15T13:29:24.240+0000] {processor.py:840} INFO - DAG(s) '01_hello_world' retrieved from /opt/airflow/dags/dag_01_hello_world.py
[2026-06-15T13:29:24.289+0000] {logging_mixin.py:188} INFO - [2026-06-15T13:29:24.288+0000] {dag.py:3089} INFO - Sync 1 DAGs
[2026-06-15T13:29:24.308+0000] {logging_mixin.py:188} INFO - [2026-06-15T13:29:24.307+0000] {dag.py:3947} INFO - Setting next_dagrun for 01_hello_world to None, run_after=None
[2026-06-15T13:29:24.339+0000] {processor.py:183} INFO - Processing /opt/airflow/dags/dag_01_hello_world.py took 0.136 seconds
[2026-06-15T13:29:54.511+0000] {processor.py:161} INFO - Started process (PID=270) to work on /opt/airflow/dags/dag_01_hello_world.py
[2026-06-15T13:29:54.512+0000] {processor.py:830} INFO - Processing file /opt/airflow/dags/dag_01_hello_world.py for tasks to queue
[2026-06-15T13:29:54.514+0000] {logging_mixin.py:188} INFO - [2026-06-15T13:29:54.514+0000] {dagbag.py:545} INFO - Filling up the DagBag from /opt/airflow/dags/dag_01_hello_world.py
[2026-06-15T13:29:54.524+0000] {processor.py:840} INFO - DAG(s) '01_hello_world' retrieved from /opt/airflow/dags/dag_01_hello_world.py
[2026-06-15T13:29:54.574+0000] {logging_mixin.py:188} INFO - [2026-06-15T13:29:54.574+0000] {dag.py:3089} INFO - Sync 1 DAGs
[2026-06-15T13:29:54.595+0000] {logging_mixin.py:188} INFO - [2026-06-15T13:29:54.594+0000] {dag.py:3947} INFO - Setting next_dagrun for 01_hello_world to None, run_after=None
[2026-06-15T13:29:54.626+0000] {processor.py:183} INFO - Processing /opt/airflow/dags/dag_01_hello_world.py took 0.124 seconds
[2026-06-15T13:30:25.044+0000] {processor.py:161} INFO - Started process (PID=280) to work on /opt/airflow/dags/dag_01_hello_world.py
[2026-06-15T13:30:25.046+0000] {processor.py:830} INFO - Processing file /opt/airflow/dags/dag_01_hello_world.py for tasks to queue
[2026-06-15T13:30:25.049+0000] {logging_mixin.py:188} INFO - [2026-06-15T13:30:25.048+0000] {dagbag.py:545} INFO - Filling up the DagBag from /opt/airflow/dags/dag_01_hello_world.py
[2026-06-15T13:30:25.058+0000] {processor.py:840} INFO - DAG(s) '01_hello_world' retrieved from /opt/airflow/dags/dag_01_hello_world.py
[2026-06-15T13:30:25.109+0000] {logging_mixin.py:188} INFO - [2026-06-15T13:30:25.108+0000] {dag.py:3089} INFO - Sync 1 DAGs
[2026-06-15T13:30:25.130+0000] {logging_mixin.py:188} INFO - [2026-06-15T13:30:25.129+0000] {dag.py:3947} INFO - Setting next_dagrun for 01_hello_world to None, run_after=None
[2026-06-15T13:30:25.161+0000] {processor.py:183} INFO - Processing /opt/airflow/dags/dag_01_hello_world.py took 0.125 seconds
[2026-06-15T13:30:55.446+0000] {processor.py:161} INFO - Started process (PID=290) to work on /opt/airflow/dags/dag_01_hello_world.py
[2026-06-15T13:30:55.447+0000] {processor.py:830} INFO - Processing file /opt/airflow/dags/dag_01_hello_world.py for tasks to queue
[2026-06-15T13:30:55.450+0000] {logging_mixin.py:188} INFO - [2026-06-15T13:30:55.449+0000] {dagbag.py:545} INFO - Filling up the DagBag from /opt/airflow/dags/dag_01_hello_world.py
[2026-06-15T13:30:55.460+0000] {processor.py:840} INFO - DAG(s) '01_hello_world' retrieved from /opt/airflow/dags/dag_01_hello_world.py
[2026-06-15T13:30:55.506+0000] {logging_mixin.py:188} INFO - [2026-06-15T13:30:55.506+0000] {dag.py:3089} INFO - Sync 1 DAGs
[2026-06-15T13:30:55.525+0000] {logging_mixin.py:188} INFO - [2026-06-15T13:30:55.525+0000] {dag.py:3947} INFO - Setting next_dagrun for 01_hello_world to None, run_after=None
[2026-06-15T13:30:55.555+0000] {processor.py:183} INFO - Processing /opt/airflow/dags/dag_01_hello_world.py took 0.117 seconds
[2026-06-15T13:31:25.862+0000] {processor.py:161} INFO - Started process (PID=300) to work on /opt/airflow/dags/dag_01_hello_world.py
[2026-06-15T13:31:25.873+0000] {processor.py:830} INFO - Processing file /opt/airflow/dags/dag_01_hello_world.py for tasks to queue
[2026-06-15T13:31:25.876+0000] {logging_mixin.py:188} INFO - [2026-06-15T13:31:25.876+0000] {dagbag.py:545} INFO - Filling up the DagBag from /opt/airflow/dags/dag_01_hello_world.py
[2026-06-15T13:31:25.889+0000] {processor.py:840} INFO - DAG(s) '01_hello_world' retrieved from /opt/airflow/dags/dag_01_hello_world.py
[2026-06-15T13:31:25.938+0000] {logging_mixin.py:188} INFO - [2026-06-15T13:31:25.938+0000] {dag.py:3089} INFO - Sync 1 DAGs
[2026-06-15T13:31:25.960+0000] {logging_mixin.py:188} INFO - [2026-06-15T13:31:25.960+0000] {dag.py:3947} INFO - Setting next_dagrun for 01_hello_world to None, run_after=None
[2026-06-15T13:31:25.991+0000] {processor.py:183} INFO - Processing /opt/airflow/dags/dag_01_hello_world.py took 0.141 seconds
[2026-06-15T13:31:56.340+0000] {processor.py:161} INFO - Started process (PID=310) to work on /opt/airflow/dags/dag_01_hello_world.py
[2026-06-15T13:31:56.341+0000] {processor.py:830} INFO - Processing file /opt/airflow/dags/dag_01_hello_world.py for tasks to queue
[2026-06-15T13:31:56.343+0000] {logging_mixin.py:188} INFO - [2026-06-15T13:31:56.342+0000] {dagbag.py:545} INFO - Filling up the DagBag from /opt/airflow/dags/dag_01_hello_world.py
[2026-06-15T13:31:56.353+0000] {processor.py:840} INFO - DAG(s) '01_hello_world' retrieved from /opt/airflow/dags/dag_01_hello_world.py
[2026-06-15T13:31:56.399+0000] {logging_mixin.py:188} INFO - [2026-06-15T13:31:56.398+0000] {dag.py:3089} INFO - Sync 1 DAGs
[2026-06-15T13:31:56.417+0000] {logging_mixin.py:188} INFO - [2026-06-15T13:31:56.417+0000] {dag.py:3947} INFO - Setting next_dagrun for 01_hello_world to None, run_after=None
[2026-06-15T13:31:56.448+0000] {processor.py:183} INFO - Processing /opt/airflow/dags/dag_01_hello_world.py took 0.117 seconds
[2026-06-15T13:32:26.726+0000] {processor.py:161} INFO - Started process (PID=320) to work on /opt/airflow/dags/dag_01_hello_world.py
[2026-06-15T13:32:26.728+0000] {processor.py:830} INFO - Processing file /opt/airflow/dags/dag_01_hello_world.py for tasks to queue
[2026-06-15T13:32:26.732+0000] {logging_mixin.py:188} INFO - [2026-06-15T13:32:26.731+0000] {dagbag.py:545} INFO - Filling up the DagBag from /opt/airflow/dags/dag_01_hello_world.py
[2026-06-15T13:32:26.747+0000] {processor.py:840} INFO - DAG(s) '01_hello_world' retrieved from /opt/airflow/dags/dag_01_hello_world.py
[2026-06-15T13:32:26.807+0000] {logging_mixin.py:188} INFO - [2026-06-15T13:32:26.807+0000] {dag.py:3089} INFO - Sync 1 DAGs
[2026-06-15T13:32:26.830+0000] {logging_mixin.py:188} INFO - [2026-06-15T13:32:26.829+0000] {dag.py:3947} INFO - Setting next_dagrun for 01_hello_world to None, run_after=None
[2026-06-15T13:32:26.860+0000] {processor.py:183} INFO - Processing /opt/airflow/dags/dag_01_hello_world.py took 0.147 seconds
[2026-06-15T13:32:57.089+0000] {processor.py:161} INFO - Started process (PID=330) to work on /opt/airflow/dags/dag_01_hello_world.py
[2026-06-15T13:32:57.091+0000] {processor.py:830} INFO - Processing file /opt/airflow/dags/dag_01_hello_world.py for tasks to queue
[2026-06-15T13:32:57.094+0000] {logging_mixin.py:188} INFO - [2026-06-15T13:32:57.093+0000] {dagbag.py:545} INFO - Filling up the DagBag from /opt/airflow/dags/dag_01_hello_world.py
[2026-06-15T13:32:57.109+0000] {processor.py:840} INFO - DAG(s) '01_hello_world' retrieved from /opt/airflow/dags/dag_01_hello_world.py
[2026-06-15T13:32:57.169+0000] {logging_mixin.py:188} INFO - [2026-06-15T13:32:57.168+0000] {dag.py:3089} INFO - Sync 1 DAGs
[2026-06-15T13:32:57.194+0000] {logging_mixin.py:188} INFO - [2026-06-15T13:32:57.193+0000] {dag.py:3947} INFO - Setting next_dagrun for 01_hello_world to None, run_after=None
[2026-06-15T13:32:57.230+0000] {processor.py:183} INFO - Processing /opt/airflow/dags/dag_01_hello_world.py took 0.152 seconds
[2026-06-15T13:33:27.509+0000] {processor.py:161} INFO - Started process (PID=340) to work on /opt/airflow/dags/dag_01_hello_world.py
[2026-06-15T13:33:27.511+0000] {processor.py:830} INFO - Processing file /opt/airflow/dags/dag_01_hello_world.py for tasks to queue
[2026-06-15T13:33:27.514+0000] {logging_mixin.py:188} INFO - [2026-06-15T13:33:27.513+0000] {dagbag.py:545} INFO - Filling up the DagBag from /opt/airflow/dags/dag_01_hello_world.py
[2026-06-15T13:33:27.526+0000] {processor.py:840} INFO - DAG(s) '01_hello_world' retrieved from /opt/airflow/dags/dag_01_hello_world.py
[2026-06-15T13:33:27.577+0000] {logging_mixin.py:188} INFO - [2026-06-15T13:33:27.576+0000] {dag.py:3089} INFO - Sync 1 DAGs
[2026-06-15T13:33:27.599+0000] {logging_mixin.py:188} INFO - [2026-06-15T13:33:27.599+0000] {dag.py:3947} INFO - Setting next_dagrun for 01_hello_world to None, run_after=None
[2026-06-15T13:33:27.631+0000] {processor.py:183} INFO - Processing /opt/airflow/dags/dag_01_hello_world.py took 0.132 seconds
[2026-06-15T13:33:57.945+0000] {processor.py:161} INFO - Started process (PID=350) to work on /opt/airflow/dags/dag_01_hello_world.py
[2026-06-15T13:33:57.947+0000] {processor.py:830} INFO - Processing file /opt/airflow/dags/dag_01_hello_world.py for tasks to queue
[2026-06-15T13:33:57.950+0000] {logging_mixin.py:188} INFO - [2026-06-15T13:33:57.949+0000] {dagbag.py:545} INFO - Filling up the DagBag from /opt/airflow/dags/dag_01_hello_world.py
[2026-06-15T13:33:57.961+0000] {processor.py:840} INFO - DAG(s) '01_hello_world' retrieved from /opt/airflow/dags/dag_01_hello_world.py
[2026-06-15T13:33:58.014+0000] {logging_mixin.py:188} INFO - [2026-06-15T13:33:58.014+0000] {dag.py:3089} INFO - Sync 1 DAGs
[2026-06-15T13:33:58.035+0000] {logging_mixin.py:188} INFO - [2026-06-15T13:33:58.034+0000] {dag.py:3947} INFO - Setting next_dagrun for 01_hello_world to None, run_after=None
[2026-06-15T13:33:58.061+0000] {processor.py:183} INFO - Processing /opt/airflow/dags/dag_01_hello_world.py took 0.126 seconds
[2026-06-15T13:34:28.322+0000] {processor.py:161} INFO - Started process (PID=360) to work on /opt/airflow/dags/dag_01_hello_world.py
[2026-06-15T13:34:28.323+0000] {processor.py:830} INFO - Processing file /opt/airflow/dags/dag_01_hello_world.py for tasks to queue
[2026-06-15T13:34:28.326+0000] {logging_mixin.py:188} INFO - [2026-06-15T13:34:28.326+0000] {dagbag.py:545} INFO - Filling up the DagBag from /opt/airflow/dags/dag_01_hello_world.py
[2026-06-15T13:34:28.336+0000] {processor.py:840} INFO - DAG(s) '01_hello_world' retrieved from /opt/airflow/dags/dag_01_hello_world.py
[2026-06-15T13:34:28.380+0000] {logging_mixin.py:188} INFO - [2026-06-15T13:34:28.380+0000] {dag.py:3089} INFO - Sync 1 DAGs
[2026-06-15T13:34:28.396+0000] {logging_mixin.py:188} INFO - [2026-06-15T13:34:28.396+0000] {dag.py:3947} INFO - Setting next_dagrun for 01_hello_world to None, run_after=None
[2026-06-15T13:34:28.425+0000] {processor.py:183} INFO - Processing /opt/airflow/dags/dag_01_hello_world.py took 0.111 seconds
[2026-06-15T13:34:58.672+0000] {processor.py:161} INFO - Started process (PID=370) to work on /opt/airflow/dags/dag_01_hello_world.py
[2026-06-15T13:34:58.675+0000] {processor.py:830} INFO - Processing file /opt/airflow/dags/dag_01_hello_world.py for tasks to queue
[2026-06-15T13:34:58.677+0000] {logging_mixin.py:188} INFO - [2026-06-15T13:34:58.677+0000] {dagbag.py:545} INFO - Filling up the DagBag from /opt/airflow/dags/dag_01_hello_world.py
[2026-06-15T13:34:58.687+0000] {processor.py:840} INFO - DAG(s) '01_hello_world' retrieved from /opt/airflow/dags/dag_01_hello_world.py
[2026-06-15T13:34:58.733+0000] {logging_mixin.py:188} INFO - [2026-06-15T13:34:58.733+0000] {dag.py:3089} INFO - Sync 1 DAGs
[2026-06-15T13:34:58.751+0000] {logging_mixin.py:188} INFO - [2026-06-15T13:34:58.751+0000] {dag.py:3947} INFO - Setting next_dagrun for 01_hello_world to None, run_after=None
[2026-06-15T13:34:58.782+0000] {processor.py:183} INFO - Processing /opt/airflow/dags/dag_01_hello_world.py took 0.117 seconds
[2026-06-15T13:35:28.896+0000] {processor.py:161} INFO - Started process (PID=380) to work on /opt/airflow/dags/dag_01_hello_world.py
[2026-06-15T13:35:28.898+0000] {processor.py:830} INFO - Processing file /opt/airflow/dags/dag_01_hello_world.py for tasks to queue
[2026-06-15T13:35:28.900+0000] {logging_mixin.py:188} INFO - [2026-06-15T13:35:28.899+0000] {dagbag.py:545} INFO - Filling up the DagBag from /opt/airflow/dags/dag_01_hello_world.py
[2026-06-15T13:35:28.911+0000] {processor.py:840} INFO - DAG(s) '01_hello_world' retrieved from /opt/airflow/dags/dag_01_hello_world.py
[2026-06-15T13:35:28.964+0000] {logging_mixin.py:188} INFO - [2026-06-15T13:35:28.964+0000] {dag.py:3089} INFO - Sync 1 DAGs
[2026-06-15T13:35:28.987+0000] {logging_mixin.py:188} INFO - [2026-06-15T13:35:28.987+0000] {dag.py:3947} INFO - Setting next_dagrun for 01_hello_world to None, run_after=None
[2026-06-15T13:35:29.017+0000] {processor.py:183} INFO - Processing /opt/airflow/dags/dag_01_hello_world.py took 0.131 seconds
[2026-06-15T13:35:59.232+0000] {processor.py:161} INFO - Started process (PID=390) to work on /opt/airflow/dags/dag_01_hello_world.py
[2026-06-15T13:35:59.234+0000] {processor.py:830} INFO - Processing file /opt/airflow/dags/dag_01_hello_world.py for tasks to queue
[2026-06-15T13:35:59.235+0000] {logging_mixin.py:188} INFO - [2026-06-15T13:35:59.235+0000] {dagbag.py:545} INFO - Filling up the DagBag from /opt/airflow/dags/dag_01_hello_world.py
[2026-06-15T13:35:59.246+0000] {processor.py:840} INFO - DAG(s) '01_hello_world' retrieved from /opt/airflow/dags/dag_01_hello_world.py
[2026-06-15T13:35:59.292+0000] {logging_mixin.py:188} INFO - [2026-06-15T13:35:59.292+0000] {dag.py:3089} INFO - Sync 1 DAGs
[2026-06-15T13:35:59.310+0000] {logging_mixin.py:188} INFO - [2026-06-15T13:35:59.309+0000] {dag.py:3947} INFO - Setting next_dagrun for 01_hello_world to None, run_after=None
[2026-06-15T13:35:59.340+0000] {processor.py:183} INFO - Processing /opt/airflow/dags/dag_01_hello_world.py took 0.117 seconds
[2026-06-15T13:36:29.537+0000] {processor.py:161} INFO - Started process (PID=400) to work on /opt/airflow/dags/dag_01_hello_world.py
[2026-06-15T13:36:29.547+0000] {processor.py:830} INFO - Processing file /opt/airflow/dags/dag_01_hello_world.py for tasks to queue
[2026-06-15T13:36:29.551+0000] {logging_mixin.py:188} INFO - [2026-06-15T13:36:29.550+0000] {dagbag.py:545} INFO - Filling up the DagBag from /opt/airflow/dags/dag_01_hello_world.py
[2026-06-15T13:36:29.563+0000] {processor.py:840} INFO - DAG(s) '01_hello_world' retrieved from /opt/airflow/dags/dag_01_hello_world.py
[2026-06-15T13:36:29.611+0000] {logging_mixin.py:188} INFO - [2026-06-15T13:36:29.611+0000] {dag.py:3089} INFO - Sync 1 DAGs
[2026-06-15T13:36:29.632+0000] {logging_mixin.py:188} INFO - [2026-06-15T13:36:29.632+0000] {dag.py:3947} INFO - Setting next_dagrun for 01_hello_world to None, run_after=None
[2026-06-15T13:36:29.660+0000] {processor.py:183} INFO - Processing /opt/airflow/dags/dag_01_hello_world.py took 0.132 seconds
[2026-06-15T13:36:59.745+0000] {processor.py:161} INFO - Started process (PID=410) to work on /opt/airflow/dags/dag_01_hello_world.py
[2026-06-15T13:36:59.747+0000] {processor.py:830} INFO - Processing file /opt/airflow/dags/dag_01_hello_world.py for tasks to queue
[2026-06-15T13:36:59.751+0000] {logging_mixin.py:188} INFO - [2026-06-15T13:36:59.751+0000] {dagbag.py:545} INFO - Filling up the DagBag from /opt/airflow/dags/dag_01_hello_world.py
[2026-06-15T13:36:59.763+0000] {processor.py:840} INFO - DAG(s) '01_hello_world' retrieved from /opt/airflow/dags/dag_01_hello_world.py
[2026-06-15T13:36:59.811+0000] {logging_mixin.py:188} INFO - [2026-06-15T13:36:59.811+0000] {dag.py:3089} INFO - Sync 1 DAGs
[2026-06-15T13:36:59.835+0000] {logging_mixin.py:188} INFO - [2026-06-15T13:36:59.835+0000] {dag.py:3947} INFO - Setting next_dagrun for 01_hello_world to None, run_after=None
[2026-06-15T13:36:59.864+0000] {processor.py:183} INFO - Processing /opt/airflow/dags/dag_01_hello_world.py took 0.129 seconds
[2026-06-15T13:37:30.142+0000] {processor.py:161} INFO - Started process (PID=420) to work on /opt/airflow/dags/dag_01_hello_world.py
[2026-06-15T13:37:30.153+0000] {processor.py:830} INFO - Processing file /opt/airflow/dags/dag_01_hello_world.py for tasks to queue
[2026-06-15T13:37:30.156+0000] {logging_mixin.py:188} INFO - [2026-06-15T13:37:30.155+0000] {dagbag.py:545} INFO - Filling up the DagBag from /opt/airflow/dags/dag_01_hello_world.py
[2026-06-15T13:37:30.167+0000] {processor.py:840} INFO - DAG(s) '01_hello_world' retrieved from /opt/airflow/dags/dag_01_hello_world.py
[2026-06-15T13:37:30.215+0000] {logging_mixin.py:188} INFO - [2026-06-15T13:37:30.215+0000] {dag.py:3089} INFO - Sync 1 DAGs
[2026-06-15T13:37:30.237+0000] {logging_mixin.py:188} INFO - [2026-06-15T13:37:30.236+0000] {dag.py:3947} INFO - Setting next_dagrun for 01_hello_world to None, run_after=None
[2026-06-15T13:37:30.264+0000] {processor.py:183} INFO - Processing /opt/airflow/dags/dag_01_hello_world.py took 0.133 seconds
[2026-06-15T13:38:00.417+0000] {processor.py:161} INFO - Started process (PID=430) to work on /opt/airflow/dags/dag_01_hello_world.py
[2026-06-15T13:38:00.418+0000] {processor.py:830} INFO - Processing file /opt/airflow/dags/dag_01_hello_world.py for tasks to queue
[2026-06-15T13:38:00.420+0000] {logging_mixin.py:188} INFO - [2026-06-15T13:38:00.420+0000] {dagbag.py:545} INFO - Filling up the DagBag from /opt/airflow/dags/dag_01_hello_world.py
[2026-06-15T13:38:00.430+0000] {processor.py:840} INFO - DAG(s) '01_hello_world' retrieved from /opt/airflow/dags/dag_01_hello_world.py
[2026-06-15T13:38:00.479+0000] {logging_mixin.py:188} INFO - [2026-06-15T13:38:00.478+0000] {dag.py:3089} INFO - Sync 1 DAGs
[2026-06-15T13:38:00.499+0000] {logging_mixin.py:188} INFO - [2026-06-15T13:38:00.498+0000] {dag.py:3947} INFO - Setting next_dagrun for 01_hello_world to None, run_after=None
[2026-06-15T13:38:00.529+0000] {processor.py:183} INFO - Processing /opt/airflow/dags/dag_01_hello_world.py took 0.122 seconds
[2026-06-15T13:38:30.727+0000] {processor.py:161} INFO - Started process (PID=440) to work on /opt/airflow/dags/dag_01_hello_world.py
[2026-06-15T13:38:30.738+0000] {processor.py:830} INFO - Processing file /opt/airflow/dags/dag_01_hello_world.py for tasks to queue
[2026-06-15T13:38:30.741+0000] {logging_mixin.py:188} INFO - [2026-06-15T13:38:30.741+0000] {dagbag.py:545} INFO - Filling up the DagBag from /opt/airflow/dags/dag_01_hello_world.py
[2026-06-15T13:38:30.754+0000] {processor.py:840} INFO - DAG(s) '01_hello_world' retrieved from /opt/airflow/dags/dag_01_hello_world.py
[2026-06-15T13:38:30.806+0000] {logging_mixin.py:188} INFO - [2026-06-15T13:38:30.806+0000] {dag.py:3089} INFO - Sync 1 DAGs
[2026-06-15T13:38:30.824+0000] {logging_mixin.py:188} INFO - [2026-06-15T13:38:30.824+0000] {dag.py:3947} INFO - Setting next_dagrun for 01_hello_world to None, run_after=None
[2026-06-15T13:38:30.855+0000] {processor.py:183} INFO - Processing /opt/airflow/dags/dag_01_hello_world.py took 0.136 seconds
[2026-06-15T13:39:01.135+0000] {processor.py:161} INFO - Started process (PID=450) to work on /opt/airflow/dags/dag_01_hello_world.py
[2026-06-15T13:39:01.145+0000] {processor.py:830} INFO - Processing file /opt/airflow/dags/dag_01_hello_world.py for tasks to queue
[2026-06-15T13:39:01.148+0000] {logging_mixin.py:188} INFO - [2026-06-15T13:39:01.147+0000] {dagbag.py:545} INFO - Filling up the DagBag from /opt/airflow/dags/dag_01_hello_world.py
[2026-06-15T13:39:01.156+0000] {processor.py:840} INFO - DAG(s) '01_hello_world' retrieved from /opt/airflow/dags/dag_01_hello_world.py
[2026-06-15T13:39:01.203+0000] {logging_mixin.py:188} INFO - [2026-06-15T13:39:01.203+0000] {dag.py:3089} INFO - Sync 1 DAGs
[2026-06-15T13:39:01.223+0000] {logging_mixin.py:188} INFO - [2026-06-15T13:39:01.222+0000] {dag.py:3947} INFO - Setting next_dagrun for 01_hello_world to None, run_after=None
[2026-06-15T13:39:01.251+0000] {processor.py:183} INFO - Processing /opt/airflow/dags/dag_01_hello_world.py took 0.126 seconds
[2026-06-15T13:39:31.440+0000] {processor.py:161} INFO - Started process (PID=460) to work on /opt/airflow/dags/dag_01_hello_world.py
[2026-06-15T13:39:31.442+0000] {processor.py:830} INFO - Processing file /opt/airflow/dags/dag_01_hello_world.py for tasks to queue
[2026-06-15T13:39:31.445+0000] {logging_mixin.py:188} INFO - [2026-06-15T13:39:31.444+0000] {dagbag.py:545} INFO - Filling up the DagBag from /opt/airflow/dags/dag_01_hello_world.py
[2026-06-15T13:39:31.457+0000] {processor.py:840} INFO - DAG(s) '01_hello_world' retrieved from /opt/airflow/dags/dag_01_hello_world.py
[2026-06-15T13:39:31.508+0000] {logging_mixin.py:188} INFO - [2026-06-15T13:39:31.508+0000] {dag.py:3089} INFO - Sync 1 DAGs
[2026-06-15T13:39:31.528+0000] {logging_mixin.py:188} INFO - [2026-06-15T13:39:31.528+0000] {dag.py:3947} INFO - Setting next_dagrun for 01_hello_world to None, run_after=None
[2026-06-15T13:39:31.559+0000] {processor.py:183} INFO - Processing /opt/airflow/dags/dag_01_hello_world.py took 0.132 seconds
[2026-06-15T13:40:01.772+0000] {processor.py:161} INFO - Started process (PID=470) to work on /opt/airflow/dags/dag_01_hello_world.py
[2026-06-15T13:40:01.773+0000] {processor.py:830} INFO - Processing file /opt/airflow/dags/dag_01_hello_world.py for tasks to queue
[2026-06-15T13:40:01.776+0000] {logging_mixin.py:188} INFO - [2026-06-15T13:40:01.775+0000] {dagbag.py:545} INFO - Filling up the DagBag from /opt/airflow/dags/dag_01_hello_world.py
[2026-06-15T13:40:01.788+0000] {processor.py:840} INFO - DAG(s) '01_hello_world' retrieved from /opt/airflow/dags/dag_01_hello_world.py
[2026-06-15T13:40:01.839+0000] {logging_mixin.py:188} INFO - [2026-06-15T13:40:01.838+0000] {dag.py:3089} INFO - Sync 1 DAGs
[2026-06-15T13:40:01.858+0000] {logging_mixin.py:188} INFO - [2026-06-15T13:40:01.858+0000] {dag.py:3947} INFO - Setting next_dagrun for 01_hello_world to None, run_after=None
[2026-06-15T13:40:01.889+0000] {processor.py:183} INFO - Processing /opt/airflow/dags/dag_01_hello_world.py took 0.127 seconds
[2026-06-15T13:40:32.668+0000] {processor.py:161} INFO - Started process (PID=480) to work on /opt/airflow/dags/dag_01_hello_world.py
[2026-06-15T13:40:32.670+0000] {processor.py:830} INFO - Processing file /opt/airflow/dags/dag_01_hello_world.py for tasks to queue
[2026-06-15T13:40:32.674+0000] {logging_mixin.py:188} INFO - [2026-06-15T13:40:32.673+0000] {dagbag.py:545} INFO - Filling up the DagBag from /opt/airflow/dags/dag_01_hello_world.py
[2026-06-15T13:40:32.686+0000] {processor.py:840} INFO - DAG(s) '01_hello_world' retrieved from /opt/airflow/dags/dag_01_hello_world.py
[2026-06-15T13:40:32.737+0000] {logging_mixin.py:188} INFO - [2026-06-15T13:40:32.736+0000] {dag.py:3089} INFO - Sync 1 DAGs
[2026-06-15T13:40:32.759+0000] {logging_mixin.py:188} INFO - [2026-06-15T13:40:32.758+0000] {dag.py:3947} INFO - Setting next_dagrun for 01_hello_world to None, run_after=None
[2026-06-15T13:40:32.785+0000] {processor.py:183} INFO - Processing /opt/airflow/dags/dag_01_hello_world.py took 0.126 seconds
[2026-06-15T13:41:02.946+0000] {processor.py:161} INFO - Started process (PID=490) to work on /opt/airflow/dags/dag_01_hello_world.py
[2026-06-15T13:41:02.948+0000] {processor.py:830} INFO - Processing file /opt/airflow/dags/dag_01_hello_world.py for tasks to queue
[2026-06-15T13:41:02.951+0000] {logging_mixin.py:188} INFO - [2026-06-15T13:41:02.950+0000] {dagbag.py:545} INFO - Filling up the DagBag from /opt/airflow/dags/dag_01_hello_world.py
[2026-06-15T13:41:02.963+0000] {processor.py:840} INFO - DAG(s) '01_hello_world' retrieved from /opt/airflow/dags/dag_01_hello_world.py
[2026-06-15T13:41:03.017+0000] {logging_mixin.py:188} INFO - [2026-06-15T13:41:03.017+0000] {dag.py:3089} INFO - Sync 1 DAGs
[2026-06-15T13:41:03.040+0000] {logging_mixin.py:188} INFO - [2026-06-15T13:41:03.040+0000] {dag.py:3947} INFO - Setting next_dagrun for 01_hello_world to None, run_after=None
[2026-06-15T13:41:03.077+0000] {processor.py:183} INFO - Processing /opt/airflow/dags/dag_01_hello_world.py took 0.139 seconds
[2026-06-15T13:41:33.314+0000] {processor.py:161} INFO - Started process (PID=500) to work on /opt/airflow/dags/dag_01_hello_world.py
[2026-06-15T13:41:33.317+0000] {processor.py:830} INFO - Processing file /opt/airflow/dags/dag_01_hello_world.py for tasks to queue
[2026-06-15T13:41:33.322+0000] {logging_mixin.py:188} INFO - [2026-06-15T13:41:33.321+0000] {dagbag.py:545} INFO - Filling up the DagBag from /opt/airflow/dags/dag_01_hello_world.py
[2026-06-15T13:41:33.336+0000] {processor.py:840} INFO - DAG(s) '01_hello_world' retrieved from /opt/airflow/dags/dag_01_hello_world.py
[2026-06-15T13:41:33.404+0000] {logging_mixin.py:188} INFO - [2026-06-15T13:41:33.403+0000] {dag.py:3089} INFO - Sync 1 DAGs
[2026-06-15T13:41:33.424+0000] {logging_mixin.py:188} INFO - [2026-06-15T13:41:33.424+0000] {dag.py:3947} INFO - Setting next_dagrun for 01_hello_world to None, run_after=None
[2026-06-15T13:41:33.453+0000] {processor.py:183} INFO - Processing /opt/airflow/dags/dag_01_hello_world.py took 0.156 seconds
[2026-06-15T13:42:03.636+0000] {processor.py:161} INFO - Started process (PID=510) to work on /opt/airflow/dags/dag_01_hello_world.py
[2026-06-15T13:42:03.637+0000] {processor.py:830} INFO - Processing file /opt/airflow/dags/dag_01_hello_world.py for tasks to queue
[2026-06-15T13:42:03.640+0000] {logging_mixin.py:188} INFO - [2026-06-15T13:42:03.639+0000] {dagbag.py:545} INFO - Filling up the DagBag from /opt/airflow/dags/dag_01_hello_world.py
[2026-06-15T13:42:03.653+0000] {processor.py:840} INFO - DAG(s) '01_hello_world' retrieved from /opt/airflow/dags/dag_01_hello_world.py
[2026-06-15T13:42:03.705+0000] {logging_mixin.py:188} INFO - [2026-06-15T13:42:03.704+0000] {dag.py:3089} INFO - Sync 1 DAGs
[2026-06-15T13:42:03.725+0000] {logging_mixin.py:188} INFO - [2026-06-15T13:42:03.725+0000] {dag.py:3947} INFO - Setting next_dagrun for 01_hello_world to None, run_after=None
[2026-06-15T13:42:03.754+0000] {processor.py:183} INFO - Processing /opt/airflow/dags/dag_01_hello_world.py took 0.130 seconds
[2026-06-15T13:42:34.027+0000] {processor.py:161} INFO - Started process (PID=520) to work on /opt/airflow/dags/dag_01_hello_world.py
[2026-06-15T13:42:34.037+0000] {processor.py:830} INFO - Processing file /opt/airflow/dags/dag_01_hello_world.py for tasks to queue
[2026-06-15T13:42:34.040+0000] {logging_mixin.py:188} INFO - [2026-06-15T13:42:34.039+0000] {dagbag.py:545} INFO - Filling up the DagBag from /opt/airflow/dags/dag_01_hello_world.py
[2026-06-15T13:42:34.051+0000] {processor.py:840} INFO - DAG(s) '01_hello_world' retrieved from /opt/airflow/dags/dag_01_hello_world.py
[2026-06-15T13:42:34.096+0000] {logging_mixin.py:188} INFO - [2026-06-15T13:42:34.096+0000] {dag.py:3089} INFO - Sync 1 DAGs
[2026-06-15T13:42:34.113+0000] {logging_mixin.py:188} INFO - [2026-06-15T13:42:34.113+0000] {dag.py:3947} INFO - Setting next_dagrun for 01_hello_world to None, run_after=None
[2026-06-15T13:42:34.140+0000] {processor.py:183} INFO - Processing /opt/airflow/dags/dag_01_hello_world.py took 0.122 seconds
[2026-06-15T13:43:04.280+0000] {processor.py:161} INFO - Started process (PID=530) to work on /opt/airflow/dags/dag_01_hello_world.py
[2026-06-15T13:43:04.290+0000] {processor.py:830} INFO - Processing file /opt/airflow/dags/dag_01_hello_world.py for tasks to queue
[2026-06-15T13:43:04.293+0000] {logging_mixin.py:188} INFO - [2026-06-15T13:43:04.292+0000] {dagbag.py:545} INFO - Filling up the DagBag from /opt/airflow/dags/dag_01_hello_world.py
[2026-06-15T13:43:04.306+0000] {processor.py:840} INFO - DAG(s) '01_hello_world' retrieved from /opt/airflow/dags/dag_01_hello_world.py
[2026-06-15T13:43:04.358+0000] {logging_mixin.py:188} INFO - [2026-06-15T13:43:04.357+0000] {dag.py:3089} INFO - Sync 1 DAGs
[2026-06-15T13:43:04.380+0000] {logging_mixin.py:188} INFO - [2026-06-15T13:43:04.379+0000] {dag.py:3947} INFO - Setting next_dagrun for 01_hello_world to None, run_after=None
[2026-06-15T13:43:04.410+0000] {processor.py:183} INFO - Processing /opt/airflow/dags/dag_01_hello_world.py took 0.141 seconds
[2026-06-15T13:43:34.556+0000] {processor.py:161} INFO - Started process (PID=540) to work on /opt/airflow/dags/dag_01_hello_world.py
[2026-06-15T13:43:34.566+0000] {processor.py:830} INFO - Processing file /opt/airflow/dags/dag_01_hello_world.py for tasks to queue
[2026-06-15T13:43:34.568+0000] {logging_mixin.py:188} INFO - [2026-06-15T13:43:34.568+0000] {dagbag.py:545} INFO - Filling up the DagBag from /opt/airflow/dags/dag_01_hello_world.py
[2026-06-15T13:43:34.577+0000] {processor.py:840} INFO - DAG(s) '01_hello_world' retrieved from /opt/airflow/dags/dag_01_hello_world.py
[2026-06-15T13:43:34.621+0000] {logging_mixin.py:188} INFO - [2026-06-15T13:43:34.621+0000] {dag.py:3089} INFO - Sync 1 DAGs
[2026-06-15T13:43:34.637+0000] {logging_mixin.py:188} INFO - [2026-06-15T13:43:34.637+0000] {dag.py:3947} INFO - Setting next_dagrun for 01_hello_world to None, run_after=None
[2026-06-15T13:43:34.666+0000] {processor.py:183} INFO - Processing /opt/airflow/dags/dag_01_hello_world.py took 0.119 seconds
[2026-06-15T13:44:04.842+0000] {processor.py:161} INFO - Started process (PID=550) to work on /opt/airflow/dags/dag_01_hello_world.py
[2026-06-15T13:44:04.843+0000] {processor.py:830} INFO - Processing file /opt/airflow/dags/dag_01_hello_world.py for tasks to queue
[2026-06-15T13:44:04.846+0000] {logging_mixin.py:188} INFO - [2026-06-15T13:44:04.846+0000] {dagbag.py:545} INFO - Filling up the DagBag from /opt/airflow/dags/dag_01_hello_world.py
[2026-06-15T13:44:04.855+0000] {processor.py:840} INFO - DAG(s) '01_hello_world' retrieved from /opt/airflow/dags/dag_01_hello_world.py
[2026-06-15T13:44:04.904+0000] {logging_mixin.py:188} INFO - [2026-06-15T13:44:04.904+0000] {dag.py:3089} INFO - Sync 1 DAGs
[2026-06-15T13:44:04.922+0000] {logging_mixin.py:188} INFO - [2026-06-15T13:44:04.921+0000] {dag.py:3947} INFO - Setting next_dagrun for 01_hello_world to None, run_after=None
[2026-06-15T13:44:04.954+0000] {processor.py:183} INFO - Processing /opt/airflow/dags/dag_01_hello_world.py took 0.120 seconds
[2026-06-15T13:46:09.491+0000] {processor.py:161} INFO - Started process (PID=186) to work on /opt/airflow/dags/dag_01_hello_world.py
[2026-06-15T13:46:09.493+0000] {processor.py:830} INFO - Processing file /opt/airflow/dags/dag_01_hello_world.py for tasks to queue
[2026-06-15T13:46:09.496+0000] {logging_mixin.py:188} INFO - [2026-06-15T13:46:09.496+0000] {dagbag.py:545} INFO - Filling up the DagBag from /opt/airflow/dags/dag_01_hello_world.py
[2026-06-15T13:46:09.517+0000] {processor.py:840} INFO - DAG(s) '01_hello_world' retrieved from /opt/airflow/dags/dag_01_hello_world.py
[2026-06-15T13:46:09.983+0000] {logging_mixin.py:188} INFO - [2026-06-15T13:46:09.982+0000] {override.py:1858} INFO - Created Permission View: can read on DAG:01_hello_world
[2026-06-15T13:46:10.004+0000] {logging_mixin.py:188} INFO - [2026-06-15T13:46:10.004+0000] {override.py:1858} INFO - Created Permission View: can delete on DAG:01_hello_world
[2026-06-15T13:46:10.019+0000] {logging_mixin.py:188} INFO - [2026-06-15T13:46:10.018+0000] {override.py:1858} INFO - Created Permission View: can edit on DAG:01_hello_world
[2026-06-15T13:46:10.020+0000] {logging_mixin.py:188} INFO - [2026-06-15T13:46:10.020+0000] {dag.py:3089} INFO - Sync 1 DAGs
[2026-06-15T13:46:10.055+0000] {logging_mixin.py:188} INFO - [2026-06-15T13:46:10.055+0000] {dag.py:3111} INFO - Creating ORM DAG for 01_hello_world
[2026-06-15T13:46:10.057+0000] {logging_mixin.py:188} INFO - [2026-06-15T13:46:10.056+0000] {dag.py:3947} INFO - Setting next_dagrun for 01_hello_world to None, run_after=None
[2026-06-15T13:46:10.125+0000] {processor.py:183} INFO - Processing /opt/airflow/dags/dag_01_hello_world.py took 0.646 seconds
[2026-06-15T13:46:40.294+0000] {processor.py:161} INFO - Started process (PID=196) to work on /opt/airflow/dags/dag_01_hello_world.py
[2026-06-15T13:46:40.296+0000] {processor.py:830} INFO - Processing file /opt/airflow/dags/dag_01_hello_world.py for tasks to queue
[2026-06-15T13:46:40.303+0000] {logging_mixin.py:188} INFO - [2026-06-15T13:46:40.302+0000] {dagbag.py:545} INFO - Filling up the DagBag from /opt/airflow/dags/dag_01_hello_world.py
[2026-06-15T13:46:40.321+0000] {processor.py:840} INFO - DAG(s) '01_hello_world' retrieved from /opt/airflow/dags/dag_01_hello_world.py
[2026-06-15T13:46:40.394+0000] {logging_mixin.py:188} INFO - [2026-06-15T13:46:40.394+0000] {dag.py:3089} INFO - Sync 1 DAGs
[2026-06-15T13:46:40.424+0000] {logging_mixin.py:188} INFO - [2026-06-15T13:46:40.424+0000] {dag.py:3947} INFO - Setting next_dagrun for 01_hello_world to None, run_after=None
[2026-06-15T13:46:40.462+0000] {processor.py:183} INFO - Processing /opt/airflow/dags/dag_01_hello_world.py took 0.183 seconds
[2026-06-15T13:47:10.635+0000] {processor.py:161} INFO - Started process (PID=206) to work on /opt/airflow/dags/dag_01_hello_world.py
[2026-06-15T13:47:10.638+0000] {processor.py:830} INFO - Processing file /opt/airflow/dags/dag_01_hello_world.py for tasks to queue
[2026-06-15T13:47:10.643+0000] {logging_mixin.py:188} INFO - [2026-06-15T13:47:10.642+0000] {dagbag.py:545} INFO - Filling up the DagBag from /opt/airflow/dags/dag_01_hello_world.py
[2026-06-15T13:47:10.667+0000] {processor.py:840} INFO - DAG(s) '01_hello_world' retrieved from /opt/airflow/dags/dag_01_hello_world.py
[2026-06-15T13:47:10.757+0000] {logging_mixin.py:188} INFO - [2026-06-15T13:47:10.754+0000] {dag.py:3089} INFO - Sync 1 DAGs
[2026-06-15T13:47:10.791+0000] {logging_mixin.py:188} INFO - [2026-06-15T13:47:10.791+0000] {dag.py:3947} INFO - Setting next_dagrun for 01_hello_world to None, run_after=None
[2026-06-15T13:47:10.851+0000] {processor.py:183} INFO - Processing /opt/airflow/dags/dag_01_hello_world.py took 0.238 seconds
[2026-06-15T13:47:40.957+0000] {processor.py:161} INFO - Started process (PID=216) to work on /opt/airflow/dags/dag_01_hello_world.py
[2026-06-15T13:47:40.959+0000] {processor.py:830} INFO - Processing file /opt/airflow/dags/dag_01_hello_world.py for tasks to queue
[2026-06-15T13:47:40.962+0000] {logging_mixin.py:188} INFO - [2026-06-15T13:47:40.962+0000] {dagbag.py:545} INFO - Filling up the DagBag from /opt/airflow/dags/dag_01_hello_world.py
[2026-06-15T13:47:40.977+0000] {processor.py:840} INFO - DAG(s) '01_hello_world' retrieved from /opt/airflow/dags/dag_01_hello_world.py
[2026-06-15T13:47:41.053+0000] {logging_mixin.py:188} INFO - [2026-06-15T13:47:41.052+0000] {dag.py:3089} INFO - Sync 1 DAGs
[2026-06-15T13:47:41.079+0000] {logging_mixin.py:188} INFO - [2026-06-15T13:47:41.079+0000] {dag.py:3947} INFO - Setting next_dagrun for 01_hello_world to None, run_after=None
[2026-06-15T13:47:41.110+0000] {processor.py:183} INFO - Processing /opt/airflow/dags/dag_01_hello_world.py took 0.167 seconds
[2026-06-15T13:48:11.230+0000] {processor.py:161} INFO - Started process (PID=228) to work on /opt/airflow/dags/dag_01_hello_world.py
[2026-06-15T13:48:11.232+0000] {processor.py:830} INFO - Processing file /opt/airflow/dags/dag_01_hello_world.py for tasks to queue
[2026-06-15T13:48:11.239+0000] {logging_mixin.py:188} INFO - [2026-06-15T13:48:11.236+0000] {dagbag.py:545} INFO - Filling up the DagBag from /opt/airflow/dags/dag_01_hello_world.py
[2026-06-15T13:48:11.257+0000] {processor.py:840} INFO - DAG(s) '01_hello_world' retrieved from /opt/airflow/dags/dag_01_hello_world.py
[2026-06-15T13:48:11.315+0000] {logging_mixin.py:188} INFO - [2026-06-15T13:48:11.315+0000] {dag.py:3089} INFO - Sync 1 DAGs
[2026-06-15T13:48:11.337+0000] {logging_mixin.py:188} INFO - [2026-06-15T13:48:11.336+0000] {dag.py:3947} INFO - Setting next_dagrun for 01_hello_world to None, run_after=None
[2026-06-15T13:48:11.368+0000] {processor.py:183} INFO - Processing /opt/airflow/dags/dag_01_hello_world.py took 0.154 seconds
[2026-06-15T13:48:41.549+0000] {processor.py:161} INFO - Started process (PID=238) to work on /opt/airflow/dags/dag_01_hello_world.py
[2026-06-15T13:48:41.550+0000] {processor.py:830} INFO - Processing file /opt/airflow/dags/dag_01_hello_world.py for tasks to queue
[2026-06-15T13:48:41.553+0000] {logging_mixin.py:188} INFO - [2026-06-15T13:48:41.552+0000] {dagbag.py:545} INFO - Filling up the DagBag from /opt/airflow/dags/dag_01_hello_world.py
[2026-06-15T13:48:41.566+0000] {processor.py:840} INFO - DAG(s) '01_hello_world' retrieved from /opt/airflow/dags/dag_01_hello_world.py
[2026-06-15T13:48:41.627+0000] {logging_mixin.py:188} INFO - [2026-06-15T13:48:41.627+0000] {dag.py:3089} INFO - Sync 1 DAGs
[2026-06-15T13:48:41.651+0000] {logging_mixin.py:188} INFO - [2026-06-15T13:48:41.650+0000] {dag.py:3947} INFO - Setting next_dagrun for 01_hello_world to None, run_after=None
[2026-06-15T13:48:41.689+0000] {processor.py:183} INFO - Processing /opt/airflow/dags/dag_01_hello_world.py took 0.151 seconds
[2026-06-15T13:49:11.835+0000] {processor.py:161} INFO - Started process (PID=248) to work on /opt/airflow/dags/dag_01_hello_world.py
[2026-06-15T13:49:11.837+0000] {processor.py:830} INFO - Processing file /opt/airflow/dags/dag_01_hello_world.py for tasks to queue
[2026-06-15T13:49:11.842+0000] {logging_mixin.py:188} INFO - [2026-06-15T13:49:11.842+0000] {dagbag.py:545} INFO - Filling up the DagBag from /opt/airflow/dags/dag_01_hello_world.py
[2026-06-15T13:49:11.860+0000] {processor.py:840} INFO - DAG(s) '01_hello_world' retrieved from /opt/airflow/dags/dag_01_hello_world.py
[2026-06-15T13:49:11.914+0000] {logging_mixin.py:188} INFO - [2026-06-15T13:49:11.913+0000] {dag.py:3089} INFO - Sync 1 DAGs
[2026-06-15T13:49:11.936+0000] {logging_mixin.py:188} INFO - [2026-06-15T13:49:11.936+0000] {dag.py:3947} INFO - Setting next_dagrun for 01_hello_world to None, run_after=None
[2026-06-15T13:49:11.966+0000] {processor.py:183} INFO - Processing /opt/airflow/dags/dag_01_hello_world.py took 0.145 seconds
[2026-06-15T13:49:42.101+0000] {processor.py:161} INFO - Started process (PID=258) to work on /opt/airflow/dags/dag_01_hello_world.py
[2026-06-15T13:49:42.103+0000] {processor.py:830} INFO - Processing file /opt/airflow/dags/dag_01_hello_world.py for tasks to queue
[2026-06-15T13:49:42.107+0000] {logging_mixin.py:188} INFO - [2026-06-15T13:49:42.106+0000] {dagbag.py:545} INFO - Filling up the DagBag from /opt/airflow/dags/dag_01_hello_world.py
[2026-06-15T13:49:42.122+0000] {processor.py:840} INFO - DAG(s) '01_hello_world' retrieved from /opt/airflow/dags/dag_01_hello_world.py
[2026-06-15T13:49:42.182+0000] {logging_mixin.py:188} INFO - [2026-06-15T13:49:42.181+0000] {dag.py:3089} INFO - Sync 1 DAGs
[2026-06-15T13:49:42.207+0000] {logging_mixin.py:188} INFO - [2026-06-15T13:49:42.206+0000] {dag.py:3947} INFO - Setting next_dagrun for 01_hello_world to None, run_after=None
[2026-06-15T13:49:42.241+0000] {processor.py:183} INFO - Processing /opt/airflow/dags/dag_01_hello_world.py took 0.154 seconds
[2026-06-15T13:50:12.379+0000] {processor.py:161} INFO - Started process (PID=268) to work on /opt/airflow/dags/dag_01_hello_world.py
[2026-06-15T13:50:12.385+0000] {processor.py:830} INFO - Processing file /opt/airflow/dags/dag_01_hello_world.py for tasks to queue
[2026-06-15T13:50:12.388+0000] {logging_mixin.py:188} INFO - [2026-06-15T13:50:12.388+0000] {dagbag.py:545} INFO - Filling up the DagBag from /opt/airflow/dags/dag_01_hello_world.py
[2026-06-15T13:50:12.403+0000] {processor.py:840} INFO - DAG(s) '01_hello_world' retrieved from /opt/airflow/dags/dag_01_hello_world.py
[2026-06-15T13:50:12.462+0000] {logging_mixin.py:188} INFO - [2026-06-15T13:50:12.462+0000] {dag.py:3089} INFO - Sync 1 DAGs
[2026-06-15T13:50:12.488+0000] {logging_mixin.py:188} INFO - [2026-06-15T13:50:12.487+0000] {dag.py:3947} INFO - Setting next_dagrun for 01_hello_world to None, run_after=None
[2026-06-15T13:50:12.522+0000] {processor.py:183} INFO - Processing /opt/airflow/dags/dag_01_hello_world.py took 0.155 seconds
[2026-06-15T13:50:42.594+0000] {processor.py:161} INFO - Started process (PID=278) to work on /opt/airflow/dags/dag_01_hello_world.py
[2026-06-15T13:50:42.597+0000] {processor.py:830} INFO - Processing file /opt/airflow/dags/dag_01_hello_world.py for tasks to queue
[2026-06-15T13:50:42.600+0000] {logging_mixin.py:188} INFO - [2026-06-15T13:50:42.600+0000] {dagbag.py:545} INFO - Filling up the DagBag from /opt/airflow/dags/dag_01_hello_world.py
[2026-06-15T13:50:42.619+0000] {processor.py:840} INFO - DAG(s) '01_hello_world' retrieved from /opt/airflow/dags/dag_01_hello_world.py
[2026-06-15T13:50:42.685+0000] {logging_mixin.py:188} INFO - [2026-06-15T13:50:42.685+0000] {dag.py:3089} INFO - Sync 1 DAGs
[2026-06-15T13:50:42.716+0000] {logging_mixin.py:188} INFO - [2026-06-15T13:50:42.716+0000] {dag.py:3947} INFO - Setting next_dagrun for 01_hello_world to None, run_after=None
[2026-06-15T13:50:42.751+0000] {processor.py:183} INFO - Processing /opt/airflow/dags/dag_01_hello_world.py took 0.171 seconds
[2026-06-15T13:51:13.716+0000] {processor.py:161} INFO - Started process (PID=288) to work on /opt/airflow/dags/dag_01_hello_world.py
[2026-06-15T13:51:13.718+0000] {processor.py:830} INFO - Processing file /opt/airflow/dags/dag_01_hello_world.py for tasks to queue
[2026-06-15T13:51:13.722+0000] {logging_mixin.py:188} INFO - [2026-06-15T13:51:13.721+0000] {dagbag.py:545} INFO - Filling up the DagBag from /opt/airflow/dags/dag_01_hello_world.py
[2026-06-15T13:51:13.737+0000] {processor.py:840} INFO - DAG(s) '01_hello_world' retrieved from /opt/airflow/dags/dag_01_hello_world.py
[2026-06-15T13:51:13.803+0000] {logging_mixin.py:188} INFO - [2026-06-15T13:51:13.803+0000] {dag.py:3089} INFO - Sync 1 DAGs
[2026-06-15T13:51:13.830+0000] {logging_mixin.py:188} INFO - [2026-06-15T13:51:13.830+0000] {dag.py:3947} INFO - Setting next_dagrun for 01_hello_world to None, run_after=None
[2026-06-15T13:51:13.864+0000] {processor.py:183} INFO - Processing /opt/airflow/dags/dag_01_hello_world.py took 0.161 seconds
[2026-06-15T13:51:44.048+0000] {processor.py:161} INFO - Started process (PID=298) to work on /opt/airflow/dags/dag_01_hello_world.py
[2026-06-15T13:51:44.050+0000] {processor.py:830} INFO - Processing file /opt/airflow/dags/dag_01_hello_world.py for tasks to queue
[2026-06-15T13:51:44.056+0000] {logging_mixin.py:188} INFO - [2026-06-15T13:51:44.055+0000] {dagbag.py:545} INFO - Filling up the DagBag from /opt/airflow/dags/dag_01_hello_world.py
[2026-06-15T13:51:44.081+0000] {processor.py:840} INFO - DAG(s) '01_hello_world' retrieved from /opt/airflow/dags/dag_01_hello_world.py
[2026-06-15T13:51:44.160+0000] {logging_mixin.py:188} INFO - [2026-06-15T13:51:44.159+0000] {dag.py:3089} INFO - Sync 1 DAGs
[2026-06-15T13:51:44.181+0000] {logging_mixin.py:188} INFO - [2026-06-15T13:51:44.181+0000] {dag.py:3947} INFO - Setting next_dagrun for 01_hello_world to None, run_after=None
[2026-06-15T13:51:44.212+0000] {processor.py:183} INFO - Processing /opt/airflow/dags/dag_01_hello_world.py took 0.182 seconds
[2026-06-15T13:52:14.345+0000] {processor.py:161} INFO - Started process (PID=308) to work on /opt/airflow/dags/dag_01_hello_world.py
[2026-06-15T13:52:14.348+0000] {processor.py:830} INFO - Processing file /opt/airflow/dags/dag_01_hello_world.py for tasks to queue
[2026-06-15T13:52:14.352+0000] {logging_mixin.py:188} INFO - [2026-06-15T13:52:14.351+0000] {dagbag.py:545} INFO - Filling up the DagBag from /opt/airflow/dags/dag_01_hello_world.py
[2026-06-15T13:52:14.368+0000] {processor.py:840} INFO - DAG(s) '01_hello_world' retrieved from /opt/airflow/dags/dag_01_hello_world.py
[2026-06-15T13:52:14.430+0000] {logging_mixin.py:188} INFO - [2026-06-15T13:52:14.430+0000] {dag.py:3089} INFO - Sync 1 DAGs
[2026-06-15T13:52:14.454+0000] {logging_mixin.py:188} INFO - [2026-06-15T13:52:14.454+0000] {dag.py:3947} INFO - Setting next_dagrun for 01_hello_world to None, run_after=None
[2026-06-15T13:52:14.487+0000] {processor.py:183} INFO - Processing /opt/airflow/dags/dag_01_hello_world.py took 0.156 seconds
[2026-06-15T13:52:44.577+0000] {processor.py:161} INFO - Started process (PID=318) to work on /opt/airflow/dags/dag_01_hello_world.py
[2026-06-15T13:52:44.579+0000] {processor.py:830} INFO - Processing file /opt/airflow/dags/dag_01_hello_world.py for tasks to queue
[2026-06-15T13:52:44.583+0000] {logging_mixin.py:188} INFO - [2026-06-15T13:52:44.582+0000] {dagbag.py:545} INFO - Filling up the DagBag from /opt/airflow/dags/dag_01_hello_world.py
[2026-06-15T13:52:44.600+0000] {processor.py:840} INFO - DAG(s) '01_hello_world' retrieved from /opt/airflow/dags/dag_01_hello_world.py
[2026-06-15T13:52:44.668+0000] {logging_mixin.py:188} INFO - [2026-06-15T13:52:44.667+0000] {dag.py:3089} INFO - Sync 1 DAGs
[2026-06-15T13:52:44.697+0000] {logging_mixin.py:188} INFO - [2026-06-15T13:52:44.696+0000] {dag.py:3947} INFO - Setting next_dagrun for 01_hello_world to None, run_after=None
[2026-06-15T13:52:44.733+0000] {processor.py:183} INFO - Processing /opt/airflow/dags/dag_01_hello_world.py took 0.171 seconds
[2026-06-15T13:53:14.882+0000] {processor.py:161} INFO - Started process (PID=328) to work on /opt/airflow/dags/dag_01_hello_world.py
[2026-06-15T13:53:14.885+0000] {processor.py:830} INFO - Processing file /opt/airflow/dags/dag_01_hello_world.py for tasks to queue
[2026-06-15T13:53:14.891+0000] {logging_mixin.py:188} INFO - [2026-06-15T13:53:14.890+0000] {dagbag.py:545} INFO - Filling up the DagBag from /opt/airflow/dags/dag_01_hello_world.py
[2026-06-15T13:53:14.909+0000] {processor.py:840} INFO - DAG(s) '01_hello_world' retrieved from /opt/airflow/dags/dag_01_hello_world.py
[2026-06-15T13:53:14.980+0000] {logging_mixin.py:188} INFO - [2026-06-15T13:53:14.980+0000] {dag.py:3089} INFO - Sync 1 DAGs
[2026-06-15T13:53:15.019+0000] {logging_mixin.py:188} INFO - [2026-06-15T13:53:15.018+0000] {dag.py:3947} INFO - Setting next_dagrun for 01_hello_world to None, run_after=None
[2026-06-15T13:53:15.078+0000] {processor.py:183} INFO - Processing /opt/airflow/dags/dag_01_hello_world.py took 0.209 seconds
[2026-06-15T13:53:45.307+0000] {processor.py:161} INFO - Started process (PID=338) to work on /opt/airflow/dags/dag_01_hello_world.py
[2026-06-15T13:53:45.309+0000] {processor.py:830} INFO - Processing file /opt/airflow/dags/dag_01_hello_world.py for tasks to queue
[2026-06-15T13:53:45.312+0000] {logging_mixin.py:188} INFO - [2026-06-15T13:53:45.311+0000] {dagbag.py:545} INFO - Filling up the DagBag from /opt/airflow/dags/dag_01_hello_world.py
[2026-06-15T13:53:45.325+0000] {processor.py:840} INFO - DAG(s) '01_hello_world' retrieved from /opt/airflow/dags/dag_01_hello_world.py
[2026-06-15T13:53:45.383+0000] {logging_mixin.py:188} INFO - [2026-06-15T13:53:45.382+0000] {dag.py:3089} INFO - Sync 1 DAGs
[2026-06-15T13:53:45.408+0000] {logging_mixin.py:188} INFO - [2026-06-15T13:53:45.408+0000] {dag.py:3947} INFO - Setting next_dagrun for 01_hello_world to None, run_after=None
[2026-06-15T13:53:45.441+0000] {processor.py:183} INFO - Processing /opt/airflow/dags/dag_01_hello_world.py took 0.145 seconds
[2026-06-15T13:54:15.568+0000] {processor.py:161} INFO - Started process (PID=348) to work on /opt/airflow/dags/dag_01_hello_world.py
[2026-06-15T13:54:15.570+0000] {processor.py:830} INFO - Processing file /opt/airflow/dags/dag_01_hello_world.py for tasks to queue
[2026-06-15T13:54:15.576+0000] {logging_mixin.py:188} INFO - [2026-06-15T13:54:15.574+0000] {dagbag.py:545} INFO - Filling up the DagBag from /opt/airflow/dags/dag_01_hello_world.py
[2026-06-15T13:54:15.590+0000] {processor.py:840} INFO - DAG(s) '01_hello_world' retrieved from /opt/airflow/dags/dag_01_hello_world.py
[2026-06-15T13:54:15.654+0000] {logging_mixin.py:188} INFO - [2026-06-15T13:54:15.653+0000] {dag.py:3089} INFO - Sync 1 DAGs
[2026-06-15T13:54:15.677+0000] {logging_mixin.py:188} INFO - [2026-06-15T13:54:15.676+0000] {dag.py:3947} INFO - Setting next_dagrun for 01_hello_world to None, run_after=None
[2026-06-15T13:54:15.712+0000] {processor.py:183} INFO - Processing /opt/airflow/dags/dag_01_hello_world.py took 0.155 seconds
[2026-06-15T13:54:45.785+0000] {processor.py:161} INFO - Started process (PID=358) to work on /opt/airflow/dags/dag_01_hello_world.py
[2026-06-15T13:54:45.787+0000] {processor.py:830} INFO - Processing file /opt/airflow/dags/dag_01_hello_world.py for tasks to queue
[2026-06-15T13:54:45.790+0000] {logging_mixin.py:188} INFO - [2026-06-15T13:54:45.790+0000] {dagbag.py:545} INFO - Filling up the DagBag from /opt/airflow/dags/dag_01_hello_world.py
[2026-06-15T13:54:45.803+0000] {processor.py:840} INFO - DAG(s) '01_hello_world' retrieved from /opt/airflow/dags/dag_01_hello_world.py
[2026-06-15T13:54:45.858+0000] {logging_mixin.py:188} INFO - [2026-06-15T13:54:45.858+0000] {dag.py:3089} INFO - Sync 1 DAGs
[2026-06-15T13:54:45.883+0000] {logging_mixin.py:188} INFO - [2026-06-15T13:54:45.883+0000] {dag.py:3947} INFO - Setting next_dagrun for 01_hello_world to None, run_after=None
[2026-06-15T13:54:45.916+0000] {processor.py:183} INFO - Processing /opt/airflow/dags/dag_01_hello_world.py took 0.141 seconds
[2026-06-15T13:55:16.029+0000] {processor.py:161} INFO - Started process (PID=368) to work on /opt/airflow/dags/dag_01_hello_world.py
[2026-06-15T13:55:16.031+0000] {processor.py:830} INFO - Processing file /opt/airflow/dags/dag_01_hello_world.py for tasks to queue
[2026-06-15T13:55:16.035+0000] {logging_mixin.py:188} INFO - [2026-06-15T13:55:16.034+0000] {dagbag.py:545} INFO - Filling up the DagBag from /opt/airflow/dags/dag_01_hello_world.py
[2026-06-15T13:55:16.049+0000] {processor.py:840} INFO - DAG(s) '01_hello_world' retrieved from /opt/airflow/dags/dag_01_hello_world.py
[2026-06-15T13:55:16.126+0000] {logging_mixin.py:188} INFO - [2026-06-15T13:55:16.126+0000] {dag.py:3089} INFO - Sync 1 DAGs
[2026-06-15T13:55:16.153+0000] {logging_mixin.py:188} INFO - [2026-06-15T13:55:16.152+0000] {dag.py:3947} INFO - Setting next_dagrun for 01_hello_world to None, run_after=None
[2026-06-15T13:55:16.186+0000] {processor.py:183} INFO - Processing /opt/airflow/dags/dag_01_hello_world.py took 0.171 seconds
[2026-06-15T13:55:46.304+0000] {processor.py:161} INFO - Started process (PID=378) to work on /opt/airflow/dags/dag_01_hello_world.py
[2026-06-15T13:55:46.306+0000] {processor.py:830} INFO - Processing file /opt/airflow/dags/dag_01_hello_world.py for tasks to queue
[2026-06-15T13:55:46.309+0000] {logging_mixin.py:188} INFO - [2026-06-15T13:55:46.309+0000] {dagbag.py:545} INFO - Filling up the DagBag from /opt/airflow/dags/dag_01_hello_world.py
[2026-06-15T13:55:46.324+0000] {processor.py:840} INFO - DAG(s) '01_hello_world' retrieved from /opt/airflow/dags/dag_01_hello_world.py
[2026-06-15T13:55:46.387+0000] {logging_mixin.py:188} INFO - [2026-06-15T13:55:46.386+0000] {dag.py:3089} INFO - Sync 1 DAGs
[2026-06-15T13:55:46.412+0000] {logging_mixin.py:188} INFO - [2026-06-15T13:55:46.411+0000] {dag.py:3947} INFO - Setting next_dagrun for 01_hello_world to None, run_after=None
[2026-06-15T13:55:46.444+0000] {processor.py:183} INFO - Processing /opt/airflow/dags/dag_01_hello_world.py took 0.153 seconds
[2026-06-15T13:56:16.638+0000] {processor.py:161} INFO - Started process (PID=393) to work on /opt/airflow/dags/dag_01_hello_world.py
[2026-06-15T13:56:16.640+0000] {processor.py:830} INFO - Processing file /opt/airflow/dags/dag_01_hello_world.py for tasks to queue
[2026-06-15T13:56:16.643+0000] {logging_mixin.py:188} INFO - [2026-06-15T13:56:16.642+0000] {dagbag.py:545} INFO - Filling up the DagBag from /opt/airflow/dags/dag_01_hello_world.py
[2026-06-15T13:56:16.658+0000] {processor.py:840} INFO - DAG(s) '01_hello_world' retrieved from /opt/airflow/dags/dag_01_hello_world.py
[2026-06-15T13:56:16.721+0000] {logging_mixin.py:188} INFO - [2026-06-15T13:56:16.720+0000] {dag.py:3089} INFO - Sync 1 DAGs
[2026-06-15T13:56:16.742+0000] {logging_mixin.py:188} INFO - [2026-06-15T13:56:16.741+0000] {dag.py:3947} INFO - Setting next_dagrun for 01_hello_world to None, run_after=None
[2026-06-15T13:56:16.774+0000] {processor.py:183} INFO - Processing /opt/airflow/dags/dag_01_hello_world.py took 0.148 seconds
[2026-06-15T13:56:46.950+0000] {processor.py:161} INFO - Started process (PID=408) to work on /opt/airflow/dags/dag_01_hello_world.py
[2026-06-15T13:56:46.952+0000] {processor.py:830} INFO - Processing file /opt/airflow/dags/dag_01_hello_world.py for tasks to queue
[2026-06-15T13:56:46.956+0000] {logging_mixin.py:188} INFO - [2026-06-15T13:56:46.955+0000] {dagbag.py:545} INFO - Filling up the DagBag from /opt/airflow/dags/dag_01_hello_world.py
[2026-06-15T13:56:46.972+0000] {processor.py:840} INFO - DAG(s) '01_hello_world' retrieved from /opt/airflow/dags/dag_01_hello_world.py
[2026-06-15T13:56:47.038+0000] {logging_mixin.py:188} INFO - [2026-06-15T13:56:47.037+0000] {dag.py:3089} INFO - Sync 1 DAGs
[2026-06-15T13:56:47.065+0000] {logging_mixin.py:188} INFO - [2026-06-15T13:56:47.064+0000] {dag.py:3947} INFO - Setting next_dagrun for 01_hello_world to None, run_after=None
[2026-06-15T13:56:47.100+0000] {processor.py:183} INFO - Processing /opt/airflow/dags/dag_01_hello_world.py took 0.163 seconds
[2026-06-15T13:57:17.216+0000] {processor.py:161} INFO - Started process (PID=423) to work on /opt/airflow/dags/dag_01_hello_world.py
[2026-06-15T13:57:17.218+0000] {processor.py:830} INFO - Processing file /opt/airflow/dags/dag_01_hello_world.py for tasks to queue
[2026-06-15T13:57:17.222+0000] {logging_mixin.py:188} INFO - [2026-06-15T13:57:17.221+0000] {dagbag.py:545} INFO - Filling up the DagBag from /opt/airflow/dags/dag_01_hello_world.py
[2026-06-15T13:57:17.233+0000] {processor.py:840} INFO - DAG(s) '01_hello_world' retrieved from /opt/airflow/dags/dag_01_hello_world.py
[2026-06-15T13:57:17.295+0000] {logging_mixin.py:188} INFO - [2026-06-15T13:57:17.295+0000] {dag.py:3089} INFO - Sync 1 DAGs
[2026-06-15T13:57:17.317+0000] {logging_mixin.py:188} INFO - [2026-06-15T13:57:17.317+0000] {dag.py:3947} INFO - Setting next_dagrun for 01_hello_world to None, run_after=None
[2026-06-15T13:57:17.354+0000] {processor.py:183} INFO - Processing /opt/airflow/dags/dag_01_hello_world.py took 0.151 seconds
[2026-06-15T13:57:47.468+0000] {processor.py:161} INFO - Started process (PID=438) to work on /opt/airflow/dags/dag_01_hello_world.py
[2026-06-15T13:57:47.470+0000] {processor.py:830} INFO - Processing file /opt/airflow/dags/dag_01_hello_world.py for tasks to queue
[2026-06-15T13:57:47.474+0000] {logging_mixin.py:188} INFO - [2026-06-15T13:57:47.474+0000] {dagbag.py:545} INFO - Filling up the DagBag from /opt/airflow/dags/dag_01_hello_world.py
[2026-06-15T13:57:47.488+0000] {processor.py:840} INFO - DAG(s) '01_hello_world' retrieved from /opt/airflow/dags/dag_01_hello_world.py
[2026-06-15T13:57:47.549+0000] {logging_mixin.py:188} INFO - [2026-06-15T13:57:47.549+0000] {dag.py:3089} INFO - Sync 1 DAGs
[2026-06-15T13:57:47.576+0000] {logging_mixin.py:188} INFO - [2026-06-15T13:57:47.575+0000] {dag.py:3947} INFO - Setting next_dagrun for 01_hello_world to None, run_after=None
[2026-06-15T13:57:47.609+0000] {processor.py:183} INFO - Processing /opt/airflow/dags/dag_01_hello_world.py took 0.153 seconds
[2026-06-15T13:58:17.705+0000] {processor.py:161} INFO - Started process (PID=453) to work on /opt/airflow/dags/dag_01_hello_world.py
[2026-06-15T13:58:17.707+0000] {processor.py:830} INFO - Processing file /opt/airflow/dags/dag_01_hello_world.py for tasks to queue
[2026-06-15T13:58:17.710+0000] {logging_mixin.py:188} INFO - [2026-06-15T13:58:17.709+0000] {dagbag.py:545} INFO - Filling up the DagBag from /opt/airflow/dags/dag_01_hello_world.py
[2026-06-15T13:58:17.721+0000] {processor.py:840} INFO - DAG(s) '01_hello_world' retrieved from /opt/airflow/dags/dag_01_hello_world.py
[2026-06-15T13:58:17.782+0000] {logging_mixin.py:188} INFO - [2026-06-15T13:58:17.781+0000] {dag.py:3089} INFO - Sync 1 DAGs
[2026-06-15T13:58:17.803+0000] {logging_mixin.py:188} INFO - [2026-06-15T13:58:17.803+0000] {dag.py:3947} INFO - Setting next_dagrun for 01_hello_world to None, run_after=None
[2026-06-15T13:58:17.837+0000] {processor.py:183} INFO - Processing /opt/airflow/dags/dag_01_hello_world.py took 0.142 seconds
[2026-06-15T13:58:47.965+0000] {processor.py:161} INFO - Started process (PID=468) to work on /opt/airflow/dags/dag_01_hello_world.py
[2026-06-15T13:58:47.967+0000] {processor.py:830} INFO - Processing file /opt/airflow/dags/dag_01_hello_world.py for tasks to queue
[2026-06-15T13:58:47.970+0000] {logging_mixin.py:188} INFO - [2026-06-15T13:58:47.970+0000] {dagbag.py:545} INFO - Filling up the DagBag from /opt/airflow/dags/dag_01_hello_world.py
[2026-06-15T13:58:47.984+0000] {processor.py:840} INFO - DAG(s) '01_hello_world' retrieved from /opt/airflow/dags/dag_01_hello_world.py
[2026-06-15T13:58:48.048+0000] {logging_mixin.py:188} INFO - [2026-06-15T13:58:48.047+0000] {dag.py:3089} INFO - Sync 1 DAGs
[2026-06-15T13:58:48.074+0000] {logging_mixin.py:188} INFO - [2026-06-15T13:58:48.073+0000] {dag.py:3947} INFO - Setting next_dagrun for 01_hello_world to None, run_after=None
[2026-06-15T13:58:48.108+0000] {processor.py:183} INFO - Processing /opt/airflow/dags/dag_01_hello_world.py took 0.154 seconds
[2026-06-15T13:59:18.230+0000] {processor.py:161} INFO - Started process (PID=483) to work on /opt/airflow/dags/dag_01_hello_world.py
[2026-06-15T13:59:18.232+0000] {processor.py:830} INFO - Processing file /opt/airflow/dags/dag_01_hello_world.py for tasks to queue
[2026-06-15T13:59:18.236+0000] {logging_mixin.py:188} INFO - [2026-06-15T13:59:18.235+0000] {dagbag.py:545} INFO - Filling up the DagBag from /opt/airflow/dags/dag_01_hello_world.py
[2026-06-15T13:59:18.253+0000] {processor.py:840} INFO - DAG(s) '01_hello_world' retrieved from /opt/airflow/dags/dag_01_hello_world.py
[2026-06-15T13:59:18.317+0000] {logging_mixin.py:188} INFO - [2026-06-15T13:59:18.317+0000] {dag.py:3089} INFO - Sync 1 DAGs
[2026-06-15T13:59:18.344+0000] {logging_mixin.py:188} INFO - [2026-06-15T13:59:18.344+0000] {dag.py:3947} INFO - Setting next_dagrun for 01_hello_world to None, run_after=None
[2026-06-15T13:59:18.380+0000] {processor.py:183} INFO - Processing /opt/airflow/dags/dag_01_hello_world.py took 0.160 seconds
[2026-06-15T13:59:48.505+0000] {processor.py:161} INFO - Started process (PID=498) to work on /opt/airflow/dags/dag_01_hello_world.py
[2026-06-15T13:59:48.508+0000] {processor.py:830} INFO - Processing file /opt/airflow/dags/dag_01_hello_world.py for tasks to queue
[2026-06-15T13:59:48.516+0000] {logging_mixin.py:188} INFO - [2026-06-15T13:59:48.514+0000] {dagbag.py:545} INFO - Filling up the DagBag from /opt/airflow/dags/dag_01_hello_world.py
[2026-06-15T13:59:48.536+0000] {processor.py:840} INFO - DAG(s) '01_hello_world' retrieved from /opt/airflow/dags/dag_01_hello_world.py
[2026-06-15T13:59:48.604+0000] {logging_mixin.py:188} INFO - [2026-06-15T13:59:48.604+0000] {dag.py:3089} INFO - Sync 1 DAGs
[2026-06-15T13:59:48.625+0000] {logging_mixin.py:188} INFO - [2026-06-15T13:59:48.625+0000] {dag.py:3947} INFO - Setting next_dagrun for 01_hello_world to None, run_after=None
[2026-06-15T13:59:48.657+0000] {processor.py:183} INFO - Processing /opt/airflow/dags/dag_01_hello_world.py took 0.170 seconds
[2026-06-15T14:00:19.248+0000] {processor.py:161} INFO - Started process (PID=513) to work on /opt/airflow/dags/dag_01_hello_world.py
[2026-06-15T14:00:19.250+0000] {processor.py:830} INFO - Processing file /opt/airflow/dags/dag_01_hello_world.py for tasks to queue
[2026-06-15T14:00:19.254+0000] {logging_mixin.py:188} INFO - [2026-06-15T14:00:19.253+0000] {dagbag.py:545} INFO - Filling up the DagBag from /opt/airflow/dags/dag_01_hello_world.py
[2026-06-15T14:00:19.267+0000] {processor.py:840} INFO - DAG(s) '01_hello_world' retrieved from /opt/airflow/dags/dag_01_hello_world.py
[2026-06-15T14:00:19.328+0000] {logging_mixin.py:188} INFO - [2026-06-15T14:00:19.328+0000] {dag.py:3089} INFO - Sync 1 DAGs
[2026-06-15T14:00:19.351+0000] {logging_mixin.py:188} INFO - [2026-06-15T14:00:19.351+0000] {dag.py:3947} INFO - Setting next_dagrun for 01_hello_world to None, run_after=None
[2026-06-15T14:00:19.386+0000] {processor.py:183} INFO - Processing /opt/airflow/dags/dag_01_hello_world.py took 0.151 seconds
[2026-06-15T14:00:49.569+0000] {processor.py:161} INFO - Started process (PID=528) to work on /opt/airflow/dags/dag_01_hello_world.py
[2026-06-15T14:00:49.570+0000] {processor.py:830} INFO - Processing file /opt/airflow/dags/dag_01_hello_world.py for tasks to queue
[2026-06-15T14:00:49.573+0000] {logging_mixin.py:188} INFO - [2026-06-15T14:00:49.573+0000] {dagbag.py:545} INFO - Filling up the DagBag from /opt/airflow/dags/dag_01_hello_world.py
[2026-06-15T14:00:49.587+0000] {processor.py:840} INFO - DAG(s) '01_hello_world' retrieved from /opt/airflow/dags/dag_01_hello_world.py
[2026-06-15T14:00:49.649+0000] {logging_mixin.py:188} INFO - [2026-06-15T14:00:49.649+0000] {dag.py:3089} INFO - Sync 1 DAGs
[2026-06-15T14:00:49.680+0000] {logging_mixin.py:188} INFO - [2026-06-15T14:00:49.679+0000] {dag.py:3947} INFO - Setting next_dagrun for 01_hello_world to None, run_after=None
[2026-06-15T14:00:49.714+0000] {processor.py:183} INFO - Processing /opt/airflow/dags/dag_01_hello_world.py took 0.159 seconds
[2026-06-15T14:01:19.880+0000] {processor.py:161} INFO - Started process (PID=545) to work on /opt/airflow/dags/dag_01_hello_world.py
[2026-06-15T14:01:19.881+0000] {processor.py:830} INFO - Processing file /opt/airflow/dags/dag_01_hello_world.py for tasks to queue
[2026-06-15T14:01:19.884+0000] {logging_mixin.py:188} INFO - [2026-06-15T14:01:19.883+0000] {dagbag.py:545} INFO - Filling up the DagBag from /opt/airflow/dags/dag_01_hello_world.py
[2026-06-15T14:01:19.896+0000] {processor.py:840} INFO - DAG(s) '01_hello_world' retrieved from /opt/airflow/dags/dag_01_hello_world.py
[2026-06-15T14:01:19.946+0000] {logging_mixin.py:188} INFO - [2026-06-15T14:01:19.946+0000] {dag.py:3089} INFO - Sync 1 DAGs
[2026-06-15T14:01:19.969+0000] {logging_mixin.py:188} INFO - [2026-06-15T14:01:19.969+0000] {dag.py:3947} INFO - Setting next_dagrun for 01_hello_world to None, run_after=None
[2026-06-15T14:01:19.999+0000] {processor.py:183} INFO - Processing /opt/airflow/dags/dag_01_hello_world.py took 0.131 seconds
[2026-06-15T14:01:50.117+0000] {processor.py:161} INFO - Started process (PID=558) to work on /opt/airflow/dags/dag_01_hello_world.py
[2026-06-15T14:01:50.119+0000] {processor.py:830} INFO - Processing file /opt/airflow/dags/dag_01_hello_world.py for tasks to queue
[2026-06-15T14:01:50.124+0000] {logging_mixin.py:188} INFO - [2026-06-15T14:01:50.122+0000] {dagbag.py:545} INFO - Filling up the DagBag from /opt/airflow/dags/dag_01_hello_world.py
[2026-06-15T14:01:50.139+0000] {processor.py:840} INFO - DAG(s) '01_hello_world' retrieved from /opt/airflow/dags/dag_01_hello_world.py
[2026-06-15T14:01:50.202+0000] {logging_mixin.py:188} INFO - [2026-06-15T14:01:50.201+0000] {dag.py:3089} INFO - Sync 1 DAGs
[2026-06-15T14:01:50.226+0000] {logging_mixin.py:188} INFO - [2026-06-15T14:01:50.225+0000] {dag.py:3947} INFO - Setting next_dagrun for 01_hello_world to None, run_after=None
[2026-06-15T14:01:50.260+0000] {processor.py:183} INFO - Processing /opt/airflow/dags/dag_01_hello_world.py took 0.161 seconds
[2026-06-15T14:02:20.391+0000] {processor.py:161} INFO - Started process (PID=573) to work on /opt/airflow/dags/dag_01_hello_world.py
[2026-06-15T14:02:20.393+0000] {processor.py:830} INFO - Processing file /opt/airflow/dags/dag_01_hello_world.py for tasks to queue
[2026-06-15T14:02:20.398+0000] {logging_mixin.py:188} INFO - [2026-06-15T14:02:20.397+0000] {dagbag.py:545} INFO - Filling up the DagBag from /opt/airflow/dags/dag_01_hello_world.py
[2026-06-15T14:02:20.412+0000] {processor.py:840} INFO - DAG(s) '01_hello_world' retrieved from /opt/airflow/dags/dag_01_hello_world.py
[2026-06-15T14:02:20.478+0000] {logging_mixin.py:188} INFO - [2026-06-15T14:02:20.477+0000] {dag.py:3089} INFO - Sync 1 DAGs
[2026-06-15T14:02:20.509+0000] {logging_mixin.py:188} INFO - [2026-06-15T14:02:20.509+0000] {dag.py:3947} INFO - Setting next_dagrun for 01_hello_world to None, run_after=None
[2026-06-15T14:02:20.552+0000] {processor.py:183} INFO - Processing /opt/airflow/dags/dag_01_hello_world.py took 0.175 seconds
[2026-06-15T14:02:50.628+0000] {processor.py:161} INFO - Started process (PID=588) to work on /opt/airflow/dags/dag_01_hello_world.py
[2026-06-15T14:02:50.630+0000] {processor.py:830} INFO - Processing file /opt/airflow/dags/dag_01_hello_world.py for tasks to queue
[2026-06-15T14:02:50.633+0000] {logging_mixin.py:188} INFO - [2026-06-15T14:02:50.633+0000] {dagbag.py:545} INFO - Filling up the DagBag from /opt/airflow/dags/dag_01_hello_world.py
[2026-06-15T14:02:50.647+0000] {processor.py:840} INFO - DAG(s) '01_hello_world' retrieved from /opt/airflow/dags/dag_01_hello_world.py
[2026-06-15T14:02:50.709+0000] {logging_mixin.py:188} INFO - [2026-06-15T14:02:50.708+0000] {dag.py:3089} INFO - Sync 1 DAGs
[2026-06-15T14:02:50.730+0000] {logging_mixin.py:188} INFO - [2026-06-15T14:02:50.730+0000] {dag.py:3947} INFO - Setting next_dagrun for 01_hello_world to None, run_after=None
[2026-06-15T14:02:50.768+0000] {processor.py:183} INFO - Processing /opt/airflow/dags/dag_01_hello_world.py took 0.154 seconds
[2026-06-15T14:03:20.839+0000] {processor.py:161} INFO - Started process (PID=603) to work on /opt/airflow/dags/dag_01_hello_world.py
[2026-06-15T14:03:20.841+0000] {processor.py:830} INFO - Processing file /opt/airflow/dags/dag_01_hello_world.py for tasks to queue
[2026-06-15T14:03:20.844+0000] {logging_mixin.py:188} INFO - [2026-06-15T14:03:20.844+0000] {dagbag.py:545} INFO - Filling up the DagBag from /opt/airflow/dags/dag_01_hello_world.py
[2026-06-15T14:03:20.858+0000] {processor.py:840} INFO - DAG(s) '01_hello_world' retrieved from /opt/airflow/dags/dag_01_hello_world.py
[2026-06-15T14:03:20.921+0000] {logging_mixin.py:188} INFO - [2026-06-15T14:03:20.921+0000] {dag.py:3089} INFO - Sync 1 DAGs
[2026-06-15T14:03:20.947+0000] {logging_mixin.py:188} INFO - [2026-06-15T14:03:20.947+0000] {dag.py:3947} INFO - Setting next_dagrun for 01_hello_world to None, run_after=None
[2026-06-15T14:03:20.980+0000] {processor.py:183} INFO - Processing /opt/airflow/dags/dag_01_hello_world.py took 0.156 seconds
[2026-06-15T14:03:51.250+0000] {processor.py:161} INFO - Started process (PID=618) to work on /opt/airflow/dags/dag_01_hello_world.py
[2026-06-15T14:03:51.251+0000] {processor.py:830} INFO - Processing file /opt/airflow/dags/dag_01_hello_world.py for tasks to queue
[2026-06-15T14:03:51.254+0000] {logging_mixin.py:188} INFO - [2026-06-15T14:03:51.254+0000] {dagbag.py:545} INFO - Filling up the DagBag from /opt/airflow/dags/dag_01_hello_world.py
[2026-06-15T14:03:50.036+0000] {processor.py:840} INFO - DAG(s) '01_hello_world' retrieved from /opt/airflow/dags/dag_01_hello_world.py
[2026-06-15T14:03:50.104+0000] {logging_mixin.py:188} INFO - [2026-06-15T14:03:50.104+0000] {dag.py:3089} INFO - Sync 1 DAGs
[2026-06-15T14:03:50.131+0000] {logging_mixin.py:188} INFO - [2026-06-15T14:03:50.131+0000] {dag.py:3947} INFO - Setting next_dagrun for 01_hello_world to None, run_after=None
[2026-06-15T14:03:50.164+0000] {processor.py:183} INFO - Processing /opt/airflow/dags/dag_01_hello_world.py took 0.156 seconds
[2026-06-15T14:04:20.405+0000] {processor.py:161} INFO - Started process (PID=633) to work on /opt/airflow/dags/dag_01_hello_world.py
[2026-06-15T14:04:20.407+0000] {processor.py:830} INFO - Processing file /opt/airflow/dags/dag_01_hello_world.py for tasks to queue
[2026-06-15T14:04:20.409+0000] {logging_mixin.py:188} INFO - [2026-06-15T14:04:20.409+0000] {dagbag.py:545} INFO - Filling up the DagBag from /opt/airflow/dags/dag_01_hello_world.py
[2026-06-15T14:04:20.421+0000] {processor.py:840} INFO - DAG(s) '01_hello_world' retrieved from /opt/airflow/dags/dag_01_hello_world.py
[2026-06-15T14:04:20.479+0000] {logging_mixin.py:188} INFO - [2026-06-15T14:04:20.479+0000] {dag.py:3089} INFO - Sync 1 DAGs
[2026-06-15T14:04:20.504+0000] {logging_mixin.py:188} INFO - [2026-06-15T14:04:20.503+0000] {dag.py:3947} INFO - Setting next_dagrun for 01_hello_world to None, run_after=None
[2026-06-15T14:04:20.538+0000] {processor.py:183} INFO - Processing /opt/airflow/dags/dag_01_hello_world.py took 0.143 seconds
[2026-06-15T14:04:50.684+0000] {processor.py:161} INFO - Started process (PID=648) to work on /opt/airflow/dags/dag_01_hello_world.py
[2026-06-15T14:04:50.686+0000] {processor.py:830} INFO - Processing file /opt/airflow/dags/dag_01_hello_world.py for tasks to queue
[2026-06-15T14:04:50.692+0000] {logging_mixin.py:188} INFO - [2026-06-15T14:04:50.691+0000] {dagbag.py:545} INFO - Filling up the DagBag from /opt/airflow/dags/dag_01_hello_world.py
[2026-06-15T14:04:50.707+0000] {processor.py:840} INFO - DAG(s) '01_hello_world' retrieved from /opt/airflow/dags/dag_01_hello_world.py
[2026-06-15T14:04:50.771+0000] {logging_mixin.py:188} INFO - [2026-06-15T14:04:50.770+0000] {dag.py:3089} INFO - Sync 1 DAGs
[2026-06-15T14:04:50.797+0000] {logging_mixin.py:188} INFO - [2026-06-15T14:04:50.797+0000] {dag.py:3947} INFO - Setting next_dagrun for 01_hello_world to None, run_after=None
[2026-06-15T14:04:50.833+0000] {processor.py:183} INFO - Processing /opt/airflow/dags/dag_01_hello_world.py took 0.161 seconds
[2026-06-15T14:05:20.984+0000] {processor.py:161} INFO - Started process (PID=663) to work on /opt/airflow/dags/dag_01_hello_world.py
[2026-06-15T14:05:20.990+0000] {processor.py:830} INFO - Processing file /opt/airflow/dags/dag_01_hello_world.py for tasks to queue
[2026-06-15T14:05:20.994+0000] {logging_mixin.py:188} INFO - [2026-06-15T14:05:20.992+0000] {dagbag.py:545} INFO - Filling up the DagBag from /opt/airflow/dags/dag_01_hello_world.py
[2026-06-15T14:05:21.005+0000] {processor.py:840} INFO - DAG(s) '01_hello_world' retrieved from /opt/airflow/dags/dag_01_hello_world.py
[2026-06-15T14:05:21.059+0000] {logging_mixin.py:188} INFO - [2026-06-15T14:05:21.059+0000] {dag.py:3089} INFO - Sync 1 DAGs
[2026-06-15T14:05:21.081+0000] {logging_mixin.py:188} INFO - [2026-06-15T14:05:21.081+0000] {dag.py:3947} INFO - Setting next_dagrun for 01_hello_world to None, run_after=None
[2026-06-15T14:05:21.114+0000] {processor.py:183} INFO - Processing /opt/airflow/dags/dag_01_hello_world.py took 0.138 seconds
[2026-06-15T14:05:51.235+0000] {processor.py:161} INFO - Started process (PID=690) to work on /opt/airflow/dags/dag_01_hello_world.py
[2026-06-15T14:05:51.236+0000] {processor.py:830} INFO - Processing file /opt/airflow/dags/dag_01_hello_world.py for tasks to queue
[2026-06-15T14:05:51.239+0000] {logging_mixin.py:188} INFO - [2026-06-15T14:05:51.238+0000] {dagbag.py:545} INFO - Filling up the DagBag from /opt/airflow/dags/dag_01_hello_world.py
[2026-06-15T14:05:51.251+0000] {processor.py:840} INFO - DAG(s) '01_hello_world' retrieved from /opt/airflow/dags/dag_01_hello_world.py
[2026-06-15T14:05:51.317+0000] {logging_mixin.py:188} INFO - [2026-06-15T14:05:51.317+0000] {dag.py:3089} INFO - Sync 1 DAGs
[2026-06-15T14:05:51.340+0000] {logging_mixin.py:188} INFO - [2026-06-15T14:05:51.340+0000] {dag.py:3947} INFO - Setting next_dagrun for 01_hello_world to None, run_after=None
[2026-06-15T14:05:51.377+0000] {processor.py:183} INFO - Processing /opt/airflow/dags/dag_01_hello_world.py took 0.153 seconds
[2026-06-15T14:06:21.471+0000] {processor.py:161} INFO - Started process (PID=724) to work on /opt/airflow/dags/dag_01_hello_world.py
[2026-06-15T14:06:21.473+0000] {processor.py:830} INFO - Processing file /opt/airflow/dags/dag_01_hello_world.py for tasks to queue
[2026-06-15T14:06:21.476+0000] {logging_mixin.py:188} INFO - [2026-06-15T14:06:21.475+0000] {dagbag.py:545} INFO - Filling up the DagBag from /opt/airflow/dags/dag_01_hello_world.py
[2026-06-15T14:06:21.490+0000] {processor.py:840} INFO - DAG(s) '01_hello_world' retrieved from /opt/airflow/dags/dag_01_hello_world.py
[2026-06-15T14:06:21.552+0000] {logging_mixin.py:188} INFO - [2026-06-15T14:06:21.551+0000] {dag.py:3089} INFO - Sync 1 DAGs
[2026-06-15T14:06:21.581+0000] {logging_mixin.py:188} INFO - [2026-06-15T14:06:21.580+0000] {dag.py:3947} INFO - Setting next_dagrun for 01_hello_world to None, run_after=None
[2026-06-15T14:06:21.613+0000] {processor.py:183} INFO - Processing /opt/airflow/dags/dag_01_hello_world.py took 0.153 seconds
[2026-06-15T14:06:51.675+0000] {processor.py:161} INFO - Started process (PID=770) to work on /opt/airflow/dags/dag_01_hello_world.py
[2026-06-15T14:06:51.677+0000] {processor.py:830} INFO - Processing file /opt/airflow/dags/dag_01_hello_world.py for tasks to queue
[2026-06-15T14:06:51.682+0000] {logging_mixin.py:188} INFO - [2026-06-15T14:06:51.681+0000] {dagbag.py:545} INFO - Filling up the DagBag from /opt/airflow/dags/dag_01_hello_world.py
[2026-06-15T14:06:51.698+0000] {processor.py:840} INFO - DAG(s) '01_hello_world' retrieved from /opt/airflow/dags/dag_01_hello_world.py
[2026-06-15T14:06:51.757+0000] {logging_mixin.py:188} INFO - [2026-06-15T14:06:51.756+0000] {dag.py:3089} INFO - Sync 1 DAGs
[2026-06-15T14:06:51.781+0000] {logging_mixin.py:188} INFO - [2026-06-15T14:06:51.780+0000] {dag.py:3947} INFO - Setting next_dagrun for 01_hello_world to None, run_after=None
[2026-06-15T14:06:51.813+0000] {processor.py:183} INFO - Processing /opt/airflow/dags/dag_01_hello_world.py took 0.149 seconds
[2026-06-15T14:07:21.994+0000] {processor.py:161} INFO - Started process (PID=799) to work on /opt/airflow/dags/dag_01_hello_world.py
[2026-06-15T14:07:21.997+0000] {processor.py:830} INFO - Processing file /opt/airflow/dags/dag_01_hello_world.py for tasks to queue
[2026-06-15T14:07:22.001+0000] {logging_mixin.py:188} INFO - [2026-06-15T14:07:22.000+0000] {dagbag.py:545} INFO - Filling up the DagBag from /opt/airflow/dags/dag_01_hello_world.py
[2026-06-15T14:07:22.015+0000] {processor.py:840} INFO - DAG(s) '01_hello_world' retrieved from /opt/airflow/dags/dag_01_hello_world.py
[2026-06-15T14:07:22.092+0000] {logging_mixin.py:188} INFO - [2026-06-15T14:07:22.091+0000] {dag.py:3089} INFO - Sync 1 DAGs
[2026-06-15T14:07:22.119+0000] {logging_mixin.py:188} INFO - [2026-06-15T14:07:22.119+0000] {dag.py:3947} INFO - Setting next_dagrun for 01_hello_world to None, run_after=None
[2026-06-15T14:07:22.159+0000] {processor.py:183} INFO - Processing /opt/airflow/dags/dag_01_hello_world.py took 0.179 seconds
[2026-06-15T14:07:52.315+0000] {processor.py:161} INFO - Started process (PID=814) to work on /opt/airflow/dags/dag_01_hello_world.py
[2026-06-15T14:07:52.316+0000] {processor.py:830} INFO - Processing file /opt/airflow/dags/dag_01_hello_world.py for tasks to queue
[2026-06-15T14:07:52.319+0000] {logging_mixin.py:188} INFO - [2026-06-15T14:07:52.318+0000] {dagbag.py:545} INFO - Filling up the DagBag from /opt/airflow/dags/dag_01_hello_world.py
[2026-06-15T14:07:52.332+0000] {processor.py:840} INFO - DAG(s) '01_hello_world' retrieved from /opt/airflow/dags/dag_01_hello_world.py
[2026-06-15T14:07:52.377+0000] {logging_mixin.py:188} INFO - [2026-06-15T14:07:52.376+0000] {dag.py:3089} INFO - Sync 1 DAGs
[2026-06-15T14:07:52.395+0000] {logging_mixin.py:188} INFO - [2026-06-15T14:07:52.395+0000] {dag.py:3947} INFO - Setting next_dagrun for 01_hello_world to None, run_after=None
[2026-06-15T14:07:52.423+0000] {processor.py:183} INFO - Processing /opt/airflow/dags/dag_01_hello_world.py took 0.119 seconds
[2026-06-15T14:08:22.595+0000] {processor.py:161} INFO - Started process (PID=827) to work on /opt/airflow/dags/dag_01_hello_world.py
[2026-06-15T14:08:22.597+0000] {processor.py:830} INFO - Processing file /opt/airflow/dags/dag_01_hello_world.py for tasks to queue
[2026-06-15T14:08:22.601+0000] {logging_mixin.py:188} INFO - [2026-06-15T14:08:22.601+0000] {dagbag.py:545} INFO - Filling up the DagBag from /opt/airflow/dags/dag_01_hello_world.py
[2026-06-15T14:08:22.614+0000] {processor.py:840} INFO - DAG(s) '01_hello_world' retrieved from /opt/airflow/dags/dag_01_hello_world.py
[2026-06-15T14:08:22.662+0000] {logging_mixin.py:188} INFO - [2026-06-15T14:08:22.661+0000] {dag.py:3089} INFO - Sync 1 DAGs
[2026-06-15T14:08:22.684+0000] {logging_mixin.py:188} INFO - [2026-06-15T14:08:22.684+0000] {dag.py:3947} INFO - Setting next_dagrun for 01_hello_world to None, run_after=None
[2026-06-15T14:08:22.712+0000] {processor.py:183} INFO - Processing /opt/airflow/dags/dag_01_hello_world.py took 0.131 seconds
[2026-06-15T14:08:52.799+0000] {processor.py:161} INFO - Started process (PID=842) to work on /opt/airflow/dags/dag_01_hello_world.py
[2026-06-15T14:08:52.801+0000] {processor.py:830} INFO - Processing file /opt/airflow/dags/dag_01_hello_world.py for tasks to queue
[2026-06-15T14:08:52.805+0000] {logging_mixin.py:188} INFO - [2026-06-15T14:08:52.804+0000] {dagbag.py:545} INFO - Filling up the DagBag from /opt/airflow/dags/dag_01_hello_world.py
[2026-06-15T14:08:52.817+0000] {processor.py:840} INFO - DAG(s) '01_hello_world' retrieved from /opt/airflow/dags/dag_01_hello_world.py
[2026-06-15T14:08:52.872+0000] {logging_mixin.py:188} INFO - [2026-06-15T14:08:52.872+0000] {dag.py:3089} INFO - Sync 1 DAGs
[2026-06-15T14:08:52.891+0000] {logging_mixin.py:188} INFO - [2026-06-15T14:08:52.891+0000] {dag.py:3947} INFO - Setting next_dagrun for 01_hello_world to None, run_after=None
[2026-06-15T14:08:52.921+0000] {processor.py:183} INFO - Processing /opt/airflow/dags/dag_01_hello_world.py took 0.134 seconds
[2026-06-15T14:09:23.065+0000] {processor.py:161} INFO - Started process (PID=859) to work on /opt/airflow/dags/dag_01_hello_world.py
[2026-06-15T14:09:23.067+0000] {processor.py:830} INFO - Processing file /opt/airflow/dags/dag_01_hello_world.py for tasks to queue
[2026-06-15T14:09:23.071+0000] {logging_mixin.py:188} INFO - [2026-06-15T14:09:23.070+0000] {dagbag.py:545} INFO - Filling up the DagBag from /opt/airflow/dags/dag_01_hello_world.py
[2026-06-15T14:09:23.082+0000] {processor.py:840} INFO - DAG(s) '01_hello_world' retrieved from /opt/airflow/dags/dag_01_hello_world.py
[2026-06-15T14:09:23.129+0000] {logging_mixin.py:188} INFO - [2026-06-15T14:09:23.129+0000] {dag.py:3089} INFO - Sync 1 DAGs
[2026-06-15T14:09:23.146+0000] {logging_mixin.py:188} INFO - [2026-06-15T14:09:23.146+0000] {dag.py:3947} INFO - Setting next_dagrun for 01_hello_world to None, run_after=None
[2026-06-15T14:09:23.176+0000] {processor.py:183} INFO - Processing /opt/airflow/dags/dag_01_hello_world.py took 0.119 seconds
[2026-06-15T14:09:53.351+0000] {processor.py:161} INFO - Started process (PID=886) to work on /opt/airflow/dags/dag_01_hello_world.py
[2026-06-15T14:09:53.353+0000] {processor.py:830} INFO - Processing file /opt/airflow/dags/dag_01_hello_world.py for tasks to queue
[2026-06-15T14:09:53.356+0000] {logging_mixin.py:188} INFO - [2026-06-15T14:09:53.355+0000] {dagbag.py:545} INFO - Filling up the DagBag from /opt/airflow/dags/dag_01_hello_world.py
[2026-06-15T14:09:53.369+0000] {processor.py:840} INFO - DAG(s) '01_hello_world' retrieved from /opt/airflow/dags/dag_01_hello_world.py
[2026-06-15T14:09:53.439+0000] {logging_mixin.py:188} INFO - [2026-06-15T14:09:53.439+0000] {dag.py:3089} INFO - Sync 1 DAGs
[2026-06-15T14:09:53.458+0000] {logging_mixin.py:188} INFO - [2026-06-15T14:09:53.458+0000] {dag.py:3947} INFO - Setting next_dagrun for 01_hello_world to None, run_after=None
[2026-06-15T14:09:53.485+0000] {processor.py:183} INFO - Processing /opt/airflow/dags/dag_01_hello_world.py took 0.148 seconds
[2026-06-15T14:10:23.590+0000] {processor.py:161} INFO - Started process (PID=920) to work on /opt/airflow/dags/dag_01_hello_world.py
[2026-06-15T14:10:23.592+0000] {processor.py:830} INFO - Processing file /opt/airflow/dags/dag_01_hello_world.py for tasks to queue
[2026-06-15T14:10:23.594+0000] {logging_mixin.py:188} INFO - [2026-06-15T14:10:23.594+0000] {dagbag.py:545} INFO - Filling up the DagBag from /opt/airflow/dags/dag_01_hello_world.py
[2026-06-15T14:10:23.605+0000] {processor.py:840} INFO - DAG(s) '01_hello_world' retrieved from /opt/airflow/dags/dag_01_hello_world.py
[2026-06-15T14:10:23.651+0000] {logging_mixin.py:188} INFO - [2026-06-15T14:10:23.651+0000] {dag.py:3089} INFO - Sync 1 DAGs
[2026-06-15T14:10:23.670+0000] {logging_mixin.py:188} INFO - [2026-06-15T14:10:23.669+0000] {dag.py:3947} INFO - Setting next_dagrun for 01_hello_world to None, run_after=None
[2026-06-15T14:10:23.699+0000] {processor.py:183} INFO - Processing /opt/airflow/dags/dag_01_hello_world.py took 0.119 seconds
[2026-06-15T14:10:53.801+0000] {processor.py:161} INFO - Started process (PID=938) to work on /opt/airflow/dags/dag_01_hello_world.py
[2026-06-15T14:10:53.803+0000] {processor.py:830} INFO - Processing file /opt/airflow/dags/dag_01_hello_world.py for tasks to queue
[2026-06-15T14:10:53.808+0000] {logging_mixin.py:188} INFO - [2026-06-15T14:10:53.807+0000] {dagbag.py:545} INFO - Filling up the DagBag from /opt/airflow/dags/dag_01_hello_world.py
[2026-06-15T14:10:53.823+0000] {processor.py:840} INFO - DAG(s) '01_hello_world' retrieved from /opt/airflow/dags/dag_01_hello_world.py
[2026-06-15T14:10:53.908+0000] {logging_mixin.py:188} INFO - [2026-06-15T14:10:53.907+0000] {dag.py:3089} INFO - Sync 1 DAGs
[2026-06-15T14:10:53.932+0000] {logging_mixin.py:188} INFO - [2026-06-15T14:10:53.932+0000] {dag.py:3947} INFO - Setting next_dagrun for 01_hello_world to None, run_after=None
[2026-06-15T14:10:53.960+0000] {processor.py:183} INFO - Processing /opt/airflow/dags/dag_01_hello_world.py took 0.179 seconds
[2026-06-15T14:11:24.178+0000] {processor.py:161} INFO - Started process (PID=954) to work on /opt/airflow/dags/dag_01_hello_world.py
[2026-06-15T14:11:24.180+0000] {processor.py:830} INFO - Processing file /opt/airflow/dags/dag_01_hello_world.py for tasks to queue
[2026-06-15T14:11:24.183+0000] {logging_mixin.py:188} INFO - [2026-06-15T14:11:24.182+0000] {dagbag.py:545} INFO - Filling up the DagBag from /opt/airflow/dags/dag_01_hello_world.py
[2026-06-15T14:11:24.196+0000] {processor.py:840} INFO - DAG(s) '01_hello_world' retrieved from /opt/airflow/dags/dag_01_hello_world.py
[2026-06-15T14:11:24.255+0000] {logging_mixin.py:188} INFO - [2026-06-15T14:11:24.255+0000] {dag.py:3089} INFO - Sync 1 DAGs
[2026-06-15T14:11:24.276+0000] {logging_mixin.py:188} INFO - [2026-06-15T14:11:24.275+0000] {dag.py:3947} INFO - Setting next_dagrun for 01_hello_world to None, run_after=None
[2026-06-15T14:11:24.302+0000] {processor.py:183} INFO - Processing /opt/airflow/dags/dag_01_hello_world.py took 0.144 seconds
[2026-06-15T14:11:54.453+0000] {processor.py:161} INFO - Started process (PID=971) to work on /opt/airflow/dags/dag_01_hello_world.py
[2026-06-15T14:11:54.454+0000] {processor.py:830} INFO - Processing file /opt/airflow/dags/dag_01_hello_world.py for tasks to queue
[2026-06-15T14:11:54.457+0000] {logging_mixin.py:188} INFO - [2026-06-15T14:11:54.457+0000] {dagbag.py:545} INFO - Filling up the DagBag from /opt/airflow/dags/dag_01_hello_world.py
[2026-06-15T14:11:54.466+0000] {processor.py:840} INFO - DAG(s) '01_hello_world' retrieved from /opt/airflow/dags/dag_01_hello_world.py
[2026-06-15T14:11:54.523+0000] {logging_mixin.py:188} INFO - [2026-06-15T14:11:54.523+0000] {dag.py:3089} INFO - Sync 1 DAGs
[2026-06-15T14:11:54.544+0000] {logging_mixin.py:188} INFO - [2026-06-15T14:11:54.544+0000] {dag.py:3947} INFO - Setting next_dagrun for 01_hello_world to None, run_after=None
[2026-06-15T14:11:54.586+0000] {processor.py:183} INFO - Processing /opt/airflow/dags/dag_01_hello_world.py took 0.140 seconds
[2026-06-15T14:12:24.654+0000] {processor.py:161} INFO - Started process (PID=984) to work on /opt/airflow/dags/dag_01_hello_world.py
[2026-06-15T14:12:24.656+0000] {processor.py:830} INFO - Processing file /opt/airflow/dags/dag_01_hello_world.py for tasks to queue
[2026-06-15T14:12:24.659+0000] {logging_mixin.py:188} INFO - [2026-06-15T14:12:24.658+0000] {dagbag.py:545} INFO - Filling up the DagBag from /opt/airflow/dags/dag_01_hello_world.py
[2026-06-15T14:12:24.673+0000] {processor.py:840} INFO - DAG(s) '01_hello_world' retrieved from /opt/airflow/dags/dag_01_hello_world.py
[2026-06-15T14:12:24.727+0000] {logging_mixin.py:188} INFO - [2026-06-15T14:12:24.727+0000] {dag.py:3089} INFO - Sync 1 DAGs
[2026-06-15T14:12:24.755+0000] {logging_mixin.py:188} INFO - [2026-06-15T14:12:24.755+0000] {dag.py:3947} INFO - Setting next_dagrun for 01_hello_world to None, run_after=None
[2026-06-15T14:12:24.789+0000] {processor.py:183} INFO - Processing /opt/airflow/dags/dag_01_hello_world.py took 0.148 seconds
[2026-06-15T14:12:54.941+0000] {processor.py:161} INFO - Started process (PID=999) to work on /opt/airflow/dags/dag_01_hello_world.py
[2026-06-15T14:12:54.943+0000] {processor.py:830} INFO - Processing file /opt/airflow/dags/dag_01_hello_world.py for tasks to queue
[2026-06-15T14:12:54.945+0000] {logging_mixin.py:188} INFO - [2026-06-15T14:12:54.945+0000] {dagbag.py:545} INFO - Filling up the DagBag from /opt/airflow/dags/dag_01_hello_world.py
[2026-06-15T14:12:54.956+0000] {processor.py:840} INFO - DAG(s) '01_hello_world' retrieved from /opt/airflow/dags/dag_01_hello_world.py
[2026-06-15T14:12:55.005+0000] {logging_mixin.py:188} INFO - [2026-06-15T14:12:55.005+0000] {dag.py:3089} INFO - Sync 1 DAGs
[2026-06-15T14:12:55.022+0000] {logging_mixin.py:188} INFO - [2026-06-15T14:12:55.022+0000] {dag.py:3947} INFO - Setting next_dagrun for 01_hello_world to None, run_after=None
[2026-06-15T14:12:55.048+0000] {processor.py:183} INFO - Processing /opt/airflow/dags/dag_01_hello_world.py took 0.117 seconds
[2026-06-15T14:13:25.170+0000] {processor.py:161} INFO - Started process (PID=1014) to work on /opt/airflow/dags/dag_01_hello_world.py
[2026-06-15T14:13:25.171+0000] {processor.py:830} INFO - Processing file /opt/airflow/dags/dag_01_hello_world.py for tasks to queue
[2026-06-15T14:13:25.175+0000] {logging_mixin.py:188} INFO - [2026-06-15T14:13:25.175+0000] {dagbag.py:545} INFO - Filling up the DagBag from /opt/airflow/dags/dag_01_hello_world.py
[2026-06-15T14:13:25.187+0000] {processor.py:840} INFO - DAG(s) '01_hello_world' retrieved from /opt/airflow/dags/dag_01_hello_world.py
[2026-06-15T14:13:25.245+0000] {logging_mixin.py:188} INFO - [2026-06-15T14:13:25.244+0000] {dag.py:3089} INFO - Sync 1 DAGs
[2026-06-15T14:13:25.263+0000] {logging_mixin.py:188} INFO - [2026-06-15T14:13:25.263+0000] {dag.py:3947} INFO - Setting next_dagrun for 01_hello_world to None, run_after=None
[2026-06-15T14:13:25.294+0000] {processor.py:183} INFO - Processing /opt/airflow/dags/dag_01_hello_world.py took 0.136 seconds
[2026-06-15T14:13:55.438+0000] {processor.py:161} INFO - Started process (PID=1031) to work on /opt/airflow/dags/dag_01_hello_world.py
[2026-06-15T14:13:55.439+0000] {processor.py:830} INFO - Processing file /opt/airflow/dags/dag_01_hello_world.py for tasks to queue
[2026-06-15T14:13:55.441+0000] {logging_mixin.py:188} INFO - [2026-06-15T14:13:55.441+0000] {dagbag.py:545} INFO - Filling up the DagBag from /opt/airflow/dags/dag_01_hello_world.py
[2026-06-15T14:13:55.451+0000] {processor.py:840} INFO - DAG(s) '01_hello_world' retrieved from /opt/airflow/dags/dag_01_hello_world.py
[2026-06-15T14:13:55.496+0000] {logging_mixin.py:188} INFO - [2026-06-15T14:13:55.496+0000] {dag.py:3089} INFO - Sync 1 DAGs
[2026-06-15T14:13:55.512+0000] {logging_mixin.py:188} INFO - [2026-06-15T14:13:55.512+0000] {dag.py:3947} INFO - Setting next_dagrun for 01_hello_world to None, run_after=None
[2026-06-15T14:13:55.541+0000] {processor.py:183} INFO - Processing /opt/airflow/dags/dag_01_hello_world.py took 0.113 seconds
[2026-06-15T14:14:25.692+0000] {processor.py:161} INFO - Started process (PID=1046) to work on /opt/airflow/dags/dag_01_hello_world.py
[2026-06-15T14:14:25.693+0000] {processor.py:830} INFO - Processing file /opt/airflow/dags/dag_01_hello_world.py for tasks to queue
[2026-06-15T14:14:25.695+0000] {logging_mixin.py:188} INFO - [2026-06-15T14:14:25.695+0000] {dagbag.py:545} INFO - Filling up the DagBag from /opt/airflow/dags/dag_01_hello_world.py
[2026-06-15T14:14:25.708+0000] {processor.py:840} INFO - DAG(s) '01_hello_world' retrieved from /opt/airflow/dags/dag_01_hello_world.py
[2026-06-15T14:14:25.759+0000] {logging_mixin.py:188} INFO - [2026-06-15T14:14:25.758+0000] {dag.py:3089} INFO - Sync 1 DAGs
[2026-06-15T14:14:25.777+0000] {logging_mixin.py:188} INFO - [2026-06-15T14:14:25.776+0000] {dag.py:3947} INFO - Setting next_dagrun for 01_hello_world to None, run_after=None
[2026-06-15T14:14:25.804+0000] {processor.py:183} INFO - Processing /opt/airflow/dags/dag_01_hello_world.py took 0.122 seconds
[2026-06-15T14:14:55.882+0000] {processor.py:161} INFO - Started process (PID=1059) to work on /opt/airflow/dags/dag_01_hello_world.py
[2026-06-15T14:14:55.884+0000] {processor.py:830} INFO - Processing file /opt/airflow/dags/dag_01_hello_world.py for tasks to queue
[2026-06-15T14:14:55.887+0000] {logging_mixin.py:188} INFO - [2026-06-15T14:14:55.886+0000] {dagbag.py:545} INFO - Filling up the DagBag from /opt/airflow/dags/dag_01_hello_world.py
[2026-06-15T14:14:55.902+0000] {processor.py:840} INFO - DAG(s) '01_hello_world' retrieved from /opt/airflow/dags/dag_01_hello_world.py
[2026-06-15T14:14:55.958+0000] {logging_mixin.py:188} INFO - [2026-06-15T14:14:55.957+0000] {dag.py:3089} INFO - Sync 1 DAGs
[2026-06-15T14:14:55.983+0000] {logging_mixin.py:188} INFO - [2026-06-15T14:14:55.983+0000] {dag.py:3947} INFO - Setting next_dagrun for 01_hello_world to None, run_after=None
[2026-06-15T14:14:56.013+0000] {processor.py:183} INFO - Processing /opt/airflow/dags/dag_01_hello_world.py took 0.142 seconds
[2026-06-15T14:15:26.170+0000] {processor.py:161} INFO - Started process (PID=1075) to work on /opt/airflow/dags/dag_01_hello_world.py
[2026-06-15T14:15:26.172+0000] {processor.py:830} INFO - Processing file /opt/airflow/dags/dag_01_hello_world.py for tasks to queue
[2026-06-15T14:15:26.175+0000] {logging_mixin.py:188} INFO - [2026-06-15T14:15:26.175+0000] {dagbag.py:545} INFO - Filling up the DagBag from /opt/airflow/dags/dag_01_hello_world.py
[2026-06-15T14:15:26.185+0000] {processor.py:840} INFO - DAG(s) '01_hello_world' retrieved from /opt/airflow/dags/dag_01_hello_world.py
[2026-06-15T14:15:26.232+0000] {logging_mixin.py:188} INFO - [2026-06-15T14:15:26.231+0000] {dag.py:3089} INFO - Sync 1 DAGs
[2026-06-15T14:15:26.250+0000] {logging_mixin.py:188} INFO - [2026-06-15T14:15:26.250+0000] {dag.py:3947} INFO - Setting next_dagrun for 01_hello_world to None, run_after=None
[2026-06-15T14:15:26.278+0000] {processor.py:183} INFO - Processing /opt/airflow/dags/dag_01_hello_world.py took 0.119 seconds
[2026-06-15T14:15:56.446+0000] {processor.py:161} INFO - Started process (PID=1089) to work on /opt/airflow/dags/dag_01_hello_world.py
[2026-06-15T14:15:56.448+0000] {processor.py:830} INFO - Processing file /opt/airflow/dags/dag_01_hello_world.py for tasks to queue
[2026-06-15T14:15:56.452+0000] {logging_mixin.py:188} INFO - [2026-06-15T14:15:56.451+0000] {dagbag.py:545} INFO - Filling up the DagBag from /opt/airflow/dags/dag_01_hello_world.py
[2026-06-15T14:15:56.464+0000] {processor.py:840} INFO - DAG(s) '01_hello_world' retrieved from /opt/airflow/dags/dag_01_hello_world.py
[2026-06-15T14:15:56.515+0000] {logging_mixin.py:188} INFO - [2026-06-15T14:15:56.515+0000] {dag.py:3089} INFO - Sync 1 DAGs
[2026-06-15T14:15:56.535+0000] {logging_mixin.py:188} INFO - [2026-06-15T14:15:56.534+0000] {dag.py:3947} INFO - Setting next_dagrun for 01_hello_world to None, run_after=None
[2026-06-15T14:15:56.565+0000] {processor.py:183} INFO - Processing /opt/airflow/dags/dag_01_hello_world.py took 0.133 seconds
[2026-06-15T14:16:26.630+0000] {processor.py:161} INFO - Started process (PID=1104) to work on /opt/airflow/dags/dag_01_hello_world.py
[2026-06-15T14:16:26.631+0000] {processor.py:830} INFO - Processing file /opt/airflow/dags/dag_01_hello_world.py for tasks to queue
[2026-06-15T14:16:26.636+0000] {logging_mixin.py:188} INFO - [2026-06-15T14:16:26.635+0000] {dagbag.py:545} INFO - Filling up the DagBag from /opt/airflow/dags/dag_01_hello_world.py
[2026-06-15T14:16:26.651+0000] {processor.py:840} INFO - DAG(s) '01_hello_world' retrieved from /opt/airflow/dags/dag_01_hello_world.py
[2026-06-15T14:16:26.714+0000] {logging_mixin.py:188} INFO - [2026-06-15T14:16:26.714+0000] {dag.py:3089} INFO - Sync 1 DAGs
[2026-06-15T14:16:26.743+0000] {logging_mixin.py:188} INFO - [2026-06-15T14:16:26.742+0000] {dag.py:3947} INFO - Setting next_dagrun for 01_hello_world to None, run_after=None
[2026-06-15T14:16:26.777+0000] {processor.py:183} INFO - Processing /opt/airflow/dags/dag_01_hello_world.py took 0.162 seconds
[2026-06-15T14:16:56.879+0000] {processor.py:161} INFO - Started process (PID=1119) to work on /opt/airflow/dags/dag_01_hello_world.py
[2026-06-15T14:16:56.881+0000] {processor.py:830} INFO - Processing file /opt/airflow/dags/dag_01_hello_world.py for tasks to queue
[2026-06-15T14:16:56.884+0000] {logging_mixin.py:188} INFO - [2026-06-15T14:16:56.884+0000] {dagbag.py:545} INFO - Filling up the DagBag from /opt/airflow/dags/dag_01_hello_world.py
[2026-06-15T14:16:56.897+0000] {processor.py:840} INFO - DAG(s) '01_hello_world' retrieved from /opt/airflow/dags/dag_01_hello_world.py
[2026-06-15T14:16:56.951+0000] {logging_mixin.py:188} INFO - [2026-06-15T14:16:56.950+0000] {dag.py:3089} INFO - Sync 1 DAGs
[2026-06-15T14:16:56.968+0000] {logging_mixin.py:188} INFO - [2026-06-15T14:16:56.968+0000] {dag.py:3947} INFO - Setting next_dagrun for 01_hello_world to None, run_after=None
[2026-06-15T14:16:56.996+0000] {processor.py:183} INFO - Processing /opt/airflow/dags/dag_01_hello_world.py took 0.130 seconds
[2026-06-15T14:17:27.098+0000] {processor.py:161} INFO - Started process (PID=1134) to work on /opt/airflow/dags/dag_01_hello_world.py
[2026-06-15T14:17:27.101+0000] {processor.py:830} INFO - Processing file /opt/airflow/dags/dag_01_hello_world.py for tasks to queue
[2026-06-15T14:17:27.104+0000] {logging_mixin.py:188} INFO - [2026-06-15T14:17:27.103+0000] {dagbag.py:545} INFO - Filling up the DagBag from /opt/airflow/dags/dag_01_hello_world.py
[2026-06-15T14:17:27.116+0000] {processor.py:840} INFO - DAG(s) '01_hello_world' retrieved from /opt/airflow/dags/dag_01_hello_world.py
[2026-06-15T14:17:27.183+0000] {logging_mixin.py:188} INFO - [2026-06-15T14:17:27.182+0000] {dag.py:3089} INFO - Sync 1 DAGs
[2026-06-15T14:17:27.207+0000] {logging_mixin.py:188} INFO - [2026-06-15T14:17:27.206+0000] {dag.py:3947} INFO - Setting next_dagrun for 01_hello_world to None, run_after=None
[2026-06-15T14:17:27.238+0000] {processor.py:183} INFO - Processing /opt/airflow/dags/dag_01_hello_world.py took 0.155 seconds
[2026-06-15T14:17:57.486+0000] {processor.py:161} INFO - Started process (PID=1149) to work on /opt/airflow/dags/dag_01_hello_world.py
[2026-06-15T14:17:57.487+0000] {processor.py:830} INFO - Processing file /opt/airflow/dags/dag_01_hello_world.py for tasks to queue
[2026-06-15T14:17:57.492+0000] {logging_mixin.py:188} INFO - [2026-06-15T14:17:57.491+0000] {dagbag.py:545} INFO - Filling up the DagBag from /opt/airflow/dags/dag_01_hello_world.py
[2026-06-15T14:17:57.505+0000] {processor.py:840} INFO - DAG(s) '01_hello_world' retrieved from /opt/airflow/dags/dag_01_hello_world.py
[2026-06-15T14:17:57.579+0000] {logging_mixin.py:188} INFO - [2026-06-15T14:17:57.578+0000] {dag.py:3089} INFO - Sync 1 DAGs
[2026-06-15T14:17:57.613+0000] {logging_mixin.py:188} INFO - [2026-06-15T14:17:57.612+0000] {dag.py:3947} INFO - Setting next_dagrun for 01_hello_world to None, run_after=None
[2026-06-15T14:17:57.645+0000] {processor.py:183} INFO - Processing /opt/airflow/dags/dag_01_hello_world.py took 0.174 seconds
[2026-06-15T14:18:28.225+0000] {processor.py:161} INFO - Started process (PID=1164) to work on /opt/airflow/dags/dag_01_hello_world.py
[2026-06-15T14:18:28.226+0000] {processor.py:830} INFO - Processing file /opt/airflow/dags/dag_01_hello_world.py for tasks to queue
[2026-06-15T14:18:28.229+0000] {logging_mixin.py:188} INFO - [2026-06-15T14:18:28.229+0000] {dagbag.py:545} INFO - Filling up the DagBag from /opt/airflow/dags/dag_01_hello_world.py
[2026-06-15T14:18:28.242+0000] {processor.py:840} INFO - DAG(s) '01_hello_world' retrieved from /opt/airflow/dags/dag_01_hello_world.py
[2026-06-15T14:18:28.306+0000] {logging_mixin.py:188} INFO - [2026-06-15T14:18:28.306+0000] {dag.py:3089} INFO - Sync 1 DAGs
[2026-06-15T14:18:28.331+0000] {logging_mixin.py:188} INFO - [2026-06-15T14:18:28.330+0000] {dag.py:3947} INFO - Setting next_dagrun for 01_hello_world to None, run_after=None
[2026-06-15T14:18:28.360+0000] {processor.py:183} INFO - Processing /opt/airflow/dags/dag_01_hello_world.py took 0.146 seconds
[2026-06-15T14:18:58.493+0000] {processor.py:161} INFO - Started process (PID=1179) to work on /opt/airflow/dags/dag_01_hello_world.py
[2026-06-15T14:18:58.496+0000] {processor.py:830} INFO - Processing file /opt/airflow/dags/dag_01_hello_world.py for tasks to queue
[2026-06-15T14:18:58.510+0000] {logging_mixin.py:188} INFO - [2026-06-15T14:18:58.509+0000] {dagbag.py:545} INFO - Filling up the DagBag from /opt/airflow/dags/dag_01_hello_world.py
[2026-06-15T14:18:58.540+0000] {processor.py:840} INFO - DAG(s) '01_hello_world' retrieved from /opt/airflow/dags/dag_01_hello_world.py
[2026-06-15T14:18:58.642+0000] {logging_mixin.py:188} INFO - [2026-06-15T14:18:58.642+0000] {dag.py:3089} INFO - Sync 1 DAGs
[2026-06-15T14:18:58.671+0000] {logging_mixin.py:188} INFO - [2026-06-15T14:18:58.670+0000] {dag.py:3947} INFO - Setting next_dagrun for 01_hello_world to None, run_after=None
[2026-06-15T14:18:58.705+0000] {processor.py:183} INFO - Processing /opt/airflow/dags/dag_01_hello_world.py took 0.235 seconds
[2026-06-15T14:19:28.799+0000] {processor.py:161} INFO - Started process (PID=1194) to work on /opt/airflow/dags/dag_01_hello_world.py
[2026-06-15T14:19:28.802+0000] {processor.py:830} INFO - Processing file /opt/airflow/dags/dag_01_hello_world.py for tasks to queue
[2026-06-15T14:19:28.805+0000] {logging_mixin.py:188} INFO - [2026-06-15T14:19:28.805+0000] {dagbag.py:545} INFO - Filling up the DagBag from /opt/airflow/dags/dag_01_hello_world.py
[2026-06-15T14:19:28.818+0000] {processor.py:840} INFO - DAG(s) '01_hello_world' retrieved from /opt/airflow/dags/dag_01_hello_world.py
[2026-06-15T14:19:28.872+0000] {logging_mixin.py:188} INFO - [2026-06-15T14:19:28.872+0000] {dag.py:3089} INFO - Sync 1 DAGs
[2026-06-15T14:19:28.892+0000] {logging_mixin.py:188} INFO - [2026-06-15T14:19:28.892+0000] {dag.py:3947} INFO - Setting next_dagrun for 01_hello_world to None, run_after=None
[2026-06-15T14:19:28.928+0000] {processor.py:183} INFO - Processing /opt/airflow/dags/dag_01_hello_world.py took 0.141 seconds
[2026-06-15T14:19:59.061+0000] {processor.py:161} INFO - Started process (PID=1222) to work on /opt/airflow/dags/dag_01_hello_world.py
[2026-06-15T14:19:59.063+0000] {processor.py:830} INFO - Processing file /opt/airflow/dags/dag_01_hello_world.py for tasks to queue
[2026-06-15T14:19:59.069+0000] {logging_mixin.py:188} INFO - [2026-06-15T14:19:59.068+0000] {dagbag.py:545} INFO - Filling up the DagBag from /opt/airflow/dags/dag_01_hello_world.py
[2026-06-15T14:19:59.088+0000] {processor.py:840} INFO - DAG(s) '01_hello_world' retrieved from /opt/airflow/dags/dag_01_hello_world.py
[2026-06-15T14:19:59.191+0000] {logging_mixin.py:188} INFO - [2026-06-15T14:19:59.190+0000] {dag.py:3089} INFO - Sync 1 DAGs
[2026-06-15T14:19:59.236+0000] {logging_mixin.py:188} INFO - [2026-06-15T14:19:59.235+0000] {dag.py:3947} INFO - Setting next_dagrun for 01_hello_world to None, run_after=None
[2026-06-15T14:19:59.289+0000] {processor.py:183} INFO - Processing /opt/airflow/dags/dag_01_hello_world.py took 0.248 seconds
[2026-06-15T14:20:29.353+0000] {processor.py:161} INFO - Started process (PID=1243) to work on /opt/airflow/dags/dag_01_hello_world.py
[2026-06-15T14:20:29.354+0000] {processor.py:830} INFO - Processing file /opt/airflow/dags/dag_01_hello_world.py for tasks to queue
[2026-06-15T14:20:29.357+0000] {logging_mixin.py:188} INFO - [2026-06-15T14:20:29.357+0000] {dagbag.py:545} INFO - Filling up the DagBag from /opt/airflow/dags/dag_01_hello_world.py
[2026-06-15T14:20:29.369+0000] {processor.py:840} INFO - DAG(s) '01_hello_world' retrieved from /opt/airflow/dags/dag_01_hello_world.py
[2026-06-15T14:20:29.418+0000] {logging_mixin.py:188} INFO - [2026-06-15T14:20:29.418+0000] {dag.py:3089} INFO - Sync 1 DAGs
[2026-06-15T14:20:29.440+0000] {logging_mixin.py:188} INFO - [2026-06-15T14:20:29.440+0000] {dag.py:3947} INFO - Setting next_dagrun for 01_hello_world to None, run_after=None
[2026-06-15T14:20:29.471+0000] {processor.py:183} INFO - Processing /opt/airflow/dags/dag_01_hello_world.py took 0.132 seconds
[2026-06-15T14:20:59.645+0000] {processor.py:161} INFO - Started process (PID=1264) to work on /opt/airflow/dags/dag_01_hello_world.py
[2026-06-15T14:20:59.649+0000] {processor.py:830} INFO - Processing file /opt/airflow/dags/dag_01_hello_world.py for tasks to queue
[2026-06-15T14:20:59.653+0000] {logging_mixin.py:188} INFO - [2026-06-15T14:20:59.653+0000] {dagbag.py:545} INFO - Filling up the DagBag from /opt/airflow/dags/dag_01_hello_world.py
[2026-06-15T14:20:59.667+0000] {processor.py:840} INFO - DAG(s) '01_hello_world' retrieved from /opt/airflow/dags/dag_01_hello_world.py
[2026-06-15T14:20:59.772+0000] {logging_mixin.py:188} INFO - [2026-06-15T14:20:59.772+0000] {dag.py:3089} INFO - Sync 1 DAGs
[2026-06-15T14:20:59.820+0000] {logging_mixin.py:188} INFO - [2026-06-15T14:20:59.820+0000] {dag.py:3947} INFO - Setting next_dagrun for 01_hello_world to None, run_after=None
[2026-06-15T14:20:59.876+0000] {processor.py:183} INFO - Processing /opt/airflow/dags/dag_01_hello_world.py took 0.246 seconds
[2026-06-15T14:21:30.002+0000] {processor.py:161} INFO - Started process (PID=1298) to work on /opt/airflow/dags/dag_01_hello_world.py
[2026-06-15T14:21:30.004+0000] {processor.py:830} INFO - Processing file /opt/airflow/dags/dag_01_hello_world.py for tasks to queue
[2026-06-15T14:21:30.007+0000] {logging_mixin.py:188} INFO - [2026-06-15T14:21:30.006+0000] {dagbag.py:545} INFO - Filling up the DagBag from /opt/airflow/dags/dag_01_hello_world.py
[2026-06-15T14:21:30.025+0000] {processor.py:840} INFO - DAG(s) '01_hello_world' retrieved from /opt/airflow/dags/dag_01_hello_world.py
[2026-06-15T14:21:30.092+0000] {logging_mixin.py:188} INFO - [2026-06-15T14:21:30.092+0000] {dag.py:3089} INFO - Sync 1 DAGs
[2026-06-15T14:21:30.111+0000] {logging_mixin.py:188} INFO - [2026-06-15T14:21:30.111+0000] {dag.py:3947} INFO - Setting next_dagrun for 01_hello_world to None, run_after=None
[2026-06-15T14:21:30.141+0000] {processor.py:183} INFO - Processing /opt/airflow/dags/dag_01_hello_world.py took 0.151 seconds
[2026-06-15T14:22:00.301+0000] {processor.py:161} INFO - Started process (PID=1315) to work on /opt/airflow/dags/dag_01_hello_world.py
[2026-06-15T14:22:00.303+0000] {processor.py:830} INFO - Processing file /opt/airflow/dags/dag_01_hello_world.py for tasks to queue
[2026-06-15T14:22:00.306+0000] {logging_mixin.py:188} INFO - [2026-06-15T14:22:00.306+0000] {dagbag.py:545} INFO - Filling up the DagBag from /opt/airflow/dags/dag_01_hello_world.py
[2026-06-15T14:22:00.316+0000] {processor.py:840} INFO - DAG(s) '01_hello_world' retrieved from /opt/airflow/dags/dag_01_hello_world.py
[2026-06-15T14:22:00.367+0000] {logging_mixin.py:188} INFO - [2026-06-15T14:22:00.366+0000] {dag.py:3089} INFO - Sync 1 DAGs
[2026-06-15T14:22:00.386+0000] {logging_mixin.py:188} INFO - [2026-06-15T14:22:00.386+0000] {dag.py:3947} INFO - Setting next_dagrun for 01_hello_world to None, run_after=None
[2026-06-15T14:22:00.414+0000] {processor.py:183} INFO - Processing /opt/airflow/dags/dag_01_hello_world.py took 0.122 seconds
[2026-06-15T14:22:30.502+0000] {processor.py:161} INFO - Started process (PID=1328) to work on /opt/airflow/dags/dag_01_hello_world.py
[2026-06-15T14:22:30.506+0000] {processor.py:830} INFO - Processing file /opt/airflow/dags/dag_01_hello_world.py for tasks to queue
[2026-06-15T14:22:30.511+0000] {logging_mixin.py:188} INFO - [2026-06-15T14:22:30.510+0000] {dagbag.py:545} INFO - Filling up the DagBag from /opt/airflow/dags/dag_01_hello_world.py
[2026-06-15T14:22:30.527+0000] {processor.py:840} INFO - DAG(s) '01_hello_world' retrieved from /opt/airflow/dags/dag_01_hello_world.py
[2026-06-15T14:22:30.603+0000] {logging_mixin.py:188} INFO - [2026-06-15T14:22:30.602+0000] {dag.py:3089} INFO - Sync 1 DAGs
[2026-06-15T14:22:30.639+0000] {logging_mixin.py:188} INFO - [2026-06-15T14:22:30.638+0000] {dag.py:3947} INFO - Setting next_dagrun for 01_hello_world to None, run_after=None
[2026-06-15T14:22:30.677+0000] {processor.py:183} INFO - Processing /opt/airflow/dags/dag_01_hello_world.py took 0.193 seconds
[2026-06-15T14:23:00.831+0000] {processor.py:161} INFO - Started process (PID=1345) to work on /opt/airflow/dags/dag_01_hello_world.py
[2026-06-15T14:23:00.833+0000] {processor.py:830} INFO - Processing file /opt/airflow/dags/dag_01_hello_world.py for tasks to queue
[2026-06-15T14:23:00.835+0000] {logging_mixin.py:188} INFO - [2026-06-15T14:23:00.835+0000] {dagbag.py:545} INFO - Filling up the DagBag from /opt/airflow/dags/dag_01_hello_world.py
[2026-06-15T14:23:00.845+0000] {processor.py:840} INFO - DAG(s) '01_hello_world' retrieved from /opt/airflow/dags/dag_01_hello_world.py
[2026-06-15T14:23:00.893+0000] {logging_mixin.py:188} INFO - [2026-06-15T14:23:00.893+0000] {dag.py:3089} INFO - Sync 1 DAGs
[2026-06-15T14:23:00.912+0000] {logging_mixin.py:188} INFO - [2026-06-15T14:23:00.912+0000] {dag.py:3947} INFO - Setting next_dagrun for 01_hello_world to None, run_after=None
[2026-06-15T14:23:00.940+0000] {processor.py:183} INFO - Processing /opt/airflow/dags/dag_01_hello_world.py took 0.118 seconds
[2026-06-15T14:23:30.993+0000] {processor.py:161} INFO - Started process (PID=1358) to work on /opt/airflow/dags/dag_01_hello_world.py
[2026-06-15T14:23:30.995+0000] {processor.py:830} INFO - Processing file /opt/airflow/dags/dag_01_hello_world.py for tasks to queue
[2026-06-15T14:23:30.999+0000] {logging_mixin.py:188} INFO - [2026-06-15T14:23:30.999+0000] {dagbag.py:545} INFO - Filling up the DagBag from /opt/airflow/dags/dag_01_hello_world.py
[2026-06-15T14:23:31.012+0000] {processor.py:840} INFO - DAG(s) '01_hello_world' retrieved from /opt/airflow/dags/dag_01_hello_world.py
[2026-06-15T14:23:31.068+0000] {logging_mixin.py:188} INFO - [2026-06-15T14:23:31.067+0000] {dag.py:3089} INFO - Sync 1 DAGs
[2026-06-15T14:23:31.092+0000] {logging_mixin.py:188} INFO - [2026-06-15T14:23:31.092+0000] {dag.py:3947} INFO - Setting next_dagrun for 01_hello_world to None, run_after=None
[2026-06-15T14:23:31.125+0000] {processor.py:183} INFO - Processing /opt/airflow/dags/dag_01_hello_world.py took 0.143 seconds
[2026-06-15T14:24:01.190+0000] {processor.py:161} INFO - Started process (PID=1373) to work on /opt/airflow/dags/dag_01_hello_world.py
[2026-06-15T14:24:01.192+0000] {processor.py:830} INFO - Processing file /opt/airflow/dags/dag_01_hello_world.py for tasks to queue
[2026-06-15T14:24:01.196+0000] {logging_mixin.py:188} INFO - [2026-06-15T14:24:01.195+0000] {dagbag.py:545} INFO - Filling up the DagBag from /opt/airflow/dags/dag_01_hello_world.py
[2026-06-15T14:24:01.211+0000] {processor.py:840} INFO - DAG(s) '01_hello_world' retrieved from /opt/airflow/dags/dag_01_hello_world.py
[2026-06-15T14:24:01.282+0000] {logging_mixin.py:188} INFO - [2026-06-15T14:24:01.281+0000] {dag.py:3089} INFO - Sync 1 DAGs
[2026-06-15T14:24:01.305+0000] {logging_mixin.py:188} INFO - [2026-06-15T14:24:01.304+0000] {dag.py:3947} INFO - Setting next_dagrun for 01_hello_world to None, run_after=None
[2026-06-15T14:24:01.335+0000] {processor.py:183} INFO - Processing /opt/airflow/dags/dag_01_hello_world.py took 0.158 seconds
[2026-06-15T14:24:31.480+0000] {processor.py:161} INFO - Started process (PID=1388) to work on /opt/airflow/dags/dag_01_hello_world.py
[2026-06-15T14:24:31.481+0000] {processor.py:830} INFO - Processing file /opt/airflow/dags/dag_01_hello_world.py for tasks to queue
[2026-06-15T14:24:31.485+0000] {logging_mixin.py:188} INFO - [2026-06-15T14:24:31.484+0000] {dagbag.py:545} INFO - Filling up the DagBag from /opt/airflow/dags/dag_01_hello_world.py
[2026-06-15T14:24:31.500+0000] {processor.py:840} INFO - DAG(s) '01_hello_world' retrieved from /opt/airflow/dags/dag_01_hello_world.py
[2026-06-15T14:24:31.577+0000] {logging_mixin.py:188} INFO - [2026-06-15T14:24:31.577+0000] {dag.py:3089} INFO - Sync 1 DAGs
[2026-06-15T14:24:31.596+0000] {logging_mixin.py:188} INFO - [2026-06-15T14:24:31.596+0000] {dag.py:3947} INFO - Setting next_dagrun for 01_hello_world to None, run_after=None
[2026-06-15T14:24:31.642+0000] {processor.py:183} INFO - Processing /opt/airflow/dags/dag_01_hello_world.py took 0.172 seconds
[2026-06-15T14:25:01.894+0000] {processor.py:161} INFO - Started process (PID=1403) to work on /opt/airflow/dags/dag_01_hello_world.py
[2026-06-15T14:25:01.895+0000] {processor.py:830} INFO - Processing file /opt/airflow/dags/dag_01_hello_world.py for tasks to queue
[2026-06-15T14:25:01.899+0000] {logging_mixin.py:188} INFO - [2026-06-15T14:25:01.899+0000] {dagbag.py:545} INFO - Filling up the DagBag from /opt/airflow/dags/dag_01_hello_world.py
[2026-06-15T14:25:01.913+0000] {processor.py:840} INFO - DAG(s) '01_hello_world' retrieved from /opt/airflow/dags/dag_01_hello_world.py
[2026-06-15T14:25:01.976+0000] {logging_mixin.py:188} INFO - [2026-06-15T14:25:01.976+0000] {dag.py:3089} INFO - Sync 1 DAGs
[2026-06-15T14:25:02.000+0000] {logging_mixin.py:188} INFO - [2026-06-15T14:25:02.000+0000] {dag.py:3947} INFO - Setting next_dagrun for 01_hello_world to None, run_after=None
[2026-06-15T14:25:02.030+0000] {processor.py:183} INFO - Processing /opt/airflow/dags/dag_01_hello_world.py took 0.148 seconds
[2026-06-15T14:25:32.740+0000] {processor.py:161} INFO - Started process (PID=1418) to work on /opt/airflow/dags/dag_01_hello_world.py
[2026-06-15T14:25:32.742+0000] {processor.py:830} INFO - Processing file /opt/airflow/dags/dag_01_hello_world.py for tasks to queue
[2026-06-15T14:25:32.745+0000] {logging_mixin.py:188} INFO - [2026-06-15T14:25:32.745+0000] {dagbag.py:545} INFO - Filling up the DagBag from /opt/airflow/dags/dag_01_hello_world.py
[2026-06-15T14:25:32.758+0000] {processor.py:840} INFO - DAG(s) '01_hello_world' retrieved from /opt/airflow/dags/dag_01_hello_world.py
[2026-06-15T14:25:32.823+0000] {logging_mixin.py:188} INFO - [2026-06-15T14:25:32.822+0000] {dag.py:3089} INFO - Sync 1 DAGs
[2026-06-15T14:25:32.845+0000] {logging_mixin.py:188} INFO - [2026-06-15T14:25:32.845+0000] {dag.py:3947} INFO - Setting next_dagrun for 01_hello_world to None, run_after=None
[2026-06-15T14:25:32.875+0000] {processor.py:183} INFO - Processing /opt/airflow/dags/dag_01_hello_world.py took 0.145 seconds
[2026-06-15T14:26:03.062+0000] {processor.py:161} INFO - Started process (PID=1451) to work on /opt/airflow/dags/dag_01_hello_world.py
[2026-06-15T14:26:03.063+0000] {processor.py:830} INFO - Processing file /opt/airflow/dags/dag_01_hello_world.py for tasks to queue
[2026-06-15T14:26:03.068+0000] {logging_mixin.py:188} INFO - [2026-06-15T14:26:03.067+0000] {dagbag.py:545} INFO - Filling up the DagBag from /opt/airflow/dags/dag_01_hello_world.py
[2026-06-15T14:26:03.093+0000] {processor.py:840} INFO - DAG(s) '01_hello_world' retrieved from /opt/airflow/dags/dag_01_hello_world.py
[2026-06-15T14:26:03.158+0000] {logging_mixin.py:188} INFO - [2026-06-15T14:26:03.158+0000] {dag.py:3089} INFO - Sync 1 DAGs
[2026-06-15T14:26:03.185+0000] {logging_mixin.py:188} INFO - [2026-06-15T14:26:03.185+0000] {dag.py:3947} INFO - Setting next_dagrun for 01_hello_world to None, run_after=None
[2026-06-15T14:26:03.222+0000] {processor.py:183} INFO - Processing /opt/airflow/dags/dag_01_hello_world.py took 0.176 seconds
[2026-06-15T14:26:33.653+0000] {processor.py:161} INFO - Started process (PID=1483) to work on /opt/airflow/dags/dag_01_hello_world.py
[2026-06-15T14:26:33.655+0000] {processor.py:830} INFO - Processing file /opt/airflow/dags/dag_01_hello_world.py for tasks to queue
[2026-06-15T14:26:33.660+0000] {logging_mixin.py:188} INFO - [2026-06-15T14:26:33.659+0000] {dagbag.py:545} INFO - Filling up the DagBag from /opt/airflow/dags/dag_01_hello_world.py
[2026-06-15T14:26:33.679+0000] {processor.py:840} INFO - DAG(s) '01_hello_world' retrieved from /opt/airflow/dags/dag_01_hello_world.py
[2026-06-15T14:26:33.748+0000] {logging_mixin.py:188} INFO - [2026-06-15T14:26:33.748+0000] {dag.py:3089} INFO - Sync 1 DAGs
[2026-06-15T14:26:33.780+0000] {logging_mixin.py:188} INFO - [2026-06-15T14:26:33.780+0000] {dag.py:3947} INFO - Setting next_dagrun for 01_hello_world to None, run_after=None
[2026-06-15T14:26:33.823+0000] {processor.py:183} INFO - Processing /opt/airflow/dags/dag_01_hello_world.py took 0.185 seconds
[2026-06-15T14:27:03.883+0000] {processor.py:161} INFO - Started process (PID=1527) to work on /opt/airflow/dags/dag_01_hello_world.py
[2026-06-15T14:27:03.885+0000] {processor.py:830} INFO - Processing file /opt/airflow/dags/dag_01_hello_world.py for tasks to queue
[2026-06-15T14:27:03.890+0000] {logging_mixin.py:188} INFO - [2026-06-15T14:27:03.889+0000] {dagbag.py:545} INFO - Filling up the DagBag from /opt/airflow/dags/dag_01_hello_world.py
[2026-06-15T14:27:03.905+0000] {processor.py:840} INFO - DAG(s) '01_hello_world' retrieved from /opt/airflow/dags/dag_01_hello_world.py
[2026-06-15T14:27:03.961+0000] {logging_mixin.py:188} INFO - [2026-06-15T14:27:03.961+0000] {dag.py:3089} INFO - Sync 1 DAGs
[2026-06-15T14:27:03.983+0000] {logging_mixin.py:188} INFO - [2026-06-15T14:27:03.983+0000] {dag.py:3947} INFO - Setting next_dagrun for 01_hello_world to None, run_after=None
[2026-06-15T14:27:04.010+0000] {processor.py:183} INFO - Processing /opt/airflow/dags/dag_01_hello_world.py took 0.141 seconds
[2026-06-15T14:27:34.305+0000] {processor.py:161} INFO - Started process (PID=1547) to work on /opt/airflow/dags/dag_01_hello_world.py
[2026-06-15T14:27:34.306+0000] {processor.py:830} INFO - Processing file /opt/airflow/dags/dag_01_hello_world.py for tasks to queue
[2026-06-15T14:27:34.309+0000] {logging_mixin.py:188} INFO - [2026-06-15T14:27:34.309+0000] {dagbag.py:545} INFO - Filling up the DagBag from /opt/airflow/dags/dag_01_hello_world.py
[2026-06-15T14:27:34.325+0000] {processor.py:840} INFO - DAG(s) '01_hello_world' retrieved from /opt/airflow/dags/dag_01_hello_world.py
[2026-06-15T14:27:34.395+0000] {logging_mixin.py:188} INFO - [2026-06-15T14:27:34.395+0000] {dag.py:3089} INFO - Sync 1 DAGs
[2026-06-15T14:27:34.421+0000] {logging_mixin.py:188} INFO - [2026-06-15T14:27:34.420+0000] {dag.py:3947} INFO - Setting next_dagrun for 01_hello_world to None, run_after=None
[2026-06-15T14:27:34.457+0000] {processor.py:183} INFO - Processing /opt/airflow/dags/dag_01_hello_world.py took 0.166 seconds
[2026-06-15T14:28:04.648+0000] {processor.py:161} INFO - Started process (PID=1567) to work on /opt/airflow/dags/dag_01_hello_world.py
[2026-06-15T14:28:04.650+0000] {processor.py:830} INFO - Processing file /opt/airflow/dags/dag_01_hello_world.py for tasks to queue
[2026-06-15T14:28:04.654+0000] {logging_mixin.py:188} INFO - [2026-06-15T14:28:04.653+0000] {dagbag.py:545} INFO - Filling up the DagBag from /opt/airflow/dags/dag_01_hello_world.py
[2026-06-15T14:28:04.671+0000] {processor.py:840} INFO - DAG(s) '01_hello_world' retrieved from /opt/airflow/dags/dag_01_hello_world.py
[2026-06-15T14:28:04.739+0000] {logging_mixin.py:188} INFO - [2026-06-15T14:28:04.739+0000] {dag.py:3089} INFO - Sync 1 DAGs
[2026-06-15T14:28:04.761+0000] {logging_mixin.py:188} INFO - [2026-06-15T14:28:04.761+0000] {dag.py:3947} INFO - Setting next_dagrun for 01_hello_world to None, run_after=None
[2026-06-15T14:28:04.799+0000] {processor.py:183} INFO - Processing /opt/airflow/dags/dag_01_hello_world.py took 0.164 seconds
[2026-06-15T14:28:34.853+0000] {processor.py:161} INFO - Started process (PID=1587) to work on /opt/airflow/dags/dag_01_hello_world.py
[2026-06-15T14:28:34.855+0000] {processor.py:830} INFO - Processing file /opt/airflow/dags/dag_01_hello_world.py for tasks to queue
[2026-06-15T14:28:34.858+0000] {logging_mixin.py:188} INFO - [2026-06-15T14:28:34.858+0000] {dagbag.py:545} INFO - Filling up the DagBag from /opt/airflow/dags/dag_01_hello_world.py
[2026-06-15T14:28:34.870+0000] {processor.py:840} INFO - DAG(s) '01_hello_world' retrieved from /opt/airflow/dags/dag_01_hello_world.py
[2026-06-15T14:28:34.925+0000] {logging_mixin.py:188} INFO - [2026-06-15T14:28:34.925+0000] {dag.py:3089} INFO - Sync 1 DAGs
[2026-06-15T14:28:34.947+0000] {logging_mixin.py:188} INFO - [2026-06-15T14:28:34.946+0000] {dag.py:3947} INFO - Setting next_dagrun for 01_hello_world to None, run_after=None
[2026-06-15T14:28:34.976+0000] {processor.py:183} INFO - Processing /opt/airflow/dags/dag_01_hello_world.py took 0.133 seconds
[2026-06-15T14:29:05.146+0000] {processor.py:161} INFO - Started process (PID=1633) to work on /opt/airflow/dags/dag_01_hello_world.py
[2026-06-15T14:29:05.148+0000] {processor.py:830} INFO - Processing file /opt/airflow/dags/dag_01_hello_world.py for tasks to queue
[2026-06-15T14:29:05.154+0000] {logging_mixin.py:188} INFO - [2026-06-15T14:29:05.153+0000] {dagbag.py:545} INFO - Filling up the DagBag from /opt/airflow/dags/dag_01_hello_world.py
[2026-06-15T14:29:05.192+0000] {processor.py:840} INFO - DAG(s) '01_hello_world' retrieved from /opt/airflow/dags/dag_01_hello_world.py
[2026-06-15T14:29:05.258+0000] {logging_mixin.py:188} INFO - [2026-06-15T14:29:05.258+0000] {dag.py:3089} INFO - Sync 1 DAGs
[2026-06-15T14:29:05.284+0000] {logging_mixin.py:188} INFO - [2026-06-15T14:29:05.284+0000] {dag.py:3947} INFO - Setting next_dagrun for 01_hello_world to None, run_after=None
[2026-06-15T14:29:05.316+0000] {processor.py:183} INFO - Processing /opt/airflow/dags/dag_01_hello_world.py took 0.187 seconds
[2026-06-15T14:29:35.546+0000] {processor.py:161} INFO - Started process (PID=1665) to work on /opt/airflow/dags/dag_01_hello_world.py
[2026-06-15T14:29:35.548+0000] {processor.py:830} INFO - Processing file /opt/airflow/dags/dag_01_hello_world.py for tasks to queue
[2026-06-15T14:29:35.553+0000] {logging_mixin.py:188} INFO - [2026-06-15T14:29:35.552+0000] {dagbag.py:545} INFO - Filling up the DagBag from /opt/airflow/dags/dag_01_hello_world.py
[2026-06-15T14:29:35.567+0000] {processor.py:840} INFO - DAG(s) '01_hello_world' retrieved from /opt/airflow/dags/dag_01_hello_world.py
[2026-06-15T14:29:35.636+0000] {logging_mixin.py:188} INFO - [2026-06-15T14:29:35.635+0000] {dag.py:3089} INFO - Sync 1 DAGs
[2026-06-15T14:29:35.659+0000] {logging_mixin.py:188} INFO - [2026-06-15T14:29:35.659+0000] {dag.py:3947} INFO - Setting next_dagrun for 01_hello_world to None, run_after=None
[2026-06-15T14:29:35.692+0000] {processor.py:183} INFO - Processing /opt/airflow/dags/dag_01_hello_world.py took 0.160 seconds
[2026-06-15T14:30:05.929+0000] {processor.py:161} INFO - Started process (PID=1712) to work on /opt/airflow/dags/dag_01_hello_world.py
[2026-06-15T14:30:05.932+0000] {processor.py:830} INFO - Processing file /opt/airflow/dags/dag_01_hello_world.py for tasks to queue
[2026-06-15T14:30:05.938+0000] {logging_mixin.py:188} INFO - [2026-06-15T14:30:05.937+0000] {dagbag.py:545} INFO - Filling up the DagBag from /opt/airflow/dags/dag_01_hello_world.py
[2026-06-15T14:30:05.957+0000] {processor.py:840} INFO - DAG(s) '01_hello_world' retrieved from /opt/airflow/dags/dag_01_hello_world.py
[2026-06-15T14:30:06.037+0000] {logging_mixin.py:188} INFO - [2026-06-15T14:30:06.036+0000] {dag.py:3089} INFO - Sync 1 DAGs
[2026-06-15T14:30:06.060+0000] {logging_mixin.py:188} INFO - [2026-06-15T14:30:06.060+0000] {dag.py:3947} INFO - Setting next_dagrun for 01_hello_world to None, run_after=None
[2026-06-15T14:30:06.093+0000] {processor.py:183} INFO - Processing /opt/airflow/dags/dag_01_hello_world.py took 0.179 seconds
[2026-06-15T14:30:36.334+0000] {processor.py:161} INFO - Started process (PID=1736) to work on /opt/airflow/dags/dag_01_hello_world.py
[2026-06-15T14:30:36.336+0000] {processor.py:830} INFO - Processing file /opt/airflow/dags/dag_01_hello_world.py for tasks to queue
[2026-06-15T14:30:36.340+0000] {logging_mixin.py:188} INFO - [2026-06-15T14:30:36.340+0000] {dagbag.py:545} INFO - Filling up the DagBag from /opt/airflow/dags/dag_01_hello_world.py
[2026-06-15T14:30:36.353+0000] {processor.py:840} INFO - DAG(s) '01_hello_world' retrieved from /opt/airflow/dags/dag_01_hello_world.py
[2026-06-15T14:30:36.413+0000] {logging_mixin.py:188} INFO - [2026-06-15T14:30:36.413+0000] {dag.py:3089} INFO - Sync 1 DAGs
[2026-06-15T14:30:36.437+0000] {logging_mixin.py:188} INFO - [2026-06-15T14:30:36.437+0000] {dag.py:3947} INFO - Setting next_dagrun for 01_hello_world to None, run_after=None
[2026-06-15T14:30:36.474+0000] {processor.py:183} INFO - Processing /opt/airflow/dags/dag_01_hello_world.py took 0.155 seconds
[2026-06-15T14:31:06.668+0000] {processor.py:161} INFO - Started process (PID=1775) to work on /opt/airflow/dags/dag_01_hello_world.py
[2026-06-15T14:31:06.670+0000] {processor.py:830} INFO - Processing file /opt/airflow/dags/dag_01_hello_world.py for tasks to queue
[2026-06-15T14:31:06.673+0000] {logging_mixin.py:188} INFO - [2026-06-15T14:31:06.673+0000] {dagbag.py:545} INFO - Filling up the DagBag from /opt/airflow/dags/dag_01_hello_world.py
[2026-06-15T14:31:06.688+0000] {processor.py:840} INFO - DAG(s) '01_hello_world' retrieved from /opt/airflow/dags/dag_01_hello_world.py
[2026-06-15T14:31:06.765+0000] {logging_mixin.py:188} INFO - [2026-06-15T14:31:06.765+0000] {dag.py:3089} INFO - Sync 1 DAGs
[2026-06-15T14:31:06.800+0000] {logging_mixin.py:188} INFO - [2026-06-15T14:31:06.800+0000] {dag.py:3947} INFO - Setting next_dagrun for 01_hello_world to None, run_after=None
[2026-06-15T14:31:06.840+0000] {processor.py:183} INFO - Processing /opt/airflow/dags/dag_01_hello_world.py took 0.184 seconds
[2026-06-15T14:31:36.966+0000] {processor.py:161} INFO - Started process (PID=1824) to work on /opt/airflow/dags/dag_01_hello_world.py
[2026-06-15T14:31:36.968+0000] {processor.py:830} INFO - Processing file /opt/airflow/dags/dag_01_hello_world.py for tasks to queue
[2026-06-15T14:31:36.972+0000] {logging_mixin.py:188} INFO - [2026-06-15T14:31:36.971+0000] {dagbag.py:545} INFO - Filling up the DagBag from /opt/airflow/dags/dag_01_hello_world.py
[2026-06-15T14:31:36.988+0000] {processor.py:840} INFO - DAG(s) '01_hello_world' retrieved from /opt/airflow/dags/dag_01_hello_world.py
[2026-06-15T14:31:37.037+0000] {logging_mixin.py:188} INFO - [2026-06-15T14:31:37.037+0000] {dag.py:3089} INFO - Sync 1 DAGs
[2026-06-15T14:31:37.056+0000] {logging_mixin.py:188} INFO - [2026-06-15T14:31:37.055+0000] {dag.py:3947} INFO - Setting next_dagrun for 01_hello_world to None, run_after=None
[2026-06-15T14:31:37.084+0000] {processor.py:183} INFO - Processing /opt/airflow/dags/dag_01_hello_world.py took 0.132 seconds
[2026-06-15T14:32:07.276+0000] {processor.py:161} INFO - Started process (PID=1856) to work on /opt/airflow/dags/dag_01_hello_world.py
[2026-06-15T14:32:07.278+0000] {processor.py:830} INFO - Processing file /opt/airflow/dags/dag_01_hello_world.py for tasks to queue
[2026-06-15T14:32:07.281+0000] {logging_mixin.py:188} INFO - [2026-06-15T14:32:07.281+0000] {dagbag.py:545} INFO - Filling up the DagBag from /opt/airflow/dags/dag_01_hello_world.py
[2026-06-15T14:32:07.294+0000] {processor.py:840} INFO - DAG(s) '01_hello_world' retrieved from /opt/airflow/dags/dag_01_hello_world.py
[2026-06-15T14:32:07.350+0000] {logging_mixin.py:188} INFO - [2026-06-15T14:32:07.349+0000] {dag.py:3089} INFO - Sync 1 DAGs
[2026-06-15T14:32:07.369+0000] {logging_mixin.py:188} INFO - [2026-06-15T14:32:07.369+0000] {dag.py:3947} INFO - Setting next_dagrun for 01_hello_world to None, run_after=None
[2026-06-15T14:32:07.399+0000] {processor.py:183} INFO - Processing /opt/airflow/dags/dag_01_hello_world.py took 0.134 seconds
[2026-06-15T14:32:37.758+0000] {processor.py:161} INFO - Started process (PID=1881) to work on /opt/airflow/dags/dag_01_hello_world.py
[2026-06-15T14:32:37.759+0000] {processor.py:830} INFO - Processing file /opt/airflow/dags/dag_01_hello_world.py for tasks to queue
[2026-06-15T14:32:37.763+0000] {logging_mixin.py:188} INFO - [2026-06-15T14:32:37.762+0000] {dagbag.py:545} INFO - Filling up the DagBag from /opt/airflow/dags/dag_01_hello_world.py
[2026-06-15T14:32:37.775+0000] {processor.py:840} INFO - DAG(s) '01_hello_world' retrieved from /opt/airflow/dags/dag_01_hello_world.py
[2026-06-15T14:32:37.823+0000] {logging_mixin.py:188} INFO - [2026-06-15T14:32:37.823+0000] {dag.py:3089} INFO - Sync 1 DAGs
[2026-06-15T14:32:37.843+0000] {logging_mixin.py:188} INFO - [2026-06-15T14:32:37.843+0000] {dag.py:3947} INFO - Setting next_dagrun for 01_hello_world to None, run_after=None
[2026-06-15T14:32:37.871+0000] {processor.py:183} INFO - Processing /opt/airflow/dags/dag_01_hello_world.py took 0.125 seconds
[2026-06-15T14:33:08.077+0000] {processor.py:161} INFO - Started process (PID=1901) to work on /opt/airflow/dags/dag_01_hello_world.py
[2026-06-15T14:33:08.078+0000] {processor.py:830} INFO - Processing file /opt/airflow/dags/dag_01_hello_world.py for tasks to queue
[2026-06-15T14:33:08.082+0000] {logging_mixin.py:188} INFO - [2026-06-15T14:33:08.081+0000] {dagbag.py:545} INFO - Filling up the DagBag from /opt/airflow/dags/dag_01_hello_world.py
[2026-06-15T14:33:08.096+0000] {processor.py:840} INFO - DAG(s) '01_hello_world' retrieved from /opt/airflow/dags/dag_01_hello_world.py
[2026-06-15T14:33:08.145+0000] {logging_mixin.py:188} INFO - [2026-06-15T14:33:08.145+0000] {dag.py:3089} INFO - Sync 1 DAGs
[2026-06-15T14:33:08.165+0000] {logging_mixin.py:188} INFO - [2026-06-15T14:33:08.165+0000] {dag.py:3947} INFO - Setting next_dagrun for 01_hello_world to None, run_after=None
[2026-06-15T14:33:08.193+0000] {processor.py:183} INFO - Processing /opt/airflow/dags/dag_01_hello_world.py took 0.127 seconds
[2026-06-15T14:33:38.387+0000] {processor.py:161} INFO - Started process (PID=1921) to work on /opt/airflow/dags/dag_01_hello_world.py
[2026-06-15T14:33:38.389+0000] {processor.py:830} INFO - Processing file /opt/airflow/dags/dag_01_hello_world.py for tasks to queue
[2026-06-15T14:33:38.392+0000] {logging_mixin.py:188} INFO - [2026-06-15T14:33:38.391+0000] {dagbag.py:545} INFO - Filling up the DagBag from /opt/airflow/dags/dag_01_hello_world.py
[2026-06-15T14:33:38.404+0000] {processor.py:840} INFO - DAG(s) '01_hello_world' retrieved from /opt/airflow/dags/dag_01_hello_world.py
[2026-06-15T14:33:38.456+0000] {logging_mixin.py:188} INFO - [2026-06-15T14:33:38.456+0000] {dag.py:3089} INFO - Sync 1 DAGs
[2026-06-15T14:33:38.476+0000] {logging_mixin.py:188} INFO - [2026-06-15T14:33:38.476+0000] {dag.py:3947} INFO - Setting next_dagrun for 01_hello_world to None, run_after=None
[2026-06-15T14:33:38.508+0000] {processor.py:183} INFO - Processing /opt/airflow/dags/dag_01_hello_world.py took 0.134 seconds
[2026-06-15T14:34:08.708+0000] {processor.py:161} INFO - Started process (PID=1941) to work on /opt/airflow/dags/dag_01_hello_world.py
[2026-06-15T14:34:08.710+0000] {processor.py:830} INFO - Processing file /opt/airflow/dags/dag_01_hello_world.py for tasks to queue
[2026-06-15T14:34:08.714+0000] {logging_mixin.py:188} INFO - [2026-06-15T14:34:08.713+0000] {dagbag.py:545} INFO - Filling up the DagBag from /opt/airflow/dags/dag_01_hello_world.py
[2026-06-15T14:34:08.726+0000] {processor.py:840} INFO - DAG(s) '01_hello_world' retrieved from /opt/airflow/dags/dag_01_hello_world.py
[2026-06-15T14:34:08.776+0000] {logging_mixin.py:188} INFO - [2026-06-15T14:34:08.776+0000] {dag.py:3089} INFO - Sync 1 DAGs
[2026-06-15T14:34:08.795+0000] {logging_mixin.py:188} INFO - [2026-06-15T14:34:08.795+0000] {dag.py:3947} INFO - Setting next_dagrun for 01_hello_world to None, run_after=None
[2026-06-15T14:34:08.823+0000] {processor.py:183} INFO - Processing /opt/airflow/dags/dag_01_hello_world.py took 0.126 seconds
[2026-06-15T14:34:39.054+0000] {processor.py:161} INFO - Started process (PID=1961) to work on /opt/airflow/dags/dag_01_hello_world.py
[2026-06-15T14:34:39.056+0000] {processor.py:830} INFO - Processing file /opt/airflow/dags/dag_01_hello_world.py for tasks to queue
[2026-06-15T14:34:39.059+0000] {logging_mixin.py:188} INFO - [2026-06-15T14:34:39.058+0000] {dagbag.py:545} INFO - Filling up the DagBag from /opt/airflow/dags/dag_01_hello_world.py
[2026-06-15T14:34:39.069+0000] {processor.py:840} INFO - DAG(s) '01_hello_world' retrieved from /opt/airflow/dags/dag_01_hello_world.py
[2026-06-15T14:34:39.122+0000] {logging_mixin.py:188} INFO - [2026-06-15T14:34:39.122+0000] {dag.py:3089} INFO - Sync 1 DAGs
[2026-06-15T14:34:39.147+0000] {logging_mixin.py:188} INFO - [2026-06-15T14:34:39.147+0000] {dag.py:3947} INFO - Setting next_dagrun for 01_hello_world to None, run_after=None
[2026-06-15T14:34:39.182+0000] {processor.py:183} INFO - Processing /opt/airflow/dags/dag_01_hello_world.py took 0.137 seconds
[2026-06-15T14:35:09.411+0000] {processor.py:161} INFO - Started process (PID=1981) to work on /opt/airflow/dags/dag_01_hello_world.py
[2026-06-15T14:35:09.414+0000] {processor.py:830} INFO - Processing file /opt/airflow/dags/dag_01_hello_world.py for tasks to queue
[2026-06-15T14:35:09.417+0000] {logging_mixin.py:188} INFO - [2026-06-15T14:35:09.416+0000] {dagbag.py:545} INFO - Filling up the DagBag from /opt/airflow/dags/dag_01_hello_world.py
[2026-06-15T14:35:09.429+0000] {processor.py:840} INFO - DAG(s) '01_hello_world' retrieved from /opt/airflow/dags/dag_01_hello_world.py
[2026-06-15T14:35:09.476+0000] {logging_mixin.py:188} INFO - [2026-06-15T14:35:09.476+0000] {dag.py:3089} INFO - Sync 1 DAGs
[2026-06-15T14:35:09.495+0000] {logging_mixin.py:188} INFO - [2026-06-15T14:35:09.495+0000] {dag.py:3947} INFO - Setting next_dagrun for 01_hello_world to None, run_after=None
[2026-06-15T14:35:09.523+0000] {processor.py:183} INFO - Processing /opt/airflow/dags/dag_01_hello_world.py took 0.133 seconds
[2026-06-15T14:35:39.755+0000] {processor.py:161} INFO - Started process (PID=2001) to work on /opt/airflow/dags/dag_01_hello_world.py
[2026-06-15T14:35:39.757+0000] {processor.py:830} INFO - Processing file /opt/airflow/dags/dag_01_hello_world.py for tasks to queue
[2026-06-15T14:35:39.760+0000] {logging_mixin.py:188} INFO - [2026-06-15T14:35:39.760+0000] {dagbag.py:545} INFO - Filling up the DagBag from /opt/airflow/dags/dag_01_hello_world.py
[2026-06-15T14:35:39.774+0000] {processor.py:840} INFO - DAG(s) '01_hello_world' retrieved from /opt/airflow/dags/dag_01_hello_world.py
[2026-06-15T14:35:39.829+0000] {logging_mixin.py:188} INFO - [2026-06-15T14:35:39.829+0000] {dag.py:3089} INFO - Sync 1 DAGs
[2026-06-15T14:35:39.859+0000] {logging_mixin.py:188} INFO - [2026-06-15T14:35:39.859+0000] {dag.py:3947} INFO - Setting next_dagrun for 01_hello_world to None, run_after=None
[2026-06-15T14:35:39.894+0000] {processor.py:183} INFO - Processing /opt/airflow/dags/dag_01_hello_world.py took 0.153 seconds
[2026-06-15T14:36:10.186+0000] {processor.py:161} INFO - Started process (PID=2021) to work on /opt/airflow/dags/dag_01_hello_world.py
[2026-06-15T14:36:10.188+0000] {processor.py:830} INFO - Processing file /opt/airflow/dags/dag_01_hello_world.py for tasks to queue
[2026-06-15T14:36:10.191+0000] {logging_mixin.py:188} INFO - [2026-06-15T14:36:10.190+0000] {dagbag.py:545} INFO - Filling up the DagBag from /opt/airflow/dags/dag_01_hello_world.py
[2026-06-15T14:36:10.205+0000] {processor.py:840} INFO - DAG(s) '01_hello_world' retrieved from /opt/airflow/dags/dag_01_hello_world.py
[2026-06-15T14:36:10.255+0000] {logging_mixin.py:188} INFO - [2026-06-15T14:36:10.254+0000] {dag.py:3089} INFO - Sync 1 DAGs
[2026-06-15T14:36:10.280+0000] {logging_mixin.py:188} INFO - [2026-06-15T14:36:10.280+0000] {dag.py:3947} INFO - Setting next_dagrun for 01_hello_world to None, run_after=None
[2026-06-15T14:36:10.328+0000] {processor.py:183} INFO - Processing /opt/airflow/dags/dag_01_hello_world.py took 0.155 seconds
[2026-06-15T14:36:40.554+0000] {processor.py:161} INFO - Started process (PID=2041) to work on /opt/airflow/dags/dag_01_hello_world.py
[2026-06-15T14:36:40.556+0000] {processor.py:830} INFO - Processing file /opt/airflow/dags/dag_01_hello_world.py for tasks to queue
[2026-06-15T14:36:40.561+0000] {logging_mixin.py:188} INFO - [2026-06-15T14:36:40.560+0000] {dagbag.py:545} INFO - Filling up the DagBag from /opt/airflow/dags/dag_01_hello_world.py
[2026-06-15T14:36:40.575+0000] {processor.py:840} INFO - DAG(s) '01_hello_world' retrieved from /opt/airflow/dags/dag_01_hello_world.py
[2026-06-15T14:36:40.625+0000] {logging_mixin.py:188} INFO - [2026-06-15T14:36:40.624+0000] {dag.py:3089} INFO - Sync 1 DAGs
[2026-06-15T14:36:40.646+0000] {logging_mixin.py:188} INFO - [2026-06-15T14:36:40.645+0000] {dag.py:3947} INFO - Setting next_dagrun for 01_hello_world to None, run_after=None
[2026-06-15T14:36:40.672+0000] {processor.py:183} INFO - Processing /opt/airflow/dags/dag_01_hello_world.py took 0.128 seconds
[2026-06-15T14:37:10.846+0000] {processor.py:161} INFO - Started process (PID=2061) to work on /opt/airflow/dags/dag_01_hello_world.py
[2026-06-15T14:37:10.848+0000] {processor.py:830} INFO - Processing file /opt/airflow/dags/dag_01_hello_world.py for tasks to queue
[2026-06-15T14:37:10.851+0000] {logging_mixin.py:188} INFO - [2026-06-15T14:37:10.851+0000] {dagbag.py:545} INFO - Filling up the DagBag from /opt/airflow/dags/dag_01_hello_world.py
[2026-06-15T14:37:10.865+0000] {processor.py:840} INFO - DAG(s) '01_hello_world' retrieved from /opt/airflow/dags/dag_01_hello_world.py
[2026-06-15T14:37:10.915+0000] {logging_mixin.py:188} INFO - [2026-06-15T14:37:10.914+0000] {dag.py:3089} INFO - Sync 1 DAGs
[2026-06-15T14:37:10.933+0000] {logging_mixin.py:188} INFO - [2026-06-15T14:37:10.932+0000] {dag.py:3947} INFO - Setting next_dagrun for 01_hello_world to None, run_after=None
[2026-06-15T14:37:10.957+0000] {processor.py:183} INFO - Processing /opt/airflow/dags/dag_01_hello_world.py took 0.120 seconds
[2026-06-15T14:37:41.174+0000] {processor.py:161} INFO - Started process (PID=2081) to work on /opt/airflow/dags/dag_01_hello_world.py
[2026-06-15T14:37:41.176+0000] {processor.py:830} INFO - Processing file /opt/airflow/dags/dag_01_hello_world.py for tasks to queue
[2026-06-15T14:37:41.179+0000] {logging_mixin.py:188} INFO - [2026-06-15T14:37:41.178+0000] {dagbag.py:545} INFO - Filling up the DagBag from /opt/airflow/dags/dag_01_hello_world.py
[2026-06-15T14:37:41.192+0000] {processor.py:840} INFO - DAG(s) '01_hello_world' retrieved from /opt/airflow/dags/dag_01_hello_world.py
[2026-06-15T14:37:41.262+0000] {logging_mixin.py:188} INFO - [2026-06-15T14:37:41.261+0000] {dag.py:3089} INFO - Sync 1 DAGs
[2026-06-15T14:37:41.287+0000] {logging_mixin.py:188} INFO - [2026-06-15T14:37:41.286+0000] {dag.py:3947} INFO - Setting next_dagrun for 01_hello_world to None, run_after=None
[2026-06-15T14:37:41.327+0000] {processor.py:183} INFO - Processing /opt/airflow/dags/dag_01_hello_world.py took 0.164 seconds
[2026-06-15T14:38:11.656+0000] {processor.py:161} INFO - Started process (PID=2101) to work on /opt/airflow/dags/dag_01_hello_world.py
[2026-06-15T14:38:11.657+0000] {processor.py:830} INFO - Processing file /opt/airflow/dags/dag_01_hello_world.py for tasks to queue
[2026-06-15T14:38:11.662+0000] {logging_mixin.py:188} INFO - [2026-06-15T14:38:11.661+0000] {dagbag.py:545} INFO - Filling up the DagBag from /opt/airflow/dags/dag_01_hello_world.py
[2026-06-15T14:38:11.679+0000] {processor.py:840} INFO - DAG(s) '01_hello_world' retrieved from /opt/airflow/dags/dag_01_hello_world.py
[2026-06-15T14:38:11.736+0000] {logging_mixin.py:188} INFO - [2026-06-15T14:38:11.736+0000] {dag.py:3089} INFO - Sync 1 DAGs
[2026-06-15T14:38:11.755+0000] {logging_mixin.py:188} INFO - [2026-06-15T14:38:11.755+0000] {dag.py:3947} INFO - Setting next_dagrun for 01_hello_world to None, run_after=None
[2026-06-15T14:38:11.784+0000] {processor.py:183} INFO - Processing /opt/airflow/dags/dag_01_hello_world.py took 0.142 seconds
[2026-06-15T14:38:42.022+0000] {processor.py:161} INFO - Started process (PID=2121) to work on /opt/airflow/dags/dag_01_hello_world.py
[2026-06-15T14:38:42.024+0000] {processor.py:830} INFO - Processing file /opt/airflow/dags/dag_01_hello_world.py for tasks to queue
[2026-06-15T14:38:42.027+0000] {logging_mixin.py:188} INFO - [2026-06-15T14:38:42.027+0000] {dagbag.py:545} INFO - Filling up the DagBag from /opt/airflow/dags/dag_01_hello_world.py
[2026-06-15T14:38:42.039+0000] {processor.py:840} INFO - DAG(s) '01_hello_world' retrieved from /opt/airflow/dags/dag_01_hello_world.py
[2026-06-15T14:38:42.085+0000] {logging_mixin.py:188} INFO - [2026-06-15T14:38:42.084+0000] {dag.py:3089} INFO - Sync 1 DAGs
[2026-06-15T14:38:42.105+0000] {logging_mixin.py:188} INFO - [2026-06-15T14:38:42.105+0000] {dag.py:3947} INFO - Setting next_dagrun for 01_hello_world to None, run_after=None
[2026-06-15T14:38:42.132+0000] {processor.py:183} INFO - Processing /opt/airflow/dags/dag_01_hello_world.py took 0.121 seconds
[2026-06-15T14:39:12.444+0000] {processor.py:161} INFO - Started process (PID=2141) to work on /opt/airflow/dags/dag_01_hello_world.py
[2026-06-15T14:39:12.446+0000] {processor.py:830} INFO - Processing file /opt/airflow/dags/dag_01_hello_world.py for tasks to queue
[2026-06-15T14:39:12.450+0000] {logging_mixin.py:188} INFO - [2026-06-15T14:39:12.449+0000] {dagbag.py:545} INFO - Filling up the DagBag from /opt/airflow/dags/dag_01_hello_world.py
[2026-06-15T14:39:12.466+0000] {processor.py:840} INFO - DAG(s) '01_hello_world' retrieved from /opt/airflow/dags/dag_01_hello_world.py
[2026-06-15T14:39:12.523+0000] {logging_mixin.py:188} INFO - [2026-06-15T14:39:12.523+0000] {dag.py:3089} INFO - Sync 1 DAGs
[2026-06-15T14:39:12.541+0000] {logging_mixin.py:188} INFO - [2026-06-15T14:39:12.540+0000] {dag.py:3947} INFO - Setting next_dagrun for 01_hello_world to None, run_after=None
[2026-06-15T14:39:12.567+0000] {processor.py:183} INFO - Processing /opt/airflow/dags/dag_01_hello_world.py took 0.141 seconds
[2026-06-15T14:39:42.742+0000] {processor.py:161} INFO - Started process (PID=2161) to work on /opt/airflow/dags/dag_01_hello_world.py
[2026-06-15T14:39:42.744+0000] {processor.py:830} INFO - Processing file /opt/airflow/dags/dag_01_hello_world.py for tasks to queue
[2026-06-15T14:39:42.748+0000] {logging_mixin.py:188} INFO - [2026-06-15T14:39:42.747+0000] {dagbag.py:545} INFO - Filling up the DagBag from /opt/airflow/dags/dag_01_hello_world.py
[2026-06-15T14:39:42.763+0000] {processor.py:840} INFO - DAG(s) '01_hello_world' retrieved from /opt/airflow/dags/dag_01_hello_world.py
[2026-06-15T14:39:42.812+0000] {logging_mixin.py:188} INFO - [2026-06-15T14:39:42.812+0000] {dag.py:3089} INFO - Sync 1 DAGs
[2026-06-15T14:39:42.829+0000] {logging_mixin.py:188} INFO - [2026-06-15T14:39:42.829+0000] {dag.py:3947} INFO - Setting next_dagrun for 01_hello_world to None, run_after=None
[2026-06-15T14:39:42.856+0000] {processor.py:183} INFO - Processing /opt/airflow/dags/dag_01_hello_world.py took 0.125 seconds
[2026-06-15T14:40:13.071+0000] {processor.py:161} INFO - Started process (PID=2181) to work on /opt/airflow/dags/dag_01_hello_world.py
[2026-06-15T14:40:13.072+0000] {processor.py:830} INFO - Processing file /opt/airflow/dags/dag_01_hello_world.py for tasks to queue
[2026-06-15T14:40:13.075+0000] {logging_mixin.py:188} INFO - [2026-06-15T14:40:13.075+0000] {dagbag.py:545} INFO - Filling up the DagBag from /opt/airflow/dags/dag_01_hello_world.py
[2026-06-15T14:40:13.089+0000] {processor.py:840} INFO - DAG(s) '01_hello_world' retrieved from /opt/airflow/dags/dag_01_hello_world.py
[2026-06-15T14:40:13.136+0000] {logging_mixin.py:188} INFO - [2026-06-15T14:40:13.135+0000] {dag.py:3089} INFO - Sync 1 DAGs
[2026-06-15T14:40:13.153+0000] {logging_mixin.py:188} INFO - [2026-06-15T14:40:13.152+0000] {dag.py:3947} INFO - Setting next_dagrun for 01_hello_world to None, run_after=None
[2026-06-15T14:40:13.178+0000] {processor.py:183} INFO - Processing /opt/airflow/dags/dag_01_hello_world.py took 0.117 seconds
[2026-06-15T14:40:43.403+0000] {processor.py:161} INFO - Started process (PID=2201) to work on /opt/airflow/dags/dag_01_hello_world.py
[2026-06-15T14:40:43.405+0000] {processor.py:830} INFO - Processing file /opt/airflow/dags/dag_01_hello_world.py for tasks to queue
[2026-06-15T14:40:43.409+0000] {logging_mixin.py:188} INFO - [2026-06-15T14:40:43.408+0000] {dagbag.py:545} INFO - Filling up the DagBag from /opt/airflow/dags/dag_01_hello_world.py
[2026-06-15T14:40:43.422+0000] {processor.py:840} INFO - DAG(s) '01_hello_world' retrieved from /opt/airflow/dags/dag_01_hello_world.py
[2026-06-15T14:40:43.468+0000] {logging_mixin.py:188} INFO - [2026-06-15T14:40:43.468+0000] {dag.py:3089} INFO - Sync 1 DAGs
[2026-06-15T14:40:43.487+0000] {logging_mixin.py:188} INFO - [2026-06-15T14:40:43.487+0000] {dag.py:3947} INFO - Setting next_dagrun for 01_hello_world to None, run_after=None
[2026-06-15T14:40:43.515+0000] {processor.py:183} INFO - Processing /opt/airflow/dags/dag_01_hello_world.py took 0.123 seconds
[2026-06-15T14:41:13.714+0000] {processor.py:161} INFO - Started process (PID=2221) to work on /opt/airflow/dags/dag_01_hello_world.py
[2026-06-15T14:41:13.716+0000] {processor.py:830} INFO - Processing file /opt/airflow/dags/dag_01_hello_world.py for tasks to queue
[2026-06-15T14:41:13.719+0000] {logging_mixin.py:188} INFO - [2026-06-15T14:41:13.719+0000] {dagbag.py:545} INFO - Filling up the DagBag from /opt/airflow/dags/dag_01_hello_world.py
[2026-06-15T14:41:13.734+0000] {processor.py:840} INFO - DAG(s) '01_hello_world' retrieved from /opt/airflow/dags/dag_01_hello_world.py
[2026-06-15T14:41:13.787+0000] {logging_mixin.py:188} INFO - [2026-06-15T14:41:13.787+0000] {dag.py:3089} INFO - Sync 1 DAGs
[2026-06-15T14:41:13.806+0000] {logging_mixin.py:188} INFO - [2026-06-15T14:41:13.806+0000] {dag.py:3947} INFO - Setting next_dagrun for 01_hello_world to None, run_after=None
[2026-06-15T14:41:13.832+0000] {processor.py:183} INFO - Processing /opt/airflow/dags/dag_01_hello_world.py took 0.129 seconds
[2026-06-15T14:41:44.039+0000] {processor.py:161} INFO - Started process (PID=2241) to work on /opt/airflow/dags/dag_01_hello_world.py
[2026-06-15T14:41:44.041+0000] {processor.py:830} INFO - Processing file /opt/airflow/dags/dag_01_hello_world.py for tasks to queue
[2026-06-15T14:41:44.045+0000] {logging_mixin.py:188} INFO - [2026-06-15T14:41:44.044+0000] {dagbag.py:545} INFO - Filling up the DagBag from /opt/airflow/dags/dag_01_hello_world.py
[2026-06-15T14:41:44.059+0000] {processor.py:840} INFO - DAG(s) '01_hello_world' retrieved from /opt/airflow/dags/dag_01_hello_world.py
[2026-06-15T14:41:44.114+0000] {logging_mixin.py:188} INFO - [2026-06-15T14:41:44.114+0000] {dag.py:3089} INFO - Sync 1 DAGs
[2026-06-15T14:41:44.138+0000] {logging_mixin.py:188} INFO - [2026-06-15T14:41:44.137+0000] {dag.py:3947} INFO - Setting next_dagrun for 01_hello_world to None, run_after=None
[2026-06-15T14:41:44.174+0000] {processor.py:183} INFO - Processing /opt/airflow/dags/dag_01_hello_world.py took 0.145 seconds
[2026-06-15T14:42:14.379+0000] {processor.py:161} INFO - Started process (PID=2261) to work on /opt/airflow/dags/dag_01_hello_world.py
[2026-06-15T14:42:14.381+0000] {processor.py:830} INFO - Processing file /opt/airflow/dags/dag_01_hello_world.py for tasks to queue
[2026-06-15T14:42:14.383+0000] {logging_mixin.py:188} INFO - [2026-06-15T14:42:14.383+0000] {dagbag.py:545} INFO - Filling up the DagBag from /opt/airflow/dags/dag_01_hello_world.py
[2026-06-15T14:42:14.395+0000] {processor.py:840} INFO - DAG(s) '01_hello_world' retrieved from /opt/airflow/dags/dag_01_hello_world.py
[2026-06-15T14:42:14.441+0000] {logging_mixin.py:188} INFO - [2026-06-15T14:42:14.440+0000] {dag.py:3089} INFO - Sync 1 DAGs
[2026-06-15T14:42:14.459+0000] {logging_mixin.py:188} INFO - [2026-06-15T14:42:14.458+0000] {dag.py:3947} INFO - Setting next_dagrun for 01_hello_world to None, run_after=None
[2026-06-15T14:42:14.488+0000] {processor.py:183} INFO - Processing /opt/airflow/dags/dag_01_hello_world.py took 0.118 seconds
[2026-06-15T14:42:44.691+0000] {processor.py:161} INFO - Started process (PID=2281) to work on /opt/airflow/dags/dag_01_hello_world.py
[2026-06-15T14:42:44.692+0000] {processor.py:830} INFO - Processing file /opt/airflow/dags/dag_01_hello_world.py for tasks to queue
[2026-06-15T14:42:44.695+0000] {logging_mixin.py:188} INFO - [2026-06-15T14:42:44.695+0000] {dagbag.py:545} INFO - Filling up the DagBag from /opt/airflow/dags/dag_01_hello_world.py
[2026-06-15T14:42:44.707+0000] {processor.py:840} INFO - DAG(s) '01_hello_world' retrieved from /opt/airflow/dags/dag_01_hello_world.py
[2026-06-15T14:42:44.754+0000] {logging_mixin.py:188} INFO - [2026-06-15T14:42:44.754+0000] {dag.py:3089} INFO - Sync 1 DAGs
[2026-06-15T14:42:44.771+0000] {logging_mixin.py:188} INFO - [2026-06-15T14:42:44.770+0000] {dag.py:3947} INFO - Setting next_dagrun for 01_hello_world to None, run_after=None
[2026-06-15T14:42:44.795+0000] {processor.py:183} INFO - Processing /opt/airflow/dags/dag_01_hello_world.py took 0.114 seconds
[2026-06-15T14:43:15.010+0000] {processor.py:161} INFO - Started process (PID=2301) to work on /opt/airflow/dags/dag_01_hello_world.py
[2026-06-15T14:43:15.012+0000] {processor.py:830} INFO - Processing file /opt/airflow/dags/dag_01_hello_world.py for tasks to queue
[2026-06-15T14:43:15.015+0000] {logging_mixin.py:188} INFO - [2026-06-15T14:43:15.014+0000] {dagbag.py:545} INFO - Filling up the DagBag from /opt/airflow/dags/dag_01_hello_world.py
[2026-06-15T14:43:15.026+0000] {processor.py:840} INFO - DAG(s) '01_hello_world' retrieved from /opt/airflow/dags/dag_01_hello_world.py
[2026-06-15T14:43:15.076+0000] {logging_mixin.py:188} INFO - [2026-06-15T14:43:15.075+0000] {dag.py:3089} INFO - Sync 1 DAGs
[2026-06-15T14:43:15.096+0000] {logging_mixin.py:188} INFO - [2026-06-15T14:43:15.096+0000] {dag.py:3947} INFO - Setting next_dagrun for 01_hello_world to None, run_after=None
[2026-06-15T14:43:15.124+0000] {processor.py:183} INFO - Processing /opt/airflow/dags/dag_01_hello_world.py took 0.124 seconds
[2026-06-15T14:43:45.413+0000] {processor.py:161} INFO - Started process (PID=2321) to work on /opt/airflow/dags/dag_01_hello_world.py
[2026-06-15T14:43:45.414+0000] {processor.py:830} INFO - Processing file /opt/airflow/dags/dag_01_hello_world.py for tasks to queue
[2026-06-15T14:43:45.418+0000] {logging_mixin.py:188} INFO - [2026-06-15T14:43:45.417+0000] {dagbag.py:545} INFO - Filling up the DagBag from /opt/airflow/dags/dag_01_hello_world.py
[2026-06-15T14:43:45.433+0000] {processor.py:840} INFO - DAG(s) '01_hello_world' retrieved from /opt/airflow/dags/dag_01_hello_world.py
[2026-06-15T14:43:45.479+0000] {logging_mixin.py:188} INFO - [2026-06-15T14:43:45.479+0000] {dag.py:3089} INFO - Sync 1 DAGs
[2026-06-15T14:43:45.500+0000] {logging_mixin.py:188} INFO - [2026-06-15T14:43:45.499+0000] {dag.py:3947} INFO - Setting next_dagrun for 01_hello_world to None, run_after=None
[2026-06-15T14:43:45.528+0000] {processor.py:183} INFO - Processing /opt/airflow/dags/dag_01_hello_world.py took 0.126 seconds
[2026-06-15T14:44:15.663+0000] {processor.py:161} INFO - Started process (PID=2341) to work on /opt/airflow/dags/dag_01_hello_world.py
[2026-06-15T14:44:15.664+0000] {processor.py:830} INFO - Processing file /opt/airflow/dags/dag_01_hello_world.py for tasks to queue
[2026-06-15T14:44:15.667+0000] {logging_mixin.py:188} INFO - [2026-06-15T14:44:15.667+0000] {dagbag.py:545} INFO - Filling up the DagBag from /opt/airflow/dags/dag_01_hello_world.py
[2026-06-15T14:44:15.680+0000] {processor.py:840} INFO - DAG(s) '01_hello_world' retrieved from /opt/airflow/dags/dag_01_hello_world.py
[2026-06-15T14:44:15.725+0000] {logging_mixin.py:188} INFO - [2026-06-15T14:44:15.725+0000] {dag.py:3089} INFO - Sync 1 DAGs
[2026-06-15T14:44:15.742+0000] {logging_mixin.py:188} INFO - [2026-06-15T14:44:15.742+0000] {dag.py:3947} INFO - Setting next_dagrun for 01_hello_world to None, run_after=None
[2026-06-15T14:44:15.769+0000] {processor.py:183} INFO - Processing /opt/airflow/dags/dag_01_hello_world.py took 0.117 seconds
[2026-06-15T14:44:45.908+0000] {processor.py:161} INFO - Started process (PID=2361) to work on /opt/airflow/dags/dag_01_hello_world.py
[2026-06-15T14:44:45.910+0000] {processor.py:830} INFO - Processing file /opt/airflow/dags/dag_01_hello_world.py for tasks to queue
[2026-06-15T14:44:45.914+0000] {logging_mixin.py:188} INFO - [2026-06-15T14:44:45.913+0000] {dagbag.py:545} INFO - Filling up the DagBag from /opt/airflow/dags/dag_01_hello_world.py
[2026-06-15T14:44:45.927+0000] {processor.py:840} INFO - DAG(s) '01_hello_world' retrieved from /opt/airflow/dags/dag_01_hello_world.py
[2026-06-15T14:44:45.972+0000] {logging_mixin.py:188} INFO - [2026-06-15T14:44:45.972+0000] {dag.py:3089} INFO - Sync 1 DAGs
[2026-06-15T14:44:45.991+0000] {logging_mixin.py:188} INFO - [2026-06-15T14:44:45.991+0000] {dag.py:3947} INFO - Setting next_dagrun for 01_hello_world to None, run_after=None
[2026-06-15T14:44:46.020+0000] {processor.py:183} INFO - Processing /opt/airflow/dags/dag_01_hello_world.py took 0.124 seconds
[2026-06-15T14:45:16.135+0000] {processor.py:161} INFO - Started process (PID=2381) to work on /opt/airflow/dags/dag_01_hello_world.py
[2026-06-15T14:45:16.136+0000] {processor.py:830} INFO - Processing file /opt/airflow/dags/dag_01_hello_world.py for tasks to queue
[2026-06-15T14:45:16.139+0000] {logging_mixin.py:188} INFO - [2026-06-15T14:45:16.138+0000] {dagbag.py:545} INFO - Filling up the DagBag from /opt/airflow/dags/dag_01_hello_world.py
[2026-06-15T14:45:16.150+0000] {processor.py:840} INFO - DAG(s) '01_hello_world' retrieved from /opt/airflow/dags/dag_01_hello_world.py
[2026-06-15T14:45:16.196+0000] {logging_mixin.py:188} INFO - [2026-06-15T14:45:16.196+0000] {dag.py:3089} INFO - Sync 1 DAGs
[2026-06-15T14:45:16.214+0000] {logging_mixin.py:188} INFO - [2026-06-15T14:45:16.213+0000] {dag.py:3947} INFO - Setting next_dagrun for 01_hello_world to None, run_after=None
[2026-06-15T14:45:16.245+0000] {processor.py:183} INFO - Processing /opt/airflow/dags/dag_01_hello_world.py took 0.120 seconds
[2026-06-15T14:45:46.476+0000] {processor.py:161} INFO - Started process (PID=2401) to work on /opt/airflow/dags/dag_01_hello_world.py
[2026-06-15T14:45:46.478+0000] {processor.py:830} INFO - Processing file /opt/airflow/dags/dag_01_hello_world.py for tasks to queue
[2026-06-15T14:45:46.481+0000] {logging_mixin.py:188} INFO - [2026-06-15T14:45:46.480+0000] {dagbag.py:545} INFO - Filling up the DagBag from /opt/airflow/dags/dag_01_hello_world.py
[2026-06-15T14:45:46.493+0000] {processor.py:840} INFO - DAG(s) '01_hello_world' retrieved from /opt/airflow/dags/dag_01_hello_world.py
[2026-06-15T14:45:46.538+0000] {logging_mixin.py:188} INFO - [2026-06-15T14:45:46.537+0000] {dag.py:3089} INFO - Sync 1 DAGs
[2026-06-15T14:45:46.557+0000] {logging_mixin.py:188} INFO - [2026-06-15T14:45:46.557+0000] {dag.py:3947} INFO - Setting next_dagrun for 01_hello_world to None, run_after=None
[2026-06-15T14:45:46.583+0000] {processor.py:183} INFO - Processing /opt/airflow/dags/dag_01_hello_world.py took 0.118 seconds
[2026-06-15T14:46:16.795+0000] {processor.py:161} INFO - Started process (PID=2421) to work on /opt/airflow/dags/dag_01_hello_world.py
[2026-06-15T14:46:16.796+0000] {processor.py:830} INFO - Processing file /opt/airflow/dags/dag_01_hello_world.py for tasks to queue
[2026-06-15T14:46:16.799+0000] {logging_mixin.py:188} INFO - [2026-06-15T14:46:16.799+0000] {dagbag.py:545} INFO - Filling up the DagBag from /opt/airflow/dags/dag_01_hello_world.py
[2026-06-15T14:46:16.811+0000] {processor.py:840} INFO - DAG(s) '01_hello_world' retrieved from /opt/airflow/dags/dag_01_hello_world.py
[2026-06-15T14:46:16.855+0000] {logging_mixin.py:188} INFO - [2026-06-15T14:46:16.855+0000] {dag.py:3089} INFO - Sync 1 DAGs
[2026-06-15T14:46:16.872+0000] {logging_mixin.py:188} INFO - [2026-06-15T14:46:16.872+0000] {dag.py:3947} INFO - Setting next_dagrun for 01_hello_world to None, run_after=None
[2026-06-15T14:46:16.898+0000] {processor.py:183} INFO - Processing /opt/airflow/dags/dag_01_hello_world.py took 0.113 seconds
[2026-06-15T14:46:47.086+0000] {processor.py:161} INFO - Started process (PID=2441) to work on /opt/airflow/dags/dag_01_hello_world.py
[2026-06-15T14:46:47.088+0000] {processor.py:830} INFO - Processing file /opt/airflow/dags/dag_01_hello_world.py for tasks to queue
[2026-06-15T14:46:47.091+0000] {logging_mixin.py:188} INFO - [2026-06-15T14:46:47.091+0000] {dagbag.py:545} INFO - Filling up the DagBag from /opt/airflow/dags/dag_01_hello_world.py
[2026-06-15T14:46:47.104+0000] {processor.py:840} INFO - DAG(s) '01_hello_world' retrieved from /opt/airflow/dags/dag_01_hello_world.py
[2026-06-15T14:46:47.151+0000] {logging_mixin.py:188} INFO - [2026-06-15T14:46:47.150+0000] {dag.py:3089} INFO - Sync 1 DAGs
[2026-06-15T14:46:47.171+0000] {logging_mixin.py:188} INFO - [2026-06-15T14:46:47.171+0000] {dag.py:3947} INFO - Setting next_dagrun for 01_hello_world to None, run_after=None
[2026-06-15T14:46:47.199+0000] {processor.py:183} INFO - Processing /opt/airflow/dags/dag_01_hello_world.py took 0.127 seconds
[2026-06-15T14:47:17.360+0000] {processor.py:161} INFO - Started process (PID=2461) to work on /opt/airflow/dags/dag_01_hello_world.py
[2026-06-15T14:47:17.361+0000] {processor.py:830} INFO - Processing file /opt/airflow/dags/dag_01_hello_world.py for tasks to queue
[2026-06-15T14:47:17.364+0000] {logging_mixin.py:188} INFO - [2026-06-15T14:47:17.364+0000] {dagbag.py:545} INFO - Filling up the DagBag from /opt/airflow/dags/dag_01_hello_world.py
[2026-06-15T14:47:17.378+0000] {processor.py:840} INFO - DAG(s) '01_hello_world' retrieved from /opt/airflow/dags/dag_01_hello_world.py
[2026-06-15T14:47:17.425+0000] {logging_mixin.py:188} INFO - [2026-06-15T14:47:17.425+0000] {dag.py:3089} INFO - Sync 1 DAGs
[2026-06-15T14:47:17.443+0000] {logging_mixin.py:188} INFO - [2026-06-15T14:47:17.443+0000] {dag.py:3947} INFO - Setting next_dagrun for 01_hello_world to None, run_after=None
[2026-06-15T14:47:17.481+0000] {processor.py:183} INFO - Processing /opt/airflow/dags/dag_01_hello_world.py took 0.132 seconds
[2026-06-15T14:47:47.862+0000] {processor.py:161} INFO - Started process (PID=2481) to work on /opt/airflow/dags/dag_01_hello_world.py
[2026-06-15T14:47:47.864+0000] {processor.py:830} INFO - Processing file /opt/airflow/dags/dag_01_hello_world.py for tasks to queue
[2026-06-15T14:47:47.868+0000] {logging_mixin.py:188} INFO - [2026-06-15T14:47:47.867+0000] {dagbag.py:545} INFO - Filling up the DagBag from /opt/airflow/dags/dag_01_hello_world.py
[2026-06-15T14:47:47.883+0000] {processor.py:840} INFO - DAG(s) '01_hello_world' retrieved from /opt/airflow/dags/dag_01_hello_world.py
[2026-06-15T14:47:47.943+0000] {logging_mixin.py:188} INFO - [2026-06-15T14:47:47.943+0000] {dag.py:3089} INFO - Sync 1 DAGs
[2026-06-15T14:47:47.970+0000] {logging_mixin.py:188} INFO - [2026-06-15T14:47:47.970+0000] {dag.py:3947} INFO - Setting next_dagrun for 01_hello_world to None, run_after=None
[2026-06-15T14:47:47.997+0000] {processor.py:183} INFO - Processing /opt/airflow/dags/dag_01_hello_world.py took 0.149 seconds
[2026-06-15T14:48:18.206+0000] {processor.py:161} INFO - Started process (PID=2501) to work on /opt/airflow/dags/dag_01_hello_world.py
[2026-06-15T14:48:18.208+0000] {processor.py:830} INFO - Processing file /opt/airflow/dags/dag_01_hello_world.py for tasks to queue
[2026-06-15T14:48:18.211+0000] {logging_mixin.py:188} INFO - [2026-06-15T14:48:18.210+0000] {dagbag.py:545} INFO - Filling up the DagBag from /opt/airflow/dags/dag_01_hello_world.py
[2026-06-15T14:48:18.227+0000] {processor.py:840} INFO - DAG(s) '01_hello_world' retrieved from /opt/airflow/dags/dag_01_hello_world.py
[2026-06-15T14:48:18.286+0000] {logging_mixin.py:188} INFO - [2026-06-15T14:48:18.286+0000] {dag.py:3089} INFO - Sync 1 DAGs
[2026-06-15T14:48:18.305+0000] {logging_mixin.py:188} INFO - [2026-06-15T14:48:18.305+0000] {dag.py:3947} INFO - Setting next_dagrun for 01_hello_world to None, run_after=None
[2026-06-15T14:48:18.332+0000] {processor.py:183} INFO - Processing /opt/airflow/dags/dag_01_hello_world.py took 0.140 seconds
[2026-06-15T14:48:48.478+0000] {processor.py:161} INFO - Started process (PID=2521) to work on /opt/airflow/dags/dag_01_hello_world.py
[2026-06-15T14:48:48.479+0000] {processor.py:830} INFO - Processing file /opt/airflow/dags/dag_01_hello_world.py for tasks to queue
[2026-06-15T14:48:48.481+0000] {logging_mixin.py:188} INFO - [2026-06-15T14:48:48.481+0000] {dagbag.py:545} INFO - Filling up the DagBag from /opt/airflow/dags/dag_01_hello_world.py
[2026-06-15T14:48:48.492+0000] {processor.py:840} INFO - DAG(s) '01_hello_world' retrieved from /opt/airflow/dags/dag_01_hello_world.py
[2026-06-15T14:48:48.537+0000] {logging_mixin.py:188} INFO - [2026-06-15T14:48:48.536+0000] {dag.py:3089} INFO - Sync 1 DAGs
[2026-06-15T14:48:48.554+0000] {logging_mixin.py:188} INFO - [2026-06-15T14:48:48.554+0000] {dag.py:3947} INFO - Setting next_dagrun for 01_hello_world to None, run_after=None
[2026-06-15T14:48:48.582+0000] {processor.py:183} INFO - Processing /opt/airflow/dags/dag_01_hello_world.py took 0.114 seconds
[2026-06-15T14:49:18.737+0000] {processor.py:161} INFO - Started process (PID=2541) to work on /opt/airflow/dags/dag_01_hello_world.py
[2026-06-15T14:49:18.739+0000] {processor.py:830} INFO - Processing file /opt/airflow/dags/dag_01_hello_world.py for tasks to queue
[2026-06-15T14:49:18.742+0000] {logging_mixin.py:188} INFO - [2026-06-15T14:49:18.741+0000] {dagbag.py:545} INFO - Filling up the DagBag from /opt/airflow/dags/dag_01_hello_world.py
[2026-06-15T14:49:18.754+0000] {processor.py:840} INFO - DAG(s) '01_hello_world' retrieved from /opt/airflow/dags/dag_01_hello_world.py
[2026-06-15T14:49:18.808+0000] {logging_mixin.py:188} INFO - [2026-06-15T14:49:18.807+0000] {dag.py:3089} INFO - Sync 1 DAGs
[2026-06-15T14:49:18.828+0000] {logging_mixin.py:188} INFO - [2026-06-15T14:49:18.828+0000] {dag.py:3947} INFO - Setting next_dagrun for 01_hello_world to None, run_after=None
[2026-06-15T14:49:18.856+0000] {processor.py:183} INFO - Processing /opt/airflow/dags/dag_01_hello_world.py took 0.130 seconds
[2026-06-15T14:49:49.056+0000] {processor.py:161} INFO - Started process (PID=2561) to work on /opt/airflow/dags/dag_01_hello_world.py
[2026-06-15T14:49:49.058+0000] {processor.py:830} INFO - Processing file /opt/airflow/dags/dag_01_hello_world.py for tasks to queue
[2026-06-15T14:49:49.060+0000] {logging_mixin.py:188} INFO - [2026-06-15T14:49:49.060+0000] {dagbag.py:545} INFO - Filling up the DagBag from /opt/airflow/dags/dag_01_hello_world.py
[2026-06-15T14:49:49.071+0000] {processor.py:840} INFO - DAG(s) '01_hello_world' retrieved from /opt/airflow/dags/dag_01_hello_world.py
[2026-06-15T14:49:49.115+0000] {logging_mixin.py:188} INFO - [2026-06-15T14:49:49.115+0000] {dag.py:3089} INFO - Sync 1 DAGs
[2026-06-15T14:49:49.131+0000] {logging_mixin.py:188} INFO - [2026-06-15T14:49:49.131+0000] {dag.py:3947} INFO - Setting next_dagrun for 01_hello_world to None, run_after=None
[2026-06-15T14:49:49.156+0000] {processor.py:183} INFO - Processing /opt/airflow/dags/dag_01_hello_world.py took 0.111 seconds
[2026-06-15T14:50:19.311+0000] {processor.py:161} INFO - Started process (PID=2581) to work on /opt/airflow/dags/dag_01_hello_world.py
[2026-06-15T14:50:19.313+0000] {processor.py:830} INFO - Processing file /opt/airflow/dags/dag_01_hello_world.py for tasks to queue
[2026-06-15T14:50:19.316+0000] {logging_mixin.py:188} INFO - [2026-06-15T14:50:19.315+0000] {dagbag.py:545} INFO - Filling up the DagBag from /opt/airflow/dags/dag_01_hello_world.py
[2026-06-15T14:50:19.327+0000] {processor.py:840} INFO - DAG(s) '01_hello_world' retrieved from /opt/airflow/dags/dag_01_hello_world.py
[2026-06-15T14:50:19.374+0000] {logging_mixin.py:188} INFO - [2026-06-15T14:50:19.373+0000] {dag.py:3089} INFO - Sync 1 DAGs
[2026-06-15T14:50:19.392+0000] {logging_mixin.py:188} INFO - [2026-06-15T14:50:19.391+0000] {dag.py:3947} INFO - Setting next_dagrun for 01_hello_world to None, run_after=None
[2026-06-15T14:50:19.421+0000] {processor.py:183} INFO - Processing /opt/airflow/dags/dag_01_hello_world.py took 0.118 seconds
[2026-06-15T14:50:49.628+0000] {processor.py:161} INFO - Started process (PID=2601) to work on /opt/airflow/dags/dag_01_hello_world.py
[2026-06-15T14:50:49.630+0000] {processor.py:830} INFO - Processing file /opt/airflow/dags/dag_01_hello_world.py for tasks to queue
[2026-06-15T14:50:49.632+0000] {logging_mixin.py:188} INFO - [2026-06-15T14:50:49.632+0000] {dagbag.py:545} INFO - Filling up the DagBag from /opt/airflow/dags/dag_01_hello_world.py
[2026-06-15T14:50:49.644+0000] {processor.py:840} INFO - DAG(s) '01_hello_world' retrieved from /opt/airflow/dags/dag_01_hello_world.py
[2026-06-15T14:50:49.691+0000] {logging_mixin.py:188} INFO - [2026-06-15T14:50:49.691+0000] {dag.py:3089} INFO - Sync 1 DAGs
[2026-06-15T14:50:49.709+0000] {logging_mixin.py:188} INFO - [2026-06-15T14:50:49.709+0000] {dag.py:3947} INFO - Setting next_dagrun for 01_hello_world to None, run_after=None
[2026-06-15T14:50:49.735+0000] {processor.py:183} INFO - Processing /opt/airflow/dags/dag_01_hello_world.py took 0.118 seconds
[2026-06-15T14:51:19.858+0000] {processor.py:161} INFO - Started process (PID=2621) to work on /opt/airflow/dags/dag_01_hello_world.py
[2026-06-15T14:51:19.859+0000] {processor.py:830} INFO - Processing file /opt/airflow/dags/dag_01_hello_world.py for tasks to queue
[2026-06-15T14:51:19.862+0000] {logging_mixin.py:188} INFO - [2026-06-15T14:51:19.862+0000] {dagbag.py:545} INFO - Filling up the DagBag from /opt/airflow/dags/dag_01_hello_world.py
[2026-06-15T14:51:19.875+0000] {processor.py:840} INFO - DAG(s) '01_hello_world' retrieved from /opt/airflow/dags/dag_01_hello_world.py
[2026-06-15T14:51:19.922+0000] {logging_mixin.py:188} INFO - [2026-06-15T14:51:19.922+0000] {dag.py:3089} INFO - Sync 1 DAGs
[2026-06-15T14:51:19.942+0000] {logging_mixin.py:188} INFO - [2026-06-15T14:51:19.942+0000] {dag.py:3947} INFO - Setting next_dagrun for 01_hello_world to None, run_after=None
[2026-06-15T14:51:19.967+0000] {processor.py:183} INFO - Processing /opt/airflow/dags/dag_01_hello_world.py took 0.120 seconds
[2026-06-15T14:51:50.124+0000] {processor.py:161} INFO - Started process (PID=2641) to work on /opt/airflow/dags/dag_01_hello_world.py
[2026-06-15T14:51:50.126+0000] {processor.py:830} INFO - Processing file /opt/airflow/dags/dag_01_hello_world.py for tasks to queue
[2026-06-15T14:51:50.130+0000] {logging_mixin.py:188} INFO - [2026-06-15T14:51:50.129+0000] {dagbag.py:545} INFO - Filling up the DagBag from /opt/airflow/dags/dag_01_hello_world.py
[2026-06-15T14:51:50.143+0000] {processor.py:840} INFO - DAG(s) '01_hello_world' retrieved from /opt/airflow/dags/dag_01_hello_world.py
[2026-06-15T14:51:50.190+0000] {logging_mixin.py:188} INFO - [2026-06-15T14:51:50.189+0000] {dag.py:3089} INFO - Sync 1 DAGs
[2026-06-15T14:51:50.207+0000] {logging_mixin.py:188} INFO - [2026-06-15T14:51:50.206+0000] {dag.py:3947} INFO - Setting next_dagrun for 01_hello_world to None, run_after=None
[2026-06-15T14:51:50.231+0000] {processor.py:183} INFO - Processing /opt/airflow/dags/dag_01_hello_world.py took 0.117 seconds
[2026-06-15T14:52:20.426+0000] {processor.py:161} INFO - Started process (PID=2661) to work on /opt/airflow/dags/dag_01_hello_world.py
[2026-06-15T14:52:20.428+0000] {processor.py:830} INFO - Processing file /opt/airflow/dags/dag_01_hello_world.py for tasks to queue
[2026-06-15T14:52:20.431+0000] {logging_mixin.py:188} INFO - [2026-06-15T14:52:20.431+0000] {dagbag.py:545} INFO - Filling up the DagBag from /opt/airflow/dags/dag_01_hello_world.py
[2026-06-15T14:52:20.443+0000] {processor.py:840} INFO - DAG(s) '01_hello_world' retrieved from /opt/airflow/dags/dag_01_hello_world.py
[2026-06-15T14:52:20.489+0000] {logging_mixin.py:188} INFO - [2026-06-15T14:52:20.488+0000] {dag.py:3089} INFO - Sync 1 DAGs
[2026-06-15T14:52:20.506+0000] {logging_mixin.py:188} INFO - [2026-06-15T14:52:20.505+0000] {dag.py:3947} INFO - Setting next_dagrun for 01_hello_world to None, run_after=None
[2026-06-15T14:52:20.531+0000] {processor.py:183} INFO - Processing /opt/airflow/dags/dag_01_hello_world.py took 0.114 seconds
[2026-06-15T14:52:50.735+0000] {processor.py:161} INFO - Started process (PID=2681) to work on /opt/airflow/dags/dag_01_hello_world.py
[2026-06-15T14:52:50.737+0000] {processor.py:830} INFO - Processing file /opt/airflow/dags/dag_01_hello_world.py for tasks to queue
[2026-06-15T14:52:50.741+0000] {logging_mixin.py:188} INFO - [2026-06-15T14:52:50.740+0000] {dagbag.py:545} INFO - Filling up the DagBag from /opt/airflow/dags/dag_01_hello_world.py
[2026-06-15T14:52:50.756+0000] {processor.py:840} INFO - DAG(s) '01_hello_world' retrieved from /opt/airflow/dags/dag_01_hello_world.py
[2026-06-15T14:52:50.808+0000] {logging_mixin.py:188} INFO - [2026-06-15T14:52:50.807+0000] {dag.py:3089} INFO - Sync 1 DAGs
[2026-06-15T14:52:50.833+0000] {logging_mixin.py:188} INFO - [2026-06-15T14:52:50.833+0000] {dag.py:3947} INFO - Setting next_dagrun for 01_hello_world to None, run_after=None
[2026-06-15T14:52:50.866+0000] {processor.py:183} INFO - Processing /opt/airflow/dags/dag_01_hello_world.py took 0.143 seconds
[2026-06-15T14:53:21.021+0000] {processor.py:161} INFO - Started process (PID=2701) to work on /opt/airflow/dags/dag_01_hello_world.py
[2026-06-15T14:53:21.023+0000] {processor.py:830} INFO - Processing file /opt/airflow/dags/dag_01_hello_world.py for tasks to queue
[2026-06-15T14:53:21.026+0000] {logging_mixin.py:188} INFO - [2026-06-15T14:53:21.025+0000] {dagbag.py:545} INFO - Filling up the DagBag from /opt/airflow/dags/dag_01_hello_world.py
[2026-06-15T14:53:21.041+0000] {processor.py:840} INFO - DAG(s) '01_hello_world' retrieved from /opt/airflow/dags/dag_01_hello_world.py
[2026-06-15T14:53:21.087+0000] {logging_mixin.py:188} INFO - [2026-06-15T14:53:21.086+0000] {dag.py:3089} INFO - Sync 1 DAGs
[2026-06-15T14:53:21.107+0000] {logging_mixin.py:188} INFO - [2026-06-15T14:53:21.106+0000] {dag.py:3947} INFO - Setting next_dagrun for 01_hello_world to None, run_after=None
[2026-06-15T14:53:21.136+0000] {processor.py:183} INFO - Processing /opt/airflow/dags/dag_01_hello_world.py took 0.127 seconds
[2026-06-15T14:53:51.286+0000] {processor.py:161} INFO - Started process (PID=2721) to work on /opt/airflow/dags/dag_01_hello_world.py
[2026-06-15T14:53:51.288+0000] {processor.py:830} INFO - Processing file /opt/airflow/dags/dag_01_hello_world.py for tasks to queue
[2026-06-15T14:53:51.290+0000] {logging_mixin.py:188} INFO - [2026-06-15T14:53:51.290+0000] {dagbag.py:545} INFO - Filling up the DagBag from /opt/airflow/dags/dag_01_hello_world.py
[2026-06-15T14:53:51.301+0000] {processor.py:840} INFO - DAG(s) '01_hello_world' retrieved from /opt/airflow/dags/dag_01_hello_world.py
[2026-06-15T14:53:51.346+0000] {logging_mixin.py:188} INFO - [2026-06-15T14:53:51.346+0000] {dag.py:3089} INFO - Sync 1 DAGs
[2026-06-15T14:53:51.362+0000] {logging_mixin.py:188} INFO - [2026-06-15T14:53:51.362+0000] {dag.py:3947} INFO - Setting next_dagrun for 01_hello_world to None, run_after=None
[2026-06-15T14:53:51.389+0000] {processor.py:183} INFO - Processing /opt/airflow/dags/dag_01_hello_world.py took 0.112 seconds
[2026-06-15T14:54:21.470+0000] {processor.py:161} INFO - Started process (PID=2741) to work on /opt/airflow/dags/dag_01_hello_world.py
[2026-06-15T14:54:21.472+0000] {processor.py:830} INFO - Processing file /opt/airflow/dags/dag_01_hello_world.py for tasks to queue
[2026-06-15T14:54:21.476+0000] {logging_mixin.py:188} INFO - [2026-06-15T14:54:21.475+0000] {dagbag.py:545} INFO - Filling up the DagBag from /opt/airflow/dags/dag_01_hello_world.py
[2026-06-15T14:54:21.491+0000] {processor.py:840} INFO - DAG(s) '01_hello_world' retrieved from /opt/airflow/dags/dag_01_hello_world.py
[2026-06-15T14:54:21.547+0000] {logging_mixin.py:188} INFO - [2026-06-15T14:54:21.547+0000] {dag.py:3089} INFO - Sync 1 DAGs
[2026-06-15T14:54:21.565+0000] {logging_mixin.py:188} INFO - [2026-06-15T14:54:21.565+0000] {dag.py:3947} INFO - Setting next_dagrun for 01_hello_world to None, run_after=None
[2026-06-15T14:54:21.593+0000] {processor.py:183} INFO - Processing /opt/airflow/dags/dag_01_hello_world.py took 0.133 seconds
[2026-06-15T14:54:51.703+0000] {processor.py:161} INFO - Started process (PID=2761) to work on /opt/airflow/dags/dag_01_hello_world.py
[2026-06-15T14:54:51.705+0000] {processor.py:830} INFO - Processing file /opt/airflow/dags/dag_01_hello_world.py for tasks to queue
[2026-06-15T14:54:51.707+0000] {logging_mixin.py:188} INFO - [2026-06-15T14:54:51.707+0000] {dagbag.py:545} INFO - Filling up the DagBag from /opt/airflow/dags/dag_01_hello_world.py
[2026-06-15T14:54:51.719+0000] {processor.py:840} INFO - DAG(s) '01_hello_world' retrieved from /opt/airflow/dags/dag_01_hello_world.py
[2026-06-15T14:54:51.773+0000] {logging_mixin.py:188} INFO - [2026-06-15T14:54:51.772+0000] {dag.py:3089} INFO - Sync 1 DAGs
[2026-06-15T14:54:51.794+0000] {logging_mixin.py:188} INFO - [2026-06-15T14:54:51.793+0000] {dag.py:3947} INFO - Setting next_dagrun for 01_hello_world to None, run_after=None
[2026-06-15T14:54:51.819+0000] {processor.py:183} INFO - Processing /opt/airflow/dags/dag_01_hello_world.py took 0.127 seconds
[2026-06-15T14:55:22.045+0000] {processor.py:161} INFO - Started process (PID=2781) to work on /opt/airflow/dags/dag_01_hello_world.py
[2026-06-15T14:55:22.047+0000] {processor.py:830} INFO - Processing file /opt/airflow/dags/dag_01_hello_world.py for tasks to queue
[2026-06-15T14:55:22.050+0000] {logging_mixin.py:188} INFO - [2026-06-15T14:55:22.050+0000] {dagbag.py:545} INFO - Filling up the DagBag from /opt/airflow/dags/dag_01_hello_world.py
[2026-06-15T14:55:22.065+0000] {processor.py:840} INFO - DAG(s) '01_hello_world' retrieved from /opt/airflow/dags/dag_01_hello_world.py
[2026-06-15T14:55:22.118+0000] {logging_mixin.py:188} INFO - [2026-06-15T14:55:22.117+0000] {dag.py:3089} INFO - Sync 1 DAGs
[2026-06-15T14:55:22.137+0000] {logging_mixin.py:188} INFO - [2026-06-15T14:55:22.137+0000] {dag.py:3947} INFO - Setting next_dagrun for 01_hello_world to None, run_after=None
[2026-06-15T14:55:22.162+0000] {processor.py:183} INFO - Processing /opt/airflow/dags/dag_01_hello_world.py took 0.128 seconds
[2026-06-15T14:55:52.290+0000] {processor.py:161} INFO - Started process (PID=2801) to work on /opt/airflow/dags/dag_01_hello_world.py
[2026-06-15T14:55:52.292+0000] {processor.py:830} INFO - Processing file /opt/airflow/dags/dag_01_hello_world.py for tasks to queue
[2026-06-15T14:55:52.295+0000] {logging_mixin.py:188} INFO - [2026-06-15T14:55:52.295+0000] {dagbag.py:545} INFO - Filling up the DagBag from /opt/airflow/dags/dag_01_hello_world.py
[2026-06-15T14:55:52.310+0000] {processor.py:840} INFO - DAG(s) '01_hello_world' retrieved from /opt/airflow/dags/dag_01_hello_world.py
[2026-06-15T14:55:52.359+0000] {logging_mixin.py:188} INFO - [2026-06-15T14:55:52.359+0000] {dag.py:3089} INFO - Sync 1 DAGs
[2026-06-15T14:55:52.378+0000] {logging_mixin.py:188} INFO - [2026-06-15T14:55:52.378+0000] {dag.py:3947} INFO - Setting next_dagrun for 01_hello_world to None, run_after=None
[2026-06-15T14:55:52.404+0000] {processor.py:183} INFO - Processing /opt/airflow/dags/dag_01_hello_world.py took 0.126 seconds
[2026-06-15T14:56:22.633+0000] {processor.py:161} INFO - Started process (PID=2821) to work on /opt/airflow/dags/dag_01_hello_world.py
[2026-06-15T14:56:22.635+0000] {processor.py:830} INFO - Processing file /opt/airflow/dags/dag_01_hello_world.py for tasks to queue
[2026-06-15T14:56:22.639+0000] {logging_mixin.py:188} INFO - [2026-06-15T14:56:22.638+0000] {dagbag.py:545} INFO - Filling up the DagBag from /opt/airflow/dags/dag_01_hello_world.py
[2026-06-15T14:56:22.651+0000] {processor.py:840} INFO - DAG(s) '01_hello_world' retrieved from /opt/airflow/dags/dag_01_hello_world.py
[2026-06-15T14:56:22.698+0000] {logging_mixin.py:188} INFO - [2026-06-15T14:56:22.697+0000] {dag.py:3089} INFO - Sync 1 DAGs
[2026-06-15T14:56:22.716+0000] {logging_mixin.py:188} INFO - [2026-06-15T14:56:22.716+0000] {dag.py:3947} INFO - Setting next_dagrun for 01_hello_world to None, run_after=None
[2026-06-15T14:56:22.743+0000] {processor.py:183} INFO - Processing /opt/airflow/dags/dag_01_hello_world.py took 0.120 seconds
[2026-06-15T14:56:52.949+0000] {processor.py:161} INFO - Started process (PID=2841) to work on /opt/airflow/dags/dag_01_hello_world.py
[2026-06-15T14:56:52.950+0000] {processor.py:830} INFO - Processing file /opt/airflow/dags/dag_01_hello_world.py for tasks to queue
[2026-06-15T14:56:52.953+0000] {logging_mixin.py:188} INFO - [2026-06-15T14:56:52.953+0000] {dagbag.py:545} INFO - Filling up the DagBag from /opt/airflow/dags/dag_01_hello_world.py
[2026-06-15T14:56:52.967+0000] {processor.py:840} INFO - DAG(s) '01_hello_world' retrieved from /opt/airflow/dags/dag_01_hello_world.py
[2026-06-15T14:56:53.014+0000] {logging_mixin.py:188} INFO - [2026-06-15T14:56:53.013+0000] {dag.py:3089} INFO - Sync 1 DAGs
[2026-06-15T14:56:53.034+0000] {logging_mixin.py:188} INFO - [2026-06-15T14:56:53.033+0000] {dag.py:3947} INFO - Setting next_dagrun for 01_hello_world to None, run_after=None
[2026-06-15T14:56:53.061+0000] {processor.py:183} INFO - Processing /opt/airflow/dags/dag_01_hello_world.py took 0.124 seconds
[2026-06-15T14:57:23.234+0000] {processor.py:161} INFO - Started process (PID=2861) to work on /opt/airflow/dags/dag_01_hello_world.py
[2026-06-15T14:57:23.235+0000] {processor.py:830} INFO - Processing file /opt/airflow/dags/dag_01_hello_world.py for tasks to queue
[2026-06-15T14:57:23.238+0000] {logging_mixin.py:188} INFO - [2026-06-15T14:57:23.238+0000] {dagbag.py:545} INFO - Filling up the DagBag from /opt/airflow/dags/dag_01_hello_world.py
[2026-06-15T14:57:23.251+0000] {processor.py:840} INFO - DAG(s) '01_hello_world' retrieved from /opt/airflow/dags/dag_01_hello_world.py
[2026-06-15T14:57:23.299+0000] {logging_mixin.py:188} INFO - [2026-06-15T14:57:23.299+0000] {dag.py:3089} INFO - Sync 1 DAGs
[2026-06-15T14:57:23.318+0000] {logging_mixin.py:188} INFO - [2026-06-15T14:57:23.317+0000] {dag.py:3947} INFO - Setting next_dagrun for 01_hello_world to None, run_after=None
[2026-06-15T14:57:23.348+0000] {processor.py:183} INFO - Processing /opt/airflow/dags/dag_01_hello_world.py took 0.126 seconds
[2026-06-15T14:57:53.542+0000] {processor.py:161} INFO - Started process (PID=2881) to work on /opt/airflow/dags/dag_01_hello_world.py
[2026-06-15T14:57:53.544+0000] {processor.py:830} INFO - Processing file /opt/airflow/dags/dag_01_hello_world.py for tasks to queue
[2026-06-15T14:57:53.547+0000] {logging_mixin.py:188} INFO - [2026-06-15T14:57:53.546+0000] {dagbag.py:545} INFO - Filling up the DagBag from /opt/airflow/dags/dag_01_hello_world.py
[2026-06-15T14:57:53.559+0000] {processor.py:840} INFO - DAG(s) '01_hello_world' retrieved from /opt/airflow/dags/dag_01_hello_world.py
[2026-06-15T14:57:53.607+0000] {logging_mixin.py:188} INFO - [2026-06-15T14:57:53.607+0000] {dag.py:3089} INFO - Sync 1 DAGs
[2026-06-15T14:57:53.627+0000] {logging_mixin.py:188} INFO - [2026-06-15T14:57:53.627+0000] {dag.py:3947} INFO - Setting next_dagrun for 01_hello_world to None, run_after=None
[2026-06-15T14:57:53.658+0000] {processor.py:183} INFO - Processing /opt/airflow/dags/dag_01_hello_world.py took 0.131 seconds
[2026-06-15T14:58:23.779+0000] {processor.py:161} INFO - Started process (PID=2901) to work on /opt/airflow/dags/dag_01_hello_world.py
[2026-06-15T14:58:23.780+0000] {processor.py:830} INFO - Processing file /opt/airflow/dags/dag_01_hello_world.py for tasks to queue
[2026-06-15T14:58:23.783+0000] {logging_mixin.py:188} INFO - [2026-06-15T14:58:23.783+0000] {dagbag.py:545} INFO - Filling up the DagBag from /opt/airflow/dags/dag_01_hello_world.py
[2026-06-15T14:58:23.794+0000] {processor.py:840} INFO - DAG(s) '01_hello_world' retrieved from /opt/airflow/dags/dag_01_hello_world.py
[2026-06-15T14:58:23.836+0000] {logging_mixin.py:188} INFO - [2026-06-15T14:58:23.836+0000] {dag.py:3089} INFO - Sync 1 DAGs
[2026-06-15T14:58:23.858+0000] {logging_mixin.py:188} INFO - [2026-06-15T14:58:23.858+0000] {dag.py:3947} INFO - Setting next_dagrun for 01_hello_world to None, run_after=None
[2026-06-15T14:58:23.885+0000] {processor.py:183} INFO - Processing /opt/airflow/dags/dag_01_hello_world.py took 0.117 seconds
[2026-06-15T14:58:54.030+0000] {processor.py:161} INFO - Started process (PID=2921) to work on /opt/airflow/dags/dag_01_hello_world.py
[2026-06-15T14:58:54.032+0000] {processor.py:830} INFO - Processing file /opt/airflow/dags/dag_01_hello_world.py for tasks to queue
[2026-06-15T14:58:54.035+0000] {logging_mixin.py:188} INFO - [2026-06-15T14:58:54.035+0000] {dagbag.py:545} INFO - Filling up the DagBag from /opt/airflow/dags/dag_01_hello_world.py
[2026-06-15T14:58:54.046+0000] {processor.py:840} INFO - DAG(s) '01_hello_world' retrieved from /opt/airflow/dags/dag_01_hello_world.py
[2026-06-15T14:58:54.090+0000] {logging_mixin.py:188} INFO - [2026-06-15T14:58:54.089+0000] {dag.py:3089} INFO - Sync 1 DAGs
[2026-06-15T14:58:54.108+0000] {logging_mixin.py:188} INFO - [2026-06-15T14:58:54.108+0000] {dag.py:3947} INFO - Setting next_dagrun for 01_hello_world to None, run_after=None
[2026-06-15T14:58:54.133+0000] {processor.py:183} INFO - Processing /opt/airflow/dags/dag_01_hello_world.py took 0.113 seconds
[2026-06-15T14:59:24.330+0000] {processor.py:161} INFO - Started process (PID=2941) to work on /opt/airflow/dags/dag_01_hello_world.py
[2026-06-15T14:59:24.332+0000] {processor.py:830} INFO - Processing file /opt/airflow/dags/dag_01_hello_world.py for tasks to queue
[2026-06-15T14:59:24.336+0000] {logging_mixin.py:188} INFO - [2026-06-15T14:59:24.335+0000] {dagbag.py:545} INFO - Filling up the DagBag from /opt/airflow/dags/dag_01_hello_world.py
[2026-06-15T14:59:24.349+0000] {processor.py:840} INFO - DAG(s) '01_hello_world' retrieved from /opt/airflow/dags/dag_01_hello_world.py
[2026-06-15T14:59:24.395+0000] {logging_mixin.py:188} INFO - [2026-06-15T14:59:24.395+0000] {dag.py:3089} INFO - Sync 1 DAGs
[2026-06-15T14:59:24.415+0000] {logging_mixin.py:188} INFO - [2026-06-15T14:59:24.415+0000] {dag.py:3947} INFO - Setting next_dagrun for 01_hello_world to None, run_after=None
[2026-06-15T14:59:24.443+0000] {processor.py:183} INFO - Processing /opt/airflow/dags/dag_01_hello_world.py took 0.124 seconds
[2026-06-15T14:59:54.594+0000] {processor.py:161} INFO - Started process (PID=2961) to work on /opt/airflow/dags/dag_01_hello_world.py
[2026-06-15T14:59:54.596+0000] {processor.py:830} INFO - Processing file /opt/airflow/dags/dag_01_hello_world.py for tasks to queue
[2026-06-15T14:59:54.598+0000] {logging_mixin.py:188} INFO - [2026-06-15T14:59:54.598+0000] {dagbag.py:545} INFO - Filling up the DagBag from /opt/airflow/dags/dag_01_hello_world.py
[2026-06-15T14:59:54.609+0000] {processor.py:840} INFO - DAG(s) '01_hello_world' retrieved from /opt/airflow/dags/dag_01_hello_world.py
[2026-06-15T14:59:54.661+0000] {logging_mixin.py:188} INFO - [2026-06-15T14:59:54.661+0000] {dag.py:3089} INFO - Sync 1 DAGs
[2026-06-15T14:59:54.684+0000] {logging_mixin.py:188} INFO - [2026-06-15T14:59:54.683+0000] {dag.py:3947} INFO - Setting next_dagrun for 01_hello_world to None, run_after=None
[2026-06-15T14:59:54.714+0000] {processor.py:183} INFO - Processing /opt/airflow/dags/dag_01_hello_world.py took 0.131 seconds
[2026-06-15T15:00:24.924+0000] {processor.py:161} INFO - Started process (PID=2981) to work on /opt/airflow/dags/dag_01_hello_world.py
[2026-06-15T15:00:24.925+0000] {processor.py:830} INFO - Processing file /opt/airflow/dags/dag_01_hello_world.py for tasks to queue
[2026-06-15T15:00:24.928+0000] {logging_mixin.py:188} INFO - [2026-06-15T15:00:24.928+0000] {dagbag.py:545} INFO - Filling up the DagBag from /opt/airflow/dags/dag_01_hello_world.py
[2026-06-15T15:00:24.943+0000] {processor.py:840} INFO - DAG(s) '01_hello_world' retrieved from /opt/airflow/dags/dag_01_hello_world.py
[2026-06-15T15:00:24.997+0000] {logging_mixin.py:188} INFO - [2026-06-15T15:00:24.996+0000] {dag.py:3089} INFO - Sync 1 DAGs
[2026-06-15T15:00:25.015+0000] {logging_mixin.py:188} INFO - [2026-06-15T15:00:25.014+0000] {dag.py:3947} INFO - Setting next_dagrun for 01_hello_world to None, run_after=None
[2026-06-15T15:00:25.044+0000] {processor.py:183} INFO - Processing /opt/airflow/dags/dag_01_hello_world.py took 0.135 seconds
[2026-06-15T15:00:55.184+0000] {processor.py:161} INFO - Started process (PID=3001) to work on /opt/airflow/dags/dag_01_hello_world.py
[2026-06-15T15:00:55.185+0000] {processor.py:830} INFO - Processing file /opt/airflow/dags/dag_01_hello_world.py for tasks to queue
[2026-06-15T15:00:55.187+0000] {logging_mixin.py:188} INFO - [2026-06-15T15:00:55.187+0000] {dagbag.py:545} INFO - Filling up the DagBag from /opt/airflow/dags/dag_01_hello_world.py
[2026-06-15T15:00:55.197+0000] {processor.py:840} INFO - DAG(s) '01_hello_world' retrieved from /opt/airflow/dags/dag_01_hello_world.py
[2026-06-15T15:00:55.247+0000] {logging_mixin.py:188} INFO - [2026-06-15T15:00:55.246+0000] {dag.py:3089} INFO - Sync 1 DAGs
[2026-06-15T15:00:55.266+0000] {logging_mixin.py:188} INFO - [2026-06-15T15:00:55.265+0000] {dag.py:3947} INFO - Setting next_dagrun for 01_hello_world to None, run_after=None
[2026-06-15T15:00:55.294+0000] {processor.py:183} INFO - Processing /opt/airflow/dags/dag_01_hello_world.py took 0.118 seconds
[2026-06-15T15:01:25.433+0000] {processor.py:161} INFO - Started process (PID=3021) to work on /opt/airflow/dags/dag_01_hello_world.py
[2026-06-15T15:01:25.435+0000] {processor.py:830} INFO - Processing file /opt/airflow/dags/dag_01_hello_world.py for tasks to queue
[2026-06-15T15:01:25.439+0000] {logging_mixin.py:188} INFO - [2026-06-15T15:01:25.438+0000] {dagbag.py:545} INFO - Filling up the DagBag from /opt/airflow/dags/dag_01_hello_world.py
[2026-06-15T15:01:25.453+0000] {processor.py:840} INFO - DAG(s) '01_hello_world' retrieved from /opt/airflow/dags/dag_01_hello_world.py
[2026-06-15T15:01:25.499+0000] {logging_mixin.py:188} INFO - [2026-06-15T15:01:25.498+0000] {dag.py:3089} INFO - Sync 1 DAGs
[2026-06-15T15:01:25.517+0000] {logging_mixin.py:188} INFO - [2026-06-15T15:01:25.517+0000] {dag.py:3947} INFO - Setting next_dagrun for 01_hello_world to None, run_after=None
[2026-06-15T15:01:25.547+0000] {processor.py:183} INFO - Processing /opt/airflow/dags/dag_01_hello_world.py took 0.126 seconds
[2026-06-15T15:01:55.689+0000] {processor.py:161} INFO - Started process (PID=3041) to work on /opt/airflow/dags/dag_01_hello_world.py
[2026-06-15T15:01:55.690+0000] {processor.py:830} INFO - Processing file /opt/airflow/dags/dag_01_hello_world.py for tasks to queue
[2026-06-15T15:01:55.694+0000] {logging_mixin.py:188} INFO - [2026-06-15T15:01:55.694+0000] {dagbag.py:545} INFO - Filling up the DagBag from /opt/airflow/dags/dag_01_hello_world.py
[2026-06-15T15:01:55.706+0000] {processor.py:840} INFO - DAG(s) '01_hello_world' retrieved from /opt/airflow/dags/dag_01_hello_world.py
[2026-06-15T15:01:55.753+0000] {logging_mixin.py:188} INFO - [2026-06-15T15:01:55.753+0000] {dag.py:3089} INFO - Sync 1 DAGs
[2026-06-15T15:01:55.771+0000] {logging_mixin.py:188} INFO - [2026-06-15T15:01:55.771+0000] {dag.py:3947} INFO - Setting next_dagrun for 01_hello_world to None, run_after=None
[2026-06-15T15:01:55.797+0000] {processor.py:183} INFO - Processing /opt/airflow/dags/dag_01_hello_world.py took 0.120 seconds
[2026-06-15T15:02:26.022+0000] {processor.py:161} INFO - Started process (PID=3061) to work on /opt/airflow/dags/dag_01_hello_world.py
[2026-06-15T15:02:26.024+0000] {processor.py:830} INFO - Processing file /opt/airflow/dags/dag_01_hello_world.py for tasks to queue
[2026-06-15T15:02:26.027+0000] {logging_mixin.py:188} INFO - [2026-06-15T15:02:26.026+0000] {dagbag.py:545} INFO - Filling up the DagBag from /opt/airflow/dags/dag_01_hello_world.py
[2026-06-15T15:02:26.039+0000] {processor.py:840} INFO - DAG(s) '01_hello_world' retrieved from /opt/airflow/dags/dag_01_hello_world.py
[2026-06-15T15:02:26.084+0000] {logging_mixin.py:188} INFO - [2026-06-15T15:02:26.084+0000] {dag.py:3089} INFO - Sync 1 DAGs
[2026-06-15T15:02:26.101+0000] {logging_mixin.py:188} INFO - [2026-06-15T15:02:26.101+0000] {dag.py:3947} INFO - Setting next_dagrun for 01_hello_world to None, run_after=None
[2026-06-15T15:02:26.128+0000] {processor.py:183} INFO - Processing /opt/airflow/dags/dag_01_hello_world.py took 0.120 seconds
[2026-06-15T15:02:56.280+0000] {processor.py:161} INFO - Started process (PID=3081) to work on /opt/airflow/dags/dag_01_hello_world.py
[2026-06-15T15:02:56.281+0000] {processor.py:830} INFO - Processing file /opt/airflow/dags/dag_01_hello_world.py for tasks to queue
[2026-06-15T15:02:56.284+0000] {logging_mixin.py:188} INFO - [2026-06-15T15:02:56.284+0000] {dagbag.py:545} INFO - Filling up the DagBag from /opt/airflow/dags/dag_01_hello_world.py
[2026-06-15T15:02:56.296+0000] {processor.py:840} INFO - DAG(s) '01_hello_world' retrieved from /opt/airflow/dags/dag_01_hello_world.py
[2026-06-15T15:02:56.342+0000] {logging_mixin.py:188} INFO - [2026-06-15T15:02:56.342+0000] {dag.py:3089} INFO - Sync 1 DAGs
[2026-06-15T15:02:56.361+0000] {logging_mixin.py:188} INFO - [2026-06-15T15:02:56.361+0000] {dag.py:3947} INFO - Setting next_dagrun for 01_hello_world to None, run_after=None
[2026-06-15T15:02:56.388+0000] {processor.py:183} INFO - Processing /opt/airflow/dags/dag_01_hello_world.py took 0.116 seconds
[2026-06-15T15:03:26.513+0000] {processor.py:161} INFO - Started process (PID=3101) to work on /opt/airflow/dags/dag_01_hello_world.py
[2026-06-15T15:03:26.515+0000] {processor.py:830} INFO - Processing file /opt/airflow/dags/dag_01_hello_world.py for tasks to queue
[2026-06-15T15:03:26.519+0000] {logging_mixin.py:188} INFO - [2026-06-15T15:03:26.518+0000] {dagbag.py:545} INFO - Filling up the DagBag from /opt/airflow/dags/dag_01_hello_world.py
[2026-06-15T15:03:26.533+0000] {processor.py:840} INFO - DAG(s) '01_hello_world' retrieved from /opt/airflow/dags/dag_01_hello_world.py
[2026-06-15T15:03:26.585+0000] {logging_mixin.py:188} INFO - [2026-06-15T15:03:26.585+0000] {dag.py:3089} INFO - Sync 1 DAGs
[2026-06-15T15:03:26.605+0000] {logging_mixin.py:188} INFO - [2026-06-15T15:03:26.604+0000] {dag.py:3947} INFO - Setting next_dagrun for 01_hello_world to None, run_after=None
[2026-06-15T15:03:26.629+0000] {processor.py:183} INFO - Processing /opt/airflow/dags/dag_01_hello_world.py took 0.132 seconds
[2026-06-15T15:03:56.761+0000] {processor.py:161} INFO - Started process (PID=3121) to work on /opt/airflow/dags/dag_01_hello_world.py
[2026-06-15T15:03:56.762+0000] {processor.py:830} INFO - Processing file /opt/airflow/dags/dag_01_hello_world.py for tasks to queue
[2026-06-15T15:03:56.766+0000] {logging_mixin.py:188} INFO - [2026-06-15T15:03:56.765+0000] {dagbag.py:545} INFO - Filling up the DagBag from /opt/airflow/dags/dag_01_hello_world.py
[2026-06-15T15:03:56.776+0000] {processor.py:840} INFO - DAG(s) '01_hello_world' retrieved from /opt/airflow/dags/dag_01_hello_world.py
[2026-06-15T15:03:56.823+0000] {logging_mixin.py:188} INFO - [2026-06-15T15:03:56.823+0000] {dag.py:3089} INFO - Sync 1 DAGs
[2026-06-15T15:03:56.842+0000] {logging_mixin.py:188} INFO - [2026-06-15T15:03:56.842+0000] {dag.py:3947} INFO - Setting next_dagrun for 01_hello_world to None, run_after=None
[2026-06-15T15:03:56.872+0000] {processor.py:183} INFO - Processing /opt/airflow/dags/dag_01_hello_world.py took 0.122 seconds
[2026-06-15T15:04:26.995+0000] {processor.py:161} INFO - Started process (PID=3141) to work on /opt/airflow/dags/dag_01_hello_world.py
[2026-06-15T15:04:26.997+0000] {processor.py:830} INFO - Processing file /opt/airflow/dags/dag_01_hello_world.py for tasks to queue
[2026-06-15T15:04:27.000+0000] {logging_mixin.py:188} INFO - [2026-06-15T15:04:27.000+0000] {dagbag.py:545} INFO - Filling up the DagBag from /opt/airflow/dags/dag_01_hello_world.py
[2026-06-15T15:04:27.013+0000] {processor.py:840} INFO - DAG(s) '01_hello_world' retrieved from /opt/airflow/dags/dag_01_hello_world.py
[2026-06-15T15:04:27.058+0000] {logging_mixin.py:188} INFO - [2026-06-15T15:04:27.057+0000] {dag.py:3089} INFO - Sync 1 DAGs
[2026-06-15T15:04:27.078+0000] {logging_mixin.py:188} INFO - [2026-06-15T15:04:27.078+0000] {dag.py:3947} INFO - Setting next_dagrun for 01_hello_world to None, run_after=None
[2026-06-15T15:04:27.104+0000] {processor.py:183} INFO - Processing /opt/airflow/dags/dag_01_hello_world.py took 0.119 seconds
[2026-06-15T15:04:57.262+0000] {processor.py:161} INFO - Started process (PID=3161) to work on /opt/airflow/dags/dag_01_hello_world.py
[2026-06-15T15:04:57.263+0000] {processor.py:830} INFO - Processing file /opt/airflow/dags/dag_01_hello_world.py for tasks to queue
[2026-06-15T15:04:57.266+0000] {logging_mixin.py:188} INFO - [2026-06-15T15:04:57.266+0000] {dagbag.py:545} INFO - Filling up the DagBag from /opt/airflow/dags/dag_01_hello_world.py
[2026-06-15T15:04:57.279+0000] {processor.py:840} INFO - DAG(s) '01_hello_world' retrieved from /opt/airflow/dags/dag_01_hello_world.py
[2026-06-15T15:04:57.327+0000] {logging_mixin.py:188} INFO - [2026-06-15T15:04:57.326+0000] {dag.py:3089} INFO - Sync 1 DAGs
[2026-06-15T15:04:57.345+0000] {logging_mixin.py:188} INFO - [2026-06-15T15:04:57.344+0000] {dag.py:3947} INFO - Setting next_dagrun for 01_hello_world to None, run_after=None
[2026-06-15T15:04:57.372+0000] {processor.py:183} INFO - Processing /opt/airflow/dags/dag_01_hello_world.py took 0.127 seconds
[2026-06-15T15:05:27.490+0000] {processor.py:161} INFO - Started process (PID=3181) to work on /opt/airflow/dags/dag_01_hello_world.py
[2026-06-15T15:05:27.492+0000] {processor.py:830} INFO - Processing file /opt/airflow/dags/dag_01_hello_world.py for tasks to queue
[2026-06-15T15:05:27.495+0000] {logging_mixin.py:188} INFO - [2026-06-15T15:05:27.495+0000] {dagbag.py:545} INFO - Filling up the DagBag from /opt/airflow/dags/dag_01_hello_world.py
[2026-06-15T15:05:27.510+0000] {processor.py:840} INFO - DAG(s) '01_hello_world' retrieved from /opt/airflow/dags/dag_01_hello_world.py
[2026-06-15T15:05:27.560+0000] {logging_mixin.py:188} INFO - [2026-06-15T15:05:27.560+0000] {dag.py:3089} INFO - Sync 1 DAGs
[2026-06-15T15:05:27.578+0000] {logging_mixin.py:188} INFO - [2026-06-15T15:05:27.578+0000] {dag.py:3947} INFO - Setting next_dagrun for 01_hello_world to None, run_after=None
[2026-06-15T15:05:27.603+0000] {processor.py:183} INFO - Processing /opt/airflow/dags/dag_01_hello_world.py took 0.125 seconds
[2026-06-15T15:05:57.735+0000] {processor.py:161} INFO - Started process (PID=3201) to work on /opt/airflow/dags/dag_01_hello_world.py
[2026-06-15T15:05:57.737+0000] {processor.py:830} INFO - Processing file /opt/airflow/dags/dag_01_hello_world.py for tasks to queue
[2026-06-15T15:05:57.741+0000] {logging_mixin.py:188} INFO - [2026-06-15T15:05:57.740+0000] {dagbag.py:545} INFO - Filling up the DagBag from /opt/airflow/dags/dag_01_hello_world.py
[2026-06-15T15:05:57.753+0000] {processor.py:840} INFO - DAG(s) '01_hello_world' retrieved from /opt/airflow/dags/dag_01_hello_world.py
[2026-06-15T15:05:57.800+0000] {logging_mixin.py:188} INFO - [2026-06-15T15:05:57.799+0000] {dag.py:3089} INFO - Sync 1 DAGs
[2026-06-15T15:05:57.817+0000] {logging_mixin.py:188} INFO - [2026-06-15T15:05:57.817+0000] {dag.py:3947} INFO - Setting next_dagrun for 01_hello_world to None, run_after=None
[2026-06-15T15:05:57.847+0000] {processor.py:183} INFO - Processing /opt/airflow/dags/dag_01_hello_world.py took 0.122 seconds
[2026-06-15T15:06:28.058+0000] {processor.py:161} INFO - Started process (PID=3221) to work on /opt/airflow/dags/dag_01_hello_world.py
[2026-06-15T15:06:28.060+0000] {processor.py:830} INFO - Processing file /opt/airflow/dags/dag_01_hello_world.py for tasks to queue
[2026-06-15T15:06:28.063+0000] {logging_mixin.py:188} INFO - [2026-06-15T15:06:28.063+0000] {dagbag.py:545} INFO - Filling up the DagBag from /opt/airflow/dags/dag_01_hello_world.py
[2026-06-15T15:06:28.075+0000] {processor.py:840} INFO - DAG(s) '01_hello_world' retrieved from /opt/airflow/dags/dag_01_hello_world.py
[2026-06-15T15:06:28.124+0000] {logging_mixin.py:188} INFO - [2026-06-15T15:06:28.124+0000] {dag.py:3089} INFO - Sync 1 DAGs
[2026-06-15T15:06:28.142+0000] {logging_mixin.py:188} INFO - [2026-06-15T15:06:28.142+0000] {dag.py:3947} INFO - Setting next_dagrun for 01_hello_world to None, run_after=None
[2026-06-15T15:06:28.173+0000] {processor.py:183} INFO - Processing /opt/airflow/dags/dag_01_hello_world.py took 0.127 seconds
[2026-06-15T15:06:58.349+0000] {processor.py:161} INFO - Started process (PID=3241) to work on /opt/airflow/dags/dag_01_hello_world.py
[2026-06-15T15:06:58.350+0000] {processor.py:830} INFO - Processing file /opt/airflow/dags/dag_01_hello_world.py for tasks to queue
[2026-06-15T15:06:58.354+0000] {logging_mixin.py:188} INFO - [2026-06-15T15:06:58.353+0000] {dagbag.py:545} INFO - Filling up the DagBag from /opt/airflow/dags/dag_01_hello_world.py
[2026-06-15T15:06:58.368+0000] {processor.py:840} INFO - DAG(s) '01_hello_world' retrieved from /opt/airflow/dags/dag_01_hello_world.py
[2026-06-15T15:06:58.419+0000] {logging_mixin.py:188} INFO - [2026-06-15T15:06:58.419+0000] {dag.py:3089} INFO - Sync 1 DAGs
[2026-06-15T15:06:58.438+0000] {logging_mixin.py:188} INFO - [2026-06-15T15:06:58.437+0000] {dag.py:3947} INFO - Setting next_dagrun for 01_hello_world to None, run_after=None
[2026-06-15T15:06:58.464+0000] {processor.py:183} INFO - Processing /opt/airflow/dags/dag_01_hello_world.py took 0.125 seconds
[2026-06-15T15:07:28.610+0000] {processor.py:161} INFO - Started process (PID=3261) to work on /opt/airflow/dags/dag_01_hello_world.py
[2026-06-15T15:07:28.612+0000] {processor.py:830} INFO - Processing file /opt/airflow/dags/dag_01_hello_world.py for tasks to queue
[2026-06-15T15:07:28.616+0000] {logging_mixin.py:188} INFO - [2026-06-15T15:07:28.615+0000] {dagbag.py:545} INFO - Filling up the DagBag from /opt/airflow/dags/dag_01_hello_world.py
[2026-06-15T15:07:28.628+0000] {processor.py:840} INFO - DAG(s) '01_hello_world' retrieved from /opt/airflow/dags/dag_01_hello_world.py
[2026-06-15T15:07:28.676+0000] {logging_mixin.py:188} INFO - [2026-06-15T15:07:28.676+0000] {dag.py:3089} INFO - Sync 1 DAGs
[2026-06-15T15:07:28.694+0000] {logging_mixin.py:188} INFO - [2026-06-15T15:07:28.694+0000] {dag.py:3947} INFO - Setting next_dagrun for 01_hello_world to None, run_after=None
[2026-06-15T15:07:28.722+0000] {processor.py:183} INFO - Processing /opt/airflow/dags/dag_01_hello_world.py took 0.121 seconds
[2026-06-15T15:07:58.882+0000] {processor.py:161} INFO - Started process (PID=3281) to work on /opt/airflow/dags/dag_01_hello_world.py
[2026-06-15T15:07:58.884+0000] {processor.py:830} INFO - Processing file /opt/airflow/dags/dag_01_hello_world.py for tasks to queue
[2026-06-15T15:07:58.887+0000] {logging_mixin.py:188} INFO - [2026-06-15T15:07:58.886+0000] {dagbag.py:545} INFO - Filling up the DagBag from /opt/airflow/dags/dag_01_hello_world.py
[2026-06-15T15:07:58.899+0000] {processor.py:840} INFO - DAG(s) '01_hello_world' retrieved from /opt/airflow/dags/dag_01_hello_world.py
[2026-06-15T15:07:58.945+0000] {logging_mixin.py:188} INFO - [2026-06-15T15:07:58.944+0000] {dag.py:3089} INFO - Sync 1 DAGs
[2026-06-15T15:07:58.963+0000] {logging_mixin.py:188} INFO - [2026-06-15T15:07:58.963+0000] {dag.py:3947} INFO - Setting next_dagrun for 01_hello_world to None, run_after=None
[2026-06-15T15:07:58.989+0000] {processor.py:183} INFO - Processing /opt/airflow/dags/dag_01_hello_world.py took 0.118 seconds
[2026-06-15T15:08:29.150+0000] {processor.py:161} INFO - Started process (PID=3301) to work on /opt/airflow/dags/dag_01_hello_world.py
[2026-06-15T15:08:29.151+0000] {processor.py:830} INFO - Processing file /opt/airflow/dags/dag_01_hello_world.py for tasks to queue
[2026-06-15T15:08:29.154+0000] {logging_mixin.py:188} INFO - [2026-06-15T15:08:29.153+0000] {dagbag.py:545} INFO - Filling up the DagBag from /opt/airflow/dags/dag_01_hello_world.py
[2026-06-15T15:08:29.166+0000] {processor.py:840} INFO - DAG(s) '01_hello_world' retrieved from /opt/airflow/dags/dag_01_hello_world.py
[2026-06-15T15:08:29.211+0000] {logging_mixin.py:188} INFO - [2026-06-15T15:08:29.210+0000] {dag.py:3089} INFO - Sync 1 DAGs
[2026-06-15T15:08:29.227+0000] {logging_mixin.py:188} INFO - [2026-06-15T15:08:29.227+0000] {dag.py:3947} INFO - Setting next_dagrun for 01_hello_world to None, run_after=None
[2026-06-15T15:08:29.254+0000] {processor.py:183} INFO - Processing /opt/airflow/dags/dag_01_hello_world.py took 0.114 seconds
[2026-06-15T15:08:59.412+0000] {processor.py:161} INFO - Started process (PID=3321) to work on /opt/airflow/dags/dag_01_hello_world.py
[2026-06-15T15:08:59.414+0000] {processor.py:830} INFO - Processing file /opt/airflow/dags/dag_01_hello_world.py for tasks to queue
[2026-06-15T15:08:59.417+0000] {logging_mixin.py:188} INFO - [2026-06-15T15:08:59.416+0000] {dagbag.py:545} INFO - Filling up the DagBag from /opt/airflow/dags/dag_01_hello_world.py
[2026-06-15T15:08:59.430+0000] {processor.py:840} INFO - DAG(s) '01_hello_world' retrieved from /opt/airflow/dags/dag_01_hello_world.py
[2026-06-15T15:08:59.478+0000] {logging_mixin.py:188} INFO - [2026-06-15T15:08:59.478+0000] {dag.py:3089} INFO - Sync 1 DAGs
[2026-06-15T15:08:59.496+0000] {logging_mixin.py:188} INFO - [2026-06-15T15:08:59.496+0000] {dag.py:3947} INFO - Setting next_dagrun for 01_hello_world to None, run_after=None
[2026-06-15T15:08:59.523+0000] {processor.py:183} INFO - Processing /opt/airflow/dags/dag_01_hello_world.py took 0.124 seconds
[2026-06-15T15:09:29.914+0000] {processor.py:161} INFO - Started process (PID=3341) to work on /opt/airflow/dags/dag_01_hello_world.py
[2026-06-15T15:09:29.916+0000] {processor.py:830} INFO - Processing file /opt/airflow/dags/dag_01_hello_world.py for tasks to queue
[2026-06-15T15:09:29.919+0000] {logging_mixin.py:188} INFO - [2026-06-15T15:09:29.919+0000] {dagbag.py:545} INFO - Filling up the DagBag from /opt/airflow/dags/dag_01_hello_world.py
[2026-06-15T15:09:29.932+0000] {processor.py:840} INFO - DAG(s) '01_hello_world' retrieved from /opt/airflow/dags/dag_01_hello_world.py
[2026-06-15T15:09:28.737+0000] {logging_mixin.py:188} INFO - [2026-06-15T15:09:28.737+0000] {dag.py:3089} INFO - Sync 1 DAGs
[2026-06-15T15:09:28.756+0000] {logging_mixin.py:188} INFO - [2026-06-15T15:09:28.756+0000] {dag.py:3947} INFO - Setting next_dagrun for 01_hello_world to None, run_after=None
[2026-06-15T15:09:28.786+0000] {processor.py:183} INFO - Processing /opt/airflow/dags/dag_01_hello_world.py took 0.127 seconds
[2026-06-15T15:09:59.021+0000] {processor.py:161} INFO - Started process (PID=3353) to work on /opt/airflow/dags/dag_01_hello_world.py
[2026-06-15T15:09:59.023+0000] {processor.py:830} INFO - Processing file /opt/airflow/dags/dag_01_hello_world.py for tasks to queue
[2026-06-15T15:09:59.026+0000] {logging_mixin.py:188} INFO - [2026-06-15T15:09:59.026+0000] {dagbag.py:545} INFO - Filling up the DagBag from /opt/airflow/dags/dag_01_hello_world.py
[2026-06-15T15:09:59.037+0000] {processor.py:840} INFO - DAG(s) '01_hello_world' retrieved from /opt/airflow/dags/dag_01_hello_world.py
[2026-06-15T15:09:59.089+0000] {logging_mixin.py:188} INFO - [2026-06-15T15:09:59.088+0000] {dag.py:3089} INFO - Sync 1 DAGs
[2026-06-15T15:09:59.113+0000] {logging_mixin.py:188} INFO - [2026-06-15T15:09:59.113+0000] {dag.py:3947} INFO - Setting next_dagrun for 01_hello_world to None, run_after=None
[2026-06-15T15:09:59.139+0000] {processor.py:183} INFO - Processing /opt/airflow/dags/dag_01_hello_world.py took 0.127 seconds
[2026-06-15T15:10:29.229+0000] {processor.py:161} INFO - Started process (PID=3373) to work on /opt/airflow/dags/dag_01_hello_world.py
[2026-06-15T15:10:29.231+0000] {processor.py:830} INFO - Processing file /opt/airflow/dags/dag_01_hello_world.py for tasks to queue
[2026-06-15T15:10:29.235+0000] {logging_mixin.py:188} INFO - [2026-06-15T15:10:29.235+0000] {dagbag.py:545} INFO - Filling up the DagBag from /opt/airflow/dags/dag_01_hello_world.py
[2026-06-15T15:10:29.247+0000] {processor.py:840} INFO - DAG(s) '01_hello_world' retrieved from /opt/airflow/dags/dag_01_hello_world.py
[2026-06-15T15:10:29.296+0000] {logging_mixin.py:188} INFO - [2026-06-15T15:10:29.296+0000] {dag.py:3089} INFO - Sync 1 DAGs
[2026-06-15T15:10:29.316+0000] {logging_mixin.py:188} INFO - [2026-06-15T15:10:29.315+0000] {dag.py:3947} INFO - Setting next_dagrun for 01_hello_world to None, run_after=None
[2026-06-15T15:10:29.346+0000] {processor.py:183} INFO - Processing /opt/airflow/dags/dag_01_hello_world.py took 0.127 seconds
[2026-06-15T15:10:59.506+0000] {processor.py:161} INFO - Started process (PID=3393) to work on /opt/airflow/dags/dag_01_hello_world.py
[2026-06-15T15:10:59.507+0000] {processor.py:830} INFO - Processing file /opt/airflow/dags/dag_01_hello_world.py for tasks to queue
[2026-06-15T15:10:59.510+0000] {logging_mixin.py:188} INFO - [2026-06-15T15:10:59.510+0000] {dagbag.py:545} INFO - Filling up the DagBag from /opt/airflow/dags/dag_01_hello_world.py
[2026-06-15T15:10:59.521+0000] {processor.py:840} INFO - DAG(s) '01_hello_world' retrieved from /opt/airflow/dags/dag_01_hello_world.py
[2026-06-15T15:10:59.572+0000] {logging_mixin.py:188} INFO - [2026-06-15T15:10:59.571+0000] {dag.py:3089} INFO - Sync 1 DAGs
[2026-06-15T15:10:59.593+0000] {logging_mixin.py:188} INFO - [2026-06-15T15:10:59.593+0000] {dag.py:3947} INFO - Setting next_dagrun for 01_hello_world to None, run_after=None
[2026-06-15T15:10:59.623+0000] {processor.py:183} INFO - Processing /opt/airflow/dags/dag_01_hello_world.py took 0.125 seconds
[2026-06-15T15:11:29.683+0000] {processor.py:161} INFO - Started process (PID=3413) to work on /opt/airflow/dags/dag_01_hello_world.py
[2026-06-15T15:11:29.685+0000] {processor.py:830} INFO - Processing file /opt/airflow/dags/dag_01_hello_world.py for tasks to queue
[2026-06-15T15:11:29.687+0000] {logging_mixin.py:188} INFO - [2026-06-15T15:11:29.686+0000] {dagbag.py:545} INFO - Filling up the DagBag from /opt/airflow/dags/dag_01_hello_world.py
[2026-06-15T15:11:29.696+0000] {processor.py:840} INFO - DAG(s) '01_hello_world' retrieved from /opt/airflow/dags/dag_01_hello_world.py
[2026-06-15T15:11:29.744+0000] {logging_mixin.py:188} INFO - [2026-06-15T15:11:29.743+0000] {dag.py:3089} INFO - Sync 1 DAGs
[2026-06-15T15:11:29.764+0000] {logging_mixin.py:188} INFO - [2026-06-15T15:11:29.763+0000] {dag.py:3947} INFO - Setting next_dagrun for 01_hello_world to None, run_after=None
[2026-06-15T15:11:29.793+0000] {processor.py:183} INFO - Processing /opt/airflow/dags/dag_01_hello_world.py took 0.119 seconds
[2026-06-15T15:11:59.937+0000] {processor.py:161} INFO - Started process (PID=3433) to work on /opt/airflow/dags/dag_01_hello_world.py
[2026-06-15T15:11:59.939+0000] {processor.py:830} INFO - Processing file /opt/airflow/dags/dag_01_hello_world.py for tasks to queue
[2026-06-15T15:11:59.942+0000] {logging_mixin.py:188} INFO - [2026-06-15T15:11:59.942+0000] {dagbag.py:545} INFO - Filling up the DagBag from /opt/airflow/dags/dag_01_hello_world.py
[2026-06-15T15:11:59.952+0000] {processor.py:840} INFO - DAG(s) '01_hello_world' retrieved from /opt/airflow/dags/dag_01_hello_world.py
[2026-06-15T15:11:59.996+0000] {logging_mixin.py:188} INFO - [2026-06-15T15:11:59.996+0000] {dag.py:3089} INFO - Sync 1 DAGs
[2026-06-15T15:12:00.014+0000] {logging_mixin.py:188} INFO - [2026-06-15T15:12:00.014+0000] {dag.py:3947} INFO - Setting next_dagrun for 01_hello_world to None, run_after=None
[2026-06-15T15:12:00.043+0000] {processor.py:183} INFO - Processing /opt/airflow/dags/dag_01_hello_world.py took 0.113 seconds
[2026-06-15T15:12:30.169+0000] {processor.py:161} INFO - Started process (PID=3453) to work on /opt/airflow/dags/dag_01_hello_world.py
[2026-06-15T15:12:30.171+0000] {processor.py:830} INFO - Processing file /opt/airflow/dags/dag_01_hello_world.py for tasks to queue
[2026-06-15T15:12:30.174+0000] {logging_mixin.py:188} INFO - [2026-06-15T15:12:30.173+0000] {dagbag.py:545} INFO - Filling up the DagBag from /opt/airflow/dags/dag_01_hello_world.py
[2026-06-15T15:12:30.184+0000] {processor.py:840} INFO - DAG(s) '01_hello_world' retrieved from /opt/airflow/dags/dag_01_hello_world.py
[2026-06-15T15:12:30.228+0000] {logging_mixin.py:188} INFO - [2026-06-15T15:12:30.228+0000] {dag.py:3089} INFO - Sync 1 DAGs
[2026-06-15T15:12:30.246+0000] {logging_mixin.py:188} INFO - [2026-06-15T15:12:30.245+0000] {dag.py:3947} INFO - Setting next_dagrun for 01_hello_world to None, run_after=None
[2026-06-15T15:12:30.275+0000] {processor.py:183} INFO - Processing /opt/airflow/dags/dag_01_hello_world.py took 0.116 seconds
[2026-06-15T15:13:00.434+0000] {processor.py:161} INFO - Started process (PID=3473) to work on /opt/airflow/dags/dag_01_hello_world.py
[2026-06-15T15:13:00.436+0000] {processor.py:830} INFO - Processing file /opt/airflow/dags/dag_01_hello_world.py for tasks to queue
[2026-06-15T15:13:00.439+0000] {logging_mixin.py:188} INFO - [2026-06-15T15:13:00.439+0000] {dagbag.py:545} INFO - Filling up the DagBag from /opt/airflow/dags/dag_01_hello_world.py
[2026-06-15T15:13:00.450+0000] {processor.py:840} INFO - DAG(s) '01_hello_world' retrieved from /opt/airflow/dags/dag_01_hello_world.py
[2026-06-15T15:13:00.498+0000] {logging_mixin.py:188} INFO - [2026-06-15T15:13:00.498+0000] {dag.py:3089} INFO - Sync 1 DAGs
[2026-06-15T15:13:00.519+0000] {logging_mixin.py:188} INFO - [2026-06-15T15:13:00.519+0000] {dag.py:3947} INFO - Setting next_dagrun for 01_hello_world to None, run_after=None
[2026-06-15T15:13:00.548+0000] {processor.py:183} INFO - Processing /opt/airflow/dags/dag_01_hello_world.py took 0.123 seconds
[2026-06-15T15:13:30.651+0000] {processor.py:161} INFO - Started process (PID=3493) to work on /opt/airflow/dags/dag_01_hello_world.py
[2026-06-15T15:13:30.662+0000] {processor.py:830} INFO - Processing file /opt/airflow/dags/dag_01_hello_world.py for tasks to queue
[2026-06-15T15:13:30.666+0000] {logging_mixin.py:188} INFO - [2026-06-15T15:13:30.665+0000] {dagbag.py:545} INFO - Filling up the DagBag from /opt/airflow/dags/dag_01_hello_world.py
[2026-06-15T15:13:30.677+0000] {processor.py:840} INFO - DAG(s) '01_hello_world' retrieved from /opt/airflow/dags/dag_01_hello_world.py
[2026-06-15T15:13:30.728+0000] {logging_mixin.py:188} INFO - [2026-06-15T15:13:30.728+0000] {dag.py:3089} INFO - Sync 1 DAGs
[2026-06-15T15:13:30.748+0000] {logging_mixin.py:188} INFO - [2026-06-15T15:13:30.748+0000] {dag.py:3947} INFO - Setting next_dagrun for 01_hello_world to None, run_after=None
[2026-06-15T15:13:30.774+0000] {processor.py:183} INFO - Processing /opt/airflow/dags/dag_01_hello_world.py took 0.133 seconds
[2026-06-15T15:14:00.950+0000] {processor.py:161} INFO - Started process (PID=3513) to work on /opt/airflow/dags/dag_01_hello_world.py
[2026-06-15T15:14:00.951+0000] {processor.py:830} INFO - Processing file /opt/airflow/dags/dag_01_hello_world.py for tasks to queue
[2026-06-15T15:14:00.954+0000] {logging_mixin.py:188} INFO - [2026-06-15T15:14:00.953+0000] {dagbag.py:545} INFO - Filling up the DagBag from /opt/airflow/dags/dag_01_hello_world.py
[2026-06-15T15:14:00.963+0000] {processor.py:840} INFO - DAG(s) '01_hello_world' retrieved from /opt/airflow/dags/dag_01_hello_world.py
[2026-06-15T15:14:01.008+0000] {logging_mixin.py:188} INFO - [2026-06-15T15:14:01.007+0000] {dag.py:3089} INFO - Sync 1 DAGs
[2026-06-15T15:14:01.025+0000] {logging_mixin.py:188} INFO - [2026-06-15T15:14:01.025+0000] {dag.py:3947} INFO - Setting next_dagrun for 01_hello_world to None, run_after=None
[2026-06-15T15:14:01.057+0000] {processor.py:183} INFO - Processing /opt/airflow/dags/dag_01_hello_world.py took 0.115 seconds
[2026-06-15T15:14:31.232+0000] {processor.py:161} INFO - Started process (PID=3533) to work on /opt/airflow/dags/dag_01_hello_world.py
[2026-06-15T15:14:31.233+0000] {processor.py:830} INFO - Processing file /opt/airflow/dags/dag_01_hello_world.py for tasks to queue
[2026-06-15T15:14:31.237+0000] {logging_mixin.py:188} INFO - [2026-06-15T15:14:31.237+0000] {dagbag.py:545} INFO - Filling up the DagBag from /opt/airflow/dags/dag_01_hello_world.py
[2026-06-15T15:14:31.251+0000] {processor.py:840} INFO - DAG(s) '01_hello_world' retrieved from /opt/airflow/dags/dag_01_hello_world.py
[2026-06-15T15:14:31.304+0000] {logging_mixin.py:188} INFO - [2026-06-15T15:14:31.303+0000] {dag.py:3089} INFO - Sync 1 DAGs
[2026-06-15T15:14:31.323+0000] {logging_mixin.py:188} INFO - [2026-06-15T15:14:31.323+0000] {dag.py:3947} INFO - Setting next_dagrun for 01_hello_world to None, run_after=None
[2026-06-15T15:14:31.349+0000] {processor.py:183} INFO - Processing /opt/airflow/dags/dag_01_hello_world.py took 0.127 seconds
[2026-06-15T15:15:01.501+0000] {processor.py:161} INFO - Started process (PID=3553) to work on /opt/airflow/dags/dag_01_hello_world.py
[2026-06-15T15:15:01.502+0000] {processor.py:830} INFO - Processing file /opt/airflow/dags/dag_01_hello_world.py for tasks to queue
[2026-06-15T15:15:01.506+0000] {logging_mixin.py:188} INFO - [2026-06-15T15:15:01.506+0000] {dagbag.py:545} INFO - Filling up the DagBag from /opt/airflow/dags/dag_01_hello_world.py
[2026-06-15T15:15:01.518+0000] {processor.py:840} INFO - DAG(s) '01_hello_world' retrieved from /opt/airflow/dags/dag_01_hello_world.py
[2026-06-15T15:15:01.569+0000] {logging_mixin.py:188} INFO - [2026-06-15T15:15:01.569+0000] {dag.py:3089} INFO - Sync 1 DAGs
[2026-06-15T15:15:01.596+0000] {logging_mixin.py:188} INFO - [2026-06-15T15:15:01.596+0000] {dag.py:3947} INFO - Setting next_dagrun for 01_hello_world to None, run_after=None
[2026-06-15T15:15:01.625+0000] {processor.py:183} INFO - Processing /opt/airflow/dags/dag_01_hello_world.py took 0.134 seconds
[2026-06-15T15:15:31.840+0000] {processor.py:161} INFO - Started process (PID=3573) to work on /opt/airflow/dags/dag_01_hello_world.py
[2026-06-15T15:15:31.847+0000] {processor.py:830} INFO - Processing file /opt/airflow/dags/dag_01_hello_world.py for tasks to queue
[2026-06-15T15:15:31.850+0000] {logging_mixin.py:188} INFO - [2026-06-15T15:15:31.850+0000] {dagbag.py:545} INFO - Filling up the DagBag from /opt/airflow/dags/dag_01_hello_world.py
[2026-06-15T15:15:31.861+0000] {processor.py:840} INFO - DAG(s) '01_hello_world' retrieved from /opt/airflow/dags/dag_01_hello_world.py
[2026-06-15T15:15:31.909+0000] {logging_mixin.py:188} INFO - [2026-06-15T15:15:31.908+0000] {dag.py:3089} INFO - Sync 1 DAGs
[2026-06-15T15:15:31.929+0000] {logging_mixin.py:188} INFO - [2026-06-15T15:15:31.929+0000] {dag.py:3947} INFO - Setting next_dagrun for 01_hello_world to None, run_after=None
[2026-06-15T15:15:31.964+0000] {processor.py:183} INFO - Processing /opt/airflow/dags/dag_01_hello_world.py took 0.134 seconds
[2026-06-15T15:16:02.042+0000] {processor.py:161} INFO - Started process (PID=3593) to work on /opt/airflow/dags/dag_01_hello_world.py
[2026-06-15T15:16:02.047+0000] {processor.py:830} INFO - Processing file /opt/airflow/dags/dag_01_hello_world.py for tasks to queue
[2026-06-15T15:16:02.051+0000] {logging_mixin.py:188} INFO - [2026-06-15T15:16:02.051+0000] {dagbag.py:545} INFO - Filling up the DagBag from /opt/airflow/dags/dag_01_hello_world.py
[2026-06-15T15:16:02.063+0000] {processor.py:840} INFO - DAG(s) '01_hello_world' retrieved from /opt/airflow/dags/dag_01_hello_world.py
[2026-06-15T15:16:02.120+0000] {logging_mixin.py:188} INFO - [2026-06-15T15:16:02.119+0000] {dag.py:3089} INFO - Sync 1 DAGs
[2026-06-15T15:16:02.162+0000] {logging_mixin.py:188} INFO - [2026-06-15T15:16:02.161+0000] {dag.py:3947} INFO - Setting next_dagrun for 01_hello_world to None, run_after=None
[2026-06-15T15:16:02.202+0000] {processor.py:183} INFO - Processing /opt/airflow/dags/dag_01_hello_world.py took 0.171 seconds
[2026-06-15T15:16:32.274+0000] {processor.py:161} INFO - Started process (PID=3613) to work on /opt/airflow/dags/dag_01_hello_world.py
[2026-06-15T15:16:32.276+0000] {processor.py:830} INFO - Processing file /opt/airflow/dags/dag_01_hello_world.py for tasks to queue
[2026-06-15T15:16:32.278+0000] {logging_mixin.py:188} INFO - [2026-06-15T15:16:32.277+0000] {dagbag.py:545} INFO - Filling up the DagBag from /opt/airflow/dags/dag_01_hello_world.py
[2026-06-15T15:16:32.288+0000] {processor.py:840} INFO - DAG(s) '01_hello_world' retrieved from /opt/airflow/dags/dag_01_hello_world.py
[2026-06-15T15:16:32.337+0000] {logging_mixin.py:188} INFO - [2026-06-15T15:16:32.336+0000] {dag.py:3089} INFO - Sync 1 DAGs
[2026-06-15T15:16:32.356+0000] {logging_mixin.py:188} INFO - [2026-06-15T15:16:32.356+0000] {dag.py:3947} INFO - Setting next_dagrun for 01_hello_world to None, run_after=None
[2026-06-15T15:16:32.385+0000] {processor.py:183} INFO - Processing /opt/airflow/dags/dag_01_hello_world.py took 0.122 seconds
[2026-06-15T15:17:02.452+0000] {processor.py:161} INFO - Started process (PID=3633) to work on /opt/airflow/dags/dag_01_hello_world.py
[2026-06-15T15:17:02.455+0000] {processor.py:830} INFO - Processing file /opt/airflow/dags/dag_01_hello_world.py for tasks to queue
[2026-06-15T15:17:02.458+0000] {logging_mixin.py:188} INFO - [2026-06-15T15:17:02.457+0000] {dagbag.py:545} INFO - Filling up the DagBag from /opt/airflow/dags/dag_01_hello_world.py
[2026-06-15T15:17:02.467+0000] {processor.py:840} INFO - DAG(s) '01_hello_world' retrieved from /opt/airflow/dags/dag_01_hello_world.py
[2026-06-15T15:17:02.512+0000] {logging_mixin.py:188} INFO - [2026-06-15T15:17:02.512+0000] {dag.py:3089} INFO - Sync 1 DAGs
[2026-06-15T15:17:02.529+0000] {logging_mixin.py:188} INFO - [2026-06-15T15:17:02.528+0000] {dag.py:3947} INFO - Setting next_dagrun for 01_hello_world to None, run_after=None
[2026-06-15T15:17:02.560+0000] {processor.py:183} INFO - Processing /opt/airflow/dags/dag_01_hello_world.py took 0.116 seconds
[2026-06-15T15:17:32.642+0000] {processor.py:161} INFO - Started process (PID=3653) to work on /opt/airflow/dags/dag_01_hello_world.py
[2026-06-15T15:17:32.643+0000] {processor.py:830} INFO - Processing file /opt/airflow/dags/dag_01_hello_world.py for tasks to queue
[2026-06-15T15:17:32.647+0000] {logging_mixin.py:188} INFO - [2026-06-15T15:17:32.646+0000] {dagbag.py:545} INFO - Filling up the DagBag from /opt/airflow/dags/dag_01_hello_world.py
[2026-06-15T15:17:32.659+0000] {processor.py:840} INFO - DAG(s) '01_hello_world' retrieved from /opt/airflow/dags/dag_01_hello_world.py
[2026-06-15T15:17:32.709+0000] {logging_mixin.py:188} INFO - [2026-06-15T15:17:32.709+0000] {dag.py:3089} INFO - Sync 1 DAGs
[2026-06-15T15:17:32.729+0000] {logging_mixin.py:188} INFO - [2026-06-15T15:17:32.728+0000] {dag.py:3947} INFO - Setting next_dagrun for 01_hello_world to None, run_after=None
[2026-06-15T15:17:32.756+0000] {processor.py:183} INFO - Processing /opt/airflow/dags/dag_01_hello_world.py took 0.124 seconds
[2026-06-15T15:18:02.876+0000] {processor.py:161} INFO - Started process (PID=3673) to work on /opt/airflow/dags/dag_01_hello_world.py
[2026-06-15T15:18:02.878+0000] {processor.py:830} INFO - Processing file /opt/airflow/dags/dag_01_hello_world.py for tasks to queue
[2026-06-15T15:18:02.881+0000] {logging_mixin.py:188} INFO - [2026-06-15T15:18:02.880+0000] {dagbag.py:545} INFO - Filling up the DagBag from /opt/airflow/dags/dag_01_hello_world.py
[2026-06-15T15:18:02.895+0000] {processor.py:840} INFO - DAG(s) '01_hello_world' retrieved from /opt/airflow/dags/dag_01_hello_world.py
[2026-06-15T15:18:02.943+0000] {logging_mixin.py:188} INFO - [2026-06-15T15:18:02.943+0000] {dag.py:3089} INFO - Sync 1 DAGs
[2026-06-15T15:18:02.964+0000] {logging_mixin.py:188} INFO - [2026-06-15T15:18:02.964+0000] {dag.py:3947} INFO - Setting next_dagrun for 01_hello_world to None, run_after=None
[2026-06-15T15:18:02.994+0000] {processor.py:183} INFO - Processing /opt/airflow/dags/dag_01_hello_world.py took 0.131 seconds
[2026-06-15T15:18:33.088+0000] {processor.py:161} INFO - Started process (PID=3693) to work on /opt/airflow/dags/dag_01_hello_world.py
[2026-06-15T15:18:33.090+0000] {processor.py:830} INFO - Processing file /opt/airflow/dags/dag_01_hello_world.py for tasks to queue
[2026-06-15T15:18:33.092+0000] {logging_mixin.py:188} INFO - [2026-06-15T15:18:33.092+0000] {dagbag.py:545} INFO - Filling up the DagBag from /opt/airflow/dags/dag_01_hello_world.py
[2026-06-15T15:18:33.101+0000] {processor.py:840} INFO - DAG(s) '01_hello_world' retrieved from /opt/airflow/dags/dag_01_hello_world.py
[2026-06-15T15:18:33.150+0000] {logging_mixin.py:188} INFO - [2026-06-15T15:18:33.150+0000] {dag.py:3089} INFO - Sync 1 DAGs
[2026-06-15T15:18:33.174+0000] {logging_mixin.py:188} INFO - [2026-06-15T15:18:33.174+0000] {dag.py:3947} INFO - Setting next_dagrun for 01_hello_world to None, run_after=None
[2026-06-15T15:18:33.212+0000] {processor.py:183} INFO - Processing /opt/airflow/dags/dag_01_hello_world.py took 0.133 seconds
[2026-06-15T15:19:03.311+0000] {processor.py:161} INFO - Started process (PID=3713) to work on /opt/airflow/dags/dag_01_hello_world.py
[2026-06-15T15:19:03.313+0000] {processor.py:830} INFO - Processing file /opt/airflow/dags/dag_01_hello_world.py for tasks to queue
[2026-06-15T15:19:03.316+0000] {logging_mixin.py:188} INFO - [2026-06-15T15:19:03.315+0000] {dagbag.py:545} INFO - Filling up the DagBag from /opt/airflow/dags/dag_01_hello_world.py
[2026-06-15T15:19:03.332+0000] {processor.py:840} INFO - DAG(s) '01_hello_world' retrieved from /opt/airflow/dags/dag_01_hello_world.py
[2026-06-15T15:19:03.389+0000] {logging_mixin.py:188} INFO - [2026-06-15T15:19:03.388+0000] {dag.py:3089} INFO - Sync 1 DAGs
[2026-06-15T15:19:03.412+0000] {logging_mixin.py:188} INFO - [2026-06-15T15:19:03.412+0000] {dag.py:3947} INFO - Setting next_dagrun for 01_hello_world to None, run_after=None
[2026-06-15T15:19:03.439+0000] {processor.py:183} INFO - Processing /opt/airflow/dags/dag_01_hello_world.py took 0.148 seconds
[2026-06-15T15:19:33.556+0000] {processor.py:161} INFO - Started process (PID=3733) to work on /opt/airflow/dags/dag_01_hello_world.py
[2026-06-15T15:19:33.557+0000] {processor.py:830} INFO - Processing file /opt/airflow/dags/dag_01_hello_world.py for tasks to queue
[2026-06-15T15:19:33.561+0000] {logging_mixin.py:188} INFO - [2026-06-15T15:19:33.560+0000] {dagbag.py:545} INFO - Filling up the DagBag from /opt/airflow/dags/dag_01_hello_world.py
[2026-06-15T15:19:33.572+0000] {processor.py:840} INFO - DAG(s) '01_hello_world' retrieved from /opt/airflow/dags/dag_01_hello_world.py
[2026-06-15T15:19:33.620+0000] {logging_mixin.py:188} INFO - [2026-06-15T15:19:33.620+0000] {dag.py:3089} INFO - Sync 1 DAGs
[2026-06-15T15:19:33.643+0000] {logging_mixin.py:188} INFO - [2026-06-15T15:19:33.642+0000] {dag.py:3947} INFO - Setting next_dagrun for 01_hello_world to None, run_after=None
[2026-06-15T15:19:33.680+0000] {processor.py:183} INFO - Processing /opt/airflow/dags/dag_01_hello_world.py took 0.134 seconds
[2026-06-15T15:20:03.756+0000] {processor.py:161} INFO - Started process (PID=3753) to work on /opt/airflow/dags/dag_01_hello_world.py
[2026-06-15T15:20:03.760+0000] {processor.py:830} INFO - Processing file /opt/airflow/dags/dag_01_hello_world.py for tasks to queue
[2026-06-15T15:20:03.763+0000] {logging_mixin.py:188} INFO - [2026-06-15T15:20:03.763+0000] {dagbag.py:545} INFO - Filling up the DagBag from /opt/airflow/dags/dag_01_hello_world.py
[2026-06-15T15:20:03.779+0000] {processor.py:840} INFO - DAG(s) '01_hello_world' retrieved from /opt/airflow/dags/dag_01_hello_world.py
[2026-06-15T15:20:03.842+0000] {logging_mixin.py:188} INFO - [2026-06-15T15:20:03.842+0000] {dag.py:3089} INFO - Sync 1 DAGs
[2026-06-15T15:20:03.863+0000] {logging_mixin.py:188} INFO - [2026-06-15T15:20:03.863+0000] {dag.py:3947} INFO - Setting next_dagrun for 01_hello_world to None, run_after=None
[2026-06-15T15:20:03.891+0000] {processor.py:183} INFO - Processing /opt/airflow/dags/dag_01_hello_world.py took 0.147 seconds
[2026-06-15T15:20:33.991+0000] {processor.py:161} INFO - Started process (PID=3773) to work on /opt/airflow/dags/dag_01_hello_world.py
[2026-06-15T15:20:33.993+0000] {processor.py:830} INFO - Processing file /opt/airflow/dags/dag_01_hello_world.py for tasks to queue
[2026-06-15T15:20:33.996+0000] {logging_mixin.py:188} INFO - [2026-06-15T15:20:33.995+0000] {dagbag.py:545} INFO - Filling up the DagBag from /opt/airflow/dags/dag_01_hello_world.py
[2026-06-15T15:20:34.009+0000] {processor.py:840} INFO - DAG(s) '01_hello_world' retrieved from /opt/airflow/dags/dag_01_hello_world.py
[2026-06-15T15:20:34.061+0000] {logging_mixin.py:188} INFO - [2026-06-15T15:20:34.061+0000] {dag.py:3089} INFO - Sync 1 DAGs
[2026-06-15T15:20:34.085+0000] {logging_mixin.py:188} INFO - [2026-06-15T15:20:34.085+0000] {dag.py:3947} INFO - Setting next_dagrun for 01_hello_world to None, run_after=None
[2026-06-15T15:20:34.113+0000] {processor.py:183} INFO - Processing /opt/airflow/dags/dag_01_hello_world.py took 0.134 seconds
[2026-06-15T15:21:04.255+0000] {processor.py:161} INFO - Started process (PID=3793) to work on /opt/airflow/dags/dag_01_hello_world.py
[2026-06-15T15:21:04.266+0000] {processor.py:830} INFO - Processing file /opt/airflow/dags/dag_01_hello_world.py for tasks to queue
[2026-06-15T15:21:04.269+0000] {logging_mixin.py:188} INFO - [2026-06-15T15:21:04.268+0000] {dagbag.py:545} INFO - Filling up the DagBag from /opt/airflow/dags/dag_01_hello_world.py
[2026-06-15T15:21:04.280+0000] {processor.py:840} INFO - DAG(s) '01_hello_world' retrieved from /opt/airflow/dags/dag_01_hello_world.py
[2026-06-15T15:21:04.333+0000] {logging_mixin.py:188} INFO - [2026-06-15T15:21:04.332+0000] {dag.py:3089} INFO - Sync 1 DAGs
[2026-06-15T15:21:04.355+0000] {logging_mixin.py:188} INFO - [2026-06-15T15:21:04.355+0000] {dag.py:3947} INFO - Setting next_dagrun for 01_hello_world to None, run_after=None
[2026-06-15T15:21:04.385+0000] {processor.py:183} INFO - Processing /opt/airflow/dags/dag_01_hello_world.py took 0.141 seconds
[2026-06-15T15:21:34.502+0000] {processor.py:161} INFO - Started process (PID=3813) to work on /opt/airflow/dags/dag_01_hello_world.py
[2026-06-15T15:21:34.503+0000] {processor.py:830} INFO - Processing file /opt/airflow/dags/dag_01_hello_world.py for tasks to queue
[2026-06-15T15:21:34.505+0000] {logging_mixin.py:188} INFO - [2026-06-15T15:21:34.504+0000] {dagbag.py:545} INFO - Filling up the DagBag from /opt/airflow/dags/dag_01_hello_world.py
[2026-06-15T15:21:34.514+0000] {processor.py:840} INFO - DAG(s) '01_hello_world' retrieved from /opt/airflow/dags/dag_01_hello_world.py
[2026-06-15T15:21:34.559+0000] {logging_mixin.py:188} INFO - [2026-06-15T15:21:34.558+0000] {dag.py:3089} INFO - Sync 1 DAGs
[2026-06-15T15:21:34.576+0000] {logging_mixin.py:188} INFO - [2026-06-15T15:21:34.576+0000] {dag.py:3947} INFO - Setting next_dagrun for 01_hello_world to None, run_after=None
[2026-06-15T15:21:34.606+0000] {processor.py:183} INFO - Processing /opt/airflow/dags/dag_01_hello_world.py took 0.112 seconds
[2026-06-15T15:22:04.920+0000] {processor.py:161} INFO - Started process (PID=3833) to work on /opt/airflow/dags/dag_01_hello_world.py
[2026-06-15T15:22:04.922+0000] {processor.py:830} INFO - Processing file /opt/airflow/dags/dag_01_hello_world.py for tasks to queue
[2026-06-15T15:22:04.925+0000] {logging_mixin.py:188} INFO - [2026-06-15T15:22:04.925+0000] {dagbag.py:545} INFO - Filling up the DagBag from /opt/airflow/dags/dag_01_hello_world.py
[2026-06-15T15:22:04.937+0000] {processor.py:840} INFO - DAG(s) '01_hello_world' retrieved from /opt/airflow/dags/dag_01_hello_world.py
[2026-06-15T15:22:04.994+0000] {logging_mixin.py:188} INFO - [2026-06-15T15:22:04.993+0000] {dag.py:3089} INFO - Sync 1 DAGs
[2026-06-15T15:22:05.018+0000] {logging_mixin.py:188} INFO - [2026-06-15T15:22:05.017+0000] {dag.py:3947} INFO - Setting next_dagrun for 01_hello_world to None, run_after=None
[2026-06-15T15:22:05.061+0000] {processor.py:183} INFO - Processing /opt/airflow/dags/dag_01_hello_world.py took 0.151 seconds
[2026-06-15T15:22:35.133+0000] {processor.py:161} INFO - Started process (PID=3853) to work on /opt/airflow/dags/dag_01_hello_world.py
[2026-06-15T15:22:35.135+0000] {processor.py:830} INFO - Processing file /opt/airflow/dags/dag_01_hello_world.py for tasks to queue
[2026-06-15T15:22:35.139+0000] {logging_mixin.py:188} INFO - [2026-06-15T15:22:35.138+0000] {dagbag.py:545} INFO - Filling up the DagBag from /opt/airflow/dags/dag_01_hello_world.py
[2026-06-15T15:22:35.150+0000] {processor.py:840} INFO - DAG(s) '01_hello_world' retrieved from /opt/airflow/dags/dag_01_hello_world.py
[2026-06-15T15:22:35.200+0000] {logging_mixin.py:188} INFO - [2026-06-15T15:22:35.200+0000] {dag.py:3089} INFO - Sync 1 DAGs
[2026-06-15T15:22:35.221+0000] {logging_mixin.py:188} INFO - [2026-06-15T15:22:35.220+0000] {dag.py:3947} INFO - Setting next_dagrun for 01_hello_world to None, run_after=None
[2026-06-15T15:22:35.249+0000] {processor.py:183} INFO - Processing /opt/airflow/dags/dag_01_hello_world.py took 0.127 seconds
[2026-06-15T15:23:05.378+0000] {processor.py:161} INFO - Started process (PID=3873) to work on /opt/airflow/dags/dag_01_hello_world.py
[2026-06-15T15:23:05.380+0000] {processor.py:830} INFO - Processing file /opt/airflow/dags/dag_01_hello_world.py for tasks to queue
[2026-06-15T15:23:05.383+0000] {logging_mixin.py:188} INFO - [2026-06-15T15:23:05.382+0000] {dagbag.py:545} INFO - Filling up the DagBag from /opt/airflow/dags/dag_01_hello_world.py
[2026-06-15T15:23:05.395+0000] {processor.py:840} INFO - DAG(s) '01_hello_world' retrieved from /opt/airflow/dags/dag_01_hello_world.py
[2026-06-15T15:23:05.440+0000] {logging_mixin.py:188} INFO - [2026-06-15T15:23:05.440+0000] {dag.py:3089} INFO - Sync 1 DAGs
[2026-06-15T15:23:05.458+0000] {logging_mixin.py:188} INFO - [2026-06-15T15:23:05.458+0000] {dag.py:3947} INFO - Setting next_dagrun for 01_hello_world to None, run_after=None
[2026-06-15T15:23:05.486+0000] {processor.py:183} INFO - Processing /opt/airflow/dags/dag_01_hello_world.py took 0.120 seconds
[2026-06-15T15:23:35.637+0000] {processor.py:161} INFO - Started process (PID=3893) to work on /opt/airflow/dags/dag_01_hello_world.py
[2026-06-15T15:23:35.638+0000] {processor.py:830} INFO - Processing file /opt/airflow/dags/dag_01_hello_world.py for tasks to queue
[2026-06-15T15:23:35.642+0000] {logging_mixin.py:188} INFO - [2026-06-15T15:23:35.641+0000] {dagbag.py:545} INFO - Filling up the DagBag from /opt/airflow/dags/dag_01_hello_world.py
[2026-06-15T15:23:35.654+0000] {processor.py:840} INFO - DAG(s) '01_hello_world' retrieved from /opt/airflow/dags/dag_01_hello_world.py
[2026-06-15T15:23:35.709+0000] {logging_mixin.py:188} INFO - [2026-06-15T15:23:35.709+0000] {dag.py:3089} INFO - Sync 1 DAGs
[2026-06-15T15:23:35.729+0000] {logging_mixin.py:188} INFO - [2026-06-15T15:23:35.728+0000] {dag.py:3947} INFO - Setting next_dagrun for 01_hello_world to None, run_after=None
[2026-06-15T15:23:35.757+0000] {processor.py:183} INFO - Processing /opt/airflow/dags/dag_01_hello_world.py took 0.130 seconds
