[2026-06-16T12:36:55.238+0000] {processor.py:161} INFO - Started process (PID=1624) to work on /opt/airflow/dags/dag_09_gcp_taxi_scheduled.py
[2026-06-16T12:36:55.239+0000] {processor.py:830} INFO - Processing file /opt/airflow/dags/dag_09_gcp_taxi_scheduled.py for tasks to queue
[2026-06-16T12:36:55.241+0000] {logging_mixin.py:188} INFO - [2026-06-16T12:36:55.241+0000] {dagbag.py:545} INFO - Filling up the DagBag from /opt/airflow/dags/dag_09_gcp_taxi_scheduled.py
[2026-06-16T12:36:55.260+0000] {processor.py:840} INFO - DAG(s) '09_gcp_taxi_scheduled' retrieved from /opt/airflow/dags/dag_09_gcp_taxi_scheduled.py
[2026-06-16T12:36:55.455+0000] {logging_mixin.py:188} INFO - [2026-06-16T12:36:55.454+0000] {override.py:1858} INFO - Created Permission View: can edit on DAG:09_gcp_taxi_scheduled
[2026-06-16T12:36:55.469+0000] {logging_mixin.py:188} INFO - [2026-06-16T12:36:55.468+0000] {override.py:1858} INFO - Created Permission View: can read on DAG:09_gcp_taxi_scheduled
[2026-06-16T12:36:55.479+0000] {logging_mixin.py:188} INFO - [2026-06-16T12:36:55.479+0000] {override.py:1858} INFO - Created Permission View: can delete on DAG:09_gcp_taxi_scheduled
[2026-06-16T12:36:55.480+0000] {logging_mixin.py:188} INFO - [2026-06-16T12:36:55.479+0000] {dag.py:3089} INFO - Sync 1 DAGs
[2026-06-16T12:36:55.495+0000] {logging_mixin.py:188} INFO - [2026-06-16T12:36:55.495+0000] {dag.py:3111} INFO - Creating ORM DAG for 09_gcp_taxi_scheduled
[2026-06-16T12:36:55.510+0000] {logging_mixin.py:188} INFO - [2026-06-16T12:36:55.510+0000] {dag.py:3947} INFO - Setting next_dagrun for 09_gcp_taxi_scheduled to 2019-01-01 09:00:00+00:00, run_after=2019-02-01 09:00:00+00:00
[2026-06-16T12:36:55.534+0000] {processor.py:183} INFO - Processing /opt/airflow/dags/dag_09_gcp_taxi_scheduled.py took 0.304 seconds
[2026-06-16T12:37:26.400+0000] {processor.py:161} INFO - Started process (PID=1669) to work on /opt/airflow/dags/dag_09_gcp_taxi_scheduled.py
[2026-06-16T12:37:26.401+0000] {processor.py:830} INFO - Processing file /opt/airflow/dags/dag_09_gcp_taxi_scheduled.py for tasks to queue
[2026-06-16T12:37:26.404+0000] {logging_mixin.py:188} INFO - [2026-06-16T12:37:26.403+0000] {dagbag.py:545} INFO - Filling up the DagBag from /opt/airflow/dags/dag_09_gcp_taxi_scheduled.py
[2026-06-16T12:37:26.426+0000] {processor.py:840} INFO - DAG(s) '09_gcp_taxi_scheduled' retrieved from /opt/airflow/dags/dag_09_gcp_taxi_scheduled.py
[2026-06-16T12:37:26.495+0000] {logging_mixin.py:188} INFO - [2026-06-16T12:37:26.495+0000] {dag.py:3089} INFO - Sync 1 DAGs
[2026-06-16T12:37:26.570+0000] {processor.py:183} INFO - Processing /opt/airflow/dags/dag_09_gcp_taxi_scheduled.py took 0.182 seconds
[2026-06-16T12:37:56.692+0000] {processor.py:161} INFO - Started process (PID=1711) to work on /opt/airflow/dags/dag_09_gcp_taxi_scheduled.py
[2026-06-16T12:37:56.694+0000] {processor.py:830} INFO - Processing file /opt/airflow/dags/dag_09_gcp_taxi_scheduled.py for tasks to queue
[2026-06-16T12:37:56.697+0000] {logging_mixin.py:188} INFO - [2026-06-16T12:37:56.697+0000] {dagbag.py:545} INFO - Filling up the DagBag from /opt/airflow/dags/dag_09_gcp_taxi_scheduled.py
[2026-06-16T12:37:56.719+0000] {processor.py:840} INFO - DAG(s) '09_gcp_taxi_scheduled' retrieved from /opt/airflow/dags/dag_09_gcp_taxi_scheduled.py
[2026-06-16T12:37:56.775+0000] {logging_mixin.py:188} INFO - [2026-06-16T12:37:56.775+0000] {dag.py:3089} INFO - Sync 1 DAGs
[2026-06-16T12:37:56.831+0000] {processor.py:183} INFO - Processing /opt/airflow/dags/dag_09_gcp_taxi_scheduled.py took 0.148 seconds
[2026-06-16T12:38:27.190+0000] {processor.py:161} INFO - Started process (PID=1751) to work on /opt/airflow/dags/dag_09_gcp_taxi_scheduled.py
[2026-06-16T12:38:27.201+0000] {processor.py:830} INFO - Processing file /opt/airflow/dags/dag_09_gcp_taxi_scheduled.py for tasks to queue
[2026-06-16T12:38:27.203+0000] {logging_mixin.py:188} INFO - [2026-06-16T12:38:27.202+0000] {dagbag.py:545} INFO - Filling up the DagBag from /opt/airflow/dags/dag_09_gcp_taxi_scheduled.py
[2026-06-16T12:38:27.229+0000] {processor.py:840} INFO - DAG(s) '09_gcp_taxi_scheduled' retrieved from /opt/airflow/dags/dag_09_gcp_taxi_scheduled.py
[2026-06-16T12:38:27.299+0000] {logging_mixin.py:188} INFO - [2026-06-16T12:38:27.299+0000] {dag.py:3089} INFO - Sync 1 DAGs
[2026-06-16T12:38:27.371+0000] {processor.py:183} INFO - Processing /opt/airflow/dags/dag_09_gcp_taxi_scheduled.py took 0.193 seconds
[2026-06-16T12:38:57.516+0000] {processor.py:161} INFO - Started process (PID=1794) to work on /opt/airflow/dags/dag_09_gcp_taxi_scheduled.py
[2026-06-16T12:38:57.518+0000] {processor.py:830} INFO - Processing file /opt/airflow/dags/dag_09_gcp_taxi_scheduled.py for tasks to queue
[2026-06-16T12:38:57.522+0000] {logging_mixin.py:188} INFO - [2026-06-16T12:38:57.521+0000] {dagbag.py:545} INFO - Filling up the DagBag from /opt/airflow/dags/dag_09_gcp_taxi_scheduled.py
[2026-06-16T12:38:57.554+0000] {processor.py:840} INFO - DAG(s) '09_gcp_taxi_scheduled' retrieved from /opt/airflow/dags/dag_09_gcp_taxi_scheduled.py
[2026-06-16T12:38:57.618+0000] {logging_mixin.py:188} INFO - [2026-06-16T12:38:57.618+0000] {dag.py:3089} INFO - Sync 1 DAGs
[2026-06-16T12:38:57.708+0000] {processor.py:183} INFO - Processing /opt/airflow/dags/dag_09_gcp_taxi_scheduled.py took 0.204 seconds
[2026-06-16T12:39:27.800+0000] {processor.py:161} INFO - Started process (PID=1843) to work on /opt/airflow/dags/dag_09_gcp_taxi_scheduled.py
[2026-06-16T12:39:27.811+0000] {processor.py:830} INFO - Processing file /opt/airflow/dags/dag_09_gcp_taxi_scheduled.py for tasks to queue
[2026-06-16T12:39:27.813+0000] {logging_mixin.py:188} INFO - [2026-06-16T12:39:27.813+0000] {dagbag.py:545} INFO - Filling up the DagBag from /opt/airflow/dags/dag_09_gcp_taxi_scheduled.py
[2026-06-16T12:39:27.830+0000] {processor.py:840} INFO - DAG(s) '09_gcp_taxi_scheduled' retrieved from /opt/airflow/dags/dag_09_gcp_taxi_scheduled.py
[2026-06-16T12:39:27.889+0000] {logging_mixin.py:188} INFO - [2026-06-16T12:39:27.888+0000] {dag.py:3089} INFO - Sync 1 DAGs
[2026-06-16T12:39:27.952+0000] {processor.py:183} INFO - Processing /opt/airflow/dags/dag_09_gcp_taxi_scheduled.py took 0.160 seconds
[2026-06-16T12:39:58.040+0000] {processor.py:161} INFO - Started process (PID=1883) to work on /opt/airflow/dags/dag_09_gcp_taxi_scheduled.py
[2026-06-16T12:39:58.042+0000] {processor.py:830} INFO - Processing file /opt/airflow/dags/dag_09_gcp_taxi_scheduled.py for tasks to queue
[2026-06-16T12:39:58.045+0000] {logging_mixin.py:188} INFO - [2026-06-16T12:39:58.044+0000] {dagbag.py:545} INFO - Filling up the DagBag from /opt/airflow/dags/dag_09_gcp_taxi_scheduled.py
[2026-06-16T12:39:58.068+0000] {processor.py:840} INFO - DAG(s) '09_gcp_taxi_scheduled' retrieved from /opt/airflow/dags/dag_09_gcp_taxi_scheduled.py
[2026-06-16T12:39:58.137+0000] {logging_mixin.py:188} INFO - [2026-06-16T12:39:58.137+0000] {dag.py:3089} INFO - Sync 1 DAGs
[2026-06-16T12:39:58.211+0000] {processor.py:183} INFO - Processing /opt/airflow/dags/dag_09_gcp_taxi_scheduled.py took 0.182 seconds
[2026-06-16T12:40:28.259+0000] {processor.py:161} INFO - Started process (PID=1923) to work on /opt/airflow/dags/dag_09_gcp_taxi_scheduled.py
[2026-06-16T12:40:28.261+0000] {processor.py:830} INFO - Processing file /opt/airflow/dags/dag_09_gcp_taxi_scheduled.py for tasks to queue
[2026-06-16T12:40:28.264+0000] {logging_mixin.py:188} INFO - [2026-06-16T12:40:28.264+0000] {dagbag.py:545} INFO - Filling up the DagBag from /opt/airflow/dags/dag_09_gcp_taxi_scheduled.py
[2026-06-16T12:40:28.283+0000] {processor.py:840} INFO - DAG(s) '09_gcp_taxi_scheduled' retrieved from /opt/airflow/dags/dag_09_gcp_taxi_scheduled.py
[2026-06-16T12:40:28.342+0000] {logging_mixin.py:188} INFO - [2026-06-16T12:40:28.341+0000] {dag.py:3089} INFO - Sync 1 DAGs
[2026-06-16T12:40:28.408+0000] {processor.py:183} INFO - Processing /opt/airflow/dags/dag_09_gcp_taxi_scheduled.py took 0.155 seconds
[2026-06-16T12:40:58.463+0000] {processor.py:161} INFO - Started process (PID=1966) to work on /opt/airflow/dags/dag_09_gcp_taxi_scheduled.py
[2026-06-16T12:40:58.465+0000] {processor.py:830} INFO - Processing file /opt/airflow/dags/dag_09_gcp_taxi_scheduled.py for tasks to queue
[2026-06-16T12:40:58.469+0000] {logging_mixin.py:188} INFO - [2026-06-16T12:40:58.468+0000] {dagbag.py:545} INFO - Filling up the DagBag from /opt/airflow/dags/dag_09_gcp_taxi_scheduled.py
[2026-06-16T12:40:58.503+0000] {processor.py:840} INFO - DAG(s) '09_gcp_taxi_scheduled' retrieved from /opt/airflow/dags/dag_09_gcp_taxi_scheduled.py
[2026-06-16T12:40:58.573+0000] {logging_mixin.py:188} INFO - [2026-06-16T12:40:58.573+0000] {dag.py:3089} INFO - Sync 1 DAGs
[2026-06-16T12:40:58.627+0000] {processor.py:183} INFO - Processing /opt/airflow/dags/dag_09_gcp_taxi_scheduled.py took 0.176 seconds
[2026-06-16T12:41:28.827+0000] {processor.py:161} INFO - Started process (PID=2013) to work on /opt/airflow/dags/dag_09_gcp_taxi_scheduled.py
[2026-06-16T12:41:28.830+0000] {processor.py:830} INFO - Processing file /opt/airflow/dags/dag_09_gcp_taxi_scheduled.py for tasks to queue
[2026-06-16T12:41:28.835+0000] {logging_mixin.py:188} INFO - [2026-06-16T12:41:28.834+0000] {dagbag.py:545} INFO - Filling up the DagBag from /opt/airflow/dags/dag_09_gcp_taxi_scheduled.py
[2026-06-16T12:41:28.872+0000] {processor.py:840} INFO - DAG(s) '09_gcp_taxi_scheduled' retrieved from /opt/airflow/dags/dag_09_gcp_taxi_scheduled.py
[2026-06-16T12:41:28.953+0000] {logging_mixin.py:188} INFO - [2026-06-16T12:41:28.952+0000] {dag.py:3089} INFO - Sync 1 DAGs
[2026-06-16T12:41:29.044+0000] {processor.py:183} INFO - Processing /opt/airflow/dags/dag_09_gcp_taxi_scheduled.py took 0.229 seconds
[2026-06-16T12:41:59.902+0000] {processor.py:161} INFO - Started process (PID=2053) to work on /opt/airflow/dags/dag_09_gcp_taxi_scheduled.py
[2026-06-16T12:41:59.905+0000] {processor.py:830} INFO - Processing file /opt/airflow/dags/dag_09_gcp_taxi_scheduled.py for tasks to queue
[2026-06-16T12:41:59.907+0000] {logging_mixin.py:188} INFO - [2026-06-16T12:41:59.906+0000] {dagbag.py:545} INFO - Filling up the DagBag from /opt/airflow/dags/dag_09_gcp_taxi_scheduled.py
[2026-06-16T12:41:59.922+0000] {processor.py:840} INFO - DAG(s) '09_gcp_taxi_scheduled' retrieved from /opt/airflow/dags/dag_09_gcp_taxi_scheduled.py
[2026-06-16T12:41:59.977+0000] {logging_mixin.py:188} INFO - [2026-06-16T12:41:59.977+0000] {dag.py:3089} INFO - Sync 1 DAGs
[2026-06-16T12:42:00.035+0000] {processor.py:183} INFO - Processing /opt/airflow/dags/dag_09_gcp_taxi_scheduled.py took 0.139 seconds
[2026-06-16T12:42:30.182+0000] {processor.py:161} INFO - Started process (PID=2093) to work on /opt/airflow/dags/dag_09_gcp_taxi_scheduled.py
[2026-06-16T12:42:30.193+0000] {processor.py:830} INFO - Processing file /opt/airflow/dags/dag_09_gcp_taxi_scheduled.py for tasks to queue
[2026-06-16T12:42:30.195+0000] {logging_mixin.py:188} INFO - [2026-06-16T12:42:30.195+0000] {dagbag.py:545} INFO - Filling up the DagBag from /opt/airflow/dags/dag_09_gcp_taxi_scheduled.py
[2026-06-16T12:42:30.210+0000] {processor.py:840} INFO - DAG(s) '09_gcp_taxi_scheduled' retrieved from /opt/airflow/dags/dag_09_gcp_taxi_scheduled.py
[2026-06-16T12:42:30.253+0000] {logging_mixin.py:188} INFO - [2026-06-16T12:42:30.252+0000] {dag.py:3089} INFO - Sync 1 DAGs
[2026-06-16T12:42:30.305+0000] {processor.py:183} INFO - Processing /opt/airflow/dags/dag_09_gcp_taxi_scheduled.py took 0.129 seconds
[2026-06-16T12:43:00.389+0000] {processor.py:161} INFO - Started process (PID=2133) to work on /opt/airflow/dags/dag_09_gcp_taxi_scheduled.py
[2026-06-16T12:43:00.391+0000] {processor.py:830} INFO - Processing file /opt/airflow/dags/dag_09_gcp_taxi_scheduled.py for tasks to queue
[2026-06-16T12:43:00.393+0000] {logging_mixin.py:188} INFO - [2026-06-16T12:43:00.393+0000] {dagbag.py:545} INFO - Filling up the DagBag from /opt/airflow/dags/dag_09_gcp_taxi_scheduled.py
[2026-06-16T12:43:00.409+0000] {processor.py:840} INFO - DAG(s) '09_gcp_taxi_scheduled' retrieved from /opt/airflow/dags/dag_09_gcp_taxi_scheduled.py
[2026-06-16T12:43:00.453+0000] {logging_mixin.py:188} INFO - [2026-06-16T12:43:00.453+0000] {dag.py:3089} INFO - Sync 1 DAGs
[2026-06-16T12:43:00.500+0000] {processor.py:183} INFO - Processing /opt/airflow/dags/dag_09_gcp_taxi_scheduled.py took 0.117 seconds
[2026-06-16T12:43:30.631+0000] {processor.py:161} INFO - Started process (PID=2173) to work on /opt/airflow/dags/dag_09_gcp_taxi_scheduled.py
[2026-06-16T12:43:30.632+0000] {processor.py:830} INFO - Processing file /opt/airflow/dags/dag_09_gcp_taxi_scheduled.py for tasks to queue
[2026-06-16T12:43:30.634+0000] {logging_mixin.py:188} INFO - [2026-06-16T12:43:30.634+0000] {dagbag.py:545} INFO - Filling up the DagBag from /opt/airflow/dags/dag_09_gcp_taxi_scheduled.py
[2026-06-16T12:43:30.654+0000] {processor.py:840} INFO - DAG(s) '09_gcp_taxi_scheduled' retrieved from /opt/airflow/dags/dag_09_gcp_taxi_scheduled.py
[2026-06-16T12:43:30.721+0000] {logging_mixin.py:188} INFO - [2026-06-16T12:43:30.721+0000] {dag.py:3089} INFO - Sync 1 DAGs
[2026-06-16T12:43:30.776+0000] {processor.py:183} INFO - Processing /opt/airflow/dags/dag_09_gcp_taxi_scheduled.py took 0.156 seconds
[2026-06-16T12:44:00.942+0000] {processor.py:161} INFO - Started process (PID=2213) to work on /opt/airflow/dags/dag_09_gcp_taxi_scheduled.py
[2026-06-16T12:44:00.944+0000] {processor.py:830} INFO - Processing file /opt/airflow/dags/dag_09_gcp_taxi_scheduled.py for tasks to queue
[2026-06-16T12:44:00.947+0000] {logging_mixin.py:188} INFO - [2026-06-16T12:44:00.947+0000] {dagbag.py:545} INFO - Filling up the DagBag from /opt/airflow/dags/dag_09_gcp_taxi_scheduled.py
[2026-06-16T12:44:00.965+0000] {processor.py:840} INFO - DAG(s) '09_gcp_taxi_scheduled' retrieved from /opt/airflow/dags/dag_09_gcp_taxi_scheduled.py
[2026-06-16T12:44:01.033+0000] {logging_mixin.py:188} INFO - [2026-06-16T12:44:01.032+0000] {dag.py:3089} INFO - Sync 1 DAGs
[2026-06-16T12:44:01.099+0000] {processor.py:183} INFO - Processing /opt/airflow/dags/dag_09_gcp_taxi_scheduled.py took 0.164 seconds
[2026-06-16T12:44:31.712+0000] {processor.py:161} INFO - Started process (PID=2253) to work on /opt/airflow/dags/dag_09_gcp_taxi_scheduled.py
[2026-06-16T12:44:31.713+0000] {processor.py:830} INFO - Processing file /opt/airflow/dags/dag_09_gcp_taxi_scheduled.py for tasks to queue
[2026-06-16T12:44:31.715+0000] {logging_mixin.py:188} INFO - [2026-06-16T12:44:31.715+0000] {dagbag.py:545} INFO - Filling up the DagBag from /opt/airflow/dags/dag_09_gcp_taxi_scheduled.py
[2026-06-16T12:44:31.730+0000] {processor.py:840} INFO - DAG(s) '09_gcp_taxi_scheduled' retrieved from /opt/airflow/dags/dag_09_gcp_taxi_scheduled.py
[2026-06-16T12:44:31.775+0000] {logging_mixin.py:188} INFO - [2026-06-16T12:44:31.774+0000] {dag.py:3089} INFO - Sync 1 DAGs
[2026-06-16T12:44:31.821+0000] {processor.py:183} INFO - Processing /opt/airflow/dags/dag_09_gcp_taxi_scheduled.py took 0.115 seconds
[2026-06-16T12:45:02.542+0000] {processor.py:161} INFO - Started process (PID=2293) to work on /opt/airflow/dags/dag_09_gcp_taxi_scheduled.py
[2026-06-16T12:45:02.545+0000] {processor.py:830} INFO - Processing file /opt/airflow/dags/dag_09_gcp_taxi_scheduled.py for tasks to queue
[2026-06-16T12:45:02.547+0000] {logging_mixin.py:188} INFO - [2026-06-16T12:45:02.547+0000] {dagbag.py:545} INFO - Filling up the DagBag from /opt/airflow/dags/dag_09_gcp_taxi_scheduled.py
[2026-06-16T12:45:02.569+0000] {processor.py:840} INFO - DAG(s) '09_gcp_taxi_scheduled' retrieved from /opt/airflow/dags/dag_09_gcp_taxi_scheduled.py
[2026-06-16T12:45:02.625+0000] {logging_mixin.py:188} INFO - [2026-06-16T12:45:02.625+0000] {dag.py:3089} INFO - Sync 1 DAGs
[2026-06-16T12:45:02.691+0000] {processor.py:183} INFO - Processing /opt/airflow/dags/dag_09_gcp_taxi_scheduled.py took 0.158 seconds
[2026-06-16T12:45:32.750+0000] {processor.py:161} INFO - Started process (PID=2333) to work on /opt/airflow/dags/dag_09_gcp_taxi_scheduled.py
[2026-06-16T12:45:32.751+0000] {processor.py:830} INFO - Processing file /opt/airflow/dags/dag_09_gcp_taxi_scheduled.py for tasks to queue
[2026-06-16T12:45:32.753+0000] {logging_mixin.py:188} INFO - [2026-06-16T12:45:32.753+0000] {dagbag.py:545} INFO - Filling up the DagBag from /opt/airflow/dags/dag_09_gcp_taxi_scheduled.py
[2026-06-16T12:45:32.772+0000] {processor.py:840} INFO - DAG(s) '09_gcp_taxi_scheduled' retrieved from /opt/airflow/dags/dag_09_gcp_taxi_scheduled.py
[2026-06-16T12:45:32.827+0000] {logging_mixin.py:188} INFO - [2026-06-16T12:45:32.827+0000] {dag.py:3089} INFO - Sync 1 DAGs
[2026-06-16T12:45:32.889+0000] {processor.py:183} INFO - Processing /opt/airflow/dags/dag_09_gcp_taxi_scheduled.py took 0.146 seconds
[2026-06-16T12:46:02.928+0000] {processor.py:161} INFO - Started process (PID=2373) to work on /opt/airflow/dags/dag_09_gcp_taxi_scheduled.py
[2026-06-16T12:46:02.930+0000] {processor.py:830} INFO - Processing file /opt/airflow/dags/dag_09_gcp_taxi_scheduled.py for tasks to queue
[2026-06-16T12:46:02.932+0000] {logging_mixin.py:188} INFO - [2026-06-16T12:46:02.932+0000] {dagbag.py:545} INFO - Filling up the DagBag from /opt/airflow/dags/dag_09_gcp_taxi_scheduled.py
[2026-06-16T12:46:02.949+0000] {processor.py:840} INFO - DAG(s) '09_gcp_taxi_scheduled' retrieved from /opt/airflow/dags/dag_09_gcp_taxi_scheduled.py
[2026-06-16T12:46:02.995+0000] {logging_mixin.py:188} INFO - [2026-06-16T12:46:02.995+0000] {dag.py:3089} INFO - Sync 1 DAGs
[2026-06-16T12:46:03.052+0000] {processor.py:183} INFO - Processing /opt/airflow/dags/dag_09_gcp_taxi_scheduled.py took 0.134 seconds
[2026-06-16T12:46:33.168+0000] {processor.py:161} INFO - Started process (PID=2413) to work on /opt/airflow/dags/dag_09_gcp_taxi_scheduled.py
[2026-06-16T12:46:33.179+0000] {processor.py:830} INFO - Processing file /opt/airflow/dags/dag_09_gcp_taxi_scheduled.py for tasks to queue
[2026-06-16T12:46:33.181+0000] {logging_mixin.py:188} INFO - [2026-06-16T12:46:33.180+0000] {dagbag.py:545} INFO - Filling up the DagBag from /opt/airflow/dags/dag_09_gcp_taxi_scheduled.py
[2026-06-16T12:46:33.196+0000] {processor.py:840} INFO - DAG(s) '09_gcp_taxi_scheduled' retrieved from /opt/airflow/dags/dag_09_gcp_taxi_scheduled.py
[2026-06-16T12:46:33.243+0000] {logging_mixin.py:188} INFO - [2026-06-16T12:46:33.243+0000] {dag.py:3089} INFO - Sync 1 DAGs
[2026-06-16T12:46:33.294+0000] {processor.py:183} INFO - Processing /opt/airflow/dags/dag_09_gcp_taxi_scheduled.py took 0.133 seconds
[2026-06-16T12:47:03.405+0000] {processor.py:161} INFO - Started process (PID=2453) to work on /opt/airflow/dags/dag_09_gcp_taxi_scheduled.py
[2026-06-16T12:47:03.407+0000] {processor.py:830} INFO - Processing file /opt/airflow/dags/dag_09_gcp_taxi_scheduled.py for tasks to queue
[2026-06-16T12:47:03.410+0000] {logging_mixin.py:188} INFO - [2026-06-16T12:47:03.410+0000] {dagbag.py:545} INFO - Filling up the DagBag from /opt/airflow/dags/dag_09_gcp_taxi_scheduled.py
[2026-06-16T12:47:03.428+0000] {processor.py:840} INFO - DAG(s) '09_gcp_taxi_scheduled' retrieved from /opt/airflow/dags/dag_09_gcp_taxi_scheduled.py
[2026-06-16T12:47:03.484+0000] {logging_mixin.py:188} INFO - [2026-06-16T12:47:03.484+0000] {dag.py:3089} INFO - Sync 1 DAGs
[2026-06-16T12:47:03.539+0000] {processor.py:183} INFO - Processing /opt/airflow/dags/dag_09_gcp_taxi_scheduled.py took 0.143 seconds
[2026-06-16T12:47:33.584+0000] {processor.py:161} INFO - Started process (PID=2493) to work on /opt/airflow/dags/dag_09_gcp_taxi_scheduled.py
[2026-06-16T12:47:33.586+0000] {processor.py:830} INFO - Processing file /opt/airflow/dags/dag_09_gcp_taxi_scheduled.py for tasks to queue
[2026-06-16T12:47:33.588+0000] {logging_mixin.py:188} INFO - [2026-06-16T12:47:33.588+0000] {dagbag.py:545} INFO - Filling up the DagBag from /opt/airflow/dags/dag_09_gcp_taxi_scheduled.py
[2026-06-16T12:47:33.608+0000] {processor.py:840} INFO - DAG(s) '09_gcp_taxi_scheduled' retrieved from /opt/airflow/dags/dag_09_gcp_taxi_scheduled.py
[2026-06-16T12:47:33.665+0000] {logging_mixin.py:188} INFO - [2026-06-16T12:47:33.664+0000] {dag.py:3089} INFO - Sync 1 DAGs
[2026-06-16T12:47:33.748+0000] {processor.py:183} INFO - Processing /opt/airflow/dags/dag_09_gcp_taxi_scheduled.py took 0.174 seconds
[2026-06-16T12:48:03.834+0000] {processor.py:161} INFO - Started process (PID=2533) to work on /opt/airflow/dags/dag_09_gcp_taxi_scheduled.py
[2026-06-16T12:48:03.845+0000] {processor.py:830} INFO - Processing file /opt/airflow/dags/dag_09_gcp_taxi_scheduled.py for tasks to queue
[2026-06-16T12:48:03.847+0000] {logging_mixin.py:188} INFO - [2026-06-16T12:48:03.846+0000] {dagbag.py:545} INFO - Filling up the DagBag from /opt/airflow/dags/dag_09_gcp_taxi_scheduled.py
[2026-06-16T12:48:03.866+0000] {processor.py:840} INFO - DAG(s) '09_gcp_taxi_scheduled' retrieved from /opt/airflow/dags/dag_09_gcp_taxi_scheduled.py
[2026-06-16T12:48:03.924+0000] {logging_mixin.py:188} INFO - [2026-06-16T12:48:03.924+0000] {dag.py:3089} INFO - Sync 1 DAGs
[2026-06-16T12:48:03.981+0000] {processor.py:183} INFO - Processing /opt/airflow/dags/dag_09_gcp_taxi_scheduled.py took 0.156 seconds
[2026-06-16T12:48:34.093+0000] {processor.py:161} INFO - Started process (PID=2573) to work on /opt/airflow/dags/dag_09_gcp_taxi_scheduled.py
[2026-06-16T12:48:34.104+0000] {processor.py:830} INFO - Processing file /opt/airflow/dags/dag_09_gcp_taxi_scheduled.py for tasks to queue
[2026-06-16T12:48:34.106+0000] {logging_mixin.py:188} INFO - [2026-06-16T12:48:34.105+0000] {dagbag.py:545} INFO - Filling up the DagBag from /opt/airflow/dags/dag_09_gcp_taxi_scheduled.py
[2026-06-16T12:48:34.122+0000] {processor.py:840} INFO - DAG(s) '09_gcp_taxi_scheduled' retrieved from /opt/airflow/dags/dag_09_gcp_taxi_scheduled.py
[2026-06-16T12:48:34.178+0000] {logging_mixin.py:188} INFO - [2026-06-16T12:48:34.177+0000] {dag.py:3089} INFO - Sync 1 DAGs
[2026-06-16T12:48:34.390+0000] {processor.py:183} INFO - Processing /opt/airflow/dags/dag_09_gcp_taxi_scheduled.py took 0.305 seconds
[2026-06-16T12:49:04.439+0000] {processor.py:161} INFO - Started process (PID=2613) to work on /opt/airflow/dags/dag_09_gcp_taxi_scheduled.py
[2026-06-16T12:49:04.440+0000] {processor.py:830} INFO - Processing file /opt/airflow/dags/dag_09_gcp_taxi_scheduled.py for tasks to queue
[2026-06-16T12:49:04.442+0000] {logging_mixin.py:188} INFO - [2026-06-16T12:49:04.442+0000] {dagbag.py:545} INFO - Filling up the DagBag from /opt/airflow/dags/dag_09_gcp_taxi_scheduled.py
[2026-06-16T12:49:04.458+0000] {processor.py:840} INFO - DAG(s) '09_gcp_taxi_scheduled' retrieved from /opt/airflow/dags/dag_09_gcp_taxi_scheduled.py
[2026-06-16T12:49:04.503+0000] {logging_mixin.py:188} INFO - [2026-06-16T12:49:04.502+0000] {dag.py:3089} INFO - Sync 1 DAGs
[2026-06-16T12:49:04.552+0000] {processor.py:183} INFO - Processing /opt/airflow/dags/dag_09_gcp_taxi_scheduled.py took 0.122 seconds
[2026-06-16T12:49:34.824+0000] {processor.py:161} INFO - Started process (PID=2653) to work on /opt/airflow/dags/dag_09_gcp_taxi_scheduled.py
[2026-06-16T12:49:34.836+0000] {processor.py:830} INFO - Processing file /opt/airflow/dags/dag_09_gcp_taxi_scheduled.py for tasks to queue
[2026-06-16T12:49:34.839+0000] {logging_mixin.py:188} INFO - [2026-06-16T12:49:34.838+0000] {dagbag.py:545} INFO - Filling up the DagBag from /opt/airflow/dags/dag_09_gcp_taxi_scheduled.py
[2026-06-16T12:49:34.869+0000] {processor.py:840} INFO - DAG(s) '09_gcp_taxi_scheduled' retrieved from /opt/airflow/dags/dag_09_gcp_taxi_scheduled.py
[2026-06-16T12:49:34.952+0000] {logging_mixin.py:188} INFO - [2026-06-16T12:49:34.951+0000] {dag.py:3089} INFO - Sync 1 DAGs
[2026-06-16T12:49:35.012+0000] {processor.py:183} INFO - Processing /opt/airflow/dags/dag_09_gcp_taxi_scheduled.py took 0.203 seconds
[2026-06-16T12:50:05.198+0000] {processor.py:161} INFO - Started process (PID=2693) to work on /opt/airflow/dags/dag_09_gcp_taxi_scheduled.py
[2026-06-16T12:50:05.199+0000] {processor.py:830} INFO - Processing file /opt/airflow/dags/dag_09_gcp_taxi_scheduled.py for tasks to queue
[2026-06-16T12:50:05.201+0000] {logging_mixin.py:188} INFO - [2026-06-16T12:50:05.201+0000] {dagbag.py:545} INFO - Filling up the DagBag from /opt/airflow/dags/dag_09_gcp_taxi_scheduled.py
[2026-06-16T12:50:05.217+0000] {processor.py:840} INFO - DAG(s) '09_gcp_taxi_scheduled' retrieved from /opt/airflow/dags/dag_09_gcp_taxi_scheduled.py
[2026-06-16T12:50:05.263+0000] {logging_mixin.py:188} INFO - [2026-06-16T12:50:05.263+0000] {dag.py:3089} INFO - Sync 1 DAGs
[2026-06-16T12:50:05.315+0000] {processor.py:183} INFO - Processing /opt/airflow/dags/dag_09_gcp_taxi_scheduled.py took 0.124 seconds
[2026-06-16T12:50:35.417+0000] {processor.py:161} INFO - Started process (PID=2733) to work on /opt/airflow/dags/dag_09_gcp_taxi_scheduled.py
[2026-06-16T12:50:35.427+0000] {processor.py:830} INFO - Processing file /opt/airflow/dags/dag_09_gcp_taxi_scheduled.py for tasks to queue
[2026-06-16T12:50:35.429+0000] {logging_mixin.py:188} INFO - [2026-06-16T12:50:35.429+0000] {dagbag.py:545} INFO - Filling up the DagBag from /opt/airflow/dags/dag_09_gcp_taxi_scheduled.py
[2026-06-16T12:50:35.446+0000] {processor.py:840} INFO - DAG(s) '09_gcp_taxi_scheduled' retrieved from /opt/airflow/dags/dag_09_gcp_taxi_scheduled.py
[2026-06-16T12:50:35.493+0000] {logging_mixin.py:188} INFO - [2026-06-16T12:50:35.493+0000] {dag.py:3089} INFO - Sync 1 DAGs
[2026-06-16T12:50:35.544+0000] {processor.py:183} INFO - Processing /opt/airflow/dags/dag_09_gcp_taxi_scheduled.py took 0.133 seconds
[2026-06-16T12:51:05.822+0000] {processor.py:161} INFO - Started process (PID=2773) to work on /opt/airflow/dags/dag_09_gcp_taxi_scheduled.py
[2026-06-16T12:51:05.822+0000] {processor.py:830} INFO - Processing file /opt/airflow/dags/dag_09_gcp_taxi_scheduled.py for tasks to queue
[2026-06-16T12:51:05.824+0000] {logging_mixin.py:188} INFO - [2026-06-16T12:51:05.824+0000] {dagbag.py:545} INFO - Filling up the DagBag from /opt/airflow/dags/dag_09_gcp_taxi_scheduled.py
[2026-06-16T12:51:05.841+0000] {processor.py:840} INFO - DAG(s) '09_gcp_taxi_scheduled' retrieved from /opt/airflow/dags/dag_09_gcp_taxi_scheduled.py
[2026-06-16T12:51:05.884+0000] {logging_mixin.py:188} INFO - [2026-06-16T12:51:05.883+0000] {dag.py:3089} INFO - Sync 1 DAGs
[2026-06-16T12:51:06.072+0000] {processor.py:183} INFO - Processing /opt/airflow/dags/dag_09_gcp_taxi_scheduled.py took 0.258 seconds
[2026-06-16T12:51:36.179+0000] {processor.py:161} INFO - Started process (PID=2813) to work on /opt/airflow/dags/dag_09_gcp_taxi_scheduled.py
[2026-06-16T12:51:36.181+0000] {processor.py:830} INFO - Processing file /opt/airflow/dags/dag_09_gcp_taxi_scheduled.py for tasks to queue
[2026-06-16T12:51:36.184+0000] {logging_mixin.py:188} INFO - [2026-06-16T12:51:36.183+0000] {dagbag.py:545} INFO - Filling up the DagBag from /opt/airflow/dags/dag_09_gcp_taxi_scheduled.py
[2026-06-16T12:51:36.202+0000] {processor.py:840} INFO - DAG(s) '09_gcp_taxi_scheduled' retrieved from /opt/airflow/dags/dag_09_gcp_taxi_scheduled.py
[2026-06-16T12:51:36.255+0000] {logging_mixin.py:188} INFO - [2026-06-16T12:51:36.255+0000] {dag.py:3089} INFO - Sync 1 DAGs
[2026-06-16T12:51:36.306+0000] {processor.py:183} INFO - Processing /opt/airflow/dags/dag_09_gcp_taxi_scheduled.py took 0.135 seconds
[2026-06-16T12:52:06.395+0000] {processor.py:161} INFO - Started process (PID=2853) to work on /opt/airflow/dags/dag_09_gcp_taxi_scheduled.py
[2026-06-16T12:52:06.397+0000] {processor.py:830} INFO - Processing file /opt/airflow/dags/dag_09_gcp_taxi_scheduled.py for tasks to queue
[2026-06-16T12:52:06.400+0000] {logging_mixin.py:188} INFO - [2026-06-16T12:52:06.399+0000] {dagbag.py:545} INFO - Filling up the DagBag from /opt/airflow/dags/dag_09_gcp_taxi_scheduled.py
[2026-06-16T12:52:06.419+0000] {processor.py:840} INFO - DAG(s) '09_gcp_taxi_scheduled' retrieved from /opt/airflow/dags/dag_09_gcp_taxi_scheduled.py
[2026-06-16T12:52:06.483+0000] {logging_mixin.py:188} INFO - [2026-06-16T12:52:06.482+0000] {dag.py:3089} INFO - Sync 1 DAGs
[2026-06-16T12:52:06.697+0000] {processor.py:183} INFO - Processing /opt/airflow/dags/dag_09_gcp_taxi_scheduled.py took 0.312 seconds
[2026-06-16T12:52:37.017+0000] {processor.py:161} INFO - Started process (PID=2893) to work on /opt/airflow/dags/dag_09_gcp_taxi_scheduled.py
[2026-06-16T12:52:37.019+0000] {processor.py:830} INFO - Processing file /opt/airflow/dags/dag_09_gcp_taxi_scheduled.py for tasks to queue
[2026-06-16T12:52:37.021+0000] {logging_mixin.py:188} INFO - [2026-06-16T12:52:37.021+0000] {dagbag.py:545} INFO - Filling up the DagBag from /opt/airflow/dags/dag_09_gcp_taxi_scheduled.py
[2026-06-16T12:52:37.036+0000] {processor.py:840} INFO - DAG(s) '09_gcp_taxi_scheduled' retrieved from /opt/airflow/dags/dag_09_gcp_taxi_scheduled.py
[2026-06-16T12:52:37.210+0000] {logging_mixin.py:188} INFO - [2026-06-16T12:52:37.210+0000] {dag.py:3089} INFO - Sync 1 DAGs
[2026-06-16T12:52:37.250+0000] {processor.py:183} INFO - Processing /opt/airflow/dags/dag_09_gcp_taxi_scheduled.py took 0.240 seconds
[2026-06-16T12:53:07.419+0000] {processor.py:161} INFO - Started process (PID=2933) to work on /opt/airflow/dags/dag_09_gcp_taxi_scheduled.py
[2026-06-16T12:53:07.420+0000] {processor.py:830} INFO - Processing file /opt/airflow/dags/dag_09_gcp_taxi_scheduled.py for tasks to queue
[2026-06-16T12:53:07.422+0000] {logging_mixin.py:188} INFO - [2026-06-16T12:53:07.422+0000] {dagbag.py:545} INFO - Filling up the DagBag from /opt/airflow/dags/dag_09_gcp_taxi_scheduled.py
[2026-06-16T12:53:07.441+0000] {processor.py:840} INFO - DAG(s) '09_gcp_taxi_scheduled' retrieved from /opt/airflow/dags/dag_09_gcp_taxi_scheduled.py
[2026-06-16T12:53:07.489+0000] {logging_mixin.py:188} INFO - [2026-06-16T12:53:07.489+0000] {dag.py:3089} INFO - Sync 1 DAGs
[2026-06-16T12:53:07.540+0000] {processor.py:183} INFO - Processing /opt/airflow/dags/dag_09_gcp_taxi_scheduled.py took 0.130 seconds
[2026-06-16T12:53:37.642+0000] {processor.py:161} INFO - Started process (PID=2973) to work on /opt/airflow/dags/dag_09_gcp_taxi_scheduled.py
[2026-06-16T12:53:37.645+0000] {processor.py:830} INFO - Processing file /opt/airflow/dags/dag_09_gcp_taxi_scheduled.py for tasks to queue
[2026-06-16T12:53:37.647+0000] {logging_mixin.py:188} INFO - [2026-06-16T12:53:37.647+0000] {dagbag.py:545} INFO - Filling up the DagBag from /opt/airflow/dags/dag_09_gcp_taxi_scheduled.py
[2026-06-16T12:53:37.662+0000] {processor.py:840} INFO - DAG(s) '09_gcp_taxi_scheduled' retrieved from /opt/airflow/dags/dag_09_gcp_taxi_scheduled.py
[2026-06-16T12:53:37.706+0000] {logging_mixin.py:188} INFO - [2026-06-16T12:53:37.706+0000] {dag.py:3089} INFO - Sync 1 DAGs
[2026-06-16T12:53:37.752+0000] {processor.py:183} INFO - Processing /opt/airflow/dags/dag_09_gcp_taxi_scheduled.py took 0.117 seconds
[2026-06-16T12:54:07.817+0000] {processor.py:161} INFO - Started process (PID=3013) to work on /opt/airflow/dags/dag_09_gcp_taxi_scheduled.py
[2026-06-16T12:54:07.818+0000] {processor.py:830} INFO - Processing file /opt/airflow/dags/dag_09_gcp_taxi_scheduled.py for tasks to queue
[2026-06-16T12:54:07.820+0000] {logging_mixin.py:188} INFO - [2026-06-16T12:54:07.820+0000] {dagbag.py:545} INFO - Filling up the DagBag from /opt/airflow/dags/dag_09_gcp_taxi_scheduled.py
[2026-06-16T12:54:07.839+0000] {processor.py:840} INFO - DAG(s) '09_gcp_taxi_scheduled' retrieved from /opt/airflow/dags/dag_09_gcp_taxi_scheduled.py
[2026-06-16T12:54:07.883+0000] {logging_mixin.py:188} INFO - [2026-06-16T12:54:07.883+0000] {dag.py:3089} INFO - Sync 1 DAGs
[2026-06-16T12:54:07.934+0000] {processor.py:183} INFO - Processing /opt/airflow/dags/dag_09_gcp_taxi_scheduled.py took 0.125 seconds
[2026-06-16T12:54:38.070+0000] {processor.py:161} INFO - Started process (PID=3053) to work on /opt/airflow/dags/dag_09_gcp_taxi_scheduled.py
[2026-06-16T12:54:38.081+0000] {processor.py:830} INFO - Processing file /opt/airflow/dags/dag_09_gcp_taxi_scheduled.py for tasks to queue
[2026-06-16T12:54:38.083+0000] {logging_mixin.py:188} INFO - [2026-06-16T12:54:38.083+0000] {dagbag.py:545} INFO - Filling up the DagBag from /opt/airflow/dags/dag_09_gcp_taxi_scheduled.py
[2026-06-16T12:54:38.099+0000] {processor.py:840} INFO - DAG(s) '09_gcp_taxi_scheduled' retrieved from /opt/airflow/dags/dag_09_gcp_taxi_scheduled.py
[2026-06-16T12:54:38.140+0000] {logging_mixin.py:188} INFO - [2026-06-16T12:54:38.140+0000] {dag.py:3089} INFO - Sync 1 DAGs
[2026-06-16T12:54:38.189+0000] {processor.py:183} INFO - Processing /opt/airflow/dags/dag_09_gcp_taxi_scheduled.py took 0.125 seconds
[2026-06-16T12:55:08.300+0000] {processor.py:161} INFO - Started process (PID=3093) to work on /opt/airflow/dags/dag_09_gcp_taxi_scheduled.py
[2026-06-16T12:55:08.301+0000] {processor.py:830} INFO - Processing file /opt/airflow/dags/dag_09_gcp_taxi_scheduled.py for tasks to queue
[2026-06-16T12:55:08.303+0000] {logging_mixin.py:188} INFO - [2026-06-16T12:55:08.303+0000] {dagbag.py:545} INFO - Filling up the DagBag from /opt/airflow/dags/dag_09_gcp_taxi_scheduled.py
[2026-06-16T12:55:08.319+0000] {processor.py:840} INFO - DAG(s) '09_gcp_taxi_scheduled' retrieved from /opt/airflow/dags/dag_09_gcp_taxi_scheduled.py
[2026-06-16T12:55:08.363+0000] {logging_mixin.py:188} INFO - [2026-06-16T12:55:08.363+0000] {dag.py:3089} INFO - Sync 1 DAGs
[2026-06-16T12:55:08.424+0000] {processor.py:183} INFO - Processing /opt/airflow/dags/dag_09_gcp_taxi_scheduled.py took 0.130 seconds
[2026-06-16T12:55:38.544+0000] {processor.py:161} INFO - Started process (PID=3133) to work on /opt/airflow/dags/dag_09_gcp_taxi_scheduled.py
[2026-06-16T12:55:38.547+0000] {processor.py:830} INFO - Processing file /opt/airflow/dags/dag_09_gcp_taxi_scheduled.py for tasks to queue
[2026-06-16T12:55:38.550+0000] {logging_mixin.py:188} INFO - [2026-06-16T12:55:38.550+0000] {dagbag.py:545} INFO - Filling up the DagBag from /opt/airflow/dags/dag_09_gcp_taxi_scheduled.py
[2026-06-16T12:55:38.567+0000] {processor.py:840} INFO - DAG(s) '09_gcp_taxi_scheduled' retrieved from /opt/airflow/dags/dag_09_gcp_taxi_scheduled.py
[2026-06-16T12:55:38.615+0000] {logging_mixin.py:188} INFO - [2026-06-16T12:55:38.614+0000] {dag.py:3089} INFO - Sync 1 DAGs
[2026-06-16T12:55:38.667+0000] {processor.py:183} INFO - Processing /opt/airflow/dags/dag_09_gcp_taxi_scheduled.py took 0.133 seconds
[2026-06-16T12:56:09.692+0000] {processor.py:161} INFO - Started process (PID=3173) to work on /opt/airflow/dags/dag_09_gcp_taxi_scheduled.py
[2026-06-16T12:56:09.703+0000] {processor.py:830} INFO - Processing file /opt/airflow/dags/dag_09_gcp_taxi_scheduled.py for tasks to queue
[2026-06-16T12:56:09.705+0000] {logging_mixin.py:188} INFO - [2026-06-16T12:56:09.704+0000] {dagbag.py:545} INFO - Filling up the DagBag from /opt/airflow/dags/dag_09_gcp_taxi_scheduled.py
[2026-06-16T12:56:09.719+0000] {processor.py:840} INFO - DAG(s) '09_gcp_taxi_scheduled' retrieved from /opt/airflow/dags/dag_09_gcp_taxi_scheduled.py
[2026-06-16T12:56:09.761+0000] {logging_mixin.py:188} INFO - [2026-06-16T12:56:09.761+0000] {dag.py:3089} INFO - Sync 1 DAGs
[2026-06-16T12:56:09.810+0000] {processor.py:183} INFO - Processing /opt/airflow/dags/dag_09_gcp_taxi_scheduled.py took 0.125 seconds
[2026-06-16T12:56:40.000+0000] {processor.py:161} INFO - Started process (PID=3213) to work on /opt/airflow/dags/dag_09_gcp_taxi_scheduled.py
[2026-06-16T12:56:40.001+0000] {processor.py:830} INFO - Processing file /opt/airflow/dags/dag_09_gcp_taxi_scheduled.py for tasks to queue
[2026-06-16T12:56:40.005+0000] {logging_mixin.py:188} INFO - [2026-06-16T12:56:40.003+0000] {dagbag.py:545} INFO - Filling up the DagBag from /opt/airflow/dags/dag_09_gcp_taxi_scheduled.py
[2026-06-16T12:56:40.025+0000] {processor.py:840} INFO - DAG(s) '09_gcp_taxi_scheduled' retrieved from /opt/airflow/dags/dag_09_gcp_taxi_scheduled.py
[2026-06-16T12:56:40.084+0000] {logging_mixin.py:188} INFO - [2026-06-16T12:56:40.084+0000] {dag.py:3089} INFO - Sync 1 DAGs
[2026-06-16T12:56:40.142+0000] {processor.py:183} INFO - Processing /opt/airflow/dags/dag_09_gcp_taxi_scheduled.py took 0.154 seconds
[2026-06-16T12:57:10.392+0000] {processor.py:161} INFO - Started process (PID=3253) to work on /opt/airflow/dags/dag_09_gcp_taxi_scheduled.py
[2026-06-16T12:57:10.393+0000] {processor.py:830} INFO - Processing file /opt/airflow/dags/dag_09_gcp_taxi_scheduled.py for tasks to queue
[2026-06-16T12:57:10.396+0000] {logging_mixin.py:188} INFO - [2026-06-16T12:57:10.395+0000] {dagbag.py:545} INFO - Filling up the DagBag from /opt/airflow/dags/dag_09_gcp_taxi_scheduled.py
[2026-06-16T12:57:10.412+0000] {processor.py:840} INFO - DAG(s) '09_gcp_taxi_scheduled' retrieved from /opt/airflow/dags/dag_09_gcp_taxi_scheduled.py
[2026-06-16T12:57:10.465+0000] {logging_mixin.py:188} INFO - [2026-06-16T12:57:10.465+0000] {dag.py:3089} INFO - Sync 1 DAGs
[2026-06-16T12:57:10.518+0000] {processor.py:183} INFO - Processing /opt/airflow/dags/dag_09_gcp_taxi_scheduled.py took 0.134 seconds
[2026-06-16T12:57:41.082+0000] {processor.py:161} INFO - Started process (PID=3293) to work on /opt/airflow/dags/dag_09_gcp_taxi_scheduled.py
[2026-06-16T12:57:41.083+0000] {processor.py:830} INFO - Processing file /opt/airflow/dags/dag_09_gcp_taxi_scheduled.py for tasks to queue
[2026-06-16T12:57:41.085+0000] {logging_mixin.py:188} INFO - [2026-06-16T12:57:41.085+0000] {dagbag.py:545} INFO - Filling up the DagBag from /opt/airflow/dags/dag_09_gcp_taxi_scheduled.py
[2026-06-16T12:57:41.101+0000] {processor.py:840} INFO - DAG(s) '09_gcp_taxi_scheduled' retrieved from /opt/airflow/dags/dag_09_gcp_taxi_scheduled.py
[2026-06-16T12:57:41.149+0000] {logging_mixin.py:188} INFO - [2026-06-16T12:57:41.149+0000] {dag.py:3089} INFO - Sync 1 DAGs
[2026-06-16T12:57:41.197+0000] {processor.py:183} INFO - Processing /opt/airflow/dags/dag_09_gcp_taxi_scheduled.py took 0.123 seconds
[2026-06-16T12:58:12.151+0000] {processor.py:161} INFO - Started process (PID=3333) to work on /opt/airflow/dags/dag_09_gcp_taxi_scheduled.py
[2026-06-16T12:58:12.153+0000] {processor.py:830} INFO - Processing file /opt/airflow/dags/dag_09_gcp_taxi_scheduled.py for tasks to queue
[2026-06-16T12:58:12.155+0000] {logging_mixin.py:188} INFO - [2026-06-16T12:58:12.155+0000] {dagbag.py:545} INFO - Filling up the DagBag from /opt/airflow/dags/dag_09_gcp_taxi_scheduled.py
[2026-06-16T12:58:12.171+0000] {processor.py:840} INFO - DAG(s) '09_gcp_taxi_scheduled' retrieved from /opt/airflow/dags/dag_09_gcp_taxi_scheduled.py
[2026-06-16T12:58:12.217+0000] {logging_mixin.py:188} INFO - [2026-06-16T12:58:12.217+0000] {dag.py:3089} INFO - Sync 1 DAGs
[2026-06-16T12:58:12.269+0000] {processor.py:183} INFO - Processing /opt/airflow/dags/dag_09_gcp_taxi_scheduled.py took 0.125 seconds
[2026-06-16T12:58:42.350+0000] {processor.py:161} INFO - Started process (PID=3373) to work on /opt/airflow/dags/dag_09_gcp_taxi_scheduled.py
[2026-06-16T12:58:42.351+0000] {processor.py:830} INFO - Processing file /opt/airflow/dags/dag_09_gcp_taxi_scheduled.py for tasks to queue
[2026-06-16T12:58:42.353+0000] {logging_mixin.py:188} INFO - [2026-06-16T12:58:42.353+0000] {dagbag.py:545} INFO - Filling up the DagBag from /opt/airflow/dags/dag_09_gcp_taxi_scheduled.py
[2026-06-16T12:58:42.369+0000] {processor.py:840} INFO - DAG(s) '09_gcp_taxi_scheduled' retrieved from /opt/airflow/dags/dag_09_gcp_taxi_scheduled.py
[2026-06-16T12:58:42.412+0000] {logging_mixin.py:188} INFO - [2026-06-16T12:58:42.412+0000] {dag.py:3089} INFO - Sync 1 DAGs
[2026-06-16T12:58:42.460+0000] {processor.py:183} INFO - Processing /opt/airflow/dags/dag_09_gcp_taxi_scheduled.py took 0.116 seconds
[2026-06-16T12:59:12.529+0000] {processor.py:161} INFO - Started process (PID=3413) to work on /opt/airflow/dags/dag_09_gcp_taxi_scheduled.py
[2026-06-16T12:59:12.531+0000] {processor.py:830} INFO - Processing file /opt/airflow/dags/dag_09_gcp_taxi_scheduled.py for tasks to queue
[2026-06-16T12:59:12.533+0000] {logging_mixin.py:188} INFO - [2026-06-16T12:59:12.533+0000] {dagbag.py:545} INFO - Filling up the DagBag from /opt/airflow/dags/dag_09_gcp_taxi_scheduled.py
[2026-06-16T12:59:12.553+0000] {processor.py:840} INFO - DAG(s) '09_gcp_taxi_scheduled' retrieved from /opt/airflow/dags/dag_09_gcp_taxi_scheduled.py
[2026-06-16T12:59:12.595+0000] {logging_mixin.py:188} INFO - [2026-06-16T12:59:12.595+0000] {dag.py:3089} INFO - Sync 1 DAGs
[2026-06-16T12:59:12.644+0000] {processor.py:183} INFO - Processing /opt/airflow/dags/dag_09_gcp_taxi_scheduled.py took 0.121 seconds
[2026-06-16T12:59:42.724+0000] {processor.py:161} INFO - Started process (PID=3453) to work on /opt/airflow/dags/dag_09_gcp_taxi_scheduled.py
[2026-06-16T12:59:42.725+0000] {processor.py:830} INFO - Processing file /opt/airflow/dags/dag_09_gcp_taxi_scheduled.py for tasks to queue
[2026-06-16T12:59:42.728+0000] {logging_mixin.py:188} INFO - [2026-06-16T12:59:42.727+0000] {dagbag.py:545} INFO - Filling up the DagBag from /opt/airflow/dags/dag_09_gcp_taxi_scheduled.py
[2026-06-16T12:59:42.744+0000] {processor.py:840} INFO - DAG(s) '09_gcp_taxi_scheduled' retrieved from /opt/airflow/dags/dag_09_gcp_taxi_scheduled.py
[2026-06-16T12:59:42.787+0000] {logging_mixin.py:188} INFO - [2026-06-16T12:59:42.786+0000] {dag.py:3089} INFO - Sync 1 DAGs
[2026-06-16T12:59:42.834+0000] {processor.py:183} INFO - Processing /opt/airflow/dags/dag_09_gcp_taxi_scheduled.py took 0.116 seconds
[2026-06-16T13:00:13.000+0000] {processor.py:161} INFO - Started process (PID=3493) to work on /opt/airflow/dags/dag_09_gcp_taxi_scheduled.py
[2026-06-16T13:00:13.001+0000] {processor.py:830} INFO - Processing file /opt/airflow/dags/dag_09_gcp_taxi_scheduled.py for tasks to queue
[2026-06-16T13:00:13.003+0000] {logging_mixin.py:188} INFO - [2026-06-16T13:00:13.003+0000] {dagbag.py:545} INFO - Filling up the DagBag from /opt/airflow/dags/dag_09_gcp_taxi_scheduled.py
[2026-06-16T13:00:13.021+0000] {processor.py:840} INFO - DAG(s) '09_gcp_taxi_scheduled' retrieved from /opt/airflow/dags/dag_09_gcp_taxi_scheduled.py
[2026-06-16T13:00:13.064+0000] {logging_mixin.py:188} INFO - [2026-06-16T13:00:13.064+0000] {dag.py:3089} INFO - Sync 1 DAGs
[2026-06-16T13:00:13.112+0000] {processor.py:183} INFO - Processing /opt/airflow/dags/dag_09_gcp_taxi_scheduled.py took 0.119 seconds
[2026-06-16T13:00:43.180+0000] {processor.py:161} INFO - Started process (PID=3533) to work on /opt/airflow/dags/dag_09_gcp_taxi_scheduled.py
[2026-06-16T13:00:43.181+0000] {processor.py:830} INFO - Processing file /opt/airflow/dags/dag_09_gcp_taxi_scheduled.py for tasks to queue
[2026-06-16T13:00:43.183+0000] {logging_mixin.py:188} INFO - [2026-06-16T13:00:43.183+0000] {dagbag.py:545} INFO - Filling up the DagBag from /opt/airflow/dags/dag_09_gcp_taxi_scheduled.py
[2026-06-16T13:00:43.199+0000] {processor.py:840} INFO - DAG(s) '09_gcp_taxi_scheduled' retrieved from /opt/airflow/dags/dag_09_gcp_taxi_scheduled.py
[2026-06-16T13:00:43.242+0000] {logging_mixin.py:188} INFO - [2026-06-16T13:00:43.241+0000] {dag.py:3089} INFO - Sync 1 DAGs
[2026-06-16T13:00:43.292+0000] {processor.py:183} INFO - Processing /opt/airflow/dags/dag_09_gcp_taxi_scheduled.py took 0.118 seconds
[2026-06-16T13:01:13.395+0000] {processor.py:161} INFO - Started process (PID=3573) to work on /opt/airflow/dags/dag_09_gcp_taxi_scheduled.py
[2026-06-16T13:01:13.396+0000] {processor.py:830} INFO - Processing file /opt/airflow/dags/dag_09_gcp_taxi_scheduled.py for tasks to queue
[2026-06-16T13:01:13.398+0000] {logging_mixin.py:188} INFO - [2026-06-16T13:01:13.398+0000] {dagbag.py:545} INFO - Filling up the DagBag from /opt/airflow/dags/dag_09_gcp_taxi_scheduled.py
[2026-06-16T13:01:13.414+0000] {processor.py:840} INFO - DAG(s) '09_gcp_taxi_scheduled' retrieved from /opt/airflow/dags/dag_09_gcp_taxi_scheduled.py
[2026-06-16T13:01:13.460+0000] {logging_mixin.py:188} INFO - [2026-06-16T13:01:13.459+0000] {dag.py:3089} INFO - Sync 1 DAGs
[2026-06-16T13:01:13.508+0000] {processor.py:183} INFO - Processing /opt/airflow/dags/dag_09_gcp_taxi_scheduled.py took 0.121 seconds
[2026-06-16T13:01:43.621+0000] {processor.py:161} INFO - Started process (PID=3613) to work on /opt/airflow/dags/dag_09_gcp_taxi_scheduled.py
[2026-06-16T13:01:43.622+0000] {processor.py:830} INFO - Processing file /opt/airflow/dags/dag_09_gcp_taxi_scheduled.py for tasks to queue
[2026-06-16T13:01:43.624+0000] {logging_mixin.py:188} INFO - [2026-06-16T13:01:43.624+0000] {dagbag.py:545} INFO - Filling up the DagBag from /opt/airflow/dags/dag_09_gcp_taxi_scheduled.py
[2026-06-16T13:01:43.640+0000] {processor.py:840} INFO - DAG(s) '09_gcp_taxi_scheduled' retrieved from /opt/airflow/dags/dag_09_gcp_taxi_scheduled.py
[2026-06-16T13:01:43.682+0000] {logging_mixin.py:188} INFO - [2026-06-16T13:01:43.682+0000] {dag.py:3089} INFO - Sync 1 DAGs
[2026-06-16T13:01:43.731+0000] {processor.py:183} INFO - Processing /opt/airflow/dags/dag_09_gcp_taxi_scheduled.py took 0.116 seconds
[2026-06-16T13:02:13.854+0000] {processor.py:161} INFO - Started process (PID=3653) to work on /opt/airflow/dags/dag_09_gcp_taxi_scheduled.py
[2026-06-16T13:02:13.864+0000] {processor.py:830} INFO - Processing file /opt/airflow/dags/dag_09_gcp_taxi_scheduled.py for tasks to queue
[2026-06-16T13:02:13.866+0000] {logging_mixin.py:188} INFO - [2026-06-16T13:02:13.866+0000] {dagbag.py:545} INFO - Filling up the DagBag from /opt/airflow/dags/dag_09_gcp_taxi_scheduled.py
[2026-06-16T13:02:13.885+0000] {processor.py:840} INFO - DAG(s) '09_gcp_taxi_scheduled' retrieved from /opt/airflow/dags/dag_09_gcp_taxi_scheduled.py
[2026-06-16T13:02:13.938+0000] {logging_mixin.py:188} INFO - [2026-06-16T13:02:13.938+0000] {dag.py:3089} INFO - Sync 1 DAGs
[2026-06-16T13:02:13.991+0000] {processor.py:183} INFO - Processing /opt/airflow/dags/dag_09_gcp_taxi_scheduled.py took 0.145 seconds
[2026-06-16T13:02:44.043+0000] {processor.py:161} INFO - Started process (PID=3693) to work on /opt/airflow/dags/dag_09_gcp_taxi_scheduled.py
[2026-06-16T13:02:44.044+0000] {processor.py:830} INFO - Processing file /opt/airflow/dags/dag_09_gcp_taxi_scheduled.py for tasks to queue
[2026-06-16T13:02:44.046+0000] {logging_mixin.py:188} INFO - [2026-06-16T13:02:44.046+0000] {dagbag.py:545} INFO - Filling up the DagBag from /opt/airflow/dags/dag_09_gcp_taxi_scheduled.py
[2026-06-16T13:02:44.061+0000] {processor.py:840} INFO - DAG(s) '09_gcp_taxi_scheduled' retrieved from /opt/airflow/dags/dag_09_gcp_taxi_scheduled.py
[2026-06-16T13:02:44.108+0000] {logging_mixin.py:188} INFO - [2026-06-16T13:02:44.107+0000] {dag.py:3089} INFO - Sync 1 DAGs
[2026-06-16T13:02:44.161+0000] {processor.py:183} INFO - Processing /opt/airflow/dags/dag_09_gcp_taxi_scheduled.py took 0.125 seconds
[2026-06-16T13:03:14.236+0000] {processor.py:161} INFO - Started process (PID=3733) to work on /opt/airflow/dags/dag_09_gcp_taxi_scheduled.py
[2026-06-16T13:03:14.248+0000] {processor.py:830} INFO - Processing file /opt/airflow/dags/dag_09_gcp_taxi_scheduled.py for tasks to queue
[2026-06-16T13:03:14.250+0000] {logging_mixin.py:188} INFO - [2026-06-16T13:03:14.250+0000] {dagbag.py:545} INFO - Filling up the DagBag from /opt/airflow/dags/dag_09_gcp_taxi_scheduled.py
[2026-06-16T13:03:14.265+0000] {processor.py:840} INFO - DAG(s) '09_gcp_taxi_scheduled' retrieved from /opt/airflow/dags/dag_09_gcp_taxi_scheduled.py
[2026-06-16T13:03:14.309+0000] {logging_mixin.py:188} INFO - [2026-06-16T13:03:14.308+0000] {dag.py:3089} INFO - Sync 1 DAGs
[2026-06-16T13:03:14.355+0000] {processor.py:183} INFO - Processing /opt/airflow/dags/dag_09_gcp_taxi_scheduled.py took 0.126 seconds
[2026-06-16T13:03:44.420+0000] {processor.py:161} INFO - Started process (PID=3773) to work on /opt/airflow/dags/dag_09_gcp_taxi_scheduled.py
[2026-06-16T13:03:44.421+0000] {processor.py:830} INFO - Processing file /opt/airflow/dags/dag_09_gcp_taxi_scheduled.py for tasks to queue
[2026-06-16T13:03:44.424+0000] {logging_mixin.py:188} INFO - [2026-06-16T13:03:44.423+0000] {dagbag.py:545} INFO - Filling up the DagBag from /opt/airflow/dags/dag_09_gcp_taxi_scheduled.py
[2026-06-16T13:03:44.439+0000] {processor.py:840} INFO - DAG(s) '09_gcp_taxi_scheduled' retrieved from /opt/airflow/dags/dag_09_gcp_taxi_scheduled.py
[2026-06-16T13:03:44.480+0000] {logging_mixin.py:188} INFO - [2026-06-16T13:03:44.480+0000] {dag.py:3089} INFO - Sync 1 DAGs
[2026-06-16T13:03:44.528+0000] {processor.py:183} INFO - Processing /opt/airflow/dags/dag_09_gcp_taxi_scheduled.py took 0.115 seconds
[2026-06-16T13:04:14.632+0000] {processor.py:161} INFO - Started process (PID=3813) to work on /opt/airflow/dags/dag_09_gcp_taxi_scheduled.py
[2026-06-16T13:04:14.643+0000] {processor.py:830} INFO - Processing file /opt/airflow/dags/dag_09_gcp_taxi_scheduled.py for tasks to queue
[2026-06-16T13:04:14.645+0000] {logging_mixin.py:188} INFO - [2026-06-16T13:04:14.645+0000] {dagbag.py:545} INFO - Filling up the DagBag from /opt/airflow/dags/dag_09_gcp_taxi_scheduled.py
[2026-06-16T13:04:14.661+0000] {processor.py:840} INFO - DAG(s) '09_gcp_taxi_scheduled' retrieved from /opt/airflow/dags/dag_09_gcp_taxi_scheduled.py
[2026-06-16T13:04:14.702+0000] {logging_mixin.py:188} INFO - [2026-06-16T13:04:14.702+0000] {dag.py:3089} INFO - Sync 1 DAGs
[2026-06-16T13:04:14.754+0000] {processor.py:183} INFO - Processing /opt/airflow/dags/dag_09_gcp_taxi_scheduled.py took 0.129 seconds
[2026-06-16T13:04:44.851+0000] {processor.py:161} INFO - Started process (PID=3853) to work on /opt/airflow/dags/dag_09_gcp_taxi_scheduled.py
[2026-06-16T13:04:44.852+0000] {processor.py:830} INFO - Processing file /opt/airflow/dags/dag_09_gcp_taxi_scheduled.py for tasks to queue
[2026-06-16T13:04:44.854+0000] {logging_mixin.py:188} INFO - [2026-06-16T13:04:44.854+0000] {dagbag.py:545} INFO - Filling up the DagBag from /opt/airflow/dags/dag_09_gcp_taxi_scheduled.py
[2026-06-16T13:04:44.869+0000] {processor.py:840} INFO - DAG(s) '09_gcp_taxi_scheduled' retrieved from /opt/airflow/dags/dag_09_gcp_taxi_scheduled.py
[2026-06-16T13:04:44.911+0000] {logging_mixin.py:188} INFO - [2026-06-16T13:04:44.911+0000] {dag.py:3089} INFO - Sync 1 DAGs
[2026-06-16T13:04:44.958+0000] {processor.py:183} INFO - Processing /opt/airflow/dags/dag_09_gcp_taxi_scheduled.py took 0.115 seconds
[2026-06-16T13:05:15.018+0000] {processor.py:161} INFO - Started process (PID=3893) to work on /opt/airflow/dags/dag_09_gcp_taxi_scheduled.py
[2026-06-16T13:05:15.020+0000] {processor.py:830} INFO - Processing file /opt/airflow/dags/dag_09_gcp_taxi_scheduled.py for tasks to queue
[2026-06-16T13:05:15.022+0000] {logging_mixin.py:188} INFO - [2026-06-16T13:05:15.022+0000] {dagbag.py:545} INFO - Filling up the DagBag from /opt/airflow/dags/dag_09_gcp_taxi_scheduled.py
[2026-06-16T13:05:15.039+0000] {processor.py:840} INFO - DAG(s) '09_gcp_taxi_scheduled' retrieved from /opt/airflow/dags/dag_09_gcp_taxi_scheduled.py
[2026-06-16T13:05:15.083+0000] {logging_mixin.py:188} INFO - [2026-06-16T13:05:15.083+0000] {dag.py:3089} INFO - Sync 1 DAGs
[2026-06-16T13:05:15.131+0000] {processor.py:183} INFO - Processing /opt/airflow/dags/dag_09_gcp_taxi_scheduled.py took 0.120 seconds
[2026-06-16T13:05:45.188+0000] {processor.py:161} INFO - Started process (PID=3933) to work on /opt/airflow/dags/dag_09_gcp_taxi_scheduled.py
[2026-06-16T13:05:45.190+0000] {processor.py:830} INFO - Processing file /opt/airflow/dags/dag_09_gcp_taxi_scheduled.py for tasks to queue
[2026-06-16T13:05:45.193+0000] {logging_mixin.py:188} INFO - [2026-06-16T13:05:45.193+0000] {dagbag.py:545} INFO - Filling up the DagBag from /opt/airflow/dags/dag_09_gcp_taxi_scheduled.py
[2026-06-16T13:05:45.209+0000] {processor.py:840} INFO - DAG(s) '09_gcp_taxi_scheduled' retrieved from /opt/airflow/dags/dag_09_gcp_taxi_scheduled.py
[2026-06-16T13:05:45.252+0000] {logging_mixin.py:188} INFO - [2026-06-16T13:05:45.252+0000] {dag.py:3089} INFO - Sync 1 DAGs
[2026-06-16T13:05:45.302+0000] {processor.py:183} INFO - Processing /opt/airflow/dags/dag_09_gcp_taxi_scheduled.py took 0.120 seconds
[2026-06-16T13:06:16.227+0000] {processor.py:161} INFO - Started process (PID=3973) to work on /opt/airflow/dags/dag_09_gcp_taxi_scheduled.py
[2026-06-16T13:06:16.229+0000] {processor.py:830} INFO - Processing file /opt/airflow/dags/dag_09_gcp_taxi_scheduled.py for tasks to queue
[2026-06-16T13:06:16.231+0000] {logging_mixin.py:188} INFO - [2026-06-16T13:06:16.231+0000] {dagbag.py:545} INFO - Filling up the DagBag from /opt/airflow/dags/dag_09_gcp_taxi_scheduled.py
[2026-06-16T13:06:16.250+0000] {processor.py:840} INFO - DAG(s) '09_gcp_taxi_scheduled' retrieved from /opt/airflow/dags/dag_09_gcp_taxi_scheduled.py
[2026-06-16T13:06:16.303+0000] {logging_mixin.py:188} INFO - [2026-06-16T13:06:16.302+0000] {dag.py:3089} INFO - Sync 1 DAGs
[2026-06-16T13:06:16.360+0000] {processor.py:183} INFO - Processing /opt/airflow/dags/dag_09_gcp_taxi_scheduled.py took 0.140 seconds
[2026-06-16T13:06:46.464+0000] {processor.py:161} INFO - Started process (PID=4013) to work on /opt/airflow/dags/dag_09_gcp_taxi_scheduled.py
[2026-06-16T13:06:46.465+0000] {processor.py:830} INFO - Processing file /opt/airflow/dags/dag_09_gcp_taxi_scheduled.py for tasks to queue
[2026-06-16T13:06:46.467+0000] {logging_mixin.py:188} INFO - [2026-06-16T13:06:46.467+0000] {dagbag.py:545} INFO - Filling up the DagBag from /opt/airflow/dags/dag_09_gcp_taxi_scheduled.py
[2026-06-16T13:06:46.483+0000] {processor.py:840} INFO - DAG(s) '09_gcp_taxi_scheduled' retrieved from /opt/airflow/dags/dag_09_gcp_taxi_scheduled.py
[2026-06-16T13:06:46.525+0000] {logging_mixin.py:188} INFO - [2026-06-16T13:06:46.525+0000] {dag.py:3089} INFO - Sync 1 DAGs
[2026-06-16T13:06:46.574+0000] {processor.py:183} INFO - Processing /opt/airflow/dags/dag_09_gcp_taxi_scheduled.py took 0.116 seconds
[2026-06-16T13:07:16.678+0000] {processor.py:161} INFO - Started process (PID=4053) to work on /opt/airflow/dags/dag_09_gcp_taxi_scheduled.py
[2026-06-16T13:07:16.679+0000] {processor.py:830} INFO - Processing file /opt/airflow/dags/dag_09_gcp_taxi_scheduled.py for tasks to queue
[2026-06-16T13:07:16.681+0000] {logging_mixin.py:188} INFO - [2026-06-16T13:07:16.681+0000] {dagbag.py:545} INFO - Filling up the DagBag from /opt/airflow/dags/dag_09_gcp_taxi_scheduled.py
[2026-06-16T13:07:16.696+0000] {processor.py:840} INFO - DAG(s) '09_gcp_taxi_scheduled' retrieved from /opt/airflow/dags/dag_09_gcp_taxi_scheduled.py
[2026-06-16T13:07:16.738+0000] {logging_mixin.py:188} INFO - [2026-06-16T13:07:16.738+0000] {dag.py:3089} INFO - Sync 1 DAGs
[2026-06-16T13:07:16.784+0000] {processor.py:183} INFO - Processing /opt/airflow/dags/dag_09_gcp_taxi_scheduled.py took 0.113 seconds
[2026-06-16T13:07:46.846+0000] {processor.py:161} INFO - Started process (PID=4093) to work on /opt/airflow/dags/dag_09_gcp_taxi_scheduled.py
[2026-06-16T13:07:46.847+0000] {processor.py:830} INFO - Processing file /opt/airflow/dags/dag_09_gcp_taxi_scheduled.py for tasks to queue
[2026-06-16T13:07:46.849+0000] {logging_mixin.py:188} INFO - [2026-06-16T13:07:46.849+0000] {dagbag.py:545} INFO - Filling up the DagBag from /opt/airflow/dags/dag_09_gcp_taxi_scheduled.py
[2026-06-16T13:07:46.866+0000] {processor.py:840} INFO - DAG(s) '09_gcp_taxi_scheduled' retrieved from /opt/airflow/dags/dag_09_gcp_taxi_scheduled.py
[2026-06-16T13:07:46.913+0000] {logging_mixin.py:188} INFO - [2026-06-16T13:07:46.912+0000] {dag.py:3089} INFO - Sync 1 DAGs
[2026-06-16T13:07:46.960+0000] {processor.py:183} INFO - Processing /opt/airflow/dags/dag_09_gcp_taxi_scheduled.py took 0.121 seconds
[2026-06-16T13:08:17.128+0000] {processor.py:161} INFO - Started process (PID=4133) to work on /opt/airflow/dags/dag_09_gcp_taxi_scheduled.py
[2026-06-16T13:08:17.129+0000] {processor.py:830} INFO - Processing file /opt/airflow/dags/dag_09_gcp_taxi_scheduled.py for tasks to queue
[2026-06-16T13:08:17.132+0000] {logging_mixin.py:188} INFO - [2026-06-16T13:08:17.131+0000] {dagbag.py:545} INFO - Filling up the DagBag from /opt/airflow/dags/dag_09_gcp_taxi_scheduled.py
[2026-06-16T13:08:17.149+0000] {processor.py:840} INFO - DAG(s) '09_gcp_taxi_scheduled' retrieved from /opt/airflow/dags/dag_09_gcp_taxi_scheduled.py
[2026-06-16T13:08:17.199+0000] {logging_mixin.py:188} INFO - [2026-06-16T13:08:17.199+0000] {dag.py:3089} INFO - Sync 1 DAGs
[2026-06-16T13:08:17.253+0000] {processor.py:183} INFO - Processing /opt/airflow/dags/dag_09_gcp_taxi_scheduled.py took 0.132 seconds
[2026-06-16T13:08:47.330+0000] {processor.py:161} INFO - Started process (PID=4173) to work on /opt/airflow/dags/dag_09_gcp_taxi_scheduled.py
[2026-06-16T13:08:47.331+0000] {processor.py:830} INFO - Processing file /opt/airflow/dags/dag_09_gcp_taxi_scheduled.py for tasks to queue
[2026-06-16T13:08:47.334+0000] {logging_mixin.py:188} INFO - [2026-06-16T13:08:47.334+0000] {dagbag.py:545} INFO - Filling up the DagBag from /opt/airflow/dags/dag_09_gcp_taxi_scheduled.py
[2026-06-16T13:08:47.353+0000] {processor.py:840} INFO - DAG(s) '09_gcp_taxi_scheduled' retrieved from /opt/airflow/dags/dag_09_gcp_taxi_scheduled.py
[2026-06-16T13:08:47.402+0000] {logging_mixin.py:188} INFO - [2026-06-16T13:08:47.402+0000] {dag.py:3089} INFO - Sync 1 DAGs
[2026-06-16T13:08:47.453+0000] {processor.py:183} INFO - Processing /opt/airflow/dags/dag_09_gcp_taxi_scheduled.py took 0.134 seconds
[2026-06-16T13:09:18.458+0000] {processor.py:161} INFO - Started process (PID=4213) to work on /opt/airflow/dags/dag_09_gcp_taxi_scheduled.py
[2026-06-16T13:09:18.470+0000] {processor.py:830} INFO - Processing file /opt/airflow/dags/dag_09_gcp_taxi_scheduled.py for tasks to queue
[2026-06-16T13:09:18.473+0000] {logging_mixin.py:188} INFO - [2026-06-16T13:09:18.472+0000] {dagbag.py:545} INFO - Filling up the DagBag from /opt/airflow/dags/dag_09_gcp_taxi_scheduled.py
[2026-06-16T13:09:18.493+0000] {processor.py:840} INFO - DAG(s) '09_gcp_taxi_scheduled' retrieved from /opt/airflow/dags/dag_09_gcp_taxi_scheduled.py
[2026-06-16T13:09:18.555+0000] {logging_mixin.py:188} INFO - [2026-06-16T13:09:18.555+0000] {dag.py:3089} INFO - Sync 1 DAGs
[2026-06-16T13:09:18.614+0000] {processor.py:183} INFO - Processing /opt/airflow/dags/dag_09_gcp_taxi_scheduled.py took 0.165 seconds
[2026-06-16T13:09:48.753+0000] {processor.py:161} INFO - Started process (PID=4253) to work on /opt/airflow/dags/dag_09_gcp_taxi_scheduled.py
[2026-06-16T13:09:48.754+0000] {processor.py:830} INFO - Processing file /opt/airflow/dags/dag_09_gcp_taxi_scheduled.py for tasks to queue
[2026-06-16T13:09:48.757+0000] {logging_mixin.py:188} INFO - [2026-06-16T13:09:48.756+0000] {dagbag.py:545} INFO - Filling up the DagBag from /opt/airflow/dags/dag_09_gcp_taxi_scheduled.py
[2026-06-16T13:09:48.772+0000] {processor.py:840} INFO - DAG(s) '09_gcp_taxi_scheduled' retrieved from /opt/airflow/dags/dag_09_gcp_taxi_scheduled.py
[2026-06-16T13:09:48.818+0000] {logging_mixin.py:188} INFO - [2026-06-16T13:09:48.817+0000] {dag.py:3089} INFO - Sync 1 DAGs
[2026-06-16T13:09:48.869+0000] {processor.py:183} INFO - Processing /opt/airflow/dags/dag_09_gcp_taxi_scheduled.py took 0.123 seconds
[2026-06-16T13:10:18.925+0000] {processor.py:161} INFO - Started process (PID=4293) to work on /opt/airflow/dags/dag_09_gcp_taxi_scheduled.py
[2026-06-16T13:10:18.936+0000] {processor.py:830} INFO - Processing file /opt/airflow/dags/dag_09_gcp_taxi_scheduled.py for tasks to queue
[2026-06-16T13:10:18.938+0000] {logging_mixin.py:188} INFO - [2026-06-16T13:10:18.937+0000] {dagbag.py:545} INFO - Filling up the DagBag from /opt/airflow/dags/dag_09_gcp_taxi_scheduled.py
[2026-06-16T13:10:18.953+0000] {processor.py:840} INFO - DAG(s) '09_gcp_taxi_scheduled' retrieved from /opt/airflow/dags/dag_09_gcp_taxi_scheduled.py
[2026-06-16T13:10:18.997+0000] {logging_mixin.py:188} INFO - [2026-06-16T13:10:18.997+0000] {dag.py:3089} INFO - Sync 1 DAGs
[2026-06-16T13:10:19.042+0000] {processor.py:183} INFO - Processing /opt/airflow/dags/dag_09_gcp_taxi_scheduled.py took 0.125 seconds
[2026-06-16T13:10:49.680+0000] {processor.py:161} INFO - Started process (PID=4333) to work on /opt/airflow/dags/dag_09_gcp_taxi_scheduled.py
[2026-06-16T13:10:49.682+0000] {processor.py:830} INFO - Processing file /opt/airflow/dags/dag_09_gcp_taxi_scheduled.py for tasks to queue
[2026-06-16T13:10:49.684+0000] {logging_mixin.py:188} INFO - [2026-06-16T13:10:49.683+0000] {dagbag.py:545} INFO - Filling up the DagBag from /opt/airflow/dags/dag_09_gcp_taxi_scheduled.py
[2026-06-16T13:10:49.699+0000] {processor.py:840} INFO - DAG(s) '09_gcp_taxi_scheduled' retrieved from /opt/airflow/dags/dag_09_gcp_taxi_scheduled.py
[2026-06-16T13:10:49.744+0000] {logging_mixin.py:188} INFO - [2026-06-16T13:10:49.744+0000] {dag.py:3089} INFO - Sync 1 DAGs
[2026-06-16T13:10:49.794+0000] {processor.py:183} INFO - Processing /opt/airflow/dags/dag_09_gcp_taxi_scheduled.py took 0.122 seconds
[2026-06-16T13:11:19.833+0000] {processor.py:161} INFO - Started process (PID=4373) to work on /opt/airflow/dags/dag_09_gcp_taxi_scheduled.py
[2026-06-16T13:11:19.835+0000] {processor.py:830} INFO - Processing file /opt/airflow/dags/dag_09_gcp_taxi_scheduled.py for tasks to queue
[2026-06-16T13:11:19.837+0000] {logging_mixin.py:188} INFO - [2026-06-16T13:11:19.837+0000] {dagbag.py:545} INFO - Filling up the DagBag from /opt/airflow/dags/dag_09_gcp_taxi_scheduled.py
[2026-06-16T13:11:19.854+0000] {processor.py:840} INFO - DAG(s) '09_gcp_taxi_scheduled' retrieved from /opt/airflow/dags/dag_09_gcp_taxi_scheduled.py
[2026-06-16T13:11:19.899+0000] {logging_mixin.py:188} INFO - [2026-06-16T13:11:19.899+0000] {dag.py:3089} INFO - Sync 1 DAGs
[2026-06-16T13:11:19.951+0000] {processor.py:183} INFO - Processing /opt/airflow/dags/dag_09_gcp_taxi_scheduled.py took 0.124 seconds
[2026-06-16T13:11:50.000+0000] {processor.py:161} INFO - Started process (PID=4413) to work on /opt/airflow/dags/dag_09_gcp_taxi_scheduled.py
[2026-06-16T13:11:50.001+0000] {processor.py:830} INFO - Processing file /opt/airflow/dags/dag_09_gcp_taxi_scheduled.py for tasks to queue
[2026-06-16T13:11:50.003+0000] {logging_mixin.py:188} INFO - [2026-06-16T13:11:50.003+0000] {dagbag.py:545} INFO - Filling up the DagBag from /opt/airflow/dags/dag_09_gcp_taxi_scheduled.py
[2026-06-16T13:11:50.021+0000] {processor.py:840} INFO - DAG(s) '09_gcp_taxi_scheduled' retrieved from /opt/airflow/dags/dag_09_gcp_taxi_scheduled.py
[2026-06-16T13:11:50.070+0000] {logging_mixin.py:188} INFO - [2026-06-16T13:11:50.070+0000] {dag.py:3089} INFO - Sync 1 DAGs
[2026-06-16T13:11:50.120+0000] {processor.py:183} INFO - Processing /opt/airflow/dags/dag_09_gcp_taxi_scheduled.py took 0.127 seconds
[2026-06-16T13:12:20.219+0000] {processor.py:161} INFO - Started process (PID=4453) to work on /opt/airflow/dags/dag_09_gcp_taxi_scheduled.py
[2026-06-16T13:12:20.220+0000] {processor.py:830} INFO - Processing file /opt/airflow/dags/dag_09_gcp_taxi_scheduled.py for tasks to queue
[2026-06-16T13:12:20.222+0000] {logging_mixin.py:188} INFO - [2026-06-16T13:12:20.222+0000] {dagbag.py:545} INFO - Filling up the DagBag from /opt/airflow/dags/dag_09_gcp_taxi_scheduled.py
[2026-06-16T13:12:20.238+0000] {processor.py:840} INFO - DAG(s) '09_gcp_taxi_scheduled' retrieved from /opt/airflow/dags/dag_09_gcp_taxi_scheduled.py
[2026-06-16T13:12:20.281+0000] {logging_mixin.py:188} INFO - [2026-06-16T13:12:20.281+0000] {dag.py:3089} INFO - Sync 1 DAGs
[2026-06-16T13:12:20.328+0000] {processor.py:183} INFO - Processing /opt/airflow/dags/dag_09_gcp_taxi_scheduled.py took 0.117 seconds
[2026-06-16T13:12:50.407+0000] {processor.py:161} INFO - Started process (PID=4493) to work on /opt/airflow/dags/dag_09_gcp_taxi_scheduled.py
[2026-06-16T13:12:50.408+0000] {processor.py:830} INFO - Processing file /opt/airflow/dags/dag_09_gcp_taxi_scheduled.py for tasks to queue
[2026-06-16T13:12:50.410+0000] {logging_mixin.py:188} INFO - [2026-06-16T13:12:50.410+0000] {dagbag.py:545} INFO - Filling up the DagBag from /opt/airflow/dags/dag_09_gcp_taxi_scheduled.py
[2026-06-16T13:12:50.425+0000] {processor.py:840} INFO - DAG(s) '09_gcp_taxi_scheduled' retrieved from /opt/airflow/dags/dag_09_gcp_taxi_scheduled.py
[2026-06-16T13:12:50.468+0000] {logging_mixin.py:188} INFO - [2026-06-16T13:12:50.468+0000] {dag.py:3089} INFO - Sync 1 DAGs
[2026-06-16T13:12:50.515+0000] {processor.py:183} INFO - Processing /opt/airflow/dags/dag_09_gcp_taxi_scheduled.py took 0.115 seconds
[2026-06-16T13:13:20.581+0000] {processor.py:161} INFO - Started process (PID=4533) to work on /opt/airflow/dags/dag_09_gcp_taxi_scheduled.py
[2026-06-16T13:13:20.591+0000] {processor.py:830} INFO - Processing file /opt/airflow/dags/dag_09_gcp_taxi_scheduled.py for tasks to queue
[2026-06-16T13:13:20.593+0000] {logging_mixin.py:188} INFO - [2026-06-16T13:13:20.593+0000] {dagbag.py:545} INFO - Filling up the DagBag from /opt/airflow/dags/dag_09_gcp_taxi_scheduled.py
[2026-06-16T13:13:20.608+0000] {processor.py:840} INFO - DAG(s) '09_gcp_taxi_scheduled' retrieved from /opt/airflow/dags/dag_09_gcp_taxi_scheduled.py
[2026-06-16T13:13:20.655+0000] {logging_mixin.py:188} INFO - [2026-06-16T13:13:20.654+0000] {dag.py:3089} INFO - Sync 1 DAGs
[2026-06-16T13:13:20.710+0000] {processor.py:183} INFO - Processing /opt/airflow/dags/dag_09_gcp_taxi_scheduled.py took 0.137 seconds
[2026-06-16T13:13:50.764+0000] {processor.py:161} INFO - Started process (PID=4573) to work on /opt/airflow/dags/dag_09_gcp_taxi_scheduled.py
[2026-06-16T13:13:50.765+0000] {processor.py:830} INFO - Processing file /opt/airflow/dags/dag_09_gcp_taxi_scheduled.py for tasks to queue
[2026-06-16T13:13:50.768+0000] {logging_mixin.py:188} INFO - [2026-06-16T13:13:50.768+0000] {dagbag.py:545} INFO - Filling up the DagBag from /opt/airflow/dags/dag_09_gcp_taxi_scheduled.py
[2026-06-16T13:13:50.785+0000] {processor.py:840} INFO - DAG(s) '09_gcp_taxi_scheduled' retrieved from /opt/airflow/dags/dag_09_gcp_taxi_scheduled.py
[2026-06-16T13:13:50.831+0000] {logging_mixin.py:188} INFO - [2026-06-16T13:13:50.830+0000] {dag.py:3089} INFO - Sync 1 DAGs
[2026-06-16T13:13:50.882+0000] {processor.py:183} INFO - Processing /opt/airflow/dags/dag_09_gcp_taxi_scheduled.py took 0.126 seconds
[2026-06-16T13:14:20.971+0000] {processor.py:161} INFO - Started process (PID=4613) to work on /opt/airflow/dags/dag_09_gcp_taxi_scheduled.py
[2026-06-16T13:14:20.982+0000] {processor.py:830} INFO - Processing file /opt/airflow/dags/dag_09_gcp_taxi_scheduled.py for tasks to queue
[2026-06-16T13:14:20.984+0000] {logging_mixin.py:188} INFO - [2026-06-16T13:14:20.984+0000] {dagbag.py:545} INFO - Filling up the DagBag from /opt/airflow/dags/dag_09_gcp_taxi_scheduled.py
[2026-06-16T13:14:21.003+0000] {processor.py:840} INFO - DAG(s) '09_gcp_taxi_scheduled' retrieved from /opt/airflow/dags/dag_09_gcp_taxi_scheduled.py
[2026-06-16T13:14:21.049+0000] {logging_mixin.py:188} INFO - [2026-06-16T13:14:21.049+0000] {dag.py:3089} INFO - Sync 1 DAGs
[2026-06-16T13:14:21.098+0000] {processor.py:183} INFO - Processing /opt/airflow/dags/dag_09_gcp_taxi_scheduled.py took 0.134 seconds
[2026-06-16T13:14:51.247+0000] {processor.py:161} INFO - Started process (PID=4653) to work on /opt/airflow/dags/dag_09_gcp_taxi_scheduled.py
[2026-06-16T13:14:51.249+0000] {processor.py:830} INFO - Processing file /opt/airflow/dags/dag_09_gcp_taxi_scheduled.py for tasks to queue
[2026-06-16T13:14:51.251+0000] {logging_mixin.py:188} INFO - [2026-06-16T13:14:51.250+0000] {dagbag.py:545} INFO - Filling up the DagBag from /opt/airflow/dags/dag_09_gcp_taxi_scheduled.py
[2026-06-16T13:14:51.266+0000] {processor.py:840} INFO - DAG(s) '09_gcp_taxi_scheduled' retrieved from /opt/airflow/dags/dag_09_gcp_taxi_scheduled.py
[2026-06-16T13:14:51.309+0000] {logging_mixin.py:188} INFO - [2026-06-16T13:14:51.309+0000] {dag.py:3089} INFO - Sync 1 DAGs
[2026-06-16T13:14:51.357+0000] {processor.py:183} INFO - Processing /opt/airflow/dags/dag_09_gcp_taxi_scheduled.py took 0.117 seconds
[2026-06-16T13:15:21.477+0000] {processor.py:161} INFO - Started process (PID=4693) to work on /opt/airflow/dags/dag_09_gcp_taxi_scheduled.py
[2026-06-16T13:15:21.478+0000] {processor.py:830} INFO - Processing file /opt/airflow/dags/dag_09_gcp_taxi_scheduled.py for tasks to queue
[2026-06-16T13:15:21.480+0000] {logging_mixin.py:188} INFO - [2026-06-16T13:15:21.480+0000] {dagbag.py:545} INFO - Filling up the DagBag from /opt/airflow/dags/dag_09_gcp_taxi_scheduled.py
[2026-06-16T13:15:21.498+0000] {processor.py:840} INFO - DAG(s) '09_gcp_taxi_scheduled' retrieved from /opt/airflow/dags/dag_09_gcp_taxi_scheduled.py
[2026-06-16T13:15:21.544+0000] {logging_mixin.py:188} INFO - [2026-06-16T13:15:21.544+0000] {dag.py:3089} INFO - Sync 1 DAGs
[2026-06-16T13:15:21.593+0000] {processor.py:183} INFO - Processing /opt/airflow/dags/dag_09_gcp_taxi_scheduled.py took 0.124 seconds
[2026-06-16T13:15:51.650+0000] {processor.py:161} INFO - Started process (PID=4733) to work on /opt/airflow/dags/dag_09_gcp_taxi_scheduled.py
[2026-06-16T13:15:51.661+0000] {processor.py:830} INFO - Processing file /opt/airflow/dags/dag_09_gcp_taxi_scheduled.py for tasks to queue
[2026-06-16T13:15:51.663+0000] {logging_mixin.py:188} INFO - [2026-06-16T13:15:51.663+0000] {dagbag.py:545} INFO - Filling up the DagBag from /opt/airflow/dags/dag_09_gcp_taxi_scheduled.py
[2026-06-16T13:15:51.681+0000] {processor.py:840} INFO - DAG(s) '09_gcp_taxi_scheduled' retrieved from /opt/airflow/dags/dag_09_gcp_taxi_scheduled.py
[2026-06-16T13:15:51.734+0000] {logging_mixin.py:188} INFO - [2026-06-16T13:15:51.734+0000] {dag.py:3089} INFO - Sync 1 DAGs
[2026-06-16T13:15:51.786+0000] {processor.py:183} INFO - Processing /opt/airflow/dags/dag_09_gcp_taxi_scheduled.py took 0.145 seconds
[2026-06-16T13:16:21.827+0000] {processor.py:161} INFO - Started process (PID=4773) to work on /opt/airflow/dags/dag_09_gcp_taxi_scheduled.py
[2026-06-16T13:16:21.829+0000] {processor.py:830} INFO - Processing file /opt/airflow/dags/dag_09_gcp_taxi_scheduled.py for tasks to queue
[2026-06-16T13:16:21.831+0000] {logging_mixin.py:188} INFO - [2026-06-16T13:16:21.831+0000] {dagbag.py:545} INFO - Filling up the DagBag from /opt/airflow/dags/dag_09_gcp_taxi_scheduled.py
[2026-06-16T13:16:21.849+0000] {processor.py:840} INFO - DAG(s) '09_gcp_taxi_scheduled' retrieved from /opt/airflow/dags/dag_09_gcp_taxi_scheduled.py
[2026-06-16T13:16:21.895+0000] {logging_mixin.py:188} INFO - [2026-06-16T13:16:21.895+0000] {dag.py:3089} INFO - Sync 1 DAGs
[2026-06-16T13:16:21.947+0000] {processor.py:183} INFO - Processing /opt/airflow/dags/dag_09_gcp_taxi_scheduled.py took 0.129 seconds
[2026-06-16T13:16:51.990+0000] {processor.py:161} INFO - Started process (PID=4813) to work on /opt/airflow/dags/dag_09_gcp_taxi_scheduled.py
[2026-06-16T13:16:51.994+0000] {processor.py:830} INFO - Processing file /opt/airflow/dags/dag_09_gcp_taxi_scheduled.py for tasks to queue
[2026-06-16T13:16:51.997+0000] {logging_mixin.py:188} INFO - [2026-06-16T13:16:51.997+0000] {dagbag.py:545} INFO - Filling up the DagBag from /opt/airflow/dags/dag_09_gcp_taxi_scheduled.py
[2026-06-16T13:16:52.015+0000] {processor.py:840} INFO - DAG(s) '09_gcp_taxi_scheduled' retrieved from /opt/airflow/dags/dag_09_gcp_taxi_scheduled.py
[2026-06-16T13:16:52.066+0000] {logging_mixin.py:188} INFO - [2026-06-16T13:16:52.066+0000] {dag.py:3089} INFO - Sync 1 DAGs
[2026-06-16T13:16:52.116+0000] {processor.py:183} INFO - Processing /opt/airflow/dags/dag_09_gcp_taxi_scheduled.py took 0.136 seconds
[2026-06-16T13:17:22.162+0000] {processor.py:161} INFO - Started process (PID=4853) to work on /opt/airflow/dags/dag_09_gcp_taxi_scheduled.py
[2026-06-16T13:17:22.163+0000] {processor.py:830} INFO - Processing file /opt/airflow/dags/dag_09_gcp_taxi_scheduled.py for tasks to queue
[2026-06-16T13:17:22.165+0000] {logging_mixin.py:188} INFO - [2026-06-16T13:17:22.165+0000] {dagbag.py:545} INFO - Filling up the DagBag from /opt/airflow/dags/dag_09_gcp_taxi_scheduled.py
[2026-06-16T13:17:22.180+0000] {processor.py:840} INFO - DAG(s) '09_gcp_taxi_scheduled' retrieved from /opt/airflow/dags/dag_09_gcp_taxi_scheduled.py
[2026-06-16T13:17:22.224+0000] {logging_mixin.py:188} INFO - [2026-06-16T13:17:22.224+0000] {dag.py:3089} INFO - Sync 1 DAGs
[2026-06-16T13:17:22.275+0000] {processor.py:183} INFO - Processing /opt/airflow/dags/dag_09_gcp_taxi_scheduled.py took 0.120 seconds
[2026-06-16T13:17:52.335+0000] {processor.py:161} INFO - Started process (PID=4893) to work on /opt/airflow/dags/dag_09_gcp_taxi_scheduled.py
[2026-06-16T13:17:52.337+0000] {processor.py:830} INFO - Processing file /opt/airflow/dags/dag_09_gcp_taxi_scheduled.py for tasks to queue
[2026-06-16T13:17:52.341+0000] {logging_mixin.py:188} INFO - [2026-06-16T13:17:52.340+0000] {dagbag.py:545} INFO - Filling up the DagBag from /opt/airflow/dags/dag_09_gcp_taxi_scheduled.py
[2026-06-16T13:17:52.360+0000] {processor.py:840} INFO - DAG(s) '09_gcp_taxi_scheduled' retrieved from /opt/airflow/dags/dag_09_gcp_taxi_scheduled.py
[2026-06-16T13:17:52.407+0000] {logging_mixin.py:188} INFO - [2026-06-16T13:17:52.406+0000] {dag.py:3089} INFO - Sync 1 DAGs
[2026-06-16T13:17:52.456+0000] {processor.py:183} INFO - Processing /opt/airflow/dags/dag_09_gcp_taxi_scheduled.py took 0.132 seconds
[2026-06-16T13:18:22.538+0000] {processor.py:161} INFO - Started process (PID=4933) to work on /opt/airflow/dags/dag_09_gcp_taxi_scheduled.py
[2026-06-16T13:18:22.539+0000] {processor.py:830} INFO - Processing file /opt/airflow/dags/dag_09_gcp_taxi_scheduled.py for tasks to queue
[2026-06-16T13:18:22.541+0000] {logging_mixin.py:188} INFO - [2026-06-16T13:18:22.541+0000] {dagbag.py:545} INFO - Filling up the DagBag from /opt/airflow/dags/dag_09_gcp_taxi_scheduled.py
[2026-06-16T13:18:22.558+0000] {processor.py:840} INFO - DAG(s) '09_gcp_taxi_scheduled' retrieved from /opt/airflow/dags/dag_09_gcp_taxi_scheduled.py
[2026-06-16T13:18:22.612+0000] {logging_mixin.py:188} INFO - [2026-06-16T13:18:22.611+0000] {dag.py:3089} INFO - Sync 1 DAGs
[2026-06-16T13:18:22.663+0000] {processor.py:183} INFO - Processing /opt/airflow/dags/dag_09_gcp_taxi_scheduled.py took 0.135 seconds
[2026-06-16T13:18:53.485+0000] {processor.py:161} INFO - Started process (PID=4973) to work on /opt/airflow/dags/dag_09_gcp_taxi_scheduled.py
[2026-06-16T13:18:53.496+0000] {processor.py:830} INFO - Processing file /opt/airflow/dags/dag_09_gcp_taxi_scheduled.py for tasks to queue
[2026-06-16T13:18:53.498+0000] {logging_mixin.py:188} INFO - [2026-06-16T13:18:53.498+0000] {dagbag.py:545} INFO - Filling up the DagBag from /opt/airflow/dags/dag_09_gcp_taxi_scheduled.py
[2026-06-16T13:18:53.513+0000] {processor.py:840} INFO - DAG(s) '09_gcp_taxi_scheduled' retrieved from /opt/airflow/dags/dag_09_gcp_taxi_scheduled.py
[2026-06-16T13:18:53.556+0000] {logging_mixin.py:188} INFO - [2026-06-16T13:18:53.556+0000] {dag.py:3089} INFO - Sync 1 DAGs
[2026-06-16T13:18:53.607+0000] {processor.py:183} INFO - Processing /opt/airflow/dags/dag_09_gcp_taxi_scheduled.py took 0.128 seconds
[2026-06-16T13:19:24.630+0000] {processor.py:161} INFO - Started process (PID=5013) to work on /opt/airflow/dags/dag_09_gcp_taxi_scheduled.py
[2026-06-16T13:19:24.631+0000] {processor.py:830} INFO - Processing file /opt/airflow/dags/dag_09_gcp_taxi_scheduled.py for tasks to queue
[2026-06-16T13:19:24.633+0000] {logging_mixin.py:188} INFO - [2026-06-16T13:19:24.633+0000] {dagbag.py:545} INFO - Filling up the DagBag from /opt/airflow/dags/dag_09_gcp_taxi_scheduled.py
[2026-06-16T13:19:24.648+0000] {processor.py:840} INFO - DAG(s) '09_gcp_taxi_scheduled' retrieved from /opt/airflow/dags/dag_09_gcp_taxi_scheduled.py
[2026-06-16T13:19:24.694+0000] {logging_mixin.py:188} INFO - [2026-06-16T13:19:24.694+0000] {dag.py:3089} INFO - Sync 1 DAGs
[2026-06-16T13:19:24.744+0000] {processor.py:183} INFO - Processing /opt/airflow/dags/dag_09_gcp_taxi_scheduled.py took 0.121 seconds
[2026-06-16T13:19:55.605+0000] {processor.py:161} INFO - Started process (PID=5053) to work on /opt/airflow/dags/dag_09_gcp_taxi_scheduled.py
[2026-06-16T13:19:55.616+0000] {processor.py:830} INFO - Processing file /opt/airflow/dags/dag_09_gcp_taxi_scheduled.py for tasks to queue
[2026-06-16T13:19:55.618+0000] {logging_mixin.py:188} INFO - [2026-06-16T13:19:55.618+0000] {dagbag.py:545} INFO - Filling up the DagBag from /opt/airflow/dags/dag_09_gcp_taxi_scheduled.py
[2026-06-16T13:19:55.635+0000] {processor.py:840} INFO - DAG(s) '09_gcp_taxi_scheduled' retrieved from /opt/airflow/dags/dag_09_gcp_taxi_scheduled.py
[2026-06-16T13:19:55.682+0000] {logging_mixin.py:188} INFO - [2026-06-16T13:19:55.682+0000] {dag.py:3089} INFO - Sync 1 DAGs
[2026-06-16T13:19:55.734+0000] {processor.py:183} INFO - Processing /opt/airflow/dags/dag_09_gcp_taxi_scheduled.py took 0.135 seconds
[2026-06-16T13:20:26.662+0000] {processor.py:161} INFO - Started process (PID=5093) to work on /opt/airflow/dags/dag_09_gcp_taxi_scheduled.py
[2026-06-16T13:20:26.673+0000] {processor.py:830} INFO - Processing file /opt/airflow/dags/dag_09_gcp_taxi_scheduled.py for tasks to queue
[2026-06-16T13:20:26.675+0000] {logging_mixin.py:188} INFO - [2026-06-16T13:20:26.675+0000] {dagbag.py:545} INFO - Filling up the DagBag from /opt/airflow/dags/dag_09_gcp_taxi_scheduled.py
[2026-06-16T13:20:26.692+0000] {processor.py:840} INFO - DAG(s) '09_gcp_taxi_scheduled' retrieved from /opt/airflow/dags/dag_09_gcp_taxi_scheduled.py
[2026-06-16T13:20:26.736+0000] {logging_mixin.py:188} INFO - [2026-06-16T13:20:26.735+0000] {dag.py:3089} INFO - Sync 1 DAGs
[2026-06-16T13:20:26.782+0000] {processor.py:183} INFO - Processing /opt/airflow/dags/dag_09_gcp_taxi_scheduled.py took 0.127 seconds
[2026-06-16T13:20:56.830+0000] {processor.py:161} INFO - Started process (PID=5133) to work on /opt/airflow/dags/dag_09_gcp_taxi_scheduled.py
[2026-06-16T13:20:56.832+0000] {processor.py:830} INFO - Processing file /opt/airflow/dags/dag_09_gcp_taxi_scheduled.py for tasks to queue
[2026-06-16T13:20:56.835+0000] {logging_mixin.py:188} INFO - [2026-06-16T13:20:56.834+0000] {dagbag.py:545} INFO - Filling up the DagBag from /opt/airflow/dags/dag_09_gcp_taxi_scheduled.py
[2026-06-16T13:20:56.850+0000] {processor.py:840} INFO - DAG(s) '09_gcp_taxi_scheduled' retrieved from /opt/airflow/dags/dag_09_gcp_taxi_scheduled.py
[2026-06-16T13:20:56.895+0000] {logging_mixin.py:188} INFO - [2026-06-16T13:20:56.895+0000] {dag.py:3089} INFO - Sync 1 DAGs
[2026-06-16T13:20:56.946+0000] {processor.py:183} INFO - Processing /opt/airflow/dags/dag_09_gcp_taxi_scheduled.py took 0.122 seconds
[2026-06-16T13:21:27.100+0000] {processor.py:161} INFO - Started process (PID=5173) to work on /opt/airflow/dags/dag_09_gcp_taxi_scheduled.py
[2026-06-16T13:21:27.111+0000] {processor.py:830} INFO - Processing file /opt/airflow/dags/dag_09_gcp_taxi_scheduled.py for tasks to queue
[2026-06-16T13:21:27.113+0000] {logging_mixin.py:188} INFO - [2026-06-16T13:21:27.113+0000] {dagbag.py:545} INFO - Filling up the DagBag from /opt/airflow/dags/dag_09_gcp_taxi_scheduled.py
[2026-06-16T13:21:27.128+0000] {processor.py:840} INFO - DAG(s) '09_gcp_taxi_scheduled' retrieved from /opt/airflow/dags/dag_09_gcp_taxi_scheduled.py
[2026-06-16T13:21:27.174+0000] {logging_mixin.py:188} INFO - [2026-06-16T13:21:27.174+0000] {dag.py:3089} INFO - Sync 1 DAGs
[2026-06-16T13:21:27.219+0000] {processor.py:183} INFO - Processing /opt/airflow/dags/dag_09_gcp_taxi_scheduled.py took 0.126 seconds
[2026-06-16T13:21:57.270+0000] {processor.py:161} INFO - Started process (PID=5213) to work on /opt/airflow/dags/dag_09_gcp_taxi_scheduled.py
[2026-06-16T13:21:57.281+0000] {processor.py:830} INFO - Processing file /opt/airflow/dags/dag_09_gcp_taxi_scheduled.py for tasks to queue
[2026-06-16T13:21:57.283+0000] {logging_mixin.py:188} INFO - [2026-06-16T13:21:57.283+0000] {dagbag.py:545} INFO - Filling up the DagBag from /opt/airflow/dags/dag_09_gcp_taxi_scheduled.py
[2026-06-16T13:21:57.298+0000] {processor.py:840} INFO - DAG(s) '09_gcp_taxi_scheduled' retrieved from /opt/airflow/dags/dag_09_gcp_taxi_scheduled.py
[2026-06-16T13:21:57.342+0000] {logging_mixin.py:188} INFO - [2026-06-16T13:21:57.342+0000] {dag.py:3089} INFO - Sync 1 DAGs
[2026-06-16T13:21:57.389+0000] {processor.py:183} INFO - Processing /opt/airflow/dags/dag_09_gcp_taxi_scheduled.py took 0.126 seconds
[2026-06-16T13:22:27.499+0000] {processor.py:161} INFO - Started process (PID=5253) to work on /opt/airflow/dags/dag_09_gcp_taxi_scheduled.py
[2026-06-16T13:22:27.500+0000] {processor.py:830} INFO - Processing file /opt/airflow/dags/dag_09_gcp_taxi_scheduled.py for tasks to queue
[2026-06-16T13:22:27.503+0000] {logging_mixin.py:188} INFO - [2026-06-16T13:22:27.502+0000] {dagbag.py:545} INFO - Filling up the DagBag from /opt/airflow/dags/dag_09_gcp_taxi_scheduled.py
[2026-06-16T13:22:27.521+0000] {processor.py:840} INFO - DAG(s) '09_gcp_taxi_scheduled' retrieved from /opt/airflow/dags/dag_09_gcp_taxi_scheduled.py
[2026-06-16T13:22:27.569+0000] {logging_mixin.py:188} INFO - [2026-06-16T13:22:27.569+0000] {dag.py:3089} INFO - Sync 1 DAGs
[2026-06-16T13:22:27.617+0000] {processor.py:183} INFO - Processing /opt/airflow/dags/dag_09_gcp_taxi_scheduled.py took 0.126 seconds
[2026-06-16T13:22:57.733+0000] {processor.py:161} INFO - Started process (PID=5293) to work on /opt/airflow/dags/dag_09_gcp_taxi_scheduled.py
[2026-06-16T13:22:57.744+0000] {processor.py:830} INFO - Processing file /opt/airflow/dags/dag_09_gcp_taxi_scheduled.py for tasks to queue
[2026-06-16T13:22:57.746+0000] {logging_mixin.py:188} INFO - [2026-06-16T13:22:57.746+0000] {dagbag.py:545} INFO - Filling up the DagBag from /opt/airflow/dags/dag_09_gcp_taxi_scheduled.py
[2026-06-16T13:22:57.762+0000] {processor.py:840} INFO - DAG(s) '09_gcp_taxi_scheduled' retrieved from /opt/airflow/dags/dag_09_gcp_taxi_scheduled.py
[2026-06-16T13:22:57.805+0000] {logging_mixin.py:188} INFO - [2026-06-16T13:22:57.804+0000] {dag.py:3089} INFO - Sync 1 DAGs
[2026-06-16T13:22:57.850+0000] {processor.py:183} INFO - Processing /opt/airflow/dags/dag_09_gcp_taxi_scheduled.py took 0.123 seconds
[2026-06-16T13:23:27.923+0000] {processor.py:161} INFO - Started process (PID=5333) to work on /opt/airflow/dags/dag_09_gcp_taxi_scheduled.py
[2026-06-16T13:23:27.924+0000] {processor.py:830} INFO - Processing file /opt/airflow/dags/dag_09_gcp_taxi_scheduled.py for tasks to queue
[2026-06-16T13:23:27.926+0000] {logging_mixin.py:188} INFO - [2026-06-16T13:23:27.926+0000] {dagbag.py:545} INFO - Filling up the DagBag from /opt/airflow/dags/dag_09_gcp_taxi_scheduled.py
[2026-06-16T13:23:27.941+0000] {processor.py:840} INFO - DAG(s) '09_gcp_taxi_scheduled' retrieved from /opt/airflow/dags/dag_09_gcp_taxi_scheduled.py
[2026-06-16T13:23:27.984+0000] {logging_mixin.py:188} INFO - [2026-06-16T13:23:27.984+0000] {dag.py:3089} INFO - Sync 1 DAGs
[2026-06-16T13:23:28.032+0000] {processor.py:183} INFO - Processing /opt/airflow/dags/dag_09_gcp_taxi_scheduled.py took 0.116 seconds
[2026-06-16T13:23:58.692+0000] {processor.py:161} INFO - Started process (PID=5373) to work on /opt/airflow/dags/dag_09_gcp_taxi_scheduled.py
[2026-06-16T13:23:58.693+0000] {processor.py:830} INFO - Processing file /opt/airflow/dags/dag_09_gcp_taxi_scheduled.py for tasks to queue
[2026-06-16T13:23:58.695+0000] {logging_mixin.py:188} INFO - [2026-06-16T13:23:58.695+0000] {dagbag.py:545} INFO - Filling up the DagBag from /opt/airflow/dags/dag_09_gcp_taxi_scheduled.py
[2026-06-16T13:23:58.710+0000] {processor.py:840} INFO - DAG(s) '09_gcp_taxi_scheduled' retrieved from /opt/airflow/dags/dag_09_gcp_taxi_scheduled.py
[2026-06-16T13:23:58.755+0000] {logging_mixin.py:188} INFO - [2026-06-16T13:23:58.755+0000] {dag.py:3089} INFO - Sync 1 DAGs
[2026-06-16T13:23:58.812+0000] {processor.py:183} INFO - Processing /opt/airflow/dags/dag_09_gcp_taxi_scheduled.py took 0.127 seconds
[2026-06-16T13:24:28.873+0000] {processor.py:161} INFO - Started process (PID=5413) to work on /opt/airflow/dags/dag_09_gcp_taxi_scheduled.py
[2026-06-16T13:24:28.874+0000] {processor.py:830} INFO - Processing file /opt/airflow/dags/dag_09_gcp_taxi_scheduled.py for tasks to queue
[2026-06-16T13:24:28.876+0000] {logging_mixin.py:188} INFO - [2026-06-16T13:24:28.876+0000] {dagbag.py:545} INFO - Filling up the DagBag from /opt/airflow/dags/dag_09_gcp_taxi_scheduled.py
[2026-06-16T13:24:28.892+0000] {processor.py:840} INFO - DAG(s) '09_gcp_taxi_scheduled' retrieved from /opt/airflow/dags/dag_09_gcp_taxi_scheduled.py
[2026-06-16T13:24:28.936+0000] {logging_mixin.py:188} INFO - [2026-06-16T13:24:28.936+0000] {dag.py:3089} INFO - Sync 1 DAGs
[2026-06-16T13:24:28.983+0000] {processor.py:183} INFO - Processing /opt/airflow/dags/dag_09_gcp_taxi_scheduled.py took 0.118 seconds
[2026-06-16T13:24:59.044+0000] {processor.py:161} INFO - Started process (PID=5453) to work on /opt/airflow/dags/dag_09_gcp_taxi_scheduled.py
[2026-06-16T13:24:59.046+0000] {processor.py:830} INFO - Processing file /opt/airflow/dags/dag_09_gcp_taxi_scheduled.py for tasks to queue
[2026-06-16T13:24:59.049+0000] {logging_mixin.py:188} INFO - [2026-06-16T13:24:59.048+0000] {dagbag.py:545} INFO - Filling up the DagBag from /opt/airflow/dags/dag_09_gcp_taxi_scheduled.py
[2026-06-16T13:24:59.066+0000] {processor.py:840} INFO - DAG(s) '09_gcp_taxi_scheduled' retrieved from /opt/airflow/dags/dag_09_gcp_taxi_scheduled.py
[2026-06-16T13:24:59.110+0000] {logging_mixin.py:188} INFO - [2026-06-16T13:24:59.109+0000] {dag.py:3089} INFO - Sync 1 DAGs
[2026-06-16T13:24:59.158+0000] {processor.py:183} INFO - Processing /opt/airflow/dags/dag_09_gcp_taxi_scheduled.py took 0.121 seconds
[2026-06-16T13:25:29.546+0000] {processor.py:161} INFO - Started process (PID=5493) to work on /opt/airflow/dags/dag_09_gcp_taxi_scheduled.py
[2026-06-16T13:25:29.547+0000] {processor.py:830} INFO - Processing file /opt/airflow/dags/dag_09_gcp_taxi_scheduled.py for tasks to queue
[2026-06-16T13:25:29.549+0000] {logging_mixin.py:188} INFO - [2026-06-16T13:25:29.549+0000] {dagbag.py:545} INFO - Filling up the DagBag from /opt/airflow/dags/dag_09_gcp_taxi_scheduled.py
[2026-06-16T13:25:29.565+0000] {processor.py:840} INFO - DAG(s) '09_gcp_taxi_scheduled' retrieved from /opt/airflow/dags/dag_09_gcp_taxi_scheduled.py
[2026-06-16T13:25:29.610+0000] {logging_mixin.py:188} INFO - [2026-06-16T13:25:29.610+0000] {dag.py:3089} INFO - Sync 1 DAGs
[2026-06-16T13:25:29.663+0000] {processor.py:183} INFO - Processing /opt/airflow/dags/dag_09_gcp_taxi_scheduled.py took 0.126 seconds
[2026-06-16T13:26:00.599+0000] {processor.py:161} INFO - Started process (PID=5533) to work on /opt/airflow/dags/dag_09_gcp_taxi_scheduled.py
[2026-06-16T13:26:00.610+0000] {processor.py:830} INFO - Processing file /opt/airflow/dags/dag_09_gcp_taxi_scheduled.py for tasks to queue
[2026-06-16T13:26:00.612+0000] {logging_mixin.py:188} INFO - [2026-06-16T13:26:00.612+0000] {dagbag.py:545} INFO - Filling up the DagBag from /opt/airflow/dags/dag_09_gcp_taxi_scheduled.py
[2026-06-16T13:26:00.628+0000] {processor.py:840} INFO - DAG(s) '09_gcp_taxi_scheduled' retrieved from /opt/airflow/dags/dag_09_gcp_taxi_scheduled.py
[2026-06-16T13:26:00.670+0000] {logging_mixin.py:188} INFO - [2026-06-16T13:26:00.670+0000] {dag.py:3089} INFO - Sync 1 DAGs
[2026-06-16T13:26:00.717+0000] {processor.py:183} INFO - Processing /opt/airflow/dags/dag_09_gcp_taxi_scheduled.py took 0.124 seconds
[2026-06-16T13:26:30.822+0000] {processor.py:161} INFO - Started process (PID=5573) to work on /opt/airflow/dags/dag_09_gcp_taxi_scheduled.py
[2026-06-16T13:26:30.824+0000] {processor.py:830} INFO - Processing file /opt/airflow/dags/dag_09_gcp_taxi_scheduled.py for tasks to queue
[2026-06-16T13:26:30.826+0000] {logging_mixin.py:188} INFO - [2026-06-16T13:26:30.825+0000] {dagbag.py:545} INFO - Filling up the DagBag from /opt/airflow/dags/dag_09_gcp_taxi_scheduled.py
[2026-06-16T13:26:30.843+0000] {processor.py:840} INFO - DAG(s) '09_gcp_taxi_scheduled' retrieved from /opt/airflow/dags/dag_09_gcp_taxi_scheduled.py
[2026-06-16T13:26:30.888+0000] {logging_mixin.py:188} INFO - [2026-06-16T13:26:30.888+0000] {dag.py:3089} INFO - Sync 1 DAGs
[2026-06-16T13:26:30.940+0000] {processor.py:183} INFO - Processing /opt/airflow/dags/dag_09_gcp_taxi_scheduled.py took 0.125 seconds
[2026-06-16T13:27:01.018+0000] {processor.py:161} INFO - Started process (PID=5613) to work on /opt/airflow/dags/dag_09_gcp_taxi_scheduled.py
[2026-06-16T13:27:01.029+0000] {processor.py:830} INFO - Processing file /opt/airflow/dags/dag_09_gcp_taxi_scheduled.py for tasks to queue
[2026-06-16T13:27:01.031+0000] {logging_mixin.py:188} INFO - [2026-06-16T13:27:01.030+0000] {dagbag.py:545} INFO - Filling up the DagBag from /opt/airflow/dags/dag_09_gcp_taxi_scheduled.py
[2026-06-16T13:27:01.046+0000] {processor.py:840} INFO - DAG(s) '09_gcp_taxi_scheduled' retrieved from /opt/airflow/dags/dag_09_gcp_taxi_scheduled.py
[2026-06-16T13:27:01.100+0000] {logging_mixin.py:188} INFO - [2026-06-16T13:27:01.100+0000] {dag.py:3089} INFO - Sync 1 DAGs
[2026-06-16T13:27:01.153+0000] {processor.py:183} INFO - Processing /opt/airflow/dags/dag_09_gcp_taxi_scheduled.py took 0.141 seconds
[2026-06-16T13:27:31.285+0000] {processor.py:161} INFO - Started process (PID=5653) to work on /opt/airflow/dags/dag_09_gcp_taxi_scheduled.py
[2026-06-16T13:27:31.285+0000] {processor.py:830} INFO - Processing file /opt/airflow/dags/dag_09_gcp_taxi_scheduled.py for tasks to queue
[2026-06-16T13:27:31.288+0000] {logging_mixin.py:188} INFO - [2026-06-16T13:27:31.287+0000] {dagbag.py:545} INFO - Filling up the DagBag from /opt/airflow/dags/dag_09_gcp_taxi_scheduled.py
[2026-06-16T13:27:31.303+0000] {processor.py:840} INFO - DAG(s) '09_gcp_taxi_scheduled' retrieved from /opt/airflow/dags/dag_09_gcp_taxi_scheduled.py
[2026-06-16T13:27:31.355+0000] {logging_mixin.py:188} INFO - [2026-06-16T13:27:31.355+0000] {dag.py:3089} INFO - Sync 1 DAGs
[2026-06-16T13:27:31.417+0000] {processor.py:183} INFO - Processing /opt/airflow/dags/dag_09_gcp_taxi_scheduled.py took 0.139 seconds
[2026-06-16T13:28:01.467+0000] {processor.py:161} INFO - Started process (PID=5693) to work on /opt/airflow/dags/dag_09_gcp_taxi_scheduled.py
[2026-06-16T13:28:01.478+0000] {processor.py:830} INFO - Processing file /opt/airflow/dags/dag_09_gcp_taxi_scheduled.py for tasks to queue
[2026-06-16T13:28:01.480+0000] {logging_mixin.py:188} INFO - [2026-06-16T13:28:01.480+0000] {dagbag.py:545} INFO - Filling up the DagBag from /opt/airflow/dags/dag_09_gcp_taxi_scheduled.py
[2026-06-16T13:28:01.496+0000] {processor.py:840} INFO - DAG(s) '09_gcp_taxi_scheduled' retrieved from /opt/airflow/dags/dag_09_gcp_taxi_scheduled.py
[2026-06-16T13:28:01.539+0000] {logging_mixin.py:188} INFO - [2026-06-16T13:28:01.539+0000] {dag.py:3089} INFO - Sync 1 DAGs
[2026-06-16T13:28:01.588+0000] {processor.py:183} INFO - Processing /opt/airflow/dags/dag_09_gcp_taxi_scheduled.py took 0.128 seconds
[2026-06-16T13:28:31.644+0000] {processor.py:161} INFO - Started process (PID=5733) to work on /opt/airflow/dags/dag_09_gcp_taxi_scheduled.py
[2026-06-16T13:28:31.645+0000] {processor.py:830} INFO - Processing file /opt/airflow/dags/dag_09_gcp_taxi_scheduled.py for tasks to queue
[2026-06-16T13:28:31.648+0000] {logging_mixin.py:188} INFO - [2026-06-16T13:28:31.647+0000] {dagbag.py:545} INFO - Filling up the DagBag from /opt/airflow/dags/dag_09_gcp_taxi_scheduled.py
[2026-06-16T13:28:31.666+0000] {processor.py:840} INFO - DAG(s) '09_gcp_taxi_scheduled' retrieved from /opt/airflow/dags/dag_09_gcp_taxi_scheduled.py
[2026-06-16T13:28:31.712+0000] {logging_mixin.py:188} INFO - [2026-06-16T13:28:31.711+0000] {dag.py:3089} INFO - Sync 1 DAGs
[2026-06-16T13:28:31.757+0000] {processor.py:183} INFO - Processing /opt/airflow/dags/dag_09_gcp_taxi_scheduled.py took 0.121 seconds
[2026-06-16T13:29:01.845+0000] {processor.py:161} INFO - Started process (PID=5773) to work on /opt/airflow/dags/dag_09_gcp_taxi_scheduled.py
[2026-06-16T13:29:01.847+0000] {processor.py:830} INFO - Processing file /opt/airflow/dags/dag_09_gcp_taxi_scheduled.py for tasks to queue
[2026-06-16T13:29:01.850+0000] {logging_mixin.py:188} INFO - [2026-06-16T13:29:01.849+0000] {dagbag.py:545} INFO - Filling up the DagBag from /opt/airflow/dags/dag_09_gcp_taxi_scheduled.py
[2026-06-16T13:29:01.867+0000] {processor.py:840} INFO - DAG(s) '09_gcp_taxi_scheduled' retrieved from /opt/airflow/dags/dag_09_gcp_taxi_scheduled.py
[2026-06-16T13:29:01.912+0000] {logging_mixin.py:188} INFO - [2026-06-16T13:29:01.912+0000] {dag.py:3089} INFO - Sync 1 DAGs
[2026-06-16T13:29:01.964+0000] {processor.py:183} INFO - Processing /opt/airflow/dags/dag_09_gcp_taxi_scheduled.py took 0.126 seconds
[2026-06-16T13:29:32.146+0000] {processor.py:161} INFO - Started process (PID=5813) to work on /opt/airflow/dags/dag_09_gcp_taxi_scheduled.py
[2026-06-16T13:29:32.147+0000] {processor.py:830} INFO - Processing file /opt/airflow/dags/dag_09_gcp_taxi_scheduled.py for tasks to queue
[2026-06-16T13:29:32.149+0000] {logging_mixin.py:188} INFO - [2026-06-16T13:29:32.149+0000] {dagbag.py:545} INFO - Filling up the DagBag from /opt/airflow/dags/dag_09_gcp_taxi_scheduled.py
[2026-06-16T13:29:32.164+0000] {processor.py:840} INFO - DAG(s) '09_gcp_taxi_scheduled' retrieved from /opt/airflow/dags/dag_09_gcp_taxi_scheduled.py
[2026-06-16T13:29:32.207+0000] {logging_mixin.py:188} INFO - [2026-06-16T13:29:32.206+0000] {dag.py:3089} INFO - Sync 1 DAGs
[2026-06-16T13:29:32.253+0000] {processor.py:183} INFO - Processing /opt/airflow/dags/dag_09_gcp_taxi_scheduled.py took 0.115 seconds
[2026-06-16T13:30:02.300+0000] {processor.py:161} INFO - Started process (PID=5853) to work on /opt/airflow/dags/dag_09_gcp_taxi_scheduled.py
[2026-06-16T13:30:02.311+0000] {processor.py:830} INFO - Processing file /opt/airflow/dags/dag_09_gcp_taxi_scheduled.py for tasks to queue
[2026-06-16T13:30:02.313+0000] {logging_mixin.py:188} INFO - [2026-06-16T13:30:02.312+0000] {dagbag.py:545} INFO - Filling up the DagBag from /opt/airflow/dags/dag_09_gcp_taxi_scheduled.py
[2026-06-16T13:30:02.329+0000] {processor.py:840} INFO - DAG(s) '09_gcp_taxi_scheduled' retrieved from /opt/airflow/dags/dag_09_gcp_taxi_scheduled.py
[2026-06-16T13:30:02.371+0000] {logging_mixin.py:188} INFO - [2026-06-16T13:30:02.370+0000] {dag.py:3089} INFO - Sync 1 DAGs
[2026-06-16T13:30:02.416+0000] {processor.py:183} INFO - Processing /opt/airflow/dags/dag_09_gcp_taxi_scheduled.py took 0.125 seconds
[2026-06-16T13:30:33.250+0000] {processor.py:161} INFO - Started process (PID=5893) to work on /opt/airflow/dags/dag_09_gcp_taxi_scheduled.py
[2026-06-16T13:30:33.261+0000] {processor.py:830} INFO - Processing file /opt/airflow/dags/dag_09_gcp_taxi_scheduled.py for tasks to queue
[2026-06-16T13:30:33.263+0000] {logging_mixin.py:188} INFO - [2026-06-16T13:30:33.263+0000] {dagbag.py:545} INFO - Filling up the DagBag from /opt/airflow/dags/dag_09_gcp_taxi_scheduled.py
[2026-06-16T13:30:33.279+0000] {processor.py:840} INFO - DAG(s) '09_gcp_taxi_scheduled' retrieved from /opt/airflow/dags/dag_09_gcp_taxi_scheduled.py
[2026-06-16T13:30:33.324+0000] {logging_mixin.py:188} INFO - [2026-06-16T13:30:33.324+0000] {dag.py:3089} INFO - Sync 1 DAGs
[2026-06-16T13:30:33.376+0000] {processor.py:183} INFO - Processing /opt/airflow/dags/dag_09_gcp_taxi_scheduled.py took 0.132 seconds
[2026-06-16T13:31:04.318+0000] {processor.py:161} INFO - Started process (PID=5933) to work on /opt/airflow/dags/dag_09_gcp_taxi_scheduled.py
[2026-06-16T13:31:04.319+0000] {processor.py:830} INFO - Processing file /opt/airflow/dags/dag_09_gcp_taxi_scheduled.py for tasks to queue
[2026-06-16T13:31:04.321+0000] {logging_mixin.py:188} INFO - [2026-06-16T13:31:04.321+0000] {dagbag.py:545} INFO - Filling up the DagBag from /opt/airflow/dags/dag_09_gcp_taxi_scheduled.py
[2026-06-16T13:31:04.337+0000] {processor.py:840} INFO - DAG(s) '09_gcp_taxi_scheduled' retrieved from /opt/airflow/dags/dag_09_gcp_taxi_scheduled.py
[2026-06-16T13:31:04.386+0000] {logging_mixin.py:188} INFO - [2026-06-16T13:31:04.386+0000] {dag.py:3089} INFO - Sync 1 DAGs
[2026-06-16T13:31:04.441+0000] {processor.py:183} INFO - Processing /opt/airflow/dags/dag_09_gcp_taxi_scheduled.py took 0.131 seconds
[2026-06-16T13:31:34.487+0000] {processor.py:161} INFO - Started process (PID=5973) to work on /opt/airflow/dags/dag_09_gcp_taxi_scheduled.py
[2026-06-16T13:31:34.489+0000] {processor.py:830} INFO - Processing file /opt/airflow/dags/dag_09_gcp_taxi_scheduled.py for tasks to queue
[2026-06-16T13:31:34.491+0000] {logging_mixin.py:188} INFO - [2026-06-16T13:31:34.491+0000] {dagbag.py:545} INFO - Filling up the DagBag from /opt/airflow/dags/dag_09_gcp_taxi_scheduled.py
[2026-06-16T13:31:34.506+0000] {processor.py:840} INFO - DAG(s) '09_gcp_taxi_scheduled' retrieved from /opt/airflow/dags/dag_09_gcp_taxi_scheduled.py
[2026-06-16T13:31:34.557+0000] {logging_mixin.py:188} INFO - [2026-06-16T13:31:34.556+0000] {dag.py:3089} INFO - Sync 1 DAGs
[2026-06-16T13:31:34.609+0000] {processor.py:183} INFO - Processing /opt/airflow/dags/dag_09_gcp_taxi_scheduled.py took 0.129 seconds
[2026-06-16T13:32:04.692+0000] {processor.py:161} INFO - Started process (PID=6013) to work on /opt/airflow/dags/dag_09_gcp_taxi_scheduled.py
[2026-06-16T13:32:04.693+0000] {processor.py:830} INFO - Processing file /opt/airflow/dags/dag_09_gcp_taxi_scheduled.py for tasks to queue
[2026-06-16T13:32:04.694+0000] {logging_mixin.py:188} INFO - [2026-06-16T13:32:04.694+0000] {dagbag.py:545} INFO - Filling up the DagBag from /opt/airflow/dags/dag_09_gcp_taxi_scheduled.py
[2026-06-16T13:32:04.709+0000] {processor.py:840} INFO - DAG(s) '09_gcp_taxi_scheduled' retrieved from /opt/airflow/dags/dag_09_gcp_taxi_scheduled.py
[2026-06-16T13:32:04.751+0000] {logging_mixin.py:188} INFO - [2026-06-16T13:32:04.751+0000] {dag.py:3089} INFO - Sync 1 DAGs
[2026-06-16T13:32:04.800+0000] {processor.py:183} INFO - Processing /opt/airflow/dags/dag_09_gcp_taxi_scheduled.py took 0.116 seconds
[2026-06-16T13:32:34.921+0000] {processor.py:161} INFO - Started process (PID=6053) to work on /opt/airflow/dags/dag_09_gcp_taxi_scheduled.py
[2026-06-16T13:32:34.931+0000] {processor.py:830} INFO - Processing file /opt/airflow/dags/dag_09_gcp_taxi_scheduled.py for tasks to queue
[2026-06-16T13:32:34.934+0000] {logging_mixin.py:188} INFO - [2026-06-16T13:32:34.933+0000] {dagbag.py:545} INFO - Filling up the DagBag from /opt/airflow/dags/dag_09_gcp_taxi_scheduled.py
[2026-06-16T13:32:34.951+0000] {processor.py:840} INFO - DAG(s) '09_gcp_taxi_scheduled' retrieved from /opt/airflow/dags/dag_09_gcp_taxi_scheduled.py
[2026-06-16T13:32:34.992+0000] {logging_mixin.py:188} INFO - [2026-06-16T13:32:34.992+0000] {dag.py:3089} INFO - Sync 1 DAGs
[2026-06-16T13:32:35.040+0000] {processor.py:183} INFO - Processing /opt/airflow/dags/dag_09_gcp_taxi_scheduled.py took 0.126 seconds
[2026-06-16T13:33:05.157+0000] {processor.py:161} INFO - Started process (PID=6093) to work on /opt/airflow/dags/dag_09_gcp_taxi_scheduled.py
[2026-06-16T13:33:05.158+0000] {processor.py:830} INFO - Processing file /opt/airflow/dags/dag_09_gcp_taxi_scheduled.py for tasks to queue
[2026-06-16T13:33:05.160+0000] {logging_mixin.py:188} INFO - [2026-06-16T13:33:05.160+0000] {dagbag.py:545} INFO - Filling up the DagBag from /opt/airflow/dags/dag_09_gcp_taxi_scheduled.py
[2026-06-16T13:33:05.176+0000] {processor.py:840} INFO - DAG(s) '09_gcp_taxi_scheduled' retrieved from /opt/airflow/dags/dag_09_gcp_taxi_scheduled.py
[2026-06-16T13:33:05.219+0000] {logging_mixin.py:188} INFO - [2026-06-16T13:33:05.219+0000] {dag.py:3089} INFO - Sync 1 DAGs
[2026-06-16T13:33:05.267+0000] {processor.py:183} INFO - Processing /opt/airflow/dags/dag_09_gcp_taxi_scheduled.py took 0.116 seconds
[2026-06-16T13:33:35.316+0000] {processor.py:161} INFO - Started process (PID=6133) to work on /opt/airflow/dags/dag_09_gcp_taxi_scheduled.py
[2026-06-16T13:33:35.326+0000] {processor.py:830} INFO - Processing file /opt/airflow/dags/dag_09_gcp_taxi_scheduled.py for tasks to queue
[2026-06-16T13:33:35.329+0000] {logging_mixin.py:188} INFO - [2026-06-16T13:33:35.328+0000] {dagbag.py:545} INFO - Filling up the DagBag from /opt/airflow/dags/dag_09_gcp_taxi_scheduled.py
[2026-06-16T13:33:35.344+0000] {processor.py:840} INFO - DAG(s) '09_gcp_taxi_scheduled' retrieved from /opt/airflow/dags/dag_09_gcp_taxi_scheduled.py
[2026-06-16T13:33:35.387+0000] {logging_mixin.py:188} INFO - [2026-06-16T13:33:35.387+0000] {dag.py:3089} INFO - Sync 1 DAGs
[2026-06-16T13:33:35.437+0000] {processor.py:183} INFO - Processing /opt/airflow/dags/dag_09_gcp_taxi_scheduled.py took 0.128 seconds
[2026-06-16T13:34:05.497+0000] {processor.py:161} INFO - Started process (PID=6173) to work on /opt/airflow/dags/dag_09_gcp_taxi_scheduled.py
[2026-06-16T13:34:05.498+0000] {processor.py:830} INFO - Processing file /opt/airflow/dags/dag_09_gcp_taxi_scheduled.py for tasks to queue
[2026-06-16T13:34:05.500+0000] {logging_mixin.py:188} INFO - [2026-06-16T13:34:05.500+0000] {dagbag.py:545} INFO - Filling up the DagBag from /opt/airflow/dags/dag_09_gcp_taxi_scheduled.py
[2026-06-16T13:34:05.515+0000] {processor.py:840} INFO - DAG(s) '09_gcp_taxi_scheduled' retrieved from /opt/airflow/dags/dag_09_gcp_taxi_scheduled.py
[2026-06-16T13:34:05.559+0000] {logging_mixin.py:188} INFO - [2026-06-16T13:34:05.558+0000] {dag.py:3089} INFO - Sync 1 DAGs
[2026-06-16T13:34:05.614+0000] {processor.py:183} INFO - Processing /opt/airflow/dags/dag_09_gcp_taxi_scheduled.py took 0.124 seconds
[2026-06-16T13:34:35.702+0000] {processor.py:161} INFO - Started process (PID=6213) to work on /opt/airflow/dags/dag_09_gcp_taxi_scheduled.py
[2026-06-16T13:34:35.712+0000] {processor.py:830} INFO - Processing file /opt/airflow/dags/dag_09_gcp_taxi_scheduled.py for tasks to queue
[2026-06-16T13:34:35.714+0000] {logging_mixin.py:188} INFO - [2026-06-16T13:34:35.714+0000] {dagbag.py:545} INFO - Filling up the DagBag from /opt/airflow/dags/dag_09_gcp_taxi_scheduled.py
[2026-06-16T13:34:35.730+0000] {processor.py:840} INFO - DAG(s) '09_gcp_taxi_scheduled' retrieved from /opt/airflow/dags/dag_09_gcp_taxi_scheduled.py
[2026-06-16T13:34:35.773+0000] {logging_mixin.py:188} INFO - [2026-06-16T13:34:35.772+0000] {dag.py:3089} INFO - Sync 1 DAGs
[2026-06-16T13:34:35.819+0000] {processor.py:183} INFO - Processing /opt/airflow/dags/dag_09_gcp_taxi_scheduled.py took 0.124 seconds
[2026-06-16T13:35:05.896+0000] {processor.py:161} INFO - Started process (PID=6253) to work on /opt/airflow/dags/dag_09_gcp_taxi_scheduled.py
[2026-06-16T13:35:05.897+0000] {processor.py:830} INFO - Processing file /opt/airflow/dags/dag_09_gcp_taxi_scheduled.py for tasks to queue
[2026-06-16T13:35:05.899+0000] {logging_mixin.py:188} INFO - [2026-06-16T13:35:05.899+0000] {dagbag.py:545} INFO - Filling up the DagBag from /opt/airflow/dags/dag_09_gcp_taxi_scheduled.py
[2026-06-16T13:35:05.915+0000] {processor.py:840} INFO - DAG(s) '09_gcp_taxi_scheduled' retrieved from /opt/airflow/dags/dag_09_gcp_taxi_scheduled.py
[2026-06-16T13:35:05.961+0000] {logging_mixin.py:188} INFO - [2026-06-16T13:35:05.961+0000] {dag.py:3089} INFO - Sync 1 DAGs
[2026-06-16T13:35:06.010+0000] {processor.py:183} INFO - Processing /opt/airflow/dags/dag_09_gcp_taxi_scheduled.py took 0.121 seconds
[2026-06-16T13:35:36.095+0000] {processor.py:161} INFO - Started process (PID=6293) to work on /opt/airflow/dags/dag_09_gcp_taxi_scheduled.py
[2026-06-16T13:35:36.106+0000] {processor.py:830} INFO - Processing file /opt/airflow/dags/dag_09_gcp_taxi_scheduled.py for tasks to queue
[2026-06-16T13:35:36.108+0000] {logging_mixin.py:188} INFO - [2026-06-16T13:35:36.107+0000] {dagbag.py:545} INFO - Filling up the DagBag from /opt/airflow/dags/dag_09_gcp_taxi_scheduled.py
[2026-06-16T13:35:36.125+0000] {processor.py:840} INFO - DAG(s) '09_gcp_taxi_scheduled' retrieved from /opt/airflow/dags/dag_09_gcp_taxi_scheduled.py
[2026-06-16T13:35:36.170+0000] {logging_mixin.py:188} INFO - [2026-06-16T13:35:36.170+0000] {dag.py:3089} INFO - Sync 1 DAGs
[2026-06-16T13:35:36.217+0000] {processor.py:183} INFO - Processing /opt/airflow/dags/dag_09_gcp_taxi_scheduled.py took 0.129 seconds
[2026-06-16T13:36:06.291+0000] {processor.py:161} INFO - Started process (PID=6333) to work on /opt/airflow/dags/dag_09_gcp_taxi_scheduled.py
[2026-06-16T13:36:06.292+0000] {processor.py:830} INFO - Processing file /opt/airflow/dags/dag_09_gcp_taxi_scheduled.py for tasks to queue
[2026-06-16T13:36:06.294+0000] {logging_mixin.py:188} INFO - [2026-06-16T13:36:06.294+0000] {dagbag.py:545} INFO - Filling up the DagBag from /opt/airflow/dags/dag_09_gcp_taxi_scheduled.py
[2026-06-16T13:36:06.315+0000] {processor.py:840} INFO - DAG(s) '09_gcp_taxi_scheduled' retrieved from /opt/airflow/dags/dag_09_gcp_taxi_scheduled.py
[2026-06-16T13:36:06.358+0000] {logging_mixin.py:188} INFO - [2026-06-16T13:36:06.357+0000] {dag.py:3089} INFO - Sync 1 DAGs
[2026-06-16T13:36:06.402+0000] {processor.py:183} INFO - Processing /opt/airflow/dags/dag_09_gcp_taxi_scheduled.py took 0.119 seconds
[2026-06-16T13:36:36.477+0000] {processor.py:161} INFO - Started process (PID=6373) to work on /opt/airflow/dags/dag_09_gcp_taxi_scheduled.py
[2026-06-16T13:36:36.478+0000] {processor.py:830} INFO - Processing file /opt/airflow/dags/dag_09_gcp_taxi_scheduled.py for tasks to queue
[2026-06-16T13:36:36.481+0000] {logging_mixin.py:188} INFO - [2026-06-16T13:36:36.481+0000] {dagbag.py:545} INFO - Filling up the DagBag from /opt/airflow/dags/dag_09_gcp_taxi_scheduled.py
[2026-06-16T13:36:36.498+0000] {processor.py:840} INFO - DAG(s) '09_gcp_taxi_scheduled' retrieved from /opt/airflow/dags/dag_09_gcp_taxi_scheduled.py
[2026-06-16T13:36:36.540+0000] {logging_mixin.py:188} INFO - [2026-06-16T13:36:36.540+0000] {dag.py:3089} INFO - Sync 1 DAGs
[2026-06-16T13:36:36.589+0000] {processor.py:183} INFO - Processing /opt/airflow/dags/dag_09_gcp_taxi_scheduled.py took 0.121 seconds
[2026-06-16T13:37:07.383+0000] {processor.py:161} INFO - Started process (PID=6413) to work on /opt/airflow/dags/dag_09_gcp_taxi_scheduled.py
[2026-06-16T13:37:07.384+0000] {processor.py:830} INFO - Processing file /opt/airflow/dags/dag_09_gcp_taxi_scheduled.py for tasks to queue
[2026-06-16T13:37:07.386+0000] {logging_mixin.py:188} INFO - [2026-06-16T13:37:07.385+0000] {dagbag.py:545} INFO - Filling up the DagBag from /opt/airflow/dags/dag_09_gcp_taxi_scheduled.py
[2026-06-16T13:37:07.401+0000] {processor.py:840} INFO - DAG(s) '09_gcp_taxi_scheduled' retrieved from /opt/airflow/dags/dag_09_gcp_taxi_scheduled.py
[2026-06-16T13:37:07.451+0000] {logging_mixin.py:188} INFO - [2026-06-16T13:37:07.451+0000] {dag.py:3089} INFO - Sync 1 DAGs
[2026-06-16T13:37:07.499+0000] {processor.py:183} INFO - Processing /opt/airflow/dags/dag_09_gcp_taxi_scheduled.py took 0.123 seconds
[2026-06-16T13:37:37.584+0000] {processor.py:161} INFO - Started process (PID=6453) to work on /opt/airflow/dags/dag_09_gcp_taxi_scheduled.py
[2026-06-16T13:37:37.595+0000] {processor.py:830} INFO - Processing file /opt/airflow/dags/dag_09_gcp_taxi_scheduled.py for tasks to queue
[2026-06-16T13:37:37.596+0000] {logging_mixin.py:188} INFO - [2026-06-16T13:37:37.596+0000] {dagbag.py:545} INFO - Filling up the DagBag from /opt/airflow/dags/dag_09_gcp_taxi_scheduled.py
[2026-06-16T13:37:37.612+0000] {processor.py:840} INFO - DAG(s) '09_gcp_taxi_scheduled' retrieved from /opt/airflow/dags/dag_09_gcp_taxi_scheduled.py
[2026-06-16T13:37:37.659+0000] {logging_mixin.py:188} INFO - [2026-06-16T13:37:37.658+0000] {dag.py:3089} INFO - Sync 1 DAGs
[2026-06-16T13:37:37.707+0000] {processor.py:183} INFO - Processing /opt/airflow/dags/dag_09_gcp_taxi_scheduled.py took 0.130 seconds
[2026-06-16T13:38:07.807+0000] {processor.py:161} INFO - Started process (PID=6493) to work on /opt/airflow/dags/dag_09_gcp_taxi_scheduled.py
[2026-06-16T13:38:07.808+0000] {processor.py:830} INFO - Processing file /opt/airflow/dags/dag_09_gcp_taxi_scheduled.py for tasks to queue
[2026-06-16T13:38:07.811+0000] {logging_mixin.py:188} INFO - [2026-06-16T13:38:07.810+0000] {dagbag.py:545} INFO - Filling up the DagBag from /opt/airflow/dags/dag_09_gcp_taxi_scheduled.py
[2026-06-16T13:38:07.826+0000] {processor.py:840} INFO - DAG(s) '09_gcp_taxi_scheduled' retrieved from /opt/airflow/dags/dag_09_gcp_taxi_scheduled.py
[2026-06-16T13:38:07.870+0000] {logging_mixin.py:188} INFO - [2026-06-16T13:38:07.870+0000] {dag.py:3089} INFO - Sync 1 DAGs
[2026-06-16T13:38:07.920+0000] {processor.py:183} INFO - Processing /opt/airflow/dags/dag_09_gcp_taxi_scheduled.py took 0.123 seconds
[2026-06-16T13:38:38.021+0000] {processor.py:161} INFO - Started process (PID=6533) to work on /opt/airflow/dags/dag_09_gcp_taxi_scheduled.py
[2026-06-16T13:38:38.024+0000] {processor.py:830} INFO - Processing file /opt/airflow/dags/dag_09_gcp_taxi_scheduled.py for tasks to queue
[2026-06-16T13:38:38.026+0000] {logging_mixin.py:188} INFO - [2026-06-16T13:38:38.025+0000] {dagbag.py:545} INFO - Filling up the DagBag from /opt/airflow/dags/dag_09_gcp_taxi_scheduled.py
[2026-06-16T13:38:38.042+0000] {processor.py:840} INFO - DAG(s) '09_gcp_taxi_scheduled' retrieved from /opt/airflow/dags/dag_09_gcp_taxi_scheduled.py
[2026-06-16T13:38:38.089+0000] {logging_mixin.py:188} INFO - [2026-06-16T13:38:38.088+0000] {dag.py:3089} INFO - Sync 1 DAGs
[2026-06-16T13:38:38.140+0000] {processor.py:183} INFO - Processing /opt/airflow/dags/dag_09_gcp_taxi_scheduled.py took 0.126 seconds
[2026-06-16T13:39:09.002+0000] {processor.py:161} INFO - Started process (PID=6573) to work on /opt/airflow/dags/dag_09_gcp_taxi_scheduled.py
[2026-06-16T13:39:09.004+0000] {processor.py:830} INFO - Processing file /opt/airflow/dags/dag_09_gcp_taxi_scheduled.py for tasks to queue
[2026-06-16T13:39:09.006+0000] {logging_mixin.py:188} INFO - [2026-06-16T13:39:09.006+0000] {dagbag.py:545} INFO - Filling up the DagBag from /opt/airflow/dags/dag_09_gcp_taxi_scheduled.py
[2026-06-16T13:39:09.023+0000] {processor.py:840} INFO - DAG(s) '09_gcp_taxi_scheduled' retrieved from /opt/airflow/dags/dag_09_gcp_taxi_scheduled.py
[2026-06-16T13:39:09.075+0000] {logging_mixin.py:188} INFO - [2026-06-16T13:39:09.075+0000] {dag.py:3089} INFO - Sync 1 DAGs
[2026-06-16T13:39:09.146+0000] {processor.py:183} INFO - Processing /opt/airflow/dags/dag_09_gcp_taxi_scheduled.py took 0.152 seconds
[2026-06-16T13:39:39.956+0000] {processor.py:161} INFO - Started process (PID=6613) to work on /opt/airflow/dags/dag_09_gcp_taxi_scheduled.py
[2026-06-16T13:39:39.966+0000] {processor.py:830} INFO - Processing file /opt/airflow/dags/dag_09_gcp_taxi_scheduled.py for tasks to queue
[2026-06-16T13:39:39.968+0000] {logging_mixin.py:188} INFO - [2026-06-16T13:39:39.968+0000] {dagbag.py:545} INFO - Filling up the DagBag from /opt/airflow/dags/dag_09_gcp_taxi_scheduled.py
[2026-06-16T13:39:39.984+0000] {processor.py:840} INFO - DAG(s) '09_gcp_taxi_scheduled' retrieved from /opt/airflow/dags/dag_09_gcp_taxi_scheduled.py
[2026-06-16T13:39:40.029+0000] {logging_mixin.py:188} INFO - [2026-06-16T13:39:40.028+0000] {dag.py:3089} INFO - Sync 1 DAGs
[2026-06-16T13:39:40.078+0000] {processor.py:183} INFO - Processing /opt/airflow/dags/dag_09_gcp_taxi_scheduled.py took 0.129 seconds
[2026-06-16T13:40:10.252+0000] {processor.py:161} INFO - Started process (PID=6653) to work on /opt/airflow/dags/dag_09_gcp_taxi_scheduled.py
[2026-06-16T13:40:10.253+0000] {processor.py:830} INFO - Processing file /opt/airflow/dags/dag_09_gcp_taxi_scheduled.py for tasks to queue
[2026-06-16T13:40:10.255+0000] {logging_mixin.py:188} INFO - [2026-06-16T13:40:10.255+0000] {dagbag.py:545} INFO - Filling up the DagBag from /opt/airflow/dags/dag_09_gcp_taxi_scheduled.py
[2026-06-16T13:40:10.271+0000] {processor.py:840} INFO - DAG(s) '09_gcp_taxi_scheduled' retrieved from /opt/airflow/dags/dag_09_gcp_taxi_scheduled.py
[2026-06-16T13:40:10.315+0000] {logging_mixin.py:188} INFO - [2026-06-16T13:40:10.315+0000] {dag.py:3089} INFO - Sync 1 DAGs
[2026-06-16T13:40:10.362+0000] {processor.py:183} INFO - Processing /opt/airflow/dags/dag_09_gcp_taxi_scheduled.py took 0.117 seconds
[2026-06-16T13:40:41.318+0000] {processor.py:161} INFO - Started process (PID=6693) to work on /opt/airflow/dags/dag_09_gcp_taxi_scheduled.py
[2026-06-16T13:40:41.329+0000] {processor.py:830} INFO - Processing file /opt/airflow/dags/dag_09_gcp_taxi_scheduled.py for tasks to queue
[2026-06-16T13:40:41.331+0000] {logging_mixin.py:188} INFO - [2026-06-16T13:40:41.331+0000] {dagbag.py:545} INFO - Filling up the DagBag from /opt/airflow/dags/dag_09_gcp_taxi_scheduled.py
[2026-06-16T13:40:41.350+0000] {processor.py:840} INFO - DAG(s) '09_gcp_taxi_scheduled' retrieved from /opt/airflow/dags/dag_09_gcp_taxi_scheduled.py
[2026-06-16T13:40:41.402+0000] {logging_mixin.py:188} INFO - [2026-06-16T13:40:41.401+0000] {dag.py:3089} INFO - Sync 1 DAGs
[2026-06-16T13:40:41.459+0000] {processor.py:183} INFO - Processing /opt/airflow/dags/dag_09_gcp_taxi_scheduled.py took 0.149 seconds
[2026-06-16T13:41:11.510+0000] {processor.py:161} INFO - Started process (PID=6733) to work on /opt/airflow/dags/dag_09_gcp_taxi_scheduled.py
[2026-06-16T13:41:11.511+0000] {processor.py:830} INFO - Processing file /opt/airflow/dags/dag_09_gcp_taxi_scheduled.py for tasks to queue
[2026-06-16T13:41:11.513+0000] {logging_mixin.py:188} INFO - [2026-06-16T13:41:11.513+0000] {dagbag.py:545} INFO - Filling up the DagBag from /opt/airflow/dags/dag_09_gcp_taxi_scheduled.py
[2026-06-16T13:41:11.529+0000] {processor.py:840} INFO - DAG(s) '09_gcp_taxi_scheduled' retrieved from /opt/airflow/dags/dag_09_gcp_taxi_scheduled.py
[2026-06-16T13:41:11.573+0000] {logging_mixin.py:188} INFO - [2026-06-16T13:41:11.573+0000] {dag.py:3089} INFO - Sync 1 DAGs
[2026-06-16T13:41:11.627+0000] {processor.py:183} INFO - Processing /opt/airflow/dags/dag_09_gcp_taxi_scheduled.py took 0.124 seconds
[2026-06-16T13:41:41.698+0000] {processor.py:161} INFO - Started process (PID=6773) to work on /opt/airflow/dags/dag_09_gcp_taxi_scheduled.py
[2026-06-16T13:41:41.708+0000] {processor.py:830} INFO - Processing file /opt/airflow/dags/dag_09_gcp_taxi_scheduled.py for tasks to queue
[2026-06-16T13:41:41.710+0000] {logging_mixin.py:188} INFO - [2026-06-16T13:41:41.710+0000] {dagbag.py:545} INFO - Filling up the DagBag from /opt/airflow/dags/dag_09_gcp_taxi_scheduled.py
[2026-06-16T13:41:41.727+0000] {processor.py:840} INFO - DAG(s) '09_gcp_taxi_scheduled' retrieved from /opt/airflow/dags/dag_09_gcp_taxi_scheduled.py
[2026-06-16T13:41:41.772+0000] {logging_mixin.py:188} INFO - [2026-06-16T13:41:41.772+0000] {dag.py:3089} INFO - Sync 1 DAGs
[2026-06-16T13:41:41.824+0000] {processor.py:183} INFO - Processing /opt/airflow/dags/dag_09_gcp_taxi_scheduled.py took 0.133 seconds
[2026-06-16T13:42:12.797+0000] {processor.py:161} INFO - Started process (PID=6813) to work on /opt/airflow/dags/dag_09_gcp_taxi_scheduled.py
[2026-06-16T13:42:12.798+0000] {processor.py:830} INFO - Processing file /opt/airflow/dags/dag_09_gcp_taxi_scheduled.py for tasks to queue
[2026-06-16T13:42:12.800+0000] {logging_mixin.py:188} INFO - [2026-06-16T13:42:12.800+0000] {dagbag.py:545} INFO - Filling up the DagBag from /opt/airflow/dags/dag_09_gcp_taxi_scheduled.py
[2026-06-16T13:42:12.821+0000] {processor.py:840} INFO - DAG(s) '09_gcp_taxi_scheduled' retrieved from /opt/airflow/dags/dag_09_gcp_taxi_scheduled.py
[2026-06-16T13:42:12.866+0000] {logging_mixin.py:188} INFO - [2026-06-16T13:42:12.866+0000] {dag.py:3089} INFO - Sync 1 DAGs
[2026-06-16T13:42:12.914+0000] {processor.py:183} INFO - Processing /opt/airflow/dags/dag_09_gcp_taxi_scheduled.py took 0.127 seconds
[2026-06-16T13:42:43.899+0000] {processor.py:161} INFO - Started process (PID=6853) to work on /opt/airflow/dags/dag_09_gcp_taxi_scheduled.py
[2026-06-16T13:42:43.901+0000] {processor.py:830} INFO - Processing file /opt/airflow/dags/dag_09_gcp_taxi_scheduled.py for tasks to queue
[2026-06-16T13:42:43.904+0000] {logging_mixin.py:188} INFO - [2026-06-16T13:42:43.903+0000] {dagbag.py:545} INFO - Filling up the DagBag from /opt/airflow/dags/dag_09_gcp_taxi_scheduled.py
[2026-06-16T13:42:43.926+0000] {processor.py:840} INFO - DAG(s) '09_gcp_taxi_scheduled' retrieved from /opt/airflow/dags/dag_09_gcp_taxi_scheduled.py
[2026-06-16T13:42:43.984+0000] {logging_mixin.py:188} INFO - [2026-06-16T13:42:43.984+0000] {dag.py:3089} INFO - Sync 1 DAGs
[2026-06-16T13:42:44.032+0000] {processor.py:183} INFO - Processing /opt/airflow/dags/dag_09_gcp_taxi_scheduled.py took 0.142 seconds
[2026-06-16T13:43:14.107+0000] {processor.py:161} INFO - Started process (PID=6893) to work on /opt/airflow/dags/dag_09_gcp_taxi_scheduled.py
[2026-06-16T13:43:14.110+0000] {processor.py:830} INFO - Processing file /opt/airflow/dags/dag_09_gcp_taxi_scheduled.py for tasks to queue
[2026-06-16T13:43:14.113+0000] {logging_mixin.py:188} INFO - [2026-06-16T13:43:14.113+0000] {dagbag.py:545} INFO - Filling up the DagBag from /opt/airflow/dags/dag_09_gcp_taxi_scheduled.py
[2026-06-16T13:43:14.133+0000] {processor.py:840} INFO - DAG(s) '09_gcp_taxi_scheduled' retrieved from /opt/airflow/dags/dag_09_gcp_taxi_scheduled.py
[2026-06-16T13:43:14.177+0000] {logging_mixin.py:188} INFO - [2026-06-16T13:43:14.177+0000] {dag.py:3089} INFO - Sync 1 DAGs
[2026-06-16T13:43:14.222+0000] {processor.py:183} INFO - Processing /opt/airflow/dags/dag_09_gcp_taxi_scheduled.py took 0.126 seconds
[2026-06-16T13:43:44.436+0000] {processor.py:161} INFO - Started process (PID=6933) to work on /opt/airflow/dags/dag_09_gcp_taxi_scheduled.py
[2026-06-16T13:43:44.446+0000] {processor.py:830} INFO - Processing file /opt/airflow/dags/dag_09_gcp_taxi_scheduled.py for tasks to queue
[2026-06-16T13:43:44.448+0000] {logging_mixin.py:188} INFO - [2026-06-16T13:43:44.448+0000] {dagbag.py:545} INFO - Filling up the DagBag from /opt/airflow/dags/dag_09_gcp_taxi_scheduled.py
[2026-06-16T13:43:44.463+0000] {processor.py:840} INFO - DAG(s) '09_gcp_taxi_scheduled' retrieved from /opt/airflow/dags/dag_09_gcp_taxi_scheduled.py
[2026-06-16T13:43:44.505+0000] {logging_mixin.py:188} INFO - [2026-06-16T13:43:44.504+0000] {dag.py:3089} INFO - Sync 1 DAGs
[2026-06-16T13:43:44.673+0000] {processor.py:183} INFO - Processing /opt/airflow/dags/dag_09_gcp_taxi_scheduled.py took 0.243 seconds
[2026-06-16T13:44:15.482+0000] {processor.py:161} INFO - Started process (PID=6973) to work on /opt/airflow/dags/dag_09_gcp_taxi_scheduled.py
[2026-06-16T13:44:15.483+0000] {processor.py:830} INFO - Processing file /opt/airflow/dags/dag_09_gcp_taxi_scheduled.py for tasks to queue
[2026-06-16T13:44:15.485+0000] {logging_mixin.py:188} INFO - [2026-06-16T13:44:15.484+0000] {dagbag.py:545} INFO - Filling up the DagBag from /opt/airflow/dags/dag_09_gcp_taxi_scheduled.py
[2026-06-16T13:44:15.500+0000] {processor.py:840} INFO - DAG(s) '09_gcp_taxi_scheduled' retrieved from /opt/airflow/dags/dag_09_gcp_taxi_scheduled.py
[2026-06-16T13:44:15.542+0000] {logging_mixin.py:188} INFO - [2026-06-16T13:44:15.542+0000] {dag.py:3089} INFO - Sync 1 DAGs
[2026-06-16T13:44:15.586+0000] {processor.py:183} INFO - Processing /opt/airflow/dags/dag_09_gcp_taxi_scheduled.py took 0.111 seconds
[2026-06-16T13:44:45.733+0000] {processor.py:161} INFO - Started process (PID=7013) to work on /opt/airflow/dags/dag_09_gcp_taxi_scheduled.py
[2026-06-16T13:44:45.734+0000] {processor.py:830} INFO - Processing file /opt/airflow/dags/dag_09_gcp_taxi_scheduled.py for tasks to queue
[2026-06-16T13:44:45.736+0000] {logging_mixin.py:188} INFO - [2026-06-16T13:44:45.736+0000] {dagbag.py:545} INFO - Filling up the DagBag from /opt/airflow/dags/dag_09_gcp_taxi_scheduled.py
[2026-06-16T13:44:45.751+0000] {processor.py:840} INFO - DAG(s) '09_gcp_taxi_scheduled' retrieved from /opt/airflow/dags/dag_09_gcp_taxi_scheduled.py
[2026-06-16T13:44:45.797+0000] {logging_mixin.py:188} INFO - [2026-06-16T13:44:45.797+0000] {dag.py:3089} INFO - Sync 1 DAGs
[2026-06-16T13:44:45.989+0000] {processor.py:183} INFO - Processing /opt/airflow/dags/dag_09_gcp_taxi_scheduled.py took 0.264 seconds
[2026-06-16T13:45:16.072+0000] {processor.py:161} INFO - Started process (PID=7053) to work on /opt/airflow/dags/dag_09_gcp_taxi_scheduled.py
[2026-06-16T13:45:16.082+0000] {processor.py:830} INFO - Processing file /opt/airflow/dags/dag_09_gcp_taxi_scheduled.py for tasks to queue
[2026-06-16T13:45:16.084+0000] {logging_mixin.py:188} INFO - [2026-06-16T13:45:16.084+0000] {dagbag.py:545} INFO - Filling up the DagBag from /opt/airflow/dags/dag_09_gcp_taxi_scheduled.py
[2026-06-16T13:45:16.099+0000] {processor.py:840} INFO - DAG(s) '09_gcp_taxi_scheduled' retrieved from /opt/airflow/dags/dag_09_gcp_taxi_scheduled.py
[2026-06-16T13:45:16.142+0000] {logging_mixin.py:188} INFO - [2026-06-16T13:45:16.142+0000] {dag.py:3089} INFO - Sync 1 DAGs
[2026-06-16T13:45:16.190+0000] {processor.py:183} INFO - Processing /opt/airflow/dags/dag_09_gcp_taxi_scheduled.py took 0.124 seconds
[2026-06-16T13:45:47.131+0000] {processor.py:161} INFO - Started process (PID=7093) to work on /opt/airflow/dags/dag_09_gcp_taxi_scheduled.py
[2026-06-16T13:45:47.131+0000] {processor.py:830} INFO - Processing file /opt/airflow/dags/dag_09_gcp_taxi_scheduled.py for tasks to queue
[2026-06-16T13:45:47.133+0000] {logging_mixin.py:188} INFO - [2026-06-16T13:45:47.133+0000] {dagbag.py:545} INFO - Filling up the DagBag from /opt/airflow/dags/dag_09_gcp_taxi_scheduled.py
[2026-06-16T13:45:47.148+0000] {processor.py:840} INFO - DAG(s) '09_gcp_taxi_scheduled' retrieved from /opt/airflow/dags/dag_09_gcp_taxi_scheduled.py
[2026-06-16T13:45:47.189+0000] {logging_mixin.py:188} INFO - [2026-06-16T13:45:47.189+0000] {dag.py:3089} INFO - Sync 1 DAGs
[2026-06-16T13:45:47.235+0000] {processor.py:183} INFO - Processing /opt/airflow/dags/dag_09_gcp_taxi_scheduled.py took 0.111 seconds
[2026-06-16T13:46:17.518+0000] {processor.py:161} INFO - Started process (PID=7133) to work on /opt/airflow/dags/dag_09_gcp_taxi_scheduled.py
[2026-06-16T13:46:17.520+0000] {processor.py:830} INFO - Processing file /opt/airflow/dags/dag_09_gcp_taxi_scheduled.py for tasks to queue
[2026-06-16T13:46:17.522+0000] {logging_mixin.py:188} INFO - [2026-06-16T13:46:17.521+0000] {dagbag.py:545} INFO - Filling up the DagBag from /opt/airflow/dags/dag_09_gcp_taxi_scheduled.py
[2026-06-16T13:46:17.537+0000] {processor.py:840} INFO - DAG(s) '09_gcp_taxi_scheduled' retrieved from /opt/airflow/dags/dag_09_gcp_taxi_scheduled.py
[2026-06-16T13:46:17.580+0000] {logging_mixin.py:188} INFO - [2026-06-16T13:46:17.580+0000] {dag.py:3089} INFO - Sync 1 DAGs
[2026-06-16T13:46:17.781+0000] {processor.py:183} INFO - Processing /opt/airflow/dags/dag_09_gcp_taxi_scheduled.py took 0.270 seconds
[2026-06-16T13:46:48.736+0000] {processor.py:161} INFO - Started process (PID=7173) to work on /opt/airflow/dags/dag_09_gcp_taxi_scheduled.py
[2026-06-16T13:46:48.737+0000] {processor.py:830} INFO - Processing file /opt/airflow/dags/dag_09_gcp_taxi_scheduled.py for tasks to queue
[2026-06-16T13:46:48.739+0000] {logging_mixin.py:188} INFO - [2026-06-16T13:46:48.738+0000] {dagbag.py:545} INFO - Filling up the DagBag from /opt/airflow/dags/dag_09_gcp_taxi_scheduled.py
[2026-06-16T13:46:48.881+0000] {processor.py:840} INFO - DAG(s) '09_gcp_taxi_scheduled' retrieved from /opt/airflow/dags/dag_09_gcp_taxi_scheduled.py
[2026-06-16T13:46:48.917+0000] {logging_mixin.py:188} INFO - [2026-06-16T13:46:48.917+0000] {dag.py:3089} INFO - Sync 1 DAGs
[2026-06-16T13:46:48.954+0000] {processor.py:183} INFO - Processing /opt/airflow/dags/dag_09_gcp_taxi_scheduled.py took 0.225 seconds
[2026-06-16T13:47:19.067+0000] {processor.py:161} INFO - Started process (PID=7213) to work on /opt/airflow/dags/dag_09_gcp_taxi_scheduled.py
[2026-06-16T13:47:19.068+0000] {processor.py:830} INFO - Processing file /opt/airflow/dags/dag_09_gcp_taxi_scheduled.py for tasks to queue
[2026-06-16T13:47:19.070+0000] {logging_mixin.py:188} INFO - [2026-06-16T13:47:19.070+0000] {dagbag.py:545} INFO - Filling up the DagBag from /opt/airflow/dags/dag_09_gcp_taxi_scheduled.py
[2026-06-16T13:47:19.086+0000] {processor.py:840} INFO - DAG(s) '09_gcp_taxi_scheduled' retrieved from /opt/airflow/dags/dag_09_gcp_taxi_scheduled.py
[2026-06-16T13:47:19.129+0000] {logging_mixin.py:188} INFO - [2026-06-16T13:47:19.129+0000] {dag.py:3089} INFO - Sync 1 DAGs
[2026-06-16T13:47:19.176+0000] {processor.py:183} INFO - Processing /opt/airflow/dags/dag_09_gcp_taxi_scheduled.py took 0.116 seconds
[2026-06-16T13:47:50.132+0000] {processor.py:161} INFO - Started process (PID=7253) to work on /opt/airflow/dags/dag_09_gcp_taxi_scheduled.py
[2026-06-16T13:47:50.134+0000] {processor.py:830} INFO - Processing file /opt/airflow/dags/dag_09_gcp_taxi_scheduled.py for tasks to queue
[2026-06-16T13:47:50.137+0000] {logging_mixin.py:188} INFO - [2026-06-16T13:47:50.137+0000] {dagbag.py:545} INFO - Filling up the DagBag from /opt/airflow/dags/dag_09_gcp_taxi_scheduled.py
[2026-06-16T13:47:50.154+0000] {processor.py:840} INFO - DAG(s) '09_gcp_taxi_scheduled' retrieved from /opt/airflow/dags/dag_09_gcp_taxi_scheduled.py
[2026-06-16T13:47:50.195+0000] {logging_mixin.py:188} INFO - [2026-06-16T13:47:50.195+0000] {dag.py:3089} INFO - Sync 1 DAGs
[2026-06-16T13:47:50.238+0000] {processor.py:183} INFO - Processing /opt/airflow/dags/dag_09_gcp_taxi_scheduled.py took 0.113 seconds
[2026-06-16T13:48:20.967+0000] {processor.py:161} INFO - Started process (PID=7293) to work on /opt/airflow/dags/dag_09_gcp_taxi_scheduled.py
[2026-06-16T13:48:20.968+0000] {processor.py:830} INFO - Processing file /opt/airflow/dags/dag_09_gcp_taxi_scheduled.py for tasks to queue
[2026-06-16T13:48:20.970+0000] {logging_mixin.py:188} INFO - [2026-06-16T13:48:20.969+0000] {dagbag.py:545} INFO - Filling up the DagBag from /opt/airflow/dags/dag_09_gcp_taxi_scheduled.py
[2026-06-16T13:48:20.984+0000] {processor.py:840} INFO - DAG(s) '09_gcp_taxi_scheduled' retrieved from /opt/airflow/dags/dag_09_gcp_taxi_scheduled.py
[2026-06-16T13:48:21.029+0000] {logging_mixin.py:188} INFO - [2026-06-16T13:48:21.029+0000] {dag.py:3089} INFO - Sync 1 DAGs
[2026-06-16T13:48:21.077+0000] {processor.py:183} INFO - Processing /opt/airflow/dags/dag_09_gcp_taxi_scheduled.py took 0.117 seconds
[2026-06-16T13:48:51.652+0000] {processor.py:161} INFO - Started process (PID=7333) to work on /opt/airflow/dags/dag_09_gcp_taxi_scheduled.py
[2026-06-16T13:48:51.662+0000] {processor.py:830} INFO - Processing file /opt/airflow/dags/dag_09_gcp_taxi_scheduled.py for tasks to queue
[2026-06-16T13:48:51.664+0000] {logging_mixin.py:188} INFO - [2026-06-16T13:48:51.664+0000] {dagbag.py:545} INFO - Filling up the DagBag from /opt/airflow/dags/dag_09_gcp_taxi_scheduled.py
[2026-06-16T13:48:51.679+0000] {processor.py:840} INFO - DAG(s) '09_gcp_taxi_scheduled' retrieved from /opt/airflow/dags/dag_09_gcp_taxi_scheduled.py
[2026-06-16T13:48:51.719+0000] {logging_mixin.py:188} INFO - [2026-06-16T13:48:51.719+0000] {dag.py:3089} INFO - Sync 1 DAGs
[2026-06-16T13:48:51.763+0000] {processor.py:183} INFO - Processing /opt/airflow/dags/dag_09_gcp_taxi_scheduled.py took 0.117 seconds
[2026-06-16T13:49:21.865+0000] {processor.py:161} INFO - Started process (PID=7373) to work on /opt/airflow/dags/dag_09_gcp_taxi_scheduled.py
[2026-06-16T13:49:21.866+0000] {processor.py:830} INFO - Processing file /opt/airflow/dags/dag_09_gcp_taxi_scheduled.py for tasks to queue
[2026-06-16T13:49:21.870+0000] {logging_mixin.py:188} INFO - [2026-06-16T13:49:21.869+0000] {dagbag.py:545} INFO - Filling up the DagBag from /opt/airflow/dags/dag_09_gcp_taxi_scheduled.py
[2026-06-16T13:49:21.887+0000] {processor.py:840} INFO - DAG(s) '09_gcp_taxi_scheduled' retrieved from /opt/airflow/dags/dag_09_gcp_taxi_scheduled.py
[2026-06-16T13:49:21.930+0000] {logging_mixin.py:188} INFO - [2026-06-16T13:49:21.930+0000] {dag.py:3089} INFO - Sync 1 DAGs
[2026-06-16T13:49:21.985+0000] {processor.py:183} INFO - Processing /opt/airflow/dags/dag_09_gcp_taxi_scheduled.py took 0.127 seconds
[2026-06-16T13:49:52.175+0000] {processor.py:161} INFO - Started process (PID=7413) to work on /opt/airflow/dags/dag_09_gcp_taxi_scheduled.py
[2026-06-16T13:49:52.185+0000] {processor.py:830} INFO - Processing file /opt/airflow/dags/dag_09_gcp_taxi_scheduled.py for tasks to queue
[2026-06-16T13:49:52.188+0000] {logging_mixin.py:188} INFO - [2026-06-16T13:49:52.187+0000] {dagbag.py:545} INFO - Filling up the DagBag from /opt/airflow/dags/dag_09_gcp_taxi_scheduled.py
[2026-06-16T13:49:52.203+0000] {processor.py:840} INFO - DAG(s) '09_gcp_taxi_scheduled' retrieved from /opt/airflow/dags/dag_09_gcp_taxi_scheduled.py
[2026-06-16T13:49:52.244+0000] {logging_mixin.py:188} INFO - [2026-06-16T13:49:52.244+0000] {dag.py:3089} INFO - Sync 1 DAGs
[2026-06-16T13:49:52.290+0000] {processor.py:183} INFO - Processing /opt/airflow/dags/dag_09_gcp_taxi_scheduled.py took 0.122 seconds
[2026-06-16T13:50:22.393+0000] {processor.py:161} INFO - Started process (PID=7453) to work on /opt/airflow/dags/dag_09_gcp_taxi_scheduled.py
[2026-06-16T13:50:22.394+0000] {processor.py:830} INFO - Processing file /opt/airflow/dags/dag_09_gcp_taxi_scheduled.py for tasks to queue
[2026-06-16T13:50:22.396+0000] {logging_mixin.py:188} INFO - [2026-06-16T13:50:22.396+0000] {dagbag.py:545} INFO - Filling up the DagBag from /opt/airflow/dags/dag_09_gcp_taxi_scheduled.py
[2026-06-16T13:50:22.411+0000] {processor.py:840} INFO - DAG(s) '09_gcp_taxi_scheduled' retrieved from /opt/airflow/dags/dag_09_gcp_taxi_scheduled.py
[2026-06-16T13:50:22.456+0000] {logging_mixin.py:188} INFO - [2026-06-16T13:50:22.456+0000] {dag.py:3089} INFO - Sync 1 DAGs
[2026-06-16T13:50:22.502+0000] {processor.py:183} INFO - Processing /opt/airflow/dags/dag_09_gcp_taxi_scheduled.py took 0.115 seconds
[2026-06-16T13:50:53.000+0000] {processor.py:161} INFO - Started process (PID=7493) to work on /opt/airflow/dags/dag_09_gcp_taxi_scheduled.py
[2026-06-16T13:50:53.010+0000] {processor.py:830} INFO - Processing file /opt/airflow/dags/dag_09_gcp_taxi_scheduled.py for tasks to queue
[2026-06-16T13:50:53.012+0000] {logging_mixin.py:188} INFO - [2026-06-16T13:50:53.012+0000] {dagbag.py:545} INFO - Filling up the DagBag from /opt/airflow/dags/dag_09_gcp_taxi_scheduled.py
[2026-06-16T13:50:53.026+0000] {processor.py:840} INFO - DAG(s) '09_gcp_taxi_scheduled' retrieved from /opt/airflow/dags/dag_09_gcp_taxi_scheduled.py
[2026-06-16T13:50:53.070+0000] {logging_mixin.py:188} INFO - [2026-06-16T13:50:53.069+0000] {dag.py:3089} INFO - Sync 1 DAGs
[2026-06-16T13:50:53.119+0000] {processor.py:183} INFO - Processing /opt/airflow/dags/dag_09_gcp_taxi_scheduled.py took 0.125 seconds
[2026-06-16T13:51:23.330+0000] {processor.py:161} INFO - Started process (PID=7533) to work on /opt/airflow/dags/dag_09_gcp_taxi_scheduled.py
[2026-06-16T13:51:23.331+0000] {processor.py:830} INFO - Processing file /opt/airflow/dags/dag_09_gcp_taxi_scheduled.py for tasks to queue
[2026-06-16T13:51:23.333+0000] {logging_mixin.py:188} INFO - [2026-06-16T13:51:23.332+0000] {dagbag.py:545} INFO - Filling up the DagBag from /opt/airflow/dags/dag_09_gcp_taxi_scheduled.py
[2026-06-16T13:51:23.347+0000] {processor.py:840} INFO - DAG(s) '09_gcp_taxi_scheduled' retrieved from /opt/airflow/dags/dag_09_gcp_taxi_scheduled.py
[2026-06-16T13:51:23.389+0000] {logging_mixin.py:188} INFO - [2026-06-16T13:51:23.389+0000] {dag.py:3089} INFO - Sync 1 DAGs
[2026-06-16T13:51:23.437+0000] {processor.py:183} INFO - Processing /opt/airflow/dags/dag_09_gcp_taxi_scheduled.py took 0.114 seconds
[2026-06-16T13:51:53.481+0000] {processor.py:161} INFO - Started process (PID=7573) to work on /opt/airflow/dags/dag_09_gcp_taxi_scheduled.py
[2026-06-16T13:51:53.482+0000] {processor.py:830} INFO - Processing file /opt/airflow/dags/dag_09_gcp_taxi_scheduled.py for tasks to queue
[2026-06-16T13:51:53.484+0000] {logging_mixin.py:188} INFO - [2026-06-16T13:51:53.484+0000] {dagbag.py:545} INFO - Filling up the DagBag from /opt/airflow/dags/dag_09_gcp_taxi_scheduled.py
[2026-06-16T13:51:53.499+0000] {processor.py:840} INFO - DAG(s) '09_gcp_taxi_scheduled' retrieved from /opt/airflow/dags/dag_09_gcp_taxi_scheduled.py
[2026-06-16T13:51:53.539+0000] {logging_mixin.py:188} INFO - [2026-06-16T13:51:53.539+0000] {dag.py:3089} INFO - Sync 1 DAGs
[2026-06-16T13:51:53.586+0000] {processor.py:183} INFO - Processing /opt/airflow/dags/dag_09_gcp_taxi_scheduled.py took 0.112 seconds
[2026-06-16T13:52:23.808+0000] {processor.py:161} INFO - Started process (PID=7613) to work on /opt/airflow/dags/dag_09_gcp_taxi_scheduled.py
[2026-06-16T13:52:23.818+0000] {processor.py:830} INFO - Processing file /opt/airflow/dags/dag_09_gcp_taxi_scheduled.py for tasks to queue
[2026-06-16T13:52:23.820+0000] {logging_mixin.py:188} INFO - [2026-06-16T13:52:23.820+0000] {dagbag.py:545} INFO - Filling up the DagBag from /opt/airflow/dags/dag_09_gcp_taxi_scheduled.py
[2026-06-16T13:52:23.835+0000] {processor.py:840} INFO - DAG(s) '09_gcp_taxi_scheduled' retrieved from /opt/airflow/dags/dag_09_gcp_taxi_scheduled.py
[2026-06-16T13:52:23.884+0000] {logging_mixin.py:188} INFO - [2026-06-16T13:52:23.884+0000] {dag.py:3089} INFO - Sync 1 DAGs
[2026-06-16T13:52:23.934+0000] {processor.py:183} INFO - Processing /opt/airflow/dags/dag_09_gcp_taxi_scheduled.py took 0.133 seconds
[2026-06-16T13:52:54.016+0000] {processor.py:161} INFO - Started process (PID=7653) to work on /opt/airflow/dags/dag_09_gcp_taxi_scheduled.py
[2026-06-16T13:52:54.017+0000] {processor.py:830} INFO - Processing file /opt/airflow/dags/dag_09_gcp_taxi_scheduled.py for tasks to queue
[2026-06-16T13:52:54.019+0000] {logging_mixin.py:188} INFO - [2026-06-16T13:52:54.019+0000] {dagbag.py:545} INFO - Filling up the DagBag from /opt/airflow/dags/dag_09_gcp_taxi_scheduled.py
[2026-06-16T13:52:54.034+0000] {processor.py:840} INFO - DAG(s) '09_gcp_taxi_scheduled' retrieved from /opt/airflow/dags/dag_09_gcp_taxi_scheduled.py
[2026-06-16T13:52:54.078+0000] {logging_mixin.py:188} INFO - [2026-06-16T13:52:54.077+0000] {dag.py:3089} INFO - Sync 1 DAGs
[2026-06-16T13:52:54.124+0000] {processor.py:183} INFO - Processing /opt/airflow/dags/dag_09_gcp_taxi_scheduled.py took 0.116 seconds
[2026-06-16T13:53:24.259+0000] {processor.py:161} INFO - Started process (PID=7693) to work on /opt/airflow/dags/dag_09_gcp_taxi_scheduled.py
[2026-06-16T13:53:24.261+0000] {processor.py:830} INFO - Processing file /opt/airflow/dags/dag_09_gcp_taxi_scheduled.py for tasks to queue
[2026-06-16T13:53:24.263+0000] {logging_mixin.py:188} INFO - [2026-06-16T13:53:24.263+0000] {dagbag.py:545} INFO - Filling up the DagBag from /opt/airflow/dags/dag_09_gcp_taxi_scheduled.py
[2026-06-16T13:53:24.277+0000] {processor.py:840} INFO - DAG(s) '09_gcp_taxi_scheduled' retrieved from /opt/airflow/dags/dag_09_gcp_taxi_scheduled.py
[2026-06-16T13:53:24.319+0000] {logging_mixin.py:188} INFO - [2026-06-16T13:53:24.319+0000] {dag.py:3089} INFO - Sync 1 DAGs
[2026-06-16T13:53:24.366+0000] {processor.py:183} INFO - Processing /opt/airflow/dags/dag_09_gcp_taxi_scheduled.py took 0.114 seconds
[2026-06-16T13:53:54.526+0000] {processor.py:161} INFO - Started process (PID=7733) to work on /opt/airflow/dags/dag_09_gcp_taxi_scheduled.py
[2026-06-16T13:53:54.527+0000] {processor.py:830} INFO - Processing file /opt/airflow/dags/dag_09_gcp_taxi_scheduled.py for tasks to queue
[2026-06-16T13:53:54.529+0000] {logging_mixin.py:188} INFO - [2026-06-16T13:53:54.529+0000] {dagbag.py:545} INFO - Filling up the DagBag from /opt/airflow/dags/dag_09_gcp_taxi_scheduled.py
[2026-06-16T13:53:54.544+0000] {processor.py:840} INFO - DAG(s) '09_gcp_taxi_scheduled' retrieved from /opt/airflow/dags/dag_09_gcp_taxi_scheduled.py
[2026-06-16T13:53:54.588+0000] {logging_mixin.py:188} INFO - [2026-06-16T13:53:54.588+0000] {dag.py:3089} INFO - Sync 1 DAGs
[2026-06-16T13:53:54.635+0000] {processor.py:183} INFO - Processing /opt/airflow/dags/dag_09_gcp_taxi_scheduled.py took 0.116 seconds
[2026-06-16T13:54:24.797+0000] {processor.py:161} INFO - Started process (PID=7773) to work on /opt/airflow/dags/dag_09_gcp_taxi_scheduled.py
[2026-06-16T13:54:24.807+0000] {processor.py:830} INFO - Processing file /opt/airflow/dags/dag_09_gcp_taxi_scheduled.py for tasks to queue
[2026-06-16T13:54:24.809+0000] {logging_mixin.py:188} INFO - [2026-06-16T13:54:24.809+0000] {dagbag.py:545} INFO - Filling up the DagBag from /opt/airflow/dags/dag_09_gcp_taxi_scheduled.py
[2026-06-16T13:54:24.825+0000] {processor.py:840} INFO - DAG(s) '09_gcp_taxi_scheduled' retrieved from /opt/airflow/dags/dag_09_gcp_taxi_scheduled.py
[2026-06-16T13:54:24.868+0000] {logging_mixin.py:188} INFO - [2026-06-16T13:54:24.867+0000] {dag.py:3089} INFO - Sync 1 DAGs
[2026-06-16T13:54:24.912+0000] {processor.py:183} INFO - Processing /opt/airflow/dags/dag_09_gcp_taxi_scheduled.py took 0.122 seconds
[2026-06-16T13:54:55.003+0000] {processor.py:161} INFO - Started process (PID=7813) to work on /opt/airflow/dags/dag_09_gcp_taxi_scheduled.py
[2026-06-16T13:54:55.004+0000] {processor.py:830} INFO - Processing file /opt/airflow/dags/dag_09_gcp_taxi_scheduled.py for tasks to queue
[2026-06-16T13:54:55.006+0000] {logging_mixin.py:188} INFO - [2026-06-16T13:54:55.006+0000] {dagbag.py:545} INFO - Filling up the DagBag from /opt/airflow/dags/dag_09_gcp_taxi_scheduled.py
[2026-06-16T13:54:55.022+0000] {processor.py:840} INFO - DAG(s) '09_gcp_taxi_scheduled' retrieved from /opt/airflow/dags/dag_09_gcp_taxi_scheduled.py
[2026-06-16T13:54:55.065+0000] {logging_mixin.py:188} INFO - [2026-06-16T13:54:55.065+0000] {dag.py:3089} INFO - Sync 1 DAGs
[2026-06-16T13:54:55.110+0000] {processor.py:183} INFO - Processing /opt/airflow/dags/dag_09_gcp_taxi_scheduled.py took 0.114 seconds
[2026-06-16T13:55:25.209+0000] {processor.py:161} INFO - Started process (PID=7853) to work on /opt/airflow/dags/dag_09_gcp_taxi_scheduled.py
[2026-06-16T13:55:25.219+0000] {processor.py:830} INFO - Processing file /opt/airflow/dags/dag_09_gcp_taxi_scheduled.py for tasks to queue
[2026-06-16T13:55:25.221+0000] {logging_mixin.py:188} INFO - [2026-06-16T13:55:25.221+0000] {dagbag.py:545} INFO - Filling up the DagBag from /opt/airflow/dags/dag_09_gcp_taxi_scheduled.py
[2026-06-16T13:55:25.236+0000] {processor.py:840} INFO - DAG(s) '09_gcp_taxi_scheduled' retrieved from /opt/airflow/dags/dag_09_gcp_taxi_scheduled.py
[2026-06-16T13:55:25.278+0000] {logging_mixin.py:188} INFO - [2026-06-16T13:55:25.278+0000] {dag.py:3089} INFO - Sync 1 DAGs
[2026-06-16T13:55:25.324+0000] {processor.py:183} INFO - Processing /opt/airflow/dags/dag_09_gcp_taxi_scheduled.py took 0.123 seconds
[2026-06-16T13:55:55.402+0000] {processor.py:161} INFO - Started process (PID=7893) to work on /opt/airflow/dags/dag_09_gcp_taxi_scheduled.py
[2026-06-16T13:55:55.403+0000] {processor.py:830} INFO - Processing file /opt/airflow/dags/dag_09_gcp_taxi_scheduled.py for tasks to queue
[2026-06-16T13:55:55.405+0000] {logging_mixin.py:188} INFO - [2026-06-16T13:55:55.405+0000] {dagbag.py:545} INFO - Filling up the DagBag from /opt/airflow/dags/dag_09_gcp_taxi_scheduled.py
[2026-06-16T13:55:55.420+0000] {processor.py:840} INFO - DAG(s) '09_gcp_taxi_scheduled' retrieved from /opt/airflow/dags/dag_09_gcp_taxi_scheduled.py
[2026-06-16T13:55:55.463+0000] {logging_mixin.py:188} INFO - [2026-06-16T13:55:55.462+0000] {dag.py:3089} INFO - Sync 1 DAGs
[2026-06-16T13:55:55.511+0000] {processor.py:183} INFO - Processing /opt/airflow/dags/dag_09_gcp_taxi_scheduled.py took 0.115 seconds
[2026-06-16T13:56:26.017+0000] {processor.py:161} INFO - Started process (PID=7933) to work on /opt/airflow/dags/dag_09_gcp_taxi_scheduled.py
[2026-06-16T13:56:26.018+0000] {processor.py:830} INFO - Processing file /opt/airflow/dags/dag_09_gcp_taxi_scheduled.py for tasks to queue
[2026-06-16T13:56:26.021+0000] {logging_mixin.py:188} INFO - [2026-06-16T13:56:26.020+0000] {dagbag.py:545} INFO - Filling up the DagBag from /opt/airflow/dags/dag_09_gcp_taxi_scheduled.py
[2026-06-16T13:56:26.037+0000] {processor.py:840} INFO - DAG(s) '09_gcp_taxi_scheduled' retrieved from /opt/airflow/dags/dag_09_gcp_taxi_scheduled.py
[2026-06-16T13:56:26.087+0000] {logging_mixin.py:188} INFO - [2026-06-16T13:56:26.087+0000] {dag.py:3089} INFO - Sync 1 DAGs
[2026-06-16T13:56:26.138+0000] {processor.py:183} INFO - Processing /opt/airflow/dags/dag_09_gcp_taxi_scheduled.py took 0.129 seconds
[2026-06-16T13:56:57.099+0000] {processor.py:161} INFO - Started process (PID=7973) to work on /opt/airflow/dags/dag_09_gcp_taxi_scheduled.py
[2026-06-16T13:56:57.101+0000] {processor.py:830} INFO - Processing file /opt/airflow/dags/dag_09_gcp_taxi_scheduled.py for tasks to queue
[2026-06-16T13:56:57.104+0000] {logging_mixin.py:188} INFO - [2026-06-16T13:56:57.103+0000] {dagbag.py:545} INFO - Filling up the DagBag from /opt/airflow/dags/dag_09_gcp_taxi_scheduled.py
[2026-06-16T13:56:57.129+0000] {processor.py:840} INFO - DAG(s) '09_gcp_taxi_scheduled' retrieved from /opt/airflow/dags/dag_09_gcp_taxi_scheduled.py
[2026-06-16T13:56:57.190+0000] {logging_mixin.py:188} INFO - [2026-06-16T13:56:57.190+0000] {dag.py:3089} INFO - Sync 1 DAGs
[2026-06-16T13:56:57.239+0000] {processor.py:183} INFO - Processing /opt/airflow/dags/dag_09_gcp_taxi_scheduled.py took 0.149 seconds
[2026-06-16T13:57:27.372+0000] {processor.py:161} INFO - Started process (PID=8013) to work on /opt/airflow/dags/dag_09_gcp_taxi_scheduled.py
[2026-06-16T13:57:27.373+0000] {processor.py:830} INFO - Processing file /opt/airflow/dags/dag_09_gcp_taxi_scheduled.py for tasks to queue
[2026-06-16T13:57:27.375+0000] {logging_mixin.py:188} INFO - [2026-06-16T13:57:27.375+0000] {dagbag.py:545} INFO - Filling up the DagBag from /opt/airflow/dags/dag_09_gcp_taxi_scheduled.py
[2026-06-16T13:57:27.390+0000] {processor.py:840} INFO - DAG(s) '09_gcp_taxi_scheduled' retrieved from /opt/airflow/dags/dag_09_gcp_taxi_scheduled.py
[2026-06-16T13:57:27.431+0000] {logging_mixin.py:188} INFO - [2026-06-16T13:57:27.430+0000] {dag.py:3089} INFO - Sync 1 DAGs
[2026-06-16T13:57:27.476+0000] {processor.py:183} INFO - Processing /opt/airflow/dags/dag_09_gcp_taxi_scheduled.py took 0.110 seconds
[2026-06-16T13:57:57.518+0000] {processor.py:161} INFO - Started process (PID=8053) to work on /opt/airflow/dags/dag_09_gcp_taxi_scheduled.py
[2026-06-16T13:57:57.519+0000] {processor.py:830} INFO - Processing file /opt/airflow/dags/dag_09_gcp_taxi_scheduled.py for tasks to queue
[2026-06-16T13:57:57.521+0000] {logging_mixin.py:188} INFO - [2026-06-16T13:57:57.521+0000] {dagbag.py:545} INFO - Filling up the DagBag from /opt/airflow/dags/dag_09_gcp_taxi_scheduled.py
[2026-06-16T13:57:57.535+0000] {processor.py:840} INFO - DAG(s) '09_gcp_taxi_scheduled' retrieved from /opt/airflow/dags/dag_09_gcp_taxi_scheduled.py
[2026-06-16T13:57:57.585+0000] {logging_mixin.py:188} INFO - [2026-06-16T13:57:57.584+0000] {dag.py:3089} INFO - Sync 1 DAGs
[2026-06-16T13:57:57.633+0000] {processor.py:183} INFO - Processing /opt/airflow/dags/dag_09_gcp_taxi_scheduled.py took 0.122 seconds
[2026-06-16T13:58:27.884+0000] {processor.py:161} INFO - Started process (PID=8093) to work on /opt/airflow/dags/dag_09_gcp_taxi_scheduled.py
[2026-06-16T13:58:27.885+0000] {processor.py:830} INFO - Processing file /opt/airflow/dags/dag_09_gcp_taxi_scheduled.py for tasks to queue
[2026-06-16T13:58:27.887+0000] {logging_mixin.py:188} INFO - [2026-06-16T13:58:27.887+0000] {dagbag.py:545} INFO - Filling up the DagBag from /opt/airflow/dags/dag_09_gcp_taxi_scheduled.py
[2026-06-16T13:58:27.902+0000] {processor.py:840} INFO - DAG(s) '09_gcp_taxi_scheduled' retrieved from /opt/airflow/dags/dag_09_gcp_taxi_scheduled.py
[2026-06-16T13:58:27.943+0000] {logging_mixin.py:188} INFO - [2026-06-16T13:58:27.942+0000] {dag.py:3089} INFO - Sync 1 DAGs
[2026-06-16T13:58:27.988+0000] {processor.py:183} INFO - Processing /opt/airflow/dags/dag_09_gcp_taxi_scheduled.py took 0.110 seconds
[2026-06-16T13:58:58.071+0000] {processor.py:161} INFO - Started process (PID=8133) to work on /opt/airflow/dags/dag_09_gcp_taxi_scheduled.py
[2026-06-16T13:58:58.072+0000] {processor.py:830} INFO - Processing file /opt/airflow/dags/dag_09_gcp_taxi_scheduled.py for tasks to queue
[2026-06-16T13:58:58.074+0000] {logging_mixin.py:188} INFO - [2026-06-16T13:58:58.074+0000] {dagbag.py:545} INFO - Filling up the DagBag from /opt/airflow/dags/dag_09_gcp_taxi_scheduled.py
[2026-06-16T13:58:58.089+0000] {processor.py:840} INFO - DAG(s) '09_gcp_taxi_scheduled' retrieved from /opt/airflow/dags/dag_09_gcp_taxi_scheduled.py
[2026-06-16T13:58:58.134+0000] {logging_mixin.py:188} INFO - [2026-06-16T13:58:58.134+0000] {dag.py:3089} INFO - Sync 1 DAGs
[2026-06-16T13:58:58.191+0000] {processor.py:183} INFO - Processing /opt/airflow/dags/dag_09_gcp_taxi_scheduled.py took 0.127 seconds
[2026-06-16T13:59:28.307+0000] {processor.py:161} INFO - Started process (PID=8173) to work on /opt/airflow/dags/dag_09_gcp_taxi_scheduled.py
[2026-06-16T13:59:28.318+0000] {processor.py:830} INFO - Processing file /opt/airflow/dags/dag_09_gcp_taxi_scheduled.py for tasks to queue
[2026-06-16T13:59:28.320+0000] {logging_mixin.py:188} INFO - [2026-06-16T13:59:28.320+0000] {dagbag.py:545} INFO - Filling up the DagBag from /opt/airflow/dags/dag_09_gcp_taxi_scheduled.py
[2026-06-16T13:59:28.335+0000] {processor.py:840} INFO - DAG(s) '09_gcp_taxi_scheduled' retrieved from /opt/airflow/dags/dag_09_gcp_taxi_scheduled.py
[2026-06-16T13:59:28.377+0000] {logging_mixin.py:188} INFO - [2026-06-16T13:59:28.377+0000] {dag.py:3089} INFO - Sync 1 DAGs
[2026-06-16T13:59:28.424+0000] {processor.py:183} INFO - Processing /opt/airflow/dags/dag_09_gcp_taxi_scheduled.py took 0.123 seconds
[2026-06-16T13:59:59.351+0000] {processor.py:161} INFO - Started process (PID=8213) to work on /opt/airflow/dags/dag_09_gcp_taxi_scheduled.py
[2026-06-16T13:59:59.352+0000] {processor.py:830} INFO - Processing file /opt/airflow/dags/dag_09_gcp_taxi_scheduled.py for tasks to queue
[2026-06-16T13:59:59.353+0000] {logging_mixin.py:188} INFO - [2026-06-16T13:59:59.353+0000] {dagbag.py:545} INFO - Filling up the DagBag from /opt/airflow/dags/dag_09_gcp_taxi_scheduled.py
[2026-06-16T13:59:59.368+0000] {processor.py:840} INFO - DAG(s) '09_gcp_taxi_scheduled' retrieved from /opt/airflow/dags/dag_09_gcp_taxi_scheduled.py
[2026-06-16T13:59:59.409+0000] {logging_mixin.py:188} INFO - [2026-06-16T13:59:59.408+0000] {dag.py:3089} INFO - Sync 1 DAGs
[2026-06-16T13:59:59.454+0000] {processor.py:183} INFO - Processing /opt/airflow/dags/dag_09_gcp_taxi_scheduled.py took 0.110 seconds
[2026-06-16T14:00:29.601+0000] {processor.py:161} INFO - Started process (PID=8253) to work on /opt/airflow/dags/dag_09_gcp_taxi_scheduled.py
[2026-06-16T14:00:29.612+0000] {processor.py:830} INFO - Processing file /opt/airflow/dags/dag_09_gcp_taxi_scheduled.py for tasks to queue
[2026-06-16T14:00:29.614+0000] {logging_mixin.py:188} INFO - [2026-06-16T14:00:29.613+0000] {dagbag.py:545} INFO - Filling up the DagBag from /opt/airflow/dags/dag_09_gcp_taxi_scheduled.py
[2026-06-16T14:00:29.631+0000] {processor.py:840} INFO - DAG(s) '09_gcp_taxi_scheduled' retrieved from /opt/airflow/dags/dag_09_gcp_taxi_scheduled.py
[2026-06-16T14:00:29.679+0000] {logging_mixin.py:188} INFO - [2026-06-16T14:00:29.678+0000] {dag.py:3089} INFO - Sync 1 DAGs
[2026-06-16T14:00:29.725+0000] {processor.py:183} INFO - Processing /opt/airflow/dags/dag_09_gcp_taxi_scheduled.py took 0.131 seconds
[2026-06-16T14:00:59.833+0000] {processor.py:161} INFO - Started process (PID=8293) to work on /opt/airflow/dags/dag_09_gcp_taxi_scheduled.py
[2026-06-16T14:00:59.834+0000] {processor.py:830} INFO - Processing file /opt/airflow/dags/dag_09_gcp_taxi_scheduled.py for tasks to queue
[2026-06-16T14:00:59.836+0000] {logging_mixin.py:188} INFO - [2026-06-16T14:00:59.835+0000] {dagbag.py:545} INFO - Filling up the DagBag from /opt/airflow/dags/dag_09_gcp_taxi_scheduled.py
[2026-06-16T14:00:59.851+0000] {processor.py:840} INFO - DAG(s) '09_gcp_taxi_scheduled' retrieved from /opt/airflow/dags/dag_09_gcp_taxi_scheduled.py
[2026-06-16T14:00:59.896+0000] {logging_mixin.py:188} INFO - [2026-06-16T14:00:59.896+0000] {dag.py:3089} INFO - Sync 1 DAGs
[2026-06-16T14:00:59.954+0000] {processor.py:183} INFO - Processing /opt/airflow/dags/dag_09_gcp_taxi_scheduled.py took 0.129 seconds
[2026-06-16T14:01:30.032+0000] {processor.py:161} INFO - Started process (PID=8333) to work on /opt/airflow/dags/dag_09_gcp_taxi_scheduled.py
[2026-06-16T14:01:30.034+0000] {processor.py:830} INFO - Processing file /opt/airflow/dags/dag_09_gcp_taxi_scheduled.py for tasks to queue
[2026-06-16T14:01:30.036+0000] {logging_mixin.py:188} INFO - [2026-06-16T14:01:30.036+0000] {dagbag.py:545} INFO - Filling up the DagBag from /opt/airflow/dags/dag_09_gcp_taxi_scheduled.py
[2026-06-16T14:01:30.052+0000] {processor.py:840} INFO - DAG(s) '09_gcp_taxi_scheduled' retrieved from /opt/airflow/dags/dag_09_gcp_taxi_scheduled.py
[2026-06-16T14:01:30.095+0000] {logging_mixin.py:188} INFO - [2026-06-16T14:01:30.095+0000] {dag.py:3089} INFO - Sync 1 DAGs
[2026-06-16T14:01:30.144+0000] {processor.py:183} INFO - Processing /opt/airflow/dags/dag_09_gcp_taxi_scheduled.py took 0.119 seconds
[2026-06-16T14:02:00.199+0000] {processor.py:161} INFO - Started process (PID=8373) to work on /opt/airflow/dags/dag_09_gcp_taxi_scheduled.py
[2026-06-16T14:02:00.200+0000] {processor.py:830} INFO - Processing file /opt/airflow/dags/dag_09_gcp_taxi_scheduled.py for tasks to queue
[2026-06-16T14:02:00.202+0000] {logging_mixin.py:188} INFO - [2026-06-16T14:02:00.201+0000] {dagbag.py:545} INFO - Filling up the DagBag from /opt/airflow/dags/dag_09_gcp_taxi_scheduled.py
[2026-06-16T14:02:00.217+0000] {processor.py:840} INFO - DAG(s) '09_gcp_taxi_scheduled' retrieved from /opt/airflow/dags/dag_09_gcp_taxi_scheduled.py
[2026-06-16T14:02:00.262+0000] {logging_mixin.py:188} INFO - [2026-06-16T14:02:00.262+0000] {dag.py:3089} INFO - Sync 1 DAGs
[2026-06-16T14:02:00.312+0000] {processor.py:183} INFO - Processing /opt/airflow/dags/dag_09_gcp_taxi_scheduled.py took 0.121 seconds
[2026-06-16T14:02:31.346+0000] {processor.py:161} INFO - Started process (PID=8413) to work on /opt/airflow/dags/dag_09_gcp_taxi_scheduled.py
[2026-06-16T14:02:31.357+0000] {processor.py:830} INFO - Processing file /opt/airflow/dags/dag_09_gcp_taxi_scheduled.py for tasks to queue
[2026-06-16T14:02:31.359+0000] {logging_mixin.py:188} INFO - [2026-06-16T14:02:31.358+0000] {dagbag.py:545} INFO - Filling up the DagBag from /opt/airflow/dags/dag_09_gcp_taxi_scheduled.py
[2026-06-16T14:02:31.373+0000] {processor.py:840} INFO - DAG(s) '09_gcp_taxi_scheduled' retrieved from /opt/airflow/dags/dag_09_gcp_taxi_scheduled.py
[2026-06-16T14:02:31.414+0000] {logging_mixin.py:188} INFO - [2026-06-16T14:02:31.414+0000] {dag.py:3089} INFO - Sync 1 DAGs
[2026-06-16T14:02:31.460+0000] {processor.py:183} INFO - Processing /opt/airflow/dags/dag_09_gcp_taxi_scheduled.py took 0.121 seconds
[2026-06-16T14:03:01.576+0000] {processor.py:161} INFO - Started process (PID=8453) to work on /opt/airflow/dags/dag_09_gcp_taxi_scheduled.py
[2026-06-16T14:03:01.577+0000] {processor.py:830} INFO - Processing file /opt/airflow/dags/dag_09_gcp_taxi_scheduled.py for tasks to queue
[2026-06-16T14:03:01.579+0000] {logging_mixin.py:188} INFO - [2026-06-16T14:03:01.579+0000] {dagbag.py:545} INFO - Filling up the DagBag from /opt/airflow/dags/dag_09_gcp_taxi_scheduled.py
[2026-06-16T14:03:01.597+0000] {processor.py:840} INFO - DAG(s) '09_gcp_taxi_scheduled' retrieved from /opt/airflow/dags/dag_09_gcp_taxi_scheduled.py
[2026-06-16T14:03:01.640+0000] {logging_mixin.py:188} INFO - [2026-06-16T14:03:01.640+0000] {dag.py:3089} INFO - Sync 1 DAGs
[2026-06-16T14:03:01.687+0000] {processor.py:183} INFO - Processing /opt/airflow/dags/dag_09_gcp_taxi_scheduled.py took 0.119 seconds
[2026-06-16T14:03:32.465+0000] {processor.py:161} INFO - Started process (PID=8493) to work on /opt/airflow/dags/dag_09_gcp_taxi_scheduled.py
[2026-06-16T14:03:32.466+0000] {processor.py:830} INFO - Processing file /opt/airflow/dags/dag_09_gcp_taxi_scheduled.py for tasks to queue
[2026-06-16T14:03:32.468+0000] {logging_mixin.py:188} INFO - [2026-06-16T14:03:32.468+0000] {dagbag.py:545} INFO - Filling up the DagBag from /opt/airflow/dags/dag_09_gcp_taxi_scheduled.py
[2026-06-16T14:03:32.483+0000] {processor.py:840} INFO - DAG(s) '09_gcp_taxi_scheduled' retrieved from /opt/airflow/dags/dag_09_gcp_taxi_scheduled.py
[2026-06-16T14:03:32.525+0000] {logging_mixin.py:188} INFO - [2026-06-16T14:03:32.525+0000] {dag.py:3089} INFO - Sync 1 DAGs
[2026-06-16T14:03:32.574+0000] {processor.py:183} INFO - Processing /opt/airflow/dags/dag_09_gcp_taxi_scheduled.py took 0.117 seconds
[2026-06-16T14:04:02.645+0000] {processor.py:161} INFO - Started process (PID=8533) to work on /opt/airflow/dags/dag_09_gcp_taxi_scheduled.py
[2026-06-16T14:04:02.646+0000] {processor.py:830} INFO - Processing file /opt/airflow/dags/dag_09_gcp_taxi_scheduled.py for tasks to queue
[2026-06-16T14:04:02.648+0000] {logging_mixin.py:188} INFO - [2026-06-16T14:04:02.648+0000] {dagbag.py:545} INFO - Filling up the DagBag from /opt/airflow/dags/dag_09_gcp_taxi_scheduled.py
[2026-06-16T14:04:02.663+0000] {processor.py:840} INFO - DAG(s) '09_gcp_taxi_scheduled' retrieved from /opt/airflow/dags/dag_09_gcp_taxi_scheduled.py
[2026-06-16T14:04:02.709+0000] {logging_mixin.py:188} INFO - [2026-06-16T14:04:02.709+0000] {dag.py:3089} INFO - Sync 1 DAGs
[2026-06-16T14:04:02.755+0000] {processor.py:183} INFO - Processing /opt/airflow/dags/dag_09_gcp_taxi_scheduled.py took 0.117 seconds
[2026-06-16T14:04:32.877+0000] {processor.py:161} INFO - Started process (PID=8573) to work on /opt/airflow/dags/dag_09_gcp_taxi_scheduled.py
[2026-06-16T14:04:32.887+0000] {processor.py:830} INFO - Processing file /opt/airflow/dags/dag_09_gcp_taxi_scheduled.py for tasks to queue
[2026-06-16T14:04:32.889+0000] {logging_mixin.py:188} INFO - [2026-06-16T14:04:32.889+0000] {dagbag.py:545} INFO - Filling up the DagBag from /opt/airflow/dags/dag_09_gcp_taxi_scheduled.py
[2026-06-16T14:04:32.904+0000] {processor.py:840} INFO - DAG(s) '09_gcp_taxi_scheduled' retrieved from /opt/airflow/dags/dag_09_gcp_taxi_scheduled.py
[2026-06-16T14:04:32.947+0000] {logging_mixin.py:188} INFO - [2026-06-16T14:04:32.947+0000] {dag.py:3089} INFO - Sync 1 DAGs
[2026-06-16T14:04:32.997+0000] {processor.py:183} INFO - Processing /opt/airflow/dags/dag_09_gcp_taxi_scheduled.py took 0.127 seconds
[2026-06-16T14:05:03.074+0000] {processor.py:161} INFO - Started process (PID=8613) to work on /opt/airflow/dags/dag_09_gcp_taxi_scheduled.py
[2026-06-16T14:05:03.076+0000] {processor.py:830} INFO - Processing file /opt/airflow/dags/dag_09_gcp_taxi_scheduled.py for tasks to queue
[2026-06-16T14:05:03.078+0000] {logging_mixin.py:188} INFO - [2026-06-16T14:05:03.078+0000] {dagbag.py:545} INFO - Filling up the DagBag from /opt/airflow/dags/dag_09_gcp_taxi_scheduled.py
[2026-06-16T14:05:03.093+0000] {processor.py:840} INFO - DAG(s) '09_gcp_taxi_scheduled' retrieved from /opt/airflow/dags/dag_09_gcp_taxi_scheduled.py
[2026-06-16T14:05:03.137+0000] {logging_mixin.py:188} INFO - [2026-06-16T14:05:03.137+0000] {dag.py:3089} INFO - Sync 1 DAGs
[2026-06-16T14:05:03.184+0000] {processor.py:183} INFO - Processing /opt/airflow/dags/dag_09_gcp_taxi_scheduled.py took 0.118 seconds
[2026-06-16T14:05:33.332+0000] {processor.py:161} INFO - Started process (PID=8653) to work on /opt/airflow/dags/dag_09_gcp_taxi_scheduled.py
[2026-06-16T14:05:33.334+0000] {processor.py:830} INFO - Processing file /opt/airflow/dags/dag_09_gcp_taxi_scheduled.py for tasks to queue
[2026-06-16T14:05:33.336+0000] {logging_mixin.py:188} INFO - [2026-06-16T14:05:33.335+0000] {dagbag.py:545} INFO - Filling up the DagBag from /opt/airflow/dags/dag_09_gcp_taxi_scheduled.py
[2026-06-16T14:05:33.354+0000] {processor.py:840} INFO - DAG(s) '09_gcp_taxi_scheduled' retrieved from /opt/airflow/dags/dag_09_gcp_taxi_scheduled.py
[2026-06-16T14:05:33.400+0000] {logging_mixin.py:188} INFO - [2026-06-16T14:05:33.400+0000] {dag.py:3089} INFO - Sync 1 DAGs
[2026-06-16T14:05:33.449+0000] {processor.py:183} INFO - Processing /opt/airflow/dags/dag_09_gcp_taxi_scheduled.py took 0.125 seconds
[2026-06-16T14:06:03.603+0000] {processor.py:161} INFO - Started process (PID=8693) to work on /opt/airflow/dags/dag_09_gcp_taxi_scheduled.py
[2026-06-16T14:06:03.605+0000] {processor.py:830} INFO - Processing file /opt/airflow/dags/dag_09_gcp_taxi_scheduled.py for tasks to queue
[2026-06-16T14:06:03.608+0000] {logging_mixin.py:188} INFO - [2026-06-16T14:06:03.607+0000] {dagbag.py:545} INFO - Filling up the DagBag from /opt/airflow/dags/dag_09_gcp_taxi_scheduled.py
[2026-06-16T14:06:03.630+0000] {processor.py:840} INFO - DAG(s) '09_gcp_taxi_scheduled' retrieved from /opt/airflow/dags/dag_09_gcp_taxi_scheduled.py
[2026-06-16T14:06:03.678+0000] {logging_mixin.py:188} INFO - [2026-06-16T14:06:03.677+0000] {dag.py:3089} INFO - Sync 1 DAGs
[2026-06-16T14:06:03.727+0000] {processor.py:183} INFO - Processing /opt/airflow/dags/dag_09_gcp_taxi_scheduled.py took 0.133 seconds
[2026-06-16T14:06:34.624+0000] {processor.py:161} INFO - Started process (PID=8733) to work on /opt/airflow/dags/dag_09_gcp_taxi_scheduled.py
[2026-06-16T14:06:34.626+0000] {processor.py:830} INFO - Processing file /opt/airflow/dags/dag_09_gcp_taxi_scheduled.py for tasks to queue
[2026-06-16T14:06:34.628+0000] {logging_mixin.py:188} INFO - [2026-06-16T14:06:34.628+0000] {dagbag.py:545} INFO - Filling up the DagBag from /opt/airflow/dags/dag_09_gcp_taxi_scheduled.py
[2026-06-16T14:06:34.644+0000] {processor.py:840} INFO - DAG(s) '09_gcp_taxi_scheduled' retrieved from /opt/airflow/dags/dag_09_gcp_taxi_scheduled.py
[2026-06-16T14:06:34.685+0000] {logging_mixin.py:188} INFO - [2026-06-16T14:06:34.685+0000] {dag.py:3089} INFO - Sync 1 DAGs
[2026-06-16T14:06:34.730+0000] {processor.py:183} INFO - Processing /opt/airflow/dags/dag_09_gcp_taxi_scheduled.py took 0.113 seconds
[2026-06-16T14:07:04.812+0000] {processor.py:161} INFO - Started process (PID=8773) to work on /opt/airflow/dags/dag_09_gcp_taxi_scheduled.py
[2026-06-16T14:07:04.813+0000] {processor.py:830} INFO - Processing file /opt/airflow/dags/dag_09_gcp_taxi_scheduled.py for tasks to queue
[2026-06-16T14:07:04.815+0000] {logging_mixin.py:188} INFO - [2026-06-16T14:07:04.815+0000] {dagbag.py:545} INFO - Filling up the DagBag from /opt/airflow/dags/dag_09_gcp_taxi_scheduled.py
[2026-06-16T14:07:04.829+0000] {processor.py:840} INFO - DAG(s) '09_gcp_taxi_scheduled' retrieved from /opt/airflow/dags/dag_09_gcp_taxi_scheduled.py
[2026-06-16T14:07:04.878+0000] {logging_mixin.py:188} INFO - [2026-06-16T14:07:04.878+0000] {dag.py:3089} INFO - Sync 1 DAGs
[2026-06-16T14:07:04.923+0000] {processor.py:183} INFO - Processing /opt/airflow/dags/dag_09_gcp_taxi_scheduled.py took 0.118 seconds
[2026-06-16T14:07:35.046+0000] {processor.py:161} INFO - Started process (PID=8813) to work on /opt/airflow/dags/dag_09_gcp_taxi_scheduled.py
[2026-06-16T14:07:35.057+0000] {processor.py:830} INFO - Processing file /opt/airflow/dags/dag_09_gcp_taxi_scheduled.py for tasks to queue
[2026-06-16T14:07:35.059+0000] {logging_mixin.py:188} INFO - [2026-06-16T14:07:35.058+0000] {dagbag.py:545} INFO - Filling up the DagBag from /opt/airflow/dags/dag_09_gcp_taxi_scheduled.py
[2026-06-16T14:07:35.073+0000] {processor.py:840} INFO - DAG(s) '09_gcp_taxi_scheduled' retrieved from /opt/airflow/dags/dag_09_gcp_taxi_scheduled.py
[2026-06-16T14:07:35.117+0000] {logging_mixin.py:188} INFO - [2026-06-16T14:07:35.116+0000] {dag.py:3089} INFO - Sync 1 DAGs
[2026-06-16T14:07:35.165+0000] {processor.py:183} INFO - Processing /opt/airflow/dags/dag_09_gcp_taxi_scheduled.py took 0.127 seconds
[2026-06-16T14:08:05.356+0000] {processor.py:161} INFO - Started process (PID=8853) to work on /opt/airflow/dags/dag_09_gcp_taxi_scheduled.py
[2026-06-16T14:08:05.357+0000] {processor.py:830} INFO - Processing file /opt/airflow/dags/dag_09_gcp_taxi_scheduled.py for tasks to queue
[2026-06-16T14:08:05.359+0000] {logging_mixin.py:188} INFO - [2026-06-16T14:08:05.359+0000] {dagbag.py:545} INFO - Filling up the DagBag from /opt/airflow/dags/dag_09_gcp_taxi_scheduled.py
[2026-06-16T14:08:05.374+0000] {processor.py:840} INFO - DAG(s) '09_gcp_taxi_scheduled' retrieved from /opt/airflow/dags/dag_09_gcp_taxi_scheduled.py
[2026-06-16T14:08:05.417+0000] {logging_mixin.py:188} INFO - [2026-06-16T14:08:05.417+0000] {dag.py:3089} INFO - Sync 1 DAGs
[2026-06-16T14:08:05.465+0000] {processor.py:183} INFO - Processing /opt/airflow/dags/dag_09_gcp_taxi_scheduled.py took 0.115 seconds
[2026-06-16T14:08:35.512+0000] {processor.py:161} INFO - Started process (PID=8893) to work on /opt/airflow/dags/dag_09_gcp_taxi_scheduled.py
[2026-06-16T14:08:35.517+0000] {processor.py:830} INFO - Processing file /opt/airflow/dags/dag_09_gcp_taxi_scheduled.py for tasks to queue
[2026-06-16T14:08:35.520+0000] {logging_mixin.py:188} INFO - [2026-06-16T14:08:35.519+0000] {dagbag.py:545} INFO - Filling up the DagBag from /opt/airflow/dags/dag_09_gcp_taxi_scheduled.py
[2026-06-16T14:08:35.535+0000] {processor.py:840} INFO - DAG(s) '09_gcp_taxi_scheduled' retrieved from /opt/airflow/dags/dag_09_gcp_taxi_scheduled.py
[2026-06-16T14:08:35.576+0000] {logging_mixin.py:188} INFO - [2026-06-16T14:08:35.576+0000] {dag.py:3089} INFO - Sync 1 DAGs
[2026-06-16T14:08:35.625+0000] {processor.py:183} INFO - Processing /opt/airflow/dags/dag_09_gcp_taxi_scheduled.py took 0.120 seconds
[2026-06-16T14:09:06.531+0000] {processor.py:161} INFO - Started process (PID=8933) to work on /opt/airflow/dags/dag_09_gcp_taxi_scheduled.py
[2026-06-16T14:09:06.532+0000] {processor.py:830} INFO - Processing file /opt/airflow/dags/dag_09_gcp_taxi_scheduled.py for tasks to queue
[2026-06-16T14:09:06.534+0000] {logging_mixin.py:188} INFO - [2026-06-16T14:09:06.534+0000] {dagbag.py:545} INFO - Filling up the DagBag from /opt/airflow/dags/dag_09_gcp_taxi_scheduled.py
[2026-06-16T14:09:06.549+0000] {processor.py:840} INFO - DAG(s) '09_gcp_taxi_scheduled' retrieved from /opt/airflow/dags/dag_09_gcp_taxi_scheduled.py
[2026-06-16T14:09:06.593+0000] {logging_mixin.py:188} INFO - [2026-06-16T14:09:06.593+0000] {dag.py:3089} INFO - Sync 1 DAGs
[2026-06-16T14:09:06.640+0000] {processor.py:183} INFO - Processing /opt/airflow/dags/dag_09_gcp_taxi_scheduled.py took 0.117 seconds
[2026-06-16T14:09:36.768+0000] {processor.py:161} INFO - Started process (PID=8973) to work on /opt/airflow/dags/dag_09_gcp_taxi_scheduled.py
[2026-06-16T14:09:36.778+0000] {processor.py:830} INFO - Processing file /opt/airflow/dags/dag_09_gcp_taxi_scheduled.py for tasks to queue
[2026-06-16T14:09:36.780+0000] {logging_mixin.py:188} INFO - [2026-06-16T14:09:36.780+0000] {dagbag.py:545} INFO - Filling up the DagBag from /opt/airflow/dags/dag_09_gcp_taxi_scheduled.py
[2026-06-16T14:09:36.795+0000] {processor.py:840} INFO - DAG(s) '09_gcp_taxi_scheduled' retrieved from /opt/airflow/dags/dag_09_gcp_taxi_scheduled.py
[2026-06-16T14:09:36.836+0000] {logging_mixin.py:188} INFO - [2026-06-16T14:09:36.836+0000] {dag.py:3089} INFO - Sync 1 DAGs
[2026-06-16T14:09:36.881+0000] {processor.py:183} INFO - Processing /opt/airflow/dags/dag_09_gcp_taxi_scheduled.py took 0.120 seconds
[2026-06-16T14:10:06.963+0000] {processor.py:161} INFO - Started process (PID=9013) to work on /opt/airflow/dags/dag_09_gcp_taxi_scheduled.py
[2026-06-16T14:10:06.964+0000] {processor.py:830} INFO - Processing file /opt/airflow/dags/dag_09_gcp_taxi_scheduled.py for tasks to queue
[2026-06-16T14:10:06.967+0000] {logging_mixin.py:188} INFO - [2026-06-16T14:10:06.966+0000] {dagbag.py:545} INFO - Filling up the DagBag from /opt/airflow/dags/dag_09_gcp_taxi_scheduled.py
[2026-06-16T14:10:06.987+0000] {processor.py:840} INFO - DAG(s) '09_gcp_taxi_scheduled' retrieved from /opt/airflow/dags/dag_09_gcp_taxi_scheduled.py
[2026-06-16T14:10:07.032+0000] {logging_mixin.py:188} INFO - [2026-06-16T14:10:07.032+0000] {dag.py:3089} INFO - Sync 1 DAGs
[2026-06-16T14:10:07.081+0000] {processor.py:183} INFO - Processing /opt/airflow/dags/dag_09_gcp_taxi_scheduled.py took 0.127 seconds
[2026-06-16T14:10:37.964+0000] {processor.py:161} INFO - Started process (PID=9053) to work on /opt/airflow/dags/dag_09_gcp_taxi_scheduled.py
[2026-06-16T14:10:37.966+0000] {processor.py:830} INFO - Processing file /opt/airflow/dags/dag_09_gcp_taxi_scheduled.py for tasks to queue
[2026-06-16T14:10:37.968+0000] {logging_mixin.py:188} INFO - [2026-06-16T14:10:37.968+0000] {dagbag.py:545} INFO - Filling up the DagBag from /opt/airflow/dags/dag_09_gcp_taxi_scheduled.py
[2026-06-16T14:10:37.984+0000] {processor.py:840} INFO - DAG(s) '09_gcp_taxi_scheduled' retrieved from /opt/airflow/dags/dag_09_gcp_taxi_scheduled.py
[2026-06-16T14:10:38.028+0000] {logging_mixin.py:188} INFO - [2026-06-16T14:10:38.028+0000] {dag.py:3089} INFO - Sync 1 DAGs
[2026-06-16T14:10:38.076+0000] {processor.py:183} INFO - Processing /opt/airflow/dags/dag_09_gcp_taxi_scheduled.py took 0.120 seconds
[2026-06-16T14:11:08.183+0000] {processor.py:161} INFO - Started process (PID=9093) to work on /opt/airflow/dags/dag_09_gcp_taxi_scheduled.py
[2026-06-16T14:11:08.185+0000] {processor.py:830} INFO - Processing file /opt/airflow/dags/dag_09_gcp_taxi_scheduled.py for tasks to queue
[2026-06-16T14:11:08.186+0000] {logging_mixin.py:188} INFO - [2026-06-16T14:11:08.186+0000] {dagbag.py:545} INFO - Filling up the DagBag from /opt/airflow/dags/dag_09_gcp_taxi_scheduled.py
[2026-06-16T14:11:08.201+0000] {processor.py:840} INFO - DAG(s) '09_gcp_taxi_scheduled' retrieved from /opt/airflow/dags/dag_09_gcp_taxi_scheduled.py
[2026-06-16T14:11:08.243+0000] {logging_mixin.py:188} INFO - [2026-06-16T14:11:08.243+0000] {dag.py:3089} INFO - Sync 1 DAGs
[2026-06-16T14:11:08.288+0000] {processor.py:183} INFO - Processing /opt/airflow/dags/dag_09_gcp_taxi_scheduled.py took 0.111 seconds
[2026-06-16T14:11:38.445+0000] {processor.py:161} INFO - Started process (PID=9133) to work on /opt/airflow/dags/dag_09_gcp_taxi_scheduled.py
[2026-06-16T14:11:38.447+0000] {processor.py:830} INFO - Processing file /opt/airflow/dags/dag_09_gcp_taxi_scheduled.py for tasks to queue
[2026-06-16T14:11:38.449+0000] {logging_mixin.py:188} INFO - [2026-06-16T14:11:38.448+0000] {dagbag.py:545} INFO - Filling up the DagBag from /opt/airflow/dags/dag_09_gcp_taxi_scheduled.py
[2026-06-16T14:11:38.464+0000] {processor.py:840} INFO - DAG(s) '09_gcp_taxi_scheduled' retrieved from /opt/airflow/dags/dag_09_gcp_taxi_scheduled.py
[2026-06-16T14:11:38.511+0000] {logging_mixin.py:188} INFO - [2026-06-16T14:11:38.511+0000] {dag.py:3089} INFO - Sync 1 DAGs
[2026-06-16T14:11:38.559+0000] {processor.py:183} INFO - Processing /opt/airflow/dags/dag_09_gcp_taxi_scheduled.py took 0.120 seconds
[2026-06-16T14:12:08.619+0000] {processor.py:161} INFO - Started process (PID=9173) to work on /opt/airflow/dags/dag_09_gcp_taxi_scheduled.py
[2026-06-16T14:12:08.620+0000] {processor.py:830} INFO - Processing file /opt/airflow/dags/dag_09_gcp_taxi_scheduled.py for tasks to queue
[2026-06-16T14:12:08.622+0000] {logging_mixin.py:188} INFO - [2026-06-16T14:12:08.622+0000] {dagbag.py:545} INFO - Filling up the DagBag from /opt/airflow/dags/dag_09_gcp_taxi_scheduled.py
[2026-06-16T14:12:08.638+0000] {processor.py:840} INFO - DAG(s) '09_gcp_taxi_scheduled' retrieved from /opt/airflow/dags/dag_09_gcp_taxi_scheduled.py
[2026-06-16T14:12:08.681+0000] {logging_mixin.py:188} INFO - [2026-06-16T14:12:08.680+0000] {dag.py:3089} INFO - Sync 1 DAGs
[2026-06-16T14:12:08.726+0000] {processor.py:183} INFO - Processing /opt/airflow/dags/dag_09_gcp_taxi_scheduled.py took 0.115 seconds
[2026-06-16T14:12:38.772+0000] {processor.py:161} INFO - Started process (PID=9213) to work on /opt/airflow/dags/dag_09_gcp_taxi_scheduled.py
[2026-06-16T14:12:38.773+0000] {processor.py:830} INFO - Processing file /opt/airflow/dags/dag_09_gcp_taxi_scheduled.py for tasks to queue
[2026-06-16T14:12:38.775+0000] {logging_mixin.py:188} INFO - [2026-06-16T14:12:38.775+0000] {dagbag.py:545} INFO - Filling up the DagBag from /opt/airflow/dags/dag_09_gcp_taxi_scheduled.py
[2026-06-16T14:12:38.791+0000] {processor.py:840} INFO - DAG(s) '09_gcp_taxi_scheduled' retrieved from /opt/airflow/dags/dag_09_gcp_taxi_scheduled.py
[2026-06-16T14:12:38.839+0000] {logging_mixin.py:188} INFO - [2026-06-16T14:12:38.839+0000] {dag.py:3089} INFO - Sync 1 DAGs
[2026-06-16T14:12:38.891+0000] {processor.py:183} INFO - Processing /opt/airflow/dags/dag_09_gcp_taxi_scheduled.py took 0.126 seconds
[2026-06-16T14:13:08.940+0000] {processor.py:161} INFO - Started process (PID=9253) to work on /opt/airflow/dags/dag_09_gcp_taxi_scheduled.py
[2026-06-16T14:13:08.941+0000] {processor.py:830} INFO - Processing file /opt/airflow/dags/dag_09_gcp_taxi_scheduled.py for tasks to queue
[2026-06-16T14:13:08.943+0000] {logging_mixin.py:188} INFO - [2026-06-16T14:13:08.943+0000] {dagbag.py:545} INFO - Filling up the DagBag from /opt/airflow/dags/dag_09_gcp_taxi_scheduled.py
[2026-06-16T14:13:08.960+0000] {processor.py:840} INFO - DAG(s) '09_gcp_taxi_scheduled' retrieved from /opt/airflow/dags/dag_09_gcp_taxi_scheduled.py
[2026-06-16T14:13:09.015+0000] {logging_mixin.py:188} INFO - [2026-06-16T14:13:09.015+0000] {dag.py:3089} INFO - Sync 1 DAGs
[2026-06-16T14:13:09.074+0000] {processor.py:183} INFO - Processing /opt/airflow/dags/dag_09_gcp_taxi_scheduled.py took 0.143 seconds
[2026-06-16T14:13:39.206+0000] {processor.py:161} INFO - Started process (PID=9293) to work on /opt/airflow/dags/dag_09_gcp_taxi_scheduled.py
[2026-06-16T14:13:39.208+0000] {processor.py:830} INFO - Processing file /opt/airflow/dags/dag_09_gcp_taxi_scheduled.py for tasks to queue
[2026-06-16T14:13:39.211+0000] {logging_mixin.py:188} INFO - [2026-06-16T14:13:39.211+0000] {dagbag.py:545} INFO - Filling up the DagBag from /opt/airflow/dags/dag_09_gcp_taxi_scheduled.py
[2026-06-16T14:13:39.234+0000] {processor.py:840} INFO - DAG(s) '09_gcp_taxi_scheduled' retrieved from /opt/airflow/dags/dag_09_gcp_taxi_scheduled.py
[2026-06-16T14:13:39.286+0000] {logging_mixin.py:188} INFO - [2026-06-16T14:13:39.286+0000] {dag.py:3089} INFO - Sync 1 DAGs
[2026-06-16T14:13:39.331+0000] {processor.py:183} INFO - Processing /opt/airflow/dags/dag_09_gcp_taxi_scheduled.py took 0.136 seconds
[2026-06-16T14:14:09.491+0000] {processor.py:161} INFO - Started process (PID=9333) to work on /opt/airflow/dags/dag_09_gcp_taxi_scheduled.py
[2026-06-16T14:14:09.492+0000] {processor.py:830} INFO - Processing file /opt/airflow/dags/dag_09_gcp_taxi_scheduled.py for tasks to queue
[2026-06-16T14:14:09.494+0000] {logging_mixin.py:188} INFO - [2026-06-16T14:14:09.494+0000] {dagbag.py:545} INFO - Filling up the DagBag from /opt/airflow/dags/dag_09_gcp_taxi_scheduled.py
[2026-06-16T14:14:09.509+0000] {processor.py:840} INFO - DAG(s) '09_gcp_taxi_scheduled' retrieved from /opt/airflow/dags/dag_09_gcp_taxi_scheduled.py
[2026-06-16T14:14:09.557+0000] {logging_mixin.py:188} INFO - [2026-06-16T14:14:09.557+0000] {dag.py:3089} INFO - Sync 1 DAGs
[2026-06-16T14:14:09.606+0000] {processor.py:183} INFO - Processing /opt/airflow/dags/dag_09_gcp_taxi_scheduled.py took 0.123 seconds
[2026-06-16T14:14:39.769+0000] {processor.py:161} INFO - Started process (PID=9373) to work on /opt/airflow/dags/dag_09_gcp_taxi_scheduled.py
[2026-06-16T14:14:39.780+0000] {processor.py:830} INFO - Processing file /opt/airflow/dags/dag_09_gcp_taxi_scheduled.py for tasks to queue
[2026-06-16T14:14:39.782+0000] {logging_mixin.py:188} INFO - [2026-06-16T14:14:39.782+0000] {dagbag.py:545} INFO - Filling up the DagBag from /opt/airflow/dags/dag_09_gcp_taxi_scheduled.py
[2026-06-16T14:14:39.797+0000] {processor.py:840} INFO - DAG(s) '09_gcp_taxi_scheduled' retrieved from /opt/airflow/dags/dag_09_gcp_taxi_scheduled.py
[2026-06-16T14:14:39.839+0000] {logging_mixin.py:188} INFO - [2026-06-16T14:14:39.839+0000] {dag.py:3089} INFO - Sync 1 DAGs
[2026-06-16T14:14:39.885+0000] {processor.py:183} INFO - Processing /opt/airflow/dags/dag_09_gcp_taxi_scheduled.py took 0.123 seconds
[2026-06-16T14:15:10.001+0000] {processor.py:161} INFO - Started process (PID=9413) to work on /opt/airflow/dags/dag_09_gcp_taxi_scheduled.py
[2026-06-16T14:15:10.003+0000] {processor.py:830} INFO - Processing file /opt/airflow/dags/dag_09_gcp_taxi_scheduled.py for tasks to queue
[2026-06-16T14:15:10.005+0000] {logging_mixin.py:188} INFO - [2026-06-16T14:15:10.005+0000] {dagbag.py:545} INFO - Filling up the DagBag from /opt/airflow/dags/dag_09_gcp_taxi_scheduled.py
[2026-06-16T14:15:10.020+0000] {processor.py:840} INFO - DAG(s) '09_gcp_taxi_scheduled' retrieved from /opt/airflow/dags/dag_09_gcp_taxi_scheduled.py
[2026-06-16T14:15:10.062+0000] {logging_mixin.py:188} INFO - [2026-06-16T14:15:10.062+0000] {dag.py:3089} INFO - Sync 1 DAGs
[2026-06-16T14:15:10.110+0000] {processor.py:183} INFO - Processing /opt/airflow/dags/dag_09_gcp_taxi_scheduled.py took 0.116 seconds
[2026-06-16T14:15:40.963+0000] {processor.py:161} INFO - Started process (PID=9453) to work on /opt/airflow/dags/dag_09_gcp_taxi_scheduled.py
[2026-06-16T14:15:40.965+0000] {processor.py:830} INFO - Processing file /opt/airflow/dags/dag_09_gcp_taxi_scheduled.py for tasks to queue
[2026-06-16T14:15:40.967+0000] {logging_mixin.py:188} INFO - [2026-06-16T14:15:40.967+0000] {dagbag.py:545} INFO - Filling up the DagBag from /opt/airflow/dags/dag_09_gcp_taxi_scheduled.py
[2026-06-16T14:15:40.982+0000] {processor.py:840} INFO - DAG(s) '09_gcp_taxi_scheduled' retrieved from /opt/airflow/dags/dag_09_gcp_taxi_scheduled.py
[2026-06-16T14:15:41.024+0000] {logging_mixin.py:188} INFO - [2026-06-16T14:15:41.024+0000] {dag.py:3089} INFO - Sync 1 DAGs
[2026-06-16T14:15:41.067+0000] {processor.py:183} INFO - Processing /opt/airflow/dags/dag_09_gcp_taxi_scheduled.py took 0.111 seconds
[2026-06-16T14:16:11.835+0000] {processor.py:161} INFO - Started process (PID=9493) to work on /opt/airflow/dags/dag_09_gcp_taxi_scheduled.py
[2026-06-16T14:16:11.836+0000] {processor.py:830} INFO - Processing file /opt/airflow/dags/dag_09_gcp_taxi_scheduled.py for tasks to queue
[2026-06-16T14:16:11.838+0000] {logging_mixin.py:188} INFO - [2026-06-16T14:16:11.837+0000] {dagbag.py:545} INFO - Filling up the DagBag from /opt/airflow/dags/dag_09_gcp_taxi_scheduled.py
[2026-06-16T14:16:11.854+0000] {processor.py:840} INFO - DAG(s) '09_gcp_taxi_scheduled' retrieved from /opt/airflow/dags/dag_09_gcp_taxi_scheduled.py
[2026-06-16T14:16:11.899+0000] {logging_mixin.py:188} INFO - [2026-06-16T14:16:11.898+0000] {dag.py:3089} INFO - Sync 1 DAGs
[2026-06-16T14:16:11.953+0000] {processor.py:183} INFO - Processing /opt/airflow/dags/dag_09_gcp_taxi_scheduled.py took 0.127 seconds
[2026-06-16T14:16:42.060+0000] {processor.py:161} INFO - Started process (PID=9533) to work on /opt/airflow/dags/dag_09_gcp_taxi_scheduled.py
[2026-06-16T14:16:42.063+0000] {processor.py:830} INFO - Processing file /opt/airflow/dags/dag_09_gcp_taxi_scheduled.py for tasks to queue
[2026-06-16T14:16:42.065+0000] {logging_mixin.py:188} INFO - [2026-06-16T14:16:42.065+0000] {dagbag.py:545} INFO - Filling up the DagBag from /opt/airflow/dags/dag_09_gcp_taxi_scheduled.py
[2026-06-16T14:16:42.079+0000] {processor.py:840} INFO - DAG(s) '09_gcp_taxi_scheduled' retrieved from /opt/airflow/dags/dag_09_gcp_taxi_scheduled.py
[2026-06-16T14:16:42.123+0000] {logging_mixin.py:188} INFO - [2026-06-16T14:16:42.122+0000] {dag.py:3089} INFO - Sync 1 DAGs
[2026-06-16T14:16:42.167+0000] {processor.py:183} INFO - Processing /opt/airflow/dags/dag_09_gcp_taxi_scheduled.py took 0.113 seconds
[2026-06-16T14:17:12.260+0000] {processor.py:161} INFO - Started process (PID=9573) to work on /opt/airflow/dags/dag_09_gcp_taxi_scheduled.py
[2026-06-16T14:17:12.261+0000] {processor.py:830} INFO - Processing file /opt/airflow/dags/dag_09_gcp_taxi_scheduled.py for tasks to queue
[2026-06-16T14:17:12.263+0000] {logging_mixin.py:188} INFO - [2026-06-16T14:17:12.262+0000] {dagbag.py:545} INFO - Filling up the DagBag from /opt/airflow/dags/dag_09_gcp_taxi_scheduled.py
[2026-06-16T14:17:12.277+0000] {processor.py:840} INFO - DAG(s) '09_gcp_taxi_scheduled' retrieved from /opt/airflow/dags/dag_09_gcp_taxi_scheduled.py
[2026-06-16T14:17:12.321+0000] {logging_mixin.py:188} INFO - [2026-06-16T14:17:12.321+0000] {dag.py:3089} INFO - Sync 1 DAGs
[2026-06-16T14:17:12.374+0000] {processor.py:183} INFO - Processing /opt/airflow/dags/dag_09_gcp_taxi_scheduled.py took 0.121 seconds
[2026-06-16T14:17:42.484+0000] {processor.py:161} INFO - Started process (PID=9613) to work on /opt/airflow/dags/dag_09_gcp_taxi_scheduled.py
[2026-06-16T14:17:42.487+0000] {processor.py:830} INFO - Processing file /opt/airflow/dags/dag_09_gcp_taxi_scheduled.py for tasks to queue
[2026-06-16T14:17:42.489+0000] {logging_mixin.py:188} INFO - [2026-06-16T14:17:42.488+0000] {dagbag.py:545} INFO - Filling up the DagBag from /opt/airflow/dags/dag_09_gcp_taxi_scheduled.py
[2026-06-16T14:17:42.503+0000] {processor.py:840} INFO - DAG(s) '09_gcp_taxi_scheduled' retrieved from /opt/airflow/dags/dag_09_gcp_taxi_scheduled.py
[2026-06-16T14:17:42.556+0000] {logging_mixin.py:188} INFO - [2026-06-16T14:17:42.556+0000] {dag.py:3089} INFO - Sync 1 DAGs
[2026-06-16T14:17:42.612+0000] {processor.py:183} INFO - Processing /opt/airflow/dags/dag_09_gcp_taxi_scheduled.py took 0.135 seconds
[2026-06-16T14:18:12.705+0000] {processor.py:161} INFO - Started process (PID=9653) to work on /opt/airflow/dags/dag_09_gcp_taxi_scheduled.py
[2026-06-16T14:18:12.706+0000] {processor.py:830} INFO - Processing file /opt/airflow/dags/dag_09_gcp_taxi_scheduled.py for tasks to queue
[2026-06-16T14:18:12.708+0000] {logging_mixin.py:188} INFO - [2026-06-16T14:18:12.707+0000] {dagbag.py:545} INFO - Filling up the DagBag from /opt/airflow/dags/dag_09_gcp_taxi_scheduled.py
[2026-06-16T14:18:12.722+0000] {processor.py:840} INFO - DAG(s) '09_gcp_taxi_scheduled' retrieved from /opt/airflow/dags/dag_09_gcp_taxi_scheduled.py
[2026-06-16T14:18:12.767+0000] {logging_mixin.py:188} INFO - [2026-06-16T14:18:12.766+0000] {dag.py:3089} INFO - Sync 1 DAGs
[2026-06-16T14:18:12.816+0000] {processor.py:183} INFO - Processing /opt/airflow/dags/dag_09_gcp_taxi_scheduled.py took 0.118 seconds
[2026-06-16T14:18:42.980+0000] {processor.py:161} INFO - Started process (PID=9693) to work on /opt/airflow/dags/dag_09_gcp_taxi_scheduled.py
[2026-06-16T14:18:42.982+0000] {processor.py:830} INFO - Processing file /opt/airflow/dags/dag_09_gcp_taxi_scheduled.py for tasks to queue
[2026-06-16T14:18:42.984+0000] {logging_mixin.py:188} INFO - [2026-06-16T14:18:42.984+0000] {dagbag.py:545} INFO - Filling up the DagBag from /opt/airflow/dags/dag_09_gcp_taxi_scheduled.py
[2026-06-16T14:18:43.000+0000] {processor.py:840} INFO - DAG(s) '09_gcp_taxi_scheduled' retrieved from /opt/airflow/dags/dag_09_gcp_taxi_scheduled.py
[2026-06-16T14:18:43.044+0000] {logging_mixin.py:188} INFO - [2026-06-16T14:18:43.044+0000] {dag.py:3089} INFO - Sync 1 DAGs
[2026-06-16T14:18:43.091+0000] {processor.py:183} INFO - Processing /opt/airflow/dags/dag_09_gcp_taxi_scheduled.py took 0.119 seconds
[2026-06-16T14:19:14.030+0000] {processor.py:161} INFO - Started process (PID=9733) to work on /opt/airflow/dags/dag_09_gcp_taxi_scheduled.py
[2026-06-16T14:19:14.031+0000] {processor.py:830} INFO - Processing file /opt/airflow/dags/dag_09_gcp_taxi_scheduled.py for tasks to queue
[2026-06-16T14:19:14.033+0000] {logging_mixin.py:188} INFO - [2026-06-16T14:19:14.032+0000] {dagbag.py:545} INFO - Filling up the DagBag from /opt/airflow/dags/dag_09_gcp_taxi_scheduled.py
[2026-06-16T14:19:14.048+0000] {processor.py:840} INFO - DAG(s) '09_gcp_taxi_scheduled' retrieved from /opt/airflow/dags/dag_09_gcp_taxi_scheduled.py
[2026-06-16T14:19:14.088+0000] {logging_mixin.py:188} INFO - [2026-06-16T14:19:14.088+0000] {dag.py:3089} INFO - Sync 1 DAGs
[2026-06-16T14:19:14.135+0000] {processor.py:183} INFO - Processing /opt/airflow/dags/dag_09_gcp_taxi_scheduled.py took 0.112 seconds
[2026-06-16T14:19:45.158+0000] {processor.py:161} INFO - Started process (PID=9773) to work on /opt/airflow/dags/dag_09_gcp_taxi_scheduled.py
[2026-06-16T14:19:45.169+0000] {processor.py:830} INFO - Processing file /opt/airflow/dags/dag_09_gcp_taxi_scheduled.py for tasks to queue
[2026-06-16T14:19:45.171+0000] {logging_mixin.py:188} INFO - [2026-06-16T14:19:45.171+0000] {dagbag.py:545} INFO - Filling up the DagBag from /opt/airflow/dags/dag_09_gcp_taxi_scheduled.py
[2026-06-16T14:19:45.188+0000] {processor.py:840} INFO - DAG(s) '09_gcp_taxi_scheduled' retrieved from /opt/airflow/dags/dag_09_gcp_taxi_scheduled.py
[2026-06-16T14:19:45.230+0000] {logging_mixin.py:188} INFO - [2026-06-16T14:19:45.230+0000] {dag.py:3089} INFO - Sync 1 DAGs
[2026-06-16T14:19:45.275+0000] {processor.py:183} INFO - Processing /opt/airflow/dags/dag_09_gcp_taxi_scheduled.py took 0.123 seconds
[2026-06-16T14:20:15.370+0000] {processor.py:161} INFO - Started process (PID=9813) to work on /opt/airflow/dags/dag_09_gcp_taxi_scheduled.py
[2026-06-16T14:20:15.371+0000] {processor.py:830} INFO - Processing file /opt/airflow/dags/dag_09_gcp_taxi_scheduled.py for tasks to queue
[2026-06-16T14:20:15.373+0000] {logging_mixin.py:188} INFO - [2026-06-16T14:20:15.372+0000] {dagbag.py:545} INFO - Filling up the DagBag from /opt/airflow/dags/dag_09_gcp_taxi_scheduled.py
[2026-06-16T14:20:15.387+0000] {processor.py:840} INFO - DAG(s) '09_gcp_taxi_scheduled' retrieved from /opt/airflow/dags/dag_09_gcp_taxi_scheduled.py
[2026-06-16T14:20:15.428+0000] {logging_mixin.py:188} INFO - [2026-06-16T14:20:15.428+0000] {dag.py:3089} INFO - Sync 1 DAGs
[2026-06-16T14:20:15.472+0000] {processor.py:183} INFO - Processing /opt/airflow/dags/dag_09_gcp_taxi_scheduled.py took 0.109 seconds
[2026-06-16T14:20:45.562+0000] {processor.py:161} INFO - Started process (PID=9853) to work on /opt/airflow/dags/dag_09_gcp_taxi_scheduled.py
[2026-06-16T14:20:45.563+0000] {processor.py:830} INFO - Processing file /opt/airflow/dags/dag_09_gcp_taxi_scheduled.py for tasks to queue
[2026-06-16T14:20:45.565+0000] {logging_mixin.py:188} INFO - [2026-06-16T14:20:45.565+0000] {dagbag.py:545} INFO - Filling up the DagBag from /opt/airflow/dags/dag_09_gcp_taxi_scheduled.py
[2026-06-16T14:20:45.580+0000] {processor.py:840} INFO - DAG(s) '09_gcp_taxi_scheduled' retrieved from /opt/airflow/dags/dag_09_gcp_taxi_scheduled.py
[2026-06-16T14:20:45.622+0000] {logging_mixin.py:188} INFO - [2026-06-16T14:20:45.622+0000] {dag.py:3089} INFO - Sync 1 DAGs
[2026-06-16T14:20:45.669+0000] {processor.py:183} INFO - Processing /opt/airflow/dags/dag_09_gcp_taxi_scheduled.py took 0.114 seconds
[2026-06-16T14:21:15.871+0000] {processor.py:161} INFO - Started process (PID=9893) to work on /opt/airflow/dags/dag_09_gcp_taxi_scheduled.py
[2026-06-16T14:21:15.872+0000] {processor.py:830} INFO - Processing file /opt/airflow/dags/dag_09_gcp_taxi_scheduled.py for tasks to queue
[2026-06-16T14:21:15.874+0000] {logging_mixin.py:188} INFO - [2026-06-16T14:21:15.873+0000] {dagbag.py:545} INFO - Filling up the DagBag from /opt/airflow/dags/dag_09_gcp_taxi_scheduled.py
[2026-06-16T14:21:15.890+0000] {processor.py:840} INFO - DAG(s) '09_gcp_taxi_scheduled' retrieved from /opt/airflow/dags/dag_09_gcp_taxi_scheduled.py
[2026-06-16T14:21:15.931+0000] {logging_mixin.py:188} INFO - [2026-06-16T14:21:15.931+0000] {dag.py:3089} INFO - Sync 1 DAGs
[2026-06-16T14:21:15.977+0000] {processor.py:183} INFO - Processing /opt/airflow/dags/dag_09_gcp_taxi_scheduled.py took 0.113 seconds
[2026-06-16T14:21:46.076+0000] {processor.py:161} INFO - Started process (PID=9933) to work on /opt/airflow/dags/dag_09_gcp_taxi_scheduled.py
[2026-06-16T14:21:46.077+0000] {processor.py:830} INFO - Processing file /opt/airflow/dags/dag_09_gcp_taxi_scheduled.py for tasks to queue
[2026-06-16T14:21:46.079+0000] {logging_mixin.py:188} INFO - [2026-06-16T14:21:46.079+0000] {dagbag.py:545} INFO - Filling up the DagBag from /opt/airflow/dags/dag_09_gcp_taxi_scheduled.py
[2026-06-16T14:21:46.094+0000] {processor.py:840} INFO - DAG(s) '09_gcp_taxi_scheduled' retrieved from /opt/airflow/dags/dag_09_gcp_taxi_scheduled.py
[2026-06-16T14:21:46.135+0000] {logging_mixin.py:188} INFO - [2026-06-16T14:21:46.135+0000] {dag.py:3089} INFO - Sync 1 DAGs
[2026-06-16T14:21:46.181+0000] {processor.py:183} INFO - Processing /opt/airflow/dags/dag_09_gcp_taxi_scheduled.py took 0.112 seconds
[2026-06-16T14:22:16.228+0000] {processor.py:161} INFO - Started process (PID=9973) to work on /opt/airflow/dags/dag_09_gcp_taxi_scheduled.py
[2026-06-16T14:22:16.229+0000] {processor.py:830} INFO - Processing file /opt/airflow/dags/dag_09_gcp_taxi_scheduled.py for tasks to queue
[2026-06-16T14:22:16.231+0000] {logging_mixin.py:188} INFO - [2026-06-16T14:22:16.231+0000] {dagbag.py:545} INFO - Filling up the DagBag from /opt/airflow/dags/dag_09_gcp_taxi_scheduled.py
[2026-06-16T14:22:16.249+0000] {processor.py:840} INFO - DAG(s) '09_gcp_taxi_scheduled' retrieved from /opt/airflow/dags/dag_09_gcp_taxi_scheduled.py
[2026-06-16T14:22:16.294+0000] {logging_mixin.py:188} INFO - [2026-06-16T14:22:16.294+0000] {dag.py:3089} INFO - Sync 1 DAGs
[2026-06-16T14:22:16.342+0000] {processor.py:183} INFO - Processing /opt/airflow/dags/dag_09_gcp_taxi_scheduled.py took 0.123 seconds
[2026-06-16T14:22:47.235+0000] {processor.py:161} INFO - Started process (PID=10013) to work on /opt/airflow/dags/dag_09_gcp_taxi_scheduled.py
[2026-06-16T14:22:47.245+0000] {processor.py:830} INFO - Processing file /opt/airflow/dags/dag_09_gcp_taxi_scheduled.py for tasks to queue
[2026-06-16T14:22:47.247+0000] {logging_mixin.py:188} INFO - [2026-06-16T14:22:47.247+0000] {dagbag.py:545} INFO - Filling up the DagBag from /opt/airflow/dags/dag_09_gcp_taxi_scheduled.py
[2026-06-16T14:22:47.262+0000] {processor.py:840} INFO - DAG(s) '09_gcp_taxi_scheduled' retrieved from /opt/airflow/dags/dag_09_gcp_taxi_scheduled.py
[2026-06-16T14:22:47.302+0000] {logging_mixin.py:188} INFO - [2026-06-16T14:22:47.302+0000] {dag.py:3089} INFO - Sync 1 DAGs
[2026-06-16T14:22:47.349+0000] {processor.py:183} INFO - Processing /opt/airflow/dags/dag_09_gcp_taxi_scheduled.py took 0.120 seconds
[2026-06-16T14:23:17.474+0000] {processor.py:161} INFO - Started process (PID=10053) to work on /opt/airflow/dags/dag_09_gcp_taxi_scheduled.py
[2026-06-16T14:23:17.485+0000] {processor.py:830} INFO - Processing file /opt/airflow/dags/dag_09_gcp_taxi_scheduled.py for tasks to queue
[2026-06-16T14:23:17.487+0000] {logging_mixin.py:188} INFO - [2026-06-16T14:23:17.487+0000] {dagbag.py:545} INFO - Filling up the DagBag from /opt/airflow/dags/dag_09_gcp_taxi_scheduled.py
[2026-06-16T14:23:17.504+0000] {processor.py:840} INFO - DAG(s) '09_gcp_taxi_scheduled' retrieved from /opt/airflow/dags/dag_09_gcp_taxi_scheduled.py
[2026-06-16T14:23:17.557+0000] {logging_mixin.py:188} INFO - [2026-06-16T14:23:17.557+0000] {dag.py:3089} INFO - Sync 1 DAGs
[2026-06-16T14:23:17.608+0000] {processor.py:183} INFO - Processing /opt/airflow/dags/dag_09_gcp_taxi_scheduled.py took 0.143 seconds
[2026-06-16T14:23:48.483+0000] {processor.py:161} INFO - Started process (PID=10093) to work on /opt/airflow/dags/dag_09_gcp_taxi_scheduled.py
[2026-06-16T14:23:48.485+0000] {processor.py:830} INFO - Processing file /opt/airflow/dags/dag_09_gcp_taxi_scheduled.py for tasks to queue
[2026-06-16T14:23:48.487+0000] {logging_mixin.py:188} INFO - [2026-06-16T14:23:48.487+0000] {dagbag.py:545} INFO - Filling up the DagBag from /opt/airflow/dags/dag_09_gcp_taxi_scheduled.py
[2026-06-16T14:23:48.503+0000] {processor.py:840} INFO - DAG(s) '09_gcp_taxi_scheduled' retrieved from /opt/airflow/dags/dag_09_gcp_taxi_scheduled.py
[2026-06-16T14:23:48.549+0000] {logging_mixin.py:188} INFO - [2026-06-16T14:23:48.549+0000] {dag.py:3089} INFO - Sync 1 DAGs
[2026-06-16T14:23:48.599+0000] {processor.py:183} INFO - Processing /opt/airflow/dags/dag_09_gcp_taxi_scheduled.py took 0.124 seconds
[2026-06-16T14:24:19.614+0000] {processor.py:161} INFO - Started process (PID=10133) to work on /opt/airflow/dags/dag_09_gcp_taxi_scheduled.py
[2026-06-16T14:24:19.615+0000] {processor.py:830} INFO - Processing file /opt/airflow/dags/dag_09_gcp_taxi_scheduled.py for tasks to queue
[2026-06-16T14:24:19.617+0000] {logging_mixin.py:188} INFO - [2026-06-16T14:24:19.617+0000] {dagbag.py:545} INFO - Filling up the DagBag from /opt/airflow/dags/dag_09_gcp_taxi_scheduled.py
[2026-06-16T14:24:19.633+0000] {processor.py:840} INFO - DAG(s) '09_gcp_taxi_scheduled' retrieved from /opt/airflow/dags/dag_09_gcp_taxi_scheduled.py
[2026-06-16T14:24:19.688+0000] {logging_mixin.py:188} INFO - [2026-06-16T14:24:19.688+0000] {dag.py:3089} INFO - Sync 1 DAGs
[2026-06-16T14:24:19.741+0000] {processor.py:183} INFO - Processing /opt/airflow/dags/dag_09_gcp_taxi_scheduled.py took 0.137 seconds
[2026-06-16T14:24:50.768+0000] {processor.py:161} INFO - Started process (PID=10173) to work on /opt/airflow/dags/dag_09_gcp_taxi_scheduled.py
[2026-06-16T14:24:50.779+0000] {processor.py:830} INFO - Processing file /opt/airflow/dags/dag_09_gcp_taxi_scheduled.py for tasks to queue
[2026-06-16T14:24:50.781+0000] {logging_mixin.py:188} INFO - [2026-06-16T14:24:50.781+0000] {dagbag.py:545} INFO - Filling up the DagBag from /opt/airflow/dags/dag_09_gcp_taxi_scheduled.py
[2026-06-16T14:24:50.798+0000] {processor.py:840} INFO - DAG(s) '09_gcp_taxi_scheduled' retrieved from /opt/airflow/dags/dag_09_gcp_taxi_scheduled.py
[2026-06-16T14:24:50.843+0000] {logging_mixin.py:188} INFO - [2026-06-16T14:24:50.842+0000] {dag.py:3089} INFO - Sync 1 DAGs
[2026-06-16T14:24:50.893+0000] {processor.py:183} INFO - Processing /opt/airflow/dags/dag_09_gcp_taxi_scheduled.py took 0.135 seconds
[2026-06-16T14:25:21.804+0000] {processor.py:161} INFO - Started process (PID=10213) to work on /opt/airflow/dags/dag_09_gcp_taxi_scheduled.py
[2026-06-16T14:25:21.806+0000] {processor.py:830} INFO - Processing file /opt/airflow/dags/dag_09_gcp_taxi_scheduled.py for tasks to queue
[2026-06-16T14:25:21.809+0000] {logging_mixin.py:188} INFO - [2026-06-16T14:25:21.808+0000] {dagbag.py:545} INFO - Filling up the DagBag from /opt/airflow/dags/dag_09_gcp_taxi_scheduled.py
[2026-06-16T14:25:21.829+0000] {processor.py:840} INFO - DAG(s) '09_gcp_taxi_scheduled' retrieved from /opt/airflow/dags/dag_09_gcp_taxi_scheduled.py
[2026-06-16T14:25:21.879+0000] {logging_mixin.py:188} INFO - [2026-06-16T14:25:21.878+0000] {dag.py:3089} INFO - Sync 1 DAGs
[2026-06-16T14:25:21.932+0000] {processor.py:183} INFO - Processing /opt/airflow/dags/dag_09_gcp_taxi_scheduled.py took 0.138 seconds
[2026-06-16T14:25:52.783+0000] {processor.py:161} INFO - Started process (PID=10253) to work on /opt/airflow/dags/dag_09_gcp_taxi_scheduled.py
[2026-06-16T14:25:52.794+0000] {processor.py:830} INFO - Processing file /opt/airflow/dags/dag_09_gcp_taxi_scheduled.py for tasks to queue
[2026-06-16T14:25:52.797+0000] {logging_mixin.py:188} INFO - [2026-06-16T14:25:52.796+0000] {dagbag.py:545} INFO - Filling up the DagBag from /opt/airflow/dags/dag_09_gcp_taxi_scheduled.py
[2026-06-16T14:25:52.817+0000] {processor.py:840} INFO - DAG(s) '09_gcp_taxi_scheduled' retrieved from /opt/airflow/dags/dag_09_gcp_taxi_scheduled.py
[2026-06-16T14:25:52.865+0000] {logging_mixin.py:188} INFO - [2026-06-16T14:25:52.865+0000] {dag.py:3089} INFO - Sync 1 DAGs
[2026-06-16T14:25:52.918+0000] {processor.py:183} INFO - Processing /opt/airflow/dags/dag_09_gcp_taxi_scheduled.py took 0.147 seconds
[2026-06-16T14:26:23.015+0000] {processor.py:161} INFO - Started process (PID=10293) to work on /opt/airflow/dags/dag_09_gcp_taxi_scheduled.py
[2026-06-16T14:26:23.017+0000] {processor.py:830} INFO - Processing file /opt/airflow/dags/dag_09_gcp_taxi_scheduled.py for tasks to queue
[2026-06-16T14:26:23.019+0000] {logging_mixin.py:188} INFO - [2026-06-16T14:26:23.019+0000] {dagbag.py:545} INFO - Filling up the DagBag from /opt/airflow/dags/dag_09_gcp_taxi_scheduled.py
[2026-06-16T14:26:23.037+0000] {processor.py:840} INFO - DAG(s) '09_gcp_taxi_scheduled' retrieved from /opt/airflow/dags/dag_09_gcp_taxi_scheduled.py
[2026-06-16T14:26:23.085+0000] {logging_mixin.py:188} INFO - [2026-06-16T14:26:23.085+0000] {dag.py:3089} INFO - Sync 1 DAGs
[2026-06-16T14:26:23.140+0000] {processor.py:183} INFO - Processing /opt/airflow/dags/dag_09_gcp_taxi_scheduled.py took 0.134 seconds
[2026-06-16T14:26:53.210+0000] {processor.py:161} INFO - Started process (PID=10333) to work on /opt/airflow/dags/dag_09_gcp_taxi_scheduled.py
[2026-06-16T14:26:53.212+0000] {processor.py:830} INFO - Processing file /opt/airflow/dags/dag_09_gcp_taxi_scheduled.py for tasks to queue
[2026-06-16T14:26:53.213+0000] {logging_mixin.py:188} INFO - [2026-06-16T14:26:53.213+0000] {dagbag.py:545} INFO - Filling up the DagBag from /opt/airflow/dags/dag_09_gcp_taxi_scheduled.py
[2026-06-16T14:26:53.230+0000] {processor.py:840} INFO - DAG(s) '09_gcp_taxi_scheduled' retrieved from /opt/airflow/dags/dag_09_gcp_taxi_scheduled.py
[2026-06-16T14:26:53.276+0000] {logging_mixin.py:188} INFO - [2026-06-16T14:26:53.276+0000] {dag.py:3089} INFO - Sync 1 DAGs
[2026-06-16T14:26:53.326+0000] {processor.py:183} INFO - Processing /opt/airflow/dags/dag_09_gcp_taxi_scheduled.py took 0.124 seconds
[2026-06-16T14:27:23.453+0000] {processor.py:161} INFO - Started process (PID=10373) to work on /opt/airflow/dags/dag_09_gcp_taxi_scheduled.py
[2026-06-16T14:27:23.463+0000] {processor.py:830} INFO - Processing file /opt/airflow/dags/dag_09_gcp_taxi_scheduled.py for tasks to queue
[2026-06-16T14:27:23.465+0000] {logging_mixin.py:188} INFO - [2026-06-16T14:27:23.465+0000] {dagbag.py:545} INFO - Filling up the DagBag from /opt/airflow/dags/dag_09_gcp_taxi_scheduled.py
[2026-06-16T14:27:23.482+0000] {processor.py:840} INFO - DAG(s) '09_gcp_taxi_scheduled' retrieved from /opt/airflow/dags/dag_09_gcp_taxi_scheduled.py
[2026-06-16T14:27:23.527+0000] {logging_mixin.py:188} INFO - [2026-06-16T14:27:23.526+0000] {dag.py:3089} INFO - Sync 1 DAGs
[2026-06-16T14:27:23.579+0000] {processor.py:183} INFO - Processing /opt/airflow/dags/dag_09_gcp_taxi_scheduled.py took 0.134 seconds
[2026-06-16T14:27:53.678+0000] {processor.py:161} INFO - Started process (PID=10413) to work on /opt/airflow/dags/dag_09_gcp_taxi_scheduled.py
[2026-06-16T14:27:53.679+0000] {processor.py:830} INFO - Processing file /opt/airflow/dags/dag_09_gcp_taxi_scheduled.py for tasks to queue
[2026-06-16T14:27:53.681+0000] {logging_mixin.py:188} INFO - [2026-06-16T14:27:53.680+0000] {dagbag.py:545} INFO - Filling up the DagBag from /opt/airflow/dags/dag_09_gcp_taxi_scheduled.py
[2026-06-16T14:27:53.697+0000] {processor.py:840} INFO - DAG(s) '09_gcp_taxi_scheduled' retrieved from /opt/airflow/dags/dag_09_gcp_taxi_scheduled.py
[2026-06-16T14:27:53.744+0000] {logging_mixin.py:188} INFO - [2026-06-16T14:27:53.744+0000] {dag.py:3089} INFO - Sync 1 DAGs
[2026-06-16T14:27:53.797+0000] {processor.py:183} INFO - Processing /opt/airflow/dags/dag_09_gcp_taxi_scheduled.py took 0.128 seconds
[2026-06-16T14:28:23.925+0000] {processor.py:161} INFO - Started process (PID=10453) to work on /opt/airflow/dags/dag_09_gcp_taxi_scheduled.py
[2026-06-16T14:28:23.935+0000] {processor.py:830} INFO - Processing file /opt/airflow/dags/dag_09_gcp_taxi_scheduled.py for tasks to queue
[2026-06-16T14:28:23.937+0000] {logging_mixin.py:188} INFO - [2026-06-16T14:28:23.937+0000] {dagbag.py:545} INFO - Filling up the DagBag from /opt/airflow/dags/dag_09_gcp_taxi_scheduled.py
[2026-06-16T14:28:23.953+0000] {processor.py:840} INFO - DAG(s) '09_gcp_taxi_scheduled' retrieved from /opt/airflow/dags/dag_09_gcp_taxi_scheduled.py
[2026-06-16T14:28:24.005+0000] {logging_mixin.py:188} INFO - [2026-06-16T14:28:24.004+0000] {dag.py:3089} INFO - Sync 1 DAGs
[2026-06-16T14:28:24.059+0000] {processor.py:183} INFO - Processing /opt/airflow/dags/dag_09_gcp_taxi_scheduled.py took 0.142 seconds
[2026-06-16T14:28:54.134+0000] {processor.py:161} INFO - Started process (PID=10493) to work on /opt/airflow/dags/dag_09_gcp_taxi_scheduled.py
[2026-06-16T14:28:54.135+0000] {processor.py:830} INFO - Processing file /opt/airflow/dags/dag_09_gcp_taxi_scheduled.py for tasks to queue
[2026-06-16T14:28:54.137+0000] {logging_mixin.py:188} INFO - [2026-06-16T14:28:54.137+0000] {dagbag.py:545} INFO - Filling up the DagBag from /opt/airflow/dags/dag_09_gcp_taxi_scheduled.py
[2026-06-16T14:28:54.153+0000] {processor.py:840} INFO - DAG(s) '09_gcp_taxi_scheduled' retrieved from /opt/airflow/dags/dag_09_gcp_taxi_scheduled.py
[2026-06-16T14:28:54.198+0000] {logging_mixin.py:188} INFO - [2026-06-16T14:28:54.197+0000] {dag.py:3089} INFO - Sync 1 DAGs
[2026-06-16T14:28:54.248+0000] {processor.py:183} INFO - Processing /opt/airflow/dags/dag_09_gcp_taxi_scheduled.py took 0.125 seconds
[2026-06-16T14:29:25.278+0000] {processor.py:161} INFO - Started process (PID=10533) to work on /opt/airflow/dags/dag_09_gcp_taxi_scheduled.py
[2026-06-16T14:29:25.289+0000] {processor.py:830} INFO - Processing file /opt/airflow/dags/dag_09_gcp_taxi_scheduled.py for tasks to queue
[2026-06-16T14:29:25.291+0000] {logging_mixin.py:188} INFO - [2026-06-16T14:29:25.291+0000] {dagbag.py:545} INFO - Filling up the DagBag from /opt/airflow/dags/dag_09_gcp_taxi_scheduled.py
[2026-06-16T14:29:25.308+0000] {processor.py:840} INFO - DAG(s) '09_gcp_taxi_scheduled' retrieved from /opt/airflow/dags/dag_09_gcp_taxi_scheduled.py
[2026-06-16T14:29:25.354+0000] {logging_mixin.py:188} INFO - [2026-06-16T14:29:25.354+0000] {dag.py:3089} INFO - Sync 1 DAGs
[2026-06-16T14:29:25.404+0000] {processor.py:183} INFO - Processing /opt/airflow/dags/dag_09_gcp_taxi_scheduled.py took 0.136 seconds
[2026-06-16T14:29:55.483+0000] {processor.py:161} INFO - Started process (PID=10573) to work on /opt/airflow/dags/dag_09_gcp_taxi_scheduled.py
[2026-06-16T14:29:55.484+0000] {processor.py:830} INFO - Processing file /opt/airflow/dags/dag_09_gcp_taxi_scheduled.py for tasks to queue
[2026-06-16T14:29:55.486+0000] {logging_mixin.py:188} INFO - [2026-06-16T14:29:55.485+0000] {dagbag.py:545} INFO - Filling up the DagBag from /opt/airflow/dags/dag_09_gcp_taxi_scheduled.py
[2026-06-16T14:29:55.501+0000] {processor.py:840} INFO - DAG(s) '09_gcp_taxi_scheduled' retrieved from /opt/airflow/dags/dag_09_gcp_taxi_scheduled.py
[2026-06-16T14:29:55.549+0000] {logging_mixin.py:188} INFO - [2026-06-16T14:29:55.549+0000] {dag.py:3089} INFO - Sync 1 DAGs
[2026-06-16T14:29:55.601+0000] {processor.py:183} INFO - Processing /opt/airflow/dags/dag_09_gcp_taxi_scheduled.py took 0.128 seconds
[2026-06-16T14:30:25.678+0000] {processor.py:161} INFO - Started process (PID=10613) to work on /opt/airflow/dags/dag_09_gcp_taxi_scheduled.py
[2026-06-16T14:30:25.689+0000] {processor.py:830} INFO - Processing file /opt/airflow/dags/dag_09_gcp_taxi_scheduled.py for tasks to queue
[2026-06-16T14:30:25.691+0000] {logging_mixin.py:188} INFO - [2026-06-16T14:30:25.690+0000] {dagbag.py:545} INFO - Filling up the DagBag from /opt/airflow/dags/dag_09_gcp_taxi_scheduled.py
[2026-06-16T14:30:25.707+0000] {processor.py:840} INFO - DAG(s) '09_gcp_taxi_scheduled' retrieved from /opt/airflow/dags/dag_09_gcp_taxi_scheduled.py
[2026-06-16T14:30:25.757+0000] {logging_mixin.py:188} INFO - [2026-06-16T14:30:25.757+0000] {dag.py:3089} INFO - Sync 1 DAGs
[2026-06-16T14:30:25.828+0000] {processor.py:183} INFO - Processing /opt/airflow/dags/dag_09_gcp_taxi_scheduled.py took 0.159 seconds
[2026-06-16T14:30:56.457+0000] {processor.py:161} INFO - Started process (PID=10653) to work on /opt/airflow/dags/dag_09_gcp_taxi_scheduled.py
[2026-06-16T14:30:56.458+0000] {processor.py:830} INFO - Processing file /opt/airflow/dags/dag_09_gcp_taxi_scheduled.py for tasks to queue
[2026-06-16T14:30:56.460+0000] {logging_mixin.py:188} INFO - [2026-06-16T14:30:56.460+0000] {dagbag.py:545} INFO - Filling up the DagBag from /opt/airflow/dags/dag_09_gcp_taxi_scheduled.py
[2026-06-16T14:30:56.476+0000] {processor.py:840} INFO - DAG(s) '09_gcp_taxi_scheduled' retrieved from /opt/airflow/dags/dag_09_gcp_taxi_scheduled.py
[2026-06-16T14:30:56.528+0000] {logging_mixin.py:188} INFO - [2026-06-16T14:30:56.527+0000] {dag.py:3089} INFO - Sync 1 DAGs
[2026-06-16T14:30:56.586+0000] {processor.py:183} INFO - Processing /opt/airflow/dags/dag_09_gcp_taxi_scheduled.py took 0.138 seconds
[2026-06-16T14:31:27.451+0000] {processor.py:161} INFO - Started process (PID=10693) to work on /opt/airflow/dags/dag_09_gcp_taxi_scheduled.py
[2026-06-16T14:31:27.460+0000] {processor.py:830} INFO - Processing file /opt/airflow/dags/dag_09_gcp_taxi_scheduled.py for tasks to queue
[2026-06-16T14:31:27.462+0000] {logging_mixin.py:188} INFO - [2026-06-16T14:31:27.462+0000] {dagbag.py:545} INFO - Filling up the DagBag from /opt/airflow/dags/dag_09_gcp_taxi_scheduled.py
[2026-06-16T14:31:27.479+0000] {processor.py:840} INFO - DAG(s) '09_gcp_taxi_scheduled' retrieved from /opt/airflow/dags/dag_09_gcp_taxi_scheduled.py
[2026-06-16T14:31:27.529+0000] {logging_mixin.py:188} INFO - [2026-06-16T14:31:27.529+0000] {dag.py:3089} INFO - Sync 1 DAGs
[2026-06-16T14:31:27.585+0000] {processor.py:183} INFO - Processing /opt/airflow/dags/dag_09_gcp_taxi_scheduled.py took 0.143 seconds
[2026-06-16T14:31:58.423+0000] {processor.py:161} INFO - Started process (PID=10733) to work on /opt/airflow/dags/dag_09_gcp_taxi_scheduled.py
[2026-06-16T14:31:58.424+0000] {processor.py:830} INFO - Processing file /opt/airflow/dags/dag_09_gcp_taxi_scheduled.py for tasks to queue
[2026-06-16T14:31:58.426+0000] {logging_mixin.py:188} INFO - [2026-06-16T14:31:58.426+0000] {dagbag.py:545} INFO - Filling up the DagBag from /opt/airflow/dags/dag_09_gcp_taxi_scheduled.py
[2026-06-16T14:31:58.445+0000] {processor.py:840} INFO - DAG(s) '09_gcp_taxi_scheduled' retrieved from /opt/airflow/dags/dag_09_gcp_taxi_scheduled.py
[2026-06-16T14:31:58.494+0000] {logging_mixin.py:188} INFO - [2026-06-16T14:31:58.494+0000] {dag.py:3089} INFO - Sync 1 DAGs
[2026-06-16T14:31:58.550+0000] {processor.py:183} INFO - Processing /opt/airflow/dags/dag_09_gcp_taxi_scheduled.py took 0.137 seconds
[2026-06-16T14:32:29.357+0000] {processor.py:161} INFO - Started process (PID=10773) to work on /opt/airflow/dags/dag_09_gcp_taxi_scheduled.py
[2026-06-16T14:32:29.368+0000] {processor.py:830} INFO - Processing file /opt/airflow/dags/dag_09_gcp_taxi_scheduled.py for tasks to queue
[2026-06-16T14:32:29.370+0000] {logging_mixin.py:188} INFO - [2026-06-16T14:32:29.370+0000] {dagbag.py:545} INFO - Filling up the DagBag from /opt/airflow/dags/dag_09_gcp_taxi_scheduled.py
[2026-06-16T14:32:29.387+0000] {processor.py:840} INFO - DAG(s) '09_gcp_taxi_scheduled' retrieved from /opt/airflow/dags/dag_09_gcp_taxi_scheduled.py
[2026-06-16T14:32:29.431+0000] {logging_mixin.py:188} INFO - [2026-06-16T14:32:29.431+0000] {dag.py:3089} INFO - Sync 1 DAGs
[2026-06-16T14:32:29.479+0000] {processor.py:183} INFO - Processing /opt/airflow/dags/dag_09_gcp_taxi_scheduled.py took 0.131 seconds
[2026-06-16T14:33:00.489+0000] {processor.py:161} INFO - Started process (PID=10813) to work on /opt/airflow/dags/dag_09_gcp_taxi_scheduled.py
[2026-06-16T14:33:00.490+0000] {processor.py:830} INFO - Processing file /opt/airflow/dags/dag_09_gcp_taxi_scheduled.py for tasks to queue
[2026-06-16T14:33:00.492+0000] {logging_mixin.py:188} INFO - [2026-06-16T14:33:00.491+0000] {dagbag.py:545} INFO - Filling up the DagBag from /opt/airflow/dags/dag_09_gcp_taxi_scheduled.py
[2026-06-16T14:33:00.507+0000] {processor.py:840} INFO - DAG(s) '09_gcp_taxi_scheduled' retrieved from /opt/airflow/dags/dag_09_gcp_taxi_scheduled.py
[2026-06-16T14:33:00.553+0000] {logging_mixin.py:188} INFO - [2026-06-16T14:33:00.553+0000] {dag.py:3089} INFO - Sync 1 DAGs
[2026-06-16T14:33:00.605+0000] {processor.py:183} INFO - Processing /opt/airflow/dags/dag_09_gcp_taxi_scheduled.py took 0.128 seconds
[2026-06-16T14:33:30.733+0000] {processor.py:161} INFO - Started process (PID=10853) to work on /opt/airflow/dags/dag_09_gcp_taxi_scheduled.py
[2026-06-16T14:33:30.743+0000] {processor.py:830} INFO - Processing file /opt/airflow/dags/dag_09_gcp_taxi_scheduled.py for tasks to queue
[2026-06-16T14:33:30.745+0000] {logging_mixin.py:188} INFO - [2026-06-16T14:33:30.745+0000] {dagbag.py:545} INFO - Filling up the DagBag from /opt/airflow/dags/dag_09_gcp_taxi_scheduled.py
[2026-06-16T14:33:30.761+0000] {processor.py:840} INFO - DAG(s) '09_gcp_taxi_scheduled' retrieved from /opt/airflow/dags/dag_09_gcp_taxi_scheduled.py
[2026-06-16T14:33:30.806+0000] {logging_mixin.py:188} INFO - [2026-06-16T14:33:30.806+0000] {dag.py:3089} INFO - Sync 1 DAGs
[2026-06-16T14:33:30.862+0000] {processor.py:183} INFO - Processing /opt/airflow/dags/dag_09_gcp_taxi_scheduled.py took 0.138 seconds
[2026-06-16T14:34:00.925+0000] {processor.py:161} INFO - Started process (PID=10893) to work on /opt/airflow/dags/dag_09_gcp_taxi_scheduled.py
[2026-06-16T14:34:00.927+0000] {processor.py:830} INFO - Processing file /opt/airflow/dags/dag_09_gcp_taxi_scheduled.py for tasks to queue
[2026-06-16T14:34:00.929+0000] {logging_mixin.py:188} INFO - [2026-06-16T14:34:00.928+0000] {dagbag.py:545} INFO - Filling up the DagBag from /opt/airflow/dags/dag_09_gcp_taxi_scheduled.py
[2026-06-16T14:34:00.947+0000] {processor.py:840} INFO - DAG(s) '09_gcp_taxi_scheduled' retrieved from /opt/airflow/dags/dag_09_gcp_taxi_scheduled.py
[2026-06-16T14:34:01.000+0000] {logging_mixin.py:188} INFO - [2026-06-16T14:34:01.000+0000] {dag.py:3089} INFO - Sync 1 DAGs
[2026-06-16T14:34:01.055+0000] {processor.py:183} INFO - Processing /opt/airflow/dags/dag_09_gcp_taxi_scheduled.py took 0.141 seconds
[2026-06-16T14:34:31.134+0000] {processor.py:161} INFO - Started process (PID=10933) to work on /opt/airflow/dags/dag_09_gcp_taxi_scheduled.py
[2026-06-16T14:34:31.136+0000] {processor.py:830} INFO - Processing file /opt/airflow/dags/dag_09_gcp_taxi_scheduled.py for tasks to queue
[2026-06-16T14:34:31.138+0000] {logging_mixin.py:188} INFO - [2026-06-16T14:34:31.138+0000] {dagbag.py:545} INFO - Filling up the DagBag from /opt/airflow/dags/dag_09_gcp_taxi_scheduled.py
[2026-06-16T14:34:31.154+0000] {processor.py:840} INFO - DAG(s) '09_gcp_taxi_scheduled' retrieved from /opt/airflow/dags/dag_09_gcp_taxi_scheduled.py
[2026-06-16T14:34:31.200+0000] {logging_mixin.py:188} INFO - [2026-06-16T14:34:31.200+0000] {dag.py:3089} INFO - Sync 1 DAGs
[2026-06-16T14:34:31.249+0000] {processor.py:183} INFO - Processing /opt/airflow/dags/dag_09_gcp_taxi_scheduled.py took 0.123 seconds
[2026-06-16T14:35:01.351+0000] {processor.py:161} INFO - Started process (PID=10973) to work on /opt/airflow/dags/dag_09_gcp_taxi_scheduled.py
[2026-06-16T14:35:01.352+0000] {processor.py:830} INFO - Processing file /opt/airflow/dags/dag_09_gcp_taxi_scheduled.py for tasks to queue
[2026-06-16T14:35:01.354+0000] {logging_mixin.py:188} INFO - [2026-06-16T14:35:01.354+0000] {dagbag.py:545} INFO - Filling up the DagBag from /opt/airflow/dags/dag_09_gcp_taxi_scheduled.py
[2026-06-16T14:35:01.371+0000] {processor.py:840} INFO - DAG(s) '09_gcp_taxi_scheduled' retrieved from /opt/airflow/dags/dag_09_gcp_taxi_scheduled.py
[2026-06-16T14:35:01.423+0000] {logging_mixin.py:188} INFO - [2026-06-16T14:35:01.422+0000] {dag.py:3089} INFO - Sync 1 DAGs
[2026-06-16T14:35:01.479+0000] {processor.py:183} INFO - Processing /opt/airflow/dags/dag_09_gcp_taxi_scheduled.py took 0.136 seconds
[2026-06-16T14:35:31.570+0000] {processor.py:161} INFO - Started process (PID=11013) to work on /opt/airflow/dags/dag_09_gcp_taxi_scheduled.py
[2026-06-16T14:35:31.581+0000] {processor.py:830} INFO - Processing file /opt/airflow/dags/dag_09_gcp_taxi_scheduled.py for tasks to queue
[2026-06-16T14:35:31.583+0000] {logging_mixin.py:188} INFO - [2026-06-16T14:35:31.583+0000] {dagbag.py:545} INFO - Filling up the DagBag from /opt/airflow/dags/dag_09_gcp_taxi_scheduled.py
[2026-06-16T14:35:31.600+0000] {processor.py:840} INFO - DAG(s) '09_gcp_taxi_scheduled' retrieved from /opt/airflow/dags/dag_09_gcp_taxi_scheduled.py
[2026-06-16T14:35:31.646+0000] {logging_mixin.py:188} INFO - [2026-06-16T14:35:31.645+0000] {dag.py:3089} INFO - Sync 1 DAGs
[2026-06-16T14:35:31.696+0000] {processor.py:183} INFO - Processing /opt/airflow/dags/dag_09_gcp_taxi_scheduled.py took 0.134 seconds
[2026-06-16T14:36:01.792+0000] {processor.py:161} INFO - Started process (PID=11053) to work on /opt/airflow/dags/dag_09_gcp_taxi_scheduled.py
[2026-06-16T14:36:01.793+0000] {processor.py:830} INFO - Processing file /opt/airflow/dags/dag_09_gcp_taxi_scheduled.py for tasks to queue
[2026-06-16T14:36:01.795+0000] {logging_mixin.py:188} INFO - [2026-06-16T14:36:01.795+0000] {dagbag.py:545} INFO - Filling up the DagBag from /opt/airflow/dags/dag_09_gcp_taxi_scheduled.py
[2026-06-16T14:36:01.811+0000] {processor.py:840} INFO - DAG(s) '09_gcp_taxi_scheduled' retrieved from /opt/airflow/dags/dag_09_gcp_taxi_scheduled.py
[2026-06-16T14:36:01.865+0000] {logging_mixin.py:188} INFO - [2026-06-16T14:36:01.865+0000] {dag.py:3089} INFO - Sync 1 DAGs
[2026-06-16T14:36:01.922+0000] {processor.py:183} INFO - Processing /opt/airflow/dags/dag_09_gcp_taxi_scheduled.py took 0.140 seconds
[2026-06-16T14:36:31.983+0000] {processor.py:161} INFO - Started process (PID=11093) to work on /opt/airflow/dags/dag_09_gcp_taxi_scheduled.py
[2026-06-16T14:36:31.994+0000] {processor.py:830} INFO - Processing file /opt/airflow/dags/dag_09_gcp_taxi_scheduled.py for tasks to queue
[2026-06-16T14:36:31.996+0000] {logging_mixin.py:188} INFO - [2026-06-16T14:36:31.996+0000] {dagbag.py:545} INFO - Filling up the DagBag from /opt/airflow/dags/dag_09_gcp_taxi_scheduled.py
[2026-06-16T14:36:32.015+0000] {processor.py:840} INFO - DAG(s) '09_gcp_taxi_scheduled' retrieved from /opt/airflow/dags/dag_09_gcp_taxi_scheduled.py
[2026-06-16T14:36:32.065+0000] {logging_mixin.py:188} INFO - [2026-06-16T14:36:32.065+0000] {dag.py:3089} INFO - Sync 1 DAGs
[2026-06-16T14:36:32.116+0000] {processor.py:183} INFO - Processing /opt/airflow/dags/dag_09_gcp_taxi_scheduled.py took 0.143 seconds
[2026-06-16T14:37:02.204+0000] {processor.py:161} INFO - Started process (PID=11133) to work on /opt/airflow/dags/dag_09_gcp_taxi_scheduled.py
[2026-06-16T14:37:02.205+0000] {processor.py:830} INFO - Processing file /opt/airflow/dags/dag_09_gcp_taxi_scheduled.py for tasks to queue
[2026-06-16T14:37:02.208+0000] {logging_mixin.py:188} INFO - [2026-06-16T14:37:02.207+0000] {dagbag.py:545} INFO - Filling up the DagBag from /opt/airflow/dags/dag_09_gcp_taxi_scheduled.py
[2026-06-16T14:37:02.235+0000] {processor.py:840} INFO - DAG(s) '09_gcp_taxi_scheduled' retrieved from /opt/airflow/dags/dag_09_gcp_taxi_scheduled.py
[2026-06-16T14:37:02.284+0000] {logging_mixin.py:188} INFO - [2026-06-16T14:37:02.284+0000] {dag.py:3089} INFO - Sync 1 DAGs
[2026-06-16T14:37:02.480+0000] {processor.py:183} INFO - Processing /opt/airflow/dags/dag_09_gcp_taxi_scheduled.py took 0.287 seconds
[2026-06-16T14:37:32.530+0000] {processor.py:161} INFO - Started process (PID=11178) to work on /opt/airflow/dags/dag_09_gcp_taxi_scheduled.py
[2026-06-16T14:37:32.532+0000] {processor.py:830} INFO - Processing file /opt/airflow/dags/dag_09_gcp_taxi_scheduled.py for tasks to queue
[2026-06-16T14:37:32.534+0000] {logging_mixin.py:188} INFO - [2026-06-16T14:37:32.534+0000] {dagbag.py:545} INFO - Filling up the DagBag from /opt/airflow/dags/dag_09_gcp_taxi_scheduled.py
[2026-06-16T14:37:32.556+0000] {processor.py:840} INFO - DAG(s) '09_gcp_taxi_scheduled' retrieved from /opt/airflow/dags/dag_09_gcp_taxi_scheduled.py
[2026-06-16T14:37:32.607+0000] {logging_mixin.py:188} INFO - [2026-06-16T14:37:32.606+0000] {dag.py:3089} INFO - Sync 1 DAGs
[2026-06-16T14:37:32.652+0000] {processor.py:183} INFO - Processing /opt/airflow/dags/dag_09_gcp_taxi_scheduled.py took 0.131 seconds
[2026-06-16T14:38:02.713+0000] {processor.py:161} INFO - Started process (PID=11218) to work on /opt/airflow/dags/dag_09_gcp_taxi_scheduled.py
[2026-06-16T14:38:02.714+0000] {processor.py:830} INFO - Processing file /opt/airflow/dags/dag_09_gcp_taxi_scheduled.py for tasks to queue
[2026-06-16T14:38:02.716+0000] {logging_mixin.py:188} INFO - [2026-06-16T14:38:02.716+0000] {dagbag.py:545} INFO - Filling up the DagBag from /opt/airflow/dags/dag_09_gcp_taxi_scheduled.py
[2026-06-16T14:38:02.731+0000] {processor.py:840} INFO - DAG(s) '09_gcp_taxi_scheduled' retrieved from /opt/airflow/dags/dag_09_gcp_taxi_scheduled.py
[2026-06-16T14:38:02.782+0000] {logging_mixin.py:188} INFO - [2026-06-16T14:38:02.782+0000] {dag.py:3089} INFO - Sync 1 DAGs
[2026-06-16T14:38:02.845+0000] {processor.py:183} INFO - Processing /opt/airflow/dags/dag_09_gcp_taxi_scheduled.py took 0.139 seconds
[2026-06-16T14:38:33.295+0000] {processor.py:161} INFO - Started process (PID=11253) to work on /opt/airflow/dags/dag_09_gcp_taxi_scheduled.py
[2026-06-16T14:38:33.297+0000] {processor.py:830} INFO - Processing file /opt/airflow/dags/dag_09_gcp_taxi_scheduled.py for tasks to queue
[2026-06-16T14:38:33.299+0000] {logging_mixin.py:188} INFO - [2026-06-16T14:38:33.298+0000] {dagbag.py:545} INFO - Filling up the DagBag from /opt/airflow/dags/dag_09_gcp_taxi_scheduled.py
[2026-06-16T14:38:33.315+0000] {processor.py:840} INFO - DAG(s) '09_gcp_taxi_scheduled' retrieved from /opt/airflow/dags/dag_09_gcp_taxi_scheduled.py
[2026-06-16T14:38:33.361+0000] {logging_mixin.py:188} INFO - [2026-06-16T14:38:33.361+0000] {dag.py:3089} INFO - Sync 1 DAGs
[2026-06-16T14:38:33.411+0000] {processor.py:183} INFO - Processing /opt/airflow/dags/dag_09_gcp_taxi_scheduled.py took 0.125 seconds
[2026-06-16T14:39:04.444+0000] {processor.py:161} INFO - Started process (PID=11293) to work on /opt/airflow/dags/dag_09_gcp_taxi_scheduled.py
[2026-06-16T14:39:04.445+0000] {processor.py:830} INFO - Processing file /opt/airflow/dags/dag_09_gcp_taxi_scheduled.py for tasks to queue
[2026-06-16T14:39:04.447+0000] {logging_mixin.py:188} INFO - [2026-06-16T14:39:04.447+0000] {dagbag.py:545} INFO - Filling up the DagBag from /opt/airflow/dags/dag_09_gcp_taxi_scheduled.py
[2026-06-16T14:39:04.463+0000] {processor.py:840} INFO - DAG(s) '09_gcp_taxi_scheduled' retrieved from /opt/airflow/dags/dag_09_gcp_taxi_scheduled.py
[2026-06-16T14:39:04.508+0000] {logging_mixin.py:188} INFO - [2026-06-16T14:39:04.508+0000] {dag.py:3089} INFO - Sync 1 DAGs
[2026-06-16T14:39:04.560+0000] {processor.py:183} INFO - Processing /opt/airflow/dags/dag_09_gcp_taxi_scheduled.py took 0.129 seconds
[2026-06-16T14:39:34.684+0000] {processor.py:161} INFO - Started process (PID=11333) to work on /opt/airflow/dags/dag_09_gcp_taxi_scheduled.py
[2026-06-16T14:39:34.695+0000] {processor.py:830} INFO - Processing file /opt/airflow/dags/dag_09_gcp_taxi_scheduled.py for tasks to queue
[2026-06-16T14:39:34.697+0000] {logging_mixin.py:188} INFO - [2026-06-16T14:39:34.697+0000] {dagbag.py:545} INFO - Filling up the DagBag from /opt/airflow/dags/dag_09_gcp_taxi_scheduled.py
[2026-06-16T14:39:34.715+0000] {processor.py:840} INFO - DAG(s) '09_gcp_taxi_scheduled' retrieved from /opt/airflow/dags/dag_09_gcp_taxi_scheduled.py
[2026-06-16T14:39:34.770+0000] {logging_mixin.py:188} INFO - [2026-06-16T14:39:34.770+0000] {dag.py:3089} INFO - Sync 1 DAGs
[2026-06-16T14:39:34.991+0000] {processor.py:183} INFO - Processing /opt/airflow/dags/dag_09_gcp_taxi_scheduled.py took 0.316 seconds
[2026-06-16T14:40:05.140+0000] {processor.py:161} INFO - Started process (PID=11373) to work on /opt/airflow/dags/dag_09_gcp_taxi_scheduled.py
[2026-06-16T14:40:05.142+0000] {processor.py:830} INFO - Processing file /opt/airflow/dags/dag_09_gcp_taxi_scheduled.py for tasks to queue
[2026-06-16T14:40:05.144+0000] {logging_mixin.py:188} INFO - [2026-06-16T14:40:05.143+0000] {dagbag.py:545} INFO - Filling up the DagBag from /opt/airflow/dags/dag_09_gcp_taxi_scheduled.py
[2026-06-16T14:40:05.160+0000] {processor.py:840} INFO - DAG(s) '09_gcp_taxi_scheduled' retrieved from /opt/airflow/dags/dag_09_gcp_taxi_scheduled.py
[2026-06-16T14:40:05.209+0000] {logging_mixin.py:188} INFO - [2026-06-16T14:40:05.209+0000] {dag.py:3089} INFO - Sync 1 DAGs
[2026-06-16T14:40:05.261+0000] {processor.py:183} INFO - Processing /opt/airflow/dags/dag_09_gcp_taxi_scheduled.py took 0.132 seconds
[2026-06-16T14:40:35.387+0000] {processor.py:161} INFO - Started process (PID=11413) to work on /opt/airflow/dags/dag_09_gcp_taxi_scheduled.py
[2026-06-16T14:40:35.389+0000] {processor.py:830} INFO - Processing file /opt/airflow/dags/dag_09_gcp_taxi_scheduled.py for tasks to queue
[2026-06-16T14:40:35.391+0000] {logging_mixin.py:188} INFO - [2026-06-16T14:40:35.390+0000] {dagbag.py:545} INFO - Filling up the DagBag from /opt/airflow/dags/dag_09_gcp_taxi_scheduled.py
[2026-06-16T14:40:35.407+0000] {processor.py:840} INFO - DAG(s) '09_gcp_taxi_scheduled' retrieved from /opt/airflow/dags/dag_09_gcp_taxi_scheduled.py
[2026-06-16T14:40:35.456+0000] {logging_mixin.py:188} INFO - [2026-06-16T14:40:35.456+0000] {dag.py:3089} INFO - Sync 1 DAGs
[2026-06-16T14:40:35.675+0000] {processor.py:183} INFO - Processing /opt/airflow/dags/dag_09_gcp_taxi_scheduled.py took 0.297 seconds
[2026-06-16T14:41:05.952+0000] {processor.py:161} INFO - Started process (PID=11453) to work on /opt/airflow/dags/dag_09_gcp_taxi_scheduled.py
[2026-06-16T14:41:05.954+0000] {processor.py:830} INFO - Processing file /opt/airflow/dags/dag_09_gcp_taxi_scheduled.py for tasks to queue
[2026-06-16T14:41:05.956+0000] {logging_mixin.py:188} INFO - [2026-06-16T14:41:05.956+0000] {dagbag.py:545} INFO - Filling up the DagBag from /opt/airflow/dags/dag_09_gcp_taxi_scheduled.py
[2026-06-16T14:41:05.972+0000] {processor.py:840} INFO - DAG(s) '09_gcp_taxi_scheduled' retrieved from /opt/airflow/dags/dag_09_gcp_taxi_scheduled.py
[2026-06-16T14:41:06.162+0000] {logging_mixin.py:188} INFO - [2026-06-16T14:41:06.162+0000] {dag.py:3089} INFO - Sync 1 DAGs
[2026-06-16T14:41:06.215+0000] {processor.py:183} INFO - Processing /opt/airflow/dags/dag_09_gcp_taxi_scheduled.py took 0.273 seconds
[2026-06-16T14:41:36.413+0000] {processor.py:161} INFO - Started process (PID=11493) to work on /opt/airflow/dags/dag_09_gcp_taxi_scheduled.py
[2026-06-16T14:41:36.424+0000] {processor.py:830} INFO - Processing file /opt/airflow/dags/dag_09_gcp_taxi_scheduled.py for tasks to queue
[2026-06-16T14:41:36.426+0000] {logging_mixin.py:188} INFO - [2026-06-16T14:41:36.426+0000] {dagbag.py:545} INFO - Filling up the DagBag from /opt/airflow/dags/dag_09_gcp_taxi_scheduled.py
[2026-06-16T14:41:36.442+0000] {processor.py:840} INFO - DAG(s) '09_gcp_taxi_scheduled' retrieved from /opt/airflow/dags/dag_09_gcp_taxi_scheduled.py
[2026-06-16T14:41:36.496+0000] {logging_mixin.py:188} INFO - [2026-06-16T14:41:36.495+0000] {dag.py:3089} INFO - Sync 1 DAGs
[2026-06-16T14:41:36.707+0000] {processor.py:183} INFO - Processing /opt/airflow/dags/dag_09_gcp_taxi_scheduled.py took 0.305 seconds
[2026-06-16T14:42:07.042+0000] {processor.py:161} INFO - Started process (PID=11533) to work on /opt/airflow/dags/dag_09_gcp_taxi_scheduled.py
[2026-06-16T14:42:07.043+0000] {processor.py:830} INFO - Processing file /opt/airflow/dags/dag_09_gcp_taxi_scheduled.py for tasks to queue
[2026-06-16T14:42:07.046+0000] {logging_mixin.py:188} INFO - [2026-06-16T14:42:07.045+0000] {dagbag.py:545} INFO - Filling up the DagBag from /opt/airflow/dags/dag_09_gcp_taxi_scheduled.py
[2026-06-16T14:42:07.062+0000] {processor.py:840} INFO - DAG(s) '09_gcp_taxi_scheduled' retrieved from /opt/airflow/dags/dag_09_gcp_taxi_scheduled.py
[2026-06-16T14:42:07.246+0000] {logging_mixin.py:188} INFO - [2026-06-16T14:42:07.245+0000] {dag.py:3089} INFO - Sync 1 DAGs
[2026-06-16T14:42:07.286+0000] {processor.py:183} INFO - Processing /opt/airflow/dags/dag_09_gcp_taxi_scheduled.py took 0.255 seconds
[2026-06-16T14:42:37.392+0000] {processor.py:161} INFO - Started process (PID=11573) to work on /opt/airflow/dags/dag_09_gcp_taxi_scheduled.py
[2026-06-16T14:42:37.393+0000] {processor.py:830} INFO - Processing file /opt/airflow/dags/dag_09_gcp_taxi_scheduled.py for tasks to queue
[2026-06-16T14:42:37.396+0000] {logging_mixin.py:188} INFO - [2026-06-16T14:42:37.395+0000] {dagbag.py:545} INFO - Filling up the DagBag from /opt/airflow/dags/dag_09_gcp_taxi_scheduled.py
[2026-06-16T14:42:37.411+0000] {processor.py:840} INFO - DAG(s) '09_gcp_taxi_scheduled' retrieved from /opt/airflow/dags/dag_09_gcp_taxi_scheduled.py
[2026-06-16T14:42:37.460+0000] {logging_mixin.py:188} INFO - [2026-06-16T14:42:37.460+0000] {dag.py:3089} INFO - Sync 1 DAGs
[2026-06-16T14:42:37.513+0000] {processor.py:183} INFO - Processing /opt/airflow/dags/dag_09_gcp_taxi_scheduled.py took 0.131 seconds
[2026-06-16T14:43:08.527+0000] {processor.py:161} INFO - Started process (PID=11613) to work on /opt/airflow/dags/dag_09_gcp_taxi_scheduled.py
[2026-06-16T14:43:08.528+0000] {processor.py:830} INFO - Processing file /opt/airflow/dags/dag_09_gcp_taxi_scheduled.py for tasks to queue
[2026-06-16T14:43:08.531+0000] {logging_mixin.py:188} INFO - [2026-06-16T14:43:08.530+0000] {dagbag.py:545} INFO - Filling up the DagBag from /opt/airflow/dags/dag_09_gcp_taxi_scheduled.py
[2026-06-16T14:43:08.550+0000] {processor.py:840} INFO - DAG(s) '09_gcp_taxi_scheduled' retrieved from /opt/airflow/dags/dag_09_gcp_taxi_scheduled.py
[2026-06-16T14:43:08.598+0000] {logging_mixin.py:188} INFO - [2026-06-16T14:43:08.598+0000] {dag.py:3089} INFO - Sync 1 DAGs
[2026-06-16T14:43:08.651+0000] {processor.py:183} INFO - Processing /opt/airflow/dags/dag_09_gcp_taxi_scheduled.py took 0.137 seconds
[2026-06-16T14:43:39.639+0000] {processor.py:161} INFO - Started process (PID=11653) to work on /opt/airflow/dags/dag_09_gcp_taxi_scheduled.py
[2026-06-16T14:43:39.649+0000] {processor.py:830} INFO - Processing file /opt/airflow/dags/dag_09_gcp_taxi_scheduled.py for tasks to queue
[2026-06-16T14:43:39.651+0000] {logging_mixin.py:188} INFO - [2026-06-16T14:43:39.651+0000] {dagbag.py:545} INFO - Filling up the DagBag from /opt/airflow/dags/dag_09_gcp_taxi_scheduled.py
[2026-06-16T14:43:39.667+0000] {processor.py:840} INFO - DAG(s) '09_gcp_taxi_scheduled' retrieved from /opt/airflow/dags/dag_09_gcp_taxi_scheduled.py
[2026-06-16T14:43:39.714+0000] {logging_mixin.py:188} INFO - [2026-06-16T14:43:39.714+0000] {dag.py:3089} INFO - Sync 1 DAGs
[2026-06-16T14:43:39.764+0000] {processor.py:183} INFO - Processing /opt/airflow/dags/dag_09_gcp_taxi_scheduled.py took 0.135 seconds
[2026-06-16T14:44:10.711+0000] {processor.py:161} INFO - Started process (PID=11693) to work on /opt/airflow/dags/dag_09_gcp_taxi_scheduled.py
[2026-06-16T14:44:10.713+0000] {processor.py:830} INFO - Processing file /opt/airflow/dags/dag_09_gcp_taxi_scheduled.py for tasks to queue
[2026-06-16T14:44:10.715+0000] {logging_mixin.py:188} INFO - [2026-06-16T14:44:10.715+0000] {dagbag.py:545} INFO - Filling up the DagBag from /opt/airflow/dags/dag_09_gcp_taxi_scheduled.py
[2026-06-16T14:44:10.732+0000] {processor.py:840} INFO - DAG(s) '09_gcp_taxi_scheduled' retrieved from /opt/airflow/dags/dag_09_gcp_taxi_scheduled.py
[2026-06-16T14:44:10.780+0000] {logging_mixin.py:188} INFO - [2026-06-16T14:44:10.779+0000] {dag.py:3089} INFO - Sync 1 DAGs
[2026-06-16T14:44:10.835+0000] {processor.py:183} INFO - Processing /opt/airflow/dags/dag_09_gcp_taxi_scheduled.py took 0.133 seconds
[2026-06-16T14:44:41.815+0000] {processor.py:161} INFO - Started process (PID=11733) to work on /opt/airflow/dags/dag_09_gcp_taxi_scheduled.py
[2026-06-16T14:44:41.817+0000] {processor.py:830} INFO - Processing file /opt/airflow/dags/dag_09_gcp_taxi_scheduled.py for tasks to queue
[2026-06-16T14:44:41.819+0000] {logging_mixin.py:188} INFO - [2026-06-16T14:44:41.819+0000] {dagbag.py:545} INFO - Filling up the DagBag from /opt/airflow/dags/dag_09_gcp_taxi_scheduled.py
[2026-06-16T14:44:41.836+0000] {processor.py:840} INFO - DAG(s) '09_gcp_taxi_scheduled' retrieved from /opt/airflow/dags/dag_09_gcp_taxi_scheduled.py
[2026-06-16T14:44:41.889+0000] {logging_mixin.py:188} INFO - [2026-06-16T14:44:41.888+0000] {dag.py:3089} INFO - Sync 1 DAGs
[2026-06-16T14:44:41.955+0000] {processor.py:183} INFO - Processing /opt/airflow/dags/dag_09_gcp_taxi_scheduled.py took 0.150 seconds
[2026-06-16T14:45:12.959+0000] {processor.py:161} INFO - Started process (PID=11773) to work on /opt/airflow/dags/dag_09_gcp_taxi_scheduled.py
[2026-06-16T14:45:12.961+0000] {processor.py:830} INFO - Processing file /opt/airflow/dags/dag_09_gcp_taxi_scheduled.py for tasks to queue
[2026-06-16T14:45:12.965+0000] {logging_mixin.py:188} INFO - [2026-06-16T14:45:12.964+0000] {dagbag.py:545} INFO - Filling up the DagBag from /opt/airflow/dags/dag_09_gcp_taxi_scheduled.py
[2026-06-16T14:45:12.985+0000] {processor.py:840} INFO - DAG(s) '09_gcp_taxi_scheduled' retrieved from /opt/airflow/dags/dag_09_gcp_taxi_scheduled.py
[2026-06-16T14:45:13.032+0000] {logging_mixin.py:188} INFO - [2026-06-16T14:45:13.031+0000] {dag.py:3089} INFO - Sync 1 DAGs
[2026-06-16T14:45:13.083+0000] {processor.py:183} INFO - Processing /opt/airflow/dags/dag_09_gcp_taxi_scheduled.py took 0.136 seconds
[2026-06-16T14:45:44.048+0000] {processor.py:161} INFO - Started process (PID=11813) to work on /opt/airflow/dags/dag_09_gcp_taxi_scheduled.py
[2026-06-16T14:45:44.058+0000] {processor.py:830} INFO - Processing file /opt/airflow/dags/dag_09_gcp_taxi_scheduled.py for tasks to queue
[2026-06-16T14:45:44.060+0000] {logging_mixin.py:188} INFO - [2026-06-16T14:45:44.060+0000] {dagbag.py:545} INFO - Filling up the DagBag from /opt/airflow/dags/dag_09_gcp_taxi_scheduled.py
[2026-06-16T14:45:44.076+0000] {processor.py:840} INFO - DAG(s) '09_gcp_taxi_scheduled' retrieved from /opt/airflow/dags/dag_09_gcp_taxi_scheduled.py
[2026-06-16T14:45:44.122+0000] {logging_mixin.py:188} INFO - [2026-06-16T14:45:44.122+0000] {dag.py:3089} INFO - Sync 1 DAGs
[2026-06-16T14:45:44.171+0000] {processor.py:183} INFO - Processing /opt/airflow/dags/dag_09_gcp_taxi_scheduled.py took 0.134 seconds
[2026-06-16T14:46:15.165+0000] {processor.py:161} INFO - Started process (PID=11853) to work on /opt/airflow/dags/dag_09_gcp_taxi_scheduled.py
[2026-06-16T14:46:15.166+0000] {processor.py:830} INFO - Processing file /opt/airflow/dags/dag_09_gcp_taxi_scheduled.py for tasks to queue
[2026-06-16T14:46:15.168+0000] {logging_mixin.py:188} INFO - [2026-06-16T14:46:15.168+0000] {dagbag.py:545} INFO - Filling up the DagBag from /opt/airflow/dags/dag_09_gcp_taxi_scheduled.py
[2026-06-16T14:46:15.184+0000] {processor.py:840} INFO - DAG(s) '09_gcp_taxi_scheduled' retrieved from /opt/airflow/dags/dag_09_gcp_taxi_scheduled.py
[2026-06-16T14:46:15.231+0000] {logging_mixin.py:188} INFO - [2026-06-16T14:46:15.231+0000] {dag.py:3089} INFO - Sync 1 DAGs
[2026-06-16T14:46:15.284+0000] {processor.py:183} INFO - Processing /opt/airflow/dags/dag_09_gcp_taxi_scheduled.py took 0.129 seconds
[2026-06-16T14:46:46.238+0000] {processor.py:161} INFO - Started process (PID=11893) to work on /opt/airflow/dags/dag_09_gcp_taxi_scheduled.py
[2026-06-16T14:46:46.240+0000] {processor.py:830} INFO - Processing file /opt/airflow/dags/dag_09_gcp_taxi_scheduled.py for tasks to queue
[2026-06-16T14:46:46.242+0000] {logging_mixin.py:188} INFO - [2026-06-16T14:46:46.242+0000] {dagbag.py:545} INFO - Filling up the DagBag from /opt/airflow/dags/dag_09_gcp_taxi_scheduled.py
[2026-06-16T14:46:46.258+0000] {processor.py:840} INFO - DAG(s) '09_gcp_taxi_scheduled' retrieved from /opt/airflow/dags/dag_09_gcp_taxi_scheduled.py
[2026-06-16T14:46:46.303+0000] {logging_mixin.py:188} INFO - [2026-06-16T14:46:46.303+0000] {dag.py:3089} INFO - Sync 1 DAGs
[2026-06-16T14:46:46.353+0000] {processor.py:183} INFO - Processing /opt/airflow/dags/dag_09_gcp_taxi_scheduled.py took 0.125 seconds
[2026-06-16T14:47:17.332+0000] {processor.py:161} INFO - Started process (PID=11933) to work on /opt/airflow/dags/dag_09_gcp_taxi_scheduled.py
[2026-06-16T14:47:17.334+0000] {processor.py:830} INFO - Processing file /opt/airflow/dags/dag_09_gcp_taxi_scheduled.py for tasks to queue
[2026-06-16T14:47:17.336+0000] {logging_mixin.py:188} INFO - [2026-06-16T14:47:17.335+0000] {dagbag.py:545} INFO - Filling up the DagBag from /opt/airflow/dags/dag_09_gcp_taxi_scheduled.py
[2026-06-16T14:47:17.352+0000] {processor.py:840} INFO - DAG(s) '09_gcp_taxi_scheduled' retrieved from /opt/airflow/dags/dag_09_gcp_taxi_scheduled.py
[2026-06-16T14:47:17.397+0000] {logging_mixin.py:188} INFO - [2026-06-16T14:47:17.397+0000] {dag.py:3089} INFO - Sync 1 DAGs
[2026-06-16T14:47:17.445+0000] {processor.py:183} INFO - Processing /opt/airflow/dags/dag_09_gcp_taxi_scheduled.py took 0.123 seconds
[2026-06-16T14:47:48.425+0000] {processor.py:161} INFO - Started process (PID=11973) to work on /opt/airflow/dags/dag_09_gcp_taxi_scheduled.py
[2026-06-16T14:47:48.426+0000] {processor.py:830} INFO - Processing file /opt/airflow/dags/dag_09_gcp_taxi_scheduled.py for tasks to queue
[2026-06-16T14:47:48.429+0000] {logging_mixin.py:188} INFO - [2026-06-16T14:47:48.429+0000] {dagbag.py:545} INFO - Filling up the DagBag from /opt/airflow/dags/dag_09_gcp_taxi_scheduled.py
[2026-06-16T14:47:48.447+0000] {processor.py:840} INFO - DAG(s) '09_gcp_taxi_scheduled' retrieved from /opt/airflow/dags/dag_09_gcp_taxi_scheduled.py
[2026-06-16T14:47:48.497+0000] {logging_mixin.py:188} INFO - [2026-06-16T14:47:48.497+0000] {dag.py:3089} INFO - Sync 1 DAGs
[2026-06-16T14:47:48.550+0000] {processor.py:183} INFO - Processing /opt/airflow/dags/dag_09_gcp_taxi_scheduled.py took 0.135 seconds
[2026-06-16T14:48:19.528+0000] {processor.py:161} INFO - Started process (PID=12013) to work on /opt/airflow/dags/dag_09_gcp_taxi_scheduled.py
[2026-06-16T14:48:19.538+0000] {processor.py:830} INFO - Processing file /opt/airflow/dags/dag_09_gcp_taxi_scheduled.py for tasks to queue
[2026-06-16T14:48:19.540+0000] {logging_mixin.py:188} INFO - [2026-06-16T14:48:19.540+0000] {dagbag.py:545} INFO - Filling up the DagBag from /opt/airflow/dags/dag_09_gcp_taxi_scheduled.py
[2026-06-16T14:48:19.560+0000] {processor.py:840} INFO - DAG(s) '09_gcp_taxi_scheduled' retrieved from /opt/airflow/dags/dag_09_gcp_taxi_scheduled.py
[2026-06-16T14:48:19.608+0000] {logging_mixin.py:188} INFO - [2026-06-16T14:48:19.608+0000] {dag.py:3089} INFO - Sync 1 DAGs
[2026-06-16T14:48:19.659+0000] {processor.py:183} INFO - Processing /opt/airflow/dags/dag_09_gcp_taxi_scheduled.py took 0.141 seconds
[2026-06-16T14:48:50.639+0000] {processor.py:161} INFO - Started process (PID=12053) to work on /opt/airflow/dags/dag_09_gcp_taxi_scheduled.py
[2026-06-16T14:48:50.640+0000] {processor.py:830} INFO - Processing file /opt/airflow/dags/dag_09_gcp_taxi_scheduled.py for tasks to queue
[2026-06-16T14:48:50.642+0000] {logging_mixin.py:188} INFO - [2026-06-16T14:48:50.642+0000] {dagbag.py:545} INFO - Filling up the DagBag from /opt/airflow/dags/dag_09_gcp_taxi_scheduled.py
[2026-06-16T14:48:50.660+0000] {processor.py:840} INFO - DAG(s) '09_gcp_taxi_scheduled' retrieved from /opt/airflow/dags/dag_09_gcp_taxi_scheduled.py
[2026-06-16T14:48:50.709+0000] {logging_mixin.py:188} INFO - [2026-06-16T14:48:50.708+0000] {dag.py:3089} INFO - Sync 1 DAGs
[2026-06-16T14:48:50.761+0000] {processor.py:183} INFO - Processing /opt/airflow/dags/dag_09_gcp_taxi_scheduled.py took 0.134 seconds
[2026-06-16T14:49:21.736+0000] {processor.py:161} INFO - Started process (PID=12093) to work on /opt/airflow/dags/dag_09_gcp_taxi_scheduled.py
[2026-06-16T14:49:21.738+0000] {processor.py:830} INFO - Processing file /opt/airflow/dags/dag_09_gcp_taxi_scheduled.py for tasks to queue
[2026-06-16T14:49:21.740+0000] {logging_mixin.py:188} INFO - [2026-06-16T14:49:21.740+0000] {dagbag.py:545} INFO - Filling up the DagBag from /opt/airflow/dags/dag_09_gcp_taxi_scheduled.py
[2026-06-16T14:49:21.758+0000] {processor.py:840} INFO - DAG(s) '09_gcp_taxi_scheduled' retrieved from /opt/airflow/dags/dag_09_gcp_taxi_scheduled.py
[2026-06-16T14:49:21.814+0000] {logging_mixin.py:188} INFO - [2026-06-16T14:49:21.814+0000] {dag.py:3089} INFO - Sync 1 DAGs
[2026-06-16T14:49:21.878+0000] {processor.py:183} INFO - Processing /opt/airflow/dags/dag_09_gcp_taxi_scheduled.py took 0.151 seconds
[2026-06-16T14:49:52.856+0000] {processor.py:161} INFO - Started process (PID=12133) to work on /opt/airflow/dags/dag_09_gcp_taxi_scheduled.py
[2026-06-16T14:49:52.866+0000] {processor.py:830} INFO - Processing file /opt/airflow/dags/dag_09_gcp_taxi_scheduled.py for tasks to queue
[2026-06-16T14:49:52.868+0000] {logging_mixin.py:188} INFO - [2026-06-16T14:49:52.868+0000] {dagbag.py:545} INFO - Filling up the DagBag from /opt/airflow/dags/dag_09_gcp_taxi_scheduled.py
[2026-06-16T14:49:52.887+0000] {processor.py:840} INFO - DAG(s) '09_gcp_taxi_scheduled' retrieved from /opt/airflow/dags/dag_09_gcp_taxi_scheduled.py
[2026-06-16T14:49:52.937+0000] {logging_mixin.py:188} INFO - [2026-06-16T14:49:52.937+0000] {dag.py:3089} INFO - Sync 1 DAGs
[2026-06-16T14:49:52.998+0000] {processor.py:183} INFO - Processing /opt/airflow/dags/dag_09_gcp_taxi_scheduled.py took 0.153 seconds
[2026-06-16T14:50:23.942+0000] {processor.py:161} INFO - Started process (PID=12173) to work on /opt/airflow/dags/dag_09_gcp_taxi_scheduled.py
[2026-06-16T14:50:23.943+0000] {processor.py:830} INFO - Processing file /opt/airflow/dags/dag_09_gcp_taxi_scheduled.py for tasks to queue
[2026-06-16T14:50:23.945+0000] {logging_mixin.py:188} INFO - [2026-06-16T14:50:23.945+0000] {dagbag.py:545} INFO - Filling up the DagBag from /opt/airflow/dags/dag_09_gcp_taxi_scheduled.py
[2026-06-16T14:50:23.961+0000] {processor.py:840} INFO - DAG(s) '09_gcp_taxi_scheduled' retrieved from /opt/airflow/dags/dag_09_gcp_taxi_scheduled.py
[2026-06-16T14:50:24.015+0000] {logging_mixin.py:188} INFO - [2026-06-16T14:50:24.014+0000] {dag.py:3089} INFO - Sync 1 DAGs
[2026-06-16T14:50:24.068+0000] {processor.py:183} INFO - Processing /opt/airflow/dags/dag_09_gcp_taxi_scheduled.py took 0.137 seconds
[2026-06-16T14:50:54.998+0000] {processor.py:161} INFO - Started process (PID=12213) to work on /opt/airflow/dags/dag_09_gcp_taxi_scheduled.py
[2026-06-16T14:50:55.008+0000] {processor.py:830} INFO - Processing file /opt/airflow/dags/dag_09_gcp_taxi_scheduled.py for tasks to queue
[2026-06-16T14:50:55.010+0000] {logging_mixin.py:188} INFO - [2026-06-16T14:50:55.010+0000] {dagbag.py:545} INFO - Filling up the DagBag from /opt/airflow/dags/dag_09_gcp_taxi_scheduled.py
[2026-06-16T14:50:55.026+0000] {processor.py:840} INFO - DAG(s) '09_gcp_taxi_scheduled' retrieved from /opt/airflow/dags/dag_09_gcp_taxi_scheduled.py
[2026-06-16T14:50:55.071+0000] {logging_mixin.py:188} INFO - [2026-06-16T14:50:55.071+0000] {dag.py:3089} INFO - Sync 1 DAGs
[2026-06-16T14:50:55.120+0000] {processor.py:183} INFO - Processing /opt/airflow/dags/dag_09_gcp_taxi_scheduled.py took 0.133 seconds
[2026-06-16T14:51:25.266+0000] {processor.py:161} INFO - Started process (PID=12258) to work on /opt/airflow/dags/dag_09_gcp_taxi_scheduled.py
[2026-06-16T14:51:25.267+0000] {processor.py:830} INFO - Processing file /opt/airflow/dags/dag_09_gcp_taxi_scheduled.py for tasks to queue
[2026-06-16T14:51:25.270+0000] {logging_mixin.py:188} INFO - [2026-06-16T14:51:25.269+0000] {dagbag.py:545} INFO - Filling up the DagBag from /opt/airflow/dags/dag_09_gcp_taxi_scheduled.py
[2026-06-16T14:51:25.287+0000] {processor.py:840} INFO - DAG(s) '09_gcp_taxi_scheduled' retrieved from /opt/airflow/dags/dag_09_gcp_taxi_scheduled.py
[2026-06-16T14:51:25.331+0000] {logging_mixin.py:188} INFO - [2026-06-16T14:51:25.330+0000] {dag.py:3089} INFO - Sync 1 DAGs
[2026-06-16T14:51:25.377+0000] {processor.py:183} INFO - Processing /opt/airflow/dags/dag_09_gcp_taxi_scheduled.py took 0.119 seconds
[2026-06-16T14:51:55.500+0000] {processor.py:161} INFO - Started process (PID=12298) to work on /opt/airflow/dags/dag_09_gcp_taxi_scheduled.py
[2026-06-16T14:51:55.502+0000] {processor.py:830} INFO - Processing file /opt/airflow/dags/dag_09_gcp_taxi_scheduled.py for tasks to queue
[2026-06-16T14:51:55.503+0000] {logging_mixin.py:188} INFO - [2026-06-16T14:51:55.503+0000] {dagbag.py:545} INFO - Filling up the DagBag from /opt/airflow/dags/dag_09_gcp_taxi_scheduled.py
[2026-06-16T14:51:55.518+0000] {processor.py:840} INFO - DAG(s) '09_gcp_taxi_scheduled' retrieved from /opt/airflow/dags/dag_09_gcp_taxi_scheduled.py
[2026-06-16T14:51:55.563+0000] {logging_mixin.py:188} INFO - [2026-06-16T14:51:55.563+0000] {dag.py:3089} INFO - Sync 1 DAGs
[2026-06-16T14:51:55.610+0000] {processor.py:183} INFO - Processing /opt/airflow/dags/dag_09_gcp_taxi_scheduled.py took 0.116 seconds
[2026-06-16T14:52:25.650+0000] {processor.py:161} INFO - Started process (PID=12336) to work on /opt/airflow/dags/dag_09_gcp_taxi_scheduled.py
[2026-06-16T14:52:25.651+0000] {processor.py:830} INFO - Processing file /opt/airflow/dags/dag_09_gcp_taxi_scheduled.py for tasks to queue
[2026-06-16T14:52:25.653+0000] {logging_mixin.py:188} INFO - [2026-06-16T14:52:25.653+0000] {dagbag.py:545} INFO - Filling up the DagBag from /opt/airflow/dags/dag_09_gcp_taxi_scheduled.py
[2026-06-16T14:52:25.670+0000] {processor.py:840} INFO - DAG(s) '09_gcp_taxi_scheduled' retrieved from /opt/airflow/dags/dag_09_gcp_taxi_scheduled.py
[2026-06-16T14:52:25.718+0000] {logging_mixin.py:188} INFO - [2026-06-16T14:52:25.718+0000] {dag.py:3089} INFO - Sync 1 DAGs
[2026-06-16T14:52:25.769+0000] {processor.py:183} INFO - Processing /opt/airflow/dags/dag_09_gcp_taxi_scheduled.py took 0.127 seconds
[2026-06-16T14:52:56.758+0000] {processor.py:161} INFO - Started process (PID=12373) to work on /opt/airflow/dags/dag_09_gcp_taxi_scheduled.py
[2026-06-16T14:52:56.759+0000] {processor.py:830} INFO - Processing file /opt/airflow/dags/dag_09_gcp_taxi_scheduled.py for tasks to queue
[2026-06-16T14:52:56.762+0000] {logging_mixin.py:188} INFO - [2026-06-16T14:52:56.762+0000] {dagbag.py:545} INFO - Filling up the DagBag from /opt/airflow/dags/dag_09_gcp_taxi_scheduled.py
[2026-06-16T14:52:56.780+0000] {processor.py:840} INFO - DAG(s) '09_gcp_taxi_scheduled' retrieved from /opt/airflow/dags/dag_09_gcp_taxi_scheduled.py
[2026-06-16T14:52:56.828+0000] {logging_mixin.py:188} INFO - [2026-06-16T14:52:56.828+0000] {dag.py:3089} INFO - Sync 1 DAGs
[2026-06-16T14:52:56.880+0000] {processor.py:183} INFO - Processing /opt/airflow/dags/dag_09_gcp_taxi_scheduled.py took 0.134 seconds
[2026-06-16T14:53:27.822+0000] {processor.py:161} INFO - Started process (PID=12413) to work on /opt/airflow/dags/dag_09_gcp_taxi_scheduled.py
[2026-06-16T14:53:27.824+0000] {processor.py:830} INFO - Processing file /opt/airflow/dags/dag_09_gcp_taxi_scheduled.py for tasks to queue
[2026-06-16T14:53:27.826+0000] {logging_mixin.py:188} INFO - [2026-06-16T14:53:27.826+0000] {dagbag.py:545} INFO - Filling up the DagBag from /opt/airflow/dags/dag_09_gcp_taxi_scheduled.py
[2026-06-16T14:53:27.842+0000] {processor.py:840} INFO - DAG(s) '09_gcp_taxi_scheduled' retrieved from /opt/airflow/dags/dag_09_gcp_taxi_scheduled.py
[2026-06-16T14:53:27.888+0000] {logging_mixin.py:188} INFO - [2026-06-16T14:53:27.887+0000] {dag.py:3089} INFO - Sync 1 DAGs
[2026-06-16T14:53:27.937+0000] {processor.py:183} INFO - Processing /opt/airflow/dags/dag_09_gcp_taxi_scheduled.py took 0.125 seconds
[2026-06-16T14:53:57.974+0000] {processor.py:161} INFO - Started process (PID=12453) to work on /opt/airflow/dags/dag_09_gcp_taxi_scheduled.py
[2026-06-16T14:53:57.975+0000] {processor.py:830} INFO - Processing file /opt/airflow/dags/dag_09_gcp_taxi_scheduled.py for tasks to queue
[2026-06-16T14:53:57.978+0000] {logging_mixin.py:188} INFO - [2026-06-16T14:53:57.977+0000] {dagbag.py:545} INFO - Filling up the DagBag from /opt/airflow/dags/dag_09_gcp_taxi_scheduled.py
[2026-06-16T14:53:57.994+0000] {processor.py:840} INFO - DAG(s) '09_gcp_taxi_scheduled' retrieved from /opt/airflow/dags/dag_09_gcp_taxi_scheduled.py
[2026-06-16T14:53:58.045+0000] {logging_mixin.py:188} INFO - [2026-06-16T14:53:58.045+0000] {dag.py:3089} INFO - Sync 1 DAGs
[2026-06-16T14:53:58.094+0000] {processor.py:183} INFO - Processing /opt/airflow/dags/dag_09_gcp_taxi_scheduled.py took 0.129 seconds
[2026-06-16T14:54:29.056+0000] {processor.py:161} INFO - Started process (PID=12493) to work on /opt/airflow/dags/dag_09_gcp_taxi_scheduled.py
[2026-06-16T14:54:29.058+0000] {processor.py:830} INFO - Processing file /opt/airflow/dags/dag_09_gcp_taxi_scheduled.py for tasks to queue
[2026-06-16T14:54:29.060+0000] {logging_mixin.py:188} INFO - [2026-06-16T14:54:29.060+0000] {dagbag.py:545} INFO - Filling up the DagBag from /opt/airflow/dags/dag_09_gcp_taxi_scheduled.py
[2026-06-16T14:54:29.076+0000] {processor.py:840} INFO - DAG(s) '09_gcp_taxi_scheduled' retrieved from /opt/airflow/dags/dag_09_gcp_taxi_scheduled.py
[2026-06-16T14:54:29.130+0000] {logging_mixin.py:188} INFO - [2026-06-16T14:54:29.130+0000] {dag.py:3089} INFO - Sync 1 DAGs
[2026-06-16T14:54:29.185+0000] {processor.py:183} INFO - Processing /opt/airflow/dags/dag_09_gcp_taxi_scheduled.py took 0.141 seconds
[2026-06-16T14:55:00.153+0000] {processor.py:161} INFO - Started process (PID=12533) to work on /opt/airflow/dags/dag_09_gcp_taxi_scheduled.py
[2026-06-16T14:55:00.154+0000] {processor.py:830} INFO - Processing file /opt/airflow/dags/dag_09_gcp_taxi_scheduled.py for tasks to queue
[2026-06-16T14:55:00.157+0000] {logging_mixin.py:188} INFO - [2026-06-16T14:55:00.157+0000] {dagbag.py:545} INFO - Filling up the DagBag from /opt/airflow/dags/dag_09_gcp_taxi_scheduled.py
[2026-06-16T14:55:00.174+0000] {processor.py:840} INFO - DAG(s) '09_gcp_taxi_scheduled' retrieved from /opt/airflow/dags/dag_09_gcp_taxi_scheduled.py
[2026-06-16T14:55:00.220+0000] {logging_mixin.py:188} INFO - [2026-06-16T14:55:00.220+0000] {dag.py:3089} INFO - Sync 1 DAGs
[2026-06-16T14:55:00.269+0000] {processor.py:183} INFO - Processing /opt/airflow/dags/dag_09_gcp_taxi_scheduled.py took 0.126 seconds
[2026-06-16T14:55:31.240+0000] {processor.py:161} INFO - Started process (PID=12573) to work on /opt/airflow/dags/dag_09_gcp_taxi_scheduled.py
[2026-06-16T14:55:31.242+0000] {processor.py:830} INFO - Processing file /opt/airflow/dags/dag_09_gcp_taxi_scheduled.py for tasks to queue
[2026-06-16T14:55:31.244+0000] {logging_mixin.py:188} INFO - [2026-06-16T14:55:31.244+0000] {dagbag.py:545} INFO - Filling up the DagBag from /opt/airflow/dags/dag_09_gcp_taxi_scheduled.py
[2026-06-16T14:55:31.260+0000] {processor.py:840} INFO - DAG(s) '09_gcp_taxi_scheduled' retrieved from /opt/airflow/dags/dag_09_gcp_taxi_scheduled.py
[2026-06-16T14:55:31.309+0000] {logging_mixin.py:188} INFO - [2026-06-16T14:55:31.309+0000] {dag.py:3089} INFO - Sync 1 DAGs
[2026-06-16T14:55:31.361+0000] {processor.py:183} INFO - Processing /opt/airflow/dags/dag_09_gcp_taxi_scheduled.py took 0.130 seconds
[2026-06-16T14:56:02.321+0000] {processor.py:161} INFO - Started process (PID=12613) to work on /opt/airflow/dags/dag_09_gcp_taxi_scheduled.py
[2026-06-16T14:56:02.323+0000] {processor.py:830} INFO - Processing file /opt/airflow/dags/dag_09_gcp_taxi_scheduled.py for tasks to queue
[2026-06-16T14:56:02.326+0000] {logging_mixin.py:188} INFO - [2026-06-16T14:56:02.326+0000] {dagbag.py:545} INFO - Filling up the DagBag from /opt/airflow/dags/dag_09_gcp_taxi_scheduled.py
[2026-06-16T14:56:02.342+0000] {processor.py:840} INFO - DAG(s) '09_gcp_taxi_scheduled' retrieved from /opt/airflow/dags/dag_09_gcp_taxi_scheduled.py
[2026-06-16T14:56:02.387+0000] {logging_mixin.py:188} INFO - [2026-06-16T14:56:02.387+0000] {dag.py:3089} INFO - Sync 1 DAGs
[2026-06-16T14:56:02.440+0000] {processor.py:183} INFO - Processing /opt/airflow/dags/dag_09_gcp_taxi_scheduled.py took 0.128 seconds
[2026-06-16T14:56:33.389+0000] {processor.py:161} INFO - Started process (PID=12653) to work on /opt/airflow/dags/dag_09_gcp_taxi_scheduled.py
[2026-06-16T14:56:33.391+0000] {processor.py:830} INFO - Processing file /opt/airflow/dags/dag_09_gcp_taxi_scheduled.py for tasks to queue
[2026-06-16T14:56:33.393+0000] {logging_mixin.py:188} INFO - [2026-06-16T14:56:33.393+0000] {dagbag.py:545} INFO - Filling up the DagBag from /opt/airflow/dags/dag_09_gcp_taxi_scheduled.py
[2026-06-16T14:56:33.409+0000] {processor.py:840} INFO - DAG(s) '09_gcp_taxi_scheduled' retrieved from /opt/airflow/dags/dag_09_gcp_taxi_scheduled.py
[2026-06-16T14:56:33.454+0000] {logging_mixin.py:188} INFO - [2026-06-16T14:56:33.454+0000] {dag.py:3089} INFO - Sync 1 DAGs
[2026-06-16T14:56:33.503+0000] {processor.py:183} INFO - Processing /opt/airflow/dags/dag_09_gcp_taxi_scheduled.py took 0.124 seconds
[2026-06-16T14:57:04.467+0000] {processor.py:161} INFO - Started process (PID=12693) to work on /opt/airflow/dags/dag_09_gcp_taxi_scheduled.py
[2026-06-16T14:57:04.469+0000] {processor.py:830} INFO - Processing file /opt/airflow/dags/dag_09_gcp_taxi_scheduled.py for tasks to queue
[2026-06-16T14:57:04.471+0000] {logging_mixin.py:188} INFO - [2026-06-16T14:57:04.471+0000] {dagbag.py:545} INFO - Filling up the DagBag from /opt/airflow/dags/dag_09_gcp_taxi_scheduled.py
[2026-06-16T14:57:04.487+0000] {processor.py:840} INFO - DAG(s) '09_gcp_taxi_scheduled' retrieved from /opt/airflow/dags/dag_09_gcp_taxi_scheduled.py
[2026-06-16T14:57:04.534+0000] {logging_mixin.py:188} INFO - [2026-06-16T14:57:04.534+0000] {dag.py:3089} INFO - Sync 1 DAGs
[2026-06-16T14:57:04.587+0000] {processor.py:183} INFO - Processing /opt/airflow/dags/dag_09_gcp_taxi_scheduled.py took 0.130 seconds
[2026-06-16T14:57:35.575+0000] {processor.py:161} INFO - Started process (PID=12733) to work on /opt/airflow/dags/dag_09_gcp_taxi_scheduled.py
[2026-06-16T14:57:35.576+0000] {processor.py:830} INFO - Processing file /opt/airflow/dags/dag_09_gcp_taxi_scheduled.py for tasks to queue
[2026-06-16T14:57:35.579+0000] {logging_mixin.py:188} INFO - [2026-06-16T14:57:35.578+0000] {dagbag.py:545} INFO - Filling up the DagBag from /opt/airflow/dags/dag_09_gcp_taxi_scheduled.py
[2026-06-16T14:57:35.594+0000] {processor.py:840} INFO - DAG(s) '09_gcp_taxi_scheduled' retrieved from /opt/airflow/dags/dag_09_gcp_taxi_scheduled.py
[2026-06-16T14:57:35.646+0000] {logging_mixin.py:188} INFO - [2026-06-16T14:57:35.645+0000] {dag.py:3089} INFO - Sync 1 DAGs
[2026-06-16T14:57:35.698+0000] {processor.py:183} INFO - Processing /opt/airflow/dags/dag_09_gcp_taxi_scheduled.py took 0.133 seconds
[2026-06-16T14:58:06.628+0000] {processor.py:161} INFO - Started process (PID=12773) to work on /opt/airflow/dags/dag_09_gcp_taxi_scheduled.py
[2026-06-16T14:58:06.629+0000] {processor.py:830} INFO - Processing file /opt/airflow/dags/dag_09_gcp_taxi_scheduled.py for tasks to queue
[2026-06-16T14:58:06.631+0000] {logging_mixin.py:188} INFO - [2026-06-16T14:58:06.631+0000] {dagbag.py:545} INFO - Filling up the DagBag from /opt/airflow/dags/dag_09_gcp_taxi_scheduled.py
[2026-06-16T14:58:06.647+0000] {processor.py:840} INFO - DAG(s) '09_gcp_taxi_scheduled' retrieved from /opt/airflow/dags/dag_09_gcp_taxi_scheduled.py
[2026-06-16T14:58:06.702+0000] {logging_mixin.py:188} INFO - [2026-06-16T14:58:06.702+0000] {dag.py:3089} INFO - Sync 1 DAGs
[2026-06-16T14:58:06.754+0000] {processor.py:183} INFO - Processing /opt/airflow/dags/dag_09_gcp_taxi_scheduled.py took 0.137 seconds
[2026-06-16T14:58:37.756+0000] {processor.py:161} INFO - Started process (PID=12813) to work on /opt/airflow/dags/dag_09_gcp_taxi_scheduled.py
[2026-06-16T14:58:37.758+0000] {processor.py:830} INFO - Processing file /opt/airflow/dags/dag_09_gcp_taxi_scheduled.py for tasks to queue
[2026-06-16T14:58:37.761+0000] {logging_mixin.py:188} INFO - [2026-06-16T14:58:37.760+0000] {dagbag.py:545} INFO - Filling up the DagBag from /opt/airflow/dags/dag_09_gcp_taxi_scheduled.py
[2026-06-16T14:58:37.781+0000] {processor.py:840} INFO - DAG(s) '09_gcp_taxi_scheduled' retrieved from /opt/airflow/dags/dag_09_gcp_taxi_scheduled.py
[2026-06-16T14:58:37.843+0000] {logging_mixin.py:188} INFO - [2026-06-16T14:58:37.842+0000] {dag.py:3089} INFO - Sync 1 DAGs
[2026-06-16T14:58:37.902+0000] {processor.py:183} INFO - Processing /opt/airflow/dags/dag_09_gcp_taxi_scheduled.py took 0.161 seconds
[2026-06-16T14:59:08.782+0000] {processor.py:161} INFO - Started process (PID=12853) to work on /opt/airflow/dags/dag_09_gcp_taxi_scheduled.py
[2026-06-16T14:59:08.784+0000] {processor.py:830} INFO - Processing file /opt/airflow/dags/dag_09_gcp_taxi_scheduled.py for tasks to queue
[2026-06-16T14:59:08.788+0000] {logging_mixin.py:188} INFO - [2026-06-16T14:59:08.788+0000] {dagbag.py:545} INFO - Filling up the DagBag from /opt/airflow/dags/dag_09_gcp_taxi_scheduled.py
[2026-06-16T14:59:08.804+0000] {processor.py:840} INFO - DAG(s) '09_gcp_taxi_scheduled' retrieved from /opt/airflow/dags/dag_09_gcp_taxi_scheduled.py
[2026-06-16T14:59:08.854+0000] {logging_mixin.py:188} INFO - [2026-06-16T14:59:08.854+0000] {dag.py:3089} INFO - Sync 1 DAGs
[2026-06-16T14:59:08.906+0000] {processor.py:183} INFO - Processing /opt/airflow/dags/dag_09_gcp_taxi_scheduled.py took 0.134 seconds
[2026-06-16T14:59:38.984+0000] {processor.py:161} INFO - Started process (PID=12893) to work on /opt/airflow/dags/dag_09_gcp_taxi_scheduled.py
[2026-06-16T14:59:38.986+0000] {processor.py:830} INFO - Processing file /opt/airflow/dags/dag_09_gcp_taxi_scheduled.py for tasks to queue
[2026-06-16T14:59:38.988+0000] {logging_mixin.py:188} INFO - [2026-06-16T14:59:38.988+0000] {dagbag.py:545} INFO - Filling up the DagBag from /opt/airflow/dags/dag_09_gcp_taxi_scheduled.py
[2026-06-16T14:59:39.004+0000] {processor.py:840} INFO - DAG(s) '09_gcp_taxi_scheduled' retrieved from /opt/airflow/dags/dag_09_gcp_taxi_scheduled.py
[2026-06-16T14:59:39.053+0000] {logging_mixin.py:188} INFO - [2026-06-16T14:59:39.053+0000] {dag.py:3089} INFO - Sync 1 DAGs
[2026-06-16T14:59:39.110+0000] {processor.py:183} INFO - Processing /opt/airflow/dags/dag_09_gcp_taxi_scheduled.py took 0.135 seconds
[2026-06-16T15:00:09.202+0000] {processor.py:161} INFO - Started process (PID=12933) to work on /opt/airflow/dags/dag_09_gcp_taxi_scheduled.py
[2026-06-16T15:00:09.204+0000] {processor.py:830} INFO - Processing file /opt/airflow/dags/dag_09_gcp_taxi_scheduled.py for tasks to queue
[2026-06-16T15:00:09.207+0000] {logging_mixin.py:188} INFO - [2026-06-16T15:00:09.206+0000] {dagbag.py:545} INFO - Filling up the DagBag from /opt/airflow/dags/dag_09_gcp_taxi_scheduled.py
[2026-06-16T15:00:09.223+0000] {processor.py:840} INFO - DAG(s) '09_gcp_taxi_scheduled' retrieved from /opt/airflow/dags/dag_09_gcp_taxi_scheduled.py
[2026-06-16T15:00:09.270+0000] {logging_mixin.py:188} INFO - [2026-06-16T15:00:09.270+0000] {dag.py:3089} INFO - Sync 1 DAGs
[2026-06-16T15:00:09.320+0000] {processor.py:183} INFO - Processing /opt/airflow/dags/dag_09_gcp_taxi_scheduled.py took 0.127 seconds
[2026-06-16T15:00:40.036+0000] {processor.py:161} INFO - Started process (PID=12973) to work on /opt/airflow/dags/dag_09_gcp_taxi_scheduled.py
[2026-06-16T15:00:40.037+0000] {processor.py:830} INFO - Processing file /opt/airflow/dags/dag_09_gcp_taxi_scheduled.py for tasks to queue
[2026-06-16T15:00:40.039+0000] {logging_mixin.py:188} INFO - [2026-06-16T15:00:40.039+0000] {dagbag.py:545} INFO - Filling up the DagBag from /opt/airflow/dags/dag_09_gcp_taxi_scheduled.py
[2026-06-16T15:00:40.058+0000] {processor.py:840} INFO - DAG(s) '09_gcp_taxi_scheduled' retrieved from /opt/airflow/dags/dag_09_gcp_taxi_scheduled.py
[2026-06-16T15:00:40.136+0000] {logging_mixin.py:188} INFO - [2026-06-16T15:00:40.136+0000] {dag.py:3089} INFO - Sync 1 DAGs
[2026-06-16T15:00:39.520+0000] {processor.py:183} INFO - Processing /opt/airflow/dags/dag_09_gcp_taxi_scheduled.py took 0.168 seconds
[2026-06-16T15:01:10.105+0000] {processor.py:161} INFO - Started process (PID=13013) to work on /opt/airflow/dags/dag_09_gcp_taxi_scheduled.py
[2026-06-16T15:01:10.106+0000] {processor.py:830} INFO - Processing file /opt/airflow/dags/dag_09_gcp_taxi_scheduled.py for tasks to queue
[2026-06-16T15:01:10.109+0000] {logging_mixin.py:188} INFO - [2026-06-16T15:01:10.108+0000] {dagbag.py:545} INFO - Filling up the DagBag from /opt/airflow/dags/dag_09_gcp_taxi_scheduled.py
[2026-06-16T15:01:10.127+0000] {processor.py:840} INFO - DAG(s) '09_gcp_taxi_scheduled' retrieved from /opt/airflow/dags/dag_09_gcp_taxi_scheduled.py
[2026-06-16T15:01:10.174+0000] {logging_mixin.py:188} INFO - [2026-06-16T15:01:10.174+0000] {dag.py:3089} INFO - Sync 1 DAGs
[2026-06-16T15:01:10.226+0000] {processor.py:183} INFO - Processing /opt/airflow/dags/dag_09_gcp_taxi_scheduled.py took 0.133 seconds
[2026-06-16T15:01:40.285+0000] {processor.py:161} INFO - Started process (PID=13053) to work on /opt/airflow/dags/dag_09_gcp_taxi_scheduled.py
[2026-06-16T15:01:40.287+0000] {processor.py:830} INFO - Processing file /opt/airflow/dags/dag_09_gcp_taxi_scheduled.py for tasks to queue
[2026-06-16T15:01:40.289+0000] {logging_mixin.py:188} INFO - [2026-06-16T15:01:40.289+0000] {dagbag.py:545} INFO - Filling up the DagBag from /opt/airflow/dags/dag_09_gcp_taxi_scheduled.py
[2026-06-16T15:01:40.308+0000] {processor.py:840} INFO - DAG(s) '09_gcp_taxi_scheduled' retrieved from /opt/airflow/dags/dag_09_gcp_taxi_scheduled.py
[2026-06-16T15:01:40.359+0000] {logging_mixin.py:188} INFO - [2026-06-16T15:01:40.358+0000] {dag.py:3089} INFO - Sync 1 DAGs
[2026-06-16T15:01:40.413+0000] {processor.py:183} INFO - Processing /opt/airflow/dags/dag_09_gcp_taxi_scheduled.py took 0.139 seconds
[2026-06-16T15:02:11.407+0000] {processor.py:161} INFO - Started process (PID=13093) to work on /opt/airflow/dags/dag_09_gcp_taxi_scheduled.py
[2026-06-16T15:02:11.418+0000] {processor.py:830} INFO - Processing file /opt/airflow/dags/dag_09_gcp_taxi_scheduled.py for tasks to queue
[2026-06-16T15:02:11.420+0000] {logging_mixin.py:188} INFO - [2026-06-16T15:02:11.420+0000] {dagbag.py:545} INFO - Filling up the DagBag from /opt/airflow/dags/dag_09_gcp_taxi_scheduled.py
[2026-06-16T15:02:11.439+0000] {processor.py:840} INFO - DAG(s) '09_gcp_taxi_scheduled' retrieved from /opt/airflow/dags/dag_09_gcp_taxi_scheduled.py
[2026-06-16T15:02:11.491+0000] {logging_mixin.py:188} INFO - [2026-06-16T15:02:11.491+0000] {dag.py:3089} INFO - Sync 1 DAGs
[2026-06-16T15:02:11.543+0000] {processor.py:183} INFO - Processing /opt/airflow/dags/dag_09_gcp_taxi_scheduled.py took 0.149 seconds
[2026-06-16T15:02:42.476+0000] {processor.py:161} INFO - Started process (PID=13133) to work on /opt/airflow/dags/dag_09_gcp_taxi_scheduled.py
[2026-06-16T15:02:42.477+0000] {processor.py:830} INFO - Processing file /opt/airflow/dags/dag_09_gcp_taxi_scheduled.py for tasks to queue
[2026-06-16T15:02:42.480+0000] {logging_mixin.py:188} INFO - [2026-06-16T15:02:42.479+0000] {dagbag.py:545} INFO - Filling up the DagBag from /opt/airflow/dags/dag_09_gcp_taxi_scheduled.py
[2026-06-16T15:02:42.502+0000] {processor.py:840} INFO - DAG(s) '09_gcp_taxi_scheduled' retrieved from /opt/airflow/dags/dag_09_gcp_taxi_scheduled.py
[2026-06-16T15:02:42.553+0000] {logging_mixin.py:188} INFO - [2026-06-16T15:02:42.553+0000] {dag.py:3089} INFO - Sync 1 DAGs
[2026-06-16T15:02:42.607+0000] {processor.py:183} INFO - Processing /opt/airflow/dags/dag_09_gcp_taxi_scheduled.py took 0.140 seconds
[2026-06-16T15:03:13.527+0000] {processor.py:161} INFO - Started process (PID=13173) to work on /opt/airflow/dags/dag_09_gcp_taxi_scheduled.py
[2026-06-16T15:03:13.529+0000] {processor.py:830} INFO - Processing file /opt/airflow/dags/dag_09_gcp_taxi_scheduled.py for tasks to queue
[2026-06-16T15:03:13.532+0000] {logging_mixin.py:188} INFO - [2026-06-16T15:03:13.531+0000] {dagbag.py:545} INFO - Filling up the DagBag from /opt/airflow/dags/dag_09_gcp_taxi_scheduled.py
[2026-06-16T15:03:13.554+0000] {processor.py:840} INFO - DAG(s) '09_gcp_taxi_scheduled' retrieved from /opt/airflow/dags/dag_09_gcp_taxi_scheduled.py
[2026-06-16T15:03:13.616+0000] {logging_mixin.py:188} INFO - [2026-06-16T15:03:13.615+0000] {dag.py:3089} INFO - Sync 1 DAGs
[2026-06-16T15:03:13.667+0000] {processor.py:183} INFO - Processing /opt/airflow/dags/dag_09_gcp_taxi_scheduled.py took 0.151 seconds
[2026-06-16T15:03:44.610+0000] {processor.py:161} INFO - Started process (PID=13213) to work on /opt/airflow/dags/dag_09_gcp_taxi_scheduled.py
[2026-06-16T15:03:44.621+0000] {processor.py:830} INFO - Processing file /opt/airflow/dags/dag_09_gcp_taxi_scheduled.py for tasks to queue
[2026-06-16T15:03:44.624+0000] {logging_mixin.py:188} INFO - [2026-06-16T15:03:44.624+0000] {dagbag.py:545} INFO - Filling up the DagBag from /opt/airflow/dags/dag_09_gcp_taxi_scheduled.py
[2026-06-16T15:03:44.642+0000] {processor.py:840} INFO - DAG(s) '09_gcp_taxi_scheduled' retrieved from /opt/airflow/dags/dag_09_gcp_taxi_scheduled.py
[2026-06-16T15:03:44.691+0000] {logging_mixin.py:188} INFO - [2026-06-16T15:03:44.690+0000] {dag.py:3089} INFO - Sync 1 DAGs
[2026-06-16T15:03:44.744+0000] {processor.py:183} INFO - Processing /opt/airflow/dags/dag_09_gcp_taxi_scheduled.py took 0.147 seconds
[2026-06-16T15:04:15.718+0000] {processor.py:161} INFO - Started process (PID=13253) to work on /opt/airflow/dags/dag_09_gcp_taxi_scheduled.py
[2026-06-16T15:04:15.720+0000] {processor.py:830} INFO - Processing file /opt/airflow/dags/dag_09_gcp_taxi_scheduled.py for tasks to queue
[2026-06-16T15:04:15.723+0000] {logging_mixin.py:188} INFO - [2026-06-16T15:04:15.722+0000] {dagbag.py:545} INFO - Filling up the DagBag from /opt/airflow/dags/dag_09_gcp_taxi_scheduled.py
[2026-06-16T15:04:15.750+0000] {processor.py:840} INFO - DAG(s) '09_gcp_taxi_scheduled' retrieved from /opt/airflow/dags/dag_09_gcp_taxi_scheduled.py
[2026-06-16T15:04:15.800+0000] {logging_mixin.py:188} INFO - [2026-06-16T15:04:15.800+0000] {dag.py:3089} INFO - Sync 1 DAGs
[2026-06-16T15:04:15.851+0000] {processor.py:183} INFO - Processing /opt/airflow/dags/dag_09_gcp_taxi_scheduled.py took 0.145 seconds
[2026-06-16T15:04:46.792+0000] {processor.py:161} INFO - Started process (PID=13293) to work on /opt/airflow/dags/dag_09_gcp_taxi_scheduled.py
[2026-06-16T15:04:46.794+0000] {processor.py:830} INFO - Processing file /opt/airflow/dags/dag_09_gcp_taxi_scheduled.py for tasks to queue
[2026-06-16T15:04:46.797+0000] {logging_mixin.py:188} INFO - [2026-06-16T15:04:46.796+0000] {dagbag.py:545} INFO - Filling up the DagBag from /opt/airflow/dags/dag_09_gcp_taxi_scheduled.py
[2026-06-16T15:04:46.815+0000] {processor.py:840} INFO - DAG(s) '09_gcp_taxi_scheduled' retrieved from /opt/airflow/dags/dag_09_gcp_taxi_scheduled.py
[2026-06-16T15:04:46.863+0000] {logging_mixin.py:188} INFO - [2026-06-16T15:04:46.863+0000] {dag.py:3089} INFO - Sync 1 DAGs
[2026-06-16T15:04:46.921+0000] {processor.py:183} INFO - Processing /opt/airflow/dags/dag_09_gcp_taxi_scheduled.py took 0.141 seconds
[2026-06-16T15:05:17.787+0000] {processor.py:161} INFO - Started process (PID=13333) to work on /opt/airflow/dags/dag_09_gcp_taxi_scheduled.py
[2026-06-16T15:05:17.788+0000] {processor.py:830} INFO - Processing file /opt/airflow/dags/dag_09_gcp_taxi_scheduled.py for tasks to queue
[2026-06-16T15:05:17.790+0000] {logging_mixin.py:188} INFO - [2026-06-16T15:05:17.790+0000] {dagbag.py:545} INFO - Filling up the DagBag from /opt/airflow/dags/dag_09_gcp_taxi_scheduled.py
[2026-06-16T15:05:17.806+0000] {processor.py:840} INFO - DAG(s) '09_gcp_taxi_scheduled' retrieved from /opt/airflow/dags/dag_09_gcp_taxi_scheduled.py
[2026-06-16T15:05:17.879+0000] {logging_mixin.py:188} INFO - [2026-06-16T15:05:17.879+0000] {dag.py:3089} INFO - Sync 1 DAGs
[2026-06-16T15:05:17.939+0000] {processor.py:183} INFO - Processing /opt/airflow/dags/dag_09_gcp_taxi_scheduled.py took 0.163 seconds
[2026-06-16T15:05:48.933+0000] {processor.py:161} INFO - Started process (PID=13373) to work on /opt/airflow/dags/dag_09_gcp_taxi_scheduled.py
[2026-06-16T15:05:48.943+0000] {processor.py:830} INFO - Processing file /opt/airflow/dags/dag_09_gcp_taxi_scheduled.py for tasks to queue
[2026-06-16T15:05:48.946+0000] {logging_mixin.py:188} INFO - [2026-06-16T15:05:48.945+0000] {dagbag.py:545} INFO - Filling up the DagBag from /opt/airflow/dags/dag_09_gcp_taxi_scheduled.py
[2026-06-16T15:05:48.962+0000] {processor.py:840} INFO - DAG(s) '09_gcp_taxi_scheduled' retrieved from /opt/airflow/dags/dag_09_gcp_taxi_scheduled.py
[2026-06-16T15:05:49.023+0000] {logging_mixin.py:188} INFO - [2026-06-16T15:05:49.022+0000] {dag.py:3089} INFO - Sync 1 DAGs
[2026-06-16T15:05:49.089+0000] {processor.py:183} INFO - Processing /opt/airflow/dags/dag_09_gcp_taxi_scheduled.py took 0.165 seconds
[2026-06-16T15:06:20.069+0000] {processor.py:161} INFO - Started process (PID=13413) to work on /opt/airflow/dags/dag_09_gcp_taxi_scheduled.py
[2026-06-16T15:06:20.071+0000] {processor.py:830} INFO - Processing file /opt/airflow/dags/dag_09_gcp_taxi_scheduled.py for tasks to queue
[2026-06-16T15:06:20.073+0000] {logging_mixin.py:188} INFO - [2026-06-16T15:06:20.073+0000] {dagbag.py:545} INFO - Filling up the DagBag from /opt/airflow/dags/dag_09_gcp_taxi_scheduled.py
[2026-06-16T15:06:20.090+0000] {processor.py:840} INFO - DAG(s) '09_gcp_taxi_scheduled' retrieved from /opt/airflow/dags/dag_09_gcp_taxi_scheduled.py
[2026-06-16T15:06:20.150+0000] {logging_mixin.py:188} INFO - [2026-06-16T15:06:20.150+0000] {dag.py:3089} INFO - Sync 1 DAGs
[2026-06-16T15:06:20.203+0000] {processor.py:183} INFO - Processing /opt/airflow/dags/dag_09_gcp_taxi_scheduled.py took 0.147 seconds
[2026-06-16T15:06:50.239+0000] {processor.py:161} INFO - Started process (PID=13453) to work on /opt/airflow/dags/dag_09_gcp_taxi_scheduled.py
[2026-06-16T15:06:50.241+0000] {processor.py:830} INFO - Processing file /opt/airflow/dags/dag_09_gcp_taxi_scheduled.py for tasks to queue
[2026-06-16T15:06:50.243+0000] {logging_mixin.py:188} INFO - [2026-06-16T15:06:50.242+0000] {dagbag.py:545} INFO - Filling up the DagBag from /opt/airflow/dags/dag_09_gcp_taxi_scheduled.py
[2026-06-16T15:06:50.258+0000] {processor.py:840} INFO - DAG(s) '09_gcp_taxi_scheduled' retrieved from /opt/airflow/dags/dag_09_gcp_taxi_scheduled.py
[2026-06-16T15:06:50.304+0000] {logging_mixin.py:188} INFO - [2026-06-16T15:06:50.304+0000] {dag.py:3089} INFO - Sync 1 DAGs
[2026-06-16T15:06:50.356+0000] {processor.py:183} INFO - Processing /opt/airflow/dags/dag_09_gcp_taxi_scheduled.py took 0.127 seconds
[2026-06-16T15:07:21.338+0000] {processor.py:161} INFO - Started process (PID=13493) to work on /opt/airflow/dags/dag_09_gcp_taxi_scheduled.py
[2026-06-16T15:07:21.349+0000] {processor.py:830} INFO - Processing file /opt/airflow/dags/dag_09_gcp_taxi_scheduled.py for tasks to queue
[2026-06-16T15:07:21.351+0000] {logging_mixin.py:188} INFO - [2026-06-16T15:07:21.350+0000] {dagbag.py:545} INFO - Filling up the DagBag from /opt/airflow/dags/dag_09_gcp_taxi_scheduled.py
[2026-06-16T15:07:21.367+0000] {processor.py:840} INFO - DAG(s) '09_gcp_taxi_scheduled' retrieved from /opt/airflow/dags/dag_09_gcp_taxi_scheduled.py
[2026-06-16T15:07:21.414+0000] {logging_mixin.py:188} INFO - [2026-06-16T15:07:21.414+0000] {dag.py:3089} INFO - Sync 1 DAGs
[2026-06-16T15:07:21.467+0000] {processor.py:183} INFO - Processing /opt/airflow/dags/dag_09_gcp_taxi_scheduled.py took 0.142 seconds
[2026-06-16T15:07:52.436+0000] {processor.py:161} INFO - Started process (PID=13533) to work on /opt/airflow/dags/dag_09_gcp_taxi_scheduled.py
[2026-06-16T15:07:52.438+0000] {processor.py:830} INFO - Processing file /opt/airflow/dags/dag_09_gcp_taxi_scheduled.py for tasks to queue
[2026-06-16T15:07:52.440+0000] {logging_mixin.py:188} INFO - [2026-06-16T15:07:52.439+0000] {dagbag.py:545} INFO - Filling up the DagBag from /opt/airflow/dags/dag_09_gcp_taxi_scheduled.py
[2026-06-16T15:07:52.456+0000] {processor.py:840} INFO - DAG(s) '09_gcp_taxi_scheduled' retrieved from /opt/airflow/dags/dag_09_gcp_taxi_scheduled.py
[2026-06-16T15:07:52.505+0000] {logging_mixin.py:188} INFO - [2026-06-16T15:07:52.505+0000] {dag.py:3089} INFO - Sync 1 DAGs
[2026-06-16T15:07:52.559+0000] {processor.py:183} INFO - Processing /opt/airflow/dags/dag_09_gcp_taxi_scheduled.py took 0.133 seconds
[2026-06-16T15:08:23.425+0000] {processor.py:161} INFO - Started process (PID=13573) to work on /opt/airflow/dags/dag_09_gcp_taxi_scheduled.py
[2026-06-16T15:08:23.435+0000] {processor.py:830} INFO - Processing file /opt/airflow/dags/dag_09_gcp_taxi_scheduled.py for tasks to queue
[2026-06-16T15:08:23.437+0000] {logging_mixin.py:188} INFO - [2026-06-16T15:08:23.436+0000] {dagbag.py:545} INFO - Filling up the DagBag from /opt/airflow/dags/dag_09_gcp_taxi_scheduled.py
[2026-06-16T15:08:23.453+0000] {processor.py:840} INFO - DAG(s) '09_gcp_taxi_scheduled' retrieved from /opt/airflow/dags/dag_09_gcp_taxi_scheduled.py
[2026-06-16T15:08:23.497+0000] {logging_mixin.py:188} INFO - [2026-06-16T15:08:23.497+0000] {dag.py:3089} INFO - Sync 1 DAGs
[2026-06-16T15:08:23.549+0000] {processor.py:183} INFO - Processing /opt/airflow/dags/dag_09_gcp_taxi_scheduled.py took 0.134 seconds
[2026-06-16T15:08:53.663+0000] {processor.py:161} INFO - Started process (PID=13613) to work on /opt/airflow/dags/dag_09_gcp_taxi_scheduled.py
[2026-06-16T15:08:53.665+0000] {processor.py:830} INFO - Processing file /opt/airflow/dags/dag_09_gcp_taxi_scheduled.py for tasks to queue
[2026-06-16T15:08:53.667+0000] {logging_mixin.py:188} INFO - [2026-06-16T15:08:53.666+0000] {dagbag.py:545} INFO - Filling up the DagBag from /opt/airflow/dags/dag_09_gcp_taxi_scheduled.py
[2026-06-16T15:08:53.682+0000] {processor.py:840} INFO - DAG(s) '09_gcp_taxi_scheduled' retrieved from /opt/airflow/dags/dag_09_gcp_taxi_scheduled.py
[2026-06-16T15:08:53.735+0000] {logging_mixin.py:188} INFO - [2026-06-16T15:08:53.734+0000] {dag.py:3089} INFO - Sync 1 DAGs
[2026-06-16T15:08:53.788+0000] {processor.py:183} INFO - Processing /opt/airflow/dags/dag_09_gcp_taxi_scheduled.py took 0.134 seconds
[2026-06-16T15:09:23.871+0000] {processor.py:161} INFO - Started process (PID=13653) to work on /opt/airflow/dags/dag_09_gcp_taxi_scheduled.py
[2026-06-16T15:09:23.881+0000] {processor.py:830} INFO - Processing file /opt/airflow/dags/dag_09_gcp_taxi_scheduled.py for tasks to queue
[2026-06-16T15:09:23.883+0000] {logging_mixin.py:188} INFO - [2026-06-16T15:09:23.883+0000] {dagbag.py:545} INFO - Filling up the DagBag from /opt/airflow/dags/dag_09_gcp_taxi_scheduled.py
[2026-06-16T15:09:23.900+0000] {processor.py:840} INFO - DAG(s) '09_gcp_taxi_scheduled' retrieved from /opt/airflow/dags/dag_09_gcp_taxi_scheduled.py
[2026-06-16T15:09:23.945+0000] {logging_mixin.py:188} INFO - [2026-06-16T15:09:23.945+0000] {dag.py:3089} INFO - Sync 1 DAGs
[2026-06-16T15:09:24.008+0000] {processor.py:183} INFO - Processing /opt/airflow/dags/dag_09_gcp_taxi_scheduled.py took 0.146 seconds
[2026-06-16T15:09:54.081+0000] {processor.py:161} INFO - Started process (PID=13693) to work on /opt/airflow/dags/dag_09_gcp_taxi_scheduled.py
[2026-06-16T15:09:54.082+0000] {processor.py:830} INFO - Processing file /opt/airflow/dags/dag_09_gcp_taxi_scheduled.py for tasks to queue
[2026-06-16T15:09:54.084+0000] {logging_mixin.py:188} INFO - [2026-06-16T15:09:54.083+0000] {dagbag.py:545} INFO - Filling up the DagBag from /opt/airflow/dags/dag_09_gcp_taxi_scheduled.py
[2026-06-16T15:09:54.100+0000] {processor.py:840} INFO - DAG(s) '09_gcp_taxi_scheduled' retrieved from /opt/airflow/dags/dag_09_gcp_taxi_scheduled.py
[2026-06-16T15:09:54.150+0000] {logging_mixin.py:188} INFO - [2026-06-16T15:09:54.150+0000] {dag.py:3089} INFO - Sync 1 DAGs
[2026-06-16T15:09:54.203+0000] {processor.py:183} INFO - Processing /opt/airflow/dags/dag_09_gcp_taxi_scheduled.py took 0.131 seconds
[2026-06-16T15:10:24.251+0000] {processor.py:161} INFO - Started process (PID=13733) to work on /opt/airflow/dags/dag_09_gcp_taxi_scheduled.py
[2026-06-16T15:10:24.262+0000] {processor.py:830} INFO - Processing file /opt/airflow/dags/dag_09_gcp_taxi_scheduled.py for tasks to queue
[2026-06-16T15:10:24.265+0000] {logging_mixin.py:188} INFO - [2026-06-16T15:10:24.264+0000] {dagbag.py:545} INFO - Filling up the DagBag from /opt/airflow/dags/dag_09_gcp_taxi_scheduled.py
[2026-06-16T15:10:24.281+0000] {processor.py:840} INFO - DAG(s) '09_gcp_taxi_scheduled' retrieved from /opt/airflow/dags/dag_09_gcp_taxi_scheduled.py
[2026-06-16T15:10:24.327+0000] {logging_mixin.py:188} INFO - [2026-06-16T15:10:24.326+0000] {dag.py:3089} INFO - Sync 1 DAGs
[2026-06-16T15:10:24.379+0000] {processor.py:183} INFO - Processing /opt/airflow/dags/dag_09_gcp_taxi_scheduled.py took 0.137 seconds
[2026-06-16T15:10:54.537+0000] {processor.py:161} INFO - Started process (PID=13778) to work on /opt/airflow/dags/dag_09_gcp_taxi_scheduled.py
[2026-06-16T15:10:54.538+0000] {processor.py:830} INFO - Processing file /opt/airflow/dags/dag_09_gcp_taxi_scheduled.py for tasks to queue
[2026-06-16T15:10:54.540+0000] {logging_mixin.py:188} INFO - [2026-06-16T15:10:54.540+0000] {dagbag.py:545} INFO - Filling up the DagBag from /opt/airflow/dags/dag_09_gcp_taxi_scheduled.py
[2026-06-16T15:10:54.555+0000] {processor.py:840} INFO - DAG(s) '09_gcp_taxi_scheduled' retrieved from /opt/airflow/dags/dag_09_gcp_taxi_scheduled.py
[2026-06-16T15:10:54.605+0000] {logging_mixin.py:188} INFO - [2026-06-16T15:10:54.605+0000] {dag.py:3089} INFO - Sync 1 DAGs
[2026-06-16T15:10:54.652+0000] {processor.py:183} INFO - Processing /opt/airflow/dags/dag_09_gcp_taxi_scheduled.py took 0.122 seconds
[2026-06-16T15:11:24.739+0000] {processor.py:161} INFO - Started process (PID=13818) to work on /opt/airflow/dags/dag_09_gcp_taxi_scheduled.py
[2026-06-16T15:11:24.741+0000] {processor.py:830} INFO - Processing file /opt/airflow/dags/dag_09_gcp_taxi_scheduled.py for tasks to queue
[2026-06-16T15:11:24.742+0000] {logging_mixin.py:188} INFO - [2026-06-16T15:11:24.742+0000] {dagbag.py:545} INFO - Filling up the DagBag from /opt/airflow/dags/dag_09_gcp_taxi_scheduled.py
[2026-06-16T15:11:24.757+0000] {processor.py:840} INFO - DAG(s) '09_gcp_taxi_scheduled' retrieved from /opt/airflow/dags/dag_09_gcp_taxi_scheduled.py
[2026-06-16T15:11:24.801+0000] {logging_mixin.py:188} INFO - [2026-06-16T15:11:24.801+0000] {dag.py:3089} INFO - Sync 1 DAGs
[2026-06-16T15:11:24.849+0000] {processor.py:183} INFO - Processing /opt/airflow/dags/dag_09_gcp_taxi_scheduled.py took 0.117 seconds
[2026-06-16T15:11:54.933+0000] {processor.py:161} INFO - Started process (PID=13858) to work on /opt/airflow/dags/dag_09_gcp_taxi_scheduled.py
[2026-06-16T15:11:54.934+0000] {processor.py:830} INFO - Processing file /opt/airflow/dags/dag_09_gcp_taxi_scheduled.py for tasks to queue
[2026-06-16T15:11:54.936+0000] {logging_mixin.py:188} INFO - [2026-06-16T15:11:54.935+0000] {dagbag.py:545} INFO - Filling up the DagBag from /opt/airflow/dags/dag_09_gcp_taxi_scheduled.py
[2026-06-16T15:11:54.951+0000] {processor.py:840} INFO - DAG(s) '09_gcp_taxi_scheduled' retrieved from /opt/airflow/dags/dag_09_gcp_taxi_scheduled.py
[2026-06-16T15:11:54.993+0000] {logging_mixin.py:188} INFO - [2026-06-16T15:11:54.992+0000] {dag.py:3089} INFO - Sync 1 DAGs
[2026-06-16T15:11:55.034+0000] {processor.py:183} INFO - Processing /opt/airflow/dags/dag_09_gcp_taxi_scheduled.py took 0.108 seconds
[2026-06-16T15:12:25.080+0000] {processor.py:161} INFO - Started process (PID=13896) to work on /opt/airflow/dags/dag_09_gcp_taxi_scheduled.py
[2026-06-16T15:12:25.082+0000] {processor.py:830} INFO - Processing file /opt/airflow/dags/dag_09_gcp_taxi_scheduled.py for tasks to queue
[2026-06-16T15:12:25.085+0000] {logging_mixin.py:188} INFO - [2026-06-16T15:12:25.084+0000] {dagbag.py:545} INFO - Filling up the DagBag from /opt/airflow/dags/dag_09_gcp_taxi_scheduled.py
[2026-06-16T15:12:25.106+0000] {processor.py:840} INFO - DAG(s) '09_gcp_taxi_scheduled' retrieved from /opt/airflow/dags/dag_09_gcp_taxi_scheduled.py
[2026-06-16T15:12:25.158+0000] {logging_mixin.py:188} INFO - [2026-06-16T15:12:25.157+0000] {dag.py:3089} INFO - Sync 1 DAGs
[2026-06-16T15:12:25.206+0000] {processor.py:183} INFO - Processing /opt/airflow/dags/dag_09_gcp_taxi_scheduled.py took 0.135 seconds
[2026-06-16T15:12:55.320+0000] {processor.py:161} INFO - Started process (PID=13933) to work on /opt/airflow/dags/dag_09_gcp_taxi_scheduled.py
[2026-06-16T15:12:55.330+0000] {processor.py:830} INFO - Processing file /opt/airflow/dags/dag_09_gcp_taxi_scheduled.py for tasks to queue
[2026-06-16T15:12:55.333+0000] {logging_mixin.py:188} INFO - [2026-06-16T15:12:55.332+0000] {dagbag.py:545} INFO - Filling up the DagBag from /opt/airflow/dags/dag_09_gcp_taxi_scheduled.py
[2026-06-16T15:12:55.349+0000] {processor.py:840} INFO - DAG(s) '09_gcp_taxi_scheduled' retrieved from /opt/airflow/dags/dag_09_gcp_taxi_scheduled.py
[2026-06-16T15:12:55.394+0000] {logging_mixin.py:188} INFO - [2026-06-16T15:12:55.394+0000] {dag.py:3089} INFO - Sync 1 DAGs
[2026-06-16T15:12:55.444+0000] {processor.py:183} INFO - Processing /opt/airflow/dags/dag_09_gcp_taxi_scheduled.py took 0.132 seconds
[2026-06-16T15:13:25.513+0000] {processor.py:161} INFO - Started process (PID=13973) to work on /opt/airflow/dags/dag_09_gcp_taxi_scheduled.py
[2026-06-16T15:13:25.523+0000] {processor.py:830} INFO - Processing file /opt/airflow/dags/dag_09_gcp_taxi_scheduled.py for tasks to queue
[2026-06-16T15:13:25.525+0000] {logging_mixin.py:188} INFO - [2026-06-16T15:13:25.525+0000] {dagbag.py:545} INFO - Filling up the DagBag from /opt/airflow/dags/dag_09_gcp_taxi_scheduled.py
[2026-06-16T15:13:25.541+0000] {processor.py:840} INFO - DAG(s) '09_gcp_taxi_scheduled' retrieved from /opt/airflow/dags/dag_09_gcp_taxi_scheduled.py
[2026-06-16T15:13:25.586+0000] {logging_mixin.py:188} INFO - [2026-06-16T15:13:25.586+0000] {dag.py:3089} INFO - Sync 1 DAGs
[2026-06-16T15:13:25.635+0000] {processor.py:183} INFO - Processing /opt/airflow/dags/dag_09_gcp_taxi_scheduled.py took 0.130 seconds
[2026-06-16T15:13:55.698+0000] {processor.py:161} INFO - Started process (PID=14013) to work on /opt/airflow/dags/dag_09_gcp_taxi_scheduled.py
[2026-06-16T15:13:55.700+0000] {processor.py:830} INFO - Processing file /opt/airflow/dags/dag_09_gcp_taxi_scheduled.py for tasks to queue
[2026-06-16T15:13:55.702+0000] {logging_mixin.py:188} INFO - [2026-06-16T15:13:55.701+0000] {dagbag.py:545} INFO - Filling up the DagBag from /opt/airflow/dags/dag_09_gcp_taxi_scheduled.py
[2026-06-16T15:13:55.718+0000] {processor.py:840} INFO - DAG(s) '09_gcp_taxi_scheduled' retrieved from /opt/airflow/dags/dag_09_gcp_taxi_scheduled.py
[2026-06-16T15:13:55.763+0000] {logging_mixin.py:188} INFO - [2026-06-16T15:13:55.763+0000] {dag.py:3089} INFO - Sync 1 DAGs
[2026-06-16T15:13:55.813+0000] {processor.py:183} INFO - Processing /opt/airflow/dags/dag_09_gcp_taxi_scheduled.py took 0.123 seconds
[2026-06-16T15:14:25.898+0000] {processor.py:161} INFO - Started process (PID=14053) to work on /opt/airflow/dags/dag_09_gcp_taxi_scheduled.py
[2026-06-16T15:14:25.900+0000] {processor.py:830} INFO - Processing file /opt/airflow/dags/dag_09_gcp_taxi_scheduled.py for tasks to queue
[2026-06-16T15:14:25.902+0000] {logging_mixin.py:188} INFO - [2026-06-16T15:14:25.902+0000] {dagbag.py:545} INFO - Filling up the DagBag from /opt/airflow/dags/dag_09_gcp_taxi_scheduled.py
[2026-06-16T15:14:25.919+0000] {processor.py:840} INFO - DAG(s) '09_gcp_taxi_scheduled' retrieved from /opt/airflow/dags/dag_09_gcp_taxi_scheduled.py
[2026-06-16T15:14:25.965+0000] {logging_mixin.py:188} INFO - [2026-06-16T15:14:25.965+0000] {dag.py:3089} INFO - Sync 1 DAGs
[2026-06-16T15:14:26.017+0000] {processor.py:183} INFO - Processing /opt/airflow/dags/dag_09_gcp_taxi_scheduled.py took 0.127 seconds
[2026-06-16T15:14:56.098+0000] {processor.py:161} INFO - Started process (PID=14093) to work on /opt/airflow/dags/dag_09_gcp_taxi_scheduled.py
[2026-06-16T15:14:56.099+0000] {processor.py:830} INFO - Processing file /opt/airflow/dags/dag_09_gcp_taxi_scheduled.py for tasks to queue
[2026-06-16T15:14:56.101+0000] {logging_mixin.py:188} INFO - [2026-06-16T15:14:56.101+0000] {dagbag.py:545} INFO - Filling up the DagBag from /opt/airflow/dags/dag_09_gcp_taxi_scheduled.py
[2026-06-16T15:14:56.118+0000] {processor.py:840} INFO - DAG(s) '09_gcp_taxi_scheduled' retrieved from /opt/airflow/dags/dag_09_gcp_taxi_scheduled.py
[2026-06-16T15:14:56.170+0000] {logging_mixin.py:188} INFO - [2026-06-16T15:14:56.170+0000] {dag.py:3089} INFO - Sync 1 DAGs
[2026-06-16T15:14:56.228+0000] {processor.py:183} INFO - Processing /opt/airflow/dags/dag_09_gcp_taxi_scheduled.py took 0.139 seconds
[2026-06-16T15:15:26.302+0000] {processor.py:161} INFO - Started process (PID=14133) to work on /opt/airflow/dags/dag_09_gcp_taxi_scheduled.py
[2026-06-16T15:15:26.304+0000] {processor.py:830} INFO - Processing file /opt/airflow/dags/dag_09_gcp_taxi_scheduled.py for tasks to queue
[2026-06-16T15:15:26.306+0000] {logging_mixin.py:188} INFO - [2026-06-16T15:15:26.306+0000] {dagbag.py:545} INFO - Filling up the DagBag from /opt/airflow/dags/dag_09_gcp_taxi_scheduled.py
[2026-06-16T15:15:26.322+0000] {processor.py:840} INFO - DAG(s) '09_gcp_taxi_scheduled' retrieved from /opt/airflow/dags/dag_09_gcp_taxi_scheduled.py
[2026-06-16T15:15:26.371+0000] {logging_mixin.py:188} INFO - [2026-06-16T15:15:26.370+0000] {dag.py:3089} INFO - Sync 1 DAGs
[2026-06-16T15:15:26.428+0000] {processor.py:183} INFO - Processing /opt/airflow/dags/dag_09_gcp_taxi_scheduled.py took 0.134 seconds
[2026-06-16T15:15:56.480+0000] {processor.py:161} INFO - Started process (PID=14173) to work on /opt/airflow/dags/dag_09_gcp_taxi_scheduled.py
[2026-06-16T15:15:56.481+0000] {processor.py:830} INFO - Processing file /opt/airflow/dags/dag_09_gcp_taxi_scheduled.py for tasks to queue
[2026-06-16T15:15:56.484+0000] {logging_mixin.py:188} INFO - [2026-06-16T15:15:56.484+0000] {dagbag.py:545} INFO - Filling up the DagBag from /opt/airflow/dags/dag_09_gcp_taxi_scheduled.py
[2026-06-16T15:15:56.502+0000] {processor.py:840} INFO - DAG(s) '09_gcp_taxi_scheduled' retrieved from /opt/airflow/dags/dag_09_gcp_taxi_scheduled.py
[2026-06-16T15:15:56.553+0000] {logging_mixin.py:188} INFO - [2026-06-16T15:15:56.552+0000] {dag.py:3089} INFO - Sync 1 DAGs
[2026-06-16T15:15:56.606+0000] {processor.py:183} INFO - Processing /opt/airflow/dags/dag_09_gcp_taxi_scheduled.py took 0.135 seconds
[2026-06-16T15:16:27.220+0000] {processor.py:161} INFO - Started process (PID=14213) to work on /opt/airflow/dags/dag_09_gcp_taxi_scheduled.py
[2026-06-16T15:16:27.231+0000] {processor.py:830} INFO - Processing file /opt/airflow/dags/dag_09_gcp_taxi_scheduled.py for tasks to queue
[2026-06-16T15:16:27.233+0000] {logging_mixin.py:188} INFO - [2026-06-16T15:16:27.232+0000] {dagbag.py:545} INFO - Filling up the DagBag from /opt/airflow/dags/dag_09_gcp_taxi_scheduled.py
[2026-06-16T15:16:27.249+0000] {processor.py:840} INFO - DAG(s) '09_gcp_taxi_scheduled' retrieved from /opt/airflow/dags/dag_09_gcp_taxi_scheduled.py
[2026-06-16T15:16:27.295+0000] {logging_mixin.py:188} INFO - [2026-06-16T15:16:27.295+0000] {dag.py:3089} INFO - Sync 1 DAGs
[2026-06-16T15:16:27.348+0000] {processor.py:183} INFO - Processing /opt/airflow/dags/dag_09_gcp_taxi_scheduled.py took 0.136 seconds
[2026-06-16T15:16:58.335+0000] {processor.py:161} INFO - Started process (PID=14253) to work on /opt/airflow/dags/dag_09_gcp_taxi_scheduled.py
[2026-06-16T15:16:58.336+0000] {processor.py:830} INFO - Processing file /opt/airflow/dags/dag_09_gcp_taxi_scheduled.py for tasks to queue
[2026-06-16T15:16:58.339+0000] {logging_mixin.py:188} INFO - [2026-06-16T15:16:58.338+0000] {dagbag.py:545} INFO - Filling up the DagBag from /opt/airflow/dags/dag_09_gcp_taxi_scheduled.py
[2026-06-16T15:16:58.357+0000] {processor.py:840} INFO - DAG(s) '09_gcp_taxi_scheduled' retrieved from /opt/airflow/dags/dag_09_gcp_taxi_scheduled.py
[2026-06-16T15:16:58.407+0000] {logging_mixin.py:188} INFO - [2026-06-16T15:16:58.407+0000] {dag.py:3089} INFO - Sync 1 DAGs
[2026-06-16T15:16:58.460+0000] {processor.py:183} INFO - Processing /opt/airflow/dags/dag_09_gcp_taxi_scheduled.py took 0.134 seconds
[2026-06-16T15:17:29.363+0000] {processor.py:161} INFO - Started process (PID=14293) to work on /opt/airflow/dags/dag_09_gcp_taxi_scheduled.py
[2026-06-16T15:17:29.374+0000] {processor.py:830} INFO - Processing file /opt/airflow/dags/dag_09_gcp_taxi_scheduled.py for tasks to queue
[2026-06-16T15:17:29.376+0000] {logging_mixin.py:188} INFO - [2026-06-16T15:17:29.376+0000] {dagbag.py:545} INFO - Filling up the DagBag from /opt/airflow/dags/dag_09_gcp_taxi_scheduled.py
[2026-06-16T15:17:29.392+0000] {processor.py:840} INFO - DAG(s) '09_gcp_taxi_scheduled' retrieved from /opt/airflow/dags/dag_09_gcp_taxi_scheduled.py
[2026-06-16T15:17:29.436+0000] {logging_mixin.py:188} INFO - [2026-06-16T15:17:29.436+0000] {dag.py:3089} INFO - Sync 1 DAGs
[2026-06-16T15:17:29.489+0000] {processor.py:183} INFO - Processing /opt/airflow/dags/dag_09_gcp_taxi_scheduled.py took 0.136 seconds
[2026-06-16T15:18:00.448+0000] {processor.py:161} INFO - Started process (PID=14333) to work on /opt/airflow/dags/dag_09_gcp_taxi_scheduled.py
[2026-06-16T15:18:00.450+0000] {processor.py:830} INFO - Processing file /opt/airflow/dags/dag_09_gcp_taxi_scheduled.py for tasks to queue
[2026-06-16T15:18:00.452+0000] {logging_mixin.py:188} INFO - [2026-06-16T15:18:00.451+0000] {dagbag.py:545} INFO - Filling up the DagBag from /opt/airflow/dags/dag_09_gcp_taxi_scheduled.py
[2026-06-16T15:18:00.469+0000] {processor.py:840} INFO - DAG(s) '09_gcp_taxi_scheduled' retrieved from /opt/airflow/dags/dag_09_gcp_taxi_scheduled.py
[2026-06-16T15:18:00.520+0000] {logging_mixin.py:188} INFO - [2026-06-16T15:18:00.520+0000] {dag.py:3089} INFO - Sync 1 DAGs
[2026-06-16T15:18:00.575+0000] {processor.py:183} INFO - Processing /opt/airflow/dags/dag_09_gcp_taxi_scheduled.py took 0.137 seconds
[2026-06-16T15:18:31.401+0000] {processor.py:161} INFO - Started process (PID=14373) to work on /opt/airflow/dags/dag_09_gcp_taxi_scheduled.py
[2026-06-16T15:18:31.403+0000] {processor.py:830} INFO - Processing file /opt/airflow/dags/dag_09_gcp_taxi_scheduled.py for tasks to queue
[2026-06-16T15:18:31.405+0000] {logging_mixin.py:188} INFO - [2026-06-16T15:18:31.404+0000] {dagbag.py:545} INFO - Filling up the DagBag from /opt/airflow/dags/dag_09_gcp_taxi_scheduled.py
[2026-06-16T15:18:31.420+0000] {processor.py:840} INFO - DAG(s) '09_gcp_taxi_scheduled' retrieved from /opt/airflow/dags/dag_09_gcp_taxi_scheduled.py
[2026-06-16T15:18:31.466+0000] {logging_mixin.py:188} INFO - [2026-06-16T15:18:31.465+0000] {dag.py:3089} INFO - Sync 1 DAGs
[2026-06-16T15:18:31.517+0000] {processor.py:183} INFO - Processing /opt/airflow/dags/dag_09_gcp_taxi_scheduled.py took 0.126 seconds
[2026-06-16T15:19:02.520+0000] {processor.py:161} INFO - Started process (PID=14413) to work on /opt/airflow/dags/dag_09_gcp_taxi_scheduled.py
[2026-06-16T15:19:02.531+0000] {processor.py:830} INFO - Processing file /opt/airflow/dags/dag_09_gcp_taxi_scheduled.py for tasks to queue
[2026-06-16T15:19:02.534+0000] {logging_mixin.py:188} INFO - [2026-06-16T15:19:02.533+0000] {dagbag.py:545} INFO - Filling up the DagBag from /opt/airflow/dags/dag_09_gcp_taxi_scheduled.py
[2026-06-16T15:19:02.550+0000] {processor.py:840} INFO - DAG(s) '09_gcp_taxi_scheduled' retrieved from /opt/airflow/dags/dag_09_gcp_taxi_scheduled.py
[2026-06-16T15:19:02.595+0000] {logging_mixin.py:188} INFO - [2026-06-16T15:19:02.595+0000] {dag.py:3089} INFO - Sync 1 DAGs
[2026-06-16T15:19:02.645+0000] {processor.py:183} INFO - Processing /opt/airflow/dags/dag_09_gcp_taxi_scheduled.py took 0.135 seconds
[2026-06-16T15:19:32.697+0000] {processor.py:161} INFO - Started process (PID=14453) to work on /opt/airflow/dags/dag_09_gcp_taxi_scheduled.py
[2026-06-16T15:19:32.699+0000] {processor.py:830} INFO - Processing file /opt/airflow/dags/dag_09_gcp_taxi_scheduled.py for tasks to queue
[2026-06-16T15:19:32.701+0000] {logging_mixin.py:188} INFO - [2026-06-16T15:19:32.701+0000] {dagbag.py:545} INFO - Filling up the DagBag from /opt/airflow/dags/dag_09_gcp_taxi_scheduled.py
[2026-06-16T15:19:32.724+0000] {processor.py:840} INFO - DAG(s) '09_gcp_taxi_scheduled' retrieved from /opt/airflow/dags/dag_09_gcp_taxi_scheduled.py
[2026-06-16T15:19:32.790+0000] {logging_mixin.py:188} INFO - [2026-06-16T15:19:32.789+0000] {dag.py:3089} INFO - Sync 1 DAGs
[2026-06-16T15:19:32.846+0000] {processor.py:183} INFO - Processing /opt/airflow/dags/dag_09_gcp_taxi_scheduled.py took 0.159 seconds
[2026-06-16T15:20:02.954+0000] {processor.py:161} INFO - Started process (PID=14493) to work on /opt/airflow/dags/dag_09_gcp_taxi_scheduled.py
[2026-06-16T15:20:02.956+0000] {processor.py:830} INFO - Processing file /opt/airflow/dags/dag_09_gcp_taxi_scheduled.py for tasks to queue
[2026-06-16T15:20:02.958+0000] {logging_mixin.py:188} INFO - [2026-06-16T15:20:02.957+0000] {dagbag.py:545} INFO - Filling up the DagBag from /opt/airflow/dags/dag_09_gcp_taxi_scheduled.py
[2026-06-16T15:20:02.975+0000] {processor.py:840} INFO - DAG(s) '09_gcp_taxi_scheduled' retrieved from /opt/airflow/dags/dag_09_gcp_taxi_scheduled.py
[2026-06-16T15:20:03.023+0000] {logging_mixin.py:188} INFO - [2026-06-16T15:20:03.023+0000] {dag.py:3089} INFO - Sync 1 DAGs
[2026-06-16T15:20:03.076+0000] {processor.py:183} INFO - Processing /opt/airflow/dags/dag_09_gcp_taxi_scheduled.py took 0.132 seconds
[2026-06-16T15:20:33.160+0000] {processor.py:161} INFO - Started process (PID=14533) to work on /opt/airflow/dags/dag_09_gcp_taxi_scheduled.py
[2026-06-16T15:20:33.162+0000] {processor.py:830} INFO - Processing file /opt/airflow/dags/dag_09_gcp_taxi_scheduled.py for tasks to queue
[2026-06-16T15:20:33.164+0000] {logging_mixin.py:188} INFO - [2026-06-16T15:20:33.164+0000] {dagbag.py:545} INFO - Filling up the DagBag from /opt/airflow/dags/dag_09_gcp_taxi_scheduled.py
[2026-06-16T15:20:33.180+0000] {processor.py:840} INFO - DAG(s) '09_gcp_taxi_scheduled' retrieved from /opt/airflow/dags/dag_09_gcp_taxi_scheduled.py
[2026-06-16T15:20:33.232+0000] {logging_mixin.py:188} INFO - [2026-06-16T15:20:33.232+0000] {dag.py:3089} INFO - Sync 1 DAGs
[2026-06-16T15:20:33.285+0000] {processor.py:183} INFO - Processing /opt/airflow/dags/dag_09_gcp_taxi_scheduled.py took 0.134 seconds
[2026-06-16T15:21:03.358+0000] {processor.py:161} INFO - Started process (PID=14573) to work on /opt/airflow/dags/dag_09_gcp_taxi_scheduled.py
[2026-06-16T15:21:03.368+0000] {processor.py:830} INFO - Processing file /opt/airflow/dags/dag_09_gcp_taxi_scheduled.py for tasks to queue
[2026-06-16T15:21:03.371+0000] {logging_mixin.py:188} INFO - [2026-06-16T15:21:03.370+0000] {dagbag.py:545} INFO - Filling up the DagBag from /opt/airflow/dags/dag_09_gcp_taxi_scheduled.py
[2026-06-16T15:21:03.391+0000] {processor.py:840} INFO - DAG(s) '09_gcp_taxi_scheduled' retrieved from /opt/airflow/dags/dag_09_gcp_taxi_scheduled.py
[2026-06-16T15:21:03.441+0000] {logging_mixin.py:188} INFO - [2026-06-16T15:21:03.441+0000] {dag.py:3089} INFO - Sync 1 DAGs
[2026-06-16T15:21:03.498+0000] {processor.py:183} INFO - Processing /opt/airflow/dags/dag_09_gcp_taxi_scheduled.py took 0.154 seconds
[2026-06-16T15:21:33.562+0000] {processor.py:161} INFO - Started process (PID=14613) to work on /opt/airflow/dags/dag_09_gcp_taxi_scheduled.py
[2026-06-16T15:21:33.563+0000] {processor.py:830} INFO - Processing file /opt/airflow/dags/dag_09_gcp_taxi_scheduled.py for tasks to queue
[2026-06-16T15:21:33.565+0000] {logging_mixin.py:188} INFO - [2026-06-16T15:21:33.565+0000] {dagbag.py:545} INFO - Filling up the DagBag from /opt/airflow/dags/dag_09_gcp_taxi_scheduled.py
[2026-06-16T15:21:33.584+0000] {processor.py:840} INFO - DAG(s) '09_gcp_taxi_scheduled' retrieved from /opt/airflow/dags/dag_09_gcp_taxi_scheduled.py
[2026-06-16T15:21:33.636+0000] {logging_mixin.py:188} INFO - [2026-06-16T15:21:33.636+0000] {dag.py:3089} INFO - Sync 1 DAGs
[2026-06-16T15:21:33.693+0000] {processor.py:183} INFO - Processing /opt/airflow/dags/dag_09_gcp_taxi_scheduled.py took 0.144 seconds
[2026-06-16T15:22:03.762+0000] {processor.py:161} INFO - Started process (PID=14653) to work on /opt/airflow/dags/dag_09_gcp_taxi_scheduled.py
[2026-06-16T15:22:03.772+0000] {processor.py:830} INFO - Processing file /opt/airflow/dags/dag_09_gcp_taxi_scheduled.py for tasks to queue
[2026-06-16T15:22:03.774+0000] {logging_mixin.py:188} INFO - [2026-06-16T15:22:03.774+0000] {dagbag.py:545} INFO - Filling up the DagBag from /opt/airflow/dags/dag_09_gcp_taxi_scheduled.py
[2026-06-16T15:22:03.790+0000] {processor.py:840} INFO - DAG(s) '09_gcp_taxi_scheduled' retrieved from /opt/airflow/dags/dag_09_gcp_taxi_scheduled.py
[2026-06-16T15:22:03.839+0000] {logging_mixin.py:188} INFO - [2026-06-16T15:22:03.839+0000] {dag.py:3089} INFO - Sync 1 DAGs
[2026-06-16T15:22:03.889+0000] {processor.py:183} INFO - Processing /opt/airflow/dags/dag_09_gcp_taxi_scheduled.py took 0.136 seconds
[2026-06-16T15:22:33.935+0000] {processor.py:161} INFO - Started process (PID=14693) to work on /opt/airflow/dags/dag_09_gcp_taxi_scheduled.py
[2026-06-16T15:22:33.937+0000] {processor.py:830} INFO - Processing file /opt/airflow/dags/dag_09_gcp_taxi_scheduled.py for tasks to queue
[2026-06-16T15:22:33.940+0000] {logging_mixin.py:188} INFO - [2026-06-16T15:22:33.939+0000] {dagbag.py:545} INFO - Filling up the DagBag from /opt/airflow/dags/dag_09_gcp_taxi_scheduled.py
[2026-06-16T15:22:33.961+0000] {processor.py:840} INFO - DAG(s) '09_gcp_taxi_scheduled' retrieved from /opt/airflow/dags/dag_09_gcp_taxi_scheduled.py
[2026-06-16T15:22:34.010+0000] {logging_mixin.py:188} INFO - [2026-06-16T15:22:34.010+0000] {dag.py:3089} INFO - Sync 1 DAGs
[2026-06-16T15:22:34.064+0000] {processor.py:183} INFO - Processing /opt/airflow/dags/dag_09_gcp_taxi_scheduled.py took 0.139 seconds
[2026-06-16T15:23:04.168+0000] {processor.py:161} INFO - Started process (PID=14733) to work on /opt/airflow/dags/dag_09_gcp_taxi_scheduled.py
[2026-06-16T15:23:04.170+0000] {processor.py:830} INFO - Processing file /opt/airflow/dags/dag_09_gcp_taxi_scheduled.py for tasks to queue
[2026-06-16T15:23:04.172+0000] {logging_mixin.py:188} INFO - [2026-06-16T15:23:04.172+0000] {dagbag.py:545} INFO - Filling up the DagBag from /opt/airflow/dags/dag_09_gcp_taxi_scheduled.py
[2026-06-16T15:23:04.188+0000] {processor.py:840} INFO - DAG(s) '09_gcp_taxi_scheduled' retrieved from /opt/airflow/dags/dag_09_gcp_taxi_scheduled.py
[2026-06-16T15:23:04.239+0000] {logging_mixin.py:188} INFO - [2026-06-16T15:23:04.239+0000] {dag.py:3089} INFO - Sync 1 DAGs
[2026-06-16T15:23:04.293+0000] {processor.py:183} INFO - Processing /opt/airflow/dags/dag_09_gcp_taxi_scheduled.py took 0.135 seconds
[2026-06-16T15:23:34.354+0000] {processor.py:161} INFO - Started process (PID=14773) to work on /opt/airflow/dags/dag_09_gcp_taxi_scheduled.py
[2026-06-16T15:23:34.355+0000] {processor.py:830} INFO - Processing file /opt/airflow/dags/dag_09_gcp_taxi_scheduled.py for tasks to queue
[2026-06-16T15:23:34.357+0000] {logging_mixin.py:188} INFO - [2026-06-16T15:23:34.356+0000] {dagbag.py:545} INFO - Filling up the DagBag from /opt/airflow/dags/dag_09_gcp_taxi_scheduled.py
[2026-06-16T15:23:34.373+0000] {processor.py:840} INFO - DAG(s) '09_gcp_taxi_scheduled' retrieved from /opt/airflow/dags/dag_09_gcp_taxi_scheduled.py
[2026-06-16T15:23:34.423+0000] {logging_mixin.py:188} INFO - [2026-06-16T15:23:34.423+0000] {dag.py:3089} INFO - Sync 1 DAGs
[2026-06-16T15:23:34.478+0000] {processor.py:183} INFO - Processing /opt/airflow/dags/dag_09_gcp_taxi_scheduled.py took 0.134 seconds
[2026-06-16T15:24:04.560+0000] {processor.py:161} INFO - Started process (PID=14813) to work on /opt/airflow/dags/dag_09_gcp_taxi_scheduled.py
[2026-06-16T15:24:04.562+0000] {processor.py:830} INFO - Processing file /opt/airflow/dags/dag_09_gcp_taxi_scheduled.py for tasks to queue
[2026-06-16T15:24:04.564+0000] {logging_mixin.py:188} INFO - [2026-06-16T15:24:04.564+0000] {dagbag.py:545} INFO - Filling up the DagBag from /opt/airflow/dags/dag_09_gcp_taxi_scheduled.py
[2026-06-16T15:24:04.580+0000] {processor.py:840} INFO - DAG(s) '09_gcp_taxi_scheduled' retrieved from /opt/airflow/dags/dag_09_gcp_taxi_scheduled.py
[2026-06-16T15:24:04.625+0000] {logging_mixin.py:188} INFO - [2026-06-16T15:24:04.625+0000] {dag.py:3089} INFO - Sync 1 DAGs
[2026-06-16T15:24:04.675+0000] {processor.py:183} INFO - Processing /opt/airflow/dags/dag_09_gcp_taxi_scheduled.py took 0.125 seconds
[2026-06-16T15:24:35.608+0000] {processor.py:161} INFO - Started process (PID=14853) to work on /opt/airflow/dags/dag_09_gcp_taxi_scheduled.py
[2026-06-16T15:24:35.610+0000] {processor.py:830} INFO - Processing file /opt/airflow/dags/dag_09_gcp_taxi_scheduled.py for tasks to queue
[2026-06-16T15:24:35.612+0000] {logging_mixin.py:188} INFO - [2026-06-16T15:24:35.611+0000] {dagbag.py:545} INFO - Filling up the DagBag from /opt/airflow/dags/dag_09_gcp_taxi_scheduled.py
[2026-06-16T15:24:35.629+0000] {processor.py:840} INFO - DAG(s) '09_gcp_taxi_scheduled' retrieved from /opt/airflow/dags/dag_09_gcp_taxi_scheduled.py
[2026-06-16T15:24:35.676+0000] {logging_mixin.py:188} INFO - [2026-06-16T15:24:35.676+0000] {dag.py:3089} INFO - Sync 1 DAGs
[2026-06-16T15:24:35.730+0000] {processor.py:183} INFO - Processing /opt/airflow/dags/dag_09_gcp_taxi_scheduled.py took 0.130 seconds
[2026-06-16T15:25:06.548+0000] {processor.py:161} INFO - Started process (PID=14893) to work on /opt/airflow/dags/dag_09_gcp_taxi_scheduled.py
[2026-06-16T15:25:06.550+0000] {processor.py:830} INFO - Processing file /opt/airflow/dags/dag_09_gcp_taxi_scheduled.py for tasks to queue
[2026-06-16T15:25:06.552+0000] {logging_mixin.py:188} INFO - [2026-06-16T15:25:06.551+0000] {dagbag.py:545} INFO - Filling up the DagBag from /opt/airflow/dags/dag_09_gcp_taxi_scheduled.py
[2026-06-16T15:25:06.568+0000] {processor.py:840} INFO - DAG(s) '09_gcp_taxi_scheduled' retrieved from /opt/airflow/dags/dag_09_gcp_taxi_scheduled.py
[2026-06-16T15:25:06.621+0000] {logging_mixin.py:188} INFO - [2026-06-16T15:25:06.621+0000] {dag.py:3089} INFO - Sync 1 DAGs
[2026-06-16T15:25:06.679+0000] {processor.py:183} INFO - Processing /opt/airflow/dags/dag_09_gcp_taxi_scheduled.py took 0.144 seconds
[2026-06-16T15:25:36.822+0000] {processor.py:161} INFO - Started process (PID=14933) to work on /opt/airflow/dags/dag_09_gcp_taxi_scheduled.py
[2026-06-16T15:25:36.824+0000] {processor.py:830} INFO - Processing file /opt/airflow/dags/dag_09_gcp_taxi_scheduled.py for tasks to queue
[2026-06-16T15:25:36.826+0000] {logging_mixin.py:188} INFO - [2026-06-16T15:25:36.825+0000] {dagbag.py:545} INFO - Filling up the DagBag from /opt/airflow/dags/dag_09_gcp_taxi_scheduled.py
[2026-06-16T15:25:36.841+0000] {processor.py:840} INFO - DAG(s) '09_gcp_taxi_scheduled' retrieved from /opt/airflow/dags/dag_09_gcp_taxi_scheduled.py
[2026-06-16T15:25:36.896+0000] {logging_mixin.py:188} INFO - [2026-06-16T15:25:36.896+0000] {dag.py:3089} INFO - Sync 1 DAGs
[2026-06-16T15:25:36.975+0000] {processor.py:183} INFO - Processing /opt/airflow/dags/dag_09_gcp_taxi_scheduled.py took 0.163 seconds
[2026-06-16T15:26:07.051+0000] {processor.py:161} INFO - Started process (PID=14973) to work on /opt/airflow/dags/dag_09_gcp_taxi_scheduled.py
[2026-06-16T15:26:07.061+0000] {processor.py:830} INFO - Processing file /opt/airflow/dags/dag_09_gcp_taxi_scheduled.py for tasks to queue
[2026-06-16T15:26:07.063+0000] {logging_mixin.py:188} INFO - [2026-06-16T15:26:07.063+0000] {dagbag.py:545} INFO - Filling up the DagBag from /opt/airflow/dags/dag_09_gcp_taxi_scheduled.py
[2026-06-16T15:26:07.080+0000] {processor.py:840} INFO - DAG(s) '09_gcp_taxi_scheduled' retrieved from /opt/airflow/dags/dag_09_gcp_taxi_scheduled.py
[2026-06-16T15:26:07.131+0000] {logging_mixin.py:188} INFO - [2026-06-16T15:26:07.131+0000] {dag.py:3089} INFO - Sync 1 DAGs
[2026-06-16T15:26:07.188+0000] {processor.py:183} INFO - Processing /opt/airflow/dags/dag_09_gcp_taxi_scheduled.py took 0.145 seconds
[2026-06-16T15:26:38.147+0000] {processor.py:161} INFO - Started process (PID=15013) to work on /opt/airflow/dags/dag_09_gcp_taxi_scheduled.py
[2026-06-16T15:26:38.158+0000] {processor.py:830} INFO - Processing file /opt/airflow/dags/dag_09_gcp_taxi_scheduled.py for tasks to queue
[2026-06-16T15:26:38.161+0000] {logging_mixin.py:188} INFO - [2026-06-16T15:26:38.160+0000] {dagbag.py:545} INFO - Filling up the DagBag from /opt/airflow/dags/dag_09_gcp_taxi_scheduled.py
[2026-06-16T15:26:38.180+0000] {processor.py:840} INFO - DAG(s) '09_gcp_taxi_scheduled' retrieved from /opt/airflow/dags/dag_09_gcp_taxi_scheduled.py
[2026-06-16T15:26:38.228+0000] {logging_mixin.py:188} INFO - [2026-06-16T15:26:38.227+0000] {dag.py:3089} INFO - Sync 1 DAGs
[2026-06-16T15:26:38.280+0000] {processor.py:183} INFO - Processing /opt/airflow/dags/dag_09_gcp_taxi_scheduled.py took 0.144 seconds
[2026-06-16T15:27:09.247+0000] {processor.py:161} INFO - Started process (PID=15053) to work on /opt/airflow/dags/dag_09_gcp_taxi_scheduled.py
[2026-06-16T15:27:09.249+0000] {processor.py:830} INFO - Processing file /opt/airflow/dags/dag_09_gcp_taxi_scheduled.py for tasks to queue
[2026-06-16T15:27:09.251+0000] {logging_mixin.py:188} INFO - [2026-06-16T15:27:09.250+0000] {dagbag.py:545} INFO - Filling up the DagBag from /opt/airflow/dags/dag_09_gcp_taxi_scheduled.py
[2026-06-16T15:27:09.267+0000] {processor.py:840} INFO - DAG(s) '09_gcp_taxi_scheduled' retrieved from /opt/airflow/dags/dag_09_gcp_taxi_scheduled.py
[2026-06-16T15:27:09.315+0000] {logging_mixin.py:188} INFO - [2026-06-16T15:27:09.314+0000] {dag.py:3089} INFO - Sync 1 DAGs
[2026-06-16T15:27:09.370+0000] {processor.py:183} INFO - Processing /opt/airflow/dags/dag_09_gcp_taxi_scheduled.py took 0.133 seconds
[2026-06-16T15:27:40.365+0000] {processor.py:161} INFO - Started process (PID=15093) to work on /opt/airflow/dags/dag_09_gcp_taxi_scheduled.py
[2026-06-16T15:27:40.367+0000] {processor.py:830} INFO - Processing file /opt/airflow/dags/dag_09_gcp_taxi_scheduled.py for tasks to queue
[2026-06-16T15:27:40.369+0000] {logging_mixin.py:188} INFO - [2026-06-16T15:27:40.369+0000] {dagbag.py:545} INFO - Filling up the DagBag from /opt/airflow/dags/dag_09_gcp_taxi_scheduled.py
[2026-06-16T15:27:40.385+0000] {processor.py:840} INFO - DAG(s) '09_gcp_taxi_scheduled' retrieved from /opt/airflow/dags/dag_09_gcp_taxi_scheduled.py
[2026-06-16T15:27:40.445+0000] {logging_mixin.py:188} INFO - [2026-06-16T15:27:40.445+0000] {dag.py:3089} INFO - Sync 1 DAGs
[2026-06-16T15:27:40.511+0000] {processor.py:183} INFO - Processing /opt/airflow/dags/dag_09_gcp_taxi_scheduled.py took 0.156 seconds
[2026-06-16T15:28:11.420+0000] {processor.py:161} INFO - Started process (PID=15133) to work on /opt/airflow/dags/dag_09_gcp_taxi_scheduled.py
[2026-06-16T15:28:11.421+0000] {processor.py:830} INFO - Processing file /opt/airflow/dags/dag_09_gcp_taxi_scheduled.py for tasks to queue
[2026-06-16T15:28:11.424+0000] {logging_mixin.py:188} INFO - [2026-06-16T15:28:11.423+0000] {dagbag.py:545} INFO - Filling up the DagBag from /opt/airflow/dags/dag_09_gcp_taxi_scheduled.py
[2026-06-16T15:28:11.439+0000] {processor.py:840} INFO - DAG(s) '09_gcp_taxi_scheduled' retrieved from /opt/airflow/dags/dag_09_gcp_taxi_scheduled.py
[2026-06-16T15:28:11.492+0000] {logging_mixin.py:188} INFO - [2026-06-16T15:28:11.492+0000] {dag.py:3089} INFO - Sync 1 DAGs
[2026-06-16T15:28:11.564+0000] {processor.py:183} INFO - Processing /opt/airflow/dags/dag_09_gcp_taxi_scheduled.py took 0.154 seconds
[2026-06-16T15:28:42.384+0000] {processor.py:161} INFO - Started process (PID=15173) to work on /opt/airflow/dags/dag_09_gcp_taxi_scheduled.py
[2026-06-16T15:28:42.395+0000] {processor.py:830} INFO - Processing file /opt/airflow/dags/dag_09_gcp_taxi_scheduled.py for tasks to queue
[2026-06-16T15:28:42.397+0000] {logging_mixin.py:188} INFO - [2026-06-16T15:28:42.397+0000] {dagbag.py:545} INFO - Filling up the DagBag from /opt/airflow/dags/dag_09_gcp_taxi_scheduled.py
[2026-06-16T15:28:42.414+0000] {processor.py:840} INFO - DAG(s) '09_gcp_taxi_scheduled' retrieved from /opt/airflow/dags/dag_09_gcp_taxi_scheduled.py
[2026-06-16T15:28:42.458+0000] {logging_mixin.py:188} INFO - [2026-06-16T15:28:42.458+0000] {dag.py:3089} INFO - Sync 1 DAGs
[2026-06-16T15:28:42.509+0000] {processor.py:183} INFO - Processing /opt/airflow/dags/dag_09_gcp_taxi_scheduled.py took 0.135 seconds
[2026-06-16T15:29:13.378+0000] {processor.py:161} INFO - Started process (PID=15213) to work on /opt/airflow/dags/dag_09_gcp_taxi_scheduled.py
[2026-06-16T15:29:13.388+0000] {processor.py:830} INFO - Processing file /opt/airflow/dags/dag_09_gcp_taxi_scheduled.py for tasks to queue
[2026-06-16T15:29:13.390+0000] {logging_mixin.py:188} INFO - [2026-06-16T15:29:13.389+0000] {dagbag.py:545} INFO - Filling up the DagBag from /opt/airflow/dags/dag_09_gcp_taxi_scheduled.py
[2026-06-16T15:29:13.406+0000] {processor.py:840} INFO - DAG(s) '09_gcp_taxi_scheduled' retrieved from /opt/airflow/dags/dag_09_gcp_taxi_scheduled.py
[2026-06-16T15:29:13.450+0000] {logging_mixin.py:188} INFO - [2026-06-16T15:29:13.449+0000] {dag.py:3089} INFO - Sync 1 DAGs
[2026-06-16T15:29:13.509+0000] {processor.py:183} INFO - Processing /opt/airflow/dags/dag_09_gcp_taxi_scheduled.py took 0.141 seconds
[2026-06-16T15:29:44.508+0000] {processor.py:161} INFO - Started process (PID=15253) to work on /opt/airflow/dags/dag_09_gcp_taxi_scheduled.py
[2026-06-16T15:29:44.510+0000] {processor.py:830} INFO - Processing file /opt/airflow/dags/dag_09_gcp_taxi_scheduled.py for tasks to queue
[2026-06-16T15:29:44.512+0000] {logging_mixin.py:188} INFO - [2026-06-16T15:29:44.512+0000] {dagbag.py:545} INFO - Filling up the DagBag from /opt/airflow/dags/dag_09_gcp_taxi_scheduled.py
[2026-06-16T15:29:44.530+0000] {processor.py:840} INFO - DAG(s) '09_gcp_taxi_scheduled' retrieved from /opt/airflow/dags/dag_09_gcp_taxi_scheduled.py
[2026-06-16T15:29:44.582+0000] {logging_mixin.py:188} INFO - [2026-06-16T15:29:44.581+0000] {dag.py:3089} INFO - Sync 1 DAGs
[2026-06-16T15:29:44.642+0000] {processor.py:183} INFO - Processing /opt/airflow/dags/dag_09_gcp_taxi_scheduled.py took 0.145 seconds
[2026-06-16T15:30:15.636+0000] {processor.py:161} INFO - Started process (PID=15293) to work on /opt/airflow/dags/dag_09_gcp_taxi_scheduled.py
[2026-06-16T15:30:15.638+0000] {processor.py:830} INFO - Processing file /opt/airflow/dags/dag_09_gcp_taxi_scheduled.py for tasks to queue
[2026-06-16T15:30:15.640+0000] {logging_mixin.py:188} INFO - [2026-06-16T15:30:15.639+0000] {dagbag.py:545} INFO - Filling up the DagBag from /opt/airflow/dags/dag_09_gcp_taxi_scheduled.py
[2026-06-16T15:30:15.655+0000] {processor.py:840} INFO - DAG(s) '09_gcp_taxi_scheduled' retrieved from /opt/airflow/dags/dag_09_gcp_taxi_scheduled.py
[2026-06-16T15:30:15.701+0000] {logging_mixin.py:188} INFO - [2026-06-16T15:30:15.701+0000] {dag.py:3089} INFO - Sync 1 DAGs
[2026-06-16T15:30:15.751+0000] {processor.py:183} INFO - Processing /opt/airflow/dags/dag_09_gcp_taxi_scheduled.py took 0.127 seconds
[2026-06-16T15:30:45.857+0000] {processor.py:161} INFO - Started process (PID=15333) to work on /opt/airflow/dags/dag_09_gcp_taxi_scheduled.py
[2026-06-16T15:30:45.858+0000] {processor.py:830} INFO - Processing file /opt/airflow/dags/dag_09_gcp_taxi_scheduled.py for tasks to queue
[2026-06-16T15:30:45.861+0000] {logging_mixin.py:188} INFO - [2026-06-16T15:30:45.860+0000] {dagbag.py:545} INFO - Filling up the DagBag from /opt/airflow/dags/dag_09_gcp_taxi_scheduled.py
[2026-06-16T15:30:45.877+0000] {processor.py:840} INFO - DAG(s) '09_gcp_taxi_scheduled' retrieved from /opt/airflow/dags/dag_09_gcp_taxi_scheduled.py
[2026-06-16T15:30:45.926+0000] {logging_mixin.py:188} INFO - [2026-06-16T15:30:45.925+0000] {dag.py:3089} INFO - Sync 1 DAGs
[2026-06-16T15:30:45.978+0000] {processor.py:183} INFO - Processing /opt/airflow/dags/dag_09_gcp_taxi_scheduled.py took 0.132 seconds
[2026-06-16T15:31:16.968+0000] {processor.py:161} INFO - Started process (PID=15373) to work on /opt/airflow/dags/dag_09_gcp_taxi_scheduled.py
[2026-06-16T15:31:16.980+0000] {processor.py:830} INFO - Processing file /opt/airflow/dags/dag_09_gcp_taxi_scheduled.py for tasks to queue
[2026-06-16T15:31:16.982+0000] {logging_mixin.py:188} INFO - [2026-06-16T15:31:16.981+0000] {dagbag.py:545} INFO - Filling up the DagBag from /opt/airflow/dags/dag_09_gcp_taxi_scheduled.py
[2026-06-16T15:31:16.998+0000] {processor.py:840} INFO - DAG(s) '09_gcp_taxi_scheduled' retrieved from /opt/airflow/dags/dag_09_gcp_taxi_scheduled.py
[2026-06-16T15:31:17.044+0000] {logging_mixin.py:188} INFO - [2026-06-16T15:31:17.043+0000] {dag.py:3089} INFO - Sync 1 DAGs
[2026-06-16T15:31:17.093+0000] {processor.py:183} INFO - Processing /opt/airflow/dags/dag_09_gcp_taxi_scheduled.py took 0.137 seconds
[2026-06-16T15:31:47.945+0000] {processor.py:161} INFO - Started process (PID=15413) to work on /opt/airflow/dags/dag_09_gcp_taxi_scheduled.py
[2026-06-16T15:31:47.947+0000] {processor.py:830} INFO - Processing file /opt/airflow/dags/dag_09_gcp_taxi_scheduled.py for tasks to queue
[2026-06-16T15:31:47.949+0000] {logging_mixin.py:188} INFO - [2026-06-16T15:31:47.948+0000] {dagbag.py:545} INFO - Filling up the DagBag from /opt/airflow/dags/dag_09_gcp_taxi_scheduled.py
[2026-06-16T15:31:47.965+0000] {processor.py:840} INFO - DAG(s) '09_gcp_taxi_scheduled' retrieved from /opt/airflow/dags/dag_09_gcp_taxi_scheduled.py
[2026-06-16T15:31:48.013+0000] {logging_mixin.py:188} INFO - [2026-06-16T15:31:48.013+0000] {dag.py:3089} INFO - Sync 1 DAGs
[2026-06-16T15:31:48.068+0000] {processor.py:183} INFO - Processing /opt/airflow/dags/dag_09_gcp_taxi_scheduled.py took 0.133 seconds
[2026-06-16T15:32:18.235+0000] {processor.py:161} INFO - Started process (PID=15458) to work on /opt/airflow/dags/dag_09_gcp_taxi_scheduled.py
[2026-06-16T15:32:18.237+0000] {processor.py:830} INFO - Processing file /opt/airflow/dags/dag_09_gcp_taxi_scheduled.py for tasks to queue
[2026-06-16T15:32:18.239+0000] {logging_mixin.py:188} INFO - [2026-06-16T15:32:18.238+0000] {dagbag.py:545} INFO - Filling up the DagBag from /opt/airflow/dags/dag_09_gcp_taxi_scheduled.py
[2026-06-16T15:32:18.255+0000] {processor.py:840} INFO - DAG(s) '09_gcp_taxi_scheduled' retrieved from /opt/airflow/dags/dag_09_gcp_taxi_scheduled.py
[2026-06-16T15:32:18.306+0000] {logging_mixin.py:188} INFO - [2026-06-16T15:32:18.306+0000] {dag.py:3089} INFO - Sync 1 DAGs
[2026-06-16T15:32:18.363+0000] {processor.py:183} INFO - Processing /opt/airflow/dags/dag_09_gcp_taxi_scheduled.py took 0.138 seconds
[2026-06-16T15:32:49.202+0000] {processor.py:161} INFO - Started process (PID=15493) to work on /opt/airflow/dags/dag_09_gcp_taxi_scheduled.py
[2026-06-16T15:32:49.212+0000] {processor.py:830} INFO - Processing file /opt/airflow/dags/dag_09_gcp_taxi_scheduled.py for tasks to queue
[2026-06-16T15:32:49.214+0000] {logging_mixin.py:188} INFO - [2026-06-16T15:32:49.214+0000] {dagbag.py:545} INFO - Filling up the DagBag from /opt/airflow/dags/dag_09_gcp_taxi_scheduled.py
[2026-06-16T15:32:49.229+0000] {processor.py:840} INFO - DAG(s) '09_gcp_taxi_scheduled' retrieved from /opt/airflow/dags/dag_09_gcp_taxi_scheduled.py
[2026-06-16T15:32:49.276+0000] {logging_mixin.py:188} INFO - [2026-06-16T15:32:49.276+0000] {dag.py:3089} INFO - Sync 1 DAGs
[2026-06-16T15:32:49.326+0000] {processor.py:183} INFO - Processing /opt/airflow/dags/dag_09_gcp_taxi_scheduled.py took 0.134 seconds
[2026-06-16T15:33:20.159+0000] {processor.py:161} INFO - Started process (PID=15533) to work on /opt/airflow/dags/dag_09_gcp_taxi_scheduled.py
[2026-06-16T15:33:20.160+0000] {processor.py:830} INFO - Processing file /opt/airflow/dags/dag_09_gcp_taxi_scheduled.py for tasks to queue
[2026-06-16T15:33:20.162+0000] {logging_mixin.py:188} INFO - [2026-06-16T15:33:20.162+0000] {dagbag.py:545} INFO - Filling up the DagBag from /opt/airflow/dags/dag_09_gcp_taxi_scheduled.py
[2026-06-16T15:33:20.178+0000] {processor.py:840} INFO - DAG(s) '09_gcp_taxi_scheduled' retrieved from /opt/airflow/dags/dag_09_gcp_taxi_scheduled.py
[2026-06-16T15:33:20.227+0000] {logging_mixin.py:188} INFO - [2026-06-16T15:33:20.226+0000] {dag.py:3089} INFO - Sync 1 DAGs
[2026-06-16T15:33:20.461+0000] {processor.py:183} INFO - Processing /opt/airflow/dags/dag_09_gcp_taxi_scheduled.py took 0.310 seconds
[2026-06-16T15:33:50.541+0000] {processor.py:161} INFO - Started process (PID=15573) to work on /opt/airflow/dags/dag_09_gcp_taxi_scheduled.py
[2026-06-16T15:33:50.544+0000] {processor.py:830} INFO - Processing file /opt/airflow/dags/dag_09_gcp_taxi_scheduled.py for tasks to queue
[2026-06-16T15:33:50.546+0000] {logging_mixin.py:188} INFO - [2026-06-16T15:33:50.546+0000] {dagbag.py:545} INFO - Filling up the DagBag from /opt/airflow/dags/dag_09_gcp_taxi_scheduled.py
[2026-06-16T15:33:50.562+0000] {processor.py:840} INFO - DAG(s) '09_gcp_taxi_scheduled' retrieved from /opt/airflow/dags/dag_09_gcp_taxi_scheduled.py
[2026-06-16T15:33:50.608+0000] {logging_mixin.py:188} INFO - [2026-06-16T15:33:50.607+0000] {dag.py:3089} INFO - Sync 1 DAGs
[2026-06-16T15:33:50.657+0000] {processor.py:183} INFO - Processing /opt/airflow/dags/dag_09_gcp_taxi_scheduled.py took 0.126 seconds
[2026-06-16T15:34:20.711+0000] {processor.py:161} INFO - Started process (PID=15613) to work on /opt/airflow/dags/dag_09_gcp_taxi_scheduled.py
[2026-06-16T15:34:20.712+0000] {processor.py:830} INFO - Processing file /opt/airflow/dags/dag_09_gcp_taxi_scheduled.py for tasks to queue
[2026-06-16T15:34:20.716+0000] {logging_mixin.py:188} INFO - [2026-06-16T15:34:20.715+0000] {dagbag.py:545} INFO - Filling up the DagBag from /opt/airflow/dags/dag_09_gcp_taxi_scheduled.py
[2026-06-16T15:34:20.735+0000] {processor.py:840} INFO - DAG(s) '09_gcp_taxi_scheduled' retrieved from /opt/airflow/dags/dag_09_gcp_taxi_scheduled.py
[2026-06-16T15:34:20.786+0000] {logging_mixin.py:188} INFO - [2026-06-16T15:34:20.786+0000] {dag.py:3089} INFO - Sync 1 DAGs
[2026-06-16T15:34:20.841+0000] {processor.py:183} INFO - Processing /opt/airflow/dags/dag_09_gcp_taxi_scheduled.py took 0.143 seconds
[2026-06-16T15:34:51.679+0000] {processor.py:161} INFO - Started process (PID=15653) to work on /opt/airflow/dags/dag_09_gcp_taxi_scheduled.py
[2026-06-16T15:34:51.681+0000] {processor.py:830} INFO - Processing file /opt/airflow/dags/dag_09_gcp_taxi_scheduled.py for tasks to queue
[2026-06-16T15:34:51.683+0000] {logging_mixin.py:188} INFO - [2026-06-16T15:34:51.683+0000] {dagbag.py:545} INFO - Filling up the DagBag from /opt/airflow/dags/dag_09_gcp_taxi_scheduled.py
[2026-06-16T15:34:51.699+0000] {processor.py:840} INFO - DAG(s) '09_gcp_taxi_scheduled' retrieved from /opt/airflow/dags/dag_09_gcp_taxi_scheduled.py
[2026-06-16T15:34:51.750+0000] {logging_mixin.py:188} INFO - [2026-06-16T15:34:51.750+0000] {dag.py:3089} INFO - Sync 1 DAGs
[2026-06-16T15:34:51.972+0000] {processor.py:183} INFO - Processing /opt/airflow/dags/dag_09_gcp_taxi_scheduled.py took 0.301 seconds
[2026-06-16T15:35:22.402+0000] {processor.py:161} INFO - Started process (PID=15693) to work on /opt/airflow/dags/dag_09_gcp_taxi_scheduled.py
[2026-06-16T15:35:22.403+0000] {processor.py:830} INFO - Processing file /opt/airflow/dags/dag_09_gcp_taxi_scheduled.py for tasks to queue
[2026-06-16T15:35:22.405+0000] {logging_mixin.py:188} INFO - [2026-06-16T15:35:22.404+0000] {dagbag.py:545} INFO - Filling up the DagBag from /opt/airflow/dags/dag_09_gcp_taxi_scheduled.py
[2026-06-16T15:35:22.421+0000] {processor.py:840} INFO - DAG(s) '09_gcp_taxi_scheduled' retrieved from /opt/airflow/dags/dag_09_gcp_taxi_scheduled.py
[2026-06-16T15:35:22.473+0000] {logging_mixin.py:188} INFO - [2026-06-16T15:35:22.473+0000] {dag.py:3089} INFO - Sync 1 DAGs
[2026-06-16T15:35:22.527+0000] {processor.py:183} INFO - Processing /opt/airflow/dags/dag_09_gcp_taxi_scheduled.py took 0.134 seconds
[2026-06-16T15:35:53.462+0000] {processor.py:161} INFO - Started process (PID=15733) to work on /opt/airflow/dags/dag_09_gcp_taxi_scheduled.py
[2026-06-16T15:35:53.473+0000] {processor.py:830} INFO - Processing file /opt/airflow/dags/dag_09_gcp_taxi_scheduled.py for tasks to queue
[2026-06-16T15:35:53.476+0000] {logging_mixin.py:188} INFO - [2026-06-16T15:35:53.475+0000] {dagbag.py:545} INFO - Filling up the DagBag from /opt/airflow/dags/dag_09_gcp_taxi_scheduled.py
[2026-06-16T15:35:53.494+0000] {processor.py:840} INFO - DAG(s) '09_gcp_taxi_scheduled' retrieved from /opt/airflow/dags/dag_09_gcp_taxi_scheduled.py
[2026-06-16T15:35:53.542+0000] {logging_mixin.py:188} INFO - [2026-06-16T15:35:53.542+0000] {dag.py:3089} INFO - Sync 1 DAGs
[2026-06-16T15:35:53.600+0000] {processor.py:183} INFO - Processing /opt/airflow/dags/dag_09_gcp_taxi_scheduled.py took 0.148 seconds
[2026-06-16T15:36:23.686+0000] {processor.py:161} INFO - Started process (PID=15773) to work on /opt/airflow/dags/dag_09_gcp_taxi_scheduled.py
[2026-06-16T15:36:23.687+0000] {processor.py:830} INFO - Processing file /opt/airflow/dags/dag_09_gcp_taxi_scheduled.py for tasks to queue
[2026-06-16T15:36:23.689+0000] {logging_mixin.py:188} INFO - [2026-06-16T15:36:23.689+0000] {dagbag.py:545} INFO - Filling up the DagBag from /opt/airflow/dags/dag_09_gcp_taxi_scheduled.py
[2026-06-16T15:36:23.706+0000] {processor.py:840} INFO - DAG(s) '09_gcp_taxi_scheduled' retrieved from /opt/airflow/dags/dag_09_gcp_taxi_scheduled.py
[2026-06-16T15:36:23.753+0000] {logging_mixin.py:188} INFO - [2026-06-16T15:36:23.753+0000] {dag.py:3089} INFO - Sync 1 DAGs
[2026-06-16T15:36:23.802+0000] {processor.py:183} INFO - Processing /opt/airflow/dags/dag_09_gcp_taxi_scheduled.py took 0.125 seconds
[2026-06-16T15:36:53.864+0000] {processor.py:161} INFO - Started process (PID=15813) to work on /opt/airflow/dags/dag_09_gcp_taxi_scheduled.py
[2026-06-16T15:36:53.865+0000] {processor.py:830} INFO - Processing file /opt/airflow/dags/dag_09_gcp_taxi_scheduled.py for tasks to queue
[2026-06-16T15:36:53.868+0000] {logging_mixin.py:188} INFO - [2026-06-16T15:36:53.867+0000] {dagbag.py:545} INFO - Filling up the DagBag from /opt/airflow/dags/dag_09_gcp_taxi_scheduled.py
[2026-06-16T15:36:53.884+0000] {processor.py:840} INFO - DAG(s) '09_gcp_taxi_scheduled' retrieved from /opt/airflow/dags/dag_09_gcp_taxi_scheduled.py
[2026-06-16T15:36:53.929+0000] {logging_mixin.py:188} INFO - [2026-06-16T15:36:53.928+0000] {dag.py:3089} INFO - Sync 1 DAGs
[2026-06-16T15:36:53.979+0000] {processor.py:183} INFO - Processing /opt/airflow/dags/dag_09_gcp_taxi_scheduled.py took 0.123 seconds
[2026-06-16T15:37:24.894+0000] {processor.py:161} INFO - Started process (PID=15853) to work on /opt/airflow/dags/dag_09_gcp_taxi_scheduled.py
[2026-06-16T15:37:24.897+0000] {processor.py:830} INFO - Processing file /opt/airflow/dags/dag_09_gcp_taxi_scheduled.py for tasks to queue
[2026-06-16T15:37:24.899+0000] {logging_mixin.py:188} INFO - [2026-06-16T15:37:24.899+0000] {dagbag.py:545} INFO - Filling up the DagBag from /opt/airflow/dags/dag_09_gcp_taxi_scheduled.py
[2026-06-16T15:37:24.915+0000] {processor.py:840} INFO - DAG(s) '09_gcp_taxi_scheduled' retrieved from /opt/airflow/dags/dag_09_gcp_taxi_scheduled.py
[2026-06-16T15:37:24.962+0000] {logging_mixin.py:188} INFO - [2026-06-16T15:37:24.962+0000] {dag.py:3089} INFO - Sync 1 DAGs
[2026-06-16T15:37:25.010+0000] {processor.py:183} INFO - Processing /opt/airflow/dags/dag_09_gcp_taxi_scheduled.py took 0.124 seconds
[2026-06-16T15:37:55.934+0000] {processor.py:161} INFO - Started process (PID=15893) to work on /opt/airflow/dags/dag_09_gcp_taxi_scheduled.py
[2026-06-16T15:37:55.936+0000] {processor.py:830} INFO - Processing file /opt/airflow/dags/dag_09_gcp_taxi_scheduled.py for tasks to queue
[2026-06-16T15:37:55.938+0000] {logging_mixin.py:188} INFO - [2026-06-16T15:37:55.937+0000] {dagbag.py:545} INFO - Filling up the DagBag from /opt/airflow/dags/dag_09_gcp_taxi_scheduled.py
[2026-06-16T15:37:55.954+0000] {processor.py:840} INFO - DAG(s) '09_gcp_taxi_scheduled' retrieved from /opt/airflow/dags/dag_09_gcp_taxi_scheduled.py
[2026-06-16T15:37:56.004+0000] {logging_mixin.py:188} INFO - [2026-06-16T15:37:56.004+0000] {dag.py:3089} INFO - Sync 1 DAGs
[2026-06-16T15:37:56.055+0000] {processor.py:183} INFO - Processing /opt/airflow/dags/dag_09_gcp_taxi_scheduled.py took 0.130 seconds
[2026-06-16T15:38:26.154+0000] {processor.py:161} INFO - Started process (PID=15933) to work on /opt/airflow/dags/dag_09_gcp_taxi_scheduled.py
[2026-06-16T15:38:26.165+0000] {processor.py:830} INFO - Processing file /opt/airflow/dags/dag_09_gcp_taxi_scheduled.py for tasks to queue
[2026-06-16T15:38:26.167+0000] {logging_mixin.py:188} INFO - [2026-06-16T15:38:26.166+0000] {dagbag.py:545} INFO - Filling up the DagBag from /opt/airflow/dags/dag_09_gcp_taxi_scheduled.py
[2026-06-16T15:38:26.183+0000] {processor.py:840} INFO - DAG(s) '09_gcp_taxi_scheduled' retrieved from /opt/airflow/dags/dag_09_gcp_taxi_scheduled.py
[2026-06-16T15:38:26.228+0000] {logging_mixin.py:188} INFO - [2026-06-16T15:38:26.228+0000] {dag.py:3089} INFO - Sync 1 DAGs
[2026-06-16T15:38:26.279+0000] {processor.py:183} INFO - Processing /opt/airflow/dags/dag_09_gcp_taxi_scheduled.py took 0.134 seconds
[2026-06-16T15:38:56.329+0000] {processor.py:161} INFO - Started process (PID=15973) to work on /opt/airflow/dags/dag_09_gcp_taxi_scheduled.py
[2026-06-16T15:38:56.330+0000] {processor.py:830} INFO - Processing file /opt/airflow/dags/dag_09_gcp_taxi_scheduled.py for tasks to queue
[2026-06-16T15:38:56.332+0000] {logging_mixin.py:188} INFO - [2026-06-16T15:38:56.332+0000] {dagbag.py:545} INFO - Filling up the DagBag from /opt/airflow/dags/dag_09_gcp_taxi_scheduled.py
[2026-06-16T15:38:56.348+0000] {processor.py:840} INFO - DAG(s) '09_gcp_taxi_scheduled' retrieved from /opt/airflow/dags/dag_09_gcp_taxi_scheduled.py
[2026-06-16T15:38:56.394+0000] {logging_mixin.py:188} INFO - [2026-06-16T15:38:56.394+0000] {dag.py:3089} INFO - Sync 1 DAGs
[2026-06-16T15:38:56.443+0000] {processor.py:183} INFO - Processing /opt/airflow/dags/dag_09_gcp_taxi_scheduled.py took 0.122 seconds
[2026-06-16T15:39:26.536+0000] {processor.py:161} INFO - Started process (PID=16013) to work on /opt/airflow/dags/dag_09_gcp_taxi_scheduled.py
[2026-06-16T15:39:26.547+0000] {processor.py:830} INFO - Processing file /opt/airflow/dags/dag_09_gcp_taxi_scheduled.py for tasks to queue
[2026-06-16T15:39:26.549+0000] {logging_mixin.py:188} INFO - [2026-06-16T15:39:26.549+0000] {dagbag.py:545} INFO - Filling up the DagBag from /opt/airflow/dags/dag_09_gcp_taxi_scheduled.py
[2026-06-16T15:39:26.564+0000] {processor.py:840} INFO - DAG(s) '09_gcp_taxi_scheduled' retrieved from /opt/airflow/dags/dag_09_gcp_taxi_scheduled.py
[2026-06-16T15:39:26.610+0000] {logging_mixin.py:188} INFO - [2026-06-16T15:39:26.609+0000] {dag.py:3089} INFO - Sync 1 DAGs
[2026-06-16T15:39:26.663+0000] {processor.py:183} INFO - Processing /opt/airflow/dags/dag_09_gcp_taxi_scheduled.py took 0.136 seconds
[2026-06-16T15:39:56.701+0000] {processor.py:161} INFO - Started process (PID=16053) to work on /opt/airflow/dags/dag_09_gcp_taxi_scheduled.py
[2026-06-16T15:39:56.702+0000] {processor.py:830} INFO - Processing file /opt/airflow/dags/dag_09_gcp_taxi_scheduled.py for tasks to queue
[2026-06-16T15:39:56.704+0000] {logging_mixin.py:188} INFO - [2026-06-16T15:39:56.703+0000] {dagbag.py:545} INFO - Filling up the DagBag from /opt/airflow/dags/dag_09_gcp_taxi_scheduled.py
[2026-06-16T15:39:56.720+0000] {processor.py:840} INFO - DAG(s) '09_gcp_taxi_scheduled' retrieved from /opt/airflow/dags/dag_09_gcp_taxi_scheduled.py
[2026-06-16T15:39:56.768+0000] {logging_mixin.py:188} INFO - [2026-06-16T15:39:56.768+0000] {dag.py:3089} INFO - Sync 1 DAGs
[2026-06-16T15:39:56.820+0000] {processor.py:183} INFO - Processing /opt/airflow/dags/dag_09_gcp_taxi_scheduled.py took 0.128 seconds
[2026-06-16T15:40:26.902+0000] {processor.py:161} INFO - Started process (PID=16093) to work on /opt/airflow/dags/dag_09_gcp_taxi_scheduled.py
[2026-06-16T15:40:26.913+0000] {processor.py:830} INFO - Processing file /opt/airflow/dags/dag_09_gcp_taxi_scheduled.py for tasks to queue
[2026-06-16T15:40:26.915+0000] {logging_mixin.py:188} INFO - [2026-06-16T15:40:26.915+0000] {dagbag.py:545} INFO - Filling up the DagBag from /opt/airflow/dags/dag_09_gcp_taxi_scheduled.py
[2026-06-16T15:40:26.933+0000] {processor.py:840} INFO - DAG(s) '09_gcp_taxi_scheduled' retrieved from /opt/airflow/dags/dag_09_gcp_taxi_scheduled.py
[2026-06-16T15:40:26.980+0000] {logging_mixin.py:188} INFO - [2026-06-16T15:40:26.980+0000] {dag.py:3089} INFO - Sync 1 DAGs
[2026-06-16T15:40:27.032+0000] {processor.py:183} INFO - Processing /opt/airflow/dags/dag_09_gcp_taxi_scheduled.py took 0.139 seconds
[2026-06-16T15:40:57.111+0000] {processor.py:161} INFO - Started process (PID=16133) to work on /opt/airflow/dags/dag_09_gcp_taxi_scheduled.py
[2026-06-16T15:40:57.112+0000] {processor.py:830} INFO - Processing file /opt/airflow/dags/dag_09_gcp_taxi_scheduled.py for tasks to queue
[2026-06-16T15:40:57.115+0000] {logging_mixin.py:188} INFO - [2026-06-16T15:40:57.114+0000] {dagbag.py:545} INFO - Filling up the DagBag from /opt/airflow/dags/dag_09_gcp_taxi_scheduled.py
[2026-06-16T15:40:57.138+0000] {processor.py:840} INFO - DAG(s) '09_gcp_taxi_scheduled' retrieved from /opt/airflow/dags/dag_09_gcp_taxi_scheduled.py
[2026-06-16T15:40:57.183+0000] {logging_mixin.py:188} INFO - [2026-06-16T15:40:57.183+0000] {dag.py:3089} INFO - Sync 1 DAGs
[2026-06-16T15:40:57.232+0000] {processor.py:183} INFO - Processing /opt/airflow/dags/dag_09_gcp_taxi_scheduled.py took 0.130 seconds
[2026-06-16T15:41:27.289+0000] {processor.py:161} INFO - Started process (PID=16173) to work on /opt/airflow/dags/dag_09_gcp_taxi_scheduled.py
[2026-06-16T15:41:27.290+0000] {processor.py:830} INFO - Processing file /opt/airflow/dags/dag_09_gcp_taxi_scheduled.py for tasks to queue
[2026-06-16T15:41:27.292+0000] {logging_mixin.py:188} INFO - [2026-06-16T15:41:27.292+0000] {dagbag.py:545} INFO - Filling up the DagBag from /opt/airflow/dags/dag_09_gcp_taxi_scheduled.py
[2026-06-16T15:41:27.308+0000] {processor.py:840} INFO - DAG(s) '09_gcp_taxi_scheduled' retrieved from /opt/airflow/dags/dag_09_gcp_taxi_scheduled.py
[2026-06-16T15:41:27.359+0000] {logging_mixin.py:188} INFO - [2026-06-16T15:41:27.358+0000] {dag.py:3089} INFO - Sync 1 DAGs
[2026-06-16T15:41:27.414+0000] {processor.py:183} INFO - Processing /opt/airflow/dags/dag_09_gcp_taxi_scheduled.py took 0.134 seconds
[2026-06-16T15:41:57.487+0000] {processor.py:161} INFO - Started process (PID=16213) to work on /opt/airflow/dags/dag_09_gcp_taxi_scheduled.py
[2026-06-16T15:41:57.488+0000] {processor.py:830} INFO - Processing file /opt/airflow/dags/dag_09_gcp_taxi_scheduled.py for tasks to queue
[2026-06-16T15:41:57.491+0000] {logging_mixin.py:188} INFO - [2026-06-16T15:41:57.491+0000] {dagbag.py:545} INFO - Filling up the DagBag from /opt/airflow/dags/dag_09_gcp_taxi_scheduled.py
[2026-06-16T15:41:57.512+0000] {processor.py:840} INFO - DAG(s) '09_gcp_taxi_scheduled' retrieved from /opt/airflow/dags/dag_09_gcp_taxi_scheduled.py
[2026-06-16T15:41:57.577+0000] {logging_mixin.py:188} INFO - [2026-06-16T15:41:57.577+0000] {dag.py:3089} INFO - Sync 1 DAGs
[2026-06-16T15:41:57.648+0000] {processor.py:183} INFO - Processing /opt/airflow/dags/dag_09_gcp_taxi_scheduled.py took 0.172 seconds
[2026-06-16T15:42:27.710+0000] {processor.py:161} INFO - Started process (PID=16253) to work on /opt/airflow/dags/dag_09_gcp_taxi_scheduled.py
[2026-06-16T15:42:27.721+0000] {processor.py:830} INFO - Processing file /opt/airflow/dags/dag_09_gcp_taxi_scheduled.py for tasks to queue
[2026-06-16T15:42:27.723+0000] {logging_mixin.py:188} INFO - [2026-06-16T15:42:27.723+0000] {dagbag.py:545} INFO - Filling up the DagBag from /opt/airflow/dags/dag_09_gcp_taxi_scheduled.py
[2026-06-16T15:42:27.742+0000] {processor.py:840} INFO - DAG(s) '09_gcp_taxi_scheduled' retrieved from /opt/airflow/dags/dag_09_gcp_taxi_scheduled.py
[2026-06-16T15:42:27.791+0000] {logging_mixin.py:188} INFO - [2026-06-16T15:42:27.790+0000] {dag.py:3089} INFO - Sync 1 DAGs
[2026-06-16T15:42:27.842+0000] {processor.py:183} INFO - Processing /opt/airflow/dags/dag_09_gcp_taxi_scheduled.py took 0.141 seconds
[2026-06-16T15:42:57.895+0000] {processor.py:161} INFO - Started process (PID=16293) to work on /opt/airflow/dags/dag_09_gcp_taxi_scheduled.py
[2026-06-16T15:42:57.896+0000] {processor.py:830} INFO - Processing file /opt/airflow/dags/dag_09_gcp_taxi_scheduled.py for tasks to queue
[2026-06-16T15:42:57.898+0000] {logging_mixin.py:188} INFO - [2026-06-16T15:42:57.897+0000] {dagbag.py:545} INFO - Filling up the DagBag from /opt/airflow/dags/dag_09_gcp_taxi_scheduled.py
[2026-06-16T15:42:57.914+0000] {processor.py:840} INFO - DAG(s) '09_gcp_taxi_scheduled' retrieved from /opt/airflow/dags/dag_09_gcp_taxi_scheduled.py
[2026-06-16T15:42:57.961+0000] {logging_mixin.py:188} INFO - [2026-06-16T15:42:57.961+0000] {dag.py:3089} INFO - Sync 1 DAGs
[2026-06-16T15:42:58.013+0000] {processor.py:183} INFO - Processing /opt/airflow/dags/dag_09_gcp_taxi_scheduled.py took 0.127 seconds
[2026-06-16T15:43:28.947+0000] {processor.py:161} INFO - Started process (PID=16333) to work on /opt/airflow/dags/dag_09_gcp_taxi_scheduled.py
[2026-06-16T15:43:28.949+0000] {processor.py:830} INFO - Processing file /opt/airflow/dags/dag_09_gcp_taxi_scheduled.py for tasks to queue
[2026-06-16T15:43:28.952+0000] {logging_mixin.py:188} INFO - [2026-06-16T15:43:28.951+0000] {dagbag.py:545} INFO - Filling up the DagBag from /opt/airflow/dags/dag_09_gcp_taxi_scheduled.py
[2026-06-16T15:43:28.969+0000] {processor.py:840} INFO - DAG(s) '09_gcp_taxi_scheduled' retrieved from /opt/airflow/dags/dag_09_gcp_taxi_scheduled.py
[2026-06-16T15:43:29.020+0000] {logging_mixin.py:188} INFO - [2026-06-16T15:43:29.020+0000] {dag.py:3089} INFO - Sync 1 DAGs
[2026-06-16T15:43:29.071+0000] {processor.py:183} INFO - Processing /opt/airflow/dags/dag_09_gcp_taxi_scheduled.py took 0.134 seconds
[2026-06-16T15:43:59.228+0000] {processor.py:161} INFO - Started process (PID=16378) to work on /opt/airflow/dags/dag_09_gcp_taxi_scheduled.py
[2026-06-16T15:43:59.229+0000] {processor.py:830} INFO - Processing file /opt/airflow/dags/dag_09_gcp_taxi_scheduled.py for tasks to queue
[2026-06-16T15:43:59.231+0000] {logging_mixin.py:188} INFO - [2026-06-16T15:43:59.231+0000] {dagbag.py:545} INFO - Filling up the DagBag from /opt/airflow/dags/dag_09_gcp_taxi_scheduled.py
[2026-06-16T15:43:59.247+0000] {processor.py:840} INFO - DAG(s) '09_gcp_taxi_scheduled' retrieved from /opt/airflow/dags/dag_09_gcp_taxi_scheduled.py
[2026-06-16T15:43:59.294+0000] {logging_mixin.py:188} INFO - [2026-06-16T15:43:59.294+0000] {dag.py:3089} INFO - Sync 1 DAGs
[2026-06-16T15:43:59.346+0000] {processor.py:183} INFO - Processing /opt/airflow/dags/dag_09_gcp_taxi_scheduled.py took 0.128 seconds
[2026-06-16T15:44:30.125+0000] {processor.py:161} INFO - Started process (PID=16413) to work on /opt/airflow/dags/dag_09_gcp_taxi_scheduled.py
[2026-06-16T15:44:30.127+0000] {processor.py:830} INFO - Processing file /opt/airflow/dags/dag_09_gcp_taxi_scheduled.py for tasks to queue
[2026-06-16T15:44:30.129+0000] {logging_mixin.py:188} INFO - [2026-06-16T15:44:30.129+0000] {dagbag.py:545} INFO - Filling up the DagBag from /opt/airflow/dags/dag_09_gcp_taxi_scheduled.py
[2026-06-16T15:44:30.146+0000] {processor.py:840} INFO - DAG(s) '09_gcp_taxi_scheduled' retrieved from /opt/airflow/dags/dag_09_gcp_taxi_scheduled.py
[2026-06-16T15:44:30.198+0000] {logging_mixin.py:188} INFO - [2026-06-16T15:44:30.198+0000] {dag.py:3089} INFO - Sync 1 DAGs
[2026-06-16T15:44:30.256+0000] {processor.py:183} INFO - Processing /opt/airflow/dags/dag_09_gcp_taxi_scheduled.py took 0.141 seconds
[2026-06-16T15:45:01.117+0000] {processor.py:161} INFO - Started process (PID=16453) to work on /opt/airflow/dags/dag_09_gcp_taxi_scheduled.py
[2026-06-16T15:45:01.119+0000] {processor.py:830} INFO - Processing file /opt/airflow/dags/dag_09_gcp_taxi_scheduled.py for tasks to queue
[2026-06-16T15:45:01.121+0000] {logging_mixin.py:188} INFO - [2026-06-16T15:45:01.121+0000] {dagbag.py:545} INFO - Filling up the DagBag from /opt/airflow/dags/dag_09_gcp_taxi_scheduled.py
[2026-06-16T15:45:01.137+0000] {processor.py:840} INFO - DAG(s) '09_gcp_taxi_scheduled' retrieved from /opt/airflow/dags/dag_09_gcp_taxi_scheduled.py
[2026-06-16T15:45:01.184+0000] {logging_mixin.py:188} INFO - [2026-06-16T15:45:01.184+0000] {dag.py:3089} INFO - Sync 1 DAGs
[2026-06-16T15:45:01.233+0000] {processor.py:183} INFO - Processing /opt/airflow/dags/dag_09_gcp_taxi_scheduled.py took 0.126 seconds
[2026-06-16T15:45:31.278+0000] {processor.py:161} INFO - Started process (PID=16493) to work on /opt/airflow/dags/dag_09_gcp_taxi_scheduled.py
[2026-06-16T15:45:31.279+0000] {processor.py:830} INFO - Processing file /opt/airflow/dags/dag_09_gcp_taxi_scheduled.py for tasks to queue
[2026-06-16T15:45:31.281+0000] {logging_mixin.py:188} INFO - [2026-06-16T15:45:31.281+0000] {dagbag.py:545} INFO - Filling up the DagBag from /opt/airflow/dags/dag_09_gcp_taxi_scheduled.py
[2026-06-16T15:45:31.297+0000] {processor.py:840} INFO - DAG(s) '09_gcp_taxi_scheduled' retrieved from /opt/airflow/dags/dag_09_gcp_taxi_scheduled.py
[2026-06-16T15:45:31.347+0000] {logging_mixin.py:188} INFO - [2026-06-16T15:45:31.347+0000] {dag.py:3089} INFO - Sync 1 DAGs
[2026-06-16T15:45:31.404+0000] {processor.py:183} INFO - Processing /opt/airflow/dags/dag_09_gcp_taxi_scheduled.py took 0.136 seconds
[2026-06-16T15:46:01.553+0000] {processor.py:161} INFO - Started process (PID=16533) to work on /opt/airflow/dags/dag_09_gcp_taxi_scheduled.py
[2026-06-16T15:46:01.565+0000] {processor.py:830} INFO - Processing file /opt/airflow/dags/dag_09_gcp_taxi_scheduled.py for tasks to queue
[2026-06-16T15:46:01.567+0000] {logging_mixin.py:188} INFO - [2026-06-16T15:46:01.566+0000] {dagbag.py:545} INFO - Filling up the DagBag from /opt/airflow/dags/dag_09_gcp_taxi_scheduled.py
[2026-06-16T15:46:01.583+0000] {processor.py:840} INFO - DAG(s) '09_gcp_taxi_scheduled' retrieved from /opt/airflow/dags/dag_09_gcp_taxi_scheduled.py
[2026-06-16T15:46:01.628+0000] {logging_mixin.py:188} INFO - [2026-06-16T15:46:01.627+0000] {dag.py:3089} INFO - Sync 1 DAGs
[2026-06-16T15:46:01.677+0000] {processor.py:183} INFO - Processing /opt/airflow/dags/dag_09_gcp_taxi_scheduled.py took 0.134 seconds
[2026-06-16T15:46:31.717+0000] {processor.py:161} INFO - Started process (PID=16573) to work on /opt/airflow/dags/dag_09_gcp_taxi_scheduled.py
[2026-06-16T15:46:31.718+0000] {processor.py:830} INFO - Processing file /opt/airflow/dags/dag_09_gcp_taxi_scheduled.py for tasks to queue
[2026-06-16T15:46:31.720+0000] {logging_mixin.py:188} INFO - [2026-06-16T15:46:31.720+0000] {dagbag.py:545} INFO - Filling up the DagBag from /opt/airflow/dags/dag_09_gcp_taxi_scheduled.py
[2026-06-16T15:46:31.737+0000] {processor.py:840} INFO - DAG(s) '09_gcp_taxi_scheduled' retrieved from /opt/airflow/dags/dag_09_gcp_taxi_scheduled.py
[2026-06-16T15:46:31.782+0000] {logging_mixin.py:188} INFO - [2026-06-16T15:46:31.782+0000] {dag.py:3089} INFO - Sync 1 DAGs
[2026-06-16T15:46:31.831+0000] {processor.py:183} INFO - Processing /opt/airflow/dags/dag_09_gcp_taxi_scheduled.py took 0.123 seconds
[2026-06-16T15:47:01.936+0000] {processor.py:161} INFO - Started process (PID=16613) to work on /opt/airflow/dags/dag_09_gcp_taxi_scheduled.py
[2026-06-16T15:47:01.947+0000] {processor.py:830} INFO - Processing file /opt/airflow/dags/dag_09_gcp_taxi_scheduled.py for tasks to queue
[2026-06-16T15:47:01.949+0000] {logging_mixin.py:188} INFO - [2026-06-16T15:47:01.949+0000] {dagbag.py:545} INFO - Filling up the DagBag from /opt/airflow/dags/dag_09_gcp_taxi_scheduled.py
[2026-06-16T15:47:01.966+0000] {processor.py:840} INFO - DAG(s) '09_gcp_taxi_scheduled' retrieved from /opt/airflow/dags/dag_09_gcp_taxi_scheduled.py
[2026-06-16T15:47:02.011+0000] {logging_mixin.py:188} INFO - [2026-06-16T15:47:02.010+0000] {dag.py:3089} INFO - Sync 1 DAGs
[2026-06-16T15:47:02.066+0000] {processor.py:183} INFO - Processing /opt/airflow/dags/dag_09_gcp_taxi_scheduled.py took 0.140 seconds
[2026-06-16T15:47:32.901+0000] {processor.py:161} INFO - Started process (PID=16653) to work on /opt/airflow/dags/dag_09_gcp_taxi_scheduled.py
[2026-06-16T15:47:32.902+0000] {processor.py:830} INFO - Processing file /opt/airflow/dags/dag_09_gcp_taxi_scheduled.py for tasks to queue
[2026-06-16T15:47:32.904+0000] {logging_mixin.py:188} INFO - [2026-06-16T15:47:32.904+0000] {dagbag.py:545} INFO - Filling up the DagBag from /opt/airflow/dags/dag_09_gcp_taxi_scheduled.py
[2026-06-16T15:47:32.921+0000] {processor.py:840} INFO - DAG(s) '09_gcp_taxi_scheduled' retrieved from /opt/airflow/dags/dag_09_gcp_taxi_scheduled.py
[2026-06-16T15:47:32.969+0000] {logging_mixin.py:188} INFO - [2026-06-16T15:47:32.969+0000] {dag.py:3089} INFO - Sync 1 DAGs
[2026-06-16T15:47:33.024+0000] {processor.py:183} INFO - Processing /opt/airflow/dags/dag_09_gcp_taxi_scheduled.py took 0.131 seconds
[2026-06-16T15:48:03.866+0000] {processor.py:161} INFO - Started process (PID=16693) to work on /opt/airflow/dags/dag_09_gcp_taxi_scheduled.py
[2026-06-16T15:48:03.869+0000] {processor.py:830} INFO - Processing file /opt/airflow/dags/dag_09_gcp_taxi_scheduled.py for tasks to queue
[2026-06-16T15:48:03.871+0000] {logging_mixin.py:188} INFO - [2026-06-16T15:48:03.870+0000] {dagbag.py:545} INFO - Filling up the DagBag from /opt/airflow/dags/dag_09_gcp_taxi_scheduled.py
[2026-06-16T15:48:03.895+0000] {processor.py:840} INFO - DAG(s) '09_gcp_taxi_scheduled' retrieved from /opt/airflow/dags/dag_09_gcp_taxi_scheduled.py
[2026-06-16T15:48:03.967+0000] {logging_mixin.py:188} INFO - [2026-06-16T15:48:03.966+0000] {dag.py:3089} INFO - Sync 1 DAGs
[2026-06-16T15:48:04.025+0000] {processor.py:183} INFO - Processing /opt/airflow/dags/dag_09_gcp_taxi_scheduled.py took 0.169 seconds
[2026-06-16T15:48:34.075+0000] {processor.py:161} INFO - Started process (PID=16733) to work on /opt/airflow/dags/dag_09_gcp_taxi_scheduled.py
[2026-06-16T15:48:34.077+0000] {processor.py:830} INFO - Processing file /opt/airflow/dags/dag_09_gcp_taxi_scheduled.py for tasks to queue
[2026-06-16T15:48:34.080+0000] {logging_mixin.py:188} INFO - [2026-06-16T15:48:34.079+0000] {dagbag.py:545} INFO - Filling up the DagBag from /opt/airflow/dags/dag_09_gcp_taxi_scheduled.py
[2026-06-16T15:48:34.099+0000] {processor.py:840} INFO - DAG(s) '09_gcp_taxi_scheduled' retrieved from /opt/airflow/dags/dag_09_gcp_taxi_scheduled.py
[2026-06-16T15:48:34.149+0000] {logging_mixin.py:188} INFO - [2026-06-16T15:48:34.149+0000] {dag.py:3089} INFO - Sync 1 DAGs
[2026-06-16T15:48:34.205+0000] {processor.py:183} INFO - Processing /opt/airflow/dags/dag_09_gcp_taxi_scheduled.py took 0.139 seconds
[2026-06-16T15:49:04.328+0000] {processor.py:161} INFO - Started process (PID=16773) to work on /opt/airflow/dags/dag_09_gcp_taxi_scheduled.py
[2026-06-16T15:49:04.337+0000] {processor.py:830} INFO - Processing file /opt/airflow/dags/dag_09_gcp_taxi_scheduled.py for tasks to queue
[2026-06-16T15:49:04.340+0000] {logging_mixin.py:188} INFO - [2026-06-16T15:49:04.339+0000] {dagbag.py:545} INFO - Filling up the DagBag from /opt/airflow/dags/dag_09_gcp_taxi_scheduled.py
[2026-06-16T15:49:04.356+0000] {processor.py:840} INFO - DAG(s) '09_gcp_taxi_scheduled' retrieved from /opt/airflow/dags/dag_09_gcp_taxi_scheduled.py
[2026-06-16T15:49:04.402+0000] {logging_mixin.py:188} INFO - [2026-06-16T15:49:04.402+0000] {dag.py:3089} INFO - Sync 1 DAGs
[2026-06-16T15:49:04.454+0000] {processor.py:183} INFO - Processing /opt/airflow/dags/dag_09_gcp_taxi_scheduled.py took 0.135 seconds
[2026-06-16T15:49:35.057+0000] {processor.py:161} INFO - Started process (PID=16813) to work on /opt/airflow/dags/dag_09_gcp_taxi_scheduled.py
[2026-06-16T15:49:35.059+0000] {processor.py:830} INFO - Processing file /opt/airflow/dags/dag_09_gcp_taxi_scheduled.py for tasks to queue
[2026-06-16T15:49:35.061+0000] {logging_mixin.py:188} INFO - [2026-06-16T15:49:35.061+0000] {dagbag.py:545} INFO - Filling up the DagBag from /opt/airflow/dags/dag_09_gcp_taxi_scheduled.py
[2026-06-16T15:49:35.079+0000] {processor.py:840} INFO - DAG(s) '09_gcp_taxi_scheduled' retrieved from /opt/airflow/dags/dag_09_gcp_taxi_scheduled.py
[2026-06-16T15:49:35.128+0000] {logging_mixin.py:188} INFO - [2026-06-16T15:49:35.128+0000] {dag.py:3089} INFO - Sync 1 DAGs
[2026-06-16T15:49:35.180+0000] {processor.py:183} INFO - Processing /opt/airflow/dags/dag_09_gcp_taxi_scheduled.py took 0.132 seconds
[2026-06-16T15:50:05.985+0000] {processor.py:161} INFO - Started process (PID=16853) to work on /opt/airflow/dags/dag_09_gcp_taxi_scheduled.py
[2026-06-16T15:50:05.987+0000] {processor.py:830} INFO - Processing file /opt/airflow/dags/dag_09_gcp_taxi_scheduled.py for tasks to queue
[2026-06-16T15:50:05.989+0000] {logging_mixin.py:188} INFO - [2026-06-16T15:50:05.989+0000] {dagbag.py:545} INFO - Filling up the DagBag from /opt/airflow/dags/dag_09_gcp_taxi_scheduled.py
[2026-06-16T15:50:06.009+0000] {processor.py:840} INFO - DAG(s) '09_gcp_taxi_scheduled' retrieved from /opt/airflow/dags/dag_09_gcp_taxi_scheduled.py
[2026-06-16T15:50:06.078+0000] {logging_mixin.py:188} INFO - [2026-06-16T15:50:06.078+0000] {dag.py:3089} INFO - Sync 1 DAGs
[2026-06-16T15:50:06.143+0000] {processor.py:183} INFO - Processing /opt/airflow/dags/dag_09_gcp_taxi_scheduled.py took 0.167 seconds
[2026-06-16T15:50:37.069+0000] {processor.py:161} INFO - Started process (PID=16893) to work on /opt/airflow/dags/dag_09_gcp_taxi_scheduled.py
[2026-06-16T15:50:37.071+0000] {processor.py:830} INFO - Processing file /opt/airflow/dags/dag_09_gcp_taxi_scheduled.py for tasks to queue
[2026-06-16T15:50:37.073+0000] {logging_mixin.py:188} INFO - [2026-06-16T15:50:37.073+0000] {dagbag.py:545} INFO - Filling up the DagBag from /opt/airflow/dags/dag_09_gcp_taxi_scheduled.py
[2026-06-16T15:50:37.089+0000] {processor.py:840} INFO - DAG(s) '09_gcp_taxi_scheduled' retrieved from /opt/airflow/dags/dag_09_gcp_taxi_scheduled.py
[2026-06-16T15:50:37.137+0000] {logging_mixin.py:188} INFO - [2026-06-16T15:50:37.136+0000] {dag.py:3089} INFO - Sync 1 DAGs
[2026-06-16T15:50:37.189+0000] {processor.py:183} INFO - Processing /opt/airflow/dags/dag_09_gcp_taxi_scheduled.py took 0.129 seconds
[2026-06-16T15:51:08.009+0000] {processor.py:161} INFO - Started process (PID=16933) to work on /opt/airflow/dags/dag_09_gcp_taxi_scheduled.py
[2026-06-16T15:51:08.010+0000] {processor.py:830} INFO - Processing file /opt/airflow/dags/dag_09_gcp_taxi_scheduled.py for tasks to queue
[2026-06-16T15:51:08.012+0000] {logging_mixin.py:188} INFO - [2026-06-16T15:51:08.012+0000] {dagbag.py:545} INFO - Filling up the DagBag from /opt/airflow/dags/dag_09_gcp_taxi_scheduled.py
[2026-06-16T15:51:08.028+0000] {processor.py:840} INFO - DAG(s) '09_gcp_taxi_scheduled' retrieved from /opt/airflow/dags/dag_09_gcp_taxi_scheduled.py
[2026-06-16T15:51:08.079+0000] {logging_mixin.py:188} INFO - [2026-06-16T15:51:08.079+0000] {dag.py:3089} INFO - Sync 1 DAGs
[2026-06-16T15:51:08.134+0000] {processor.py:183} INFO - Processing /opt/airflow/dags/dag_09_gcp_taxi_scheduled.py took 0.136 seconds
[2026-06-16T15:51:38.911+0000] {processor.py:161} INFO - Started process (PID=16973) to work on /opt/airflow/dags/dag_09_gcp_taxi_scheduled.py
[2026-06-16T15:51:38.913+0000] {processor.py:830} INFO - Processing file /opt/airflow/dags/dag_09_gcp_taxi_scheduled.py for tasks to queue
[2026-06-16T15:51:38.915+0000] {logging_mixin.py:188} INFO - [2026-06-16T15:51:38.915+0000] {dagbag.py:545} INFO - Filling up the DagBag from /opt/airflow/dags/dag_09_gcp_taxi_scheduled.py
[2026-06-16T15:51:38.932+0000] {processor.py:840} INFO - DAG(s) '09_gcp_taxi_scheduled' retrieved from /opt/airflow/dags/dag_09_gcp_taxi_scheduled.py
[2026-06-16T15:51:38.977+0000] {logging_mixin.py:188} INFO - [2026-06-16T15:51:38.977+0000] {dag.py:3089} INFO - Sync 1 DAGs
[2026-06-16T15:51:39.028+0000] {processor.py:183} INFO - Processing /opt/airflow/dags/dag_09_gcp_taxi_scheduled.py took 0.126 seconds
[2026-06-16T15:52:09.066+0000] {processor.py:161} INFO - Started process (PID=17013) to work on /opt/airflow/dags/dag_09_gcp_taxi_scheduled.py
[2026-06-16T15:52:09.067+0000] {processor.py:830} INFO - Processing file /opt/airflow/dags/dag_09_gcp_taxi_scheduled.py for tasks to queue
[2026-06-16T15:52:09.069+0000] {logging_mixin.py:188} INFO - [2026-06-16T15:52:09.069+0000] {dagbag.py:545} INFO - Filling up the DagBag from /opt/airflow/dags/dag_09_gcp_taxi_scheduled.py
[2026-06-16T15:52:09.089+0000] {processor.py:840} INFO - DAG(s) '09_gcp_taxi_scheduled' retrieved from /opt/airflow/dags/dag_09_gcp_taxi_scheduled.py
[2026-06-16T15:52:09.154+0000] {logging_mixin.py:188} INFO - [2026-06-16T15:52:09.154+0000] {dag.py:3089} INFO - Sync 1 DAGs
[2026-06-16T15:52:09.214+0000] {processor.py:183} INFO - Processing /opt/airflow/dags/dag_09_gcp_taxi_scheduled.py took 0.158 seconds
[2026-06-16T15:52:39.285+0000] {processor.py:161} INFO - Started process (PID=17053) to work on /opt/airflow/dags/dag_09_gcp_taxi_scheduled.py
[2026-06-16T15:52:39.286+0000] {processor.py:830} INFO - Processing file /opt/airflow/dags/dag_09_gcp_taxi_scheduled.py for tasks to queue
[2026-06-16T15:52:39.289+0000] {logging_mixin.py:188} INFO - [2026-06-16T15:52:39.288+0000] {dagbag.py:545} INFO - Filling up the DagBag from /opt/airflow/dags/dag_09_gcp_taxi_scheduled.py
[2026-06-16T15:52:39.307+0000] {processor.py:840} INFO - DAG(s) '09_gcp_taxi_scheduled' retrieved from /opt/airflow/dags/dag_09_gcp_taxi_scheduled.py
[2026-06-16T15:52:39.355+0000] {logging_mixin.py:188} INFO - [2026-06-16T15:52:39.355+0000] {dag.py:3089} INFO - Sync 1 DAGs
[2026-06-16T15:52:39.412+0000] {processor.py:183} INFO - Processing /opt/airflow/dags/dag_09_gcp_taxi_scheduled.py took 0.137 seconds
[2026-06-16T15:53:09.469+0000] {processor.py:161} INFO - Started process (PID=17093) to work on /opt/airflow/dags/dag_09_gcp_taxi_scheduled.py
[2026-06-16T15:53:09.470+0000] {processor.py:830} INFO - Processing file /opt/airflow/dags/dag_09_gcp_taxi_scheduled.py for tasks to queue
[2026-06-16T15:53:09.472+0000] {logging_mixin.py:188} INFO - [2026-06-16T15:53:09.472+0000] {dagbag.py:545} INFO - Filling up the DagBag from /opt/airflow/dags/dag_09_gcp_taxi_scheduled.py
[2026-06-16T15:53:09.489+0000] {processor.py:840} INFO - DAG(s) '09_gcp_taxi_scheduled' retrieved from /opt/airflow/dags/dag_09_gcp_taxi_scheduled.py
[2026-06-16T15:53:09.543+0000] {logging_mixin.py:188} INFO - [2026-06-16T15:53:09.543+0000] {dag.py:3089} INFO - Sync 1 DAGs
[2026-06-16T15:53:09.603+0000] {processor.py:183} INFO - Processing /opt/airflow/dags/dag_09_gcp_taxi_scheduled.py took 0.145 seconds
[2026-06-16T15:53:39.662+0000] {processor.py:161} INFO - Started process (PID=17133) to work on /opt/airflow/dags/dag_09_gcp_taxi_scheduled.py
[2026-06-16T15:53:39.664+0000] {processor.py:830} INFO - Processing file /opt/airflow/dags/dag_09_gcp_taxi_scheduled.py for tasks to queue
[2026-06-16T15:53:39.666+0000] {logging_mixin.py:188} INFO - [2026-06-16T15:53:39.666+0000] {dagbag.py:545} INFO - Filling up the DagBag from /opt/airflow/dags/dag_09_gcp_taxi_scheduled.py
[2026-06-16T15:53:39.684+0000] {processor.py:840} INFO - DAG(s) '09_gcp_taxi_scheduled' retrieved from /opt/airflow/dags/dag_09_gcp_taxi_scheduled.py
[2026-06-16T15:53:39.751+0000] {logging_mixin.py:188} INFO - [2026-06-16T15:53:39.751+0000] {dag.py:3089} INFO - Sync 1 DAGs
[2026-06-16T15:53:39.806+0000] {processor.py:183} INFO - Processing /opt/airflow/dags/dag_09_gcp_taxi_scheduled.py took 0.154 seconds
[2026-06-16T15:54:09.843+0000] {processor.py:161} INFO - Started process (PID=17173) to work on /opt/airflow/dags/dag_09_gcp_taxi_scheduled.py
[2026-06-16T15:54:09.844+0000] {processor.py:830} INFO - Processing file /opt/airflow/dags/dag_09_gcp_taxi_scheduled.py for tasks to queue
[2026-06-16T15:54:09.846+0000] {logging_mixin.py:188} INFO - [2026-06-16T15:54:09.846+0000] {dagbag.py:545} INFO - Filling up the DagBag from /opt/airflow/dags/dag_09_gcp_taxi_scheduled.py
[2026-06-16T15:54:09.862+0000] {processor.py:840} INFO - DAG(s) '09_gcp_taxi_scheduled' retrieved from /opt/airflow/dags/dag_09_gcp_taxi_scheduled.py
[2026-06-16T15:54:09.914+0000] {logging_mixin.py:188} INFO - [2026-06-16T15:54:09.914+0000] {dag.py:3089} INFO - Sync 1 DAGs
[2026-06-16T15:54:09.970+0000] {processor.py:183} INFO - Processing /opt/airflow/dags/dag_09_gcp_taxi_scheduled.py took 0.135 seconds
[2026-06-16T15:54:40.113+0000] {processor.py:161} INFO - Started process (PID=17213) to work on /opt/airflow/dags/dag_09_gcp_taxi_scheduled.py
[2026-06-16T15:54:40.123+0000] {processor.py:830} INFO - Processing file /opt/airflow/dags/dag_09_gcp_taxi_scheduled.py for tasks to queue
[2026-06-16T15:54:40.127+0000] {logging_mixin.py:188} INFO - [2026-06-16T15:54:40.126+0000] {dagbag.py:545} INFO - Filling up the DagBag from /opt/airflow/dags/dag_09_gcp_taxi_scheduled.py
[2026-06-16T15:54:40.145+0000] {processor.py:840} INFO - DAG(s) '09_gcp_taxi_scheduled' retrieved from /opt/airflow/dags/dag_09_gcp_taxi_scheduled.py
[2026-06-16T15:54:40.198+0000] {logging_mixin.py:188} INFO - [2026-06-16T15:54:40.197+0000] {dag.py:3089} INFO - Sync 1 DAGs
[2026-06-16T15:54:40.255+0000] {processor.py:183} INFO - Processing /opt/airflow/dags/dag_09_gcp_taxi_scheduled.py took 0.152 seconds
[2026-06-16T15:55:10.337+0000] {processor.py:161} INFO - Started process (PID=17253) to work on /opt/airflow/dags/dag_09_gcp_taxi_scheduled.py
[2026-06-16T15:55:10.338+0000] {processor.py:830} INFO - Processing file /opt/airflow/dags/dag_09_gcp_taxi_scheduled.py for tasks to queue
[2026-06-16T15:55:10.340+0000] {logging_mixin.py:188} INFO - [2026-06-16T15:55:10.340+0000] {dagbag.py:545} INFO - Filling up the DagBag from /opt/airflow/dags/dag_09_gcp_taxi_scheduled.py
[2026-06-16T15:55:10.363+0000] {processor.py:840} INFO - DAG(s) '09_gcp_taxi_scheduled' retrieved from /opt/airflow/dags/dag_09_gcp_taxi_scheduled.py
[2026-06-16T15:55:10.408+0000] {logging_mixin.py:188} INFO - [2026-06-16T15:55:10.407+0000] {dag.py:3089} INFO - Sync 1 DAGs
[2026-06-16T15:55:10.458+0000] {processor.py:183} INFO - Processing /opt/airflow/dags/dag_09_gcp_taxi_scheduled.py took 0.130 seconds
[2026-06-16T15:55:40.505+0000] {processor.py:161} INFO - Started process (PID=17293) to work on /opt/airflow/dags/dag_09_gcp_taxi_scheduled.py
[2026-06-16T15:55:40.506+0000] {processor.py:830} INFO - Processing file /opt/airflow/dags/dag_09_gcp_taxi_scheduled.py for tasks to queue
[2026-06-16T15:55:40.509+0000] {logging_mixin.py:188} INFO - [2026-06-16T15:55:40.508+0000] {dagbag.py:545} INFO - Filling up the DagBag from /opt/airflow/dags/dag_09_gcp_taxi_scheduled.py
[2026-06-16T15:55:40.525+0000] {processor.py:840} INFO - DAG(s) '09_gcp_taxi_scheduled' retrieved from /opt/airflow/dags/dag_09_gcp_taxi_scheduled.py
[2026-06-16T15:55:40.576+0000] {logging_mixin.py:188} INFO - [2026-06-16T15:55:40.576+0000] {dag.py:3089} INFO - Sync 1 DAGs
[2026-06-16T15:55:40.645+0000] {processor.py:183} INFO - Processing /opt/airflow/dags/dag_09_gcp_taxi_scheduled.py took 0.149 seconds
[2026-06-16T15:56:10.721+0000] {processor.py:161} INFO - Started process (PID=17333) to work on /opt/airflow/dags/dag_09_gcp_taxi_scheduled.py
[2026-06-16T15:56:10.722+0000] {processor.py:830} INFO - Processing file /opt/airflow/dags/dag_09_gcp_taxi_scheduled.py for tasks to queue
[2026-06-16T15:56:10.724+0000] {logging_mixin.py:188} INFO - [2026-06-16T15:56:10.724+0000] {dagbag.py:545} INFO - Filling up the DagBag from /opt/airflow/dags/dag_09_gcp_taxi_scheduled.py
[2026-06-16T15:56:10.744+0000] {processor.py:840} INFO - DAG(s) '09_gcp_taxi_scheduled' retrieved from /opt/airflow/dags/dag_09_gcp_taxi_scheduled.py
[2026-06-16T15:56:10.795+0000] {logging_mixin.py:188} INFO - [2026-06-16T15:56:10.795+0000] {dag.py:3089} INFO - Sync 1 DAGs
[2026-06-16T15:56:10.853+0000] {processor.py:183} INFO - Processing /opt/airflow/dags/dag_09_gcp_taxi_scheduled.py took 0.142 seconds
[2026-06-16T15:56:40.892+0000] {processor.py:161} INFO - Started process (PID=17373) to work on /opt/airflow/dags/dag_09_gcp_taxi_scheduled.py
[2026-06-16T15:56:40.904+0000] {processor.py:830} INFO - Processing file /opt/airflow/dags/dag_09_gcp_taxi_scheduled.py for tasks to queue
[2026-06-16T15:56:40.906+0000] {logging_mixin.py:188} INFO - [2026-06-16T15:56:40.905+0000] {dagbag.py:545} INFO - Filling up the DagBag from /opt/airflow/dags/dag_09_gcp_taxi_scheduled.py
[2026-06-16T15:56:40.922+0000] {processor.py:840} INFO - DAG(s) '09_gcp_taxi_scheduled' retrieved from /opt/airflow/dags/dag_09_gcp_taxi_scheduled.py
[2026-06-16T15:56:40.970+0000] {logging_mixin.py:188} INFO - [2026-06-16T15:56:40.969+0000] {dag.py:3089} INFO - Sync 1 DAGs
[2026-06-16T15:56:41.023+0000] {processor.py:183} INFO - Processing /opt/airflow/dags/dag_09_gcp_taxi_scheduled.py took 0.139 seconds
[2026-06-16T15:57:11.071+0000] {processor.py:161} INFO - Started process (PID=17413) to work on /opt/airflow/dags/dag_09_gcp_taxi_scheduled.py
[2026-06-16T15:57:11.072+0000] {processor.py:830} INFO - Processing file /opt/airflow/dags/dag_09_gcp_taxi_scheduled.py for tasks to queue
[2026-06-16T15:57:11.074+0000] {logging_mixin.py:188} INFO - [2026-06-16T15:57:11.073+0000] {dagbag.py:545} INFO - Filling up the DagBag from /opt/airflow/dags/dag_09_gcp_taxi_scheduled.py
[2026-06-16T15:57:11.090+0000] {processor.py:840} INFO - DAG(s) '09_gcp_taxi_scheduled' retrieved from /opt/airflow/dags/dag_09_gcp_taxi_scheduled.py
[2026-06-16T15:57:11.140+0000] {logging_mixin.py:188} INFO - [2026-06-16T15:57:11.140+0000] {dag.py:3089} INFO - Sync 1 DAGs
[2026-06-16T15:57:11.195+0000] {processor.py:183} INFO - Processing /opt/airflow/dags/dag_09_gcp_taxi_scheduled.py took 0.133 seconds
[2026-06-16T15:57:42.147+0000] {processor.py:161} INFO - Started process (PID=17453) to work on /opt/airflow/dags/dag_09_gcp_taxi_scheduled.py
[2026-06-16T15:57:42.149+0000] {processor.py:830} INFO - Processing file /opt/airflow/dags/dag_09_gcp_taxi_scheduled.py for tasks to queue
[2026-06-16T15:57:42.152+0000] {logging_mixin.py:188} INFO - [2026-06-16T15:57:42.151+0000] {dagbag.py:545} INFO - Filling up the DagBag from /opt/airflow/dags/dag_09_gcp_taxi_scheduled.py
[2026-06-16T15:57:42.169+0000] {processor.py:840} INFO - DAG(s) '09_gcp_taxi_scheduled' retrieved from /opt/airflow/dags/dag_09_gcp_taxi_scheduled.py
[2026-06-16T15:57:42.215+0000] {logging_mixin.py:188} INFO - [2026-06-16T15:57:42.215+0000] {dag.py:3089} INFO - Sync 1 DAGs
[2026-06-16T15:57:42.267+0000] {processor.py:183} INFO - Processing /opt/airflow/dags/dag_09_gcp_taxi_scheduled.py took 0.129 seconds
[2026-06-16T15:58:12.363+0000] {processor.py:161} INFO - Started process (PID=17493) to work on /opt/airflow/dags/dag_09_gcp_taxi_scheduled.py
[2026-06-16T15:58:12.364+0000] {processor.py:830} INFO - Processing file /opt/airflow/dags/dag_09_gcp_taxi_scheduled.py for tasks to queue
[2026-06-16T15:58:12.366+0000] {logging_mixin.py:188} INFO - [2026-06-16T15:58:12.366+0000] {dagbag.py:545} INFO - Filling up the DagBag from /opt/airflow/dags/dag_09_gcp_taxi_scheduled.py
[2026-06-16T15:58:12.382+0000] {processor.py:840} INFO - DAG(s) '09_gcp_taxi_scheduled' retrieved from /opt/airflow/dags/dag_09_gcp_taxi_scheduled.py
[2026-06-16T15:58:12.435+0000] {logging_mixin.py:188} INFO - [2026-06-16T15:58:12.434+0000] {dag.py:3089} INFO - Sync 1 DAGs
[2026-06-16T15:58:12.488+0000] {processor.py:183} INFO - Processing /opt/airflow/dags/dag_09_gcp_taxi_scheduled.py took 0.134 seconds
[2026-06-16T15:58:42.579+0000] {processor.py:161} INFO - Started process (PID=17533) to work on /opt/airflow/dags/dag_09_gcp_taxi_scheduled.py
[2026-06-16T15:58:42.589+0000] {processor.py:830} INFO - Processing file /opt/airflow/dags/dag_09_gcp_taxi_scheduled.py for tasks to queue
[2026-06-16T15:58:42.591+0000] {logging_mixin.py:188} INFO - [2026-06-16T15:58:42.591+0000] {dagbag.py:545} INFO - Filling up the DagBag from /opt/airflow/dags/dag_09_gcp_taxi_scheduled.py
[2026-06-16T15:58:42.607+0000] {processor.py:840} INFO - DAG(s) '09_gcp_taxi_scheduled' retrieved from /opt/airflow/dags/dag_09_gcp_taxi_scheduled.py
[2026-06-16T15:58:42.661+0000] {logging_mixin.py:188} INFO - [2026-06-16T15:58:42.660+0000] {dag.py:3089} INFO - Sync 1 DAGs
[2026-06-16T15:58:42.717+0000] {processor.py:183} INFO - Processing /opt/airflow/dags/dag_09_gcp_taxi_scheduled.py took 0.147 seconds
[2026-06-16T15:59:12.779+0000] {processor.py:161} INFO - Started process (PID=17573) to work on /opt/airflow/dags/dag_09_gcp_taxi_scheduled.py
[2026-06-16T15:59:12.780+0000] {processor.py:830} INFO - Processing file /opt/airflow/dags/dag_09_gcp_taxi_scheduled.py for tasks to queue
[2026-06-16T15:59:12.783+0000] {logging_mixin.py:188} INFO - [2026-06-16T15:59:12.782+0000] {dagbag.py:545} INFO - Filling up the DagBag from /opt/airflow/dags/dag_09_gcp_taxi_scheduled.py
[2026-06-16T15:59:12.806+0000] {processor.py:840} INFO - DAG(s) '09_gcp_taxi_scheduled' retrieved from /opt/airflow/dags/dag_09_gcp_taxi_scheduled.py
[2026-06-16T15:59:12.860+0000] {logging_mixin.py:188} INFO - [2026-06-16T15:59:12.860+0000] {dag.py:3089} INFO - Sync 1 DAGs
[2026-06-16T15:59:12.912+0000] {processor.py:183} INFO - Processing /opt/airflow/dags/dag_09_gcp_taxi_scheduled.py took 0.144 seconds
[2026-06-16T15:59:43.012+0000] {processor.py:161} INFO - Started process (PID=17613) to work on /opt/airflow/dags/dag_09_gcp_taxi_scheduled.py
[2026-06-16T15:59:43.023+0000] {processor.py:830} INFO - Processing file /opt/airflow/dags/dag_09_gcp_taxi_scheduled.py for tasks to queue
[2026-06-16T15:59:43.026+0000] {logging_mixin.py:188} INFO - [2026-06-16T15:59:43.025+0000] {dagbag.py:545} INFO - Filling up the DagBag from /opt/airflow/dags/dag_09_gcp_taxi_scheduled.py
[2026-06-16T15:59:43.046+0000] {processor.py:840} INFO - DAG(s) '09_gcp_taxi_scheduled' retrieved from /opt/airflow/dags/dag_09_gcp_taxi_scheduled.py
[2026-06-16T15:59:43.096+0000] {logging_mixin.py:188} INFO - [2026-06-16T15:59:43.096+0000] {dag.py:3089} INFO - Sync 1 DAGs
[2026-06-16T15:59:43.151+0000] {processor.py:183} INFO - Processing /opt/airflow/dags/dag_09_gcp_taxi_scheduled.py took 0.150 seconds
[2026-06-16T16:00:13.210+0000] {processor.py:161} INFO - Started process (PID=17653) to work on /opt/airflow/dags/dag_09_gcp_taxi_scheduled.py
[2026-06-16T16:00:13.211+0000] {processor.py:830} INFO - Processing file /opt/airflow/dags/dag_09_gcp_taxi_scheduled.py for tasks to queue
[2026-06-16T16:00:13.213+0000] {logging_mixin.py:188} INFO - [2026-06-16T16:00:13.213+0000] {dagbag.py:545} INFO - Filling up the DagBag from /opt/airflow/dags/dag_09_gcp_taxi_scheduled.py
[2026-06-16T16:00:13.229+0000] {processor.py:840} INFO - DAG(s) '09_gcp_taxi_scheduled' retrieved from /opt/airflow/dags/dag_09_gcp_taxi_scheduled.py
[2026-06-16T16:00:13.278+0000] {logging_mixin.py:188} INFO - [2026-06-16T16:00:13.278+0000] {dag.py:3089} INFO - Sync 1 DAGs
[2026-06-16T16:00:13.334+0000] {processor.py:183} INFO - Processing /opt/airflow/dags/dag_09_gcp_taxi_scheduled.py took 0.133 seconds
[2026-06-16T16:00:43.386+0000] {processor.py:161} INFO - Started process (PID=17693) to work on /opt/airflow/dags/dag_09_gcp_taxi_scheduled.py
[2026-06-16T16:00:43.397+0000] {processor.py:830} INFO - Processing file /opt/airflow/dags/dag_09_gcp_taxi_scheduled.py for tasks to queue
[2026-06-16T16:00:43.399+0000] {logging_mixin.py:188} INFO - [2026-06-16T16:00:43.398+0000] {dagbag.py:545} INFO - Filling up the DagBag from /opt/airflow/dags/dag_09_gcp_taxi_scheduled.py
[2026-06-16T16:00:43.416+0000] {processor.py:840} INFO - DAG(s) '09_gcp_taxi_scheduled' retrieved from /opt/airflow/dags/dag_09_gcp_taxi_scheduled.py
[2026-06-16T16:00:43.461+0000] {logging_mixin.py:188} INFO - [2026-06-16T16:00:43.461+0000] {dag.py:3089} INFO - Sync 1 DAGs
[2026-06-16T16:00:43.514+0000] {processor.py:183} INFO - Processing /opt/airflow/dags/dag_09_gcp_taxi_scheduled.py took 0.137 seconds
[2026-06-16T16:01:14.420+0000] {processor.py:161} INFO - Started process (PID=17733) to work on /opt/airflow/dags/dag_09_gcp_taxi_scheduled.py
[2026-06-16T16:01:14.422+0000] {processor.py:830} INFO - Processing file /opt/airflow/dags/dag_09_gcp_taxi_scheduled.py for tasks to queue
[2026-06-16T16:01:14.424+0000] {logging_mixin.py:188} INFO - [2026-06-16T16:01:14.424+0000] {dagbag.py:545} INFO - Filling up the DagBag from /opt/airflow/dags/dag_09_gcp_taxi_scheduled.py
[2026-06-16T16:01:14.440+0000] {processor.py:840} INFO - DAG(s) '09_gcp_taxi_scheduled' retrieved from /opt/airflow/dags/dag_09_gcp_taxi_scheduled.py
[2026-06-16T16:01:14.490+0000] {logging_mixin.py:188} INFO - [2026-06-16T16:01:14.489+0000] {dag.py:3089} INFO - Sync 1 DAGs
[2026-06-16T16:01:14.540+0000] {processor.py:183} INFO - Processing /opt/airflow/dags/dag_09_gcp_taxi_scheduled.py took 0.130 seconds
[2026-06-16T16:01:44.627+0000] {processor.py:161} INFO - Started process (PID=17773) to work on /opt/airflow/dags/dag_09_gcp_taxi_scheduled.py
[2026-06-16T16:01:44.629+0000] {processor.py:830} INFO - Processing file /opt/airflow/dags/dag_09_gcp_taxi_scheduled.py for tasks to queue
[2026-06-16T16:01:44.631+0000] {logging_mixin.py:188} INFO - [2026-06-16T16:01:44.631+0000] {dagbag.py:545} INFO - Filling up the DagBag from /opt/airflow/dags/dag_09_gcp_taxi_scheduled.py
[2026-06-16T16:01:44.647+0000] {processor.py:840} INFO - DAG(s) '09_gcp_taxi_scheduled' retrieved from /opt/airflow/dags/dag_09_gcp_taxi_scheduled.py
[2026-06-16T16:01:44.695+0000] {logging_mixin.py:188} INFO - [2026-06-16T16:01:44.695+0000] {dag.py:3089} INFO - Sync 1 DAGs
[2026-06-16T16:01:44.748+0000] {processor.py:183} INFO - Processing /opt/airflow/dags/dag_09_gcp_taxi_scheduled.py took 0.131 seconds
[2026-06-16T16:02:14.818+0000] {processor.py:161} INFO - Started process (PID=17813) to work on /opt/airflow/dags/dag_09_gcp_taxi_scheduled.py
[2026-06-16T16:02:14.819+0000] {processor.py:830} INFO - Processing file /opt/airflow/dags/dag_09_gcp_taxi_scheduled.py for tasks to queue
[2026-06-16T16:02:14.821+0000] {logging_mixin.py:188} INFO - [2026-06-16T16:02:14.821+0000] {dagbag.py:545} INFO - Filling up the DagBag from /opt/airflow/dags/dag_09_gcp_taxi_scheduled.py
[2026-06-16T16:02:14.839+0000] {processor.py:840} INFO - DAG(s) '09_gcp_taxi_scheduled' retrieved from /opt/airflow/dags/dag_09_gcp_taxi_scheduled.py
[2026-06-16T16:02:14.888+0000] {logging_mixin.py:188} INFO - [2026-06-16T16:02:14.888+0000] {dag.py:3089} INFO - Sync 1 DAGs
[2026-06-16T16:02:14.943+0000] {processor.py:183} INFO - Processing /opt/airflow/dags/dag_09_gcp_taxi_scheduled.py took 0.136 seconds
[2026-06-16T16:02:45.059+0000] {processor.py:161} INFO - Started process (PID=17853) to work on /opt/airflow/dags/dag_09_gcp_taxi_scheduled.py
[2026-06-16T16:02:45.061+0000] {processor.py:830} INFO - Processing file /opt/airflow/dags/dag_09_gcp_taxi_scheduled.py for tasks to queue
[2026-06-16T16:02:45.063+0000] {logging_mixin.py:188} INFO - [2026-06-16T16:02:45.063+0000] {dagbag.py:545} INFO - Filling up the DagBag from /opt/airflow/dags/dag_09_gcp_taxi_scheduled.py
[2026-06-16T16:02:45.079+0000] {processor.py:840} INFO - DAG(s) '09_gcp_taxi_scheduled' retrieved from /opt/airflow/dags/dag_09_gcp_taxi_scheduled.py
[2026-06-16T16:02:45.129+0000] {logging_mixin.py:188} INFO - [2026-06-16T16:02:45.129+0000] {dag.py:3089} INFO - Sync 1 DAGs
[2026-06-16T16:02:45.180+0000] {processor.py:183} INFO - Processing /opt/airflow/dags/dag_09_gcp_taxi_scheduled.py took 0.131 seconds
[2026-06-16T16:03:15.790+0000] {processor.py:161} INFO - Started process (PID=17893) to work on /opt/airflow/dags/dag_09_gcp_taxi_scheduled.py
[2026-06-16T16:03:15.791+0000] {processor.py:830} INFO - Processing file /opt/airflow/dags/dag_09_gcp_taxi_scheduled.py for tasks to queue
[2026-06-16T16:03:15.793+0000] {logging_mixin.py:188} INFO - [2026-06-16T16:03:15.793+0000] {dagbag.py:545} INFO - Filling up the DagBag from /opt/airflow/dags/dag_09_gcp_taxi_scheduled.py
[2026-06-16T16:03:15.810+0000] {processor.py:840} INFO - DAG(s) '09_gcp_taxi_scheduled' retrieved from /opt/airflow/dags/dag_09_gcp_taxi_scheduled.py
[2026-06-16T16:03:15.857+0000] {logging_mixin.py:188} INFO - [2026-06-16T16:03:15.857+0000] {dag.py:3089} INFO - Sync 1 DAGs
[2026-06-16T16:03:15.911+0000] {processor.py:183} INFO - Processing /opt/airflow/dags/dag_09_gcp_taxi_scheduled.py took 0.129 seconds
[2026-06-16T16:03:46.897+0000] {processor.py:161} INFO - Started process (PID=17933) to work on /opt/airflow/dags/dag_09_gcp_taxi_scheduled.py
[2026-06-16T16:03:46.898+0000] {processor.py:830} INFO - Processing file /opt/airflow/dags/dag_09_gcp_taxi_scheduled.py for tasks to queue
[2026-06-16T16:03:46.900+0000] {logging_mixin.py:188} INFO - [2026-06-16T16:03:46.900+0000] {dagbag.py:545} INFO - Filling up the DagBag from /opt/airflow/dags/dag_09_gcp_taxi_scheduled.py
[2026-06-16T16:03:46.917+0000] {processor.py:840} INFO - DAG(s) '09_gcp_taxi_scheduled' retrieved from /opt/airflow/dags/dag_09_gcp_taxi_scheduled.py
[2026-06-16T16:03:46.964+0000] {logging_mixin.py:188} INFO - [2026-06-16T16:03:46.963+0000] {dag.py:3089} INFO - Sync 1 DAGs
[2026-06-16T16:03:47.016+0000] {processor.py:183} INFO - Processing /opt/airflow/dags/dag_09_gcp_taxi_scheduled.py took 0.129 seconds
[2026-06-16T16:04:17.847+0000] {processor.py:161} INFO - Started process (PID=17973) to work on /opt/airflow/dags/dag_09_gcp_taxi_scheduled.py
[2026-06-16T16:04:17.849+0000] {processor.py:830} INFO - Processing file /opt/airflow/dags/dag_09_gcp_taxi_scheduled.py for tasks to queue
[2026-06-16T16:04:17.852+0000] {logging_mixin.py:188} INFO - [2026-06-16T16:04:17.851+0000] {dagbag.py:545} INFO - Filling up the DagBag from /opt/airflow/dags/dag_09_gcp_taxi_scheduled.py
[2026-06-16T16:04:17.872+0000] {processor.py:840} INFO - DAG(s) '09_gcp_taxi_scheduled' retrieved from /opt/airflow/dags/dag_09_gcp_taxi_scheduled.py
[2026-06-16T16:04:17.921+0000] {logging_mixin.py:188} INFO - [2026-06-16T16:04:17.921+0000] {dag.py:3089} INFO - Sync 1 DAGs
[2026-06-16T16:04:17.976+0000] {processor.py:183} INFO - Processing /opt/airflow/dags/dag_09_gcp_taxi_scheduled.py took 0.138 seconds
[2026-06-16T16:04:48.821+0000] {processor.py:161} INFO - Started process (PID=18013) to work on /opt/airflow/dags/dag_09_gcp_taxi_scheduled.py
[2026-06-16T16:04:48.831+0000] {processor.py:830} INFO - Processing file /opt/airflow/dags/dag_09_gcp_taxi_scheduled.py for tasks to queue
[2026-06-16T16:04:48.833+0000] {logging_mixin.py:188} INFO - [2026-06-16T16:04:48.833+0000] {dagbag.py:545} INFO - Filling up the DagBag from /opt/airflow/dags/dag_09_gcp_taxi_scheduled.py
[2026-06-16T16:04:48.849+0000] {processor.py:840} INFO - DAG(s) '09_gcp_taxi_scheduled' retrieved from /opt/airflow/dags/dag_09_gcp_taxi_scheduled.py
[2026-06-16T16:04:48.894+0000] {logging_mixin.py:188} INFO - [2026-06-16T16:04:48.894+0000] {dag.py:3089} INFO - Sync 1 DAGs
[2026-06-16T16:04:48.945+0000] {processor.py:183} INFO - Processing /opt/airflow/dags/dag_09_gcp_taxi_scheduled.py took 0.134 seconds
[2026-06-16T16:05:19.793+0000] {processor.py:161} INFO - Started process (PID=18053) to work on /opt/airflow/dags/dag_09_gcp_taxi_scheduled.py
[2026-06-16T16:05:19.794+0000] {processor.py:830} INFO - Processing file /opt/airflow/dags/dag_09_gcp_taxi_scheduled.py for tasks to queue
[2026-06-16T16:05:19.796+0000] {logging_mixin.py:188} INFO - [2026-06-16T16:05:19.796+0000] {dagbag.py:545} INFO - Filling up the DagBag from /opt/airflow/dags/dag_09_gcp_taxi_scheduled.py
[2026-06-16T16:05:19.813+0000] {processor.py:840} INFO - DAG(s) '09_gcp_taxi_scheduled' retrieved from /opt/airflow/dags/dag_09_gcp_taxi_scheduled.py
[2026-06-16T16:05:19.863+0000] {logging_mixin.py:188} INFO - [2026-06-16T16:05:19.863+0000] {dag.py:3089} INFO - Sync 1 DAGs
[2026-06-16T16:05:19.916+0000] {processor.py:183} INFO - Processing /opt/airflow/dags/dag_09_gcp_taxi_scheduled.py took 0.134 seconds
[2026-06-16T16:05:49.976+0000] {processor.py:161} INFO - Started process (PID=18093) to work on /opt/airflow/dags/dag_09_gcp_taxi_scheduled.py
[2026-06-16T16:05:49.979+0000] {processor.py:830} INFO - Processing file /opt/airflow/dags/dag_09_gcp_taxi_scheduled.py for tasks to queue
[2026-06-16T16:05:49.981+0000] {logging_mixin.py:188} INFO - [2026-06-16T16:05:49.981+0000] {dagbag.py:545} INFO - Filling up the DagBag from /opt/airflow/dags/dag_09_gcp_taxi_scheduled.py
[2026-06-16T16:05:49.998+0000] {processor.py:840} INFO - DAG(s) '09_gcp_taxi_scheduled' retrieved from /opt/airflow/dags/dag_09_gcp_taxi_scheduled.py
[2026-06-16T16:05:50.044+0000] {logging_mixin.py:188} INFO - [2026-06-16T16:05:50.043+0000] {dag.py:3089} INFO - Sync 1 DAGs
[2026-06-16T16:05:50.094+0000] {processor.py:183} INFO - Processing /opt/airflow/dags/dag_09_gcp_taxi_scheduled.py took 0.127 seconds
[2026-06-16T16:06:20.247+0000] {processor.py:161} INFO - Started process (PID=18138) to work on /opt/airflow/dags/dag_09_gcp_taxi_scheduled.py
[2026-06-16T16:06:20.248+0000] {processor.py:830} INFO - Processing file /opt/airflow/dags/dag_09_gcp_taxi_scheduled.py for tasks to queue
[2026-06-16T16:06:20.250+0000] {logging_mixin.py:188} INFO - [2026-06-16T16:06:20.249+0000] {dagbag.py:545} INFO - Filling up the DagBag from /opt/airflow/dags/dag_09_gcp_taxi_scheduled.py
[2026-06-16T16:06:20.271+0000] {processor.py:840} INFO - DAG(s) '09_gcp_taxi_scheduled' retrieved from /opt/airflow/dags/dag_09_gcp_taxi_scheduled.py
[2026-06-16T16:06:20.319+0000] {logging_mixin.py:188} INFO - [2026-06-16T16:06:20.319+0000] {dag.py:3089} INFO - Sync 1 DAGs
[2026-06-16T16:06:20.368+0000] {processor.py:183} INFO - Processing /opt/airflow/dags/dag_09_gcp_taxi_scheduled.py took 0.130 seconds
[2026-06-16T16:06:50.431+0000] {processor.py:161} INFO - Started process (PID=18178) to work on /opt/airflow/dags/dag_09_gcp_taxi_scheduled.py
[2026-06-16T16:06:50.433+0000] {processor.py:830} INFO - Processing file /opt/airflow/dags/dag_09_gcp_taxi_scheduled.py for tasks to queue
[2026-06-16T16:06:50.436+0000] {logging_mixin.py:188} INFO - [2026-06-16T16:06:50.436+0000] {dagbag.py:545} INFO - Filling up the DagBag from /opt/airflow/dags/dag_09_gcp_taxi_scheduled.py
[2026-06-16T16:06:50.456+0000] {processor.py:840} INFO - DAG(s) '09_gcp_taxi_scheduled' retrieved from /opt/airflow/dags/dag_09_gcp_taxi_scheduled.py
[2026-06-16T16:06:50.505+0000] {logging_mixin.py:188} INFO - [2026-06-16T16:06:50.505+0000] {dag.py:3089} INFO - Sync 1 DAGs
[2026-06-16T16:06:50.556+0000] {processor.py:183} INFO - Processing /opt/airflow/dags/dag_09_gcp_taxi_scheduled.py took 0.134 seconds
[2026-06-16T16:07:21.461+0000] {processor.py:161} INFO - Started process (PID=18218) to work on /opt/airflow/dags/dag_09_gcp_taxi_scheduled.py
[2026-06-16T16:07:21.462+0000] {processor.py:830} INFO - Processing file /opt/airflow/dags/dag_09_gcp_taxi_scheduled.py for tasks to queue
[2026-06-16T16:07:21.464+0000] {logging_mixin.py:188} INFO - [2026-06-16T16:07:21.463+0000] {dagbag.py:545} INFO - Filling up the DagBag from /opt/airflow/dags/dag_09_gcp_taxi_scheduled.py
[2026-06-16T16:07:21.479+0000] {processor.py:840} INFO - DAG(s) '09_gcp_taxi_scheduled' retrieved from /opt/airflow/dags/dag_09_gcp_taxi_scheduled.py
[2026-06-16T16:07:21.529+0000] {logging_mixin.py:188} INFO - [2026-06-16T16:07:21.529+0000] {dag.py:3089} INFO - Sync 1 DAGs
[2026-06-16T16:07:21.585+0000] {processor.py:183} INFO - Processing /opt/airflow/dags/dag_09_gcp_taxi_scheduled.py took 0.133 seconds
[2026-06-16T16:07:52.415+0000] {processor.py:161} INFO - Started process (PID=18258) to work on /opt/airflow/dags/dag_09_gcp_taxi_scheduled.py
[2026-06-16T16:07:52.426+0000] {processor.py:830} INFO - Processing file /opt/airflow/dags/dag_09_gcp_taxi_scheduled.py for tasks to queue
[2026-06-16T16:07:52.428+0000] {logging_mixin.py:188} INFO - [2026-06-16T16:07:52.427+0000] {dagbag.py:545} INFO - Filling up the DagBag from /opt/airflow/dags/dag_09_gcp_taxi_scheduled.py
[2026-06-16T16:07:52.444+0000] {processor.py:840} INFO - DAG(s) '09_gcp_taxi_scheduled' retrieved from /opt/airflow/dags/dag_09_gcp_taxi_scheduled.py
[2026-06-16T16:07:52.504+0000] {logging_mixin.py:188} INFO - [2026-06-16T16:07:52.503+0000] {dag.py:3089} INFO - Sync 1 DAGs
[2026-06-16T16:07:52.555+0000] {processor.py:183} INFO - Processing /opt/airflow/dags/dag_09_gcp_taxi_scheduled.py took 0.149 seconds
[2026-06-16T16:08:23.412+0000] {processor.py:161} INFO - Started process (PID=18298) to work on /opt/airflow/dags/dag_09_gcp_taxi_scheduled.py
[2026-06-16T16:08:23.422+0000] {processor.py:830} INFO - Processing file /opt/airflow/dags/dag_09_gcp_taxi_scheduled.py for tasks to queue
[2026-06-16T16:08:23.424+0000] {logging_mixin.py:188} INFO - [2026-06-16T16:08:23.424+0000] {dagbag.py:545} INFO - Filling up the DagBag from /opt/airflow/dags/dag_09_gcp_taxi_scheduled.py
[2026-06-16T16:08:23.440+0000] {processor.py:840} INFO - DAG(s) '09_gcp_taxi_scheduled' retrieved from /opt/airflow/dags/dag_09_gcp_taxi_scheduled.py
[2026-06-16T16:08:23.497+0000] {logging_mixin.py:188} INFO - [2026-06-16T16:08:23.497+0000] {dag.py:3089} INFO - Sync 1 DAGs
[2026-06-16T16:08:23.551+0000] {processor.py:183} INFO - Processing /opt/airflow/dags/dag_09_gcp_taxi_scheduled.py took 0.148 seconds
[2026-06-16T16:08:54.381+0000] {processor.py:161} INFO - Started process (PID=18338) to work on /opt/airflow/dags/dag_09_gcp_taxi_scheduled.py
[2026-06-16T16:08:54.385+0000] {processor.py:830} INFO - Processing file /opt/airflow/dags/dag_09_gcp_taxi_scheduled.py for tasks to queue
[2026-06-16T16:08:54.387+0000] {logging_mixin.py:188} INFO - [2026-06-16T16:08:54.386+0000] {dagbag.py:545} INFO - Filling up the DagBag from /opt/airflow/dags/dag_09_gcp_taxi_scheduled.py
[2026-06-16T16:08:54.403+0000] {processor.py:840} INFO - DAG(s) '09_gcp_taxi_scheduled' retrieved from /opt/airflow/dags/dag_09_gcp_taxi_scheduled.py
[2026-06-16T16:08:54.451+0000] {logging_mixin.py:188} INFO - [2026-06-16T16:08:54.451+0000] {dag.py:3089} INFO - Sync 1 DAGs
[2026-06-16T16:08:54.504+0000] {processor.py:183} INFO - Processing /opt/airflow/dags/dag_09_gcp_taxi_scheduled.py took 0.131 seconds
[2026-06-16T16:09:25.340+0000] {processor.py:161} INFO - Started process (PID=18378) to work on /opt/airflow/dags/dag_09_gcp_taxi_scheduled.py
[2026-06-16T16:09:25.342+0000] {processor.py:830} INFO - Processing file /opt/airflow/dags/dag_09_gcp_taxi_scheduled.py for tasks to queue
[2026-06-16T16:09:25.344+0000] {logging_mixin.py:188} INFO - [2026-06-16T16:09:25.343+0000] {dagbag.py:545} INFO - Filling up the DagBag from /opt/airflow/dags/dag_09_gcp_taxi_scheduled.py
[2026-06-16T16:09:25.360+0000] {processor.py:840} INFO - DAG(s) '09_gcp_taxi_scheduled' retrieved from /opt/airflow/dags/dag_09_gcp_taxi_scheduled.py
[2026-06-16T16:09:25.405+0000] {logging_mixin.py:188} INFO - [2026-06-16T16:09:25.405+0000] {dag.py:3089} INFO - Sync 1 DAGs
[2026-06-16T16:09:25.456+0000] {processor.py:183} INFO - Processing /opt/airflow/dags/dag_09_gcp_taxi_scheduled.py took 0.124 seconds
[2026-06-16T16:09:56.108+0000] {processor.py:161} INFO - Started process (PID=18418) to work on /opt/airflow/dags/dag_09_gcp_taxi_scheduled.py
[2026-06-16T16:09:56.110+0000] {processor.py:830} INFO - Processing file /opt/airflow/dags/dag_09_gcp_taxi_scheduled.py for tasks to queue
[2026-06-16T16:09:56.112+0000] {logging_mixin.py:188} INFO - [2026-06-16T16:09:56.111+0000] {dagbag.py:545} INFO - Filling up the DagBag from /opt/airflow/dags/dag_09_gcp_taxi_scheduled.py
[2026-06-16T16:09:56.128+0000] {processor.py:840} INFO - DAG(s) '09_gcp_taxi_scheduled' retrieved from /opt/airflow/dags/dag_09_gcp_taxi_scheduled.py
[2026-06-16T16:09:56.177+0000] {logging_mixin.py:188} INFO - [2026-06-16T16:09:56.176+0000] {dag.py:3089} INFO - Sync 1 DAGs
[2026-06-16T16:09:56.238+0000] {processor.py:183} INFO - Processing /opt/airflow/dags/dag_09_gcp_taxi_scheduled.py took 0.139 seconds
[2026-06-16T16:10:27.033+0000] {processor.py:161} INFO - Started process (PID=18458) to work on /opt/airflow/dags/dag_09_gcp_taxi_scheduled.py
[2026-06-16T16:10:27.034+0000] {processor.py:830} INFO - Processing file /opt/airflow/dags/dag_09_gcp_taxi_scheduled.py for tasks to queue
[2026-06-16T16:10:27.036+0000] {logging_mixin.py:188} INFO - [2026-06-16T16:10:27.036+0000] {dagbag.py:545} INFO - Filling up the DagBag from /opt/airflow/dags/dag_09_gcp_taxi_scheduled.py
[2026-06-16T16:10:27.052+0000] {processor.py:840} INFO - DAG(s) '09_gcp_taxi_scheduled' retrieved from /opt/airflow/dags/dag_09_gcp_taxi_scheduled.py
[2026-06-16T16:10:27.098+0000] {logging_mixin.py:188} INFO - [2026-06-16T16:10:27.097+0000] {dag.py:3089} INFO - Sync 1 DAGs
[2026-06-16T16:10:27.149+0000] {processor.py:183} INFO - Processing /opt/airflow/dags/dag_09_gcp_taxi_scheduled.py took 0.125 seconds
[2026-06-16T16:10:58.011+0000] {processor.py:161} INFO - Started process (PID=18498) to work on /opt/airflow/dags/dag_09_gcp_taxi_scheduled.py
[2026-06-16T16:10:58.013+0000] {processor.py:830} INFO - Processing file /opt/airflow/dags/dag_09_gcp_taxi_scheduled.py for tasks to queue
[2026-06-16T16:10:58.015+0000] {logging_mixin.py:188} INFO - [2026-06-16T16:10:58.015+0000] {dagbag.py:545} INFO - Filling up the DagBag from /opt/airflow/dags/dag_09_gcp_taxi_scheduled.py
[2026-06-16T16:10:58.031+0000] {processor.py:840} INFO - DAG(s) '09_gcp_taxi_scheduled' retrieved from /opt/airflow/dags/dag_09_gcp_taxi_scheduled.py
[2026-06-16T16:10:58.077+0000] {logging_mixin.py:188} INFO - [2026-06-16T16:10:58.077+0000] {dag.py:3089} INFO - Sync 1 DAGs
[2026-06-16T16:10:58.129+0000] {processor.py:183} INFO - Processing /opt/airflow/dags/dag_09_gcp_taxi_scheduled.py took 0.128 seconds
[2026-06-16T16:11:28.974+0000] {processor.py:161} INFO - Started process (PID=18538) to work on /opt/airflow/dags/dag_09_gcp_taxi_scheduled.py
[2026-06-16T16:11:28.984+0000] {processor.py:830} INFO - Processing file /opt/airflow/dags/dag_09_gcp_taxi_scheduled.py for tasks to queue
[2026-06-16T16:11:28.986+0000] {logging_mixin.py:188} INFO - [2026-06-16T16:11:28.986+0000] {dagbag.py:545} INFO - Filling up the DagBag from /opt/airflow/dags/dag_09_gcp_taxi_scheduled.py
[2026-06-16T16:11:29.002+0000] {processor.py:840} INFO - DAG(s) '09_gcp_taxi_scheduled' retrieved from /opt/airflow/dags/dag_09_gcp_taxi_scheduled.py
[2026-06-16T16:11:29.047+0000] {logging_mixin.py:188} INFO - [2026-06-16T16:11:29.046+0000] {dag.py:3089} INFO - Sync 1 DAGs
[2026-06-16T16:11:29.102+0000] {processor.py:183} INFO - Processing /opt/airflow/dags/dag_09_gcp_taxi_scheduled.py took 0.137 seconds
[2026-06-16T16:11:59.989+0000] {processor.py:161} INFO - Started process (PID=18578) to work on /opt/airflow/dags/dag_09_gcp_taxi_scheduled.py
[2026-06-16T16:11:59.990+0000] {processor.py:830} INFO - Processing file /opt/airflow/dags/dag_09_gcp_taxi_scheduled.py for tasks to queue
[2026-06-16T16:11:59.992+0000] {logging_mixin.py:188} INFO - [2026-06-16T16:11:59.992+0000] {dagbag.py:545} INFO - Filling up the DagBag from /opt/airflow/dags/dag_09_gcp_taxi_scheduled.py
[2026-06-16T16:12:00.008+0000] {processor.py:840} INFO - DAG(s) '09_gcp_taxi_scheduled' retrieved from /opt/airflow/dags/dag_09_gcp_taxi_scheduled.py
[2026-06-16T16:12:00.053+0000] {logging_mixin.py:188} INFO - [2026-06-16T16:12:00.053+0000] {dag.py:3089} INFO - Sync 1 DAGs
[2026-06-16T16:12:00.107+0000] {processor.py:183} INFO - Processing /opt/airflow/dags/dag_09_gcp_taxi_scheduled.py took 0.127 seconds
[2026-06-16T16:12:30.946+0000] {processor.py:161} INFO - Started process (PID=18618) to work on /opt/airflow/dags/dag_09_gcp_taxi_scheduled.py
[2026-06-16T16:12:30.956+0000] {processor.py:830} INFO - Processing file /opt/airflow/dags/dag_09_gcp_taxi_scheduled.py for tasks to queue
[2026-06-16T16:12:30.958+0000] {logging_mixin.py:188} INFO - [2026-06-16T16:12:30.958+0000] {dagbag.py:545} INFO - Filling up the DagBag from /opt/airflow/dags/dag_09_gcp_taxi_scheduled.py
[2026-06-16T16:12:30.977+0000] {processor.py:840} INFO - DAG(s) '09_gcp_taxi_scheduled' retrieved from /opt/airflow/dags/dag_09_gcp_taxi_scheduled.py
[2026-06-16T16:12:31.030+0000] {logging_mixin.py:188} INFO - [2026-06-16T16:12:31.029+0000] {dag.py:3089} INFO - Sync 1 DAGs
[2026-06-16T16:12:31.082+0000] {processor.py:183} INFO - Processing /opt/airflow/dags/dag_09_gcp_taxi_scheduled.py took 0.146 seconds
[2026-06-16T16:13:01.899+0000] {processor.py:161} INFO - Started process (PID=18658) to work on /opt/airflow/dags/dag_09_gcp_taxi_scheduled.py
[2026-06-16T16:13:01.900+0000] {processor.py:830} INFO - Processing file /opt/airflow/dags/dag_09_gcp_taxi_scheduled.py for tasks to queue
[2026-06-16T16:13:01.903+0000] {logging_mixin.py:188} INFO - [2026-06-16T16:13:01.902+0000] {dagbag.py:545} INFO - Filling up the DagBag from /opt/airflow/dags/dag_09_gcp_taxi_scheduled.py
[2026-06-16T16:13:01.918+0000] {processor.py:840} INFO - DAG(s) '09_gcp_taxi_scheduled' retrieved from /opt/airflow/dags/dag_09_gcp_taxi_scheduled.py
[2026-06-16T16:13:01.965+0000] {logging_mixin.py:188} INFO - [2026-06-16T16:13:01.965+0000] {dag.py:3089} INFO - Sync 1 DAGs
[2026-06-16T16:13:02.022+0000] {processor.py:183} INFO - Processing /opt/airflow/dags/dag_09_gcp_taxi_scheduled.py took 0.131 seconds
[2026-06-16T16:13:32.857+0000] {processor.py:161} INFO - Started process (PID=18698) to work on /opt/airflow/dags/dag_09_gcp_taxi_scheduled.py
[2026-06-16T16:13:32.867+0000] {processor.py:830} INFO - Processing file /opt/airflow/dags/dag_09_gcp_taxi_scheduled.py for tasks to queue
[2026-06-16T16:13:32.869+0000] {logging_mixin.py:188} INFO - [2026-06-16T16:13:32.869+0000] {dagbag.py:545} INFO - Filling up the DagBag from /opt/airflow/dags/dag_09_gcp_taxi_scheduled.py
[2026-06-16T16:13:32.886+0000] {processor.py:840} INFO - DAG(s) '09_gcp_taxi_scheduled' retrieved from /opt/airflow/dags/dag_09_gcp_taxi_scheduled.py
[2026-06-16T16:13:32.938+0000] {logging_mixin.py:188} INFO - [2026-06-16T16:13:32.937+0000] {dag.py:3089} INFO - Sync 1 DAGs
[2026-06-16T16:13:32.993+0000] {processor.py:183} INFO - Processing /opt/airflow/dags/dag_09_gcp_taxi_scheduled.py took 0.145 seconds
[2026-06-16T16:14:03.854+0000] {processor.py:161} INFO - Started process (PID=18738) to work on /opt/airflow/dags/dag_09_gcp_taxi_scheduled.py
[2026-06-16T16:14:03.856+0000] {processor.py:830} INFO - Processing file /opt/airflow/dags/dag_09_gcp_taxi_scheduled.py for tasks to queue
[2026-06-16T16:14:03.858+0000] {logging_mixin.py:188} INFO - [2026-06-16T16:14:03.858+0000] {dagbag.py:545} INFO - Filling up the DagBag from /opt/airflow/dags/dag_09_gcp_taxi_scheduled.py
[2026-06-16T16:14:03.874+0000] {processor.py:840} INFO - DAG(s) '09_gcp_taxi_scheduled' retrieved from /opt/airflow/dags/dag_09_gcp_taxi_scheduled.py
[2026-06-16T16:14:03.920+0000] {logging_mixin.py:188} INFO - [2026-06-16T16:14:03.920+0000] {dag.py:3089} INFO - Sync 1 DAGs
[2026-06-16T16:14:03.972+0000] {processor.py:183} INFO - Processing /opt/airflow/dags/dag_09_gcp_taxi_scheduled.py took 0.126 seconds
[2026-06-16T16:14:34.490+0000] {processor.py:161} INFO - Started process (PID=18778) to work on /opt/airflow/dags/dag_09_gcp_taxi_scheduled.py
[2026-06-16T16:14:34.500+0000] {processor.py:830} INFO - Processing file /opt/airflow/dags/dag_09_gcp_taxi_scheduled.py for tasks to queue
[2026-06-16T16:14:34.503+0000] {logging_mixin.py:188} INFO - [2026-06-16T16:14:34.502+0000] {dagbag.py:545} INFO - Filling up the DagBag from /opt/airflow/dags/dag_09_gcp_taxi_scheduled.py
[2026-06-16T16:14:34.525+0000] {processor.py:840} INFO - DAG(s) '09_gcp_taxi_scheduled' retrieved from /opt/airflow/dags/dag_09_gcp_taxi_scheduled.py
[2026-06-16T16:14:34.586+0000] {logging_mixin.py:188} INFO - [2026-06-16T16:14:34.586+0000] {dag.py:3089} INFO - Sync 1 DAGs
[2026-06-16T16:14:34.641+0000] {processor.py:183} INFO - Processing /opt/airflow/dags/dag_09_gcp_taxi_scheduled.py took 0.163 seconds
[2026-06-16T16:15:05.599+0000] {processor.py:161} INFO - Started process (PID=18823) to work on /opt/airflow/dags/dag_09_gcp_taxi_scheduled.py
[2026-06-16T16:15:05.601+0000] {processor.py:830} INFO - Processing file /opt/airflow/dags/dag_09_gcp_taxi_scheduled.py for tasks to queue
[2026-06-16T16:15:05.603+0000] {logging_mixin.py:188} INFO - [2026-06-16T16:15:05.602+0000] {dagbag.py:545} INFO - Filling up the DagBag from /opt/airflow/dags/dag_09_gcp_taxi_scheduled.py
[2026-06-16T16:15:05.618+0000] {processor.py:840} INFO - DAG(s) '09_gcp_taxi_scheduled' retrieved from /opt/airflow/dags/dag_09_gcp_taxi_scheduled.py
[2026-06-16T16:15:05.668+0000] {logging_mixin.py:188} INFO - [2026-06-16T16:15:05.667+0000] {dag.py:3089} INFO - Sync 1 DAGs
[2026-06-16T16:15:05.722+0000] {processor.py:183} INFO - Processing /opt/airflow/dags/dag_09_gcp_taxi_scheduled.py took 0.133 seconds
[2026-06-16T16:15:35.785+0000] {processor.py:161} INFO - Started process (PID=18863) to work on /opt/airflow/dags/dag_09_gcp_taxi_scheduled.py
[2026-06-16T16:15:35.786+0000] {processor.py:830} INFO - Processing file /opt/airflow/dags/dag_09_gcp_taxi_scheduled.py for tasks to queue
[2026-06-16T16:15:35.789+0000] {logging_mixin.py:188} INFO - [2026-06-16T16:15:35.788+0000] {dagbag.py:545} INFO - Filling up the DagBag from /opt/airflow/dags/dag_09_gcp_taxi_scheduled.py
[2026-06-16T16:15:35.804+0000] {processor.py:840} INFO - DAG(s) '09_gcp_taxi_scheduled' retrieved from /opt/airflow/dags/dag_09_gcp_taxi_scheduled.py
[2026-06-16T16:15:35.852+0000] {logging_mixin.py:188} INFO - [2026-06-16T16:15:35.852+0000] {dag.py:3089} INFO - Sync 1 DAGs
[2026-06-16T16:15:35.908+0000] {processor.py:183} INFO - Processing /opt/airflow/dags/dag_09_gcp_taxi_scheduled.py took 0.132 seconds
[2026-06-16T16:16:06.812+0000] {processor.py:161} INFO - Started process (PID=18903) to work on /opt/airflow/dags/dag_09_gcp_taxi_scheduled.py
[2026-06-16T16:16:06.815+0000] {processor.py:830} INFO - Processing file /opt/airflow/dags/dag_09_gcp_taxi_scheduled.py for tasks to queue
[2026-06-16T16:16:06.817+0000] {logging_mixin.py:188} INFO - [2026-06-16T16:16:06.817+0000] {dagbag.py:545} INFO - Filling up the DagBag from /opt/airflow/dags/dag_09_gcp_taxi_scheduled.py
[2026-06-16T16:16:06.833+0000] {processor.py:840} INFO - DAG(s) '09_gcp_taxi_scheduled' retrieved from /opt/airflow/dags/dag_09_gcp_taxi_scheduled.py
[2026-06-16T16:16:06.883+0000] {logging_mixin.py:188} INFO - [2026-06-16T16:16:06.883+0000] {dag.py:3089} INFO - Sync 1 DAGs
[2026-06-16T16:16:06.933+0000] {processor.py:183} INFO - Processing /opt/airflow/dags/dag_09_gcp_taxi_scheduled.py took 0.130 seconds
[2026-06-16T16:16:37.922+0000] {processor.py:161} INFO - Started process (PID=18943) to work on /opt/airflow/dags/dag_09_gcp_taxi_scheduled.py
[2026-06-16T16:16:37.924+0000] {processor.py:830} INFO - Processing file /opt/airflow/dags/dag_09_gcp_taxi_scheduled.py for tasks to queue
[2026-06-16T16:16:37.926+0000] {logging_mixin.py:188} INFO - [2026-06-16T16:16:37.926+0000] {dagbag.py:545} INFO - Filling up the DagBag from /opt/airflow/dags/dag_09_gcp_taxi_scheduled.py
[2026-06-16T16:16:37.947+0000] {processor.py:840} INFO - DAG(s) '09_gcp_taxi_scheduled' retrieved from /opt/airflow/dags/dag_09_gcp_taxi_scheduled.py
[2026-06-16T16:16:38.011+0000] {logging_mixin.py:188} INFO - [2026-06-16T16:16:38.011+0000] {dag.py:3089} INFO - Sync 1 DAGs
[2026-06-16T16:16:38.065+0000] {processor.py:183} INFO - Processing /opt/airflow/dags/dag_09_gcp_taxi_scheduled.py took 0.154 seconds
[2026-06-16T16:17:08.129+0000] {processor.py:161} INFO - Started process (PID=18983) to work on /opt/airflow/dags/dag_09_gcp_taxi_scheduled.py
[2026-06-16T16:17:08.131+0000] {processor.py:830} INFO - Processing file /opt/airflow/dags/dag_09_gcp_taxi_scheduled.py for tasks to queue
[2026-06-16T16:17:08.133+0000] {logging_mixin.py:188} INFO - [2026-06-16T16:17:08.133+0000] {dagbag.py:545} INFO - Filling up the DagBag from /opt/airflow/dags/dag_09_gcp_taxi_scheduled.py
[2026-06-16T16:17:08.152+0000] {processor.py:840} INFO - DAG(s) '09_gcp_taxi_scheduled' retrieved from /opt/airflow/dags/dag_09_gcp_taxi_scheduled.py
[2026-06-16T16:17:08.201+0000] {logging_mixin.py:188} INFO - [2026-06-16T16:17:08.201+0000] {dag.py:3089} INFO - Sync 1 DAGs
[2026-06-16T16:17:08.255+0000] {processor.py:183} INFO - Processing /opt/airflow/dags/dag_09_gcp_taxi_scheduled.py took 0.135 seconds
[2026-06-16T16:17:38.363+0000] {processor.py:161} INFO - Started process (PID=19023) to work on /opt/airflow/dags/dag_09_gcp_taxi_scheduled.py
[2026-06-16T16:17:38.364+0000] {processor.py:830} INFO - Processing file /opt/airflow/dags/dag_09_gcp_taxi_scheduled.py for tasks to queue
[2026-06-16T16:17:38.366+0000] {logging_mixin.py:188} INFO - [2026-06-16T16:17:38.366+0000] {dagbag.py:545} INFO - Filling up the DagBag from /opt/airflow/dags/dag_09_gcp_taxi_scheduled.py
[2026-06-16T16:17:38.382+0000] {processor.py:840} INFO - DAG(s) '09_gcp_taxi_scheduled' retrieved from /opt/airflow/dags/dag_09_gcp_taxi_scheduled.py
[2026-06-16T16:17:38.430+0000] {logging_mixin.py:188} INFO - [2026-06-16T16:17:38.430+0000] {dag.py:3089} INFO - Sync 1 DAGs
[2026-06-16T16:17:38.487+0000] {processor.py:183} INFO - Processing /opt/airflow/dags/dag_09_gcp_taxi_scheduled.py took 0.135 seconds
[2026-06-16T16:18:08.557+0000] {processor.py:161} INFO - Started process (PID=19063) to work on /opt/airflow/dags/dag_09_gcp_taxi_scheduled.py
[2026-06-16T16:18:08.559+0000] {processor.py:830} INFO - Processing file /opt/airflow/dags/dag_09_gcp_taxi_scheduled.py for tasks to queue
[2026-06-16T16:18:08.562+0000] {logging_mixin.py:188} INFO - [2026-06-16T16:18:08.561+0000] {dagbag.py:545} INFO - Filling up the DagBag from /opt/airflow/dags/dag_09_gcp_taxi_scheduled.py
[2026-06-16T16:18:08.578+0000] {processor.py:840} INFO - DAG(s) '09_gcp_taxi_scheduled' retrieved from /opt/airflow/dags/dag_09_gcp_taxi_scheduled.py
[2026-06-16T16:18:08.626+0000] {logging_mixin.py:188} INFO - [2026-06-16T16:18:08.626+0000] {dag.py:3089} INFO - Sync 1 DAGs
[2026-06-16T16:18:08.680+0000] {processor.py:183} INFO - Processing /opt/airflow/dags/dag_09_gcp_taxi_scheduled.py took 0.132 seconds
[2026-06-16T16:18:38.747+0000] {processor.py:161} INFO - Started process (PID=19103) to work on /opt/airflow/dags/dag_09_gcp_taxi_scheduled.py
[2026-06-16T16:18:38.749+0000] {processor.py:830} INFO - Processing file /opt/airflow/dags/dag_09_gcp_taxi_scheduled.py for tasks to queue
[2026-06-16T16:18:38.751+0000] {logging_mixin.py:188} INFO - [2026-06-16T16:18:38.751+0000] {dagbag.py:545} INFO - Filling up the DagBag from /opt/airflow/dags/dag_09_gcp_taxi_scheduled.py
[2026-06-16T16:18:38.768+0000] {processor.py:840} INFO - DAG(s) '09_gcp_taxi_scheduled' retrieved from /opt/airflow/dags/dag_09_gcp_taxi_scheduled.py
[2026-06-16T16:18:38.820+0000] {logging_mixin.py:188} INFO - [2026-06-16T16:18:38.820+0000] {dag.py:3089} INFO - Sync 1 DAGs
[2026-06-16T16:18:38.870+0000] {processor.py:183} INFO - Processing /opt/airflow/dags/dag_09_gcp_taxi_scheduled.py took 0.134 seconds
[2026-06-16T16:19:08.977+0000] {processor.py:161} INFO - Started process (PID=19143) to work on /opt/airflow/dags/dag_09_gcp_taxi_scheduled.py
[2026-06-16T16:19:08.987+0000] {processor.py:830} INFO - Processing file /opt/airflow/dags/dag_09_gcp_taxi_scheduled.py for tasks to queue
[2026-06-16T16:19:08.989+0000] {logging_mixin.py:188} INFO - [2026-06-16T16:19:08.989+0000] {dagbag.py:545} INFO - Filling up the DagBag from /opt/airflow/dags/dag_09_gcp_taxi_scheduled.py
[2026-06-16T16:19:09.004+0000] {processor.py:840} INFO - DAG(s) '09_gcp_taxi_scheduled' retrieved from /opt/airflow/dags/dag_09_gcp_taxi_scheduled.py
[2026-06-16T16:19:09.062+0000] {logging_mixin.py:188} INFO - [2026-06-16T16:19:09.061+0000] {dag.py:3089} INFO - Sync 1 DAGs
[2026-06-16T16:19:09.117+0000] {processor.py:183} INFO - Processing /opt/airflow/dags/dag_09_gcp_taxi_scheduled.py took 0.149 seconds
[2026-06-16T16:19:39.277+0000] {processor.py:161} INFO - Started process (PID=19188) to work on /opt/airflow/dags/dag_09_gcp_taxi_scheduled.py
[2026-06-16T16:19:39.278+0000] {processor.py:830} INFO - Processing file /opt/airflow/dags/dag_09_gcp_taxi_scheduled.py for tasks to queue
[2026-06-16T16:19:39.280+0000] {logging_mixin.py:188} INFO - [2026-06-16T16:19:39.280+0000] {dagbag.py:545} INFO - Filling up the DagBag from /opt/airflow/dags/dag_09_gcp_taxi_scheduled.py
[2026-06-16T16:19:39.298+0000] {processor.py:840} INFO - DAG(s) '09_gcp_taxi_scheduled' retrieved from /opt/airflow/dags/dag_09_gcp_taxi_scheduled.py
[2026-06-16T16:19:39.341+0000] {logging_mixin.py:188} INFO - [2026-06-16T16:19:39.341+0000] {dag.py:3089} INFO - Sync 1 DAGs
[2026-06-16T16:19:39.384+0000] {processor.py:183} INFO - Processing /opt/airflow/dags/dag_09_gcp_taxi_scheduled.py took 0.113 seconds
[2026-06-16T16:20:09.462+0000] {processor.py:161} INFO - Started process (PID=19228) to work on /opt/airflow/dags/dag_09_gcp_taxi_scheduled.py
[2026-06-16T16:20:09.464+0000] {processor.py:830} INFO - Processing file /opt/airflow/dags/dag_09_gcp_taxi_scheduled.py for tasks to queue
[2026-06-16T16:20:09.466+0000] {logging_mixin.py:188} INFO - [2026-06-16T16:20:09.466+0000] {dagbag.py:545} INFO - Filling up the DagBag from /opt/airflow/dags/dag_09_gcp_taxi_scheduled.py
[2026-06-16T16:20:09.481+0000] {processor.py:840} INFO - DAG(s) '09_gcp_taxi_scheduled' retrieved from /opt/airflow/dags/dag_09_gcp_taxi_scheduled.py
[2026-06-16T16:20:09.525+0000] {logging_mixin.py:188} INFO - [2026-06-16T16:20:09.525+0000] {dag.py:3089} INFO - Sync 1 DAGs
[2026-06-16T16:20:09.576+0000] {processor.py:183} INFO - Processing /opt/airflow/dags/dag_09_gcp_taxi_scheduled.py took 0.121 seconds
[2026-06-16T16:20:39.617+0000] {processor.py:161} INFO - Started process (PID=19268) to work on /opt/airflow/dags/dag_09_gcp_taxi_scheduled.py
[2026-06-16T16:20:39.619+0000] {processor.py:830} INFO - Processing file /opt/airflow/dags/dag_09_gcp_taxi_scheduled.py for tasks to queue
[2026-06-16T16:20:39.621+0000] {logging_mixin.py:188} INFO - [2026-06-16T16:20:39.621+0000] {dagbag.py:545} INFO - Filling up the DagBag from /opt/airflow/dags/dag_09_gcp_taxi_scheduled.py
[2026-06-16T16:20:39.639+0000] {processor.py:840} INFO - DAG(s) '09_gcp_taxi_scheduled' retrieved from /opt/airflow/dags/dag_09_gcp_taxi_scheduled.py
[2026-06-16T16:20:39.685+0000] {logging_mixin.py:188} INFO - [2026-06-16T16:20:39.684+0000] {dag.py:3089} INFO - Sync 1 DAGs
[2026-06-16T16:20:39.730+0000] {processor.py:183} INFO - Processing /opt/airflow/dags/dag_09_gcp_taxi_scheduled.py took 0.122 seconds
[2026-06-16T16:21:10.644+0000] {processor.py:161} INFO - Started process (PID=19308) to work on /opt/airflow/dags/dag_09_gcp_taxi_scheduled.py
[2026-06-16T16:21:10.646+0000] {processor.py:830} INFO - Processing file /opt/airflow/dags/dag_09_gcp_taxi_scheduled.py for tasks to queue
[2026-06-16T16:21:10.648+0000] {logging_mixin.py:188} INFO - [2026-06-16T16:21:10.647+0000] {dagbag.py:545} INFO - Filling up the DagBag from /opt/airflow/dags/dag_09_gcp_taxi_scheduled.py
[2026-06-16T16:21:10.662+0000] {processor.py:840} INFO - DAG(s) '09_gcp_taxi_scheduled' retrieved from /opt/airflow/dags/dag_09_gcp_taxi_scheduled.py
[2026-06-16T16:21:10.703+0000] {logging_mixin.py:188} INFO - [2026-06-16T16:21:10.703+0000] {dag.py:3089} INFO - Sync 1 DAGs
[2026-06-16T16:21:10.748+0000] {processor.py:183} INFO - Processing /opt/airflow/dags/dag_09_gcp_taxi_scheduled.py took 0.111 seconds
[2026-06-16T16:21:41.674+0000] {processor.py:161} INFO - Started process (PID=19348) to work on /opt/airflow/dags/dag_09_gcp_taxi_scheduled.py
[2026-06-16T16:21:41.675+0000] {processor.py:830} INFO - Processing file /opt/airflow/dags/dag_09_gcp_taxi_scheduled.py for tasks to queue
[2026-06-16T16:21:41.677+0000] {logging_mixin.py:188} INFO - [2026-06-16T16:21:41.677+0000] {dagbag.py:545} INFO - Filling up the DagBag from /opt/airflow/dags/dag_09_gcp_taxi_scheduled.py
[2026-06-16T16:21:41.693+0000] {processor.py:840} INFO - DAG(s) '09_gcp_taxi_scheduled' retrieved from /opt/airflow/dags/dag_09_gcp_taxi_scheduled.py
[2026-06-16T16:21:41.736+0000] {logging_mixin.py:188} INFO - [2026-06-16T16:21:41.736+0000] {dag.py:3089} INFO - Sync 1 DAGs
[2026-06-16T16:21:41.781+0000] {processor.py:183} INFO - Processing /opt/airflow/dags/dag_09_gcp_taxi_scheduled.py took 0.115 seconds
[2026-06-16T16:22:12.674+0000] {processor.py:161} INFO - Started process (PID=19388) to work on /opt/airflow/dags/dag_09_gcp_taxi_scheduled.py
[2026-06-16T16:22:12.684+0000] {processor.py:830} INFO - Processing file /opt/airflow/dags/dag_09_gcp_taxi_scheduled.py for tasks to queue
[2026-06-16T16:22:12.686+0000] {logging_mixin.py:188} INFO - [2026-06-16T16:22:12.685+0000] {dagbag.py:545} INFO - Filling up the DagBag from /opt/airflow/dags/dag_09_gcp_taxi_scheduled.py
[2026-06-16T16:22:12.705+0000] {processor.py:840} INFO - DAG(s) '09_gcp_taxi_scheduled' retrieved from /opt/airflow/dags/dag_09_gcp_taxi_scheduled.py
[2026-06-16T16:22:12.750+0000] {logging_mixin.py:188} INFO - [2026-06-16T16:22:12.750+0000] {dag.py:3089} INFO - Sync 1 DAGs
[2026-06-16T16:22:12.798+0000] {processor.py:183} INFO - Processing /opt/airflow/dags/dag_09_gcp_taxi_scheduled.py took 0.131 seconds
[2026-06-16T16:22:42.929+0000] {processor.py:161} INFO - Started process (PID=19428) to work on /opt/airflow/dags/dag_09_gcp_taxi_scheduled.py
[2026-06-16T16:22:42.930+0000] {processor.py:830} INFO - Processing file /opt/airflow/dags/dag_09_gcp_taxi_scheduled.py for tasks to queue
[2026-06-16T16:22:42.932+0000] {logging_mixin.py:188} INFO - [2026-06-16T16:22:42.932+0000] {dagbag.py:545} INFO - Filling up the DagBag from /opt/airflow/dags/dag_09_gcp_taxi_scheduled.py
[2026-06-16T16:22:42.947+0000] {processor.py:840} INFO - DAG(s) '09_gcp_taxi_scheduled' retrieved from /opt/airflow/dags/dag_09_gcp_taxi_scheduled.py
[2026-06-16T16:22:42.990+0000] {logging_mixin.py:188} INFO - [2026-06-16T16:22:42.989+0000] {dag.py:3089} INFO - Sync 1 DAGs
[2026-06-16T16:22:43.176+0000] {processor.py:183} INFO - Processing /opt/airflow/dags/dag_09_gcp_taxi_scheduled.py took 0.253 seconds
[2026-06-16T16:23:13.280+0000] {processor.py:161} INFO - Started process (PID=19468) to work on /opt/airflow/dags/dag_09_gcp_taxi_scheduled.py
[2026-06-16T16:23:13.283+0000] {processor.py:830} INFO - Processing file /opt/airflow/dags/dag_09_gcp_taxi_scheduled.py for tasks to queue
[2026-06-16T16:23:13.285+0000] {logging_mixin.py:188} INFO - [2026-06-16T16:23:13.285+0000] {dagbag.py:545} INFO - Filling up the DagBag from /opt/airflow/dags/dag_09_gcp_taxi_scheduled.py
[2026-06-16T16:23:13.300+0000] {processor.py:840} INFO - DAG(s) '09_gcp_taxi_scheduled' retrieved from /opt/airflow/dags/dag_09_gcp_taxi_scheduled.py
[2026-06-16T16:23:13.344+0000] {logging_mixin.py:188} INFO - [2026-06-16T16:23:13.344+0000] {dag.py:3089} INFO - Sync 1 DAGs
[2026-06-16T16:23:13.396+0000] {processor.py:183} INFO - Processing /opt/airflow/dags/dag_09_gcp_taxi_scheduled.py took 0.123 seconds
[2026-06-16T16:23:43.488+0000] {processor.py:161} INFO - Started process (PID=19508) to work on /opt/airflow/dags/dag_09_gcp_taxi_scheduled.py
[2026-06-16T16:23:43.489+0000] {processor.py:830} INFO - Processing file /opt/airflow/dags/dag_09_gcp_taxi_scheduled.py for tasks to queue
[2026-06-16T16:23:43.491+0000] {logging_mixin.py:188} INFO - [2026-06-16T16:23:43.491+0000] {dagbag.py:545} INFO - Filling up the DagBag from /opt/airflow/dags/dag_09_gcp_taxi_scheduled.py
[2026-06-16T16:23:43.506+0000] {processor.py:840} INFO - DAG(s) '09_gcp_taxi_scheduled' retrieved from /opt/airflow/dags/dag_09_gcp_taxi_scheduled.py
[2026-06-16T16:23:43.548+0000] {logging_mixin.py:188} INFO - [2026-06-16T16:23:43.548+0000] {dag.py:3089} INFO - Sync 1 DAGs
[2026-06-16T16:23:43.594+0000] {processor.py:183} INFO - Processing /opt/airflow/dags/dag_09_gcp_taxi_scheduled.py took 0.113 seconds
[2026-06-16T16:24:13.837+0000] {processor.py:161} INFO - Started process (PID=19548) to work on /opt/airflow/dags/dag_09_gcp_taxi_scheduled.py
[2026-06-16T16:24:13.848+0000] {processor.py:830} INFO - Processing file /opt/airflow/dags/dag_09_gcp_taxi_scheduled.py for tasks to queue
[2026-06-16T16:24:13.850+0000] {logging_mixin.py:188} INFO - [2026-06-16T16:24:13.850+0000] {dagbag.py:545} INFO - Filling up the DagBag from /opt/airflow/dags/dag_09_gcp_taxi_scheduled.py
[2026-06-16T16:24:13.867+0000] {processor.py:840} INFO - DAG(s) '09_gcp_taxi_scheduled' retrieved from /opt/airflow/dags/dag_09_gcp_taxi_scheduled.py
[2026-06-16T16:24:13.911+0000] {logging_mixin.py:188} INFO - [2026-06-16T16:24:13.911+0000] {dag.py:3089} INFO - Sync 1 DAGs
[2026-06-16T16:24:14.104+0000] {processor.py:183} INFO - Processing /opt/airflow/dags/dag_09_gcp_taxi_scheduled.py took 0.276 seconds
[2026-06-16T16:24:44.145+0000] {processor.py:161} INFO - Started process (PID=19588) to work on /opt/airflow/dags/dag_09_gcp_taxi_scheduled.py
[2026-06-16T16:24:44.146+0000] {processor.py:830} INFO - Processing file /opt/airflow/dags/dag_09_gcp_taxi_scheduled.py for tasks to queue
[2026-06-16T16:24:44.148+0000] {logging_mixin.py:188} INFO - [2026-06-16T16:24:44.148+0000] {dagbag.py:545} INFO - Filling up the DagBag from /opt/airflow/dags/dag_09_gcp_taxi_scheduled.py
[2026-06-16T16:24:44.163+0000] {processor.py:840} INFO - DAG(s) '09_gcp_taxi_scheduled' retrieved from /opt/airflow/dags/dag_09_gcp_taxi_scheduled.py
[2026-06-16T16:24:44.204+0000] {logging_mixin.py:188} INFO - [2026-06-16T16:24:44.204+0000] {dag.py:3089} INFO - Sync 1 DAGs
[2026-06-16T16:24:44.252+0000] {processor.py:183} INFO - Processing /opt/airflow/dags/dag_09_gcp_taxi_scheduled.py took 0.114 seconds
[2026-06-16T16:25:14.341+0000] {processor.py:161} INFO - Started process (PID=19628) to work on /opt/airflow/dags/dag_09_gcp_taxi_scheduled.py
[2026-06-16T16:25:14.352+0000] {processor.py:830} INFO - Processing file /opt/airflow/dags/dag_09_gcp_taxi_scheduled.py for tasks to queue
[2026-06-16T16:25:14.354+0000] {logging_mixin.py:188} INFO - [2026-06-16T16:25:14.354+0000] {dagbag.py:545} INFO - Filling up the DagBag from /opt/airflow/dags/dag_09_gcp_taxi_scheduled.py
[2026-06-16T16:25:14.372+0000] {processor.py:840} INFO - DAG(s) '09_gcp_taxi_scheduled' retrieved from /opt/airflow/dags/dag_09_gcp_taxi_scheduled.py
[2026-06-16T16:25:14.415+0000] {logging_mixin.py:188} INFO - [2026-06-16T16:25:14.414+0000] {dag.py:3089} INFO - Sync 1 DAGs
[2026-06-16T16:25:14.589+0000] {processor.py:183} INFO - Processing /opt/airflow/dags/dag_09_gcp_taxi_scheduled.py took 0.255 seconds
[2026-06-16T16:25:44.742+0000] {processor.py:161} INFO - Started process (PID=19668) to work on /opt/airflow/dags/dag_09_gcp_taxi_scheduled.py
[2026-06-16T16:25:44.743+0000] {processor.py:830} INFO - Processing file /opt/airflow/dags/dag_09_gcp_taxi_scheduled.py for tasks to queue
[2026-06-16T16:25:44.746+0000] {logging_mixin.py:188} INFO - [2026-06-16T16:25:44.745+0000] {dagbag.py:545} INFO - Filling up the DagBag from /opt/airflow/dags/dag_09_gcp_taxi_scheduled.py
[2026-06-16T16:25:44.763+0000] {processor.py:840} INFO - DAG(s) '09_gcp_taxi_scheduled' retrieved from /opt/airflow/dags/dag_09_gcp_taxi_scheduled.py
[2026-06-16T16:25:44.946+0000] {logging_mixin.py:188} INFO - [2026-06-16T16:25:44.946+0000] {dag.py:3089} INFO - Sync 1 DAGs
[2026-06-16T16:25:44.994+0000] {processor.py:183} INFO - Processing /opt/airflow/dags/dag_09_gcp_taxi_scheduled.py took 0.260 seconds
[2026-06-16T16:26:15.128+0000] {processor.py:161} INFO - Started process (PID=19708) to work on /opt/airflow/dags/dag_09_gcp_taxi_scheduled.py
[2026-06-16T16:26:15.130+0000] {processor.py:830} INFO - Processing file /opt/airflow/dags/dag_09_gcp_taxi_scheduled.py for tasks to queue
[2026-06-16T16:26:15.132+0000] {logging_mixin.py:188} INFO - [2026-06-16T16:26:15.132+0000] {dagbag.py:545} INFO - Filling up the DagBag from /opt/airflow/dags/dag_09_gcp_taxi_scheduled.py
[2026-06-16T16:26:15.147+0000] {processor.py:840} INFO - DAG(s) '09_gcp_taxi_scheduled' retrieved from /opt/airflow/dags/dag_09_gcp_taxi_scheduled.py
[2026-06-16T16:26:15.189+0000] {logging_mixin.py:188} INFO - [2026-06-16T16:26:15.189+0000] {dag.py:3089} INFO - Sync 1 DAGs
[2026-06-16T16:26:15.239+0000] {processor.py:183} INFO - Processing /opt/airflow/dags/dag_09_gcp_taxi_scheduled.py took 0.120 seconds
[2026-06-16T16:26:45.326+0000] {processor.py:161} INFO - Started process (PID=19748) to work on /opt/airflow/dags/dag_09_gcp_taxi_scheduled.py
[2026-06-16T16:26:45.330+0000] {processor.py:830} INFO - Processing file /opt/airflow/dags/dag_09_gcp_taxi_scheduled.py for tasks to queue
[2026-06-16T16:26:45.332+0000] {logging_mixin.py:188} INFO - [2026-06-16T16:26:45.331+0000] {dagbag.py:545} INFO - Filling up the DagBag from /opt/airflow/dags/dag_09_gcp_taxi_scheduled.py
[2026-06-16T16:26:45.347+0000] {processor.py:840} INFO - DAG(s) '09_gcp_taxi_scheduled' retrieved from /opt/airflow/dags/dag_09_gcp_taxi_scheduled.py
[2026-06-16T16:26:45.390+0000] {logging_mixin.py:188} INFO - [2026-06-16T16:26:45.390+0000] {dag.py:3089} INFO - Sync 1 DAGs
[2026-06-16T16:26:45.433+0000] {processor.py:183} INFO - Processing /opt/airflow/dags/dag_09_gcp_taxi_scheduled.py took 0.114 seconds
[2026-06-16T16:27:15.487+0000] {processor.py:161} INFO - Started process (PID=19788) to work on /opt/airflow/dags/dag_09_gcp_taxi_scheduled.py
[2026-06-16T16:27:15.489+0000] {processor.py:830} INFO - Processing file /opt/airflow/dags/dag_09_gcp_taxi_scheduled.py for tasks to queue
[2026-06-16T16:27:15.491+0000] {logging_mixin.py:188} INFO - [2026-06-16T16:27:15.491+0000] {dagbag.py:545} INFO - Filling up the DagBag from /opt/airflow/dags/dag_09_gcp_taxi_scheduled.py
[2026-06-16T16:27:15.506+0000] {processor.py:840} INFO - DAG(s) '09_gcp_taxi_scheduled' retrieved from /opt/airflow/dags/dag_09_gcp_taxi_scheduled.py
[2026-06-16T16:27:15.551+0000] {logging_mixin.py:188} INFO - [2026-06-16T16:27:15.551+0000] {dag.py:3089} INFO - Sync 1 DAGs
[2026-06-16T16:27:15.598+0000] {processor.py:183} INFO - Processing /opt/airflow/dags/dag_09_gcp_taxi_scheduled.py took 0.117 seconds
[2026-06-16T16:27:45.679+0000] {processor.py:161} INFO - Started process (PID=19828) to work on /opt/airflow/dags/dag_09_gcp_taxi_scheduled.py
[2026-06-16T16:27:45.690+0000] {processor.py:830} INFO - Processing file /opt/airflow/dags/dag_09_gcp_taxi_scheduled.py for tasks to queue
[2026-06-16T16:27:45.692+0000] {logging_mixin.py:188} INFO - [2026-06-16T16:27:45.692+0000] {dagbag.py:545} INFO - Filling up the DagBag from /opt/airflow/dags/dag_09_gcp_taxi_scheduled.py
[2026-06-16T16:27:45.708+0000] {processor.py:840} INFO - DAG(s) '09_gcp_taxi_scheduled' retrieved from /opt/airflow/dags/dag_09_gcp_taxi_scheduled.py
[2026-06-16T16:27:45.753+0000] {logging_mixin.py:188} INFO - [2026-06-16T16:27:45.753+0000] {dag.py:3089} INFO - Sync 1 DAGs
[2026-06-16T16:27:45.800+0000] {processor.py:183} INFO - Processing /opt/airflow/dags/dag_09_gcp_taxi_scheduled.py took 0.129 seconds
[2026-06-16T16:28:15.885+0000] {processor.py:161} INFO - Started process (PID=19868) to work on /opt/airflow/dags/dag_09_gcp_taxi_scheduled.py
[2026-06-16T16:28:15.895+0000] {processor.py:830} INFO - Processing file /opt/airflow/dags/dag_09_gcp_taxi_scheduled.py for tasks to queue
[2026-06-16T16:28:15.897+0000] {logging_mixin.py:188} INFO - [2026-06-16T16:28:15.897+0000] {dagbag.py:545} INFO - Filling up the DagBag from /opt/airflow/dags/dag_09_gcp_taxi_scheduled.py
[2026-06-16T16:28:15.916+0000] {processor.py:840} INFO - DAG(s) '09_gcp_taxi_scheduled' retrieved from /opt/airflow/dags/dag_09_gcp_taxi_scheduled.py
[2026-06-16T16:28:15.962+0000] {logging_mixin.py:188} INFO - [2026-06-16T16:28:15.961+0000] {dag.py:3089} INFO - Sync 1 DAGs
[2026-06-16T16:28:16.010+0000] {processor.py:183} INFO - Processing /opt/airflow/dags/dag_09_gcp_taxi_scheduled.py took 0.132 seconds
[2026-06-16T16:28:46.627+0000] {processor.py:161} INFO - Started process (PID=19908) to work on /opt/airflow/dags/dag_09_gcp_taxi_scheduled.py
[2026-06-16T16:28:46.630+0000] {processor.py:830} INFO - Processing file /opt/airflow/dags/dag_09_gcp_taxi_scheduled.py for tasks to queue
[2026-06-16T16:28:46.632+0000] {logging_mixin.py:188} INFO - [2026-06-16T16:28:46.632+0000] {dagbag.py:545} INFO - Filling up the DagBag from /opt/airflow/dags/dag_09_gcp_taxi_scheduled.py
[2026-06-16T16:28:46.647+0000] {processor.py:840} INFO - DAG(s) '09_gcp_taxi_scheduled' retrieved from /opt/airflow/dags/dag_09_gcp_taxi_scheduled.py
[2026-06-16T16:28:46.690+0000] {logging_mixin.py:188} INFO - [2026-06-16T16:28:46.690+0000] {dag.py:3089} INFO - Sync 1 DAGs
[2026-06-16T16:28:46.744+0000] {processor.py:183} INFO - Processing /opt/airflow/dags/dag_09_gcp_taxi_scheduled.py took 0.123 seconds
[2026-06-16T16:29:17.664+0000] {processor.py:161} INFO - Started process (PID=19948) to work on /opt/airflow/dags/dag_09_gcp_taxi_scheduled.py
[2026-06-16T16:29:17.674+0000] {processor.py:830} INFO - Processing file /opt/airflow/dags/dag_09_gcp_taxi_scheduled.py for tasks to queue
[2026-06-16T16:29:17.676+0000] {logging_mixin.py:188} INFO - [2026-06-16T16:29:17.676+0000] {dagbag.py:545} INFO - Filling up the DagBag from /opt/airflow/dags/dag_09_gcp_taxi_scheduled.py
[2026-06-16T16:29:17.691+0000] {processor.py:840} INFO - DAG(s) '09_gcp_taxi_scheduled' retrieved from /opt/airflow/dags/dag_09_gcp_taxi_scheduled.py
[2026-06-16T16:29:17.735+0000] {logging_mixin.py:188} INFO - [2026-06-16T16:29:17.734+0000] {dag.py:3089} INFO - Sync 1 DAGs
[2026-06-16T16:29:17.785+0000] {processor.py:183} INFO - Processing /opt/airflow/dags/dag_09_gcp_taxi_scheduled.py took 0.128 seconds
[2026-06-16T16:29:48.705+0000] {processor.py:161} INFO - Started process (PID=19988) to work on /opt/airflow/dags/dag_09_gcp_taxi_scheduled.py
[2026-06-16T16:29:48.706+0000] {processor.py:830} INFO - Processing file /opt/airflow/dags/dag_09_gcp_taxi_scheduled.py for tasks to queue
[2026-06-16T16:29:48.707+0000] {logging_mixin.py:188} INFO - [2026-06-16T16:29:48.707+0000] {dagbag.py:545} INFO - Filling up the DagBag from /opt/airflow/dags/dag_09_gcp_taxi_scheduled.py
[2026-06-16T16:29:48.723+0000] {processor.py:840} INFO - DAG(s) '09_gcp_taxi_scheduled' retrieved from /opt/airflow/dags/dag_09_gcp_taxi_scheduled.py
[2026-06-16T16:29:48.764+0000] {logging_mixin.py:188} INFO - [2026-06-16T16:29:48.764+0000] {dag.py:3089} INFO - Sync 1 DAGs
[2026-06-16T16:29:48.809+0000] {processor.py:183} INFO - Processing /opt/airflow/dags/dag_09_gcp_taxi_scheduled.py took 0.112 seconds
[2026-06-16T16:30:19.689+0000] {processor.py:161} INFO - Started process (PID=20028) to work on /opt/airflow/dags/dag_09_gcp_taxi_scheduled.py
[2026-06-16T16:30:19.691+0000] {processor.py:830} INFO - Processing file /opt/airflow/dags/dag_09_gcp_taxi_scheduled.py for tasks to queue
[2026-06-16T16:30:19.693+0000] {logging_mixin.py:188} INFO - [2026-06-16T16:30:19.693+0000] {dagbag.py:545} INFO - Filling up the DagBag from /opt/airflow/dags/dag_09_gcp_taxi_scheduled.py
[2026-06-16T16:30:19.708+0000] {processor.py:840} INFO - DAG(s) '09_gcp_taxi_scheduled' retrieved from /opt/airflow/dags/dag_09_gcp_taxi_scheduled.py
[2026-06-16T16:30:19.754+0000] {logging_mixin.py:188} INFO - [2026-06-16T16:30:19.754+0000] {dag.py:3089} INFO - Sync 1 DAGs
[2026-06-16T16:30:19.803+0000] {processor.py:183} INFO - Processing /opt/airflow/dags/dag_09_gcp_taxi_scheduled.py took 0.121 seconds
[2026-06-16T16:30:50.629+0000] {processor.py:161} INFO - Started process (PID=20068) to work on /opt/airflow/dags/dag_09_gcp_taxi_scheduled.py
[2026-06-16T16:30:50.630+0000] {processor.py:830} INFO - Processing file /opt/airflow/dags/dag_09_gcp_taxi_scheduled.py for tasks to queue
[2026-06-16T16:30:50.632+0000] {logging_mixin.py:188} INFO - [2026-06-16T16:30:50.632+0000] {dagbag.py:545} INFO - Filling up the DagBag from /opt/airflow/dags/dag_09_gcp_taxi_scheduled.py
[2026-06-16T16:30:50.649+0000] {processor.py:840} INFO - DAG(s) '09_gcp_taxi_scheduled' retrieved from /opt/airflow/dags/dag_09_gcp_taxi_scheduled.py
[2026-06-16T16:30:50.693+0000] {logging_mixin.py:188} INFO - [2026-06-16T16:30:50.693+0000] {dag.py:3089} INFO - Sync 1 DAGs
[2026-06-16T16:30:50.738+0000] {processor.py:183} INFO - Processing /opt/airflow/dags/dag_09_gcp_taxi_scheduled.py took 0.116 seconds
[2026-06-16T16:31:21.740+0000] {processor.py:161} INFO - Started process (PID=20108) to work on /opt/airflow/dags/dag_09_gcp_taxi_scheduled.py
[2026-06-16T16:31:21.743+0000] {processor.py:830} INFO - Processing file /opt/airflow/dags/dag_09_gcp_taxi_scheduled.py for tasks to queue
[2026-06-16T16:31:21.746+0000] {logging_mixin.py:188} INFO - [2026-06-16T16:31:21.745+0000] {dagbag.py:545} INFO - Filling up the DagBag from /opt/airflow/dags/dag_09_gcp_taxi_scheduled.py
[2026-06-16T16:31:21.766+0000] {processor.py:840} INFO - DAG(s) '09_gcp_taxi_scheduled' retrieved from /opt/airflow/dags/dag_09_gcp_taxi_scheduled.py
[2026-06-16T16:31:21.811+0000] {logging_mixin.py:188} INFO - [2026-06-16T16:31:21.810+0000] {dag.py:3089} INFO - Sync 1 DAGs
[2026-06-16T16:31:21.861+0000] {processor.py:183} INFO - Processing /opt/airflow/dags/dag_09_gcp_taxi_scheduled.py took 0.129 seconds
[2026-06-16T16:31:52.756+0000] {processor.py:161} INFO - Started process (PID=20148) to work on /opt/airflow/dags/dag_09_gcp_taxi_scheduled.py
[2026-06-16T16:31:52.757+0000] {processor.py:830} INFO - Processing file /opt/airflow/dags/dag_09_gcp_taxi_scheduled.py for tasks to queue
[2026-06-16T16:31:52.759+0000] {logging_mixin.py:188} INFO - [2026-06-16T16:31:52.759+0000] {dagbag.py:545} INFO - Filling up the DagBag from /opt/airflow/dags/dag_09_gcp_taxi_scheduled.py
[2026-06-16T16:31:52.774+0000] {processor.py:840} INFO - DAG(s) '09_gcp_taxi_scheduled' retrieved from /opt/airflow/dags/dag_09_gcp_taxi_scheduled.py
[2026-06-16T16:31:52.817+0000] {logging_mixin.py:188} INFO - [2026-06-16T16:31:52.817+0000] {dag.py:3089} INFO - Sync 1 DAGs
[2026-06-16T16:31:52.864+0000] {processor.py:183} INFO - Processing /opt/airflow/dags/dag_09_gcp_taxi_scheduled.py took 0.115 seconds
[2026-06-16T16:32:22.983+0000] {processor.py:161} INFO - Started process (PID=20188) to work on /opt/airflow/dags/dag_09_gcp_taxi_scheduled.py
[2026-06-16T16:32:22.984+0000] {processor.py:830} INFO - Processing file /opt/airflow/dags/dag_09_gcp_taxi_scheduled.py for tasks to queue
[2026-06-16T16:32:22.986+0000] {logging_mixin.py:188} INFO - [2026-06-16T16:32:22.986+0000] {dagbag.py:545} INFO - Filling up the DagBag from /opt/airflow/dags/dag_09_gcp_taxi_scheduled.py
[2026-06-16T16:32:23.002+0000] {processor.py:840} INFO - DAG(s) '09_gcp_taxi_scheduled' retrieved from /opt/airflow/dags/dag_09_gcp_taxi_scheduled.py
[2026-06-16T16:32:23.049+0000] {logging_mixin.py:188} INFO - [2026-06-16T16:32:23.049+0000] {dag.py:3089} INFO - Sync 1 DAGs
[2026-06-16T16:32:23.099+0000] {processor.py:183} INFO - Processing /opt/airflow/dags/dag_09_gcp_taxi_scheduled.py took 0.123 seconds
[2026-06-16T16:32:53.177+0000] {processor.py:161} INFO - Started process (PID=20228) to work on /opt/airflow/dags/dag_09_gcp_taxi_scheduled.py
[2026-06-16T16:32:53.187+0000] {processor.py:830} INFO - Processing file /opt/airflow/dags/dag_09_gcp_taxi_scheduled.py for tasks to queue
[2026-06-16T16:32:53.189+0000] {logging_mixin.py:188} INFO - [2026-06-16T16:32:53.189+0000] {dagbag.py:545} INFO - Filling up the DagBag from /opt/airflow/dags/dag_09_gcp_taxi_scheduled.py
[2026-06-16T16:32:53.204+0000] {processor.py:840} INFO - DAG(s) '09_gcp_taxi_scheduled' retrieved from /opt/airflow/dags/dag_09_gcp_taxi_scheduled.py
[2026-06-16T16:32:53.246+0000] {logging_mixin.py:188} INFO - [2026-06-16T16:32:53.246+0000] {dag.py:3089} INFO - Sync 1 DAGs
[2026-06-16T16:32:53.292+0000] {processor.py:183} INFO - Processing /opt/airflow/dags/dag_09_gcp_taxi_scheduled.py took 0.122 seconds
[2026-06-16T16:33:23.429+0000] {processor.py:161} INFO - Started process (PID=20268) to work on /opt/airflow/dags/dag_09_gcp_taxi_scheduled.py
[2026-06-16T16:33:23.430+0000] {processor.py:830} INFO - Processing file /opt/airflow/dags/dag_09_gcp_taxi_scheduled.py for tasks to queue
[2026-06-16T16:33:23.432+0000] {logging_mixin.py:188} INFO - [2026-06-16T16:33:23.432+0000] {dagbag.py:545} INFO - Filling up the DagBag from /opt/airflow/dags/dag_09_gcp_taxi_scheduled.py
[2026-06-16T16:33:23.447+0000] {processor.py:840} INFO - DAG(s) '09_gcp_taxi_scheduled' retrieved from /opt/airflow/dags/dag_09_gcp_taxi_scheduled.py
[2026-06-16T16:33:23.489+0000] {logging_mixin.py:188} INFO - [2026-06-16T16:33:23.489+0000] {dag.py:3089} INFO - Sync 1 DAGs
[2026-06-16T16:33:23.533+0000] {processor.py:183} INFO - Processing /opt/airflow/dags/dag_09_gcp_taxi_scheduled.py took 0.111 seconds
[2026-06-16T16:33:53.656+0000] {processor.py:161} INFO - Started process (PID=20308) to work on /opt/airflow/dags/dag_09_gcp_taxi_scheduled.py
[2026-06-16T16:33:53.658+0000] {processor.py:830} INFO - Processing file /opt/airflow/dags/dag_09_gcp_taxi_scheduled.py for tasks to queue
[2026-06-16T16:33:53.661+0000] {logging_mixin.py:188} INFO - [2026-06-16T16:33:53.661+0000] {dagbag.py:545} INFO - Filling up the DagBag from /opt/airflow/dags/dag_09_gcp_taxi_scheduled.py
[2026-06-16T16:33:53.677+0000] {processor.py:840} INFO - DAG(s) '09_gcp_taxi_scheduled' retrieved from /opt/airflow/dags/dag_09_gcp_taxi_scheduled.py
[2026-06-16T16:33:53.728+0000] {logging_mixin.py:188} INFO - [2026-06-16T16:33:53.728+0000] {dag.py:3089} INFO - Sync 1 DAGs
[2026-06-16T16:33:53.778+0000] {processor.py:183} INFO - Processing /opt/airflow/dags/dag_09_gcp_taxi_scheduled.py took 0.130 seconds
[2026-06-16T16:34:23.834+0000] {processor.py:161} INFO - Started process (PID=20348) to work on /opt/airflow/dags/dag_09_gcp_taxi_scheduled.py
[2026-06-16T16:34:23.835+0000] {processor.py:830} INFO - Processing file /opt/airflow/dags/dag_09_gcp_taxi_scheduled.py for tasks to queue
[2026-06-16T16:34:23.837+0000] {logging_mixin.py:188} INFO - [2026-06-16T16:34:23.837+0000] {dagbag.py:545} INFO - Filling up the DagBag from /opt/airflow/dags/dag_09_gcp_taxi_scheduled.py
[2026-06-16T16:34:23.852+0000] {processor.py:840} INFO - DAG(s) '09_gcp_taxi_scheduled' retrieved from /opt/airflow/dags/dag_09_gcp_taxi_scheduled.py
[2026-06-16T16:34:23.896+0000] {logging_mixin.py:188} INFO - [2026-06-16T16:34:23.896+0000] {dag.py:3089} INFO - Sync 1 DAGs
[2026-06-16T16:34:23.948+0000] {processor.py:183} INFO - Processing /opt/airflow/dags/dag_09_gcp_taxi_scheduled.py took 0.121 seconds
[2026-06-16T16:34:54.038+0000] {processor.py:161} INFO - Started process (PID=20388) to work on /opt/airflow/dags/dag_09_gcp_taxi_scheduled.py
[2026-06-16T16:34:54.039+0000] {processor.py:830} INFO - Processing file /opt/airflow/dags/dag_09_gcp_taxi_scheduled.py for tasks to queue
[2026-06-16T16:34:54.041+0000] {logging_mixin.py:188} INFO - [2026-06-16T16:34:54.041+0000] {dagbag.py:545} INFO - Filling up the DagBag from /opt/airflow/dags/dag_09_gcp_taxi_scheduled.py
[2026-06-16T16:34:54.056+0000] {processor.py:840} INFO - DAG(s) '09_gcp_taxi_scheduled' retrieved from /opt/airflow/dags/dag_09_gcp_taxi_scheduled.py
[2026-06-16T16:34:54.097+0000] {logging_mixin.py:188} INFO - [2026-06-16T16:34:54.097+0000] {dag.py:3089} INFO - Sync 1 DAGs
[2026-06-16T16:34:54.144+0000] {processor.py:183} INFO - Processing /opt/airflow/dags/dag_09_gcp_taxi_scheduled.py took 0.113 seconds
[2026-06-16T16:35:24.224+0000] {processor.py:161} INFO - Started process (PID=20428) to work on /opt/airflow/dags/dag_09_gcp_taxi_scheduled.py
[2026-06-16T16:35:24.225+0000] {processor.py:830} INFO - Processing file /opt/airflow/dags/dag_09_gcp_taxi_scheduled.py for tasks to queue
[2026-06-16T16:35:24.227+0000] {logging_mixin.py:188} INFO - [2026-06-16T16:35:24.226+0000] {dagbag.py:545} INFO - Filling up the DagBag from /opt/airflow/dags/dag_09_gcp_taxi_scheduled.py
[2026-06-16T16:35:24.241+0000] {processor.py:840} INFO - DAG(s) '09_gcp_taxi_scheduled' retrieved from /opt/airflow/dags/dag_09_gcp_taxi_scheduled.py
[2026-06-16T16:35:24.284+0000] {logging_mixin.py:188} INFO - [2026-06-16T16:35:24.283+0000] {dag.py:3089} INFO - Sync 1 DAGs
[2026-06-16T16:35:24.331+0000] {processor.py:183} INFO - Processing /opt/airflow/dags/dag_09_gcp_taxi_scheduled.py took 0.114 seconds
[2026-06-16T16:35:54.383+0000] {processor.py:161} INFO - Started process (PID=20468) to work on /opt/airflow/dags/dag_09_gcp_taxi_scheduled.py
[2026-06-16T16:35:54.394+0000] {processor.py:830} INFO - Processing file /opt/airflow/dags/dag_09_gcp_taxi_scheduled.py for tasks to queue
[2026-06-16T16:35:54.396+0000] {logging_mixin.py:188} INFO - [2026-06-16T16:35:54.396+0000] {dagbag.py:545} INFO - Filling up the DagBag from /opt/airflow/dags/dag_09_gcp_taxi_scheduled.py
[2026-06-16T16:35:54.411+0000] {processor.py:840} INFO - DAG(s) '09_gcp_taxi_scheduled' retrieved from /opt/airflow/dags/dag_09_gcp_taxi_scheduled.py
[2026-06-16T16:35:54.450+0000] {logging_mixin.py:188} INFO - [2026-06-16T16:35:54.450+0000] {dag.py:3089} INFO - Sync 1 DAGs
[2026-06-16T16:35:54.497+0000] {processor.py:183} INFO - Processing /opt/airflow/dags/dag_09_gcp_taxi_scheduled.py took 0.121 seconds
[2026-06-16T16:36:24.576+0000] {processor.py:161} INFO - Started process (PID=20508) to work on /opt/airflow/dags/dag_09_gcp_taxi_scheduled.py
[2026-06-16T16:36:24.578+0000] {processor.py:830} INFO - Processing file /opt/airflow/dags/dag_09_gcp_taxi_scheduled.py for tasks to queue
[2026-06-16T16:36:24.579+0000] {logging_mixin.py:188} INFO - [2026-06-16T16:36:24.579+0000] {dagbag.py:545} INFO - Filling up the DagBag from /opt/airflow/dags/dag_09_gcp_taxi_scheduled.py
[2026-06-16T16:36:24.594+0000] {processor.py:840} INFO - DAG(s) '09_gcp_taxi_scheduled' retrieved from /opt/airflow/dags/dag_09_gcp_taxi_scheduled.py
[2026-06-16T16:36:24.639+0000] {logging_mixin.py:188} INFO - [2026-06-16T16:36:24.639+0000] {dag.py:3089} INFO - Sync 1 DAGs
[2026-06-16T16:36:24.691+0000] {processor.py:183} INFO - Processing /opt/airflow/dags/dag_09_gcp_taxi_scheduled.py took 0.121 seconds
[2026-06-16T16:36:54.776+0000] {processor.py:161} INFO - Started process (PID=20548) to work on /opt/airflow/dags/dag_09_gcp_taxi_scheduled.py
[2026-06-16T16:36:54.786+0000] {processor.py:830} INFO - Processing file /opt/airflow/dags/dag_09_gcp_taxi_scheduled.py for tasks to queue
[2026-06-16T16:36:54.788+0000] {logging_mixin.py:188} INFO - [2026-06-16T16:36:54.788+0000] {dagbag.py:545} INFO - Filling up the DagBag from /opt/airflow/dags/dag_09_gcp_taxi_scheduled.py
[2026-06-16T16:36:54.804+0000] {processor.py:840} INFO - DAG(s) '09_gcp_taxi_scheduled' retrieved from /opt/airflow/dags/dag_09_gcp_taxi_scheduled.py
[2026-06-16T16:36:54.850+0000] {logging_mixin.py:188} INFO - [2026-06-16T16:36:54.850+0000] {dag.py:3089} INFO - Sync 1 DAGs
[2026-06-16T16:36:54.896+0000] {processor.py:183} INFO - Processing /opt/airflow/dags/dag_09_gcp_taxi_scheduled.py took 0.129 seconds
[2026-06-16T16:37:25.016+0000] {processor.py:161} INFO - Started process (PID=20588) to work on /opt/airflow/dags/dag_09_gcp_taxi_scheduled.py
[2026-06-16T16:37:25.017+0000] {processor.py:830} INFO - Processing file /opt/airflow/dags/dag_09_gcp_taxi_scheduled.py for tasks to queue
[2026-06-16T16:37:25.020+0000] {logging_mixin.py:188} INFO - [2026-06-16T16:37:25.019+0000] {dagbag.py:545} INFO - Filling up the DagBag from /opt/airflow/dags/dag_09_gcp_taxi_scheduled.py
[2026-06-16T16:37:25.036+0000] {processor.py:840} INFO - DAG(s) '09_gcp_taxi_scheduled' retrieved from /opt/airflow/dags/dag_09_gcp_taxi_scheduled.py
[2026-06-16T16:37:25.078+0000] {logging_mixin.py:188} INFO - [2026-06-16T16:37:25.078+0000] {dag.py:3089} INFO - Sync 1 DAGs
[2026-06-16T16:37:25.129+0000] {processor.py:183} INFO - Processing /opt/airflow/dags/dag_09_gcp_taxi_scheduled.py took 0.120 seconds
[2026-06-16T16:37:55.198+0000] {processor.py:161} INFO - Started process (PID=20628) to work on /opt/airflow/dags/dag_09_gcp_taxi_scheduled.py
[2026-06-16T16:37:55.199+0000] {processor.py:830} INFO - Processing file /opt/airflow/dags/dag_09_gcp_taxi_scheduled.py for tasks to queue
[2026-06-16T16:37:55.201+0000] {logging_mixin.py:188} INFO - [2026-06-16T16:37:55.201+0000] {dagbag.py:545} INFO - Filling up the DagBag from /opt/airflow/dags/dag_09_gcp_taxi_scheduled.py
[2026-06-16T16:37:55.216+0000] {processor.py:840} INFO - DAG(s) '09_gcp_taxi_scheduled' retrieved from /opt/airflow/dags/dag_09_gcp_taxi_scheduled.py
[2026-06-16T16:37:55.261+0000] {logging_mixin.py:188} INFO - [2026-06-16T16:37:55.261+0000] {dag.py:3089} INFO - Sync 1 DAGs
[2026-06-16T16:37:55.305+0000] {processor.py:183} INFO - Processing /opt/airflow/dags/dag_09_gcp_taxi_scheduled.py took 0.114 seconds
[2026-06-16T16:38:25.389+0000] {processor.py:161} INFO - Started process (PID=20668) to work on /opt/airflow/dags/dag_09_gcp_taxi_scheduled.py
[2026-06-16T16:38:25.390+0000] {processor.py:830} INFO - Processing file /opt/airflow/dags/dag_09_gcp_taxi_scheduled.py for tasks to queue
[2026-06-16T16:38:25.393+0000] {logging_mixin.py:188} INFO - [2026-06-16T16:38:25.393+0000] {dagbag.py:545} INFO - Filling up the DagBag from /opt/airflow/dags/dag_09_gcp_taxi_scheduled.py
[2026-06-16T16:38:25.418+0000] {processor.py:840} INFO - DAG(s) '09_gcp_taxi_scheduled' retrieved from /opt/airflow/dags/dag_09_gcp_taxi_scheduled.py
[2026-06-16T16:38:25.466+0000] {logging_mixin.py:188} INFO - [2026-06-16T16:38:25.466+0000] {dag.py:3089} INFO - Sync 1 DAGs
[2026-06-16T16:38:25.515+0000] {processor.py:183} INFO - Processing /opt/airflow/dags/dag_09_gcp_taxi_scheduled.py took 0.135 seconds
[2026-06-16T16:38:55.555+0000] {processor.py:161} INFO - Started process (PID=20708) to work on /opt/airflow/dags/dag_09_gcp_taxi_scheduled.py
[2026-06-16T16:38:55.556+0000] {processor.py:830} INFO - Processing file /opt/airflow/dags/dag_09_gcp_taxi_scheduled.py for tasks to queue
[2026-06-16T16:38:55.558+0000] {logging_mixin.py:188} INFO - [2026-06-16T16:38:55.558+0000] {dagbag.py:545} INFO - Filling up the DagBag from /opt/airflow/dags/dag_09_gcp_taxi_scheduled.py
[2026-06-16T16:38:55.574+0000] {processor.py:840} INFO - DAG(s) '09_gcp_taxi_scheduled' retrieved from /opt/airflow/dags/dag_09_gcp_taxi_scheduled.py
[2026-06-16T16:38:55.619+0000] {logging_mixin.py:188} INFO - [2026-06-16T16:38:55.618+0000] {dag.py:3089} INFO - Sync 1 DAGs
[2026-06-16T16:38:55.660+0000] {processor.py:183} INFO - Processing /opt/airflow/dags/dag_09_gcp_taxi_scheduled.py took 0.112 seconds
[2026-06-16T16:39:25.713+0000] {processor.py:161} INFO - Started process (PID=20748) to work on /opt/airflow/dags/dag_09_gcp_taxi_scheduled.py
[2026-06-16T16:39:25.714+0000] {processor.py:830} INFO - Processing file /opt/airflow/dags/dag_09_gcp_taxi_scheduled.py for tasks to queue
[2026-06-16T16:39:25.716+0000] {logging_mixin.py:188} INFO - [2026-06-16T16:39:25.715+0000] {dagbag.py:545} INFO - Filling up the DagBag from /opt/airflow/dags/dag_09_gcp_taxi_scheduled.py
[2026-06-16T16:39:25.730+0000] {processor.py:840} INFO - DAG(s) '09_gcp_taxi_scheduled' retrieved from /opt/airflow/dags/dag_09_gcp_taxi_scheduled.py
[2026-06-16T16:39:25.771+0000] {logging_mixin.py:188} INFO - [2026-06-16T16:39:25.771+0000] {dag.py:3089} INFO - Sync 1 DAGs
[2026-06-16T16:39:25.814+0000] {processor.py:183} INFO - Processing /opt/airflow/dags/dag_09_gcp_taxi_scheduled.py took 0.108 seconds
[2026-06-16T16:39:55.864+0000] {processor.py:161} INFO - Started process (PID=20788) to work on /opt/airflow/dags/dag_09_gcp_taxi_scheduled.py
[2026-06-16T16:39:55.865+0000] {processor.py:830} INFO - Processing file /opt/airflow/dags/dag_09_gcp_taxi_scheduled.py for tasks to queue
[2026-06-16T16:39:55.867+0000] {logging_mixin.py:188} INFO - [2026-06-16T16:39:55.867+0000] {dagbag.py:545} INFO - Filling up the DagBag from /opt/airflow/dags/dag_09_gcp_taxi_scheduled.py
[2026-06-16T16:39:55.881+0000] {processor.py:840} INFO - DAG(s) '09_gcp_taxi_scheduled' retrieved from /opt/airflow/dags/dag_09_gcp_taxi_scheduled.py
[2026-06-16T16:39:55.923+0000] {logging_mixin.py:188} INFO - [2026-06-16T16:39:55.923+0000] {dag.py:3089} INFO - Sync 1 DAGs
[2026-06-16T16:39:55.964+0000] {processor.py:183} INFO - Processing /opt/airflow/dags/dag_09_gcp_taxi_scheduled.py took 0.107 seconds
[2026-06-16T16:40:26.039+0000] {processor.py:161} INFO - Started process (PID=20828) to work on /opt/airflow/dags/dag_09_gcp_taxi_scheduled.py
[2026-06-16T16:40:26.040+0000] {processor.py:830} INFO - Processing file /opt/airflow/dags/dag_09_gcp_taxi_scheduled.py for tasks to queue
[2026-06-16T16:40:26.042+0000] {logging_mixin.py:188} INFO - [2026-06-16T16:40:26.042+0000] {dagbag.py:545} INFO - Filling up the DagBag from /opt/airflow/dags/dag_09_gcp_taxi_scheduled.py
[2026-06-16T16:40:26.061+0000] {processor.py:840} INFO - DAG(s) '09_gcp_taxi_scheduled' retrieved from /opt/airflow/dags/dag_09_gcp_taxi_scheduled.py
[2026-06-16T16:40:26.107+0000] {logging_mixin.py:188} INFO - [2026-06-16T16:40:26.106+0000] {dag.py:3089} INFO - Sync 1 DAGs
[2026-06-16T16:40:26.150+0000] {processor.py:183} INFO - Processing /opt/airflow/dags/dag_09_gcp_taxi_scheduled.py took 0.118 seconds
[2026-06-16T16:40:56.283+0000] {processor.py:161} INFO - Started process (PID=20868) to work on /opt/airflow/dags/dag_09_gcp_taxi_scheduled.py
[2026-06-16T16:40:56.285+0000] {processor.py:830} INFO - Processing file /opt/airflow/dags/dag_09_gcp_taxi_scheduled.py for tasks to queue
[2026-06-16T16:40:56.286+0000] {logging_mixin.py:188} INFO - [2026-06-16T16:40:56.286+0000] {dagbag.py:545} INFO - Filling up the DagBag from /opt/airflow/dags/dag_09_gcp_taxi_scheduled.py
[2026-06-16T16:40:56.301+0000] {processor.py:840} INFO - DAG(s) '09_gcp_taxi_scheduled' retrieved from /opt/airflow/dags/dag_09_gcp_taxi_scheduled.py
[2026-06-16T16:40:56.342+0000] {logging_mixin.py:188} INFO - [2026-06-16T16:40:56.342+0000] {dag.py:3089} INFO - Sync 1 DAGs
[2026-06-16T16:40:56.386+0000] {processor.py:183} INFO - Processing /opt/airflow/dags/dag_09_gcp_taxi_scheduled.py took 0.109 seconds
[2026-06-16T16:41:26.442+0000] {processor.py:161} INFO - Started process (PID=20908) to work on /opt/airflow/dags/dag_09_gcp_taxi_scheduled.py
[2026-06-16T16:41:26.443+0000] {processor.py:830} INFO - Processing file /opt/airflow/dags/dag_09_gcp_taxi_scheduled.py for tasks to queue
[2026-06-16T16:41:26.445+0000] {logging_mixin.py:188} INFO - [2026-06-16T16:41:26.445+0000] {dagbag.py:545} INFO - Filling up the DagBag from /opt/airflow/dags/dag_09_gcp_taxi_scheduled.py
[2026-06-16T16:41:26.459+0000] {processor.py:840} INFO - DAG(s) '09_gcp_taxi_scheduled' retrieved from /opt/airflow/dags/dag_09_gcp_taxi_scheduled.py
[2026-06-16T16:41:26.501+0000] {logging_mixin.py:188} INFO - [2026-06-16T16:41:26.501+0000] {dag.py:3089} INFO - Sync 1 DAGs
[2026-06-16T16:41:26.544+0000] {processor.py:183} INFO - Processing /opt/airflow/dags/dag_09_gcp_taxi_scheduled.py took 0.109 seconds
[2026-06-16T16:41:56.646+0000] {processor.py:161} INFO - Started process (PID=20948) to work on /opt/airflow/dags/dag_09_gcp_taxi_scheduled.py
[2026-06-16T16:41:56.648+0000] {processor.py:830} INFO - Processing file /opt/airflow/dags/dag_09_gcp_taxi_scheduled.py for tasks to queue
[2026-06-16T16:41:56.650+0000] {logging_mixin.py:188} INFO - [2026-06-16T16:41:56.649+0000] {dagbag.py:545} INFO - Filling up the DagBag from /opt/airflow/dags/dag_09_gcp_taxi_scheduled.py
[2026-06-16T16:41:56.664+0000] {processor.py:840} INFO - DAG(s) '09_gcp_taxi_scheduled' retrieved from /opt/airflow/dags/dag_09_gcp_taxi_scheduled.py
[2026-06-16T16:41:56.706+0000] {logging_mixin.py:188} INFO - [2026-06-16T16:41:56.706+0000] {dag.py:3089} INFO - Sync 1 DAGs
[2026-06-16T16:41:56.749+0000] {processor.py:183} INFO - Processing /opt/airflow/dags/dag_09_gcp_taxi_scheduled.py took 0.110 seconds
[2026-06-16T16:42:27.366+0000] {processor.py:161} INFO - Started process (PID=20983) to work on /opt/airflow/dags/dag_09_gcp_taxi_scheduled.py
[2026-06-16T16:42:27.367+0000] {processor.py:830} INFO - Processing file /opt/airflow/dags/dag_09_gcp_taxi_scheduled.py for tasks to queue
[2026-06-16T16:42:27.370+0000] {logging_mixin.py:188} INFO - [2026-06-16T16:42:27.369+0000] {dagbag.py:545} INFO - Filling up the DagBag from /opt/airflow/dags/dag_09_gcp_taxi_scheduled.py
[2026-06-16T16:42:27.385+0000] {processor.py:840} INFO - DAG(s) '09_gcp_taxi_scheduled' retrieved from /opt/airflow/dags/dag_09_gcp_taxi_scheduled.py
[2026-06-16T16:42:27.433+0000] {logging_mixin.py:188} INFO - [2026-06-16T16:42:27.433+0000] {dag.py:3089} INFO - Sync 1 DAGs
[2026-06-16T16:42:27.490+0000] {processor.py:183} INFO - Processing /opt/airflow/dags/dag_09_gcp_taxi_scheduled.py took 0.134 seconds
[2026-06-16T16:42:57.555+0000] {processor.py:161} INFO - Started process (PID=21023) to work on /opt/airflow/dags/dag_09_gcp_taxi_scheduled.py
[2026-06-16T16:42:57.558+0000] {processor.py:830} INFO - Processing file /opt/airflow/dags/dag_09_gcp_taxi_scheduled.py for tasks to queue
[2026-06-16T16:42:57.560+0000] {logging_mixin.py:188} INFO - [2026-06-16T16:42:57.560+0000] {dagbag.py:545} INFO - Filling up the DagBag from /opt/airflow/dags/dag_09_gcp_taxi_scheduled.py
[2026-06-16T16:42:57.576+0000] {processor.py:840} INFO - DAG(s) '09_gcp_taxi_scheduled' retrieved from /opt/airflow/dags/dag_09_gcp_taxi_scheduled.py
[2026-06-16T16:42:57.635+0000] {logging_mixin.py:188} INFO - [2026-06-16T16:42:57.635+0000] {dag.py:3089} INFO - Sync 1 DAGs
[2026-06-16T16:42:57.692+0000] {processor.py:183} INFO - Processing /opt/airflow/dags/dag_09_gcp_taxi_scheduled.py took 0.148 seconds
[2026-06-16T16:43:27.735+0000] {processor.py:161} INFO - Started process (PID=21063) to work on /opt/airflow/dags/dag_09_gcp_taxi_scheduled.py
[2026-06-16T16:43:27.736+0000] {processor.py:830} INFO - Processing file /opt/airflow/dags/dag_09_gcp_taxi_scheduled.py for tasks to queue
[2026-06-16T16:43:27.738+0000] {logging_mixin.py:188} INFO - [2026-06-16T16:43:27.738+0000] {dagbag.py:545} INFO - Filling up the DagBag from /opt/airflow/dags/dag_09_gcp_taxi_scheduled.py
[2026-06-16T16:43:27.754+0000] {processor.py:840} INFO - DAG(s) '09_gcp_taxi_scheduled' retrieved from /opt/airflow/dags/dag_09_gcp_taxi_scheduled.py
[2026-06-16T16:43:27.806+0000] {logging_mixin.py:188} INFO - [2026-06-16T16:43:27.806+0000] {dag.py:3089} INFO - Sync 1 DAGs
[2026-06-16T16:43:27.860+0000] {processor.py:183} INFO - Processing /opt/airflow/dags/dag_09_gcp_taxi_scheduled.py took 0.134 seconds
[2026-06-16T16:43:58.009+0000] {processor.py:161} INFO - Started process (PID=21103) to work on /opt/airflow/dags/dag_09_gcp_taxi_scheduled.py
[2026-06-16T16:43:58.020+0000] {processor.py:830} INFO - Processing file /opt/airflow/dags/dag_09_gcp_taxi_scheduled.py for tasks to queue
[2026-06-16T16:43:58.022+0000] {logging_mixin.py:188} INFO - [2026-06-16T16:43:58.022+0000] {dagbag.py:545} INFO - Filling up the DagBag from /opt/airflow/dags/dag_09_gcp_taxi_scheduled.py
[2026-06-16T16:43:58.045+0000] {processor.py:840} INFO - DAG(s) '09_gcp_taxi_scheduled' retrieved from /opt/airflow/dags/dag_09_gcp_taxi_scheduled.py
[2026-06-16T16:43:58.094+0000] {logging_mixin.py:188} INFO - [2026-06-16T16:43:58.094+0000] {dag.py:3089} INFO - Sync 1 DAGs
[2026-06-16T16:43:58.148+0000] {processor.py:183} INFO - Processing /opt/airflow/dags/dag_09_gcp_taxi_scheduled.py took 0.149 seconds
[2026-06-16T16:44:28.196+0000] {processor.py:161} INFO - Started process (PID=21143) to work on /opt/airflow/dags/dag_09_gcp_taxi_scheduled.py
[2026-06-16T16:44:28.198+0000] {processor.py:830} INFO - Processing file /opt/airflow/dags/dag_09_gcp_taxi_scheduled.py for tasks to queue
[2026-06-16T16:44:28.200+0000] {logging_mixin.py:188} INFO - [2026-06-16T16:44:28.200+0000] {dagbag.py:545} INFO - Filling up the DagBag from /opt/airflow/dags/dag_09_gcp_taxi_scheduled.py
[2026-06-16T16:44:28.216+0000] {processor.py:840} INFO - DAG(s) '09_gcp_taxi_scheduled' retrieved from /opt/airflow/dags/dag_09_gcp_taxi_scheduled.py
[2026-06-16T16:44:28.266+0000] {logging_mixin.py:188} INFO - [2026-06-16T16:44:28.266+0000] {dag.py:3089} INFO - Sync 1 DAGs
[2026-06-16T16:44:28.320+0000] {processor.py:183} INFO - Processing /opt/airflow/dags/dag_09_gcp_taxi_scheduled.py took 0.133 seconds
[2026-06-16T16:44:58.397+0000] {processor.py:161} INFO - Started process (PID=21183) to work on /opt/airflow/dags/dag_09_gcp_taxi_scheduled.py
[2026-06-16T16:44:58.399+0000] {processor.py:830} INFO - Processing file /opt/airflow/dags/dag_09_gcp_taxi_scheduled.py for tasks to queue
[2026-06-16T16:44:58.401+0000] {logging_mixin.py:188} INFO - [2026-06-16T16:44:58.401+0000] {dagbag.py:545} INFO - Filling up the DagBag from /opt/airflow/dags/dag_09_gcp_taxi_scheduled.py
[2026-06-16T16:44:58.417+0000] {processor.py:840} INFO - DAG(s) '09_gcp_taxi_scheduled' retrieved from /opt/airflow/dags/dag_09_gcp_taxi_scheduled.py
[2026-06-16T16:44:58.466+0000] {logging_mixin.py:188} INFO - [2026-06-16T16:44:58.465+0000] {dag.py:3089} INFO - Sync 1 DAGs
[2026-06-16T16:44:58.518+0000] {processor.py:183} INFO - Processing /opt/airflow/dags/dag_09_gcp_taxi_scheduled.py took 0.129 seconds
[2026-06-16T16:45:28.593+0000] {processor.py:161} INFO - Started process (PID=21223) to work on /opt/airflow/dags/dag_09_gcp_taxi_scheduled.py
[2026-06-16T16:45:28.595+0000] {processor.py:830} INFO - Processing file /opt/airflow/dags/dag_09_gcp_taxi_scheduled.py for tasks to queue
[2026-06-16T16:45:28.598+0000] {logging_mixin.py:188} INFO - [2026-06-16T16:45:28.597+0000] {dagbag.py:545} INFO - Filling up the DagBag from /opt/airflow/dags/dag_09_gcp_taxi_scheduled.py
[2026-06-16T16:45:28.614+0000] {processor.py:840} INFO - DAG(s) '09_gcp_taxi_scheduled' retrieved from /opt/airflow/dags/dag_09_gcp_taxi_scheduled.py
[2026-06-16T16:45:28.662+0000] {logging_mixin.py:188} INFO - [2026-06-16T16:45:28.662+0000] {dag.py:3089} INFO - Sync 1 DAGs
[2026-06-16T16:45:28.718+0000] {processor.py:183} INFO - Processing /opt/airflow/dags/dag_09_gcp_taxi_scheduled.py took 0.134 seconds
[2026-06-16T16:45:58.799+0000] {processor.py:161} INFO - Started process (PID=21263) to work on /opt/airflow/dags/dag_09_gcp_taxi_scheduled.py
[2026-06-16T16:45:58.810+0000] {processor.py:830} INFO - Processing file /opt/airflow/dags/dag_09_gcp_taxi_scheduled.py for tasks to queue
[2026-06-16T16:45:58.811+0000] {logging_mixin.py:188} INFO - [2026-06-16T16:45:58.811+0000] {dagbag.py:545} INFO - Filling up the DagBag from /opt/airflow/dags/dag_09_gcp_taxi_scheduled.py
[2026-06-16T16:45:58.828+0000] {processor.py:840} INFO - DAG(s) '09_gcp_taxi_scheduled' retrieved from /opt/airflow/dags/dag_09_gcp_taxi_scheduled.py
[2026-06-16T16:45:58.873+0000] {logging_mixin.py:188} INFO - [2026-06-16T16:45:58.872+0000] {dag.py:3089} INFO - Sync 1 DAGs
[2026-06-16T16:45:58.927+0000] {processor.py:183} INFO - Processing /opt/airflow/dags/dag_09_gcp_taxi_scheduled.py took 0.137 seconds
[2026-06-16T16:46:28.988+0000] {processor.py:161} INFO - Started process (PID=21303) to work on /opt/airflow/dags/dag_09_gcp_taxi_scheduled.py
[2026-06-16T16:46:28.998+0000] {processor.py:830} INFO - Processing file /opt/airflow/dags/dag_09_gcp_taxi_scheduled.py for tasks to queue
[2026-06-16T16:46:29.000+0000] {logging_mixin.py:188} INFO - [2026-06-16T16:46:29.000+0000] {dagbag.py:545} INFO - Filling up the DagBag from /opt/airflow/dags/dag_09_gcp_taxi_scheduled.py
[2026-06-16T16:46:29.016+0000] {processor.py:840} INFO - DAG(s) '09_gcp_taxi_scheduled' retrieved from /opt/airflow/dags/dag_09_gcp_taxi_scheduled.py
[2026-06-16T16:46:29.061+0000] {logging_mixin.py:188} INFO - [2026-06-16T16:46:29.061+0000] {dag.py:3089} INFO - Sync 1 DAGs
[2026-06-16T16:46:29.114+0000] {processor.py:183} INFO - Processing /opt/airflow/dags/dag_09_gcp_taxi_scheduled.py took 0.136 seconds
[2026-06-16T16:47:00.070+0000] {processor.py:161} INFO - Started process (PID=21343) to work on /opt/airflow/dags/dag_09_gcp_taxi_scheduled.py
[2026-06-16T16:47:00.081+0000] {processor.py:830} INFO - Processing file /opt/airflow/dags/dag_09_gcp_taxi_scheduled.py for tasks to queue
[2026-06-16T16:47:00.083+0000] {logging_mixin.py:188} INFO - [2026-06-16T16:47:00.083+0000] {dagbag.py:545} INFO - Filling up the DagBag from /opt/airflow/dags/dag_09_gcp_taxi_scheduled.py
[2026-06-16T16:47:00.099+0000] {processor.py:840} INFO - DAG(s) '09_gcp_taxi_scheduled' retrieved from /opt/airflow/dags/dag_09_gcp_taxi_scheduled.py
[2026-06-16T16:47:00.159+0000] {logging_mixin.py:188} INFO - [2026-06-16T16:47:00.158+0000] {dag.py:3089} INFO - Sync 1 DAGs
[2026-06-16T16:47:00.209+0000] {processor.py:183} INFO - Processing /opt/airflow/dags/dag_09_gcp_taxi_scheduled.py took 0.148 seconds
[2026-06-16T16:47:30.331+0000] {processor.py:161} INFO - Started process (PID=21383) to work on /opt/airflow/dags/dag_09_gcp_taxi_scheduled.py
[2026-06-16T16:47:30.333+0000] {processor.py:830} INFO - Processing file /opt/airflow/dags/dag_09_gcp_taxi_scheduled.py for tasks to queue
[2026-06-16T16:47:30.336+0000] {logging_mixin.py:188} INFO - [2026-06-16T16:47:30.336+0000] {dagbag.py:545} INFO - Filling up the DagBag from /opt/airflow/dags/dag_09_gcp_taxi_scheduled.py
[2026-06-16T16:47:30.352+0000] {processor.py:840} INFO - DAG(s) '09_gcp_taxi_scheduled' retrieved from /opt/airflow/dags/dag_09_gcp_taxi_scheduled.py
[2026-06-16T16:47:30.401+0000] {logging_mixin.py:188} INFO - [2026-06-16T16:47:30.400+0000] {dag.py:3089} INFO - Sync 1 DAGs
[2026-06-16T16:47:30.454+0000] {processor.py:183} INFO - Processing /opt/airflow/dags/dag_09_gcp_taxi_scheduled.py took 0.132 seconds
[2026-06-16T16:48:00.547+0000] {processor.py:161} INFO - Started process (PID=21423) to work on /opt/airflow/dags/dag_09_gcp_taxi_scheduled.py
[2026-06-16T16:48:00.558+0000] {processor.py:830} INFO - Processing file /opt/airflow/dags/dag_09_gcp_taxi_scheduled.py for tasks to queue
[2026-06-16T16:48:00.562+0000] {logging_mixin.py:188} INFO - [2026-06-16T16:48:00.561+0000] {dagbag.py:545} INFO - Filling up the DagBag from /opt/airflow/dags/dag_09_gcp_taxi_scheduled.py
[2026-06-16T16:48:00.586+0000] {processor.py:840} INFO - DAG(s) '09_gcp_taxi_scheduled' retrieved from /opt/airflow/dags/dag_09_gcp_taxi_scheduled.py
[2026-06-16T16:48:00.637+0000] {logging_mixin.py:188} INFO - [2026-06-16T16:48:00.636+0000] {dag.py:3089} INFO - Sync 1 DAGs
[2026-06-16T16:48:00.690+0000] {processor.py:183} INFO - Processing /opt/airflow/dags/dag_09_gcp_taxi_scheduled.py took 0.152 seconds
[2026-06-16T16:48:30.730+0000] {processor.py:161} INFO - Started process (PID=21463) to work on /opt/airflow/dags/dag_09_gcp_taxi_scheduled.py
[2026-06-16T16:48:30.731+0000] {processor.py:830} INFO - Processing file /opt/airflow/dags/dag_09_gcp_taxi_scheduled.py for tasks to queue
[2026-06-16T16:48:30.734+0000] {logging_mixin.py:188} INFO - [2026-06-16T16:48:30.733+0000] {dagbag.py:545} INFO - Filling up the DagBag from /opt/airflow/dags/dag_09_gcp_taxi_scheduled.py
[2026-06-16T16:48:30.749+0000] {processor.py:840} INFO - DAG(s) '09_gcp_taxi_scheduled' retrieved from /opt/airflow/dags/dag_09_gcp_taxi_scheduled.py
[2026-06-16T16:48:30.816+0000] {logging_mixin.py:188} INFO - [2026-06-16T16:48:30.815+0000] {dag.py:3089} INFO - Sync 1 DAGs
[2026-06-16T16:48:30.872+0000] {processor.py:183} INFO - Processing /opt/airflow/dags/dag_09_gcp_taxi_scheduled.py took 0.152 seconds
[2026-06-16T16:49:00.920+0000] {processor.py:161} INFO - Started process (PID=21503) to work on /opt/airflow/dags/dag_09_gcp_taxi_scheduled.py
[2026-06-16T16:49:00.930+0000] {processor.py:830} INFO - Processing file /opt/airflow/dags/dag_09_gcp_taxi_scheduled.py for tasks to queue
[2026-06-16T16:49:00.932+0000] {logging_mixin.py:188} INFO - [2026-06-16T16:49:00.932+0000] {dagbag.py:545} INFO - Filling up the DagBag from /opt/airflow/dags/dag_09_gcp_taxi_scheduled.py
[2026-06-16T16:49:00.948+0000] {processor.py:840} INFO - DAG(s) '09_gcp_taxi_scheduled' retrieved from /opt/airflow/dags/dag_09_gcp_taxi_scheduled.py
[2026-06-16T16:49:00.995+0000] {logging_mixin.py:188} INFO - [2026-06-16T16:49:00.995+0000] {dag.py:3089} INFO - Sync 1 DAGs
[2026-06-16T16:49:01.054+0000] {processor.py:183} INFO - Processing /opt/airflow/dags/dag_09_gcp_taxi_scheduled.py took 0.144 seconds
[2026-06-16T16:49:31.957+0000] {processor.py:161} INFO - Started process (PID=21543) to work on /opt/airflow/dags/dag_09_gcp_taxi_scheduled.py
[2026-06-16T16:49:31.958+0000] {processor.py:830} INFO - Processing file /opt/airflow/dags/dag_09_gcp_taxi_scheduled.py for tasks to queue
[2026-06-16T16:49:31.960+0000] {logging_mixin.py:188} INFO - [2026-06-16T16:49:31.960+0000] {dagbag.py:545} INFO - Filling up the DagBag from /opt/airflow/dags/dag_09_gcp_taxi_scheduled.py
[2026-06-16T16:49:31.983+0000] {processor.py:840} INFO - DAG(s) '09_gcp_taxi_scheduled' retrieved from /opt/airflow/dags/dag_09_gcp_taxi_scheduled.py
[2026-06-16T16:49:32.033+0000] {logging_mixin.py:188} INFO - [2026-06-16T16:49:32.032+0000] {dag.py:3089} INFO - Sync 1 DAGs
[2026-06-16T16:49:32.086+0000] {processor.py:183} INFO - Processing /opt/airflow/dags/dag_09_gcp_taxi_scheduled.py took 0.138 seconds
[2026-06-16T16:50:02.954+0000] {processor.py:161} INFO - Started process (PID=21583) to work on /opt/airflow/dags/dag_09_gcp_taxi_scheduled.py
[2026-06-16T16:50:02.957+0000] {processor.py:830} INFO - Processing file /opt/airflow/dags/dag_09_gcp_taxi_scheduled.py for tasks to queue
[2026-06-16T16:50:02.959+0000] {logging_mixin.py:188} INFO - [2026-06-16T16:50:02.958+0000] {dagbag.py:545} INFO - Filling up the DagBag from /opt/airflow/dags/dag_09_gcp_taxi_scheduled.py
[2026-06-16T16:50:02.977+0000] {processor.py:840} INFO - DAG(s) '09_gcp_taxi_scheduled' retrieved from /opt/airflow/dags/dag_09_gcp_taxi_scheduled.py
[2026-06-16T16:50:03.031+0000] {logging_mixin.py:188} INFO - [2026-06-16T16:50:03.031+0000] {dag.py:3089} INFO - Sync 1 DAGs
[2026-06-16T16:50:03.087+0000] {processor.py:183} INFO - Processing /opt/airflow/dags/dag_09_gcp_taxi_scheduled.py took 0.142 seconds
[2026-06-16T16:50:33.925+0000] {processor.py:161} INFO - Started process (PID=21623) to work on /opt/airflow/dags/dag_09_gcp_taxi_scheduled.py
[2026-06-16T16:50:33.927+0000] {processor.py:830} INFO - Processing file /opt/airflow/dags/dag_09_gcp_taxi_scheduled.py for tasks to queue
[2026-06-16T16:50:33.929+0000] {logging_mixin.py:188} INFO - [2026-06-16T16:50:33.929+0000] {dagbag.py:545} INFO - Filling up the DagBag from /opt/airflow/dags/dag_09_gcp_taxi_scheduled.py
[2026-06-16T16:50:33.946+0000] {processor.py:840} INFO - DAG(s) '09_gcp_taxi_scheduled' retrieved from /opt/airflow/dags/dag_09_gcp_taxi_scheduled.py
[2026-06-16T16:50:33.994+0000] {logging_mixin.py:188} INFO - [2026-06-16T16:50:33.994+0000] {dag.py:3089} INFO - Sync 1 DAGs
[2026-06-16T16:50:34.049+0000] {processor.py:183} INFO - Processing /opt/airflow/dags/dag_09_gcp_taxi_scheduled.py took 0.136 seconds
[2026-06-16T16:51:05.046+0000] {processor.py:161} INFO - Started process (PID=21663) to work on /opt/airflow/dags/dag_09_gcp_taxi_scheduled.py
[2026-06-16T16:51:05.056+0000] {processor.py:830} INFO - Processing file /opt/airflow/dags/dag_09_gcp_taxi_scheduled.py for tasks to queue
[2026-06-16T16:51:05.059+0000] {logging_mixin.py:188} INFO - [2026-06-16T16:51:05.058+0000] {dagbag.py:545} INFO - Filling up the DagBag from /opt/airflow/dags/dag_09_gcp_taxi_scheduled.py
[2026-06-16T16:51:05.074+0000] {processor.py:840} INFO - DAG(s) '09_gcp_taxi_scheduled' retrieved from /opt/airflow/dags/dag_09_gcp_taxi_scheduled.py
[2026-06-16T16:51:05.119+0000] {logging_mixin.py:188} INFO - [2026-06-16T16:51:05.119+0000] {dag.py:3089} INFO - Sync 1 DAGs
[2026-06-16T16:51:05.170+0000] {processor.py:183} INFO - Processing /opt/airflow/dags/dag_09_gcp_taxi_scheduled.py took 0.135 seconds
[2026-06-16T16:51:36.109+0000] {processor.py:161} INFO - Started process (PID=21703) to work on /opt/airflow/dags/dag_09_gcp_taxi_scheduled.py
[2026-06-16T16:51:36.110+0000] {processor.py:830} INFO - Processing file /opt/airflow/dags/dag_09_gcp_taxi_scheduled.py for tasks to queue
[2026-06-16T16:51:36.113+0000] {logging_mixin.py:188} INFO - [2026-06-16T16:51:36.112+0000] {dagbag.py:545} INFO - Filling up the DagBag from /opt/airflow/dags/dag_09_gcp_taxi_scheduled.py
[2026-06-16T16:51:36.128+0000] {processor.py:840} INFO - DAG(s) '09_gcp_taxi_scheduled' retrieved from /opt/airflow/dags/dag_09_gcp_taxi_scheduled.py
[2026-06-16T16:51:36.178+0000] {logging_mixin.py:188} INFO - [2026-06-16T16:51:36.178+0000] {dag.py:3089} INFO - Sync 1 DAGs
[2026-06-16T16:51:36.232+0000] {processor.py:183} INFO - Processing /opt/airflow/dags/dag_09_gcp_taxi_scheduled.py took 0.133 seconds
[2026-06-16T16:52:06.978+0000] {processor.py:161} INFO - Started process (PID=21743) to work on /opt/airflow/dags/dag_09_gcp_taxi_scheduled.py
[2026-06-16T16:52:06.981+0000] {processor.py:830} INFO - Processing file /opt/airflow/dags/dag_09_gcp_taxi_scheduled.py for tasks to queue
[2026-06-16T16:52:06.984+0000] {logging_mixin.py:188} INFO - [2026-06-16T16:52:06.984+0000] {dagbag.py:545} INFO - Filling up the DagBag from /opt/airflow/dags/dag_09_gcp_taxi_scheduled.py
[2026-06-16T16:52:07.003+0000] {processor.py:840} INFO - DAG(s) '09_gcp_taxi_scheduled' retrieved from /opt/airflow/dags/dag_09_gcp_taxi_scheduled.py
[2026-06-16T16:52:07.051+0000] {logging_mixin.py:188} INFO - [2026-06-16T16:52:07.051+0000] {dag.py:3089} INFO - Sync 1 DAGs
[2026-06-16T16:52:07.114+0000] {processor.py:183} INFO - Processing /opt/airflow/dags/dag_09_gcp_taxi_scheduled.py took 0.146 seconds
[2026-06-16T16:52:38.111+0000] {processor.py:161} INFO - Started process (PID=21783) to work on /opt/airflow/dags/dag_09_gcp_taxi_scheduled.py
[2026-06-16T16:52:38.113+0000] {processor.py:830} INFO - Processing file /opt/airflow/dags/dag_09_gcp_taxi_scheduled.py for tasks to queue
[2026-06-16T16:52:38.115+0000] {logging_mixin.py:188} INFO - [2026-06-16T16:52:38.115+0000] {dagbag.py:545} INFO - Filling up the DagBag from /opt/airflow/dags/dag_09_gcp_taxi_scheduled.py
[2026-06-16T16:52:38.131+0000] {processor.py:840} INFO - DAG(s) '09_gcp_taxi_scheduled' retrieved from /opt/airflow/dags/dag_09_gcp_taxi_scheduled.py
[2026-06-16T16:52:38.178+0000] {logging_mixin.py:188} INFO - [2026-06-16T16:52:38.178+0000] {dag.py:3089} INFO - Sync 1 DAGs
[2026-06-16T16:52:38.230+0000] {processor.py:183} INFO - Processing /opt/airflow/dags/dag_09_gcp_taxi_scheduled.py took 0.129 seconds
[2026-06-16T16:53:09.053+0000] {processor.py:161} INFO - Started process (PID=21823) to work on /opt/airflow/dags/dag_09_gcp_taxi_scheduled.py
[2026-06-16T16:53:09.056+0000] {processor.py:830} INFO - Processing file /opt/airflow/dags/dag_09_gcp_taxi_scheduled.py for tasks to queue
[2026-06-16T16:53:09.058+0000] {logging_mixin.py:188} INFO - [2026-06-16T16:53:09.058+0000] {dagbag.py:545} INFO - Filling up the DagBag from /opt/airflow/dags/dag_09_gcp_taxi_scheduled.py
[2026-06-16T16:53:09.074+0000] {processor.py:840} INFO - DAG(s) '09_gcp_taxi_scheduled' retrieved from /opt/airflow/dags/dag_09_gcp_taxi_scheduled.py
[2026-06-16T16:53:09.124+0000] {logging_mixin.py:188} INFO - [2026-06-16T16:53:09.123+0000] {dag.py:3089} INFO - Sync 1 DAGs
[2026-06-16T16:53:09.174+0000] {processor.py:183} INFO - Processing /opt/airflow/dags/dag_09_gcp_taxi_scheduled.py took 0.133 seconds
[2026-06-16T16:53:40.040+0000] {processor.py:161} INFO - Started process (PID=21863) to work on /opt/airflow/dags/dag_09_gcp_taxi_scheduled.py
[2026-06-16T16:53:40.050+0000] {processor.py:830} INFO - Processing file /opt/airflow/dags/dag_09_gcp_taxi_scheduled.py for tasks to queue
[2026-06-16T16:53:40.052+0000] {logging_mixin.py:188} INFO - [2026-06-16T16:53:40.052+0000] {dagbag.py:545} INFO - Filling up the DagBag from /opt/airflow/dags/dag_09_gcp_taxi_scheduled.py
[2026-06-16T16:53:40.068+0000] {processor.py:840} INFO - DAG(s) '09_gcp_taxi_scheduled' retrieved from /opt/airflow/dags/dag_09_gcp_taxi_scheduled.py
[2026-06-16T16:53:40.114+0000] {logging_mixin.py:188} INFO - [2026-06-16T16:53:40.114+0000] {dag.py:3089} INFO - Sync 1 DAGs
[2026-06-16T16:53:40.165+0000] {processor.py:183} INFO - Processing /opt/airflow/dags/dag_09_gcp_taxi_scheduled.py took 0.135 seconds
[2026-06-16T16:54:11.132+0000] {processor.py:161} INFO - Started process (PID=21903) to work on /opt/airflow/dags/dag_09_gcp_taxi_scheduled.py
[2026-06-16T16:54:11.133+0000] {processor.py:830} INFO - Processing file /opt/airflow/dags/dag_09_gcp_taxi_scheduled.py for tasks to queue
[2026-06-16T16:54:11.135+0000] {logging_mixin.py:188} INFO - [2026-06-16T16:54:11.135+0000] {dagbag.py:545} INFO - Filling up the DagBag from /opt/airflow/dags/dag_09_gcp_taxi_scheduled.py
[2026-06-16T16:54:11.151+0000] {processor.py:840} INFO - DAG(s) '09_gcp_taxi_scheduled' retrieved from /opt/airflow/dags/dag_09_gcp_taxi_scheduled.py
[2026-06-16T16:54:11.199+0000] {logging_mixin.py:188} INFO - [2026-06-16T16:54:11.199+0000] {dag.py:3089} INFO - Sync 1 DAGs
[2026-06-16T16:54:11.253+0000] {processor.py:183} INFO - Processing /opt/airflow/dags/dag_09_gcp_taxi_scheduled.py took 0.131 seconds
[2026-06-16T16:54:42.130+0000] {processor.py:161} INFO - Started process (PID=21943) to work on /opt/airflow/dags/dag_09_gcp_taxi_scheduled.py
[2026-06-16T16:54:42.141+0000] {processor.py:830} INFO - Processing file /opt/airflow/dags/dag_09_gcp_taxi_scheduled.py for tasks to queue
[2026-06-16T16:54:42.144+0000] {logging_mixin.py:188} INFO - [2026-06-16T16:54:42.144+0000] {dagbag.py:545} INFO - Filling up the DagBag from /opt/airflow/dags/dag_09_gcp_taxi_scheduled.py
[2026-06-16T16:54:42.160+0000] {processor.py:840} INFO - DAG(s) '09_gcp_taxi_scheduled' retrieved from /opt/airflow/dags/dag_09_gcp_taxi_scheduled.py
[2026-06-16T16:54:42.206+0000] {logging_mixin.py:188} INFO - [2026-06-16T16:54:42.206+0000] {dag.py:3089} INFO - Sync 1 DAGs
[2026-06-16T16:54:42.266+0000] {processor.py:183} INFO - Processing /opt/airflow/dags/dag_09_gcp_taxi_scheduled.py took 0.146 seconds
[2026-06-16T16:55:13.125+0000] {processor.py:161} INFO - Started process (PID=21983) to work on /opt/airflow/dags/dag_09_gcp_taxi_scheduled.py
[2026-06-16T16:55:13.126+0000] {processor.py:830} INFO - Processing file /opt/airflow/dags/dag_09_gcp_taxi_scheduled.py for tasks to queue
[2026-06-16T16:55:13.128+0000] {logging_mixin.py:188} INFO - [2026-06-16T16:55:13.128+0000] {dagbag.py:545} INFO - Filling up the DagBag from /opt/airflow/dags/dag_09_gcp_taxi_scheduled.py
[2026-06-16T16:55:13.146+0000] {processor.py:840} INFO - DAG(s) '09_gcp_taxi_scheduled' retrieved from /opt/airflow/dags/dag_09_gcp_taxi_scheduled.py
[2026-06-16T16:55:13.195+0000] {logging_mixin.py:188} INFO - [2026-06-16T16:55:13.195+0000] {dag.py:3089} INFO - Sync 1 DAGs
[2026-06-16T16:55:13.246+0000] {processor.py:183} INFO - Processing /opt/airflow/dags/dag_09_gcp_taxi_scheduled.py took 0.131 seconds
[2026-06-16T16:55:44.267+0000] {processor.py:161} INFO - Started process (PID=22023) to work on /opt/airflow/dags/dag_09_gcp_taxi_scheduled.py
[2026-06-16T16:55:44.278+0000] {processor.py:830} INFO - Processing file /opt/airflow/dags/dag_09_gcp_taxi_scheduled.py for tasks to queue
[2026-06-16T16:55:44.280+0000] {logging_mixin.py:188} INFO - [2026-06-16T16:55:44.280+0000] {dagbag.py:545} INFO - Filling up the DagBag from /opt/airflow/dags/dag_09_gcp_taxi_scheduled.py
[2026-06-16T16:55:44.300+0000] {processor.py:840} INFO - DAG(s) '09_gcp_taxi_scheduled' retrieved from /opt/airflow/dags/dag_09_gcp_taxi_scheduled.py
[2026-06-16T16:55:44.364+0000] {logging_mixin.py:188} INFO - [2026-06-16T16:55:44.364+0000] {dag.py:3089} INFO - Sync 1 DAGs
[2026-06-16T16:55:44.428+0000] {processor.py:183} INFO - Processing /opt/airflow/dags/dag_09_gcp_taxi_scheduled.py took 0.173 seconds
[2026-06-16T16:56:15.378+0000] {processor.py:161} INFO - Started process (PID=22063) to work on /opt/airflow/dags/dag_09_gcp_taxi_scheduled.py
[2026-06-16T16:56:15.389+0000] {processor.py:830} INFO - Processing file /opt/airflow/dags/dag_09_gcp_taxi_scheduled.py for tasks to queue
[2026-06-16T16:56:15.391+0000] {logging_mixin.py:188} INFO - [2026-06-16T16:56:15.391+0000] {dagbag.py:545} INFO - Filling up the DagBag from /opt/airflow/dags/dag_09_gcp_taxi_scheduled.py
[2026-06-16T16:56:15.406+0000] {processor.py:840} INFO - DAG(s) '09_gcp_taxi_scheduled' retrieved from /opt/airflow/dags/dag_09_gcp_taxi_scheduled.py
[2026-06-16T16:56:15.450+0000] {logging_mixin.py:188} INFO - [2026-06-16T16:56:15.450+0000] {dag.py:3089} INFO - Sync 1 DAGs
[2026-06-16T16:56:15.500+0000] {processor.py:183} INFO - Processing /opt/airflow/dags/dag_09_gcp_taxi_scheduled.py took 0.131 seconds
[2026-06-16T16:56:46.442+0000] {processor.py:161} INFO - Started process (PID=22103) to work on /opt/airflow/dags/dag_09_gcp_taxi_scheduled.py
[2026-06-16T16:56:46.443+0000] {processor.py:830} INFO - Processing file /opt/airflow/dags/dag_09_gcp_taxi_scheduled.py for tasks to queue
[2026-06-16T16:56:46.446+0000] {logging_mixin.py:188} INFO - [2026-06-16T16:56:46.446+0000] {dagbag.py:545} INFO - Filling up the DagBag from /opt/airflow/dags/dag_09_gcp_taxi_scheduled.py
[2026-06-16T16:56:46.462+0000] {processor.py:840} INFO - DAG(s) '09_gcp_taxi_scheduled' retrieved from /opt/airflow/dags/dag_09_gcp_taxi_scheduled.py
[2026-06-16T16:56:46.510+0000] {logging_mixin.py:188} INFO - [2026-06-16T16:56:46.509+0000] {dag.py:3089} INFO - Sync 1 DAGs
[2026-06-16T16:56:46.644+0000] {processor.py:183} INFO - Processing /opt/airflow/dags/dag_09_gcp_taxi_scheduled.py took 0.212 seconds
[2026-06-16T16:57:17.629+0000] {processor.py:161} INFO - Started process (PID=22143) to work on /opt/airflow/dags/dag_09_gcp_taxi_scheduled.py
[2026-06-16T16:57:17.640+0000] {processor.py:830} INFO - Processing file /opt/airflow/dags/dag_09_gcp_taxi_scheduled.py for tasks to queue
[2026-06-16T16:57:17.642+0000] {logging_mixin.py:188} INFO - [2026-06-16T16:57:17.641+0000] {dagbag.py:545} INFO - Filling up the DagBag from /opt/airflow/dags/dag_09_gcp_taxi_scheduled.py
[2026-06-16T16:57:17.658+0000] {processor.py:840} INFO - DAG(s) '09_gcp_taxi_scheduled' retrieved from /opt/airflow/dags/dag_09_gcp_taxi_scheduled.py
[2026-06-16T16:57:17.717+0000] {logging_mixin.py:188} INFO - [2026-06-16T16:57:17.717+0000] {dag.py:3089} INFO - Sync 1 DAGs
[2026-06-16T16:57:17.780+0000] {processor.py:183} INFO - Processing /opt/airflow/dags/dag_09_gcp_taxi_scheduled.py took 0.161 seconds
[2026-06-16T16:57:48.762+0000] {processor.py:161} INFO - Started process (PID=22183) to work on /opt/airflow/dags/dag_09_gcp_taxi_scheduled.py
[2026-06-16T16:57:48.763+0000] {processor.py:830} INFO - Processing file /opt/airflow/dags/dag_09_gcp_taxi_scheduled.py for tasks to queue
[2026-06-16T16:57:48.765+0000] {logging_mixin.py:188} INFO - [2026-06-16T16:57:48.765+0000] {dagbag.py:545} INFO - Filling up the DagBag from /opt/airflow/dags/dag_09_gcp_taxi_scheduled.py
[2026-06-16T16:57:48.785+0000] {processor.py:840} INFO - DAG(s) '09_gcp_taxi_scheduled' retrieved from /opt/airflow/dags/dag_09_gcp_taxi_scheduled.py
[2026-06-16T16:57:48.834+0000] {logging_mixin.py:188} INFO - [2026-06-16T16:57:48.833+0000] {dag.py:3089} INFO - Sync 1 DAGs
[2026-06-16T16:57:48.886+0000] {processor.py:183} INFO - Processing /opt/airflow/dags/dag_09_gcp_taxi_scheduled.py took 0.135 seconds
[2026-06-16T16:58:19.862+0000] {processor.py:161} INFO - Started process (PID=22223) to work on /opt/airflow/dags/dag_09_gcp_taxi_scheduled.py
[2026-06-16T16:58:19.873+0000] {processor.py:830} INFO - Processing file /opt/airflow/dags/dag_09_gcp_taxi_scheduled.py for tasks to queue
[2026-06-16T16:58:19.875+0000] {logging_mixin.py:188} INFO - [2026-06-16T16:58:19.874+0000] {dagbag.py:545} INFO - Filling up the DagBag from /opt/airflow/dags/dag_09_gcp_taxi_scheduled.py
[2026-06-16T16:58:19.890+0000] {processor.py:840} INFO - DAG(s) '09_gcp_taxi_scheduled' retrieved from /opt/airflow/dags/dag_09_gcp_taxi_scheduled.py
[2026-06-16T16:58:19.942+0000] {logging_mixin.py:188} INFO - [2026-06-16T16:58:19.942+0000] {dag.py:3089} INFO - Sync 1 DAGs
[2026-06-16T16:58:19.994+0000] {processor.py:183} INFO - Processing /opt/airflow/dags/dag_09_gcp_taxi_scheduled.py took 0.142 seconds
[2026-06-16T16:58:50.965+0000] {processor.py:161} INFO - Started process (PID=22263) to work on /opt/airflow/dags/dag_09_gcp_taxi_scheduled.py
[2026-06-16T16:58:50.967+0000] {processor.py:830} INFO - Processing file /opt/airflow/dags/dag_09_gcp_taxi_scheduled.py for tasks to queue
[2026-06-16T16:58:50.969+0000] {logging_mixin.py:188} INFO - [2026-06-16T16:58:50.969+0000] {dagbag.py:545} INFO - Filling up the DagBag from /opt/airflow/dags/dag_09_gcp_taxi_scheduled.py
[2026-06-16T16:58:50.987+0000] {processor.py:840} INFO - DAG(s) '09_gcp_taxi_scheduled' retrieved from /opt/airflow/dags/dag_09_gcp_taxi_scheduled.py
[2026-06-16T16:58:51.039+0000] {logging_mixin.py:188} INFO - [2026-06-16T16:58:51.039+0000] {dag.py:3089} INFO - Sync 1 DAGs
[2026-06-16T16:58:51.105+0000] {processor.py:183} INFO - Processing /opt/airflow/dags/dag_09_gcp_taxi_scheduled.py took 0.151 seconds
[2026-06-16T16:59:22.042+0000] {processor.py:161} INFO - Started process (PID=22303) to work on /opt/airflow/dags/dag_09_gcp_taxi_scheduled.py
[2026-06-16T16:59:22.044+0000] {processor.py:830} INFO - Processing file /opt/airflow/dags/dag_09_gcp_taxi_scheduled.py for tasks to queue
[2026-06-16T16:59:22.047+0000] {logging_mixin.py:188} INFO - [2026-06-16T16:59:22.046+0000] {dagbag.py:545} INFO - Filling up the DagBag from /opt/airflow/dags/dag_09_gcp_taxi_scheduled.py
[2026-06-16T16:59:22.063+0000] {processor.py:840} INFO - DAG(s) '09_gcp_taxi_scheduled' retrieved from /opt/airflow/dags/dag_09_gcp_taxi_scheduled.py
[2026-06-16T16:59:22.113+0000] {logging_mixin.py:188} INFO - [2026-06-16T16:59:22.113+0000] {dag.py:3089} INFO - Sync 1 DAGs
[2026-06-16T16:59:22.172+0000] {processor.py:183} INFO - Processing /opt/airflow/dags/dag_09_gcp_taxi_scheduled.py took 0.140 seconds
[2026-06-16T16:59:53.012+0000] {processor.py:161} INFO - Started process (PID=22343) to work on /opt/airflow/dags/dag_09_gcp_taxi_scheduled.py
[2026-06-16T16:59:53.023+0000] {processor.py:830} INFO - Processing file /opt/airflow/dags/dag_09_gcp_taxi_scheduled.py for tasks to queue
[2026-06-16T16:59:53.025+0000] {logging_mixin.py:188} INFO - [2026-06-16T16:59:53.025+0000] {dagbag.py:545} INFO - Filling up the DagBag from /opt/airflow/dags/dag_09_gcp_taxi_scheduled.py
[2026-06-16T16:59:53.041+0000] {processor.py:840} INFO - DAG(s) '09_gcp_taxi_scheduled' retrieved from /opt/airflow/dags/dag_09_gcp_taxi_scheduled.py
[2026-06-16T16:59:53.085+0000] {logging_mixin.py:188} INFO - [2026-06-16T16:59:53.085+0000] {dag.py:3089} INFO - Sync 1 DAGs
[2026-06-16T16:59:53.134+0000] {processor.py:183} INFO - Processing /opt/airflow/dags/dag_09_gcp_taxi_scheduled.py took 0.131 seconds
[2026-06-16T17:00:23.982+0000] {processor.py:161} INFO - Started process (PID=22383) to work on /opt/airflow/dags/dag_09_gcp_taxi_scheduled.py
[2026-06-16T17:00:23.983+0000] {processor.py:830} INFO - Processing file /opt/airflow/dags/dag_09_gcp_taxi_scheduled.py for tasks to queue
[2026-06-16T17:00:23.985+0000] {logging_mixin.py:188} INFO - [2026-06-16T17:00:23.985+0000] {dagbag.py:545} INFO - Filling up the DagBag from /opt/airflow/dags/dag_09_gcp_taxi_scheduled.py
[2026-06-16T17:00:24.001+0000] {processor.py:840} INFO - DAG(s) '09_gcp_taxi_scheduled' retrieved from /opt/airflow/dags/dag_09_gcp_taxi_scheduled.py
[2026-06-16T17:00:24.047+0000] {logging_mixin.py:188} INFO - [2026-06-16T17:00:24.047+0000] {dag.py:3089} INFO - Sync 1 DAGs
[2026-06-16T17:00:24.102+0000] {processor.py:183} INFO - Processing /opt/airflow/dags/dag_09_gcp_taxi_scheduled.py took 0.129 seconds
[2026-06-16T17:00:54.916+0000] {processor.py:161} INFO - Started process (PID=22423) to work on /opt/airflow/dags/dag_09_gcp_taxi_scheduled.py
[2026-06-16T17:00:54.927+0000] {processor.py:830} INFO - Processing file /opt/airflow/dags/dag_09_gcp_taxi_scheduled.py for tasks to queue
[2026-06-16T17:00:54.929+0000] {logging_mixin.py:188} INFO - [2026-06-16T17:00:54.929+0000] {dagbag.py:545} INFO - Filling up the DagBag from /opt/airflow/dags/dag_09_gcp_taxi_scheduled.py
[2026-06-16T17:00:54.945+0000] {processor.py:840} INFO - DAG(s) '09_gcp_taxi_scheduled' retrieved from /opt/airflow/dags/dag_09_gcp_taxi_scheduled.py
[2026-06-16T17:00:54.989+0000] {logging_mixin.py:188} INFO - [2026-06-16T17:00:54.988+0000] {dag.py:3089} INFO - Sync 1 DAGs
[2026-06-16T17:00:55.038+0000] {processor.py:183} INFO - Processing /opt/airflow/dags/dag_09_gcp_taxi_scheduled.py took 0.131 seconds
[2026-06-16T17:01:26.015+0000] {processor.py:161} INFO - Started process (PID=22463) to work on /opt/airflow/dags/dag_09_gcp_taxi_scheduled.py
[2026-06-16T17:01:26.017+0000] {processor.py:830} INFO - Processing file /opt/airflow/dags/dag_09_gcp_taxi_scheduled.py for tasks to queue
[2026-06-16T17:01:26.019+0000] {logging_mixin.py:188} INFO - [2026-06-16T17:01:26.019+0000] {dagbag.py:545} INFO - Filling up the DagBag from /opt/airflow/dags/dag_09_gcp_taxi_scheduled.py
[2026-06-16T17:01:26.038+0000] {processor.py:840} INFO - DAG(s) '09_gcp_taxi_scheduled' retrieved from /opt/airflow/dags/dag_09_gcp_taxi_scheduled.py
[2026-06-16T17:01:26.093+0000] {logging_mixin.py:188} INFO - [2026-06-16T17:01:26.093+0000] {dag.py:3089} INFO - Sync 1 DAGs
[2026-06-16T17:01:26.146+0000] {processor.py:183} INFO - Processing /opt/airflow/dags/dag_09_gcp_taxi_scheduled.py took 0.143 seconds
[2026-06-16T17:01:57.015+0000] {processor.py:161} INFO - Started process (PID=22503) to work on /opt/airflow/dags/dag_09_gcp_taxi_scheduled.py
[2026-06-16T17:01:57.016+0000] {processor.py:830} INFO - Processing file /opt/airflow/dags/dag_09_gcp_taxi_scheduled.py for tasks to queue
[2026-06-16T17:01:57.018+0000] {logging_mixin.py:188} INFO - [2026-06-16T17:01:57.017+0000] {dagbag.py:545} INFO - Filling up the DagBag from /opt/airflow/dags/dag_09_gcp_taxi_scheduled.py
[2026-06-16T17:01:57.033+0000] {processor.py:840} INFO - DAG(s) '09_gcp_taxi_scheduled' retrieved from /opt/airflow/dags/dag_09_gcp_taxi_scheduled.py
[2026-06-16T17:01:57.086+0000] {logging_mixin.py:188} INFO - [2026-06-16T17:01:57.085+0000] {dag.py:3089} INFO - Sync 1 DAGs
[2026-06-16T17:01:57.141+0000] {processor.py:183} INFO - Processing /opt/airflow/dags/dag_09_gcp_taxi_scheduled.py took 0.135 seconds
[2026-06-16T17:02:28.033+0000] {processor.py:161} INFO - Started process (PID=22543) to work on /opt/airflow/dags/dag_09_gcp_taxi_scheduled.py
[2026-06-16T17:02:28.035+0000] {processor.py:830} INFO - Processing file /opt/airflow/dags/dag_09_gcp_taxi_scheduled.py for tasks to queue
[2026-06-16T17:02:28.039+0000] {logging_mixin.py:188} INFO - [2026-06-16T17:02:28.038+0000] {dagbag.py:545} INFO - Filling up the DagBag from /opt/airflow/dags/dag_09_gcp_taxi_scheduled.py
[2026-06-16T17:02:28.063+0000] {processor.py:840} INFO - DAG(s) '09_gcp_taxi_scheduled' retrieved from /opt/airflow/dags/dag_09_gcp_taxi_scheduled.py
[2026-06-16T17:02:28.120+0000] {logging_mixin.py:188} INFO - [2026-06-16T17:02:28.120+0000] {dag.py:3089} INFO - Sync 1 DAGs
[2026-06-16T17:02:28.171+0000] {processor.py:183} INFO - Processing /opt/airflow/dags/dag_09_gcp_taxi_scheduled.py took 0.155 seconds
[2026-06-16T17:02:58.656+0000] {processor.py:161} INFO - Started process (PID=22583) to work on /opt/airflow/dags/dag_09_gcp_taxi_scheduled.py
[2026-06-16T17:02:58.657+0000] {processor.py:830} INFO - Processing file /opt/airflow/dags/dag_09_gcp_taxi_scheduled.py for tasks to queue
[2026-06-16T17:02:58.659+0000] {logging_mixin.py:188} INFO - [2026-06-16T17:02:58.659+0000] {dagbag.py:545} INFO - Filling up the DagBag from /opt/airflow/dags/dag_09_gcp_taxi_scheduled.py
[2026-06-16T17:02:58.675+0000] {processor.py:840} INFO - DAG(s) '09_gcp_taxi_scheduled' retrieved from /opt/airflow/dags/dag_09_gcp_taxi_scheduled.py
[2026-06-16T17:02:58.729+0000] {logging_mixin.py:188} INFO - [2026-06-16T17:02:58.729+0000] {dag.py:3089} INFO - Sync 1 DAGs
[2026-06-16T17:02:58.783+0000] {processor.py:183} INFO - Processing /opt/airflow/dags/dag_09_gcp_taxi_scheduled.py took 0.137 seconds
[2026-06-16T17:03:29.725+0000] {processor.py:161} INFO - Started process (PID=22623) to work on /opt/airflow/dags/dag_09_gcp_taxi_scheduled.py
[2026-06-16T17:03:29.727+0000] {processor.py:830} INFO - Processing file /opt/airflow/dags/dag_09_gcp_taxi_scheduled.py for tasks to queue
[2026-06-16T17:03:29.730+0000] {logging_mixin.py:188} INFO - [2026-06-16T17:03:29.729+0000] {dagbag.py:545} INFO - Filling up the DagBag from /opt/airflow/dags/dag_09_gcp_taxi_scheduled.py
[2026-06-16T17:03:29.750+0000] {processor.py:840} INFO - DAG(s) '09_gcp_taxi_scheduled' retrieved from /opt/airflow/dags/dag_09_gcp_taxi_scheduled.py
[2026-06-16T17:03:29.804+0000] {logging_mixin.py:188} INFO - [2026-06-16T17:03:29.804+0000] {dag.py:3089} INFO - Sync 1 DAGs
[2026-06-16T17:03:29.857+0000] {processor.py:183} INFO - Processing /opt/airflow/dags/dag_09_gcp_taxi_scheduled.py took 0.144 seconds
[2026-06-16T17:04:00.816+0000] {processor.py:161} INFO - Started process (PID=22663) to work on /opt/airflow/dags/dag_09_gcp_taxi_scheduled.py
[2026-06-16T17:04:00.818+0000] {processor.py:830} INFO - Processing file /opt/airflow/dags/dag_09_gcp_taxi_scheduled.py for tasks to queue
[2026-06-16T17:04:00.820+0000] {logging_mixin.py:188} INFO - [2026-06-16T17:04:00.819+0000] {dagbag.py:545} INFO - Filling up the DagBag from /opt/airflow/dags/dag_09_gcp_taxi_scheduled.py
[2026-06-16T17:04:00.837+0000] {processor.py:840} INFO - DAG(s) '09_gcp_taxi_scheduled' retrieved from /opt/airflow/dags/dag_09_gcp_taxi_scheduled.py
[2026-06-16T17:04:00.893+0000] {logging_mixin.py:188} INFO - [2026-06-16T17:04:00.893+0000] {dag.py:3089} INFO - Sync 1 DAGs
[2026-06-16T17:04:00.946+0000] {processor.py:183} INFO - Processing /opt/airflow/dags/dag_09_gcp_taxi_scheduled.py took 0.140 seconds
[2026-06-16T17:04:31.104+0000] {processor.py:161} INFO - Started process (PID=22708) to work on /opt/airflow/dags/dag_09_gcp_taxi_scheduled.py
[2026-06-16T17:04:31.105+0000] {processor.py:830} INFO - Processing file /opt/airflow/dags/dag_09_gcp_taxi_scheduled.py for tasks to queue
[2026-06-16T17:04:31.107+0000] {logging_mixin.py:188} INFO - [2026-06-16T17:04:31.107+0000] {dagbag.py:545} INFO - Filling up the DagBag from /opt/airflow/dags/dag_09_gcp_taxi_scheduled.py
[2026-06-16T17:04:31.122+0000] {processor.py:840} INFO - DAG(s) '09_gcp_taxi_scheduled' retrieved from /opt/airflow/dags/dag_09_gcp_taxi_scheduled.py
[2026-06-16T17:04:31.164+0000] {logging_mixin.py:188} INFO - [2026-06-16T17:04:31.164+0000] {dag.py:3089} INFO - Sync 1 DAGs
[2026-06-16T17:04:31.207+0000] {processor.py:183} INFO - Processing /opt/airflow/dags/dag_09_gcp_taxi_scheduled.py took 0.110 seconds
[2026-06-16T17:05:01.324+0000] {processor.py:161} INFO - Started process (PID=22748) to work on /opt/airflow/dags/dag_09_gcp_taxi_scheduled.py
[2026-06-16T17:05:01.325+0000] {processor.py:830} INFO - Processing file /opt/airflow/dags/dag_09_gcp_taxi_scheduled.py for tasks to queue
[2026-06-16T17:05:01.327+0000] {logging_mixin.py:188} INFO - [2026-06-16T17:05:01.327+0000] {dagbag.py:545} INFO - Filling up the DagBag from /opt/airflow/dags/dag_09_gcp_taxi_scheduled.py
[2026-06-16T17:05:01.342+0000] {processor.py:840} INFO - DAG(s) '09_gcp_taxi_scheduled' retrieved from /opt/airflow/dags/dag_09_gcp_taxi_scheduled.py
[2026-06-16T17:05:01.386+0000] {logging_mixin.py:188} INFO - [2026-06-16T17:05:01.385+0000] {dag.py:3089} INFO - Sync 1 DAGs
[2026-06-16T17:05:01.430+0000] {processor.py:183} INFO - Processing /opt/airflow/dags/dag_09_gcp_taxi_scheduled.py took 0.113 seconds
[2026-06-16T17:05:31.547+0000] {processor.py:161} INFO - Started process (PID=22788) to work on /opt/airflow/dags/dag_09_gcp_taxi_scheduled.py
[2026-06-16T17:05:31.549+0000] {processor.py:830} INFO - Processing file /opt/airflow/dags/dag_09_gcp_taxi_scheduled.py for tasks to queue
[2026-06-16T17:05:31.550+0000] {logging_mixin.py:188} INFO - [2026-06-16T17:05:31.550+0000] {dagbag.py:545} INFO - Filling up the DagBag from /opt/airflow/dags/dag_09_gcp_taxi_scheduled.py
[2026-06-16T17:05:31.566+0000] {processor.py:840} INFO - DAG(s) '09_gcp_taxi_scheduled' retrieved from /opt/airflow/dags/dag_09_gcp_taxi_scheduled.py
[2026-06-16T17:05:31.615+0000] {logging_mixin.py:188} INFO - [2026-06-16T17:05:31.615+0000] {dag.py:3089} INFO - Sync 1 DAGs
[2026-06-16T17:05:31.661+0000] {processor.py:183} INFO - Processing /opt/airflow/dags/dag_09_gcp_taxi_scheduled.py took 0.122 seconds
[2026-06-16T17:06:01.768+0000] {processor.py:161} INFO - Started process (PID=22828) to work on /opt/airflow/dags/dag_09_gcp_taxi_scheduled.py
[2026-06-16T17:06:01.769+0000] {processor.py:830} INFO - Processing file /opt/airflow/dags/dag_09_gcp_taxi_scheduled.py for tasks to queue
[2026-06-16T17:06:01.771+0000] {logging_mixin.py:188} INFO - [2026-06-16T17:06:01.771+0000] {dagbag.py:545} INFO - Filling up the DagBag from /opt/airflow/dags/dag_09_gcp_taxi_scheduled.py
[2026-06-16T17:06:01.786+0000] {processor.py:840} INFO - DAG(s) '09_gcp_taxi_scheduled' retrieved from /opt/airflow/dags/dag_09_gcp_taxi_scheduled.py
[2026-06-16T17:06:01.831+0000] {logging_mixin.py:188} INFO - [2026-06-16T17:06:01.831+0000] {dag.py:3089} INFO - Sync 1 DAGs
[2026-06-16T17:06:01.879+0000] {processor.py:183} INFO - Processing /opt/airflow/dags/dag_09_gcp_taxi_scheduled.py took 0.118 seconds
[2026-06-16T17:06:31.968+0000] {processor.py:161} INFO - Started process (PID=22868) to work on /opt/airflow/dags/dag_09_gcp_taxi_scheduled.py
[2026-06-16T17:06:31.969+0000] {processor.py:830} INFO - Processing file /opt/airflow/dags/dag_09_gcp_taxi_scheduled.py for tasks to queue
[2026-06-16T17:06:31.971+0000] {logging_mixin.py:188} INFO - [2026-06-16T17:06:31.970+0000] {dagbag.py:545} INFO - Filling up the DagBag from /opt/airflow/dags/dag_09_gcp_taxi_scheduled.py
[2026-06-16T17:06:31.985+0000] {processor.py:840} INFO - DAG(s) '09_gcp_taxi_scheduled' retrieved from /opt/airflow/dags/dag_09_gcp_taxi_scheduled.py
[2026-06-16T17:06:32.029+0000] {logging_mixin.py:188} INFO - [2026-06-16T17:06:32.029+0000] {dag.py:3089} INFO - Sync 1 DAGs
[2026-06-16T17:06:32.070+0000] {processor.py:183} INFO - Processing /opt/airflow/dags/dag_09_gcp_taxi_scheduled.py took 0.109 seconds
[2026-06-16T17:07:02.922+0000] {processor.py:161} INFO - Started process (PID=22903) to work on /opt/airflow/dags/dag_09_gcp_taxi_scheduled.py
[2026-06-16T17:07:02.923+0000] {processor.py:830} INFO - Processing file /opt/airflow/dags/dag_09_gcp_taxi_scheduled.py for tasks to queue
[2026-06-16T17:07:02.925+0000] {logging_mixin.py:188} INFO - [2026-06-16T17:07:02.925+0000] {dagbag.py:545} INFO - Filling up the DagBag from /opt/airflow/dags/dag_09_gcp_taxi_scheduled.py
[2026-06-16T17:07:02.942+0000] {processor.py:840} INFO - DAG(s) '09_gcp_taxi_scheduled' retrieved from /opt/airflow/dags/dag_09_gcp_taxi_scheduled.py
[2026-06-16T17:07:02.994+0000] {logging_mixin.py:188} INFO - [2026-06-16T17:07:02.994+0000] {dag.py:3089} INFO - Sync 1 DAGs
[2026-06-16T17:07:03.052+0000] {processor.py:183} INFO - Processing /opt/airflow/dags/dag_09_gcp_taxi_scheduled.py took 0.140 seconds
[2026-06-16T17:07:33.909+0000] {processor.py:161} INFO - Started process (PID=22943) to work on /opt/airflow/dags/dag_09_gcp_taxi_scheduled.py
[2026-06-16T17:07:33.920+0000] {processor.py:830} INFO - Processing file /opt/airflow/dags/dag_09_gcp_taxi_scheduled.py for tasks to queue
[2026-06-16T17:07:33.922+0000] {logging_mixin.py:188} INFO - [2026-06-16T17:07:33.921+0000] {dagbag.py:545} INFO - Filling up the DagBag from /opt/airflow/dags/dag_09_gcp_taxi_scheduled.py
[2026-06-16T17:07:33.943+0000] {processor.py:840} INFO - DAG(s) '09_gcp_taxi_scheduled' retrieved from /opt/airflow/dags/dag_09_gcp_taxi_scheduled.py
[2026-06-16T17:07:33.989+0000] {logging_mixin.py:188} INFO - [2026-06-16T17:07:33.989+0000] {dag.py:3089} INFO - Sync 1 DAGs
[2026-06-16T17:07:34.040+0000] {processor.py:183} INFO - Processing /opt/airflow/dags/dag_09_gcp_taxi_scheduled.py took 0.140 seconds
[2026-06-16T17:08:05.046+0000] {processor.py:161} INFO - Started process (PID=22983) to work on /opt/airflow/dags/dag_09_gcp_taxi_scheduled.py
[2026-06-16T17:08:05.047+0000] {processor.py:830} INFO - Processing file /opt/airflow/dags/dag_09_gcp_taxi_scheduled.py for tasks to queue
[2026-06-16T17:08:05.050+0000] {logging_mixin.py:188} INFO - [2026-06-16T17:08:05.049+0000] {dagbag.py:545} INFO - Filling up the DagBag from /opt/airflow/dags/dag_09_gcp_taxi_scheduled.py
[2026-06-16T17:08:05.070+0000] {processor.py:840} INFO - DAG(s) '09_gcp_taxi_scheduled' retrieved from /opt/airflow/dags/dag_09_gcp_taxi_scheduled.py
[2026-06-16T17:08:05.121+0000] {logging_mixin.py:188} INFO - [2026-06-16T17:08:05.121+0000] {dag.py:3089} INFO - Sync 1 DAGs
[2026-06-16T17:08:05.175+0000] {processor.py:183} INFO - Processing /opt/airflow/dags/dag_09_gcp_taxi_scheduled.py took 0.142 seconds
[2026-06-16T17:08:36.158+0000] {processor.py:161} INFO - Started process (PID=23023) to work on /opt/airflow/dags/dag_09_gcp_taxi_scheduled.py
[2026-06-16T17:08:36.169+0000] {processor.py:830} INFO - Processing file /opt/airflow/dags/dag_09_gcp_taxi_scheduled.py for tasks to queue
[2026-06-16T17:08:36.171+0000] {logging_mixin.py:188} INFO - [2026-06-16T17:08:36.170+0000] {dagbag.py:545} INFO - Filling up the DagBag from /opt/airflow/dags/dag_09_gcp_taxi_scheduled.py
[2026-06-16T17:08:36.187+0000] {processor.py:840} INFO - DAG(s) '09_gcp_taxi_scheduled' retrieved from /opt/airflow/dags/dag_09_gcp_taxi_scheduled.py
[2026-06-16T17:08:36.235+0000] {logging_mixin.py:188} INFO - [2026-06-16T17:08:36.235+0000] {dag.py:3089} INFO - Sync 1 DAGs
[2026-06-16T17:08:36.288+0000] {processor.py:183} INFO - Processing /opt/airflow/dags/dag_09_gcp_taxi_scheduled.py took 0.139 seconds
[2026-06-16T17:09:07.103+0000] {processor.py:161} INFO - Started process (PID=23063) to work on /opt/airflow/dags/dag_09_gcp_taxi_scheduled.py
[2026-06-16T17:09:07.113+0000] {processor.py:830} INFO - Processing file /opt/airflow/dags/dag_09_gcp_taxi_scheduled.py for tasks to queue
[2026-06-16T17:09:07.115+0000] {logging_mixin.py:188} INFO - [2026-06-16T17:09:07.115+0000] {dagbag.py:545} INFO - Filling up the DagBag from /opt/airflow/dags/dag_09_gcp_taxi_scheduled.py
[2026-06-16T17:09:07.131+0000] {processor.py:840} INFO - DAG(s) '09_gcp_taxi_scheduled' retrieved from /opt/airflow/dags/dag_09_gcp_taxi_scheduled.py
[2026-06-16T17:09:07.178+0000] {logging_mixin.py:188} INFO - [2026-06-16T17:09:07.178+0000] {dag.py:3089} INFO - Sync 1 DAGs
[2026-06-16T17:09:07.230+0000] {processor.py:183} INFO - Processing /opt/airflow/dags/dag_09_gcp_taxi_scheduled.py took 0.136 seconds
[2026-06-16T17:09:38.213+0000] {processor.py:161} INFO - Started process (PID=23103) to work on /opt/airflow/dags/dag_09_gcp_taxi_scheduled.py
[2026-06-16T17:09:38.215+0000] {processor.py:830} INFO - Processing file /opt/airflow/dags/dag_09_gcp_taxi_scheduled.py for tasks to queue
[2026-06-16T17:09:38.217+0000] {logging_mixin.py:188} INFO - [2026-06-16T17:09:38.217+0000] {dagbag.py:545} INFO - Filling up the DagBag from /opt/airflow/dags/dag_09_gcp_taxi_scheduled.py
[2026-06-16T17:09:38.234+0000] {processor.py:840} INFO - DAG(s) '09_gcp_taxi_scheduled' retrieved from /opt/airflow/dags/dag_09_gcp_taxi_scheduled.py
[2026-06-16T17:09:38.295+0000] {logging_mixin.py:188} INFO - [2026-06-16T17:09:38.294+0000] {dag.py:3089} INFO - Sync 1 DAGs
[2026-06-16T17:09:38.355+0000] {processor.py:183} INFO - Processing /opt/airflow/dags/dag_09_gcp_taxi_scheduled.py took 0.155 seconds
[2026-06-16T17:10:09.352+0000] {processor.py:161} INFO - Started process (PID=23143) to work on /opt/airflow/dags/dag_09_gcp_taxi_scheduled.py
[2026-06-16T17:10:09.354+0000] {processor.py:830} INFO - Processing file /opt/airflow/dags/dag_09_gcp_taxi_scheduled.py for tasks to queue
[2026-06-16T17:10:09.357+0000] {logging_mixin.py:188} INFO - [2026-06-16T17:10:09.357+0000] {dagbag.py:545} INFO - Filling up the DagBag from /opt/airflow/dags/dag_09_gcp_taxi_scheduled.py
[2026-06-16T17:10:09.374+0000] {processor.py:840} INFO - DAG(s) '09_gcp_taxi_scheduled' retrieved from /opt/airflow/dags/dag_09_gcp_taxi_scheduled.py
[2026-06-16T17:10:09.420+0000] {logging_mixin.py:188} INFO - [2026-06-16T17:10:09.420+0000] {dag.py:3089} INFO - Sync 1 DAGs
[2026-06-16T17:10:09.469+0000] {processor.py:183} INFO - Processing /opt/airflow/dags/dag_09_gcp_taxi_scheduled.py took 0.129 seconds
[2026-06-16T17:10:40.461+0000] {processor.py:161} INFO - Started process (PID=23183) to work on /opt/airflow/dags/dag_09_gcp_taxi_scheduled.py
[2026-06-16T17:10:40.472+0000] {processor.py:830} INFO - Processing file /opt/airflow/dags/dag_09_gcp_taxi_scheduled.py for tasks to queue
[2026-06-16T17:10:40.474+0000] {logging_mixin.py:188} INFO - [2026-06-16T17:10:40.474+0000] {dagbag.py:545} INFO - Filling up the DagBag from /opt/airflow/dags/dag_09_gcp_taxi_scheduled.py
[2026-06-16T17:10:40.489+0000] {processor.py:840} INFO - DAG(s) '09_gcp_taxi_scheduled' retrieved from /opt/airflow/dags/dag_09_gcp_taxi_scheduled.py
[2026-06-16T17:10:40.533+0000] {logging_mixin.py:188} INFO - [2026-06-16T17:10:40.533+0000] {dag.py:3089} INFO - Sync 1 DAGs
[2026-06-16T17:10:40.584+0000] {processor.py:183} INFO - Processing /opt/airflow/dags/dag_09_gcp_taxi_scheduled.py took 0.133 seconds
[2026-06-16T17:11:11.573+0000] {processor.py:161} INFO - Started process (PID=23223) to work on /opt/airflow/dags/dag_09_gcp_taxi_scheduled.py
[2026-06-16T17:11:11.575+0000] {processor.py:830} INFO - Processing file /opt/airflow/dags/dag_09_gcp_taxi_scheduled.py for tasks to queue
[2026-06-16T17:11:11.577+0000] {logging_mixin.py:188} INFO - [2026-06-16T17:11:11.577+0000] {dagbag.py:545} INFO - Filling up the DagBag from /opt/airflow/dags/dag_09_gcp_taxi_scheduled.py
[2026-06-16T17:11:11.594+0000] {processor.py:840} INFO - DAG(s) '09_gcp_taxi_scheduled' retrieved from /opt/airflow/dags/dag_09_gcp_taxi_scheduled.py
[2026-06-16T17:11:11.645+0000] {logging_mixin.py:188} INFO - [2026-06-16T17:11:11.645+0000] {dag.py:3089} INFO - Sync 1 DAGs
[2026-06-16T17:11:11.699+0000] {processor.py:183} INFO - Processing /opt/airflow/dags/dag_09_gcp_taxi_scheduled.py took 0.140 seconds
[2026-06-16T17:11:42.668+0000] {processor.py:161} INFO - Started process (PID=23263) to work on /opt/airflow/dags/dag_09_gcp_taxi_scheduled.py
[2026-06-16T17:11:42.678+0000] {processor.py:830} INFO - Processing file /opt/airflow/dags/dag_09_gcp_taxi_scheduled.py for tasks to queue
[2026-06-16T17:11:42.680+0000] {logging_mixin.py:188} INFO - [2026-06-16T17:11:42.680+0000] {dagbag.py:545} INFO - Filling up the DagBag from /opt/airflow/dags/dag_09_gcp_taxi_scheduled.py
[2026-06-16T17:11:42.696+0000] {processor.py:840} INFO - DAG(s) '09_gcp_taxi_scheduled' retrieved from /opt/airflow/dags/dag_09_gcp_taxi_scheduled.py
[2026-06-16T17:11:42.741+0000] {logging_mixin.py:188} INFO - [2026-06-16T17:11:42.740+0000] {dag.py:3089} INFO - Sync 1 DAGs
[2026-06-16T17:11:42.790+0000] {processor.py:183} INFO - Processing /opt/airflow/dags/dag_09_gcp_taxi_scheduled.py took 0.133 seconds
[2026-06-16T17:12:13.752+0000] {processor.py:161} INFO - Started process (PID=23303) to work on /opt/airflow/dags/dag_09_gcp_taxi_scheduled.py
[2026-06-16T17:12:13.753+0000] {processor.py:830} INFO - Processing file /opt/airflow/dags/dag_09_gcp_taxi_scheduled.py for tasks to queue
[2026-06-16T17:12:13.756+0000] {logging_mixin.py:188} INFO - [2026-06-16T17:12:13.755+0000] {dagbag.py:545} INFO - Filling up the DagBag from /opt/airflow/dags/dag_09_gcp_taxi_scheduled.py
[2026-06-16T17:12:13.772+0000] {processor.py:840} INFO - DAG(s) '09_gcp_taxi_scheduled' retrieved from /opt/airflow/dags/dag_09_gcp_taxi_scheduled.py
[2026-06-16T17:12:13.820+0000] {logging_mixin.py:188} INFO - [2026-06-16T17:12:13.820+0000] {dag.py:3089} INFO - Sync 1 DAGs
[2026-06-16T17:12:13.873+0000] {processor.py:183} INFO - Processing /opt/airflow/dags/dag_09_gcp_taxi_scheduled.py took 0.131 seconds
[2026-06-16T17:12:44.856+0000] {processor.py:161} INFO - Started process (PID=23343) to work on /opt/airflow/dags/dag_09_gcp_taxi_scheduled.py
[2026-06-16T17:12:44.866+0000] {processor.py:830} INFO - Processing file /opt/airflow/dags/dag_09_gcp_taxi_scheduled.py for tasks to queue
[2026-06-16T17:12:44.869+0000] {logging_mixin.py:188} INFO - [2026-06-16T17:12:44.868+0000] {dagbag.py:545} INFO - Filling up the DagBag from /opt/airflow/dags/dag_09_gcp_taxi_scheduled.py
[2026-06-16T17:12:44.885+0000] {processor.py:840} INFO - DAG(s) '09_gcp_taxi_scheduled' retrieved from /opt/airflow/dags/dag_09_gcp_taxi_scheduled.py
[2026-06-16T17:12:44.931+0000] {logging_mixin.py:188} INFO - [2026-06-16T17:12:44.931+0000] {dag.py:3089} INFO - Sync 1 DAGs
[2026-06-16T17:12:44.982+0000] {processor.py:183} INFO - Processing /opt/airflow/dags/dag_09_gcp_taxi_scheduled.py took 0.135 seconds
[2026-06-16T17:13:15.103+0000] {processor.py:161} INFO - Started process (PID=23383) to work on /opt/airflow/dags/dag_09_gcp_taxi_scheduled.py
[2026-06-16T17:13:15.104+0000] {processor.py:830} INFO - Processing file /opt/airflow/dags/dag_09_gcp_taxi_scheduled.py for tasks to queue
[2026-06-16T17:13:15.106+0000] {logging_mixin.py:188} INFO - [2026-06-16T17:13:15.106+0000] {dagbag.py:545} INFO - Filling up the DagBag from /opt/airflow/dags/dag_09_gcp_taxi_scheduled.py
[2026-06-16T17:13:15.125+0000] {processor.py:840} INFO - DAG(s) '09_gcp_taxi_scheduled' retrieved from /opt/airflow/dags/dag_09_gcp_taxi_scheduled.py
[2026-06-16T17:13:15.173+0000] {logging_mixin.py:188} INFO - [2026-06-16T17:13:15.173+0000] {dag.py:3089} INFO - Sync 1 DAGs
[2026-06-16T17:13:15.226+0000] {processor.py:183} INFO - Processing /opt/airflow/dags/dag_09_gcp_taxi_scheduled.py took 0.135 seconds
[2026-06-16T17:13:45.337+0000] {processor.py:161} INFO - Started process (PID=23423) to work on /opt/airflow/dags/dag_09_gcp_taxi_scheduled.py
[2026-06-16T17:13:45.349+0000] {processor.py:830} INFO - Processing file /opt/airflow/dags/dag_09_gcp_taxi_scheduled.py for tasks to queue
[2026-06-16T17:13:45.352+0000] {logging_mixin.py:188} INFO - [2026-06-16T17:13:45.351+0000] {dagbag.py:545} INFO - Filling up the DagBag from /opt/airflow/dags/dag_09_gcp_taxi_scheduled.py
[2026-06-16T17:13:45.375+0000] {processor.py:840} INFO - DAG(s) '09_gcp_taxi_scheduled' retrieved from /opt/airflow/dags/dag_09_gcp_taxi_scheduled.py
[2026-06-16T17:13:45.422+0000] {logging_mixin.py:188} INFO - [2026-06-16T17:13:45.422+0000] {dag.py:3089} INFO - Sync 1 DAGs
[2026-06-16T17:13:45.473+0000] {processor.py:183} INFO - Processing /opt/airflow/dags/dag_09_gcp_taxi_scheduled.py took 0.148 seconds
[2026-06-16T17:14:15.525+0000] {processor.py:161} INFO - Started process (PID=23463) to work on /opt/airflow/dags/dag_09_gcp_taxi_scheduled.py
[2026-06-16T17:14:15.526+0000] {processor.py:830} INFO - Processing file /opt/airflow/dags/dag_09_gcp_taxi_scheduled.py for tasks to queue
[2026-06-16T17:14:15.529+0000] {logging_mixin.py:188} INFO - [2026-06-16T17:14:15.528+0000] {dagbag.py:545} INFO - Filling up the DagBag from /opt/airflow/dags/dag_09_gcp_taxi_scheduled.py
[2026-06-16T17:14:15.544+0000] {processor.py:840} INFO - DAG(s) '09_gcp_taxi_scheduled' retrieved from /opt/airflow/dags/dag_09_gcp_taxi_scheduled.py
[2026-06-16T17:14:15.592+0000] {logging_mixin.py:188} INFO - [2026-06-16T17:14:15.591+0000] {dag.py:3089} INFO - Sync 1 DAGs
[2026-06-16T17:14:15.650+0000] {processor.py:183} INFO - Processing /opt/airflow/dags/dag_09_gcp_taxi_scheduled.py took 0.134 seconds
[2026-06-16T17:14:45.859+0000] {processor.py:161} INFO - Started process (PID=23503) to work on /opt/airflow/dags/dag_09_gcp_taxi_scheduled.py
[2026-06-16T17:14:45.861+0000] {processor.py:830} INFO - Processing file /opt/airflow/dags/dag_09_gcp_taxi_scheduled.py for tasks to queue
[2026-06-16T17:14:45.864+0000] {logging_mixin.py:188} INFO - [2026-06-16T17:14:45.863+0000] {dagbag.py:545} INFO - Filling up the DagBag from /opt/airflow/dags/dag_09_gcp_taxi_scheduled.py
[2026-06-16T17:14:45.880+0000] {processor.py:840} INFO - DAG(s) '09_gcp_taxi_scheduled' retrieved from /opt/airflow/dags/dag_09_gcp_taxi_scheduled.py
[2026-06-16T17:14:45.930+0000] {logging_mixin.py:188} INFO - [2026-06-16T17:14:45.930+0000] {dag.py:3089} INFO - Sync 1 DAGs
[2026-06-16T17:14:46.166+0000] {processor.py:183} INFO - Processing /opt/airflow/dags/dag_09_gcp_taxi_scheduled.py took 0.316 seconds
[2026-06-16T17:15:16.441+0000] {processor.py:161} INFO - Started process (PID=23543) to work on /opt/airflow/dags/dag_09_gcp_taxi_scheduled.py
[2026-06-16T17:15:16.443+0000] {processor.py:830} INFO - Processing file /opt/airflow/dags/dag_09_gcp_taxi_scheduled.py for tasks to queue
[2026-06-16T17:15:16.446+0000] {logging_mixin.py:188} INFO - [2026-06-16T17:15:16.445+0000] {dagbag.py:545} INFO - Filling up the DagBag from /opt/airflow/dags/dag_09_gcp_taxi_scheduled.py
[2026-06-16T17:15:16.466+0000] {processor.py:840} INFO - DAG(s) '09_gcp_taxi_scheduled' retrieved from /opt/airflow/dags/dag_09_gcp_taxi_scheduled.py
[2026-06-16T17:15:16.535+0000] {logging_mixin.py:188} INFO - [2026-06-16T17:15:16.535+0000] {dag.py:3089} INFO - Sync 1 DAGs
[2026-06-16T17:15:16.587+0000] {processor.py:183} INFO - Processing /opt/airflow/dags/dag_09_gcp_taxi_scheduled.py took 0.159 seconds
[2026-06-16T17:15:47.536+0000] {processor.py:161} INFO - Started process (PID=23583) to work on /opt/airflow/dags/dag_09_gcp_taxi_scheduled.py
[2026-06-16T17:15:47.547+0000] {processor.py:830} INFO - Processing file /opt/airflow/dags/dag_09_gcp_taxi_scheduled.py for tasks to queue
[2026-06-16T17:15:47.549+0000] {logging_mixin.py:188} INFO - [2026-06-16T17:15:47.549+0000] {dagbag.py:545} INFO - Filling up the DagBag from /opt/airflow/dags/dag_09_gcp_taxi_scheduled.py
[2026-06-16T17:15:47.565+0000] {processor.py:840} INFO - DAG(s) '09_gcp_taxi_scheduled' retrieved from /opt/airflow/dags/dag_09_gcp_taxi_scheduled.py
[2026-06-16T17:15:47.611+0000] {logging_mixin.py:188} INFO - [2026-06-16T17:15:47.611+0000] {dag.py:3089} INFO - Sync 1 DAGs
[2026-06-16T17:15:47.661+0000] {processor.py:183} INFO - Processing /opt/airflow/dags/dag_09_gcp_taxi_scheduled.py took 0.134 seconds
[2026-06-16T17:16:17.739+0000] {processor.py:161} INFO - Started process (PID=23623) to work on /opt/airflow/dags/dag_09_gcp_taxi_scheduled.py
[2026-06-16T17:16:17.740+0000] {processor.py:830} INFO - Processing file /opt/airflow/dags/dag_09_gcp_taxi_scheduled.py for tasks to queue
[2026-06-16T17:16:17.742+0000] {logging_mixin.py:188} INFO - [2026-06-16T17:16:17.742+0000] {dagbag.py:545} INFO - Filling up the DagBag from /opt/airflow/dags/dag_09_gcp_taxi_scheduled.py
[2026-06-16T17:16:17.759+0000] {processor.py:840} INFO - DAG(s) '09_gcp_taxi_scheduled' retrieved from /opt/airflow/dags/dag_09_gcp_taxi_scheduled.py
[2026-06-16T17:16:17.811+0000] {logging_mixin.py:188} INFO - [2026-06-16T17:16:17.811+0000] {dag.py:3089} INFO - Sync 1 DAGs
[2026-06-16T17:16:18.003+0000] {processor.py:183} INFO - Processing /opt/airflow/dags/dag_09_gcp_taxi_scheduled.py took 0.273 seconds
[2026-06-16T17:16:48.420+0000] {processor.py:161} INFO - Started process (PID=23663) to work on /opt/airflow/dags/dag_09_gcp_taxi_scheduled.py
[2026-06-16T17:16:48.422+0000] {processor.py:830} INFO - Processing file /opt/airflow/dags/dag_09_gcp_taxi_scheduled.py for tasks to queue
[2026-06-16T17:16:48.424+0000] {logging_mixin.py:188} INFO - [2026-06-16T17:16:48.424+0000] {dagbag.py:545} INFO - Filling up the DagBag from /opt/airflow/dags/dag_09_gcp_taxi_scheduled.py
[2026-06-16T17:16:48.440+0000] {processor.py:840} INFO - DAG(s) '09_gcp_taxi_scheduled' retrieved from /opt/airflow/dags/dag_09_gcp_taxi_scheduled.py
[2026-06-16T17:16:48.489+0000] {logging_mixin.py:188} INFO - [2026-06-16T17:16:48.489+0000] {dag.py:3089} INFO - Sync 1 DAGs
[2026-06-16T17:16:48.540+0000] {processor.py:183} INFO - Processing /opt/airflow/dags/dag_09_gcp_taxi_scheduled.py took 0.129 seconds
[2026-06-16T17:17:19.420+0000] {processor.py:161} INFO - Started process (PID=23703) to work on /opt/airflow/dags/dag_09_gcp_taxi_scheduled.py
[2026-06-16T17:17:19.422+0000] {processor.py:830} INFO - Processing file /opt/airflow/dags/dag_09_gcp_taxi_scheduled.py for tasks to queue
[2026-06-16T17:17:19.426+0000] {logging_mixin.py:188} INFO - [2026-06-16T17:17:19.426+0000] {dagbag.py:545} INFO - Filling up the DagBag from /opt/airflow/dags/dag_09_gcp_taxi_scheduled.py
[2026-06-16T17:17:19.449+0000] {processor.py:840} INFO - DAG(s) '09_gcp_taxi_scheduled' retrieved from /opt/airflow/dags/dag_09_gcp_taxi_scheduled.py
[2026-06-16T17:17:19.514+0000] {logging_mixin.py:188} INFO - [2026-06-16T17:17:19.514+0000] {dag.py:3089} INFO - Sync 1 DAGs
[2026-06-16T17:17:19.567+0000] {processor.py:183} INFO - Processing /opt/airflow/dags/dag_09_gcp_taxi_scheduled.py took 0.161 seconds
[2026-06-16T17:17:49.675+0000] {processor.py:161} INFO - Started process (PID=23743) to work on /opt/airflow/dags/dag_09_gcp_taxi_scheduled.py
[2026-06-16T17:17:49.686+0000] {processor.py:830} INFO - Processing file /opt/airflow/dags/dag_09_gcp_taxi_scheduled.py for tasks to queue
[2026-06-16T17:17:49.689+0000] {logging_mixin.py:188} INFO - [2026-06-16T17:17:49.688+0000] {dagbag.py:545} INFO - Filling up the DagBag from /opt/airflow/dags/dag_09_gcp_taxi_scheduled.py
[2026-06-16T17:17:49.706+0000] {processor.py:840} INFO - DAG(s) '09_gcp_taxi_scheduled' retrieved from /opt/airflow/dags/dag_09_gcp_taxi_scheduled.py
[2026-06-16T17:17:49.758+0000] {logging_mixin.py:188} INFO - [2026-06-16T17:17:49.758+0000] {dag.py:3089} INFO - Sync 1 DAGs
[2026-06-16T17:17:49.971+0000] {processor.py:183} INFO - Processing /opt/airflow/dags/dag_09_gcp_taxi_scheduled.py took 0.307 seconds
[2026-06-16T17:18:20.281+0000] {processor.py:161} INFO - Started process (PID=23783) to work on /opt/airflow/dags/dag_09_gcp_taxi_scheduled.py
[2026-06-16T17:18:20.282+0000] {processor.py:830} INFO - Processing file /opt/airflow/dags/dag_09_gcp_taxi_scheduled.py for tasks to queue
[2026-06-16T17:18:20.285+0000] {logging_mixin.py:188} INFO - [2026-06-16T17:18:20.285+0000] {dagbag.py:545} INFO - Filling up the DagBag from /opt/airflow/dags/dag_09_gcp_taxi_scheduled.py
[2026-06-16T17:18:20.307+0000] {processor.py:840} INFO - DAG(s) '09_gcp_taxi_scheduled' retrieved from /opt/airflow/dags/dag_09_gcp_taxi_scheduled.py
[2026-06-16T17:18:20.556+0000] {logging_mixin.py:188} INFO - [2026-06-16T17:18:20.555+0000] {dag.py:3089} INFO - Sync 1 DAGs
[2026-06-16T17:18:20.608+0000] {processor.py:183} INFO - Processing /opt/airflow/dags/dag_09_gcp_taxi_scheduled.py took 0.338 seconds
[2026-06-16T17:18:51.517+0000] {processor.py:161} INFO - Started process (PID=23823) to work on /opt/airflow/dags/dag_09_gcp_taxi_scheduled.py
[2026-06-16T17:18:51.519+0000] {processor.py:830} INFO - Processing file /opt/airflow/dags/dag_09_gcp_taxi_scheduled.py for tasks to queue
[2026-06-16T17:18:51.521+0000] {logging_mixin.py:188} INFO - [2026-06-16T17:18:51.521+0000] {dagbag.py:545} INFO - Filling up the DagBag from /opt/airflow/dags/dag_09_gcp_taxi_scheduled.py
[2026-06-16T17:18:51.537+0000] {processor.py:840} INFO - DAG(s) '09_gcp_taxi_scheduled' retrieved from /opt/airflow/dags/dag_09_gcp_taxi_scheduled.py
[2026-06-16T17:18:51.586+0000] {logging_mixin.py:188} INFO - [2026-06-16T17:18:51.586+0000] {dag.py:3089} INFO - Sync 1 DAGs
[2026-06-16T17:18:51.636+0000] {processor.py:183} INFO - Processing /opt/airflow/dags/dag_09_gcp_taxi_scheduled.py took 0.128 seconds
[2026-06-16T17:19:22.491+0000] {processor.py:161} INFO - Started process (PID=23863) to work on /opt/airflow/dags/dag_09_gcp_taxi_scheduled.py
[2026-06-16T17:19:22.493+0000] {processor.py:830} INFO - Processing file /opt/airflow/dags/dag_09_gcp_taxi_scheduled.py for tasks to queue
[2026-06-16T17:19:22.495+0000] {logging_mixin.py:188} INFO - [2026-06-16T17:19:22.494+0000] {dagbag.py:545} INFO - Filling up the DagBag from /opt/airflow/dags/dag_09_gcp_taxi_scheduled.py
[2026-06-16T17:19:22.511+0000] {processor.py:840} INFO - DAG(s) '09_gcp_taxi_scheduled' retrieved from /opt/airflow/dags/dag_09_gcp_taxi_scheduled.py
[2026-06-16T17:19:22.556+0000] {logging_mixin.py:188} INFO - [2026-06-16T17:19:22.556+0000] {dag.py:3089} INFO - Sync 1 DAGs
[2026-06-16T17:19:22.611+0000] {processor.py:183} INFO - Processing /opt/airflow/dags/dag_09_gcp_taxi_scheduled.py took 0.128 seconds
[2026-06-16T17:19:53.571+0000] {processor.py:161} INFO - Started process (PID=23903) to work on /opt/airflow/dags/dag_09_gcp_taxi_scheduled.py
[2026-06-16T17:19:53.581+0000] {processor.py:830} INFO - Processing file /opt/airflow/dags/dag_09_gcp_taxi_scheduled.py for tasks to queue
[2026-06-16T17:19:53.585+0000] {logging_mixin.py:188} INFO - [2026-06-16T17:19:53.585+0000] {dagbag.py:545} INFO - Filling up the DagBag from /opt/airflow/dags/dag_09_gcp_taxi_scheduled.py
[2026-06-16T17:19:53.608+0000] {processor.py:840} INFO - DAG(s) '09_gcp_taxi_scheduled' retrieved from /opt/airflow/dags/dag_09_gcp_taxi_scheduled.py
[2026-06-16T17:19:53.657+0000] {logging_mixin.py:188} INFO - [2026-06-16T17:19:53.657+0000] {dag.py:3089} INFO - Sync 1 DAGs
[2026-06-16T17:19:53.717+0000] {processor.py:183} INFO - Processing /opt/airflow/dags/dag_09_gcp_taxi_scheduled.py took 0.159 seconds
[2026-06-16T17:20:24.545+0000] {processor.py:161} INFO - Started process (PID=23943) to work on /opt/airflow/dags/dag_09_gcp_taxi_scheduled.py
[2026-06-16T17:20:24.546+0000] {processor.py:830} INFO - Processing file /opt/airflow/dags/dag_09_gcp_taxi_scheduled.py for tasks to queue
[2026-06-16T17:20:24.549+0000] {logging_mixin.py:188} INFO - [2026-06-16T17:20:24.548+0000] {dagbag.py:545} INFO - Filling up the DagBag from /opt/airflow/dags/dag_09_gcp_taxi_scheduled.py
[2026-06-16T17:20:24.572+0000] {processor.py:840} INFO - DAG(s) '09_gcp_taxi_scheduled' retrieved from /opt/airflow/dags/dag_09_gcp_taxi_scheduled.py
[2026-06-16T17:20:24.641+0000] {logging_mixin.py:188} INFO - [2026-06-16T17:20:24.641+0000] {dag.py:3089} INFO - Sync 1 DAGs
[2026-06-16T17:20:24.698+0000] {processor.py:183} INFO - Processing /opt/airflow/dags/dag_09_gcp_taxi_scheduled.py took 0.163 seconds
[2026-06-16T17:20:55.663+0000] {processor.py:161} INFO - Started process (PID=23983) to work on /opt/airflow/dags/dag_09_gcp_taxi_scheduled.py
[2026-06-16T17:20:55.665+0000] {processor.py:830} INFO - Processing file /opt/airflow/dags/dag_09_gcp_taxi_scheduled.py for tasks to queue
[2026-06-16T17:20:55.667+0000] {logging_mixin.py:188} INFO - [2026-06-16T17:20:55.667+0000] {dagbag.py:545} INFO - Filling up the DagBag from /opt/airflow/dags/dag_09_gcp_taxi_scheduled.py
[2026-06-16T17:20:55.683+0000] {processor.py:840} INFO - DAG(s) '09_gcp_taxi_scheduled' retrieved from /opt/airflow/dags/dag_09_gcp_taxi_scheduled.py
[2026-06-16T17:20:55.735+0000] {logging_mixin.py:188} INFO - [2026-06-16T17:20:55.734+0000] {dag.py:3089} INFO - Sync 1 DAGs
[2026-06-16T17:20:55.786+0000] {processor.py:183} INFO - Processing /opt/airflow/dags/dag_09_gcp_taxi_scheduled.py took 0.133 seconds
[2026-06-16T17:21:26.733+0000] {processor.py:161} INFO - Started process (PID=24023) to work on /opt/airflow/dags/dag_09_gcp_taxi_scheduled.py
[2026-06-16T17:21:26.736+0000] {processor.py:830} INFO - Processing file /opt/airflow/dags/dag_09_gcp_taxi_scheduled.py for tasks to queue
[2026-06-16T17:21:26.740+0000] {logging_mixin.py:188} INFO - [2026-06-16T17:21:26.740+0000] {dagbag.py:545} INFO - Filling up the DagBag from /opt/airflow/dags/dag_09_gcp_taxi_scheduled.py
[2026-06-16T17:21:26.765+0000] {processor.py:840} INFO - DAG(s) '09_gcp_taxi_scheduled' retrieved from /opt/airflow/dags/dag_09_gcp_taxi_scheduled.py
[2026-06-16T17:21:26.825+0000] {logging_mixin.py:188} INFO - [2026-06-16T17:21:26.825+0000] {dag.py:3089} INFO - Sync 1 DAGs
[2026-06-16T17:21:26.878+0000] {processor.py:183} INFO - Processing /opt/airflow/dags/dag_09_gcp_taxi_scheduled.py took 0.158 seconds
[2026-06-16T17:21:57.681+0000] {processor.py:161} INFO - Started process (PID=24063) to work on /opt/airflow/dags/dag_09_gcp_taxi_scheduled.py
[2026-06-16T17:21:57.683+0000] {processor.py:830} INFO - Processing file /opt/airflow/dags/dag_09_gcp_taxi_scheduled.py for tasks to queue
[2026-06-16T17:21:57.685+0000] {logging_mixin.py:188} INFO - [2026-06-16T17:21:57.685+0000] {dagbag.py:545} INFO - Filling up the DagBag from /opt/airflow/dags/dag_09_gcp_taxi_scheduled.py
[2026-06-16T17:21:57.701+0000] {processor.py:840} INFO - DAG(s) '09_gcp_taxi_scheduled' retrieved from /opt/airflow/dags/dag_09_gcp_taxi_scheduled.py
[2026-06-16T17:21:57.750+0000] {logging_mixin.py:188} INFO - [2026-06-16T17:21:57.749+0000] {dag.py:3089} INFO - Sync 1 DAGs
[2026-06-16T17:21:57.811+0000] {processor.py:183} INFO - Processing /opt/airflow/dags/dag_09_gcp_taxi_scheduled.py took 0.139 seconds
[2026-06-16T17:22:28.757+0000] {processor.py:161} INFO - Started process (PID=24103) to work on /opt/airflow/dags/dag_09_gcp_taxi_scheduled.py
[2026-06-16T17:22:28.758+0000] {processor.py:830} INFO - Processing file /opt/airflow/dags/dag_09_gcp_taxi_scheduled.py for tasks to queue
[2026-06-16T17:22:28.761+0000] {logging_mixin.py:188} INFO - [2026-06-16T17:22:28.760+0000] {dagbag.py:545} INFO - Filling up the DagBag from /opt/airflow/dags/dag_09_gcp_taxi_scheduled.py
[2026-06-16T17:22:28.777+0000] {processor.py:840} INFO - DAG(s) '09_gcp_taxi_scheduled' retrieved from /opt/airflow/dags/dag_09_gcp_taxi_scheduled.py
[2026-06-16T17:22:28.827+0000] {logging_mixin.py:188} INFO - [2026-06-16T17:22:28.827+0000] {dag.py:3089} INFO - Sync 1 DAGs
[2026-06-16T17:22:28.880+0000] {processor.py:183} INFO - Processing /opt/airflow/dags/dag_09_gcp_taxi_scheduled.py took 0.133 seconds
[2026-06-16T17:22:59.803+0000] {processor.py:161} INFO - Started process (PID=24143) to work on /opt/airflow/dags/dag_09_gcp_taxi_scheduled.py
[2026-06-16T17:22:59.804+0000] {processor.py:830} INFO - Processing file /opt/airflow/dags/dag_09_gcp_taxi_scheduled.py for tasks to queue
[2026-06-16T17:22:59.809+0000] {logging_mixin.py:188} INFO - [2026-06-16T17:22:59.808+0000] {dagbag.py:545} INFO - Filling up the DagBag from /opt/airflow/dags/dag_09_gcp_taxi_scheduled.py
[2026-06-16T17:22:59.838+0000] {processor.py:840} INFO - DAG(s) '09_gcp_taxi_scheduled' retrieved from /opt/airflow/dags/dag_09_gcp_taxi_scheduled.py
[2026-06-16T17:22:59.892+0000] {logging_mixin.py:188} INFO - [2026-06-16T17:22:59.892+0000] {dag.py:3089} INFO - Sync 1 DAGs
[2026-06-16T17:22:59.945+0000] {processor.py:183} INFO - Processing /opt/airflow/dags/dag_09_gcp_taxi_scheduled.py took 0.152 seconds
[2026-06-16T17:23:30.924+0000] {processor.py:161} INFO - Started process (PID=24183) to work on /opt/airflow/dags/dag_09_gcp_taxi_scheduled.py
[2026-06-16T17:23:30.926+0000] {processor.py:830} INFO - Processing file /opt/airflow/dags/dag_09_gcp_taxi_scheduled.py for tasks to queue
[2026-06-16T17:23:30.928+0000] {logging_mixin.py:188} INFO - [2026-06-16T17:23:30.928+0000] {dagbag.py:545} INFO - Filling up the DagBag from /opt/airflow/dags/dag_09_gcp_taxi_scheduled.py
[2026-06-16T17:23:30.944+0000] {processor.py:840} INFO - DAG(s) '09_gcp_taxi_scheduled' retrieved from /opt/airflow/dags/dag_09_gcp_taxi_scheduled.py
[2026-06-16T17:23:31.002+0000] {logging_mixin.py:188} INFO - [2026-06-16T17:23:31.002+0000] {dag.py:3089} INFO - Sync 1 DAGs
[2026-06-16T17:23:31.056+0000] {processor.py:183} INFO - Processing /opt/airflow/dags/dag_09_gcp_taxi_scheduled.py took 0.141 seconds
[2026-06-16T17:24:01.699+0000] {processor.py:161} INFO - Started process (PID=24223) to work on /opt/airflow/dags/dag_09_gcp_taxi_scheduled.py
[2026-06-16T17:24:01.700+0000] {processor.py:830} INFO - Processing file /opt/airflow/dags/dag_09_gcp_taxi_scheduled.py for tasks to queue
[2026-06-16T17:24:01.703+0000] {logging_mixin.py:188} INFO - [2026-06-16T17:24:01.702+0000] {dagbag.py:545} INFO - Filling up the DagBag from /opt/airflow/dags/dag_09_gcp_taxi_scheduled.py
[2026-06-16T17:24:01.052+0000] {processor.py:840} INFO - DAG(s) '09_gcp_taxi_scheduled' retrieved from /opt/airflow/dags/dag_09_gcp_taxi_scheduled.py
[2026-06-16T17:24:01.098+0000] {logging_mixin.py:188} INFO - [2026-06-16T17:24:01.098+0000] {dag.py:3089} INFO - Sync 1 DAGs
[2026-06-16T17:24:01.149+0000] {processor.py:183} INFO - Processing /opt/airflow/dags/dag_09_gcp_taxi_scheduled.py took 0.128 seconds
[2026-06-16T17:24:31.796+0000] {processor.py:161} INFO - Started process (PID=24263) to work on /opt/airflow/dags/dag_09_gcp_taxi_scheduled.py
[2026-06-16T17:24:31.797+0000] {processor.py:830} INFO - Processing file /opt/airflow/dags/dag_09_gcp_taxi_scheduled.py for tasks to queue
[2026-06-16T17:24:31.800+0000] {logging_mixin.py:188} INFO - [2026-06-16T17:24:31.799+0000] {dagbag.py:545} INFO - Filling up the DagBag from /opt/airflow/dags/dag_09_gcp_taxi_scheduled.py
[2026-06-16T17:24:31.818+0000] {processor.py:840} INFO - DAG(s) '09_gcp_taxi_scheduled' retrieved from /opt/airflow/dags/dag_09_gcp_taxi_scheduled.py
[2026-06-16T17:24:31.869+0000] {logging_mixin.py:188} INFO - [2026-06-16T17:24:31.868+0000] {dag.py:3089} INFO - Sync 1 DAGs
[2026-06-16T17:24:31.923+0000] {processor.py:183} INFO - Processing /opt/airflow/dags/dag_09_gcp_taxi_scheduled.py took 0.136 seconds
[2026-06-16T17:25:01.969+0000] {processor.py:161} INFO - Started process (PID=24306) to work on /opt/airflow/dags/dag_09_gcp_taxi_scheduled.py
[2026-06-16T17:25:01.970+0000] {processor.py:830} INFO - Processing file /opt/airflow/dags/dag_09_gcp_taxi_scheduled.py for tasks to queue
[2026-06-16T17:25:01.972+0000] {logging_mixin.py:188} INFO - [2026-06-16T17:25:01.972+0000] {dagbag.py:545} INFO - Filling up the DagBag from /opt/airflow/dags/dag_09_gcp_taxi_scheduled.py
[2026-06-16T17:25:01.989+0000] {processor.py:840} INFO - DAG(s) '09_gcp_taxi_scheduled' retrieved from /opt/airflow/dags/dag_09_gcp_taxi_scheduled.py
[2026-06-16T17:25:02.041+0000] {logging_mixin.py:188} INFO - [2026-06-16T17:25:02.041+0000] {dag.py:3089} INFO - Sync 1 DAGs
[2026-06-16T17:25:02.091+0000] {processor.py:183} INFO - Processing /opt/airflow/dags/dag_09_gcp_taxi_scheduled.py took 0.129 seconds
[2026-06-16T17:25:33.054+0000] {processor.py:161} INFO - Started process (PID=24343) to work on /opt/airflow/dags/dag_09_gcp_taxi_scheduled.py
[2026-06-16T17:25:33.056+0000] {processor.py:830} INFO - Processing file /opt/airflow/dags/dag_09_gcp_taxi_scheduled.py for tasks to queue
[2026-06-16T17:25:33.058+0000] {logging_mixin.py:188} INFO - [2026-06-16T17:25:33.058+0000] {dagbag.py:545} INFO - Filling up the DagBag from /opt/airflow/dags/dag_09_gcp_taxi_scheduled.py
[2026-06-16T17:25:33.075+0000] {processor.py:840} INFO - DAG(s) '09_gcp_taxi_scheduled' retrieved from /opt/airflow/dags/dag_09_gcp_taxi_scheduled.py
[2026-06-16T17:25:33.123+0000] {logging_mixin.py:188} INFO - [2026-06-16T17:25:33.123+0000] {dag.py:3089} INFO - Sync 1 DAGs
[2026-06-16T17:25:33.176+0000] {processor.py:183} INFO - Processing /opt/airflow/dags/dag_09_gcp_taxi_scheduled.py took 0.132 seconds
[2026-06-16T17:26:03.909+0000] {processor.py:161} INFO - Started process (PID=24383) to work on /opt/airflow/dags/dag_09_gcp_taxi_scheduled.py
[2026-06-16T17:26:03.910+0000] {processor.py:830} INFO - Processing file /opt/airflow/dags/dag_09_gcp_taxi_scheduled.py for tasks to queue
[2026-06-16T17:26:03.912+0000] {logging_mixin.py:188} INFO - [2026-06-16T17:26:03.912+0000] {dagbag.py:545} INFO - Filling up the DagBag from /opt/airflow/dags/dag_09_gcp_taxi_scheduled.py
[2026-06-16T17:26:03.929+0000] {processor.py:840} INFO - DAG(s) '09_gcp_taxi_scheduled' retrieved from /opt/airflow/dags/dag_09_gcp_taxi_scheduled.py
[2026-06-16T17:26:03.975+0000] {logging_mixin.py:188} INFO - [2026-06-16T17:26:03.974+0000] {dag.py:3089} INFO - Sync 1 DAGs
[2026-06-16T17:26:04.023+0000] {processor.py:183} INFO - Processing /opt/airflow/dags/dag_09_gcp_taxi_scheduled.py took 0.123 seconds
[2026-06-16T17:26:34.947+0000] {processor.py:161} INFO - Started process (PID=24423) to work on /opt/airflow/dags/dag_09_gcp_taxi_scheduled.py
[2026-06-16T17:26:34.949+0000] {processor.py:830} INFO - Processing file /opt/airflow/dags/dag_09_gcp_taxi_scheduled.py for tasks to queue
[2026-06-16T17:26:34.951+0000] {logging_mixin.py:188} INFO - [2026-06-16T17:26:34.951+0000] {dagbag.py:545} INFO - Filling up the DagBag from /opt/airflow/dags/dag_09_gcp_taxi_scheduled.py
[2026-06-16T17:26:34.968+0000] {processor.py:840} INFO - DAG(s) '09_gcp_taxi_scheduled' retrieved from /opt/airflow/dags/dag_09_gcp_taxi_scheduled.py
[2026-06-16T17:26:35.015+0000] {logging_mixin.py:188} INFO - [2026-06-16T17:26:35.015+0000] {dag.py:3089} INFO - Sync 1 DAGs
[2026-06-16T17:26:35.067+0000] {processor.py:183} INFO - Processing /opt/airflow/dags/dag_09_gcp_taxi_scheduled.py took 0.132 seconds
[2026-06-16T17:27:06.004+0000] {processor.py:161} INFO - Started process (PID=24463) to work on /opt/airflow/dags/dag_09_gcp_taxi_scheduled.py
[2026-06-16T17:27:06.005+0000] {processor.py:830} INFO - Processing file /opt/airflow/dags/dag_09_gcp_taxi_scheduled.py for tasks to queue
[2026-06-16T17:27:06.007+0000] {logging_mixin.py:188} INFO - [2026-06-16T17:27:06.007+0000] {dagbag.py:545} INFO - Filling up the DagBag from /opt/airflow/dags/dag_09_gcp_taxi_scheduled.py
[2026-06-16T17:27:06.026+0000] {processor.py:840} INFO - DAG(s) '09_gcp_taxi_scheduled' retrieved from /opt/airflow/dags/dag_09_gcp_taxi_scheduled.py
[2026-06-16T17:27:06.073+0000] {logging_mixin.py:188} INFO - [2026-06-16T17:27:06.073+0000] {dag.py:3089} INFO - Sync 1 DAGs
[2026-06-16T17:27:06.126+0000] {processor.py:183} INFO - Processing /opt/airflow/dags/dag_09_gcp_taxi_scheduled.py took 0.132 seconds
[2026-06-16T17:27:37.096+0000] {processor.py:161} INFO - Started process (PID=24503) to work on /opt/airflow/dags/dag_09_gcp_taxi_scheduled.py
[2026-06-16T17:27:37.098+0000] {processor.py:830} INFO - Processing file /opt/airflow/dags/dag_09_gcp_taxi_scheduled.py for tasks to queue
[2026-06-16T17:27:37.100+0000] {logging_mixin.py:188} INFO - [2026-06-16T17:27:37.100+0000] {dagbag.py:545} INFO - Filling up the DagBag from /opt/airflow/dags/dag_09_gcp_taxi_scheduled.py
[2026-06-16T17:27:37.119+0000] {processor.py:840} INFO - DAG(s) '09_gcp_taxi_scheduled' retrieved from /opt/airflow/dags/dag_09_gcp_taxi_scheduled.py
[2026-06-16T17:27:37.170+0000] {logging_mixin.py:188} INFO - [2026-06-16T17:27:37.169+0000] {dag.py:3089} INFO - Sync 1 DAGs
[2026-06-16T17:27:37.226+0000] {processor.py:183} INFO - Processing /opt/airflow/dags/dag_09_gcp_taxi_scheduled.py took 0.141 seconds
[2026-06-16T17:28:08.115+0000] {processor.py:161} INFO - Started process (PID=24543) to work on /opt/airflow/dags/dag_09_gcp_taxi_scheduled.py
[2026-06-16T17:28:08.117+0000] {processor.py:830} INFO - Processing file /opt/airflow/dags/dag_09_gcp_taxi_scheduled.py for tasks to queue
[2026-06-16T17:28:08.119+0000] {logging_mixin.py:188} INFO - [2026-06-16T17:28:08.119+0000] {dagbag.py:545} INFO - Filling up the DagBag from /opt/airflow/dags/dag_09_gcp_taxi_scheduled.py
[2026-06-16T17:28:08.135+0000] {processor.py:840} INFO - DAG(s) '09_gcp_taxi_scheduled' retrieved from /opt/airflow/dags/dag_09_gcp_taxi_scheduled.py
[2026-06-16T17:28:08.181+0000] {logging_mixin.py:188} INFO - [2026-06-16T17:28:08.181+0000] {dag.py:3089} INFO - Sync 1 DAGs
[2026-06-16T17:28:08.231+0000] {processor.py:183} INFO - Processing /opt/airflow/dags/dag_09_gcp_taxi_scheduled.py took 0.125 seconds
[2026-06-16T17:28:39.175+0000] {processor.py:161} INFO - Started process (PID=24583) to work on /opt/airflow/dags/dag_09_gcp_taxi_scheduled.py
[2026-06-16T17:28:39.185+0000] {processor.py:830} INFO - Processing file /opt/airflow/dags/dag_09_gcp_taxi_scheduled.py for tasks to queue
[2026-06-16T17:28:39.187+0000] {logging_mixin.py:188} INFO - [2026-06-16T17:28:39.187+0000] {dagbag.py:545} INFO - Filling up the DagBag from /opt/airflow/dags/dag_09_gcp_taxi_scheduled.py
[2026-06-16T17:28:39.204+0000] {processor.py:840} INFO - DAG(s) '09_gcp_taxi_scheduled' retrieved from /opt/airflow/dags/dag_09_gcp_taxi_scheduled.py
[2026-06-16T17:28:39.251+0000] {logging_mixin.py:188} INFO - [2026-06-16T17:28:39.250+0000] {dag.py:3089} INFO - Sync 1 DAGs
[2026-06-16T17:28:39.302+0000] {processor.py:183} INFO - Processing /opt/airflow/dags/dag_09_gcp_taxi_scheduled.py took 0.137 seconds
[2026-06-16T17:29:10.245+0000] {processor.py:161} INFO - Started process (PID=24623) to work on /opt/airflow/dags/dag_09_gcp_taxi_scheduled.py
[2026-06-16T17:29:10.248+0000] {processor.py:830} INFO - Processing file /opt/airflow/dags/dag_09_gcp_taxi_scheduled.py for tasks to queue
[2026-06-16T17:29:10.251+0000] {logging_mixin.py:188} INFO - [2026-06-16T17:29:10.250+0000] {dagbag.py:545} INFO - Filling up the DagBag from /opt/airflow/dags/dag_09_gcp_taxi_scheduled.py
[2026-06-16T17:29:10.271+0000] {processor.py:840} INFO - DAG(s) '09_gcp_taxi_scheduled' retrieved from /opt/airflow/dags/dag_09_gcp_taxi_scheduled.py
[2026-06-16T17:29:10.339+0000] {logging_mixin.py:188} INFO - [2026-06-16T17:29:10.339+0000] {dag.py:3089} INFO - Sync 1 DAGs
[2026-06-16T17:29:10.390+0000] {processor.py:183} INFO - Processing /opt/airflow/dags/dag_09_gcp_taxi_scheduled.py took 0.157 seconds
[2026-06-16T17:29:41.380+0000] {processor.py:161} INFO - Started process (PID=24663) to work on /opt/airflow/dags/dag_09_gcp_taxi_scheduled.py
[2026-06-16T17:29:41.381+0000] {processor.py:830} INFO - Processing file /opt/airflow/dags/dag_09_gcp_taxi_scheduled.py for tasks to queue
[2026-06-16T17:29:41.384+0000] {logging_mixin.py:188} INFO - [2026-06-16T17:29:41.384+0000] {dagbag.py:545} INFO - Filling up the DagBag from /opt/airflow/dags/dag_09_gcp_taxi_scheduled.py
[2026-06-16T17:29:41.404+0000] {processor.py:840} INFO - DAG(s) '09_gcp_taxi_scheduled' retrieved from /opt/airflow/dags/dag_09_gcp_taxi_scheduled.py
[2026-06-16T17:29:41.452+0000] {logging_mixin.py:188} INFO - [2026-06-16T17:29:41.452+0000] {dag.py:3089} INFO - Sync 1 DAGs
[2026-06-16T17:29:41.505+0000] {processor.py:183} INFO - Processing /opt/airflow/dags/dag_09_gcp_taxi_scheduled.py took 0.138 seconds
[2026-06-16T17:30:12.461+0000] {processor.py:161} INFO - Started process (PID=24703) to work on /opt/airflow/dags/dag_09_gcp_taxi_scheduled.py
[2026-06-16T17:30:12.463+0000] {processor.py:830} INFO - Processing file /opt/airflow/dags/dag_09_gcp_taxi_scheduled.py for tasks to queue
[2026-06-16T17:30:12.465+0000] {logging_mixin.py:188} INFO - [2026-06-16T17:30:12.465+0000] {dagbag.py:545} INFO - Filling up the DagBag from /opt/airflow/dags/dag_09_gcp_taxi_scheduled.py
[2026-06-16T17:30:12.484+0000] {processor.py:840} INFO - DAG(s) '09_gcp_taxi_scheduled' retrieved from /opt/airflow/dags/dag_09_gcp_taxi_scheduled.py
[2026-06-16T17:30:12.540+0000] {logging_mixin.py:188} INFO - [2026-06-16T17:30:12.539+0000] {dag.py:3089} INFO - Sync 1 DAGs
[2026-06-16T17:30:12.589+0000] {processor.py:183} INFO - Processing /opt/airflow/dags/dag_09_gcp_taxi_scheduled.py took 0.139 seconds
[2026-06-16T17:30:43.437+0000] {processor.py:161} INFO - Started process (PID=24743) to work on /opt/airflow/dags/dag_09_gcp_taxi_scheduled.py
[2026-06-16T17:30:43.438+0000] {processor.py:830} INFO - Processing file /opt/airflow/dags/dag_09_gcp_taxi_scheduled.py for tasks to queue
[2026-06-16T17:30:43.441+0000] {logging_mixin.py:188} INFO - [2026-06-16T17:30:43.440+0000] {dagbag.py:545} INFO - Filling up the DagBag from /opt/airflow/dags/dag_09_gcp_taxi_scheduled.py
[2026-06-16T17:30:43.457+0000] {processor.py:840} INFO - DAG(s) '09_gcp_taxi_scheduled' retrieved from /opt/airflow/dags/dag_09_gcp_taxi_scheduled.py
[2026-06-16T17:30:43.504+0000] {logging_mixin.py:188} INFO - [2026-06-16T17:30:43.504+0000] {dag.py:3089} INFO - Sync 1 DAGs
[2026-06-16T17:30:43.557+0000] {processor.py:183} INFO - Processing /opt/airflow/dags/dag_09_gcp_taxi_scheduled.py took 0.130 seconds
[2026-06-16T17:31:14.417+0000] {processor.py:161} INFO - Started process (PID=24783) to work on /opt/airflow/dags/dag_09_gcp_taxi_scheduled.py
[2026-06-16T17:31:14.419+0000] {processor.py:830} INFO - Processing file /opt/airflow/dags/dag_09_gcp_taxi_scheduled.py for tasks to queue
[2026-06-16T17:31:14.421+0000] {logging_mixin.py:188} INFO - [2026-06-16T17:31:14.421+0000] {dagbag.py:545} INFO - Filling up the DagBag from /opt/airflow/dags/dag_09_gcp_taxi_scheduled.py
[2026-06-16T17:31:14.439+0000] {processor.py:840} INFO - DAG(s) '09_gcp_taxi_scheduled' retrieved from /opt/airflow/dags/dag_09_gcp_taxi_scheduled.py
[2026-06-16T17:31:14.486+0000] {logging_mixin.py:188} INFO - [2026-06-16T17:31:14.485+0000] {dag.py:3089} INFO - Sync 1 DAGs
[2026-06-16T17:31:14.536+0000] {processor.py:183} INFO - Processing /opt/airflow/dags/dag_09_gcp_taxi_scheduled.py took 0.129 seconds
[2026-06-16T17:31:45.467+0000] {processor.py:161} INFO - Started process (PID=24823) to work on /opt/airflow/dags/dag_09_gcp_taxi_scheduled.py
[2026-06-16T17:31:45.477+0000] {processor.py:830} INFO - Processing file /opt/airflow/dags/dag_09_gcp_taxi_scheduled.py for tasks to queue
[2026-06-16T17:31:45.479+0000] {logging_mixin.py:188} INFO - [2026-06-16T17:31:45.479+0000] {dagbag.py:545} INFO - Filling up the DagBag from /opt/airflow/dags/dag_09_gcp_taxi_scheduled.py
[2026-06-16T17:31:45.495+0000] {processor.py:840} INFO - DAG(s) '09_gcp_taxi_scheduled' retrieved from /opt/airflow/dags/dag_09_gcp_taxi_scheduled.py
[2026-06-16T17:31:45.539+0000] {logging_mixin.py:188} INFO - [2026-06-16T17:31:45.539+0000] {dag.py:3089} INFO - Sync 1 DAGs
[2026-06-16T17:31:45.589+0000] {processor.py:183} INFO - Processing /opt/airflow/dags/dag_09_gcp_taxi_scheduled.py took 0.131 seconds
[2026-06-16T17:32:15.690+0000] {processor.py:161} INFO - Started process (PID=24863) to work on /opt/airflow/dags/dag_09_gcp_taxi_scheduled.py
[2026-06-16T17:32:15.691+0000] {processor.py:830} INFO - Processing file /opt/airflow/dags/dag_09_gcp_taxi_scheduled.py for tasks to queue
[2026-06-16T17:32:15.693+0000] {logging_mixin.py:188} INFO - [2026-06-16T17:32:15.693+0000] {dagbag.py:545} INFO - Filling up the DagBag from /opt/airflow/dags/dag_09_gcp_taxi_scheduled.py
[2026-06-16T17:32:15.710+0000] {processor.py:840} INFO - DAG(s) '09_gcp_taxi_scheduled' retrieved from /opt/airflow/dags/dag_09_gcp_taxi_scheduled.py
[2026-06-16T17:32:15.756+0000] {logging_mixin.py:188} INFO - [2026-06-16T17:32:15.756+0000] {dag.py:3089} INFO - Sync 1 DAGs
[2026-06-16T17:32:15.806+0000] {processor.py:183} INFO - Processing /opt/airflow/dags/dag_09_gcp_taxi_scheduled.py took 0.125 seconds
[2026-06-16T17:32:45.873+0000] {processor.py:161} INFO - Started process (PID=24903) to work on /opt/airflow/dags/dag_09_gcp_taxi_scheduled.py
[2026-06-16T17:32:45.884+0000] {processor.py:830} INFO - Processing file /opt/airflow/dags/dag_09_gcp_taxi_scheduled.py for tasks to queue
[2026-06-16T17:32:45.886+0000] {logging_mixin.py:188} INFO - [2026-06-16T17:32:45.885+0000] {dagbag.py:545} INFO - Filling up the DagBag from /opt/airflow/dags/dag_09_gcp_taxi_scheduled.py
[2026-06-16T17:32:45.904+0000] {processor.py:840} INFO - DAG(s) '09_gcp_taxi_scheduled' retrieved from /opt/airflow/dags/dag_09_gcp_taxi_scheduled.py
[2026-06-16T17:32:45.952+0000] {logging_mixin.py:188} INFO - [2026-06-16T17:32:45.952+0000] {dag.py:3089} INFO - Sync 1 DAGs
[2026-06-16T17:32:46.001+0000] {processor.py:183} INFO - Processing /opt/airflow/dags/dag_09_gcp_taxi_scheduled.py took 0.137 seconds
[2026-06-16T17:33:16.038+0000] {processor.py:161} INFO - Started process (PID=24943) to work on /opt/airflow/dags/dag_09_gcp_taxi_scheduled.py
[2026-06-16T17:33:16.039+0000] {processor.py:830} INFO - Processing file /opt/airflow/dags/dag_09_gcp_taxi_scheduled.py for tasks to queue
[2026-06-16T17:33:16.042+0000] {logging_mixin.py:188} INFO - [2026-06-16T17:33:16.041+0000] {dagbag.py:545} INFO - Filling up the DagBag from /opt/airflow/dags/dag_09_gcp_taxi_scheduled.py
[2026-06-16T17:33:16.058+0000] {processor.py:840} INFO - DAG(s) '09_gcp_taxi_scheduled' retrieved from /opt/airflow/dags/dag_09_gcp_taxi_scheduled.py
[2026-06-16T17:33:16.105+0000] {logging_mixin.py:188} INFO - [2026-06-16T17:33:16.104+0000] {dag.py:3089} INFO - Sync 1 DAGs
[2026-06-16T17:33:16.158+0000] {processor.py:183} INFO - Processing /opt/airflow/dags/dag_09_gcp_taxi_scheduled.py took 0.128 seconds
[2026-06-16T17:33:46.209+0000] {processor.py:161} INFO - Started process (PID=24983) to work on /opt/airflow/dags/dag_09_gcp_taxi_scheduled.py
[2026-06-16T17:33:46.211+0000] {processor.py:830} INFO - Processing file /opt/airflow/dags/dag_09_gcp_taxi_scheduled.py for tasks to queue
[2026-06-16T17:33:46.213+0000] {logging_mixin.py:188} INFO - [2026-06-16T17:33:46.213+0000] {dagbag.py:545} INFO - Filling up the DagBag from /opt/airflow/dags/dag_09_gcp_taxi_scheduled.py
[2026-06-16T17:33:46.232+0000] {processor.py:840} INFO - DAG(s) '09_gcp_taxi_scheduled' retrieved from /opt/airflow/dags/dag_09_gcp_taxi_scheduled.py
[2026-06-16T17:33:46.283+0000] {logging_mixin.py:188} INFO - [2026-06-16T17:33:46.283+0000] {dag.py:3089} INFO - Sync 1 DAGs
[2026-06-16T17:33:46.337+0000] {processor.py:183} INFO - Processing /opt/airflow/dags/dag_09_gcp_taxi_scheduled.py took 0.138 seconds
[2026-06-16T17:34:17.241+0000] {processor.py:161} INFO - Started process (PID=25023) to work on /opt/airflow/dags/dag_09_gcp_taxi_scheduled.py
[2026-06-16T17:34:17.242+0000] {processor.py:830} INFO - Processing file /opt/airflow/dags/dag_09_gcp_taxi_scheduled.py for tasks to queue
[2026-06-16T17:34:17.245+0000] {logging_mixin.py:188} INFO - [2026-06-16T17:34:17.244+0000] {dagbag.py:545} INFO - Filling up the DagBag from /opt/airflow/dags/dag_09_gcp_taxi_scheduled.py
[2026-06-16T17:34:17.262+0000] {processor.py:840} INFO - DAG(s) '09_gcp_taxi_scheduled' retrieved from /opt/airflow/dags/dag_09_gcp_taxi_scheduled.py
[2026-06-16T17:34:17.309+0000] {logging_mixin.py:188} INFO - [2026-06-16T17:34:17.309+0000] {dag.py:3089} INFO - Sync 1 DAGs
[2026-06-16T17:34:17.363+0000] {processor.py:183} INFO - Processing /opt/airflow/dags/dag_09_gcp_taxi_scheduled.py took 0.132 seconds
[2026-06-16T17:34:47.493+0000] {processor.py:161} INFO - Started process (PID=25063) to work on /opt/airflow/dags/dag_09_gcp_taxi_scheduled.py
[2026-06-16T17:34:47.503+0000] {processor.py:830} INFO - Processing file /opt/airflow/dags/dag_09_gcp_taxi_scheduled.py for tasks to queue
[2026-06-16T17:34:47.506+0000] {logging_mixin.py:188} INFO - [2026-06-16T17:34:47.506+0000] {dagbag.py:545} INFO - Filling up the DagBag from /opt/airflow/dags/dag_09_gcp_taxi_scheduled.py
[2026-06-16T17:34:47.525+0000] {processor.py:840} INFO - DAG(s) '09_gcp_taxi_scheduled' retrieved from /opt/airflow/dags/dag_09_gcp_taxi_scheduled.py
[2026-06-16T17:34:47.573+0000] {logging_mixin.py:188} INFO - [2026-06-16T17:34:47.573+0000] {dag.py:3089} INFO - Sync 1 DAGs
[2026-06-16T17:34:47.626+0000] {processor.py:183} INFO - Processing /opt/airflow/dags/dag_09_gcp_taxi_scheduled.py took 0.144 seconds
[2026-06-16T17:35:17.769+0000] {processor.py:161} INFO - Started process (PID=25108) to work on /opt/airflow/dags/dag_09_gcp_taxi_scheduled.py
[2026-06-16T17:35:17.770+0000] {processor.py:830} INFO - Processing file /opt/airflow/dags/dag_09_gcp_taxi_scheduled.py for tasks to queue
[2026-06-16T17:35:17.772+0000] {logging_mixin.py:188} INFO - [2026-06-16T17:35:17.771+0000] {dagbag.py:545} INFO - Filling up the DagBag from /opt/airflow/dags/dag_09_gcp_taxi_scheduled.py
[2026-06-16T17:35:17.787+0000] {processor.py:840} INFO - DAG(s) '09_gcp_taxi_scheduled' retrieved from /opt/airflow/dags/dag_09_gcp_taxi_scheduled.py
[2026-06-16T17:35:17.831+0000] {logging_mixin.py:188} INFO - [2026-06-16T17:35:17.831+0000] {dag.py:3089} INFO - Sync 1 DAGs
[2026-06-16T17:35:17.874+0000] {processor.py:183} INFO - Processing /opt/airflow/dags/dag_09_gcp_taxi_scheduled.py took 0.114 seconds
[2026-06-16T17:35:47.976+0000] {processor.py:161} INFO - Started process (PID=25148) to work on /opt/airflow/dags/dag_09_gcp_taxi_scheduled.py
[2026-06-16T17:35:47.977+0000] {processor.py:830} INFO - Processing file /opt/airflow/dags/dag_09_gcp_taxi_scheduled.py for tasks to queue
[2026-06-16T17:35:47.979+0000] {logging_mixin.py:188} INFO - [2026-06-16T17:35:47.979+0000] {dagbag.py:545} INFO - Filling up the DagBag from /opt/airflow/dags/dag_09_gcp_taxi_scheduled.py
[2026-06-16T17:35:47.994+0000] {processor.py:840} INFO - DAG(s) '09_gcp_taxi_scheduled' retrieved from /opt/airflow/dags/dag_09_gcp_taxi_scheduled.py
[2026-06-16T17:35:48.041+0000] {logging_mixin.py:188} INFO - [2026-06-16T17:35:48.041+0000] {dag.py:3089} INFO - Sync 1 DAGs
[2026-06-16T17:35:48.087+0000] {processor.py:183} INFO - Processing /opt/airflow/dags/dag_09_gcp_taxi_scheduled.py took 0.118 seconds
[2026-06-16T17:36:18.138+0000] {processor.py:161} INFO - Started process (PID=25188) to work on /opt/airflow/dags/dag_09_gcp_taxi_scheduled.py
[2026-06-16T17:36:18.139+0000] {processor.py:830} INFO - Processing file /opt/airflow/dags/dag_09_gcp_taxi_scheduled.py for tasks to queue
[2026-06-16T17:36:18.141+0000] {logging_mixin.py:188} INFO - [2026-06-16T17:36:18.140+0000] {dagbag.py:545} INFO - Filling up the DagBag from /opt/airflow/dags/dag_09_gcp_taxi_scheduled.py
[2026-06-16T17:36:18.155+0000] {processor.py:840} INFO - DAG(s) '09_gcp_taxi_scheduled' retrieved from /opt/airflow/dags/dag_09_gcp_taxi_scheduled.py
[2026-06-16T17:36:18.197+0000] {logging_mixin.py:188} INFO - [2026-06-16T17:36:18.197+0000] {dag.py:3089} INFO - Sync 1 DAGs
[2026-06-16T17:36:18.242+0000] {processor.py:183} INFO - Processing /opt/airflow/dags/dag_09_gcp_taxi_scheduled.py took 0.111 seconds
[2026-06-16T17:36:48.295+0000] {processor.py:161} INFO - Started process (PID=25226) to work on /opt/airflow/dags/dag_09_gcp_taxi_scheduled.py
[2026-06-16T17:36:48.296+0000] {processor.py:830} INFO - Processing file /opt/airflow/dags/dag_09_gcp_taxi_scheduled.py for tasks to queue
[2026-06-16T17:36:48.299+0000] {logging_mixin.py:188} INFO - [2026-06-16T17:36:48.298+0000] {dagbag.py:545} INFO - Filling up the DagBag from /opt/airflow/dags/dag_09_gcp_taxi_scheduled.py
[2026-06-16T17:36:48.320+0000] {processor.py:840} INFO - DAG(s) '09_gcp_taxi_scheduled' retrieved from /opt/airflow/dags/dag_09_gcp_taxi_scheduled.py
[2026-06-16T17:36:48.371+0000] {logging_mixin.py:188} INFO - [2026-06-16T17:36:48.371+0000] {dag.py:3089} INFO - Sync 1 DAGs
[2026-06-16T17:36:48.423+0000] {processor.py:183} INFO - Processing /opt/airflow/dags/dag_09_gcp_taxi_scheduled.py took 0.137 seconds
[2026-06-16T17:37:19.334+0000] {processor.py:161} INFO - Started process (PID=25263) to work on /opt/airflow/dags/dag_09_gcp_taxi_scheduled.py
[2026-06-16T17:37:19.336+0000] {processor.py:830} INFO - Processing file /opt/airflow/dags/dag_09_gcp_taxi_scheduled.py for tasks to queue
[2026-06-16T17:37:19.338+0000] {logging_mixin.py:188} INFO - [2026-06-16T17:37:19.338+0000] {dagbag.py:545} INFO - Filling up the DagBag from /opt/airflow/dags/dag_09_gcp_taxi_scheduled.py
[2026-06-16T17:37:19.354+0000] {processor.py:840} INFO - DAG(s) '09_gcp_taxi_scheduled' retrieved from /opt/airflow/dags/dag_09_gcp_taxi_scheduled.py
[2026-06-16T17:37:19.400+0000] {logging_mixin.py:188} INFO - [2026-06-16T17:37:19.400+0000] {dag.py:3089} INFO - Sync 1 DAGs
[2026-06-16T17:37:19.453+0000] {processor.py:183} INFO - Processing /opt/airflow/dags/dag_09_gcp_taxi_scheduled.py took 0.129 seconds
[2026-06-16T17:37:49.540+0000] {processor.py:161} INFO - Started process (PID=25303) to work on /opt/airflow/dags/dag_09_gcp_taxi_scheduled.py
[2026-06-16T17:37:49.544+0000] {processor.py:830} INFO - Processing file /opt/airflow/dags/dag_09_gcp_taxi_scheduled.py for tasks to queue
[2026-06-16T17:37:49.546+0000] {logging_mixin.py:188} INFO - [2026-06-16T17:37:49.546+0000] {dagbag.py:545} INFO - Filling up the DagBag from /opt/airflow/dags/dag_09_gcp_taxi_scheduled.py
[2026-06-16T17:37:49.563+0000] {processor.py:840} INFO - DAG(s) '09_gcp_taxi_scheduled' retrieved from /opt/airflow/dags/dag_09_gcp_taxi_scheduled.py
[2026-06-16T17:37:49.612+0000] {logging_mixin.py:188} INFO - [2026-06-16T17:37:49.611+0000] {dag.py:3089} INFO - Sync 1 DAGs
[2026-06-16T17:37:49.668+0000] {processor.py:183} INFO - Processing /opt/airflow/dags/dag_09_gcp_taxi_scheduled.py took 0.139 seconds
[2026-06-16T17:38:19.771+0000] {processor.py:161} INFO - Started process (PID=25343) to work on /opt/airflow/dags/dag_09_gcp_taxi_scheduled.py
[2026-06-16T17:38:19.772+0000] {processor.py:830} INFO - Processing file /opt/airflow/dags/dag_09_gcp_taxi_scheduled.py for tasks to queue
[2026-06-16T17:38:19.774+0000] {logging_mixin.py:188} INFO - [2026-06-16T17:38:19.774+0000] {dagbag.py:545} INFO - Filling up the DagBag from /opt/airflow/dags/dag_09_gcp_taxi_scheduled.py
[2026-06-16T17:38:19.793+0000] {processor.py:840} INFO - DAG(s) '09_gcp_taxi_scheduled' retrieved from /opt/airflow/dags/dag_09_gcp_taxi_scheduled.py
[2026-06-16T17:38:19.842+0000] {logging_mixin.py:188} INFO - [2026-06-16T17:38:19.842+0000] {dag.py:3089} INFO - Sync 1 DAGs
[2026-06-16T17:38:19.896+0000] {processor.py:183} INFO - Processing /opt/airflow/dags/dag_09_gcp_taxi_scheduled.py took 0.135 seconds
[2026-06-16T17:38:50.874+0000] {processor.py:161} INFO - Started process (PID=25383) to work on /opt/airflow/dags/dag_09_gcp_taxi_scheduled.py
[2026-06-16T17:38:50.876+0000] {processor.py:830} INFO - Processing file /opt/airflow/dags/dag_09_gcp_taxi_scheduled.py for tasks to queue
[2026-06-16T17:38:50.878+0000] {logging_mixin.py:188} INFO - [2026-06-16T17:38:50.878+0000] {dagbag.py:545} INFO - Filling up the DagBag from /opt/airflow/dags/dag_09_gcp_taxi_scheduled.py
[2026-06-16T17:38:50.894+0000] {processor.py:840} INFO - DAG(s) '09_gcp_taxi_scheduled' retrieved from /opt/airflow/dags/dag_09_gcp_taxi_scheduled.py
[2026-06-16T17:38:50.940+0000] {logging_mixin.py:188} INFO - [2026-06-16T17:38:50.940+0000] {dag.py:3089} INFO - Sync 1 DAGs
[2026-06-16T17:38:50.991+0000] {processor.py:183} INFO - Processing /opt/airflow/dags/dag_09_gcp_taxi_scheduled.py took 0.126 seconds
[2026-06-16T17:39:21.699+0000] {processor.py:161} INFO - Started process (PID=25423) to work on /opt/airflow/dags/dag_09_gcp_taxi_scheduled.py
[2026-06-16T17:39:21.701+0000] {processor.py:830} INFO - Processing file /opt/airflow/dags/dag_09_gcp_taxi_scheduled.py for tasks to queue
[2026-06-16T17:39:21.703+0000] {logging_mixin.py:188} INFO - [2026-06-16T17:39:21.703+0000] {dagbag.py:545} INFO - Filling up the DagBag from /opt/airflow/dags/dag_09_gcp_taxi_scheduled.py
[2026-06-16T17:39:21.723+0000] {processor.py:840} INFO - DAG(s) '09_gcp_taxi_scheduled' retrieved from /opt/airflow/dags/dag_09_gcp_taxi_scheduled.py
[2026-06-16T17:39:21.772+0000] {logging_mixin.py:188} INFO - [2026-06-16T17:39:21.772+0000] {dag.py:3089} INFO - Sync 1 DAGs
[2026-06-16T17:39:21.828+0000] {processor.py:183} INFO - Processing /opt/airflow/dags/dag_09_gcp_taxi_scheduled.py took 0.139 seconds
[2026-06-16T17:39:52.793+0000] {processor.py:161} INFO - Started process (PID=25463) to work on /opt/airflow/dags/dag_09_gcp_taxi_scheduled.py
[2026-06-16T17:39:52.794+0000] {processor.py:830} INFO - Processing file /opt/airflow/dags/dag_09_gcp_taxi_scheduled.py for tasks to queue
[2026-06-16T17:39:52.797+0000] {logging_mixin.py:188} INFO - [2026-06-16T17:39:52.797+0000] {dagbag.py:545} INFO - Filling up the DagBag from /opt/airflow/dags/dag_09_gcp_taxi_scheduled.py
[2026-06-16T17:39:52.814+0000] {processor.py:840} INFO - DAG(s) '09_gcp_taxi_scheduled' retrieved from /opt/airflow/dags/dag_09_gcp_taxi_scheduled.py
[2026-06-16T17:39:52.866+0000] {logging_mixin.py:188} INFO - [2026-06-16T17:39:52.865+0000] {dag.py:3089} INFO - Sync 1 DAGs
[2026-06-16T17:39:52.922+0000] {processor.py:183} INFO - Processing /opt/airflow/dags/dag_09_gcp_taxi_scheduled.py took 0.139 seconds
[2026-06-16T17:40:23.939+0000] {processor.py:161} INFO - Started process (PID=25503) to work on /opt/airflow/dags/dag_09_gcp_taxi_scheduled.py
[2026-06-16T17:40:23.950+0000] {processor.py:830} INFO - Processing file /opt/airflow/dags/dag_09_gcp_taxi_scheduled.py for tasks to queue
[2026-06-16T17:40:23.954+0000] {logging_mixin.py:188} INFO - [2026-06-16T17:40:23.954+0000] {dagbag.py:545} INFO - Filling up the DagBag from /opt/airflow/dags/dag_09_gcp_taxi_scheduled.py
[2026-06-16T17:40:23.985+0000] {processor.py:840} INFO - DAG(s) '09_gcp_taxi_scheduled' retrieved from /opt/airflow/dags/dag_09_gcp_taxi_scheduled.py
[2026-06-16T17:40:24.037+0000] {logging_mixin.py:188} INFO - [2026-06-16T17:40:24.036+0000] {dag.py:3089} INFO - Sync 1 DAGs
[2026-06-16T17:40:24.088+0000] {processor.py:183} INFO - Processing /opt/airflow/dags/dag_09_gcp_taxi_scheduled.py took 0.163 seconds
[2026-06-16T17:40:55.032+0000] {processor.py:161} INFO - Started process (PID=25543) to work on /opt/airflow/dags/dag_09_gcp_taxi_scheduled.py
[2026-06-16T17:40:55.033+0000] {processor.py:830} INFO - Processing file /opt/airflow/dags/dag_09_gcp_taxi_scheduled.py for tasks to queue
[2026-06-16T17:40:55.035+0000] {logging_mixin.py:188} INFO - [2026-06-16T17:40:55.035+0000] {dagbag.py:545} INFO - Filling up the DagBag from /opt/airflow/dags/dag_09_gcp_taxi_scheduled.py
[2026-06-16T17:40:55.051+0000] {processor.py:840} INFO - DAG(s) '09_gcp_taxi_scheduled' retrieved from /opt/airflow/dags/dag_09_gcp_taxi_scheduled.py
[2026-06-16T17:40:55.099+0000] {logging_mixin.py:188} INFO - [2026-06-16T17:40:55.099+0000] {dag.py:3089} INFO - Sync 1 DAGs
[2026-06-16T17:40:55.155+0000] {processor.py:183} INFO - Processing /opt/airflow/dags/dag_09_gcp_taxi_scheduled.py took 0.132 seconds
[2026-06-16T17:41:26.158+0000] {processor.py:161} INFO - Started process (PID=25583) to work on /opt/airflow/dags/dag_09_gcp_taxi_scheduled.py
[2026-06-16T17:41:26.168+0000] {processor.py:830} INFO - Processing file /opt/airflow/dags/dag_09_gcp_taxi_scheduled.py for tasks to queue
[2026-06-16T17:41:26.170+0000] {logging_mixin.py:188} INFO - [2026-06-16T17:41:26.170+0000] {dagbag.py:545} INFO - Filling up the DagBag from /opt/airflow/dags/dag_09_gcp_taxi_scheduled.py
[2026-06-16T17:41:26.186+0000] {processor.py:840} INFO - DAG(s) '09_gcp_taxi_scheduled' retrieved from /opt/airflow/dags/dag_09_gcp_taxi_scheduled.py
[2026-06-16T17:41:26.235+0000] {logging_mixin.py:188} INFO - [2026-06-16T17:41:26.234+0000] {dag.py:3089} INFO - Sync 1 DAGs
[2026-06-16T17:41:26.291+0000] {processor.py:183} INFO - Processing /opt/airflow/dags/dag_09_gcp_taxi_scheduled.py took 0.142 seconds
[2026-06-16T17:41:57.149+0000] {processor.py:161} INFO - Started process (PID=25623) to work on /opt/airflow/dags/dag_09_gcp_taxi_scheduled.py
[2026-06-16T17:41:57.151+0000] {processor.py:830} INFO - Processing file /opt/airflow/dags/dag_09_gcp_taxi_scheduled.py for tasks to queue
[2026-06-16T17:41:57.153+0000] {logging_mixin.py:188} INFO - [2026-06-16T17:41:57.153+0000] {dagbag.py:545} INFO - Filling up the DagBag from /opt/airflow/dags/dag_09_gcp_taxi_scheduled.py
[2026-06-16T17:41:57.169+0000] {processor.py:840} INFO - DAG(s) '09_gcp_taxi_scheduled' retrieved from /opt/airflow/dags/dag_09_gcp_taxi_scheduled.py
[2026-06-16T17:41:57.222+0000] {logging_mixin.py:188} INFO - [2026-06-16T17:41:57.221+0000] {dag.py:3089} INFO - Sync 1 DAGs
[2026-06-16T17:41:57.274+0000] {processor.py:183} INFO - Processing /opt/airflow/dags/dag_09_gcp_taxi_scheduled.py took 0.135 seconds
[2026-06-16T17:42:27.406+0000] {processor.py:161} INFO - Started process (PID=25666) to work on /opt/airflow/dags/dag_09_gcp_taxi_scheduled.py
[2026-06-16T17:42:27.407+0000] {processor.py:830} INFO - Processing file /opt/airflow/dags/dag_09_gcp_taxi_scheduled.py for tasks to queue
[2026-06-16T17:42:27.409+0000] {logging_mixin.py:188} INFO - [2026-06-16T17:42:27.409+0000] {dagbag.py:545} INFO - Filling up the DagBag from /opt/airflow/dags/dag_09_gcp_taxi_scheduled.py
[2026-06-16T17:42:27.426+0000] {processor.py:840} INFO - DAG(s) '09_gcp_taxi_scheduled' retrieved from /opt/airflow/dags/dag_09_gcp_taxi_scheduled.py
[2026-06-16T17:42:27.467+0000] {logging_mixin.py:188} INFO - [2026-06-16T17:42:27.466+0000] {dag.py:3089} INFO - Sync 1 DAGs
[2026-06-16T17:42:27.509+0000] {processor.py:183} INFO - Processing /opt/airflow/dags/dag_09_gcp_taxi_scheduled.py took 0.111 seconds
[2026-06-16T17:42:57.555+0000] {processor.py:161} INFO - Started process (PID=25706) to work on /opt/airflow/dags/dag_09_gcp_taxi_scheduled.py
[2026-06-16T17:42:57.557+0000] {processor.py:830} INFO - Processing file /opt/airflow/dags/dag_09_gcp_taxi_scheduled.py for tasks to queue
[2026-06-16T17:42:57.559+0000] {logging_mixin.py:188} INFO - [2026-06-16T17:42:57.559+0000] {dagbag.py:545} INFO - Filling up the DagBag from /opt/airflow/dags/dag_09_gcp_taxi_scheduled.py
[2026-06-16T17:42:57.574+0000] {processor.py:840} INFO - DAG(s) '09_gcp_taxi_scheduled' retrieved from /opt/airflow/dags/dag_09_gcp_taxi_scheduled.py
[2026-06-16T17:42:57.623+0000] {logging_mixin.py:188} INFO - [2026-06-16T17:42:57.622+0000] {dag.py:3089} INFO - Sync 1 DAGs
[2026-06-16T17:42:57.669+0000] {processor.py:183} INFO - Processing /opt/airflow/dags/dag_09_gcp_taxi_scheduled.py took 0.122 seconds
[2026-06-16T17:43:28.360+0000] {processor.py:161} INFO - Started process (PID=25743) to work on /opt/airflow/dags/dag_09_gcp_taxi_scheduled.py
[2026-06-16T17:43:28.361+0000] {processor.py:830} INFO - Processing file /opt/airflow/dags/dag_09_gcp_taxi_scheduled.py for tasks to queue
[2026-06-16T17:43:28.363+0000] {logging_mixin.py:188} INFO - [2026-06-16T17:43:28.363+0000] {dagbag.py:545} INFO - Filling up the DagBag from /opt/airflow/dags/dag_09_gcp_taxi_scheduled.py
[2026-06-16T17:43:28.379+0000] {processor.py:840} INFO - DAG(s) '09_gcp_taxi_scheduled' retrieved from /opt/airflow/dags/dag_09_gcp_taxi_scheduled.py
[2026-06-16T17:43:28.429+0000] {logging_mixin.py:188} INFO - [2026-06-16T17:43:28.428+0000] {dag.py:3089} INFO - Sync 1 DAGs
[2026-06-16T17:43:28.477+0000] {processor.py:183} INFO - Processing /opt/airflow/dags/dag_09_gcp_taxi_scheduled.py took 0.126 seconds
[2026-06-16T17:43:59.420+0000] {processor.py:161} INFO - Started process (PID=25783) to work on /opt/airflow/dags/dag_09_gcp_taxi_scheduled.py
[2026-06-16T17:43:59.423+0000] {processor.py:830} INFO - Processing file /opt/airflow/dags/dag_09_gcp_taxi_scheduled.py for tasks to queue
[2026-06-16T17:43:59.425+0000] {logging_mixin.py:188} INFO - [2026-06-16T17:43:59.424+0000] {dagbag.py:545} INFO - Filling up the DagBag from /opt/airflow/dags/dag_09_gcp_taxi_scheduled.py
[2026-06-16T17:43:59.441+0000] {processor.py:840} INFO - DAG(s) '09_gcp_taxi_scheduled' retrieved from /opt/airflow/dags/dag_09_gcp_taxi_scheduled.py
[2026-06-16T17:43:59.490+0000] {logging_mixin.py:188} INFO - [2026-06-16T17:43:59.490+0000] {dag.py:3089} INFO - Sync 1 DAGs
[2026-06-16T17:43:59.544+0000] {processor.py:183} INFO - Processing /opt/airflow/dags/dag_09_gcp_taxi_scheduled.py took 0.133 seconds
[2026-06-16T17:44:30.554+0000] {processor.py:161} INFO - Started process (PID=25823) to work on /opt/airflow/dags/dag_09_gcp_taxi_scheduled.py
[2026-06-16T17:44:30.556+0000] {processor.py:830} INFO - Processing file /opt/airflow/dags/dag_09_gcp_taxi_scheduled.py for tasks to queue
[2026-06-16T17:44:30.559+0000] {logging_mixin.py:188} INFO - [2026-06-16T17:44:30.558+0000] {dagbag.py:545} INFO - Filling up the DagBag from /opt/airflow/dags/dag_09_gcp_taxi_scheduled.py
[2026-06-16T17:44:30.580+0000] {processor.py:840} INFO - DAG(s) '09_gcp_taxi_scheduled' retrieved from /opt/airflow/dags/dag_09_gcp_taxi_scheduled.py
[2026-06-16T17:44:30.638+0000] {logging_mixin.py:188} INFO - [2026-06-16T17:44:30.637+0000] {dag.py:3089} INFO - Sync 1 DAGs
[2026-06-16T17:44:30.692+0000] {processor.py:183} INFO - Processing /opt/airflow/dags/dag_09_gcp_taxi_scheduled.py took 0.154 seconds
[2026-06-16T17:45:01.548+0000] {processor.py:161} INFO - Started process (PID=25863) to work on /opt/airflow/dags/dag_09_gcp_taxi_scheduled.py
[2026-06-16T17:45:01.550+0000] {processor.py:830} INFO - Processing file /opt/airflow/dags/dag_09_gcp_taxi_scheduled.py for tasks to queue
[2026-06-16T17:45:01.552+0000] {logging_mixin.py:188} INFO - [2026-06-16T17:45:01.551+0000] {dagbag.py:545} INFO - Filling up the DagBag from /opt/airflow/dags/dag_09_gcp_taxi_scheduled.py
[2026-06-16T17:45:01.568+0000] {processor.py:840} INFO - DAG(s) '09_gcp_taxi_scheduled' retrieved from /opt/airflow/dags/dag_09_gcp_taxi_scheduled.py
[2026-06-16T17:45:01.617+0000] {logging_mixin.py:188} INFO - [2026-06-16T17:45:01.617+0000] {dag.py:3089} INFO - Sync 1 DAGs
[2026-06-16T17:45:01.669+0000] {processor.py:183} INFO - Processing /opt/airflow/dags/dag_09_gcp_taxi_scheduled.py took 0.129 seconds
[2026-06-16T17:45:32.645+0000] {processor.py:161} INFO - Started process (PID=25903) to work on /opt/airflow/dags/dag_09_gcp_taxi_scheduled.py
[2026-06-16T17:45:32.656+0000] {processor.py:830} INFO - Processing file /opt/airflow/dags/dag_09_gcp_taxi_scheduled.py for tasks to queue
[2026-06-16T17:45:32.658+0000] {logging_mixin.py:188} INFO - [2026-06-16T17:45:32.657+0000] {dagbag.py:545} INFO - Filling up the DagBag from /opt/airflow/dags/dag_09_gcp_taxi_scheduled.py
[2026-06-16T17:45:32.673+0000] {processor.py:840} INFO - DAG(s) '09_gcp_taxi_scheduled' retrieved from /opt/airflow/dags/dag_09_gcp_taxi_scheduled.py
[2026-06-16T17:45:32.722+0000] {logging_mixin.py:188} INFO - [2026-06-16T17:45:32.722+0000] {dag.py:3089} INFO - Sync 1 DAGs
[2026-06-16T17:45:32.773+0000] {processor.py:183} INFO - Processing /opt/airflow/dags/dag_09_gcp_taxi_scheduled.py took 0.137 seconds
[2026-06-16T17:46:02.811+0000] {processor.py:161} INFO - Started process (PID=25943) to work on /opt/airflow/dags/dag_09_gcp_taxi_scheduled.py
[2026-06-16T17:46:02.812+0000] {processor.py:830} INFO - Processing file /opt/airflow/dags/dag_09_gcp_taxi_scheduled.py for tasks to queue
[2026-06-16T17:46:02.814+0000] {logging_mixin.py:188} INFO - [2026-06-16T17:46:02.814+0000] {dagbag.py:545} INFO - Filling up the DagBag from /opt/airflow/dags/dag_09_gcp_taxi_scheduled.py
[2026-06-16T17:46:02.830+0000] {processor.py:840} INFO - DAG(s) '09_gcp_taxi_scheduled' retrieved from /opt/airflow/dags/dag_09_gcp_taxi_scheduled.py
[2026-06-16T17:46:02.880+0000] {logging_mixin.py:188} INFO - [2026-06-16T17:46:02.880+0000] {dag.py:3089} INFO - Sync 1 DAGs
[2026-06-16T17:46:02.933+0000] {processor.py:183} INFO - Processing /opt/airflow/dags/dag_09_gcp_taxi_scheduled.py took 0.131 seconds
[2026-06-16T17:46:33.743+0000] {processor.py:161} INFO - Started process (PID=25983) to work on /opt/airflow/dags/dag_09_gcp_taxi_scheduled.py
[2026-06-16T17:46:33.754+0000] {processor.py:830} INFO - Processing file /opt/airflow/dags/dag_09_gcp_taxi_scheduled.py for tasks to queue
[2026-06-16T17:46:33.756+0000] {logging_mixin.py:188} INFO - [2026-06-16T17:46:33.756+0000] {dagbag.py:545} INFO - Filling up the DagBag from /opt/airflow/dags/dag_09_gcp_taxi_scheduled.py
[2026-06-16T17:46:33.771+0000] {processor.py:840} INFO - DAG(s) '09_gcp_taxi_scheduled' retrieved from /opt/airflow/dags/dag_09_gcp_taxi_scheduled.py
[2026-06-16T17:46:33.820+0000] {logging_mixin.py:188} INFO - [2026-06-16T17:46:33.819+0000] {dag.py:3089} INFO - Sync 1 DAGs
[2026-06-16T17:46:33.873+0000] {processor.py:183} INFO - Processing /opt/airflow/dags/dag_09_gcp_taxi_scheduled.py took 0.139 seconds
[2026-06-16T17:47:03.958+0000] {processor.py:161} INFO - Started process (PID=26023) to work on /opt/airflow/dags/dag_09_gcp_taxi_scheduled.py
[2026-06-16T17:47:03.960+0000] {processor.py:830} INFO - Processing file /opt/airflow/dags/dag_09_gcp_taxi_scheduled.py for tasks to queue
[2026-06-16T17:47:03.965+0000] {logging_mixin.py:188} INFO - [2026-06-16T17:47:03.964+0000] {dagbag.py:545} INFO - Filling up the DagBag from /opt/airflow/dags/dag_09_gcp_taxi_scheduled.py
[2026-06-16T17:47:04.003+0000] {processor.py:840} INFO - DAG(s) '09_gcp_taxi_scheduled' retrieved from /opt/airflow/dags/dag_09_gcp_taxi_scheduled.py
[2026-06-16T17:47:04.069+0000] {logging_mixin.py:188} INFO - [2026-06-16T17:47:04.069+0000] {dag.py:3089} INFO - Sync 1 DAGs
[2026-06-16T17:47:04.127+0000] {processor.py:183} INFO - Processing /opt/airflow/dags/dag_09_gcp_taxi_scheduled.py took 0.185 seconds
