[2026-06-16T11:42:19.732+0000] {processor.py:161} INFO - Started process (PID=193) to work on /opt/airflow/dags/dag_03_data_pipeline.py
[2026-06-16T11:42:19.734+0000] {processor.py:830} INFO - Processing file /opt/airflow/dags/dag_03_data_pipeline.py for tasks to queue
[2026-06-16T11:42:19.738+0000] {logging_mixin.py:188} INFO - [2026-06-16T11:42:19.737+0000] {dagbag.py:545} INFO - Filling up the DagBag from /opt/airflow/dags/dag_03_data_pipeline.py
[2026-06-16T11:42:19.751+0000] {processor.py:840} INFO - DAG(s) '03_getting_started_data_pipeline' retrieved from /opt/airflow/dags/dag_03_data_pipeline.py
[2026-06-16T11:42:19.962+0000] {logging_mixin.py:188} INFO - [2026-06-16T11:42:19.961+0000] {override.py:1858} INFO - Created Permission View: can read on DAG:03_getting_started_data_pipeline
[2026-06-16T11:42:19.976+0000] {logging_mixin.py:188} INFO - [2026-06-16T11:42:19.976+0000] {override.py:1858} INFO - Created Permission View: can delete on DAG:03_getting_started_data_pipeline
[2026-06-16T11:42:19.986+0000] {logging_mixin.py:188} INFO - [2026-06-16T11:42:19.986+0000] {override.py:1858} INFO - Created Permission View: can edit on DAG:03_getting_started_data_pipeline
[2026-06-16T11:42:19.987+0000] {logging_mixin.py:188} INFO - [2026-06-16T11:42:19.986+0000] {dag.py:3089} INFO - Sync 1 DAGs
[2026-06-16T11:42:20.004+0000] {logging_mixin.py:188} INFO - [2026-06-16T11:42:20.004+0000] {dag.py:3111} INFO - Creating ORM DAG for 03_getting_started_data_pipeline
[2026-06-16T11:42:20.006+0000] {logging_mixin.py:188} INFO - [2026-06-16T11:42:20.005+0000] {dag.py:3947} INFO - Setting next_dagrun for 03_getting_started_data_pipeline to None, run_after=None
[2026-06-16T11:42:20.033+0000] {processor.py:183} INFO - Processing /opt/airflow/dags/dag_03_data_pipeline.py took 0.310 seconds
[2026-06-16T11:42:50.100+0000] {processor.py:161} INFO - Started process (PID=218) to work on /opt/airflow/dags/dag_03_data_pipeline.py
[2026-06-16T11:42:50.102+0000] {processor.py:830} INFO - Processing file /opt/airflow/dags/dag_03_data_pipeline.py for tasks to queue
[2026-06-16T11:42:50.104+0000] {logging_mixin.py:188} INFO - [2026-06-16T11:42:50.104+0000] {dagbag.py:545} INFO - Filling up the DagBag from /opt/airflow/dags/dag_03_data_pipeline.py
[2026-06-16T11:42:50.117+0000] {processor.py:840} INFO - DAG(s) '03_getting_started_data_pipeline' retrieved from /opt/airflow/dags/dag_03_data_pipeline.py
[2026-06-16T11:42:50.179+0000] {logging_mixin.py:188} INFO - [2026-06-16T11:42:50.178+0000] {dag.py:3089} INFO - Sync 1 DAGs
[2026-06-16T11:42:50.197+0000] {logging_mixin.py:188} INFO - [2026-06-16T11:42:50.197+0000] {dag.py:3947} INFO - Setting next_dagrun for 03_getting_started_data_pipeline to None, run_after=None
[2026-06-16T11:42:50.225+0000] {processor.py:183} INFO - Processing /opt/airflow/dags/dag_03_data_pipeline.py took 0.136 seconds
[2026-06-16T11:43:20.482+0000] {processor.py:161} INFO - Started process (PID=247) to work on /opt/airflow/dags/dag_03_data_pipeline.py
[2026-06-16T11:43:20.484+0000] {processor.py:830} INFO - Processing file /opt/airflow/dags/dag_03_data_pipeline.py for tasks to queue
[2026-06-16T11:43:20.490+0000] {logging_mixin.py:188} INFO - [2026-06-16T11:43:20.489+0000] {dagbag.py:545} INFO - Filling up the DagBag from /opt/airflow/dags/dag_03_data_pipeline.py
[2026-06-16T11:43:20.521+0000] {processor.py:840} INFO - DAG(s) '03_getting_started_data_pipeline' retrieved from /opt/airflow/dags/dag_03_data_pipeline.py
[2026-06-16T11:43:20.628+0000] {logging_mixin.py:188} INFO - [2026-06-16T11:43:20.628+0000] {dag.py:3089} INFO - Sync 1 DAGs
[2026-06-16T11:43:20.660+0000] {logging_mixin.py:188} INFO - [2026-06-16T11:43:20.659+0000] {dag.py:3947} INFO - Setting next_dagrun for 03_getting_started_data_pipeline to None, run_after=None
[2026-06-16T11:43:20.699+0000] {processor.py:183} INFO - Processing /opt/airflow/dags/dag_03_data_pipeline.py took 0.236 seconds
[2026-06-16T11:43:50.810+0000] {processor.py:161} INFO - Started process (PID=274) to work on /opt/airflow/dags/dag_03_data_pipeline.py
[2026-06-16T11:43:50.813+0000] {processor.py:830} INFO - Processing file /opt/airflow/dags/dag_03_data_pipeline.py for tasks to queue
[2026-06-16T11:43:50.817+0000] {logging_mixin.py:188} INFO - [2026-06-16T11:43:50.816+0000] {dagbag.py:545} INFO - Filling up the DagBag from /opt/airflow/dags/dag_03_data_pipeline.py
[2026-06-16T11:43:50.836+0000] {processor.py:840} INFO - DAG(s) '03_getting_started_data_pipeline' retrieved from /opt/airflow/dags/dag_03_data_pipeline.py
[2026-06-16T11:43:50.899+0000] {logging_mixin.py:188} INFO - [2026-06-16T11:43:50.899+0000] {dag.py:3089} INFO - Sync 1 DAGs
[2026-06-16T11:43:50.922+0000] {logging_mixin.py:188} INFO - [2026-06-16T11:43:50.922+0000] {dag.py:3947} INFO - Setting next_dagrun for 03_getting_started_data_pipeline to None, run_after=None
[2026-06-16T11:43:50.985+0000] {processor.py:183} INFO - Processing /opt/airflow/dags/dag_03_data_pipeline.py took 0.188 seconds
[2026-06-16T11:44:21.114+0000] {processor.py:161} INFO - Started process (PID=299) to work on /opt/airflow/dags/dag_03_data_pipeline.py
[2026-06-16T11:44:21.115+0000] {processor.py:830} INFO - Processing file /opt/airflow/dags/dag_03_data_pipeline.py for tasks to queue
[2026-06-16T11:44:21.118+0000] {logging_mixin.py:188} INFO - [2026-06-16T11:44:21.117+0000] {dagbag.py:545} INFO - Filling up the DagBag from /opt/airflow/dags/dag_03_data_pipeline.py
[2026-06-16T11:44:21.131+0000] {processor.py:840} INFO - DAG(s) '03_getting_started_data_pipeline' retrieved from /opt/airflow/dags/dag_03_data_pipeline.py
[2026-06-16T11:44:21.191+0000] {logging_mixin.py:188} INFO - [2026-06-16T11:44:21.190+0000] {dag.py:3089} INFO - Sync 1 DAGs
[2026-06-16T11:44:21.213+0000] {logging_mixin.py:188} INFO - [2026-06-16T11:44:21.213+0000] {dag.py:3947} INFO - Setting next_dagrun for 03_getting_started_data_pipeline to None, run_after=None
[2026-06-16T11:44:21.280+0000] {processor.py:183} INFO - Processing /opt/airflow/dags/dag_03_data_pipeline.py took 0.177 seconds
[2026-06-16T11:44:51.380+0000] {processor.py:161} INFO - Started process (PID=324) to work on /opt/airflow/dags/dag_03_data_pipeline.py
[2026-06-16T11:44:51.384+0000] {processor.py:830} INFO - Processing file /opt/airflow/dags/dag_03_data_pipeline.py for tasks to queue
[2026-06-16T11:44:51.387+0000] {logging_mixin.py:188} INFO - [2026-06-16T11:44:51.387+0000] {dagbag.py:545} INFO - Filling up the DagBag from /opt/airflow/dags/dag_03_data_pipeline.py
[2026-06-16T11:44:51.405+0000] {processor.py:840} INFO - DAG(s) '03_getting_started_data_pipeline' retrieved from /opt/airflow/dags/dag_03_data_pipeline.py
[2026-06-16T11:44:51.476+0000] {logging_mixin.py:188} INFO - [2026-06-16T11:44:51.474+0000] {dag.py:3089} INFO - Sync 1 DAGs
[2026-06-16T11:44:51.525+0000] {logging_mixin.py:188} INFO - [2026-06-16T11:44:51.525+0000] {dag.py:3947} INFO - Setting next_dagrun for 03_getting_started_data_pipeline to None, run_after=None
[2026-06-16T11:44:51.606+0000] {processor.py:183} INFO - Processing /opt/airflow/dags/dag_03_data_pipeline.py took 0.240 seconds
[2026-06-16T11:45:21.733+0000] {processor.py:161} INFO - Started process (PID=354) to work on /opt/airflow/dags/dag_03_data_pipeline.py
[2026-06-16T11:45:21.737+0000] {processor.py:830} INFO - Processing file /opt/airflow/dags/dag_03_data_pipeline.py for tasks to queue
[2026-06-16T11:45:21.740+0000] {logging_mixin.py:188} INFO - [2026-06-16T11:45:21.739+0000] {dagbag.py:545} INFO - Filling up the DagBag from /opt/airflow/dags/dag_03_data_pipeline.py
[2026-06-16T11:45:21.756+0000] {processor.py:840} INFO - DAG(s) '03_getting_started_data_pipeline' retrieved from /opt/airflow/dags/dag_03_data_pipeline.py
[2026-06-16T11:45:21.822+0000] {logging_mixin.py:188} INFO - [2026-06-16T11:45:21.822+0000] {dag.py:3089} INFO - Sync 1 DAGs
[2026-06-16T11:45:21.857+0000] {logging_mixin.py:188} INFO - [2026-06-16T11:45:21.856+0000] {dag.py:3947} INFO - Setting next_dagrun for 03_getting_started_data_pipeline to None, run_after=None
[2026-06-16T11:45:21.941+0000] {processor.py:183} INFO - Processing /opt/airflow/dags/dag_03_data_pipeline.py took 0.218 seconds
[2026-06-16T11:45:52.264+0000] {processor.py:161} INFO - Started process (PID=381) to work on /opt/airflow/dags/dag_03_data_pipeline.py
[2026-06-16T11:45:52.266+0000] {processor.py:830} INFO - Processing file /opt/airflow/dags/dag_03_data_pipeline.py for tasks to queue
[2026-06-16T11:45:52.269+0000] {logging_mixin.py:188} INFO - [2026-06-16T11:45:52.268+0000] {dagbag.py:545} INFO - Filling up the DagBag from /opt/airflow/dags/dag_03_data_pipeline.py
[2026-06-16T11:45:52.281+0000] {processor.py:840} INFO - DAG(s) '03_getting_started_data_pipeline' retrieved from /opt/airflow/dags/dag_03_data_pipeline.py
[2026-06-16T11:45:52.334+0000] {logging_mixin.py:188} INFO - [2026-06-16T11:45:52.333+0000] {dag.py:3089} INFO - Sync 1 DAGs
[2026-06-16T11:45:52.350+0000] {logging_mixin.py:188} INFO - [2026-06-16T11:45:52.350+0000] {dag.py:3947} INFO - Setting next_dagrun for 03_getting_started_data_pipeline to None, run_after=None
[2026-06-16T11:45:52.418+0000] {processor.py:183} INFO - Processing /opt/airflow/dags/dag_03_data_pipeline.py took 0.163 seconds
[2026-06-16T11:46:23.330+0000] {processor.py:161} INFO - Started process (PID=416) to work on /opt/airflow/dags/dag_03_data_pipeline.py
[2026-06-16T11:46:23.332+0000] {processor.py:830} INFO - Processing file /opt/airflow/dags/dag_03_data_pipeline.py for tasks to queue
[2026-06-16T11:46:23.335+0000] {logging_mixin.py:188} INFO - [2026-06-16T11:46:23.334+0000] {dagbag.py:545} INFO - Filling up the DagBag from /opt/airflow/dags/dag_03_data_pipeline.py
[2026-06-16T11:46:23.352+0000] {processor.py:840} INFO - DAG(s) '03_getting_started_data_pipeline' retrieved from /opt/airflow/dags/dag_03_data_pipeline.py
[2026-06-16T11:46:23.413+0000] {logging_mixin.py:188} INFO - [2026-06-16T11:46:23.412+0000] {dag.py:3089} INFO - Sync 1 DAGs
[2026-06-16T11:46:23.430+0000] {logging_mixin.py:188} INFO - [2026-06-16T11:46:23.430+0000] {dag.py:3947} INFO - Setting next_dagrun for 03_getting_started_data_pipeline to None, run_after=None
[2026-06-16T11:46:23.453+0000] {processor.py:183} INFO - Processing /opt/airflow/dags/dag_03_data_pipeline.py took 0.136 seconds
[2026-06-16T11:46:53.679+0000] {processor.py:161} INFO - Started process (PID=443) to work on /opt/airflow/dags/dag_03_data_pipeline.py
[2026-06-16T11:46:53.681+0000] {processor.py:830} INFO - Processing file /opt/airflow/dags/dag_03_data_pipeline.py for tasks to queue
[2026-06-16T11:46:53.683+0000] {logging_mixin.py:188} INFO - [2026-06-16T11:46:53.683+0000] {dagbag.py:545} INFO - Filling up the DagBag from /opt/airflow/dags/dag_03_data_pipeline.py
[2026-06-16T11:46:53.700+0000] {processor.py:840} INFO - DAG(s) '03_getting_started_data_pipeline' retrieved from /opt/airflow/dags/dag_03_data_pipeline.py
[2026-06-16T11:46:53.771+0000] {logging_mixin.py:188} INFO - [2026-06-16T11:46:53.771+0000] {dag.py:3089} INFO - Sync 1 DAGs
[2026-06-16T11:46:53.794+0000] {logging_mixin.py:188} INFO - [2026-06-16T11:46:53.793+0000] {dag.py:3947} INFO - Setting next_dagrun for 03_getting_started_data_pipeline to None, run_after=None
[2026-06-16T11:46:53.834+0000] {processor.py:183} INFO - Processing /opt/airflow/dags/dag_03_data_pipeline.py took 0.169 seconds
[2026-06-16T11:47:23.932+0000] {processor.py:161} INFO - Started process (PID=468) to work on /opt/airflow/dags/dag_03_data_pipeline.py
[2026-06-16T11:47:23.933+0000] {processor.py:830} INFO - Processing file /opt/airflow/dags/dag_03_data_pipeline.py for tasks to queue
[2026-06-16T11:47:23.936+0000] {logging_mixin.py:188} INFO - [2026-06-16T11:47:23.936+0000] {dagbag.py:545} INFO - Filling up the DagBag from /opt/airflow/dags/dag_03_data_pipeline.py
[2026-06-16T11:47:23.949+0000] {processor.py:840} INFO - DAG(s) '03_getting_started_data_pipeline' retrieved from /opt/airflow/dags/dag_03_data_pipeline.py
[2026-06-16T11:47:23.998+0000] {logging_mixin.py:188} INFO - [2026-06-16T11:47:23.998+0000] {dag.py:3089} INFO - Sync 1 DAGs
[2026-06-16T11:47:24.050+0000] {logging_mixin.py:188} INFO - [2026-06-16T11:47:24.049+0000] {dag.py:3947} INFO - Setting next_dagrun for 03_getting_started_data_pipeline to None, run_after=None
[2026-06-16T11:47:24.091+0000] {processor.py:183} INFO - Processing /opt/airflow/dags/dag_03_data_pipeline.py took 0.167 seconds
[2026-06-16T11:47:54.223+0000] {processor.py:161} INFO - Started process (PID=493) to work on /opt/airflow/dags/dag_03_data_pipeline.py
[2026-06-16T11:47:54.227+0000] {processor.py:830} INFO - Processing file /opt/airflow/dags/dag_03_data_pipeline.py for tasks to queue
[2026-06-16T11:47:54.229+0000] {logging_mixin.py:188} INFO - [2026-06-16T11:47:54.228+0000] {dagbag.py:545} INFO - Filling up the DagBag from /opt/airflow/dags/dag_03_data_pipeline.py
[2026-06-16T11:47:54.240+0000] {processor.py:840} INFO - DAG(s) '03_getting_started_data_pipeline' retrieved from /opt/airflow/dags/dag_03_data_pipeline.py
[2026-06-16T11:47:54.288+0000] {logging_mixin.py:188} INFO - [2026-06-16T11:47:54.287+0000] {dag.py:3089} INFO - Sync 1 DAGs
[2026-06-16T11:47:54.848+0000] {logging_mixin.py:188} INFO - [2026-06-16T11:47:54.848+0000] {dag.py:3947} INFO - Setting next_dagrun for 03_getting_started_data_pipeline to None, run_after=None
[2026-06-16T11:47:54.902+0000] {processor.py:183} INFO - Processing /opt/airflow/dags/dag_03_data_pipeline.py took 0.686 seconds
[2026-06-16T11:48:25.790+0000] {processor.py:161} INFO - Started process (PID=518) to work on /opt/airflow/dags/dag_03_data_pipeline.py
[2026-06-16T11:48:25.793+0000] {processor.py:830} INFO - Processing file /opt/airflow/dags/dag_03_data_pipeline.py for tasks to queue
[2026-06-16T11:48:25.796+0000] {logging_mixin.py:188} INFO - [2026-06-16T11:48:25.796+0000] {dagbag.py:545} INFO - Filling up the DagBag from /opt/airflow/dags/dag_03_data_pipeline.py
[2026-06-16T11:48:25.808+0000] {processor.py:840} INFO - DAG(s) '03_getting_started_data_pipeline' retrieved from /opt/airflow/dags/dag_03_data_pipeline.py
[2026-06-16T11:48:25.855+0000] {logging_mixin.py:188} INFO - [2026-06-16T11:48:25.854+0000] {dag.py:3089} INFO - Sync 1 DAGs
[2026-06-16T11:48:25.870+0000] {logging_mixin.py:188} INFO - [2026-06-16T11:48:25.870+0000] {dag.py:3947} INFO - Setting next_dagrun for 03_getting_started_data_pipeline to None, run_after=None
[2026-06-16T11:48:25.902+0000] {processor.py:183} INFO - Processing /opt/airflow/dags/dag_03_data_pipeline.py took 0.120 seconds
[2026-06-16T11:48:55.980+0000] {processor.py:161} INFO - Started process (PID=543) to work on /opt/airflow/dags/dag_03_data_pipeline.py
[2026-06-16T11:48:55.981+0000] {processor.py:830} INFO - Processing file /opt/airflow/dags/dag_03_data_pipeline.py for tasks to queue
[2026-06-16T11:48:55.983+0000] {logging_mixin.py:188} INFO - [2026-06-16T11:48:55.983+0000] {dagbag.py:545} INFO - Filling up the DagBag from /opt/airflow/dags/dag_03_data_pipeline.py
[2026-06-16T11:48:55.994+0000] {processor.py:840} INFO - DAG(s) '03_getting_started_data_pipeline' retrieved from /opt/airflow/dags/dag_03_data_pipeline.py
[2026-06-16T11:48:56.041+0000] {logging_mixin.py:188} INFO - [2026-06-16T11:48:56.040+0000] {dag.py:3089} INFO - Sync 1 DAGs
[2026-06-16T11:48:56.055+0000] {logging_mixin.py:188} INFO - [2026-06-16T11:48:56.054+0000] {dag.py:3947} INFO - Setting next_dagrun for 03_getting_started_data_pipeline to None, run_after=None
[2026-06-16T11:48:56.081+0000] {processor.py:183} INFO - Processing /opt/airflow/dags/dag_03_data_pipeline.py took 0.108 seconds
[2026-06-16T11:49:26.184+0000] {processor.py:161} INFO - Started process (PID=568) to work on /opt/airflow/dags/dag_03_data_pipeline.py
[2026-06-16T11:49:26.186+0000] {processor.py:830} INFO - Processing file /opt/airflow/dags/dag_03_data_pipeline.py for tasks to queue
[2026-06-16T11:49:26.188+0000] {logging_mixin.py:188} INFO - [2026-06-16T11:49:26.188+0000] {dagbag.py:545} INFO - Filling up the DagBag from /opt/airflow/dags/dag_03_data_pipeline.py
[2026-06-16T11:49:26.203+0000] {processor.py:840} INFO - DAG(s) '03_getting_started_data_pipeline' retrieved from /opt/airflow/dags/dag_03_data_pipeline.py
[2026-06-16T11:49:26.253+0000] {logging_mixin.py:188} INFO - [2026-06-16T11:49:26.253+0000] {dag.py:3089} INFO - Sync 1 DAGs
[2026-06-16T11:49:26.271+0000] {logging_mixin.py:188} INFO - [2026-06-16T11:49:26.270+0000] {dag.py:3947} INFO - Setting next_dagrun for 03_getting_started_data_pipeline to None, run_after=None
[2026-06-16T11:49:26.296+0000] {processor.py:183} INFO - Processing /opt/airflow/dags/dag_03_data_pipeline.py took 0.120 seconds
[2026-06-16T11:49:57.080+0000] {processor.py:161} INFO - Started process (PID=593) to work on /opt/airflow/dags/dag_03_data_pipeline.py
[2026-06-16T11:49:57.082+0000] {processor.py:830} INFO - Processing file /opt/airflow/dags/dag_03_data_pipeline.py for tasks to queue
[2026-06-16T11:49:57.084+0000] {logging_mixin.py:188} INFO - [2026-06-16T11:49:57.083+0000] {dagbag.py:545} INFO - Filling up the DagBag from /opt/airflow/dags/dag_03_data_pipeline.py
[2026-06-16T11:49:57.096+0000] {processor.py:840} INFO - DAG(s) '03_getting_started_data_pipeline' retrieved from /opt/airflow/dags/dag_03_data_pipeline.py
[2026-06-16T11:49:57.154+0000] {logging_mixin.py:188} INFO - [2026-06-16T11:49:57.154+0000] {dag.py:3089} INFO - Sync 1 DAGs
[2026-06-16T11:49:57.174+0000] {logging_mixin.py:188} INFO - [2026-06-16T11:49:57.174+0000] {dag.py:3947} INFO - Setting next_dagrun for 03_getting_started_data_pipeline to None, run_after=None
[2026-06-16T11:49:57.214+0000] {processor.py:183} INFO - Processing /opt/airflow/dags/dag_03_data_pipeline.py took 0.143 seconds
[2026-06-16T11:53:13.759+0000] {processor.py:161} INFO - Started process (PID=193) to work on /opt/airflow/dags/dag_03_data_pipeline.py
[2026-06-16T11:53:13.761+0000] {processor.py:830} INFO - Processing file /opt/airflow/dags/dag_03_data_pipeline.py for tasks to queue
[2026-06-16T11:53:13.764+0000] {logging_mixin.py:188} INFO - [2026-06-16T11:53:13.763+0000] {dagbag.py:545} INFO - Filling up the DagBag from /opt/airflow/dags/dag_03_data_pipeline.py
[2026-06-16T11:53:13.780+0000] {processor.py:840} INFO - DAG(s) '03_getting_started_data_pipeline' retrieved from /opt/airflow/dags/dag_03_data_pipeline.py
[2026-06-16T11:53:14.038+0000] {logging_mixin.py:188} INFO - [2026-06-16T11:53:14.037+0000] {override.py:1858} INFO - Created Permission View: can edit on DAG:03_getting_started_data_pipeline
[2026-06-16T11:53:14.055+0000] {logging_mixin.py:188} INFO - [2026-06-16T11:53:14.054+0000] {override.py:1858} INFO - Created Permission View: can delete on DAG:03_getting_started_data_pipeline
[2026-06-16T11:53:14.064+0000] {logging_mixin.py:188} INFO - [2026-06-16T11:53:14.063+0000] {override.py:1858} INFO - Created Permission View: can read on DAG:03_getting_started_data_pipeline
[2026-06-16T11:53:14.065+0000] {logging_mixin.py:188} INFO - [2026-06-16T11:53:14.064+0000] {dag.py:3089} INFO - Sync 1 DAGs
[2026-06-16T11:53:14.082+0000] {logging_mixin.py:188} INFO - [2026-06-16T11:53:14.082+0000] {dag.py:3111} INFO - Creating ORM DAG for 03_getting_started_data_pipeline
[2026-06-16T11:53:14.083+0000] {logging_mixin.py:188} INFO - [2026-06-16T11:53:14.083+0000] {dag.py:3947} INFO - Setting next_dagrun for 03_getting_started_data_pipeline to None, run_after=None
[2026-06-16T11:53:14.104+0000] {processor.py:183} INFO - Processing /opt/airflow/dags/dag_03_data_pipeline.py took 0.355 seconds
[2026-06-16T11:53:44.157+0000] {processor.py:161} INFO - Started process (PID=221) to work on /opt/airflow/dags/dag_03_data_pipeline.py
[2026-06-16T11:53:44.158+0000] {processor.py:830} INFO - Processing file /opt/airflow/dags/dag_03_data_pipeline.py for tasks to queue
[2026-06-16T11:53:44.160+0000] {logging_mixin.py:188} INFO - [2026-06-16T11:53:44.160+0000] {dagbag.py:545} INFO - Filling up the DagBag from /opt/airflow/dags/dag_03_data_pipeline.py
[2026-06-16T11:53:44.175+0000] {processor.py:840} INFO - DAG(s) '03_getting_started_data_pipeline' retrieved from /opt/airflow/dags/dag_03_data_pipeline.py
[2026-06-16T11:53:44.239+0000] {logging_mixin.py:188} INFO - [2026-06-16T11:53:44.239+0000] {dag.py:3089} INFO - Sync 1 DAGs
[2026-06-16T11:53:44.259+0000] {logging_mixin.py:188} INFO - [2026-06-16T11:53:44.258+0000] {dag.py:3947} INFO - Setting next_dagrun for 03_getting_started_data_pipeline to None, run_after=None
[2026-06-16T11:53:44.286+0000] {processor.py:183} INFO - Processing /opt/airflow/dags/dag_03_data_pipeline.py took 0.139 seconds
[2026-06-16T11:54:14.975+0000] {processor.py:161} INFO - Started process (PID=243) to work on /opt/airflow/dags/dag_03_data_pipeline.py
[2026-06-16T11:54:14.977+0000] {processor.py:830} INFO - Processing file /opt/airflow/dags/dag_03_data_pipeline.py for tasks to queue
[2026-06-16T11:54:14.979+0000] {logging_mixin.py:188} INFO - [2026-06-16T11:54:14.978+0000] {dagbag.py:545} INFO - Filling up the DagBag from /opt/airflow/dags/dag_03_data_pipeline.py
[2026-06-16T11:54:14.991+0000] {processor.py:840} INFO - DAG(s) '03_getting_started_data_pipeline' retrieved from /opt/airflow/dags/dag_03_data_pipeline.py
[2026-06-16T11:54:15.038+0000] {logging_mixin.py:188} INFO - [2026-06-16T11:54:15.038+0000] {dag.py:3089} INFO - Sync 1 DAGs
[2026-06-16T11:54:15.054+0000] {logging_mixin.py:188} INFO - [2026-06-16T11:54:15.053+0000] {dag.py:3947} INFO - Setting next_dagrun for 03_getting_started_data_pipeline to None, run_after=None
[2026-06-16T11:54:15.078+0000] {processor.py:183} INFO - Processing /opt/airflow/dags/dag_03_data_pipeline.py took 0.110 seconds
[2026-06-16T11:54:45.876+0000] {processor.py:161} INFO - Started process (PID=268) to work on /opt/airflow/dags/dag_03_data_pipeline.py
[2026-06-16T11:54:45.878+0000] {processor.py:830} INFO - Processing file /opt/airflow/dags/dag_03_data_pipeline.py for tasks to queue
[2026-06-16T11:54:45.881+0000] {logging_mixin.py:188} INFO - [2026-06-16T11:54:45.880+0000] {dagbag.py:545} INFO - Filling up the DagBag from /opt/airflow/dags/dag_03_data_pipeline.py
[2026-06-16T11:54:45.897+0000] {processor.py:840} INFO - DAG(s) '03_getting_started_data_pipeline' retrieved from /opt/airflow/dags/dag_03_data_pipeline.py
[2026-06-16T11:54:45.950+0000] {logging_mixin.py:188} INFO - [2026-06-16T11:54:45.950+0000] {dag.py:3089} INFO - Sync 1 DAGs
[2026-06-16T11:54:45.969+0000] {logging_mixin.py:188} INFO - [2026-06-16T11:54:45.969+0000] {dag.py:3947} INFO - Setting next_dagrun for 03_getting_started_data_pipeline to None, run_after=None
[2026-06-16T11:54:46.000+0000] {processor.py:183} INFO - Processing /opt/airflow/dags/dag_03_data_pipeline.py took 0.132 seconds
[2026-06-16T11:55:16.862+0000] {processor.py:161} INFO - Started process (PID=291) to work on /opt/airflow/dags/dag_03_data_pipeline.py
[2026-06-16T11:55:16.864+0000] {processor.py:830} INFO - Processing file /opt/airflow/dags/dag_03_data_pipeline.py for tasks to queue
[2026-06-16T11:55:16.867+0000] {logging_mixin.py:188} INFO - [2026-06-16T11:55:16.866+0000] {dagbag.py:545} INFO - Filling up the DagBag from /opt/airflow/dags/dag_03_data_pipeline.py
[2026-06-16T11:55:16.885+0000] {processor.py:840} INFO - DAG(s) '03_getting_started_data_pipeline' retrieved from /opt/airflow/dags/dag_03_data_pipeline.py
[2026-06-16T11:55:16.945+0000] {logging_mixin.py:188} INFO - [2026-06-16T11:55:16.945+0000] {dag.py:3089} INFO - Sync 1 DAGs
[2026-06-16T11:55:16.963+0000] {logging_mixin.py:188} INFO - [2026-06-16T11:55:16.963+0000] {dag.py:3947} INFO - Setting next_dagrun for 03_getting_started_data_pipeline to None, run_after=None
[2026-06-16T11:55:16.994+0000] {processor.py:183} INFO - Processing /opt/airflow/dags/dag_03_data_pipeline.py took 0.146 seconds
[2026-06-16T11:55:47.747+0000] {processor.py:161} INFO - Started process (PID=318) to work on /opt/airflow/dags/dag_03_data_pipeline.py
[2026-06-16T11:55:47.748+0000] {processor.py:830} INFO - Processing file /opt/airflow/dags/dag_03_data_pipeline.py for tasks to queue
[2026-06-16T11:55:47.751+0000] {logging_mixin.py:188} INFO - [2026-06-16T11:55:47.750+0000] {dagbag.py:545} INFO - Filling up the DagBag from /opt/airflow/dags/dag_03_data_pipeline.py
[2026-06-16T11:55:47.764+0000] {processor.py:840} INFO - DAG(s) '03_getting_started_data_pipeline' retrieved from /opt/airflow/dags/dag_03_data_pipeline.py
[2026-06-16T11:55:47.814+0000] {logging_mixin.py:188} INFO - [2026-06-16T11:55:47.813+0000] {dag.py:3089} INFO - Sync 1 DAGs
[2026-06-16T11:55:47.833+0000] {logging_mixin.py:188} INFO - [2026-06-16T11:55:47.833+0000] {dag.py:3947} INFO - Setting next_dagrun for 03_getting_started_data_pipeline to None, run_after=None
[2026-06-16T11:55:47.862+0000] {processor.py:183} INFO - Processing /opt/airflow/dags/dag_03_data_pipeline.py took 0.124 seconds
[2026-06-16T11:56:18.775+0000] {processor.py:161} INFO - Started process (PID=343) to work on /opt/airflow/dags/dag_03_data_pipeline.py
[2026-06-16T11:56:18.776+0000] {processor.py:830} INFO - Processing file /opt/airflow/dags/dag_03_data_pipeline.py for tasks to queue
[2026-06-16T11:56:18.779+0000] {logging_mixin.py:188} INFO - [2026-06-16T11:56:18.779+0000] {dagbag.py:545} INFO - Filling up the DagBag from /opt/airflow/dags/dag_03_data_pipeline.py
[2026-06-16T11:56:18.792+0000] {processor.py:840} INFO - DAG(s) '03_getting_started_data_pipeline' retrieved from /opt/airflow/dags/dag_03_data_pipeline.py
[2026-06-16T11:56:18.844+0000] {logging_mixin.py:188} INFO - [2026-06-16T11:56:18.844+0000] {dag.py:3089} INFO - Sync 1 DAGs
[2026-06-16T11:56:18.863+0000] {logging_mixin.py:188} INFO - [2026-06-16T11:56:18.863+0000] {dag.py:3947} INFO - Setting next_dagrun for 03_getting_started_data_pipeline to None, run_after=None
[2026-06-16T11:56:18.894+0000] {processor.py:183} INFO - Processing /opt/airflow/dags/dag_03_data_pipeline.py took 0.129 seconds
[2026-06-16T11:59:24.487+0000] {processor.py:161} INFO - Started process (PID=193) to work on /opt/airflow/dags/dag_03_data_pipeline.py
[2026-06-16T11:59:24.489+0000] {processor.py:830} INFO - Processing file /opt/airflow/dags/dag_03_data_pipeline.py for tasks to queue
[2026-06-16T11:59:24.492+0000] {logging_mixin.py:188} INFO - [2026-06-16T11:59:24.491+0000] {dagbag.py:545} INFO - Filling up the DagBag from /opt/airflow/dags/dag_03_data_pipeline.py
[2026-06-16T11:59:24.509+0000] {processor.py:840} INFO - DAG(s) '03_getting_started_data_pipeline' retrieved from /opt/airflow/dags/dag_03_data_pipeline.py
[2026-06-16T11:59:24.742+0000] {logging_mixin.py:188} INFO - [2026-06-16T11:59:24.741+0000] {override.py:1858} INFO - Created Permission View: can edit on DAG:03_getting_started_data_pipeline
[2026-06-16T11:59:24.755+0000] {logging_mixin.py:188} INFO - [2026-06-16T11:59:24.755+0000] {override.py:1858} INFO - Created Permission View: can delete on DAG:03_getting_started_data_pipeline
[2026-06-16T11:59:24.764+0000] {logging_mixin.py:188} INFO - [2026-06-16T11:59:24.763+0000] {override.py:1858} INFO - Created Permission View: can read on DAG:03_getting_started_data_pipeline
[2026-06-16T11:59:24.764+0000] {logging_mixin.py:188} INFO - [2026-06-16T11:59:24.764+0000] {dag.py:3089} INFO - Sync 1 DAGs
[2026-06-16T11:59:24.785+0000] {logging_mixin.py:188} INFO - [2026-06-16T11:59:24.785+0000] {dag.py:3111} INFO - Creating ORM DAG for 03_getting_started_data_pipeline
[2026-06-16T11:59:24.786+0000] {logging_mixin.py:188} INFO - [2026-06-16T11:59:24.786+0000] {dag.py:3947} INFO - Setting next_dagrun for 03_getting_started_data_pipeline to None, run_after=None
[2026-06-16T11:59:24.807+0000] {processor.py:183} INFO - Processing /opt/airflow/dags/dag_03_data_pipeline.py took 0.330 seconds
[2026-06-16T11:59:54.867+0000] {processor.py:161} INFO - Started process (PID=216) to work on /opt/airflow/dags/dag_03_data_pipeline.py
[2026-06-16T11:59:54.869+0000] {processor.py:830} INFO - Processing file /opt/airflow/dags/dag_03_data_pipeline.py for tasks to queue
[2026-06-16T11:59:54.872+0000] {logging_mixin.py:188} INFO - [2026-06-16T11:59:54.872+0000] {dagbag.py:545} INFO - Filling up the DagBag from /opt/airflow/dags/dag_03_data_pipeline.py
[2026-06-16T11:59:54.891+0000] {processor.py:840} INFO - DAG(s) '03_getting_started_data_pipeline' retrieved from /opt/airflow/dags/dag_03_data_pipeline.py
[2026-06-16T11:59:54.959+0000] {logging_mixin.py:188} INFO - [2026-06-16T11:59:54.959+0000] {dag.py:3089} INFO - Sync 1 DAGs
[2026-06-16T11:59:54.978+0000] {logging_mixin.py:188} INFO - [2026-06-16T11:59:54.978+0000] {dag.py:3947} INFO - Setting next_dagrun for 03_getting_started_data_pipeline to None, run_after=None
[2026-06-16T11:59:55.011+0000] {processor.py:183} INFO - Processing /opt/airflow/dags/dag_03_data_pipeline.py took 0.155 seconds
[2026-06-16T12:00:25.746+0000] {processor.py:161} INFO - Started process (PID=243) to work on /opt/airflow/dags/dag_03_data_pipeline.py
[2026-06-16T12:00:25.747+0000] {processor.py:830} INFO - Processing file /opt/airflow/dags/dag_03_data_pipeline.py for tasks to queue
[2026-06-16T12:00:25.749+0000] {logging_mixin.py:188} INFO - [2026-06-16T12:00:25.749+0000] {dagbag.py:545} INFO - Filling up the DagBag from /opt/airflow/dags/dag_03_data_pipeline.py
[2026-06-16T12:00:25.760+0000] {processor.py:840} INFO - DAG(s) '03_getting_started_data_pipeline' retrieved from /opt/airflow/dags/dag_03_data_pipeline.py
[2026-06-16T12:00:25.809+0000] {logging_mixin.py:188} INFO - [2026-06-16T12:00:25.808+0000] {dag.py:3089} INFO - Sync 1 DAGs
[2026-06-16T12:00:25.826+0000] {logging_mixin.py:188} INFO - [2026-06-16T12:00:25.826+0000] {dag.py:3947} INFO - Setting next_dagrun for 03_getting_started_data_pipeline to None, run_after=None
[2026-06-16T12:00:25.853+0000] {processor.py:183} INFO - Processing /opt/airflow/dags/dag_03_data_pipeline.py took 0.114 seconds
[2026-06-16T12:00:56.711+0000] {processor.py:161} INFO - Started process (PID=268) to work on /opt/airflow/dags/dag_03_data_pipeline.py
[2026-06-16T12:00:56.712+0000] {processor.py:830} INFO - Processing file /opt/airflow/dags/dag_03_data_pipeline.py for tasks to queue
[2026-06-16T12:00:56.714+0000] {logging_mixin.py:188} INFO - [2026-06-16T12:00:56.714+0000] {dagbag.py:545} INFO - Filling up the DagBag from /opt/airflow/dags/dag_03_data_pipeline.py
[2026-06-16T12:00:56.726+0000] {processor.py:840} INFO - DAG(s) '03_getting_started_data_pipeline' retrieved from /opt/airflow/dags/dag_03_data_pipeline.py
[2026-06-16T12:00:56.779+0000] {logging_mixin.py:188} INFO - [2026-06-16T12:00:56.778+0000] {dag.py:3089} INFO - Sync 1 DAGs
[2026-06-16T12:00:56.797+0000] {logging_mixin.py:188} INFO - [2026-06-16T12:00:56.796+0000] {dag.py:3947} INFO - Setting next_dagrun for 03_getting_started_data_pipeline to None, run_after=None
[2026-06-16T12:00:56.829+0000] {processor.py:183} INFO - Processing /opt/airflow/dags/dag_03_data_pipeline.py took 0.125 seconds
[2026-06-16T12:01:27.589+0000] {processor.py:161} INFO - Started process (PID=293) to work on /opt/airflow/dags/dag_03_data_pipeline.py
[2026-06-16T12:01:27.591+0000] {processor.py:830} INFO - Processing file /opt/airflow/dags/dag_03_data_pipeline.py for tasks to queue
[2026-06-16T12:01:27.593+0000] {logging_mixin.py:188} INFO - [2026-06-16T12:01:27.592+0000] {dagbag.py:545} INFO - Filling up the DagBag from /opt/airflow/dags/dag_03_data_pipeline.py
[2026-06-16T12:01:27.603+0000] {processor.py:840} INFO - DAG(s) '03_getting_started_data_pipeline' retrieved from /opt/airflow/dags/dag_03_data_pipeline.py
[2026-06-16T12:01:27.652+0000] {logging_mixin.py:188} INFO - [2026-06-16T12:01:27.651+0000] {dag.py:3089} INFO - Sync 1 DAGs
[2026-06-16T12:01:27.667+0000] {logging_mixin.py:188} INFO - [2026-06-16T12:01:27.667+0000] {dag.py:3947} INFO - Setting next_dagrun for 03_getting_started_data_pipeline to None, run_after=None
[2026-06-16T12:01:27.692+0000] {processor.py:183} INFO - Processing /opt/airflow/dags/dag_03_data_pipeline.py took 0.111 seconds
[2026-06-16T12:01:58.216+0000] {processor.py:161} INFO - Started process (PID=318) to work on /opt/airflow/dags/dag_03_data_pipeline.py
[2026-06-16T12:01:58.218+0000] {processor.py:830} INFO - Processing file /opt/airflow/dags/dag_03_data_pipeline.py for tasks to queue
[2026-06-16T12:01:58.222+0000] {logging_mixin.py:188} INFO - [2026-06-16T12:01:58.221+0000] {dagbag.py:545} INFO - Filling up the DagBag from /opt/airflow/dags/dag_03_data_pipeline.py
[2026-06-16T12:01:57.564+0000] {processor.py:840} INFO - DAG(s) '03_getting_started_data_pipeline' retrieved from /opt/airflow/dags/dag_03_data_pipeline.py
[2026-06-16T12:01:57.614+0000] {logging_mixin.py:188} INFO - [2026-06-16T12:01:57.614+0000] {dag.py:3089} INFO - Sync 1 DAGs
[2026-06-16T12:01:57.630+0000] {logging_mixin.py:188} INFO - [2026-06-16T12:01:57.630+0000] {dag.py:3947} INFO - Setting next_dagrun for 03_getting_started_data_pipeline to None, run_after=None
[2026-06-16T12:01:57.655+0000] {processor.py:183} INFO - Processing /opt/airflow/dags/dag_03_data_pipeline.py took 0.120 seconds
[2026-06-16T12:02:27.973+0000] {processor.py:161} INFO - Started process (PID=333) to work on /opt/airflow/dags/dag_03_data_pipeline.py
[2026-06-16T12:02:27.975+0000] {processor.py:830} INFO - Processing file /opt/airflow/dags/dag_03_data_pipeline.py for tasks to queue
[2026-06-16T12:02:27.978+0000] {logging_mixin.py:188} INFO - [2026-06-16T12:02:27.977+0000] {dagbag.py:545} INFO - Filling up the DagBag from /opt/airflow/dags/dag_03_data_pipeline.py
[2026-06-16T12:02:27.991+0000] {processor.py:840} INFO - DAG(s) '03_getting_started_data_pipeline' retrieved from /opt/airflow/dags/dag_03_data_pipeline.py
[2026-06-16T12:02:28.043+0000] {logging_mixin.py:188} INFO - [2026-06-16T12:02:28.043+0000] {dag.py:3089} INFO - Sync 1 DAGs
[2026-06-16T12:02:28.062+0000] {logging_mixin.py:188} INFO - [2026-06-16T12:02:28.062+0000] {dag.py:3947} INFO - Setting next_dagrun for 03_getting_started_data_pipeline to None, run_after=None
[2026-06-16T12:02:28.089+0000] {processor.py:183} INFO - Processing /opt/airflow/dags/dag_03_data_pipeline.py took 0.128 seconds
[2026-06-16T12:02:58.757+0000] {processor.py:161} INFO - Started process (PID=358) to work on /opt/airflow/dags/dag_03_data_pipeline.py
[2026-06-16T12:02:58.768+0000] {processor.py:830} INFO - Processing file /opt/airflow/dags/dag_03_data_pipeline.py for tasks to queue
[2026-06-16T12:02:58.771+0000] {logging_mixin.py:188} INFO - [2026-06-16T12:02:58.770+0000] {dagbag.py:545} INFO - Filling up the DagBag from /opt/airflow/dags/dag_03_data_pipeline.py
[2026-06-16T12:02:58.784+0000] {processor.py:840} INFO - DAG(s) '03_getting_started_data_pipeline' retrieved from /opt/airflow/dags/dag_03_data_pipeline.py
[2026-06-16T12:02:58.841+0000] {logging_mixin.py:188} INFO - [2026-06-16T12:02:58.841+0000] {dag.py:3089} INFO - Sync 1 DAGs
[2026-06-16T12:02:58.860+0000] {logging_mixin.py:188} INFO - [2026-06-16T12:02:58.860+0000] {dag.py:3947} INFO - Setting next_dagrun for 03_getting_started_data_pipeline to None, run_after=None
[2026-06-16T12:02:58.886+0000] {processor.py:183} INFO - Processing /opt/airflow/dags/dag_03_data_pipeline.py took 0.140 seconds
[2026-06-16T12:03:29.604+0000] {processor.py:161} INFO - Started process (PID=383) to work on /opt/airflow/dags/dag_03_data_pipeline.py
[2026-06-16T12:03:29.605+0000] {processor.py:830} INFO - Processing file /opt/airflow/dags/dag_03_data_pipeline.py for tasks to queue
[2026-06-16T12:03:29.609+0000] {logging_mixin.py:188} INFO - [2026-06-16T12:03:29.608+0000] {dagbag.py:545} INFO - Filling up the DagBag from /opt/airflow/dags/dag_03_data_pipeline.py
[2026-06-16T12:03:29.624+0000] {processor.py:840} INFO - DAG(s) '03_getting_started_data_pipeline' retrieved from /opt/airflow/dags/dag_03_data_pipeline.py
[2026-06-16T12:03:29.694+0000] {logging_mixin.py:188} INFO - [2026-06-16T12:03:29.694+0000] {dag.py:3089} INFO - Sync 1 DAGs
[2026-06-16T12:03:29.718+0000] {logging_mixin.py:188} INFO - [2026-06-16T12:03:29.718+0000] {dag.py:3947} INFO - Setting next_dagrun for 03_getting_started_data_pipeline to None, run_after=None
[2026-06-16T12:03:29.755+0000] {processor.py:183} INFO - Processing /opt/airflow/dags/dag_03_data_pipeline.py took 0.163 seconds
[2026-06-16T12:04:00.564+0000] {processor.py:161} INFO - Started process (PID=408) to work on /opt/airflow/dags/dag_03_data_pipeline.py
[2026-06-16T12:04:00.575+0000] {processor.py:830} INFO - Processing file /opt/airflow/dags/dag_03_data_pipeline.py for tasks to queue
[2026-06-16T12:04:00.577+0000] {logging_mixin.py:188} INFO - [2026-06-16T12:04:00.576+0000] {dagbag.py:545} INFO - Filling up the DagBag from /opt/airflow/dags/dag_03_data_pipeline.py
[2026-06-16T12:04:00.590+0000] {processor.py:840} INFO - DAG(s) '03_getting_started_data_pipeline' retrieved from /opt/airflow/dags/dag_03_data_pipeline.py
[2026-06-16T12:04:00.638+0000] {logging_mixin.py:188} INFO - [2026-06-16T12:04:00.638+0000] {dag.py:3089} INFO - Sync 1 DAGs
[2026-06-16T12:04:00.658+0000] {logging_mixin.py:188} INFO - [2026-06-16T12:04:00.657+0000] {dag.py:3947} INFO - Setting next_dagrun for 03_getting_started_data_pipeline to None, run_after=None
[2026-06-16T12:04:00.685+0000] {processor.py:183} INFO - Processing /opt/airflow/dags/dag_03_data_pipeline.py took 0.131 seconds
[2026-06-16T12:04:31.397+0000] {processor.py:161} INFO - Started process (PID=438) to work on /opt/airflow/dags/dag_03_data_pipeline.py
[2026-06-16T12:04:31.399+0000] {processor.py:830} INFO - Processing file /opt/airflow/dags/dag_03_data_pipeline.py for tasks to queue
[2026-06-16T12:04:31.401+0000] {logging_mixin.py:188} INFO - [2026-06-16T12:04:31.400+0000] {dagbag.py:545} INFO - Filling up the DagBag from /opt/airflow/dags/dag_03_data_pipeline.py
[2026-06-16T12:04:31.412+0000] {processor.py:840} INFO - DAG(s) '03_getting_started_data_pipeline' retrieved from /opt/airflow/dags/dag_03_data_pipeline.py
[2026-06-16T12:04:31.465+0000] {logging_mixin.py:188} INFO - [2026-06-16T12:04:31.465+0000] {dag.py:3089} INFO - Sync 1 DAGs
[2026-06-16T12:04:31.487+0000] {logging_mixin.py:188} INFO - [2026-06-16T12:04:31.486+0000] {dag.py:3947} INFO - Setting next_dagrun for 03_getting_started_data_pipeline to None, run_after=None
[2026-06-16T12:04:31.515+0000] {processor.py:183} INFO - Processing /opt/airflow/dags/dag_03_data_pipeline.py took 0.126 seconds
[2026-06-16T12:05:02.184+0000] {processor.py:161} INFO - Started process (PID=468) to work on /opt/airflow/dags/dag_03_data_pipeline.py
[2026-06-16T12:05:02.186+0000] {processor.py:830} INFO - Processing file /opt/airflow/dags/dag_03_data_pipeline.py for tasks to queue
[2026-06-16T12:05:02.190+0000] {logging_mixin.py:188} INFO - [2026-06-16T12:05:02.189+0000] {dagbag.py:545} INFO - Filling up the DagBag from /opt/airflow/dags/dag_03_data_pipeline.py
[2026-06-16T12:05:02.211+0000] {processor.py:840} INFO - DAG(s) '03_getting_started_data_pipeline' retrieved from /opt/airflow/dags/dag_03_data_pipeline.py
[2026-06-16T12:05:02.272+0000] {logging_mixin.py:188} INFO - [2026-06-16T12:05:02.272+0000] {dag.py:3089} INFO - Sync 1 DAGs
[2026-06-16T12:05:02.290+0000] {logging_mixin.py:188} INFO - [2026-06-16T12:05:02.289+0000] {dag.py:3947} INFO - Setting next_dagrun for 03_getting_started_data_pipeline to None, run_after=None
[2026-06-16T12:05:02.320+0000] {processor.py:183} INFO - Processing /opt/airflow/dags/dag_03_data_pipeline.py took 0.150 seconds
[2026-06-16T12:05:32.361+0000] {processor.py:161} INFO - Started process (PID=498) to work on /opt/airflow/dags/dag_03_data_pipeline.py
[2026-06-16T12:05:32.362+0000] {processor.py:830} INFO - Processing file /opt/airflow/dags/dag_03_data_pipeline.py for tasks to queue
[2026-06-16T12:05:32.365+0000] {logging_mixin.py:188} INFO - [2026-06-16T12:05:32.364+0000] {dagbag.py:545} INFO - Filling up the DagBag from /opt/airflow/dags/dag_03_data_pipeline.py
[2026-06-16T12:05:32.375+0000] {processor.py:840} INFO - DAG(s) '03_getting_started_data_pipeline' retrieved from /opt/airflow/dags/dag_03_data_pipeline.py
[2026-06-16T12:05:32.433+0000] {logging_mixin.py:188} INFO - [2026-06-16T12:05:32.433+0000] {dag.py:3089} INFO - Sync 1 DAGs
[2026-06-16T12:05:32.455+0000] {logging_mixin.py:188} INFO - [2026-06-16T12:05:32.454+0000] {dag.py:3947} INFO - Setting next_dagrun for 03_getting_started_data_pipeline to None, run_after=None
[2026-06-16T12:05:32.484+0000] {processor.py:183} INFO - Processing /opt/airflow/dags/dag_03_data_pipeline.py took 0.131 seconds
[2026-06-16T12:06:03.337+0000] {processor.py:161} INFO - Started process (PID=528) to work on /opt/airflow/dags/dag_03_data_pipeline.py
[2026-06-16T12:06:03.348+0000] {processor.py:830} INFO - Processing file /opt/airflow/dags/dag_03_data_pipeline.py for tasks to queue
[2026-06-16T12:06:03.350+0000] {logging_mixin.py:188} INFO - [2026-06-16T12:06:03.349+0000] {dagbag.py:545} INFO - Filling up the DagBag from /opt/airflow/dags/dag_03_data_pipeline.py
[2026-06-16T12:06:03.363+0000] {processor.py:840} INFO - DAG(s) '03_getting_started_data_pipeline' retrieved from /opt/airflow/dags/dag_03_data_pipeline.py
[2026-06-16T12:06:03.415+0000] {logging_mixin.py:188} INFO - [2026-06-16T12:06:03.414+0000] {dag.py:3089} INFO - Sync 1 DAGs
[2026-06-16T12:06:03.435+0000] {logging_mixin.py:188} INFO - [2026-06-16T12:06:03.434+0000] {dag.py:3947} INFO - Setting next_dagrun for 03_getting_started_data_pipeline to None, run_after=None
[2026-06-16T12:06:03.464+0000] {processor.py:183} INFO - Processing /opt/airflow/dags/dag_03_data_pipeline.py took 0.140 seconds
[2026-06-16T12:06:34.319+0000] {processor.py:161} INFO - Started process (PID=558) to work on /opt/airflow/dags/dag_03_data_pipeline.py
[2026-06-16T12:06:34.323+0000] {processor.py:830} INFO - Processing file /opt/airflow/dags/dag_03_data_pipeline.py for tasks to queue
[2026-06-16T12:06:34.327+0000] {logging_mixin.py:188} INFO - [2026-06-16T12:06:34.326+0000] {dagbag.py:545} INFO - Filling up the DagBag from /opt/airflow/dags/dag_03_data_pipeline.py
[2026-06-16T12:06:34.350+0000] {processor.py:840} INFO - DAG(s) '03_getting_started_data_pipeline' retrieved from /opt/airflow/dags/dag_03_data_pipeline.py
[2026-06-16T12:06:34.425+0000] {logging_mixin.py:188} INFO - [2026-06-16T12:06:34.425+0000] {dag.py:3089} INFO - Sync 1 DAGs
[2026-06-16T12:06:34.448+0000] {logging_mixin.py:188} INFO - [2026-06-16T12:06:34.448+0000] {dag.py:3947} INFO - Setting next_dagrun for 03_getting_started_data_pipeline to None, run_after=None
[2026-06-16T12:06:34.480+0000] {processor.py:183} INFO - Processing /opt/airflow/dags/dag_03_data_pipeline.py took 0.180 seconds
[2026-06-16T12:07:04.586+0000] {processor.py:161} INFO - Started process (PID=588) to work on /opt/airflow/dags/dag_03_data_pipeline.py
[2026-06-16T12:07:04.587+0000] {processor.py:830} INFO - Processing file /opt/airflow/dags/dag_03_data_pipeline.py for tasks to queue
[2026-06-16T12:07:04.590+0000] {logging_mixin.py:188} INFO - [2026-06-16T12:07:04.589+0000] {dagbag.py:545} INFO - Filling up the DagBag from /opt/airflow/dags/dag_03_data_pipeline.py
[2026-06-16T12:07:04.604+0000] {processor.py:840} INFO - DAG(s) '03_getting_started_data_pipeline' retrieved from /opt/airflow/dags/dag_03_data_pipeline.py
[2026-06-16T12:07:04.658+0000] {logging_mixin.py:188} INFO - [2026-06-16T12:07:04.658+0000] {dag.py:3089} INFO - Sync 1 DAGs
[2026-06-16T12:07:04.677+0000] {logging_mixin.py:188} INFO - [2026-06-16T12:07:04.677+0000] {dag.py:3947} INFO - Setting next_dagrun for 03_getting_started_data_pipeline to None, run_after=None
[2026-06-16T12:07:04.703+0000] {processor.py:183} INFO - Processing /opt/airflow/dags/dag_03_data_pipeline.py took 0.127 seconds
[2026-06-16T12:07:35.534+0000] {processor.py:161} INFO - Started process (PID=618) to work on /opt/airflow/dags/dag_03_data_pipeline.py
[2026-06-16T12:07:35.536+0000] {processor.py:830} INFO - Processing file /opt/airflow/dags/dag_03_data_pipeline.py for tasks to queue
[2026-06-16T12:07:35.539+0000] {logging_mixin.py:188} INFO - [2026-06-16T12:07:35.538+0000] {dagbag.py:545} INFO - Filling up the DagBag from /opt/airflow/dags/dag_03_data_pipeline.py
[2026-06-16T12:07:35.550+0000] {processor.py:840} INFO - DAG(s) '03_getting_started_data_pipeline' retrieved from /opt/airflow/dags/dag_03_data_pipeline.py
[2026-06-16T12:07:35.606+0000] {logging_mixin.py:188} INFO - [2026-06-16T12:07:35.606+0000] {dag.py:3089} INFO - Sync 1 DAGs
[2026-06-16T12:07:35.628+0000] {logging_mixin.py:188} INFO - [2026-06-16T12:07:35.627+0000] {dag.py:3947} INFO - Setting next_dagrun for 03_getting_started_data_pipeline to None, run_after=None
[2026-06-16T12:07:35.657+0000] {processor.py:183} INFO - Processing /opt/airflow/dags/dag_03_data_pipeline.py took 0.131 seconds
[2026-06-16T12:16:55.231+0000] {processor.py:161} INFO - Started process (PID=201) to work on /opt/airflow/dags/dag_03_data_pipeline.py
[2026-06-16T12:16:55.232+0000] {processor.py:830} INFO - Processing file /opt/airflow/dags/dag_03_data_pipeline.py for tasks to queue
[2026-06-16T12:16:55.235+0000] {logging_mixin.py:188} INFO - [2026-06-16T12:16:55.234+0000] {dagbag.py:545} INFO - Filling up the DagBag from /opt/airflow/dags/dag_03_data_pipeline.py
[2026-06-16T12:16:55.251+0000] {processor.py:840} INFO - DAG(s) '03_getting_started_data_pipeline' retrieved from /opt/airflow/dags/dag_03_data_pipeline.py
[2026-06-16T12:16:55.466+0000] {logging_mixin.py:188} INFO - [2026-06-16T12:16:55.465+0000] {override.py:1858} INFO - Created Permission View: can edit on DAG:03_getting_started_data_pipeline
[2026-06-16T12:16:55.484+0000] {logging_mixin.py:188} INFO - [2026-06-16T12:16:55.483+0000] {override.py:1858} INFO - Created Permission View: can read on DAG:03_getting_started_data_pipeline
[2026-06-16T12:16:55.496+0000] {logging_mixin.py:188} INFO - [2026-06-16T12:16:55.495+0000] {override.py:1858} INFO - Created Permission View: can delete on DAG:03_getting_started_data_pipeline
[2026-06-16T12:16:55.497+0000] {logging_mixin.py:188} INFO - [2026-06-16T12:16:55.496+0000] {dag.py:3089} INFO - Sync 1 DAGs
[2026-06-16T12:16:55.522+0000] {logging_mixin.py:188} INFO - [2026-06-16T12:16:55.522+0000] {dag.py:3111} INFO - Creating ORM DAG for 03_getting_started_data_pipeline
[2026-06-16T12:16:55.524+0000] {logging_mixin.py:188} INFO - [2026-06-16T12:16:55.524+0000] {dag.py:3947} INFO - Setting next_dagrun for 03_getting_started_data_pipeline to None, run_after=None
[2026-06-16T12:16:55.550+0000] {processor.py:183} INFO - Processing /opt/airflow/dags/dag_03_data_pipeline.py took 0.327 seconds
[2026-06-16T12:17:26.337+0000] {processor.py:161} INFO - Started process (PID=238) to work on /opt/airflow/dags/dag_03_data_pipeline.py
[2026-06-16T12:17:26.339+0000] {processor.py:830} INFO - Processing file /opt/airflow/dags/dag_03_data_pipeline.py for tasks to queue
[2026-06-16T12:17:26.341+0000] {logging_mixin.py:188} INFO - [2026-06-16T12:17:26.341+0000] {dagbag.py:545} INFO - Filling up the DagBag from /opt/airflow/dags/dag_03_data_pipeline.py
[2026-06-16T12:17:26.358+0000] {processor.py:840} INFO - DAG(s) '03_getting_started_data_pipeline' retrieved from /opt/airflow/dags/dag_03_data_pipeline.py
[2026-06-16T12:17:26.408+0000] {logging_mixin.py:188} INFO - [2026-06-16T12:17:26.407+0000] {dag.py:3089} INFO - Sync 1 DAGs
[2026-06-16T12:17:26.424+0000] {logging_mixin.py:188} INFO - [2026-06-16T12:17:26.423+0000] {dag.py:3947} INFO - Setting next_dagrun for 03_getting_started_data_pipeline to None, run_after=None
[2026-06-16T12:17:26.448+0000] {processor.py:183} INFO - Processing /opt/airflow/dags/dag_03_data_pipeline.py took 0.120 seconds
[2026-06-16T12:17:56.694+0000] {processor.py:161} INFO - Started process (PID=278) to work on /opt/airflow/dags/dag_03_data_pipeline.py
[2026-06-16T12:17:56.696+0000] {processor.py:830} INFO - Processing file /opt/airflow/dags/dag_03_data_pipeline.py for tasks to queue
[2026-06-16T12:17:56.699+0000] {logging_mixin.py:188} INFO - [2026-06-16T12:17:56.698+0000] {dagbag.py:545} INFO - Filling up the DagBag from /opt/airflow/dags/dag_03_data_pipeline.py
[2026-06-16T12:17:56.714+0000] {processor.py:840} INFO - DAG(s) '03_getting_started_data_pipeline' retrieved from /opt/airflow/dags/dag_03_data_pipeline.py
[2026-06-16T12:17:56.768+0000] {logging_mixin.py:188} INFO - [2026-06-16T12:17:56.767+0000] {dag.py:3089} INFO - Sync 1 DAGs
[2026-06-16T12:17:56.787+0000] {logging_mixin.py:188} INFO - [2026-06-16T12:17:56.786+0000] {dag.py:3947} INFO - Setting next_dagrun for 03_getting_started_data_pipeline to None, run_after=None
[2026-06-16T12:17:56.817+0000] {processor.py:183} INFO - Processing /opt/airflow/dags/dag_03_data_pipeline.py took 0.136 seconds
[2026-06-16T12:18:27.494+0000] {processor.py:161} INFO - Started process (PID=313) to work on /opt/airflow/dags/dag_03_data_pipeline.py
[2026-06-16T12:18:27.495+0000] {processor.py:830} INFO - Processing file /opt/airflow/dags/dag_03_data_pipeline.py for tasks to queue
[2026-06-16T12:18:27.497+0000] {logging_mixin.py:188} INFO - [2026-06-16T12:18:27.497+0000] {dagbag.py:545} INFO - Filling up the DagBag from /opt/airflow/dags/dag_03_data_pipeline.py
[2026-06-16T12:18:27.509+0000] {processor.py:840} INFO - DAG(s) '03_getting_started_data_pipeline' retrieved from /opt/airflow/dags/dag_03_data_pipeline.py
[2026-06-16T12:18:27.553+0000] {logging_mixin.py:188} INFO - [2026-06-16T12:18:27.553+0000] {dag.py:3089} INFO - Sync 1 DAGs
[2026-06-16T12:18:27.569+0000] {logging_mixin.py:188} INFO - [2026-06-16T12:18:27.569+0000] {dag.py:3947} INFO - Setting next_dagrun for 03_getting_started_data_pipeline to None, run_after=None
[2026-06-16T12:18:27.592+0000] {processor.py:183} INFO - Processing /opt/airflow/dags/dag_03_data_pipeline.py took 0.105 seconds
[2026-06-16T12:18:58.246+0000] {processor.py:161} INFO - Started process (PID=348) to work on /opt/airflow/dags/dag_03_data_pipeline.py
[2026-06-16T12:18:58.247+0000] {processor.py:830} INFO - Processing file /opt/airflow/dags/dag_03_data_pipeline.py for tasks to queue
[2026-06-16T12:18:58.249+0000] {logging_mixin.py:188} INFO - [2026-06-16T12:18:58.249+0000] {dagbag.py:545} INFO - Filling up the DagBag from /opt/airflow/dags/dag_03_data_pipeline.py
[2026-06-16T12:18:58.262+0000] {processor.py:840} INFO - DAG(s) '03_getting_started_data_pipeline' retrieved from /opt/airflow/dags/dag_03_data_pipeline.py
[2026-06-16T12:18:58.325+0000] {logging_mixin.py:188} INFO - [2026-06-16T12:18:58.325+0000] {dag.py:3089} INFO - Sync 1 DAGs
[2026-06-16T12:18:58.345+0000] {logging_mixin.py:188} INFO - [2026-06-16T12:18:58.345+0000] {dag.py:3947} INFO - Setting next_dagrun for 03_getting_started_data_pipeline to None, run_after=None
[2026-06-16T12:18:58.374+0000] {processor.py:183} INFO - Processing /opt/airflow/dags/dag_03_data_pipeline.py took 0.137 seconds
[2026-06-16T12:19:28.611+0000] {processor.py:161} INFO - Started process (PID=386) to work on /opt/airflow/dags/dag_03_data_pipeline.py
[2026-06-16T12:19:28.612+0000] {processor.py:830} INFO - Processing file /opt/airflow/dags/dag_03_data_pipeline.py for tasks to queue
[2026-06-16T12:19:28.615+0000] {logging_mixin.py:188} INFO - [2026-06-16T12:19:28.614+0000] {dagbag.py:545} INFO - Filling up the DagBag from /opt/airflow/dags/dag_03_data_pipeline.py
[2026-06-16T12:19:28.626+0000] {processor.py:840} INFO - DAG(s) '03_getting_started_data_pipeline' retrieved from /opt/airflow/dags/dag_03_data_pipeline.py
[2026-06-16T12:19:28.677+0000] {logging_mixin.py:188} INFO - [2026-06-16T12:19:28.677+0000] {dag.py:3089} INFO - Sync 1 DAGs
[2026-06-16T12:19:28.702+0000] {logging_mixin.py:188} INFO - [2026-06-16T12:19:28.701+0000] {dag.py:3947} INFO - Setting next_dagrun for 03_getting_started_data_pipeline to None, run_after=None
[2026-06-16T12:19:28.729+0000] {processor.py:183} INFO - Processing /opt/airflow/dags/dag_03_data_pipeline.py took 0.126 seconds
[2026-06-16T12:19:59.254+0000] {processor.py:161} INFO - Started process (PID=426) to work on /opt/airflow/dags/dag_03_data_pipeline.py
[2026-06-16T12:19:59.256+0000] {processor.py:830} INFO - Processing file /opt/airflow/dags/dag_03_data_pipeline.py for tasks to queue
[2026-06-16T12:19:59.259+0000] {logging_mixin.py:188} INFO - [2026-06-16T12:19:59.259+0000] {dagbag.py:545} INFO - Filling up the DagBag from /opt/airflow/dags/dag_03_data_pipeline.py
[2026-06-16T12:19:59.283+0000] {processor.py:840} INFO - DAG(s) '03_getting_started_data_pipeline' retrieved from /opt/airflow/dags/dag_03_data_pipeline.py
[2026-06-16T12:19:59.344+0000] {logging_mixin.py:188} INFO - [2026-06-16T12:19:59.344+0000] {dag.py:3089} INFO - Sync 1 DAGs
[2026-06-16T12:19:59.366+0000] {logging_mixin.py:188} INFO - [2026-06-16T12:19:59.365+0000] {dag.py:3947} INFO - Setting next_dagrun for 03_getting_started_data_pipeline to None, run_after=None
[2026-06-16T12:19:59.395+0000] {processor.py:183} INFO - Processing /opt/airflow/dags/dag_03_data_pipeline.py took 0.152 seconds
[2026-06-16T12:20:29.911+0000] {processor.py:161} INFO - Started process (PID=461) to work on /opt/airflow/dags/dag_03_data_pipeline.py
[2026-06-16T12:20:29.912+0000] {processor.py:830} INFO - Processing file /opt/airflow/dags/dag_03_data_pipeline.py for tasks to queue
[2026-06-16T12:20:29.915+0000] {logging_mixin.py:188} INFO - [2026-06-16T12:20:29.914+0000] {dagbag.py:545} INFO - Filling up the DagBag from /opt/airflow/dags/dag_03_data_pipeline.py
[2026-06-16T12:20:29.926+0000] {processor.py:840} INFO - DAG(s) '03_getting_started_data_pipeline' retrieved from /opt/airflow/dags/dag_03_data_pipeline.py
[2026-06-16T12:20:29.971+0000] {logging_mixin.py:188} INFO - [2026-06-16T12:20:29.971+0000] {dag.py:3089} INFO - Sync 1 DAGs
[2026-06-16T12:20:29.987+0000] {logging_mixin.py:188} INFO - [2026-06-16T12:20:29.987+0000] {dag.py:3947} INFO - Setting next_dagrun for 03_getting_started_data_pipeline to None, run_after=None
[2026-06-16T12:20:30.016+0000] {processor.py:183} INFO - Processing /opt/airflow/dags/dag_03_data_pipeline.py took 0.112 seconds
[2026-06-16T12:21:00.274+0000] {processor.py:161} INFO - Started process (PID=496) to work on /opt/airflow/dags/dag_03_data_pipeline.py
[2026-06-16T12:21:00.276+0000] {processor.py:830} INFO - Processing file /opt/airflow/dags/dag_03_data_pipeline.py for tasks to queue
[2026-06-16T12:21:00.280+0000] {logging_mixin.py:188} INFO - [2026-06-16T12:21:00.279+0000] {dagbag.py:545} INFO - Filling up the DagBag from /opt/airflow/dags/dag_03_data_pipeline.py
[2026-06-16T12:21:00.298+0000] {processor.py:840} INFO - DAG(s) '03_getting_started_data_pipeline' retrieved from /opt/airflow/dags/dag_03_data_pipeline.py
[2026-06-16T12:21:00.367+0000] {logging_mixin.py:188} INFO - [2026-06-16T12:21:00.367+0000] {dag.py:3089} INFO - Sync 1 DAGs
[2026-06-16T12:21:00.385+0000] {logging_mixin.py:188} INFO - [2026-06-16T12:21:00.384+0000] {dag.py:3947} INFO - Setting next_dagrun for 03_getting_started_data_pipeline to None, run_after=None
[2026-06-16T12:21:00.409+0000] {processor.py:183} INFO - Processing /opt/airflow/dags/dag_03_data_pipeline.py took 0.150 seconds
[2026-06-16T12:21:30.549+0000] {processor.py:161} INFO - Started process (PID=531) to work on /opt/airflow/dags/dag_03_data_pipeline.py
[2026-06-16T12:21:30.551+0000] {processor.py:830} INFO - Processing file /opt/airflow/dags/dag_03_data_pipeline.py for tasks to queue
[2026-06-16T12:21:30.554+0000] {logging_mixin.py:188} INFO - [2026-06-16T12:21:30.553+0000] {dagbag.py:545} INFO - Filling up the DagBag from /opt/airflow/dags/dag_03_data_pipeline.py
[2026-06-16T12:21:30.570+0000] {processor.py:840} INFO - DAG(s) '03_getting_started_data_pipeline' retrieved from /opt/airflow/dags/dag_03_data_pipeline.py
[2026-06-16T12:21:30.711+0000] {logging_mixin.py:188} INFO - [2026-06-16T12:21:30.711+0000] {dag.py:3089} INFO - Sync 1 DAGs
[2026-06-16T12:21:30.775+0000] {logging_mixin.py:188} INFO - [2026-06-16T12:21:30.775+0000] {dag.py:3947} INFO - Setting next_dagrun for 03_getting_started_data_pipeline to None, run_after=None
[2026-06-16T12:21:30.829+0000] {processor.py:183} INFO - Processing /opt/airflow/dags/dag_03_data_pipeline.py took 0.292 seconds
[2026-06-16T12:22:00.885+0000] {processor.py:161} INFO - Started process (PID=568) to work on /opt/airflow/dags/dag_03_data_pipeline.py
[2026-06-16T12:22:00.888+0000] {processor.py:830} INFO - Processing file /opt/airflow/dags/dag_03_data_pipeline.py for tasks to queue
[2026-06-16T12:22:00.893+0000] {logging_mixin.py:188} INFO - [2026-06-16T12:22:00.892+0000] {dagbag.py:545} INFO - Filling up the DagBag from /opt/airflow/dags/dag_03_data_pipeline.py
[2026-06-16T12:22:00.912+0000] {processor.py:840} INFO - DAG(s) '03_getting_started_data_pipeline' retrieved from /opt/airflow/dags/dag_03_data_pipeline.py
[2026-06-16T12:22:00.968+0000] {logging_mixin.py:188} INFO - [2026-06-16T12:22:00.967+0000] {dag.py:3089} INFO - Sync 1 DAGs
[2026-06-16T12:22:00.989+0000] {logging_mixin.py:188} INFO - [2026-06-16T12:22:00.988+0000] {dag.py:3947} INFO - Setting next_dagrun for 03_getting_started_data_pipeline to None, run_after=None
[2026-06-16T12:22:01.018+0000] {processor.py:183} INFO - Processing /opt/airflow/dags/dag_03_data_pipeline.py took 0.142 seconds
[2026-06-16T12:22:31.913+0000] {processor.py:161} INFO - Started process (PID=601) to work on /opt/airflow/dags/dag_03_data_pipeline.py
[2026-06-16T12:22:31.914+0000] {processor.py:830} INFO - Processing file /opt/airflow/dags/dag_03_data_pipeline.py for tasks to queue
[2026-06-16T12:22:31.917+0000] {logging_mixin.py:188} INFO - [2026-06-16T12:22:31.916+0000] {dagbag.py:545} INFO - Filling up the DagBag from /opt/airflow/dags/dag_03_data_pipeline.py
[2026-06-16T12:22:31.936+0000] {processor.py:840} INFO - DAG(s) '03_getting_started_data_pipeline' retrieved from /opt/airflow/dags/dag_03_data_pipeline.py
[2026-06-16T12:22:32.005+0000] {logging_mixin.py:188} INFO - [2026-06-16T12:22:32.005+0000] {dag.py:3089} INFO - Sync 1 DAGs
[2026-06-16T12:22:32.025+0000] {logging_mixin.py:188} INFO - [2026-06-16T12:22:32.025+0000] {dag.py:3947} INFO - Setting next_dagrun for 03_getting_started_data_pipeline to None, run_after=None
[2026-06-16T12:22:32.133+0000] {processor.py:183} INFO - Processing /opt/airflow/dags/dag_03_data_pipeline.py took 0.230 seconds
[2026-06-16T12:23:02.190+0000] {processor.py:161} INFO - Started process (PID=636) to work on /opt/airflow/dags/dag_03_data_pipeline.py
[2026-06-16T12:23:02.192+0000] {processor.py:830} INFO - Processing file /opt/airflow/dags/dag_03_data_pipeline.py for tasks to queue
[2026-06-16T12:23:02.194+0000] {logging_mixin.py:188} INFO - [2026-06-16T12:23:02.194+0000] {dagbag.py:545} INFO - Filling up the DagBag from /opt/airflow/dags/dag_03_data_pipeline.py
[2026-06-16T12:23:02.207+0000] {processor.py:840} INFO - DAG(s) '03_getting_started_data_pipeline' retrieved from /opt/airflow/dags/dag_03_data_pipeline.py
[2026-06-16T12:23:02.258+0000] {logging_mixin.py:188} INFO - [2026-06-16T12:23:02.258+0000] {dag.py:3089} INFO - Sync 1 DAGs
[2026-06-16T12:23:02.275+0000] {logging_mixin.py:188} INFO - [2026-06-16T12:23:02.275+0000] {dag.py:3947} INFO - Setting next_dagrun for 03_getting_started_data_pipeline to None, run_after=None
[2026-06-16T12:23:02.298+0000] {processor.py:183} INFO - Processing /opt/airflow/dags/dag_03_data_pipeline.py took 0.117 seconds
[2026-06-16T12:23:32.689+0000] {processor.py:161} INFO - Started process (PID=678) to work on /opt/airflow/dags/dag_03_data_pipeline.py
[2026-06-16T12:23:32.691+0000] {processor.py:830} INFO - Processing file /opt/airflow/dags/dag_03_data_pipeline.py for tasks to queue
[2026-06-16T12:23:32.695+0000] {logging_mixin.py:188} INFO - [2026-06-16T12:23:32.695+0000] {dagbag.py:545} INFO - Filling up the DagBag from /opt/airflow/dags/dag_03_data_pipeline.py
[2026-06-16T12:23:32.715+0000] {processor.py:840} INFO - DAG(s) '03_getting_started_data_pipeline' retrieved from /opt/airflow/dags/dag_03_data_pipeline.py
[2026-06-16T12:23:32.774+0000] {logging_mixin.py:188} INFO - [2026-06-16T12:23:32.774+0000] {dag.py:3089} INFO - Sync 1 DAGs
[2026-06-16T12:23:32.793+0000] {logging_mixin.py:188} INFO - [2026-06-16T12:23:32.792+0000] {dag.py:3947} INFO - Setting next_dagrun for 03_getting_started_data_pipeline to None, run_after=None
[2026-06-16T12:23:32.823+0000] {processor.py:183} INFO - Processing /opt/airflow/dags/dag_03_data_pipeline.py took 0.145 seconds
[2026-06-16T12:24:02.931+0000] {processor.py:161} INFO - Started process (PID=717) to work on /opt/airflow/dags/dag_03_data_pipeline.py
[2026-06-16T12:24:02.933+0000] {processor.py:830} INFO - Processing file /opt/airflow/dags/dag_03_data_pipeline.py for tasks to queue
[2026-06-16T12:24:02.936+0000] {logging_mixin.py:188} INFO - [2026-06-16T12:24:02.936+0000] {dagbag.py:545} INFO - Filling up the DagBag from /opt/airflow/dags/dag_03_data_pipeline.py
[2026-06-16T12:24:02.953+0000] {processor.py:840} INFO - DAG(s) '03_getting_started_data_pipeline' retrieved from /opt/airflow/dags/dag_03_data_pipeline.py
[2026-06-16T12:24:03.010+0000] {logging_mixin.py:188} INFO - [2026-06-16T12:24:03.009+0000] {dag.py:3089} INFO - Sync 1 DAGs
[2026-06-16T12:24:03.029+0000] {logging_mixin.py:188} INFO - [2026-06-16T12:24:03.029+0000] {dag.py:3947} INFO - Setting next_dagrun for 03_getting_started_data_pipeline to None, run_after=None
[2026-06-16T12:24:03.058+0000] {processor.py:183} INFO - Processing /opt/airflow/dags/dag_03_data_pipeline.py took 0.138 seconds
[2026-06-16T12:24:33.213+0000] {processor.py:161} INFO - Started process (PID=756) to work on /opt/airflow/dags/dag_03_data_pipeline.py
[2026-06-16T12:24:33.214+0000] {processor.py:830} INFO - Processing file /opt/airflow/dags/dag_03_data_pipeline.py for tasks to queue
[2026-06-16T12:24:33.218+0000] {logging_mixin.py:188} INFO - [2026-06-16T12:24:33.217+0000] {dagbag.py:545} INFO - Filling up the DagBag from /opt/airflow/dags/dag_03_data_pipeline.py
[2026-06-16T12:24:33.236+0000] {processor.py:840} INFO - DAG(s) '03_getting_started_data_pipeline' retrieved from /opt/airflow/dags/dag_03_data_pipeline.py
[2026-06-16T12:24:33.293+0000] {logging_mixin.py:188} INFO - [2026-06-16T12:24:33.293+0000] {dag.py:3089} INFO - Sync 1 DAGs
[2026-06-16T12:24:33.312+0000] {logging_mixin.py:188} INFO - [2026-06-16T12:24:33.312+0000] {dag.py:3947} INFO - Setting next_dagrun for 03_getting_started_data_pipeline to None, run_after=None
[2026-06-16T12:24:33.343+0000] {processor.py:183} INFO - Processing /opt/airflow/dags/dag_03_data_pipeline.py took 0.145 seconds
[2026-06-16T12:25:03.471+0000] {processor.py:161} INFO - Started process (PID=794) to work on /opt/airflow/dags/dag_03_data_pipeline.py
[2026-06-16T12:25:03.473+0000] {processor.py:830} INFO - Processing file /opt/airflow/dags/dag_03_data_pipeline.py for tasks to queue
[2026-06-16T12:25:03.475+0000] {logging_mixin.py:188} INFO - [2026-06-16T12:25:03.474+0000] {dagbag.py:545} INFO - Filling up the DagBag from /opt/airflow/dags/dag_03_data_pipeline.py
[2026-06-16T12:25:03.486+0000] {processor.py:840} INFO - DAG(s) '03_getting_started_data_pipeline' retrieved from /opt/airflow/dags/dag_03_data_pipeline.py
[2026-06-16T12:25:03.543+0000] {logging_mixin.py:188} INFO - [2026-06-16T12:25:03.543+0000] {dag.py:3089} INFO - Sync 1 DAGs
[2026-06-16T12:25:03.562+0000] {logging_mixin.py:188} INFO - [2026-06-16T12:25:03.562+0000] {dag.py:3947} INFO - Setting next_dagrun for 03_getting_started_data_pipeline to None, run_after=None
[2026-06-16T12:25:03.593+0000] {processor.py:183} INFO - Processing /opt/airflow/dags/dag_03_data_pipeline.py took 0.131 seconds
[2026-06-16T12:25:33.835+0000] {processor.py:161} INFO - Started process (PID=827) to work on /opt/airflow/dags/dag_03_data_pipeline.py
[2026-06-16T12:25:33.837+0000] {processor.py:830} INFO - Processing file /opt/airflow/dags/dag_03_data_pipeline.py for tasks to queue
[2026-06-16T12:25:33.840+0000] {logging_mixin.py:188} INFO - [2026-06-16T12:25:33.839+0000] {dagbag.py:545} INFO - Filling up the DagBag from /opt/airflow/dags/dag_03_data_pipeline.py
[2026-06-16T12:25:33.854+0000] {processor.py:840} INFO - DAG(s) '03_getting_started_data_pipeline' retrieved from /opt/airflow/dags/dag_03_data_pipeline.py
[2026-06-16T12:25:33.910+0000] {logging_mixin.py:188} INFO - [2026-06-16T12:25:33.909+0000] {dag.py:3089} INFO - Sync 1 DAGs
[2026-06-16T12:25:33.929+0000] {logging_mixin.py:188} INFO - [2026-06-16T12:25:33.929+0000] {dag.py:3947} INFO - Setting next_dagrun for 03_getting_started_data_pipeline to None, run_after=None
[2026-06-16T12:25:33.959+0000] {processor.py:183} INFO - Processing /opt/airflow/dags/dag_03_data_pipeline.py took 0.136 seconds
[2026-06-16T12:26:04.034+0000] {processor.py:161} INFO - Started process (PID=865) to work on /opt/airflow/dags/dag_03_data_pipeline.py
[2026-06-16T12:26:04.035+0000] {processor.py:830} INFO - Processing file /opt/airflow/dags/dag_03_data_pipeline.py for tasks to queue
[2026-06-16T12:26:04.038+0000] {logging_mixin.py:188} INFO - [2026-06-16T12:26:04.037+0000] {dagbag.py:545} INFO - Filling up the DagBag from /opt/airflow/dags/dag_03_data_pipeline.py
[2026-06-16T12:26:04.051+0000] {processor.py:840} INFO - DAG(s) '03_getting_started_data_pipeline' retrieved from /opt/airflow/dags/dag_03_data_pipeline.py
[2026-06-16T12:26:04.109+0000] {logging_mixin.py:188} INFO - [2026-06-16T12:26:04.108+0000] {dag.py:3089} INFO - Sync 1 DAGs
[2026-06-16T12:26:04.127+0000] {logging_mixin.py:188} INFO - [2026-06-16T12:26:04.127+0000] {dag.py:3947} INFO - Setting next_dagrun for 03_getting_started_data_pipeline to None, run_after=None
[2026-06-16T12:26:04.157+0000] {processor.py:183} INFO - Processing /opt/airflow/dags/dag_03_data_pipeline.py took 0.132 seconds
[2026-06-16T12:26:34.369+0000] {processor.py:161} INFO - Started process (PID=902) to work on /opt/airflow/dags/dag_03_data_pipeline.py
[2026-06-16T12:26:34.371+0000] {processor.py:830} INFO - Processing file /opt/airflow/dags/dag_03_data_pipeline.py for tasks to queue
[2026-06-16T12:26:34.374+0000] {logging_mixin.py:188} INFO - [2026-06-16T12:26:34.373+0000] {dagbag.py:545} INFO - Filling up the DagBag from /opt/airflow/dags/dag_03_data_pipeline.py
[2026-06-16T12:26:34.387+0000] {processor.py:840} INFO - DAG(s) '03_getting_started_data_pipeline' retrieved from /opt/airflow/dags/dag_03_data_pipeline.py
[2026-06-16T12:26:34.459+0000] {logging_mixin.py:188} INFO - [2026-06-16T12:26:34.459+0000] {dag.py:3089} INFO - Sync 1 DAGs
[2026-06-16T12:26:34.519+0000] {logging_mixin.py:188} INFO - [2026-06-16T12:26:34.510+0000] {dag.py:3947} INFO - Setting next_dagrun for 03_getting_started_data_pipeline to None, run_after=None
[2026-06-16T12:26:34.604+0000] {processor.py:183} INFO - Processing /opt/airflow/dags/dag_03_data_pipeline.py took 0.250 seconds
[2026-06-16T12:27:04.865+0000] {processor.py:161} INFO - Started process (PID=937) to work on /opt/airflow/dags/dag_03_data_pipeline.py
[2026-06-16T12:27:04.866+0000] {processor.py:830} INFO - Processing file /opt/airflow/dags/dag_03_data_pipeline.py for tasks to queue
[2026-06-16T12:27:04.868+0000] {logging_mixin.py:188} INFO - [2026-06-16T12:27:04.868+0000] {dagbag.py:545} INFO - Filling up the DagBag from /opt/airflow/dags/dag_03_data_pipeline.py
[2026-06-16T12:27:04.880+0000] {processor.py:840} INFO - DAG(s) '03_getting_started_data_pipeline' retrieved from /opt/airflow/dags/dag_03_data_pipeline.py
[2026-06-16T12:27:04.940+0000] {logging_mixin.py:188} INFO - [2026-06-16T12:27:04.939+0000] {dag.py:3089} INFO - Sync 1 DAGs
[2026-06-16T12:27:04.961+0000] {logging_mixin.py:188} INFO - [2026-06-16T12:27:04.960+0000] {dag.py:3947} INFO - Setting next_dagrun for 03_getting_started_data_pipeline to None, run_after=None
[2026-06-16T12:27:04.994+0000] {processor.py:183} INFO - Processing /opt/airflow/dags/dag_03_data_pipeline.py took 0.140 seconds
[2026-06-16T12:27:35.190+0000] {processor.py:161} INFO - Started process (PID=974) to work on /opt/airflow/dags/dag_03_data_pipeline.py
[2026-06-16T12:27:35.191+0000] {processor.py:830} INFO - Processing file /opt/airflow/dags/dag_03_data_pipeline.py for tasks to queue
[2026-06-16T12:27:35.194+0000] {logging_mixin.py:188} INFO - [2026-06-16T12:27:35.194+0000] {dagbag.py:545} INFO - Filling up the DagBag from /opt/airflow/dags/dag_03_data_pipeline.py
[2026-06-16T12:27:35.207+0000] {processor.py:840} INFO - DAG(s) '03_getting_started_data_pipeline' retrieved from /opt/airflow/dags/dag_03_data_pipeline.py
[2026-06-16T12:27:35.259+0000] {logging_mixin.py:188} INFO - [2026-06-16T12:27:35.258+0000] {dag.py:3089} INFO - Sync 1 DAGs
[2026-06-16T12:27:35.275+0000] {logging_mixin.py:188} INFO - [2026-06-16T12:27:35.275+0000] {dag.py:3947} INFO - Setting next_dagrun for 03_getting_started_data_pipeline to None, run_after=None
[2026-06-16T12:27:35.302+0000] {processor.py:183} INFO - Processing /opt/airflow/dags/dag_03_data_pipeline.py took 0.121 seconds
[2026-06-16T12:28:05.446+0000] {processor.py:161} INFO - Started process (PID=1009) to work on /opt/airflow/dags/dag_03_data_pipeline.py
[2026-06-16T12:28:05.449+0000] {processor.py:830} INFO - Processing file /opt/airflow/dags/dag_03_data_pipeline.py for tasks to queue
[2026-06-16T12:28:05.452+0000] {logging_mixin.py:188} INFO - [2026-06-16T12:28:05.452+0000] {dagbag.py:545} INFO - Filling up the DagBag from /opt/airflow/dags/dag_03_data_pipeline.py
[2026-06-16T12:28:05.467+0000] {processor.py:840} INFO - DAG(s) '03_getting_started_data_pipeline' retrieved from /opt/airflow/dags/dag_03_data_pipeline.py
[2026-06-16T12:28:05.537+0000] {logging_mixin.py:188} INFO - [2026-06-16T12:28:05.537+0000] {dag.py:3089} INFO - Sync 1 DAGs
[2026-06-16T12:28:05.555+0000] {logging_mixin.py:188} INFO - [2026-06-16T12:28:05.555+0000] {dag.py:3947} INFO - Setting next_dagrun for 03_getting_started_data_pipeline to None, run_after=None
[2026-06-16T12:28:05.583+0000] {processor.py:183} INFO - Processing /opt/airflow/dags/dag_03_data_pipeline.py took 0.151 seconds
[2026-06-16T12:28:35.624+0000] {processor.py:161} INFO - Started process (PID=1044) to work on /opt/airflow/dags/dag_03_data_pipeline.py
[2026-06-16T12:28:35.625+0000] {processor.py:830} INFO - Processing file /opt/airflow/dags/dag_03_data_pipeline.py for tasks to queue
[2026-06-16T12:28:35.628+0000] {logging_mixin.py:188} INFO - [2026-06-16T12:28:35.628+0000] {dagbag.py:545} INFO - Filling up the DagBag from /opt/airflow/dags/dag_03_data_pipeline.py
[2026-06-16T12:28:35.641+0000] {processor.py:840} INFO - DAG(s) '03_getting_started_data_pipeline' retrieved from /opt/airflow/dags/dag_03_data_pipeline.py
[2026-06-16T12:28:35.695+0000] {logging_mixin.py:188} INFO - [2026-06-16T12:28:35.695+0000] {dag.py:3089} INFO - Sync 1 DAGs
[2026-06-16T12:28:35.715+0000] {logging_mixin.py:188} INFO - [2026-06-16T12:28:35.715+0000] {dag.py:3947} INFO - Setting next_dagrun for 03_getting_started_data_pipeline to None, run_after=None
[2026-06-16T12:28:35.739+0000] {processor.py:183} INFO - Processing /opt/airflow/dags/dag_03_data_pipeline.py took 0.126 seconds
[2026-06-16T12:29:05.837+0000] {processor.py:161} INFO - Started process (PID=1077) to work on /opt/airflow/dags/dag_03_data_pipeline.py
[2026-06-16T12:29:05.840+0000] {processor.py:830} INFO - Processing file /opt/airflow/dags/dag_03_data_pipeline.py for tasks to queue
[2026-06-16T12:29:05.842+0000] {logging_mixin.py:188} INFO - [2026-06-16T12:29:05.842+0000] {dagbag.py:545} INFO - Filling up the DagBag from /opt/airflow/dags/dag_03_data_pipeline.py
[2026-06-16T12:29:05.859+0000] {processor.py:840} INFO - DAG(s) '03_getting_started_data_pipeline' retrieved from /opt/airflow/dags/dag_03_data_pipeline.py
[2026-06-16T12:29:05.935+0000] {logging_mixin.py:188} INFO - [2026-06-16T12:29:05.934+0000] {dag.py:3089} INFO - Sync 1 DAGs
[2026-06-16T12:29:05.961+0000] {logging_mixin.py:188} INFO - [2026-06-16T12:29:05.961+0000] {dag.py:3947} INFO - Setting next_dagrun for 03_getting_started_data_pipeline to None, run_after=None
[2026-06-16T12:29:05.991+0000] {processor.py:183} INFO - Processing /opt/airflow/dags/dag_03_data_pipeline.py took 0.172 seconds
[2026-06-16T12:29:36.043+0000] {processor.py:161} INFO - Started process (PID=1112) to work on /opt/airflow/dags/dag_03_data_pipeline.py
[2026-06-16T12:29:36.044+0000] {processor.py:830} INFO - Processing file /opt/airflow/dags/dag_03_data_pipeline.py for tasks to queue
[2026-06-16T12:29:36.047+0000] {logging_mixin.py:188} INFO - [2026-06-16T12:29:36.046+0000] {dagbag.py:545} INFO - Filling up the DagBag from /opt/airflow/dags/dag_03_data_pipeline.py
[2026-06-16T12:29:36.059+0000] {processor.py:840} INFO - DAG(s) '03_getting_started_data_pipeline' retrieved from /opt/airflow/dags/dag_03_data_pipeline.py
[2026-06-16T12:29:36.109+0000] {logging_mixin.py:188} INFO - [2026-06-16T12:29:36.109+0000] {dag.py:3089} INFO - Sync 1 DAGs
[2026-06-16T12:29:36.125+0000] {logging_mixin.py:188} INFO - [2026-06-16T12:29:36.125+0000] {dag.py:3947} INFO - Setting next_dagrun for 03_getting_started_data_pipeline to None, run_after=None
[2026-06-16T12:29:36.150+0000] {processor.py:183} INFO - Processing /opt/airflow/dags/dag_03_data_pipeline.py took 0.116 seconds
[2026-06-16T12:30:06.268+0000] {processor.py:161} INFO - Started process (PID=1147) to work on /opt/airflow/dags/dag_03_data_pipeline.py
[2026-06-16T12:30:06.270+0000] {processor.py:830} INFO - Processing file /opt/airflow/dags/dag_03_data_pipeline.py for tasks to queue
[2026-06-16T12:30:06.273+0000] {logging_mixin.py:188} INFO - [2026-06-16T12:30:06.272+0000] {dagbag.py:545} INFO - Filling up the DagBag from /opt/airflow/dags/dag_03_data_pipeline.py
[2026-06-16T12:30:06.286+0000] {processor.py:840} INFO - DAG(s) '03_getting_started_data_pipeline' retrieved from /opt/airflow/dags/dag_03_data_pipeline.py
[2026-06-16T12:30:06.337+0000] {logging_mixin.py:188} INFO - [2026-06-16T12:30:06.337+0000] {dag.py:3089} INFO - Sync 1 DAGs
[2026-06-16T12:30:06.355+0000] {logging_mixin.py:188} INFO - [2026-06-16T12:30:06.355+0000] {dag.py:3947} INFO - Setting next_dagrun for 03_getting_started_data_pipeline to None, run_after=None
[2026-06-16T12:30:06.381+0000] {processor.py:183} INFO - Processing /opt/airflow/dags/dag_03_data_pipeline.py took 0.122 seconds
[2026-06-16T12:30:37.284+0000] {processor.py:161} INFO - Started process (PID=1182) to work on /opt/airflow/dags/dag_03_data_pipeline.py
[2026-06-16T12:30:37.285+0000] {processor.py:830} INFO - Processing file /opt/airflow/dags/dag_03_data_pipeline.py for tasks to queue
[2026-06-16T12:30:37.288+0000] {logging_mixin.py:188} INFO - [2026-06-16T12:30:37.287+0000] {dagbag.py:545} INFO - Filling up the DagBag from /opt/airflow/dags/dag_03_data_pipeline.py
[2026-06-16T12:30:37.300+0000] {processor.py:840} INFO - DAG(s) '03_getting_started_data_pipeline' retrieved from /opt/airflow/dags/dag_03_data_pipeline.py
[2026-06-16T12:30:37.350+0000] {logging_mixin.py:188} INFO - [2026-06-16T12:30:37.350+0000] {dag.py:3089} INFO - Sync 1 DAGs
[2026-06-16T12:30:37.368+0000] {logging_mixin.py:188} INFO - [2026-06-16T12:30:37.368+0000] {dag.py:3947} INFO - Setting next_dagrun for 03_getting_started_data_pipeline to None, run_after=None
[2026-06-16T12:30:37.393+0000] {processor.py:183} INFO - Processing /opt/airflow/dags/dag_03_data_pipeline.py took 0.117 seconds
[2026-06-16T12:31:08.376+0000] {processor.py:161} INFO - Started process (PID=1217) to work on /opt/airflow/dags/dag_03_data_pipeline.py
[2026-06-16T12:31:08.379+0000] {processor.py:830} INFO - Processing file /opt/airflow/dags/dag_03_data_pipeline.py for tasks to queue
[2026-06-16T12:31:08.382+0000] {logging_mixin.py:188} INFO - [2026-06-16T12:31:08.381+0000] {dagbag.py:545} INFO - Filling up the DagBag from /opt/airflow/dags/dag_03_data_pipeline.py
[2026-06-16T12:31:08.398+0000] {processor.py:840} INFO - DAG(s) '03_getting_started_data_pipeline' retrieved from /opt/airflow/dags/dag_03_data_pipeline.py
[2026-06-16T12:31:08.476+0000] {logging_mixin.py:188} INFO - [2026-06-16T12:31:08.475+0000] {dag.py:3089} INFO - Sync 1 DAGs
[2026-06-16T12:31:08.500+0000] {logging_mixin.py:188} INFO - [2026-06-16T12:31:08.499+0000] {dag.py:3947} INFO - Setting next_dagrun for 03_getting_started_data_pipeline to None, run_after=None
[2026-06-16T12:31:08.528+0000] {processor.py:183} INFO - Processing /opt/airflow/dags/dag_03_data_pipeline.py took 0.164 seconds
[2026-06-16T12:31:39.449+0000] {processor.py:161} INFO - Started process (PID=1259) to work on /opt/airflow/dags/dag_03_data_pipeline.py
[2026-06-16T12:31:39.450+0000] {processor.py:830} INFO - Processing file /opt/airflow/dags/dag_03_data_pipeline.py for tasks to queue
[2026-06-16T12:31:39.453+0000] {logging_mixin.py:188} INFO - [2026-06-16T12:31:39.452+0000] {dagbag.py:545} INFO - Filling up the DagBag from /opt/airflow/dags/dag_03_data_pipeline.py
[2026-06-16T12:31:38.791+0000] {processor.py:840} INFO - DAG(s) '03_getting_started_data_pipeline' retrieved from /opt/airflow/dags/dag_03_data_pipeline.py
[2026-06-16T12:31:38.839+0000] {logging_mixin.py:188} INFO - [2026-06-16T12:31:38.838+0000] {dag.py:3089} INFO - Sync 1 DAGs
[2026-06-16T12:31:38.858+0000] {logging_mixin.py:188} INFO - [2026-06-16T12:31:38.858+0000] {dag.py:3947} INFO - Setting next_dagrun for 03_getting_started_data_pipeline to None, run_after=None
[2026-06-16T12:31:38.882+0000] {processor.py:183} INFO - Processing /opt/airflow/dags/dag_03_data_pipeline.py took 0.114 seconds
[2026-06-16T12:32:09.376+0000] {processor.py:161} INFO - Started process (PID=1284) to work on /opt/airflow/dags/dag_03_data_pipeline.py
[2026-06-16T12:32:09.378+0000] {processor.py:830} INFO - Processing file /opt/airflow/dags/dag_03_data_pipeline.py for tasks to queue
[2026-06-16T12:32:09.380+0000] {logging_mixin.py:188} INFO - [2026-06-16T12:32:09.380+0000] {dagbag.py:545} INFO - Filling up the DagBag from /opt/airflow/dags/dag_03_data_pipeline.py
[2026-06-16T12:32:09.391+0000] {processor.py:840} INFO - DAG(s) '03_getting_started_data_pipeline' retrieved from /opt/airflow/dags/dag_03_data_pipeline.py
[2026-06-16T12:32:09.448+0000] {logging_mixin.py:188} INFO - [2026-06-16T12:32:09.447+0000] {dag.py:3089} INFO - Sync 1 DAGs
[2026-06-16T12:32:09.466+0000] {logging_mixin.py:188} INFO - [2026-06-16T12:32:09.466+0000] {dag.py:3947} INFO - Setting next_dagrun for 03_getting_started_data_pipeline to None, run_after=None
[2026-06-16T12:32:09.493+0000] {processor.py:183} INFO - Processing /opt/airflow/dags/dag_03_data_pipeline.py took 0.125 seconds
[2026-06-16T12:32:39.715+0000] {processor.py:161} INFO - Started process (PID=1324) to work on /opt/airflow/dags/dag_03_data_pipeline.py
[2026-06-16T12:32:39.717+0000] {processor.py:830} INFO - Processing file /opt/airflow/dags/dag_03_data_pipeline.py for tasks to queue
[2026-06-16T12:32:39.720+0000] {logging_mixin.py:188} INFO - [2026-06-16T12:32:39.719+0000] {dagbag.py:545} INFO - Filling up the DagBag from /opt/airflow/dags/dag_03_data_pipeline.py
[2026-06-16T12:32:39.741+0000] {processor.py:840} INFO - DAG(s) '03_getting_started_data_pipeline' retrieved from /opt/airflow/dags/dag_03_data_pipeline.py
[2026-06-16T12:32:39.865+0000] {logging_mixin.py:188} INFO - [2026-06-16T12:32:39.865+0000] {dag.py:3089} INFO - Sync 1 DAGs
[2026-06-16T12:32:39.914+0000] {logging_mixin.py:188} INFO - [2026-06-16T12:32:39.914+0000] {dag.py:3947} INFO - Setting next_dagrun for 03_getting_started_data_pipeline to None, run_after=None
[2026-06-16T12:32:39.959+0000] {processor.py:183} INFO - Processing /opt/airflow/dags/dag_03_data_pipeline.py took 0.255 seconds
[2026-06-16T12:33:10.031+0000] {processor.py:161} INFO - Started process (PID=1359) to work on /opt/airflow/dags/dag_03_data_pipeline.py
[2026-06-16T12:33:10.032+0000] {processor.py:830} INFO - Processing file /opt/airflow/dags/dag_03_data_pipeline.py for tasks to queue
[2026-06-16T12:33:10.035+0000] {logging_mixin.py:188} INFO - [2026-06-16T12:33:10.034+0000] {dagbag.py:545} INFO - Filling up the DagBag from /opt/airflow/dags/dag_03_data_pipeline.py
[2026-06-16T12:33:10.051+0000] {processor.py:840} INFO - DAG(s) '03_getting_started_data_pipeline' retrieved from /opt/airflow/dags/dag_03_data_pipeline.py
[2026-06-16T12:33:10.106+0000] {logging_mixin.py:188} INFO - [2026-06-16T12:33:10.105+0000] {dag.py:3089} INFO - Sync 1 DAGs
[2026-06-16T12:33:10.122+0000] {logging_mixin.py:188} INFO - [2026-06-16T12:33:10.121+0000] {dag.py:3947} INFO - Setting next_dagrun for 03_getting_started_data_pipeline to None, run_after=None
[2026-06-16T12:33:10.148+0000] {processor.py:183} INFO - Processing /opt/airflow/dags/dag_03_data_pipeline.py took 0.127 seconds
[2026-06-16T12:33:40.192+0000] {processor.py:161} INFO - Started process (PID=1392) to work on /opt/airflow/dags/dag_03_data_pipeline.py
[2026-06-16T12:33:40.193+0000] {processor.py:830} INFO - Processing file /opt/airflow/dags/dag_03_data_pipeline.py for tasks to queue
[2026-06-16T12:33:40.195+0000] {logging_mixin.py:188} INFO - [2026-06-16T12:33:40.195+0000] {dagbag.py:545} INFO - Filling up the DagBag from /opt/airflow/dags/dag_03_data_pipeline.py
[2026-06-16T12:33:40.206+0000] {processor.py:840} INFO - DAG(s) '03_getting_started_data_pipeline' retrieved from /opt/airflow/dags/dag_03_data_pipeline.py
[2026-06-16T12:33:40.255+0000] {logging_mixin.py:188} INFO - [2026-06-16T12:33:40.254+0000] {dag.py:3089} INFO - Sync 1 DAGs
[2026-06-16T12:33:40.271+0000] {logging_mixin.py:188} INFO - [2026-06-16T12:33:40.271+0000] {dag.py:3947} INFO - Setting next_dagrun for 03_getting_started_data_pipeline to None, run_after=None
[2026-06-16T12:33:40.300+0000] {processor.py:183} INFO - Processing /opt/airflow/dags/dag_03_data_pipeline.py took 0.116 seconds
[2026-06-16T12:34:10.436+0000] {processor.py:161} INFO - Started process (PID=1422) to work on /opt/airflow/dags/dag_03_data_pipeline.py
[2026-06-16T12:34:10.438+0000] {processor.py:830} INFO - Processing file /opt/airflow/dags/dag_03_data_pipeline.py for tasks to queue
[2026-06-16T12:34:10.442+0000] {logging_mixin.py:188} INFO - [2026-06-16T12:34:10.441+0000] {dagbag.py:545} INFO - Filling up the DagBag from /opt/airflow/dags/dag_03_data_pipeline.py
[2026-06-16T12:34:10.459+0000] {processor.py:840} INFO - DAG(s) '03_getting_started_data_pipeline' retrieved from /opt/airflow/dags/dag_03_data_pipeline.py
[2026-06-16T12:34:10.517+0000] {logging_mixin.py:188} INFO - [2026-06-16T12:34:10.517+0000] {dag.py:3089} INFO - Sync 1 DAGs
[2026-06-16T12:34:10.540+0000] {logging_mixin.py:188} INFO - [2026-06-16T12:34:10.540+0000] {dag.py:3947} INFO - Setting next_dagrun for 03_getting_started_data_pipeline to None, run_after=None
[2026-06-16T12:34:10.569+0000] {processor.py:183} INFO - Processing /opt/airflow/dags/dag_03_data_pipeline.py took 0.145 seconds
[2026-06-16T12:34:40.689+0000] {processor.py:161} INFO - Started process (PID=1457) to work on /opt/airflow/dags/dag_03_data_pipeline.py
[2026-06-16T12:34:40.690+0000] {processor.py:830} INFO - Processing file /opt/airflow/dags/dag_03_data_pipeline.py for tasks to queue
[2026-06-16T12:34:40.693+0000] {logging_mixin.py:188} INFO - [2026-06-16T12:34:40.693+0000] {dagbag.py:545} INFO - Filling up the DagBag from /opt/airflow/dags/dag_03_data_pipeline.py
[2026-06-16T12:34:40.706+0000] {processor.py:840} INFO - DAG(s) '03_getting_started_data_pipeline' retrieved from /opt/airflow/dags/dag_03_data_pipeline.py
[2026-06-16T12:34:40.762+0000] {logging_mixin.py:188} INFO - [2026-06-16T12:34:40.762+0000] {dag.py:3089} INFO - Sync 1 DAGs
[2026-06-16T12:34:40.780+0000] {logging_mixin.py:188} INFO - [2026-06-16T12:34:40.780+0000] {dag.py:3947} INFO - Setting next_dagrun for 03_getting_started_data_pipeline to None, run_after=None
[2026-06-16T12:34:40.805+0000] {processor.py:183} INFO - Processing /opt/airflow/dags/dag_03_data_pipeline.py took 0.126 seconds
[2026-06-16T12:35:11.011+0000] {processor.py:161} INFO - Started process (PID=1492) to work on /opt/airflow/dags/dag_03_data_pipeline.py
[2026-06-16T12:35:11.013+0000] {processor.py:830} INFO - Processing file /opt/airflow/dags/dag_03_data_pipeline.py for tasks to queue
[2026-06-16T12:35:11.015+0000] {logging_mixin.py:188} INFO - [2026-06-16T12:35:11.015+0000] {dagbag.py:545} INFO - Filling up the DagBag from /opt/airflow/dags/dag_03_data_pipeline.py
[2026-06-16T12:35:11.030+0000] {processor.py:840} INFO - DAG(s) '03_getting_started_data_pipeline' retrieved from /opt/airflow/dags/dag_03_data_pipeline.py
[2026-06-16T12:35:11.168+0000] {logging_mixin.py:188} INFO - [2026-06-16T12:35:11.167+0000] {dag.py:3089} INFO - Sync 1 DAGs
[2026-06-16T12:35:11.221+0000] {logging_mixin.py:188} INFO - [2026-06-16T12:35:11.220+0000] {dag.py:3947} INFO - Setting next_dagrun for 03_getting_started_data_pipeline to None, run_after=None
[2026-06-16T12:35:11.270+0000] {processor.py:183} INFO - Processing /opt/airflow/dags/dag_03_data_pipeline.py took 0.270 seconds
[2026-06-16T12:35:41.330+0000] {processor.py:161} INFO - Started process (PID=1527) to work on /opt/airflow/dags/dag_03_data_pipeline.py
[2026-06-16T12:35:41.331+0000] {processor.py:830} INFO - Processing file /opt/airflow/dags/dag_03_data_pipeline.py for tasks to queue
[2026-06-16T12:35:41.334+0000] {logging_mixin.py:188} INFO - [2026-06-16T12:35:41.333+0000] {dagbag.py:545} INFO - Filling up the DagBag from /opt/airflow/dags/dag_03_data_pipeline.py
[2026-06-16T12:35:41.348+0000] {processor.py:840} INFO - DAG(s) '03_getting_started_data_pipeline' retrieved from /opt/airflow/dags/dag_03_data_pipeline.py
[2026-06-16T12:35:41.400+0000] {logging_mixin.py:188} INFO - [2026-06-16T12:35:41.400+0000] {dag.py:3089} INFO - Sync 1 DAGs
[2026-06-16T12:35:41.416+0000] {logging_mixin.py:188} INFO - [2026-06-16T12:35:41.416+0000] {dag.py:3947} INFO - Setting next_dagrun for 03_getting_started_data_pipeline to None, run_after=None
[2026-06-16T12:35:41.442+0000] {processor.py:183} INFO - Processing /opt/airflow/dags/dag_03_data_pipeline.py took 0.123 seconds
[2026-06-16T12:36:12.383+0000] {processor.py:161} INFO - Started process (PID=1562) to work on /opt/airflow/dags/dag_03_data_pipeline.py
[2026-06-16T12:36:12.386+0000] {processor.py:830} INFO - Processing file /opt/airflow/dags/dag_03_data_pipeline.py for tasks to queue
[2026-06-16T12:36:12.390+0000] {logging_mixin.py:188} INFO - [2026-06-16T12:36:12.389+0000] {dagbag.py:545} INFO - Filling up the DagBag from /opt/airflow/dags/dag_03_data_pipeline.py
[2026-06-16T12:36:12.407+0000] {processor.py:840} INFO - DAG(s) '03_getting_started_data_pipeline' retrieved from /opt/airflow/dags/dag_03_data_pipeline.py
[2026-06-16T12:36:12.464+0000] {logging_mixin.py:188} INFO - [2026-06-16T12:36:12.463+0000] {dag.py:3089} INFO - Sync 1 DAGs
[2026-06-16T12:36:12.484+0000] {logging_mixin.py:188} INFO - [2026-06-16T12:36:12.484+0000] {dag.py:3947} INFO - Setting next_dagrun for 03_getting_started_data_pipeline to None, run_after=None
[2026-06-16T12:36:12.512+0000] {processor.py:183} INFO - Processing /opt/airflow/dags/dag_03_data_pipeline.py took 0.141 seconds
[2026-06-16T12:36:43.389+0000] {processor.py:161} INFO - Started process (PID=1597) to work on /opt/airflow/dags/dag_03_data_pipeline.py
[2026-06-16T12:36:43.391+0000] {processor.py:830} INFO - Processing file /opt/airflow/dags/dag_03_data_pipeline.py for tasks to queue
[2026-06-16T12:36:43.393+0000] {logging_mixin.py:188} INFO - [2026-06-16T12:36:43.393+0000] {dagbag.py:545} INFO - Filling up the DagBag from /opt/airflow/dags/dag_03_data_pipeline.py
[2026-06-16T12:36:43.406+0000] {processor.py:840} INFO - DAG(s) '03_getting_started_data_pipeline' retrieved from /opt/airflow/dags/dag_03_data_pipeline.py
[2026-06-16T12:36:43.456+0000] {logging_mixin.py:188} INFO - [2026-06-16T12:36:43.456+0000] {dag.py:3089} INFO - Sync 1 DAGs
[2026-06-16T12:36:43.472+0000] {logging_mixin.py:188} INFO - [2026-06-16T12:36:43.472+0000] {dag.py:3947} INFO - Setting next_dagrun for 03_getting_started_data_pipeline to None, run_after=None
[2026-06-16T12:36:43.496+0000] {processor.py:183} INFO - Processing /opt/airflow/dags/dag_03_data_pipeline.py took 0.116 seconds
[2026-06-16T12:37:13.905+0000] {processor.py:161} INFO - Started process (PID=1642) to work on /opt/airflow/dags/dag_03_data_pipeline.py
[2026-06-16T12:37:13.907+0000] {processor.py:830} INFO - Processing file /opt/airflow/dags/dag_03_data_pipeline.py for tasks to queue
[2026-06-16T12:37:13.913+0000] {logging_mixin.py:188} INFO - [2026-06-16T12:37:13.912+0000] {dagbag.py:545} INFO - Filling up the DagBag from /opt/airflow/dags/dag_03_data_pipeline.py
[2026-06-16T12:37:13.936+0000] {processor.py:840} INFO - DAG(s) '03_getting_started_data_pipeline' retrieved from /opt/airflow/dags/dag_03_data_pipeline.py
[2026-06-16T12:37:13.994+0000] {logging_mixin.py:188} INFO - [2026-06-16T12:37:13.994+0000] {dag.py:3089} INFO - Sync 1 DAGs
[2026-06-16T12:37:14.017+0000] {logging_mixin.py:188} INFO - [2026-06-16T12:37:14.016+0000] {dag.py:3947} INFO - Setting next_dagrun for 03_getting_started_data_pipeline to None, run_after=None
[2026-06-16T12:37:14.043+0000] {processor.py:183} INFO - Processing /opt/airflow/dags/dag_03_data_pipeline.py took 0.162 seconds
[2026-06-16T12:37:44.290+0000] {processor.py:161} INFO - Started process (PID=1686) to work on /opt/airflow/dags/dag_03_data_pipeline.py
[2026-06-16T12:37:44.292+0000] {processor.py:830} INFO - Processing file /opt/airflow/dags/dag_03_data_pipeline.py for tasks to queue
[2026-06-16T12:37:44.295+0000] {logging_mixin.py:188} INFO - [2026-06-16T12:37:44.295+0000] {dagbag.py:545} INFO - Filling up the DagBag from /opt/airflow/dags/dag_03_data_pipeline.py
[2026-06-16T12:37:44.314+0000] {processor.py:840} INFO - DAG(s) '03_getting_started_data_pipeline' retrieved from /opt/airflow/dags/dag_03_data_pipeline.py
[2026-06-16T12:37:44.391+0000] {logging_mixin.py:188} INFO - [2026-06-16T12:37:44.391+0000] {dag.py:3089} INFO - Sync 1 DAGs
[2026-06-16T12:37:44.414+0000] {logging_mixin.py:188} INFO - [2026-06-16T12:37:44.413+0000] {dag.py:3947} INFO - Setting next_dagrun for 03_getting_started_data_pipeline to None, run_after=None
[2026-06-16T12:37:44.446+0000] {processor.py:183} INFO - Processing /opt/airflow/dags/dag_03_data_pipeline.py took 0.169 seconds
[2026-06-16T12:38:14.626+0000] {processor.py:161} INFO - Started process (PID=1726) to work on /opt/airflow/dags/dag_03_data_pipeline.py
[2026-06-16T12:38:14.629+0000] {processor.py:830} INFO - Processing file /opt/airflow/dags/dag_03_data_pipeline.py for tasks to queue
[2026-06-16T12:38:14.638+0000] {logging_mixin.py:188} INFO - [2026-06-16T12:38:14.637+0000] {dagbag.py:545} INFO - Filling up the DagBag from /opt/airflow/dags/dag_03_data_pipeline.py
[2026-06-16T12:38:14.664+0000] {processor.py:840} INFO - DAG(s) '03_getting_started_data_pipeline' retrieved from /opt/airflow/dags/dag_03_data_pipeline.py
[2026-06-16T12:38:14.753+0000] {logging_mixin.py:188} INFO - [2026-06-16T12:38:14.752+0000] {dag.py:3089} INFO - Sync 1 DAGs
[2026-06-16T12:38:14.773+0000] {logging_mixin.py:188} INFO - [2026-06-16T12:38:14.773+0000] {dag.py:3947} INFO - Setting next_dagrun for 03_getting_started_data_pipeline to None, run_after=None
[2026-06-16T12:38:14.808+0000] {processor.py:183} INFO - Processing /opt/airflow/dags/dag_03_data_pipeline.py took 0.200 seconds
[2026-06-16T12:38:44.863+0000] {processor.py:161} INFO - Started process (PID=1767) to work on /opt/airflow/dags/dag_03_data_pipeline.py
[2026-06-16T12:38:44.867+0000] {processor.py:830} INFO - Processing file /opt/airflow/dags/dag_03_data_pipeline.py for tasks to queue
[2026-06-16T12:38:44.871+0000] {logging_mixin.py:188} INFO - [2026-06-16T12:38:44.871+0000] {dagbag.py:545} INFO - Filling up the DagBag from /opt/airflow/dags/dag_03_data_pipeline.py
[2026-06-16T12:38:44.889+0000] {processor.py:840} INFO - DAG(s) '03_getting_started_data_pipeline' retrieved from /opt/airflow/dags/dag_03_data_pipeline.py
[2026-06-16T12:38:44.963+0000] {logging_mixin.py:188} INFO - [2026-06-16T12:38:44.963+0000] {dag.py:3089} INFO - Sync 1 DAGs
[2026-06-16T12:38:44.987+0000] {logging_mixin.py:188} INFO - [2026-06-16T12:38:44.986+0000] {dag.py:3947} INFO - Setting next_dagrun for 03_getting_started_data_pipeline to None, run_after=None
[2026-06-16T12:38:45.024+0000] {processor.py:183} INFO - Processing /opt/airflow/dags/dag_03_data_pipeline.py took 0.175 seconds
[2026-06-16T12:39:15.154+0000] {processor.py:161} INFO - Started process (PID=1814) to work on /opt/airflow/dags/dag_03_data_pipeline.py
[2026-06-16T12:39:15.156+0000] {processor.py:830} INFO - Processing file /opt/airflow/dags/dag_03_data_pipeline.py for tasks to queue
[2026-06-16T12:39:15.158+0000] {logging_mixin.py:188} INFO - [2026-06-16T12:39:15.158+0000] {dagbag.py:545} INFO - Filling up the DagBag from /opt/airflow/dags/dag_03_data_pipeline.py
[2026-06-16T12:39:15.178+0000] {processor.py:840} INFO - DAG(s) '03_getting_started_data_pipeline' retrieved from /opt/airflow/dags/dag_03_data_pipeline.py
[2026-06-16T12:39:15.241+0000] {logging_mixin.py:188} INFO - [2026-06-16T12:39:15.241+0000] {dag.py:3089} INFO - Sync 1 DAGs
[2026-06-16T12:39:15.260+0000] {logging_mixin.py:188} INFO - [2026-06-16T12:39:15.260+0000] {dag.py:3947} INFO - Setting next_dagrun for 03_getting_started_data_pipeline to None, run_after=None
[2026-06-16T12:39:15.289+0000] {processor.py:183} INFO - Processing /opt/airflow/dags/dag_03_data_pipeline.py took 0.147 seconds
[2026-06-16T12:39:45.408+0000] {processor.py:161} INFO - Started process (PID=1856) to work on /opt/airflow/dags/dag_03_data_pipeline.py
[2026-06-16T12:39:45.410+0000] {processor.py:830} INFO - Processing file /opt/airflow/dags/dag_03_data_pipeline.py for tasks to queue
[2026-06-16T12:39:45.415+0000] {logging_mixin.py:188} INFO - [2026-06-16T12:39:45.414+0000] {dagbag.py:545} INFO - Filling up the DagBag from /opt/airflow/dags/dag_03_data_pipeline.py
[2026-06-16T12:39:45.436+0000] {processor.py:840} INFO - DAG(s) '03_getting_started_data_pipeline' retrieved from /opt/airflow/dags/dag_03_data_pipeline.py
[2026-06-16T12:39:45.512+0000] {logging_mixin.py:188} INFO - [2026-06-16T12:39:45.512+0000] {dag.py:3089} INFO - Sync 1 DAGs
[2026-06-16T12:39:45.540+0000] {logging_mixin.py:188} INFO - [2026-06-16T12:39:45.540+0000] {dag.py:3947} INFO - Setting next_dagrun for 03_getting_started_data_pipeline to None, run_after=None
[2026-06-16T12:39:45.576+0000] {processor.py:183} INFO - Processing /opt/airflow/dags/dag_03_data_pipeline.py took 0.180 seconds
[2026-06-16T12:40:15.644+0000] {processor.py:161} INFO - Started process (PID=1896) to work on /opt/airflow/dags/dag_03_data_pipeline.py
[2026-06-16T12:40:15.646+0000] {processor.py:830} INFO - Processing file /opt/airflow/dags/dag_03_data_pipeline.py for tasks to queue
[2026-06-16T12:40:15.649+0000] {logging_mixin.py:188} INFO - [2026-06-16T12:40:15.648+0000] {dagbag.py:545} INFO - Filling up the DagBag from /opt/airflow/dags/dag_03_data_pipeline.py
[2026-06-16T12:40:15.662+0000] {processor.py:840} INFO - DAG(s) '03_getting_started_data_pipeline' retrieved from /opt/airflow/dags/dag_03_data_pipeline.py
[2026-06-16T12:40:15.718+0000] {logging_mixin.py:188} INFO - [2026-06-16T12:40:15.718+0000] {dag.py:3089} INFO - Sync 1 DAGs
[2026-06-16T12:40:15.740+0000] {logging_mixin.py:188} INFO - [2026-06-16T12:40:15.740+0000] {dag.py:3947} INFO - Setting next_dagrun for 03_getting_started_data_pipeline to None, run_after=None
[2026-06-16T12:40:15.781+0000] {processor.py:183} INFO - Processing /opt/airflow/dags/dag_03_data_pipeline.py took 0.145 seconds
[2026-06-16T12:40:45.943+0000] {processor.py:161} INFO - Started process (PID=1939) to work on /opt/airflow/dags/dag_03_data_pipeline.py
[2026-06-16T12:40:45.946+0000] {processor.py:830} INFO - Processing file /opt/airflow/dags/dag_03_data_pipeline.py for tasks to queue
[2026-06-16T12:40:45.949+0000] {logging_mixin.py:188} INFO - [2026-06-16T12:40:45.948+0000] {dagbag.py:545} INFO - Filling up the DagBag from /opt/airflow/dags/dag_03_data_pipeline.py
[2026-06-16T12:40:45.966+0000] {processor.py:840} INFO - DAG(s) '03_getting_started_data_pipeline' retrieved from /opt/airflow/dags/dag_03_data_pipeline.py
[2026-06-16T12:40:46.026+0000] {logging_mixin.py:188} INFO - [2026-06-16T12:40:46.026+0000] {dag.py:3089} INFO - Sync 1 DAGs
[2026-06-16T12:40:46.054+0000] {logging_mixin.py:188} INFO - [2026-06-16T12:40:46.053+0000] {dag.py:3947} INFO - Setting next_dagrun for 03_getting_started_data_pipeline to None, run_after=None
[2026-06-16T12:40:46.080+0000] {processor.py:183} INFO - Processing /opt/airflow/dags/dag_03_data_pipeline.py took 0.151 seconds
[2026-06-16T12:41:16.141+0000] {processor.py:161} INFO - Started process (PID=1979) to work on /opt/airflow/dags/dag_03_data_pipeline.py
[2026-06-16T12:41:16.143+0000] {processor.py:830} INFO - Processing file /opt/airflow/dags/dag_03_data_pipeline.py for tasks to queue
[2026-06-16T12:41:16.146+0000] {logging_mixin.py:188} INFO - [2026-06-16T12:41:16.145+0000] {dagbag.py:545} INFO - Filling up the DagBag from /opt/airflow/dags/dag_03_data_pipeline.py
[2026-06-16T12:41:16.160+0000] {processor.py:840} INFO - DAG(s) '03_getting_started_data_pipeline' retrieved from /opt/airflow/dags/dag_03_data_pipeline.py
[2026-06-16T12:41:16.216+0000] {logging_mixin.py:188} INFO - [2026-06-16T12:41:16.215+0000] {dag.py:3089} INFO - Sync 1 DAGs
[2026-06-16T12:41:16.235+0000] {logging_mixin.py:188} INFO - [2026-06-16T12:41:16.234+0000] {dag.py:3947} INFO - Setting next_dagrun for 03_getting_started_data_pipeline to None, run_after=None
[2026-06-16T12:41:16.263+0000] {processor.py:183} INFO - Processing /opt/airflow/dags/dag_03_data_pipeline.py took 0.131 seconds
[2026-06-16T12:41:46.442+0000] {processor.py:161} INFO - Started process (PID=2026) to work on /opt/airflow/dags/dag_03_data_pipeline.py
[2026-06-16T12:41:46.444+0000] {processor.py:830} INFO - Processing file /opt/airflow/dags/dag_03_data_pipeline.py for tasks to queue
[2026-06-16T12:41:46.447+0000] {logging_mixin.py:188} INFO - [2026-06-16T12:41:46.446+0000] {dagbag.py:545} INFO - Filling up the DagBag from /opt/airflow/dags/dag_03_data_pipeline.py
[2026-06-16T12:41:46.463+0000] {processor.py:840} INFO - DAG(s) '03_getting_started_data_pipeline' retrieved from /opt/airflow/dags/dag_03_data_pipeline.py
[2026-06-16T12:41:46.528+0000] {logging_mixin.py:188} INFO - [2026-06-16T12:41:46.528+0000] {dag.py:3089} INFO - Sync 1 DAGs
[2026-06-16T12:41:46.549+0000] {logging_mixin.py:188} INFO - [2026-06-16T12:41:46.548+0000] {dag.py:3947} INFO - Setting next_dagrun for 03_getting_started_data_pipeline to None, run_after=None
[2026-06-16T12:41:46.573+0000] {processor.py:183} INFO - Processing /opt/airflow/dags/dag_03_data_pipeline.py took 0.142 seconds
[2026-06-16T12:42:16.649+0000] {processor.py:161} INFO - Started process (PID=2066) to work on /opt/airflow/dags/dag_03_data_pipeline.py
[2026-06-16T12:42:16.652+0000] {processor.py:830} INFO - Processing file /opt/airflow/dags/dag_03_data_pipeline.py for tasks to queue
[2026-06-16T12:42:16.656+0000] {logging_mixin.py:188} INFO - [2026-06-16T12:42:16.655+0000] {dagbag.py:545} INFO - Filling up the DagBag from /opt/airflow/dags/dag_03_data_pipeline.py
[2026-06-16T12:42:16.675+0000] {processor.py:840} INFO - DAG(s) '03_getting_started_data_pipeline' retrieved from /opt/airflow/dags/dag_03_data_pipeline.py
[2026-06-16T12:42:16.741+0000] {logging_mixin.py:188} INFO - [2026-06-16T12:42:16.741+0000] {dag.py:3089} INFO - Sync 1 DAGs
[2026-06-16T12:42:16.771+0000] {logging_mixin.py:188} INFO - [2026-06-16T12:42:16.771+0000] {dag.py:3947} INFO - Setting next_dagrun for 03_getting_started_data_pipeline to None, run_after=None
[2026-06-16T12:42:16.805+0000] {processor.py:183} INFO - Processing /opt/airflow/dags/dag_03_data_pipeline.py took 0.167 seconds
[2026-06-16T12:42:46.908+0000] {processor.py:161} INFO - Started process (PID=2106) to work on /opt/airflow/dags/dag_03_data_pipeline.py
[2026-06-16T12:42:46.910+0000] {processor.py:830} INFO - Processing file /opt/airflow/dags/dag_03_data_pipeline.py for tasks to queue
[2026-06-16T12:42:46.913+0000] {logging_mixin.py:188} INFO - [2026-06-16T12:42:46.912+0000] {dagbag.py:545} INFO - Filling up the DagBag from /opt/airflow/dags/dag_03_data_pipeline.py
[2026-06-16T12:42:46.927+0000] {processor.py:840} INFO - DAG(s) '03_getting_started_data_pipeline' retrieved from /opt/airflow/dags/dag_03_data_pipeline.py
[2026-06-16T12:42:46.988+0000] {logging_mixin.py:188} INFO - [2026-06-16T12:42:46.988+0000] {dag.py:3089} INFO - Sync 1 DAGs
[2026-06-16T12:42:47.004+0000] {logging_mixin.py:188} INFO - [2026-06-16T12:42:47.004+0000] {dag.py:3947} INFO - Setting next_dagrun for 03_getting_started_data_pipeline to None, run_after=None
[2026-06-16T12:42:47.028+0000] {processor.py:183} INFO - Processing /opt/airflow/dags/dag_03_data_pipeline.py took 0.130 seconds
[2026-06-16T12:43:17.209+0000] {processor.py:161} INFO - Started process (PID=2148) to work on /opt/airflow/dags/dag_03_data_pipeline.py
[2026-06-16T12:43:17.210+0000] {processor.py:830} INFO - Processing file /opt/airflow/dags/dag_03_data_pipeline.py for tasks to queue
[2026-06-16T12:43:17.212+0000] {logging_mixin.py:188} INFO - [2026-06-16T12:43:17.212+0000] {dagbag.py:545} INFO - Filling up the DagBag from /opt/airflow/dags/dag_03_data_pipeline.py
[2026-06-16T12:43:17.224+0000] {processor.py:840} INFO - DAG(s) '03_getting_started_data_pipeline' retrieved from /opt/airflow/dags/dag_03_data_pipeline.py
[2026-06-16T12:43:17.270+0000] {logging_mixin.py:188} INFO - [2026-06-16T12:43:17.270+0000] {dag.py:3089} INFO - Sync 1 DAGs
[2026-06-16T12:43:17.285+0000] {logging_mixin.py:188} INFO - [2026-06-16T12:43:17.285+0000] {dag.py:3947} INFO - Setting next_dagrun for 03_getting_started_data_pipeline to None, run_after=None
[2026-06-16T12:43:17.312+0000] {processor.py:183} INFO - Processing /opt/airflow/dags/dag_03_data_pipeline.py took 0.111 seconds
[2026-06-16T12:43:47.472+0000] {processor.py:161} INFO - Started process (PID=2188) to work on /opt/airflow/dags/dag_03_data_pipeline.py
[2026-06-16T12:43:47.474+0000] {processor.py:830} INFO - Processing file /opt/airflow/dags/dag_03_data_pipeline.py for tasks to queue
[2026-06-16T12:43:47.478+0000] {logging_mixin.py:188} INFO - [2026-06-16T12:43:47.477+0000] {dagbag.py:545} INFO - Filling up the DagBag from /opt/airflow/dags/dag_03_data_pipeline.py
[2026-06-16T12:43:47.497+0000] {processor.py:840} INFO - DAG(s) '03_getting_started_data_pipeline' retrieved from /opt/airflow/dags/dag_03_data_pipeline.py
[2026-06-16T12:43:47.569+0000] {logging_mixin.py:188} INFO - [2026-06-16T12:43:47.569+0000] {dag.py:3089} INFO - Sync 1 DAGs
[2026-06-16T12:43:47.591+0000] {logging_mixin.py:188} INFO - [2026-06-16T12:43:47.591+0000] {dag.py:3947} INFO - Setting next_dagrun for 03_getting_started_data_pipeline to None, run_after=None
[2026-06-16T12:43:47.627+0000] {processor.py:183} INFO - Processing /opt/airflow/dags/dag_03_data_pipeline.py took 0.167 seconds
[2026-06-16T12:44:18.194+0000] {processor.py:161} INFO - Started process (PID=2226) to work on /opt/airflow/dags/dag_03_data_pipeline.py
[2026-06-16T12:44:18.196+0000] {processor.py:830} INFO - Processing file /opt/airflow/dags/dag_03_data_pipeline.py for tasks to queue
[2026-06-16T12:44:18.198+0000] {logging_mixin.py:188} INFO - [2026-06-16T12:44:18.198+0000] {dagbag.py:545} INFO - Filling up the DagBag from /opt/airflow/dags/dag_03_data_pipeline.py
[2026-06-16T12:44:18.211+0000] {processor.py:840} INFO - DAG(s) '03_getting_started_data_pipeline' retrieved from /opt/airflow/dags/dag_03_data_pipeline.py
[2026-06-16T12:44:18.274+0000] {logging_mixin.py:188} INFO - [2026-06-16T12:44:18.273+0000] {dag.py:3089} INFO - Sync 1 DAGs
[2026-06-16T12:44:18.290+0000] {logging_mixin.py:188} INFO - [2026-06-16T12:44:18.290+0000] {dag.py:3947} INFO - Setting next_dagrun for 03_getting_started_data_pipeline to None, run_after=None
[2026-06-16T12:44:18.320+0000] {processor.py:183} INFO - Processing /opt/airflow/dags/dag_03_data_pipeline.py took 0.136 seconds
[2026-06-16T12:44:49.037+0000] {processor.py:161} INFO - Started process (PID=2266) to work on /opt/airflow/dags/dag_03_data_pipeline.py
[2026-06-16T12:44:49.040+0000] {processor.py:830} INFO - Processing file /opt/airflow/dags/dag_03_data_pipeline.py for tasks to queue
[2026-06-16T12:44:49.044+0000] {logging_mixin.py:188} INFO - [2026-06-16T12:44:49.043+0000] {dagbag.py:545} INFO - Filling up the DagBag from /opt/airflow/dags/dag_03_data_pipeline.py
[2026-06-16T12:44:49.060+0000] {processor.py:840} INFO - DAG(s) '03_getting_started_data_pipeline' retrieved from /opt/airflow/dags/dag_03_data_pipeline.py
[2026-06-16T12:44:49.120+0000] {logging_mixin.py:188} INFO - [2026-06-16T12:44:49.119+0000] {dag.py:3089} INFO - Sync 1 DAGs
[2026-06-16T12:44:49.147+0000] {logging_mixin.py:188} INFO - [2026-06-16T12:44:49.147+0000] {dag.py:3947} INFO - Setting next_dagrun for 03_getting_started_data_pipeline to None, run_after=None
[2026-06-16T12:44:49.179+0000] {processor.py:183} INFO - Processing /opt/airflow/dags/dag_03_data_pipeline.py took 0.153 seconds
[2026-06-16T12:45:19.322+0000] {processor.py:161} INFO - Started process (PID=2306) to work on /opt/airflow/dags/dag_03_data_pipeline.py
[2026-06-16T12:45:19.324+0000] {processor.py:830} INFO - Processing file /opt/airflow/dags/dag_03_data_pipeline.py for tasks to queue
[2026-06-16T12:45:19.327+0000] {logging_mixin.py:188} INFO - [2026-06-16T12:45:19.327+0000] {dagbag.py:545} INFO - Filling up the DagBag from /opt/airflow/dags/dag_03_data_pipeline.py
[2026-06-16T12:45:19.341+0000] {processor.py:840} INFO - DAG(s) '03_getting_started_data_pipeline' retrieved from /opt/airflow/dags/dag_03_data_pipeline.py
[2026-06-16T12:45:19.400+0000] {logging_mixin.py:188} INFO - [2026-06-16T12:45:19.400+0000] {dag.py:3089} INFO - Sync 1 DAGs
[2026-06-16T12:45:19.418+0000] {logging_mixin.py:188} INFO - [2026-06-16T12:45:19.417+0000] {dag.py:3947} INFO - Setting next_dagrun for 03_getting_started_data_pipeline to None, run_after=None
[2026-06-16T12:45:19.446+0000] {processor.py:183} INFO - Processing /opt/airflow/dags/dag_03_data_pipeline.py took 0.132 seconds
[2026-06-16T12:45:50.332+0000] {processor.py:161} INFO - Started process (PID=2346) to work on /opt/airflow/dags/dag_03_data_pipeline.py
[2026-06-16T12:45:50.334+0000] {processor.py:830} INFO - Processing file /opt/airflow/dags/dag_03_data_pipeline.py for tasks to queue
[2026-06-16T12:45:50.336+0000] {logging_mixin.py:188} INFO - [2026-06-16T12:45:50.336+0000] {dagbag.py:545} INFO - Filling up the DagBag from /opt/airflow/dags/dag_03_data_pipeline.py
[2026-06-16T12:45:50.353+0000] {processor.py:840} INFO - DAG(s) '03_getting_started_data_pipeline' retrieved from /opt/airflow/dags/dag_03_data_pipeline.py
[2026-06-16T12:45:50.414+0000] {logging_mixin.py:188} INFO - [2026-06-16T12:45:50.414+0000] {dag.py:3089} INFO - Sync 1 DAGs
[2026-06-16T12:45:50.434+0000] {logging_mixin.py:188} INFO - [2026-06-16T12:45:50.434+0000] {dag.py:3947} INFO - Setting next_dagrun for 03_getting_started_data_pipeline to None, run_after=None
[2026-06-16T12:45:50.464+0000] {processor.py:183} INFO - Processing /opt/airflow/dags/dag_03_data_pipeline.py took 0.141 seconds
[2026-06-16T12:46:20.504+0000] {processor.py:161} INFO - Started process (PID=2386) to work on /opt/airflow/dags/dag_03_data_pipeline.py
[2026-06-16T12:46:20.505+0000] {processor.py:830} INFO - Processing file /opt/airflow/dags/dag_03_data_pipeline.py for tasks to queue
[2026-06-16T12:46:20.507+0000] {logging_mixin.py:188} INFO - [2026-06-16T12:46:20.507+0000] {dagbag.py:545} INFO - Filling up the DagBag from /opt/airflow/dags/dag_03_data_pipeline.py
[2026-06-16T12:46:20.522+0000] {processor.py:840} INFO - DAG(s) '03_getting_started_data_pipeline' retrieved from /opt/airflow/dags/dag_03_data_pipeline.py
[2026-06-16T12:46:20.573+0000] {logging_mixin.py:188} INFO - [2026-06-16T12:46:20.572+0000] {dag.py:3089} INFO - Sync 1 DAGs
[2026-06-16T12:46:20.589+0000] {logging_mixin.py:188} INFO - [2026-06-16T12:46:20.589+0000] {dag.py:3947} INFO - Setting next_dagrun for 03_getting_started_data_pipeline to None, run_after=None
[2026-06-16T12:46:20.615+0000] {processor.py:183} INFO - Processing /opt/airflow/dags/dag_03_data_pipeline.py took 0.120 seconds
[2026-06-16T12:46:50.855+0000] {processor.py:161} INFO - Started process (PID=2426) to work on /opt/airflow/dags/dag_03_data_pipeline.py
[2026-06-16T12:46:50.856+0000] {processor.py:830} INFO - Processing file /opt/airflow/dags/dag_03_data_pipeline.py for tasks to queue
[2026-06-16T12:46:50.858+0000] {logging_mixin.py:188} INFO - [2026-06-16T12:46:50.858+0000] {dagbag.py:545} INFO - Filling up the DagBag from /opt/airflow/dags/dag_03_data_pipeline.py
[2026-06-16T12:46:50.870+0000] {processor.py:840} INFO - DAG(s) '03_getting_started_data_pipeline' retrieved from /opt/airflow/dags/dag_03_data_pipeline.py
[2026-06-16T12:46:50.922+0000] {logging_mixin.py:188} INFO - [2026-06-16T12:46:50.922+0000] {dag.py:3089} INFO - Sync 1 DAGs
[2026-06-16T12:46:50.946+0000] {logging_mixin.py:188} INFO - [2026-06-16T12:46:50.945+0000] {dag.py:3947} INFO - Setting next_dagrun for 03_getting_started_data_pipeline to None, run_after=None
[2026-06-16T12:46:50.972+0000] {processor.py:183} INFO - Processing /opt/airflow/dags/dag_03_data_pipeline.py took 0.124 seconds
[2026-06-16T12:47:21.158+0000] {processor.py:161} INFO - Started process (PID=2466) to work on /opt/airflow/dags/dag_03_data_pipeline.py
[2026-06-16T12:47:21.160+0000] {processor.py:830} INFO - Processing file /opt/airflow/dags/dag_03_data_pipeline.py for tasks to queue
[2026-06-16T12:47:21.165+0000] {logging_mixin.py:188} INFO - [2026-06-16T12:47:21.164+0000] {dagbag.py:545} INFO - Filling up the DagBag from /opt/airflow/dags/dag_03_data_pipeline.py
[2026-06-16T12:47:21.186+0000] {processor.py:840} INFO - DAG(s) '03_getting_started_data_pipeline' retrieved from /opt/airflow/dags/dag_03_data_pipeline.py
[2026-06-16T12:47:21.244+0000] {logging_mixin.py:188} INFO - [2026-06-16T12:47:21.244+0000] {dag.py:3089} INFO - Sync 1 DAGs
[2026-06-16T12:47:21.265+0000] {logging_mixin.py:188} INFO - [2026-06-16T12:47:21.264+0000] {dag.py:3947} INFO - Setting next_dagrun for 03_getting_started_data_pipeline to None, run_after=None
[2026-06-16T12:47:21.292+0000] {processor.py:183} INFO - Processing /opt/airflow/dags/dag_03_data_pipeline.py took 0.148 seconds
[2026-06-16T12:47:51.346+0000] {processor.py:161} INFO - Started process (PID=2506) to work on /opt/airflow/dags/dag_03_data_pipeline.py
[2026-06-16T12:47:51.348+0000] {processor.py:830} INFO - Processing file /opt/airflow/dags/dag_03_data_pipeline.py for tasks to queue
[2026-06-16T12:47:51.352+0000] {logging_mixin.py:188} INFO - [2026-06-16T12:47:51.351+0000] {dagbag.py:545} INFO - Filling up the DagBag from /opt/airflow/dags/dag_03_data_pipeline.py
[2026-06-16T12:47:51.372+0000] {processor.py:840} INFO - DAG(s) '03_getting_started_data_pipeline' retrieved from /opt/airflow/dags/dag_03_data_pipeline.py
[2026-06-16T12:47:51.437+0000] {logging_mixin.py:188} INFO - [2026-06-16T12:47:51.436+0000] {dag.py:3089} INFO - Sync 1 DAGs
[2026-06-16T12:47:51.460+0000] {logging_mixin.py:188} INFO - [2026-06-16T12:47:51.460+0000] {dag.py:3947} INFO - Setting next_dagrun for 03_getting_started_data_pipeline to None, run_after=None
[2026-06-16T12:47:51.503+0000] {processor.py:183} INFO - Processing /opt/airflow/dags/dag_03_data_pipeline.py took 0.167 seconds
[2026-06-16T12:48:21.582+0000] {processor.py:161} INFO - Started process (PID=2548) to work on /opt/airflow/dags/dag_03_data_pipeline.py
[2026-06-16T12:48:21.583+0000] {processor.py:830} INFO - Processing file /opt/airflow/dags/dag_03_data_pipeline.py for tasks to queue
[2026-06-16T12:48:21.585+0000] {logging_mixin.py:188} INFO - [2026-06-16T12:48:21.585+0000] {dagbag.py:545} INFO - Filling up the DagBag from /opt/airflow/dags/dag_03_data_pipeline.py
[2026-06-16T12:48:21.597+0000] {processor.py:840} INFO - DAG(s) '03_getting_started_data_pipeline' retrieved from /opt/airflow/dags/dag_03_data_pipeline.py
[2026-06-16T12:48:21.649+0000] {logging_mixin.py:188} INFO - [2026-06-16T12:48:21.649+0000] {dag.py:3089} INFO - Sync 1 DAGs
[2026-06-16T12:48:21.666+0000] {logging_mixin.py:188} INFO - [2026-06-16T12:48:21.666+0000] {dag.py:3947} INFO - Setting next_dagrun for 03_getting_started_data_pipeline to None, run_after=None
[2026-06-16T12:48:21.692+0000] {processor.py:183} INFO - Processing /opt/airflow/dags/dag_03_data_pipeline.py took 0.119 seconds
[2026-06-16T12:48:51.897+0000] {processor.py:161} INFO - Started process (PID=2586) to work on /opt/airflow/dags/dag_03_data_pipeline.py
[2026-06-16T12:48:51.899+0000] {processor.py:830} INFO - Processing file /opt/airflow/dags/dag_03_data_pipeline.py for tasks to queue
[2026-06-16T12:48:51.901+0000] {logging_mixin.py:188} INFO - [2026-06-16T12:48:51.901+0000] {dagbag.py:545} INFO - Filling up the DagBag from /opt/airflow/dags/dag_03_data_pipeline.py
[2026-06-16T12:48:51.920+0000] {processor.py:840} INFO - DAG(s) '03_getting_started_data_pipeline' retrieved from /opt/airflow/dags/dag_03_data_pipeline.py
[2026-06-16T12:48:51.971+0000] {logging_mixin.py:188} INFO - [2026-06-16T12:48:51.971+0000] {dag.py:3089} INFO - Sync 1 DAGs
[2026-06-16T12:48:51.987+0000] {logging_mixin.py:188} INFO - [2026-06-16T12:48:51.987+0000] {dag.py:3947} INFO - Setting next_dagrun for 03_getting_started_data_pipeline to None, run_after=None
[2026-06-16T12:48:52.012+0000] {processor.py:183} INFO - Processing /opt/airflow/dags/dag_03_data_pipeline.py took 0.125 seconds
[2026-06-16T12:49:22.262+0000] {processor.py:161} INFO - Started process (PID=2626) to work on /opt/airflow/dags/dag_03_data_pipeline.py
[2026-06-16T12:49:22.263+0000] {processor.py:830} INFO - Processing file /opt/airflow/dags/dag_03_data_pipeline.py for tasks to queue
[2026-06-16T12:49:22.266+0000] {logging_mixin.py:188} INFO - [2026-06-16T12:49:22.266+0000] {dagbag.py:545} INFO - Filling up the DagBag from /opt/airflow/dags/dag_03_data_pipeline.py
[2026-06-16T12:49:22.283+0000] {processor.py:840} INFO - DAG(s) '03_getting_started_data_pipeline' retrieved from /opt/airflow/dags/dag_03_data_pipeline.py
[2026-06-16T12:49:22.341+0000] {logging_mixin.py:188} INFO - [2026-06-16T12:49:22.341+0000] {dag.py:3089} INFO - Sync 1 DAGs
[2026-06-16T12:49:22.360+0000] {logging_mixin.py:188} INFO - [2026-06-16T12:49:22.360+0000] {dag.py:3947} INFO - Setting next_dagrun for 03_getting_started_data_pipeline to None, run_after=None
[2026-06-16T12:49:22.384+0000] {processor.py:183} INFO - Processing /opt/airflow/dags/dag_03_data_pipeline.py took 0.133 seconds
[2026-06-16T12:49:52.619+0000] {processor.py:161} INFO - Started process (PID=2666) to work on /opt/airflow/dags/dag_03_data_pipeline.py
[2026-06-16T12:49:52.620+0000] {processor.py:830} INFO - Processing file /opt/airflow/dags/dag_03_data_pipeline.py for tasks to queue
[2026-06-16T12:49:52.624+0000] {logging_mixin.py:188} INFO - [2026-06-16T12:49:52.623+0000] {dagbag.py:545} INFO - Filling up the DagBag from /opt/airflow/dags/dag_03_data_pipeline.py
[2026-06-16T12:49:52.636+0000] {processor.py:840} INFO - DAG(s) '03_getting_started_data_pipeline' retrieved from /opt/airflow/dags/dag_03_data_pipeline.py
[2026-06-16T12:49:52.693+0000] {logging_mixin.py:188} INFO - [2026-06-16T12:49:52.693+0000] {dag.py:3089} INFO - Sync 1 DAGs
[2026-06-16T12:49:52.712+0000] {logging_mixin.py:188} INFO - [2026-06-16T12:49:52.711+0000] {dag.py:3947} INFO - Setting next_dagrun for 03_getting_started_data_pipeline to None, run_after=None
[2026-06-16T12:49:52.915+0000] {processor.py:183} INFO - Processing /opt/airflow/dags/dag_03_data_pipeline.py took 0.306 seconds
[2026-06-16T12:50:22.996+0000] {processor.py:161} INFO - Started process (PID=2708) to work on /opt/airflow/dags/dag_03_data_pipeline.py
[2026-06-16T12:50:22.997+0000] {processor.py:830} INFO - Processing file /opt/airflow/dags/dag_03_data_pipeline.py for tasks to queue
[2026-06-16T12:50:22.999+0000] {logging_mixin.py:188} INFO - [2026-06-16T12:50:22.999+0000] {dagbag.py:545} INFO - Filling up the DagBag from /opt/airflow/dags/dag_03_data_pipeline.py
[2026-06-16T12:50:23.010+0000] {processor.py:840} INFO - DAG(s) '03_getting_started_data_pipeline' retrieved from /opt/airflow/dags/dag_03_data_pipeline.py
[2026-06-16T12:50:23.061+0000] {logging_mixin.py:188} INFO - [2026-06-16T12:50:23.061+0000] {dag.py:3089} INFO - Sync 1 DAGs
[2026-06-16T12:50:23.080+0000] {logging_mixin.py:188} INFO - [2026-06-16T12:50:23.080+0000] {dag.py:3947} INFO - Setting next_dagrun for 03_getting_started_data_pipeline to None, run_after=None
[2026-06-16T12:50:23.112+0000] {processor.py:183} INFO - Processing /opt/airflow/dags/dag_03_data_pipeline.py took 0.125 seconds
[2026-06-16T12:50:53.201+0000] {processor.py:161} INFO - Started process (PID=2746) to work on /opt/airflow/dags/dag_03_data_pipeline.py
[2026-06-16T12:50:53.203+0000] {processor.py:830} INFO - Processing file /opt/airflow/dags/dag_03_data_pipeline.py for tasks to queue
[2026-06-16T12:50:53.207+0000] {logging_mixin.py:188} INFO - [2026-06-16T12:50:53.206+0000] {dagbag.py:545} INFO - Filling up the DagBag from /opt/airflow/dags/dag_03_data_pipeline.py
[2026-06-16T12:50:53.228+0000] {processor.py:840} INFO - DAG(s) '03_getting_started_data_pipeline' retrieved from /opt/airflow/dags/dag_03_data_pipeline.py
[2026-06-16T12:50:53.304+0000] {logging_mixin.py:188} INFO - [2026-06-16T12:50:53.304+0000] {dag.py:3089} INFO - Sync 1 DAGs
[2026-06-16T12:50:53.325+0000] {logging_mixin.py:188} INFO - [2026-06-16T12:50:53.325+0000] {dag.py:3947} INFO - Setting next_dagrun for 03_getting_started_data_pipeline to None, run_after=None
[2026-06-16T12:50:53.364+0000] {processor.py:183} INFO - Processing /opt/airflow/dags/dag_03_data_pipeline.py took 0.177 seconds
[2026-06-16T12:51:23.551+0000] {processor.py:161} INFO - Started process (PID=2786) to work on /opt/airflow/dags/dag_03_data_pipeline.py
[2026-06-16T12:51:23.553+0000] {processor.py:830} INFO - Processing file /opt/airflow/dags/dag_03_data_pipeline.py for tasks to queue
[2026-06-16T12:51:23.555+0000] {logging_mixin.py:188} INFO - [2026-06-16T12:51:23.555+0000] {dagbag.py:545} INFO - Filling up the DagBag from /opt/airflow/dags/dag_03_data_pipeline.py
[2026-06-16T12:51:23.572+0000] {processor.py:840} INFO - DAG(s) '03_getting_started_data_pipeline' retrieved from /opt/airflow/dags/dag_03_data_pipeline.py
[2026-06-16T12:51:23.822+0000] {logging_mixin.py:188} INFO - [2026-06-16T12:51:23.822+0000] {dag.py:3089} INFO - Sync 1 DAGs
[2026-06-16T12:51:23.835+0000] {logging_mixin.py:188} INFO - [2026-06-16T12:51:23.835+0000] {dag.py:3947} INFO - Setting next_dagrun for 03_getting_started_data_pipeline to None, run_after=None
[2026-06-16T12:51:23.862+0000] {processor.py:183} INFO - Processing /opt/airflow/dags/dag_03_data_pipeline.py took 0.322 seconds
[2026-06-16T12:51:54.455+0000] {processor.py:161} INFO - Started process (PID=2826) to work on /opt/airflow/dags/dag_03_data_pipeline.py
[2026-06-16T12:51:54.456+0000] {processor.py:830} INFO - Processing file /opt/airflow/dags/dag_03_data_pipeline.py for tasks to queue
[2026-06-16T12:51:54.461+0000] {logging_mixin.py:188} INFO - [2026-06-16T12:51:54.460+0000] {dagbag.py:545} INFO - Filling up the DagBag from /opt/airflow/dags/dag_03_data_pipeline.py
[2026-06-16T12:51:54.477+0000] {processor.py:840} INFO - DAG(s) '03_getting_started_data_pipeline' retrieved from /opt/airflow/dags/dag_03_data_pipeline.py
[2026-06-16T12:51:54.536+0000] {logging_mixin.py:188} INFO - [2026-06-16T12:51:54.535+0000] {dag.py:3089} INFO - Sync 1 DAGs
[2026-06-16T12:51:54.554+0000] {logging_mixin.py:188} INFO - [2026-06-16T12:51:54.553+0000] {dag.py:3947} INFO - Setting next_dagrun for 03_getting_started_data_pipeline to None, run_after=None
[2026-06-16T12:51:54.586+0000] {processor.py:183} INFO - Processing /opt/airflow/dags/dag_03_data_pipeline.py took 0.139 seconds
[2026-06-16T12:52:24.859+0000] {processor.py:161} INFO - Started process (PID=2866) to work on /opt/airflow/dags/dag_03_data_pipeline.py
[2026-06-16T12:52:24.861+0000] {processor.py:830} INFO - Processing file /opt/airflow/dags/dag_03_data_pipeline.py for tasks to queue
[2026-06-16T12:52:24.863+0000] {logging_mixin.py:188} INFO - [2026-06-16T12:52:24.863+0000] {dagbag.py:545} INFO - Filling up the DagBag from /opt/airflow/dags/dag_03_data_pipeline.py
[2026-06-16T12:52:24.876+0000] {processor.py:840} INFO - DAG(s) '03_getting_started_data_pipeline' retrieved from /opt/airflow/dags/dag_03_data_pipeline.py
[2026-06-16T12:52:24.924+0000] {logging_mixin.py:188} INFO - [2026-06-16T12:52:24.924+0000] {dag.py:3089} INFO - Sync 1 DAGs
[2026-06-16T12:52:25.216+0000] {logging_mixin.py:188} INFO - [2026-06-16T12:52:25.216+0000] {dag.py:3947} INFO - Setting next_dagrun for 03_getting_started_data_pipeline to None, run_after=None
[2026-06-16T12:52:25.237+0000] {processor.py:183} INFO - Processing /opt/airflow/dags/dag_03_data_pipeline.py took 0.386 seconds
[2026-06-16T12:52:55.391+0000] {processor.py:161} INFO - Started process (PID=2906) to work on /opt/airflow/dags/dag_03_data_pipeline.py
[2026-06-16T12:52:55.392+0000] {processor.py:830} INFO - Processing file /opt/airflow/dags/dag_03_data_pipeline.py for tasks to queue
[2026-06-16T12:52:55.395+0000] {logging_mixin.py:188} INFO - [2026-06-16T12:52:55.394+0000] {dagbag.py:545} INFO - Filling up the DagBag from /opt/airflow/dags/dag_03_data_pipeline.py
[2026-06-16T12:52:55.596+0000] {processor.py:840} INFO - DAG(s) '03_getting_started_data_pipeline' retrieved from /opt/airflow/dags/dag_03_data_pipeline.py
[2026-06-16T12:52:55.636+0000] {logging_mixin.py:188} INFO - [2026-06-16T12:52:55.636+0000] {dag.py:3089} INFO - Sync 1 DAGs
[2026-06-16T12:52:55.651+0000] {logging_mixin.py:188} INFO - [2026-06-16T12:52:55.651+0000] {dag.py:3947} INFO - Setting next_dagrun for 03_getting_started_data_pipeline to None, run_after=None
[2026-06-16T12:52:55.675+0000] {processor.py:183} INFO - Processing /opt/airflow/dags/dag_03_data_pipeline.py took 0.294 seconds
[2026-06-16T12:53:25.808+0000] {processor.py:161} INFO - Started process (PID=2946) to work on /opt/airflow/dags/dag_03_data_pipeline.py
[2026-06-16T12:53:25.810+0000] {processor.py:830} INFO - Processing file /opt/airflow/dags/dag_03_data_pipeline.py for tasks to queue
[2026-06-16T12:53:25.813+0000] {logging_mixin.py:188} INFO - [2026-06-16T12:53:25.812+0000] {dagbag.py:545} INFO - Filling up the DagBag from /opt/airflow/dags/dag_03_data_pipeline.py
[2026-06-16T12:53:25.824+0000] {processor.py:840} INFO - DAG(s) '03_getting_started_data_pipeline' retrieved from /opt/airflow/dags/dag_03_data_pipeline.py
[2026-06-16T12:53:25.874+0000] {logging_mixin.py:188} INFO - [2026-06-16T12:53:25.873+0000] {dag.py:3089} INFO - Sync 1 DAGs
[2026-06-16T12:53:25.894+0000] {logging_mixin.py:188} INFO - [2026-06-16T12:53:25.894+0000] {dag.py:3947} INFO - Setting next_dagrun for 03_getting_started_data_pipeline to None, run_after=None
[2026-06-16T12:53:25.921+0000] {processor.py:183} INFO - Processing /opt/airflow/dags/dag_03_data_pipeline.py took 0.121 seconds
[2026-06-16T12:53:56.024+0000] {processor.py:161} INFO - Started process (PID=2986) to work on /opt/airflow/dags/dag_03_data_pipeline.py
[2026-06-16T12:53:56.025+0000] {processor.py:830} INFO - Processing file /opt/airflow/dags/dag_03_data_pipeline.py for tasks to queue
[2026-06-16T12:53:56.027+0000] {logging_mixin.py:188} INFO - [2026-06-16T12:53:56.027+0000] {dagbag.py:545} INFO - Filling up the DagBag from /opt/airflow/dags/dag_03_data_pipeline.py
[2026-06-16T12:53:56.038+0000] {processor.py:840} INFO - DAG(s) '03_getting_started_data_pipeline' retrieved from /opt/airflow/dags/dag_03_data_pipeline.py
[2026-06-16T12:53:56.083+0000] {logging_mixin.py:188} INFO - [2026-06-16T12:53:56.082+0000] {dag.py:3089} INFO - Sync 1 DAGs
[2026-06-16T12:53:56.099+0000] {logging_mixin.py:188} INFO - [2026-06-16T12:53:56.099+0000] {dag.py:3947} INFO - Setting next_dagrun for 03_getting_started_data_pipeline to None, run_after=None
[2026-06-16T12:53:56.124+0000] {processor.py:183} INFO - Processing /opt/airflow/dags/dag_03_data_pipeline.py took 0.109 seconds
[2026-06-16T12:54:26.183+0000] {processor.py:161} INFO - Started process (PID=3026) to work on /opt/airflow/dags/dag_03_data_pipeline.py
[2026-06-16T12:54:26.185+0000] {processor.py:830} INFO - Processing file /opt/airflow/dags/dag_03_data_pipeline.py for tasks to queue
[2026-06-16T12:54:26.187+0000] {logging_mixin.py:188} INFO - [2026-06-16T12:54:26.186+0000] {dagbag.py:545} INFO - Filling up the DagBag from /opt/airflow/dags/dag_03_data_pipeline.py
[2026-06-16T12:54:26.198+0000] {processor.py:840} INFO - DAG(s) '03_getting_started_data_pipeline' retrieved from /opt/airflow/dags/dag_03_data_pipeline.py
[2026-06-16T12:54:26.247+0000] {logging_mixin.py:188} INFO - [2026-06-16T12:54:26.246+0000] {dag.py:3089} INFO - Sync 1 DAGs
[2026-06-16T12:54:26.266+0000] {logging_mixin.py:188} INFO - [2026-06-16T12:54:26.266+0000] {dag.py:3947} INFO - Setting next_dagrun for 03_getting_started_data_pipeline to None, run_after=None
[2026-06-16T12:54:26.292+0000] {processor.py:183} INFO - Processing /opt/airflow/dags/dag_03_data_pipeline.py took 0.117 seconds
[2026-06-16T12:54:56.332+0000] {processor.py:161} INFO - Started process (PID=3063) to work on /opt/airflow/dags/dag_03_data_pipeline.py
[2026-06-16T12:54:56.333+0000] {processor.py:830} INFO - Processing file /opt/airflow/dags/dag_03_data_pipeline.py for tasks to queue
[2026-06-16T12:54:56.335+0000] {logging_mixin.py:188} INFO - [2026-06-16T12:54:56.335+0000] {dagbag.py:545} INFO - Filling up the DagBag from /opt/airflow/dags/dag_03_data_pipeline.py
[2026-06-16T12:54:56.347+0000] {processor.py:840} INFO - DAG(s) '03_getting_started_data_pipeline' retrieved from /opt/airflow/dags/dag_03_data_pipeline.py
[2026-06-16T12:54:56.393+0000] {logging_mixin.py:188} INFO - [2026-06-16T12:54:56.393+0000] {dag.py:3089} INFO - Sync 1 DAGs
[2026-06-16T12:54:56.408+0000] {logging_mixin.py:188} INFO - [2026-06-16T12:54:56.407+0000] {dag.py:3947} INFO - Setting next_dagrun for 03_getting_started_data_pipeline to None, run_after=None
[2026-06-16T12:54:56.436+0000] {processor.py:183} INFO - Processing /opt/airflow/dags/dag_03_data_pipeline.py took 0.113 seconds
[2026-06-16T12:55:26.538+0000] {processor.py:161} INFO - Started process (PID=3103) to work on /opt/airflow/dags/dag_03_data_pipeline.py
[2026-06-16T12:55:26.540+0000] {processor.py:830} INFO - Processing file /opt/airflow/dags/dag_03_data_pipeline.py for tasks to queue
[2026-06-16T12:55:26.542+0000] {logging_mixin.py:188} INFO - [2026-06-16T12:55:26.542+0000] {dagbag.py:545} INFO - Filling up the DagBag from /opt/airflow/dags/dag_03_data_pipeline.py
[2026-06-16T12:55:26.552+0000] {processor.py:840} INFO - DAG(s) '03_getting_started_data_pipeline' retrieved from /opt/airflow/dags/dag_03_data_pipeline.py
[2026-06-16T12:55:26.597+0000] {logging_mixin.py:188} INFO - [2026-06-16T12:55:26.597+0000] {dag.py:3089} INFO - Sync 1 DAGs
[2026-06-16T12:55:26.611+0000] {logging_mixin.py:188} INFO - [2026-06-16T12:55:26.611+0000] {dag.py:3947} INFO - Setting next_dagrun for 03_getting_started_data_pipeline to None, run_after=None
[2026-06-16T12:55:26.635+0000] {processor.py:183} INFO - Processing /opt/airflow/dags/dag_03_data_pipeline.py took 0.104 seconds
[2026-06-16T12:55:56.783+0000] {processor.py:161} INFO - Started process (PID=3143) to work on /opt/airflow/dags/dag_03_data_pipeline.py
[2026-06-16T12:55:56.784+0000] {processor.py:830} INFO - Processing file /opt/airflow/dags/dag_03_data_pipeline.py for tasks to queue
[2026-06-16T12:55:56.786+0000] {logging_mixin.py:188} INFO - [2026-06-16T12:55:56.786+0000] {dagbag.py:545} INFO - Filling up the DagBag from /opt/airflow/dags/dag_03_data_pipeline.py
[2026-06-16T12:55:56.798+0000] {processor.py:840} INFO - DAG(s) '03_getting_started_data_pipeline' retrieved from /opt/airflow/dags/dag_03_data_pipeline.py
[2026-06-16T12:55:56.845+0000] {logging_mixin.py:188} INFO - [2026-06-16T12:55:56.845+0000] {dag.py:3089} INFO - Sync 1 DAGs
[2026-06-16T12:55:56.861+0000] {logging_mixin.py:188} INFO - [2026-06-16T12:55:56.861+0000] {dag.py:3947} INFO - Setting next_dagrun for 03_getting_started_data_pipeline to None, run_after=None
[2026-06-16T12:55:56.889+0000] {processor.py:183} INFO - Processing /opt/airflow/dags/dag_03_data_pipeline.py took 0.114 seconds
[2026-06-16T12:56:26.954+0000] {processor.py:161} INFO - Started process (PID=3183) to work on /opt/airflow/dags/dag_03_data_pipeline.py
[2026-06-16T12:56:26.956+0000] {processor.py:830} INFO - Processing file /opt/airflow/dags/dag_03_data_pipeline.py for tasks to queue
[2026-06-16T12:56:26.958+0000] {logging_mixin.py:188} INFO - [2026-06-16T12:56:26.958+0000] {dagbag.py:545} INFO - Filling up the DagBag from /opt/airflow/dags/dag_03_data_pipeline.py
[2026-06-16T12:56:26.972+0000] {processor.py:840} INFO - DAG(s) '03_getting_started_data_pipeline' retrieved from /opt/airflow/dags/dag_03_data_pipeline.py
[2026-06-16T12:56:27.026+0000] {logging_mixin.py:188} INFO - [2026-06-16T12:56:27.025+0000] {dag.py:3089} INFO - Sync 1 DAGs
[2026-06-16T12:56:27.047+0000] {logging_mixin.py:188} INFO - [2026-06-16T12:56:27.046+0000] {dag.py:3947} INFO - Setting next_dagrun for 03_getting_started_data_pipeline to None, run_after=None
[2026-06-16T12:56:27.079+0000] {processor.py:183} INFO - Processing /opt/airflow/dags/dag_03_data_pipeline.py took 0.135 seconds
[2026-06-16T12:56:57.129+0000] {processor.py:161} INFO - Started process (PID=3223) to work on /opt/airflow/dags/dag_03_data_pipeline.py
[2026-06-16T12:56:57.130+0000] {processor.py:830} INFO - Processing file /opt/airflow/dags/dag_03_data_pipeline.py for tasks to queue
[2026-06-16T12:56:57.132+0000] {logging_mixin.py:188} INFO - [2026-06-16T12:56:57.132+0000] {dagbag.py:545} INFO - Filling up the DagBag from /opt/airflow/dags/dag_03_data_pipeline.py
[2026-06-16T12:56:57.144+0000] {processor.py:840} INFO - DAG(s) '03_getting_started_data_pipeline' retrieved from /opt/airflow/dags/dag_03_data_pipeline.py
[2026-06-16T12:56:57.197+0000] {logging_mixin.py:188} INFO - [2026-06-16T12:56:57.197+0000] {dag.py:3089} INFO - Sync 1 DAGs
[2026-06-16T12:56:57.213+0000] {logging_mixin.py:188} INFO - [2026-06-16T12:56:57.212+0000] {dag.py:3947} INFO - Setting next_dagrun for 03_getting_started_data_pipeline to None, run_after=None
[2026-06-16T12:56:57.242+0000] {processor.py:183} INFO - Processing /opt/airflow/dags/dag_03_data_pipeline.py took 0.122 seconds
[2026-06-16T12:57:27.522+0000] {processor.py:161} INFO - Started process (PID=3263) to work on /opt/airflow/dags/dag_03_data_pipeline.py
[2026-06-16T12:57:27.524+0000] {processor.py:830} INFO - Processing file /opt/airflow/dags/dag_03_data_pipeline.py for tasks to queue
[2026-06-16T12:57:27.527+0000] {logging_mixin.py:188} INFO - [2026-06-16T12:57:27.527+0000] {dagbag.py:545} INFO - Filling up the DagBag from /opt/airflow/dags/dag_03_data_pipeline.py
[2026-06-16T12:57:27.545+0000] {processor.py:840} INFO - DAG(s) '03_getting_started_data_pipeline' retrieved from /opt/airflow/dags/dag_03_data_pipeline.py
[2026-06-16T12:57:27.611+0000] {logging_mixin.py:188} INFO - [2026-06-16T12:57:27.611+0000] {dag.py:3089} INFO - Sync 1 DAGs
[2026-06-16T12:57:27.629+0000] {logging_mixin.py:188} INFO - [2026-06-16T12:57:27.629+0000] {dag.py:3947} INFO - Setting next_dagrun for 03_getting_started_data_pipeline to None, run_after=None
[2026-06-16T12:57:27.654+0000] {processor.py:183} INFO - Processing /opt/airflow/dags/dag_03_data_pipeline.py took 0.145 seconds
[2026-06-16T12:57:58.642+0000] {processor.py:161} INFO - Started process (PID=3306) to work on /opt/airflow/dags/dag_03_data_pipeline.py
[2026-06-16T12:57:58.643+0000] {processor.py:830} INFO - Processing file /opt/airflow/dags/dag_03_data_pipeline.py for tasks to queue
[2026-06-16T12:57:58.646+0000] {logging_mixin.py:188} INFO - [2026-06-16T12:57:58.645+0000] {dagbag.py:545} INFO - Filling up the DagBag from /opt/airflow/dags/dag_03_data_pipeline.py
[2026-06-16T12:57:58.657+0000] {processor.py:840} INFO - DAG(s) '03_getting_started_data_pipeline' retrieved from /opt/airflow/dags/dag_03_data_pipeline.py
[2026-06-16T12:57:58.714+0000] {logging_mixin.py:188} INFO - [2026-06-16T12:57:58.713+0000] {dag.py:3089} INFO - Sync 1 DAGs
[2026-06-16T12:57:58.730+0000] {logging_mixin.py:188} INFO - [2026-06-16T12:57:58.730+0000] {dag.py:3947} INFO - Setting next_dagrun for 03_getting_started_data_pipeline to None, run_after=None
[2026-06-16T12:57:58.759+0000] {processor.py:183} INFO - Processing /opt/airflow/dags/dag_03_data_pipeline.py took 0.125 seconds
[2026-06-16T12:58:28.855+0000] {processor.py:161} INFO - Started process (PID=3346) to work on /opt/airflow/dags/dag_03_data_pipeline.py
[2026-06-16T12:58:28.857+0000] {processor.py:830} INFO - Processing file /opt/airflow/dags/dag_03_data_pipeline.py for tasks to queue
[2026-06-16T12:58:28.861+0000] {logging_mixin.py:188} INFO - [2026-06-16T12:58:28.860+0000] {dagbag.py:545} INFO - Filling up the DagBag from /opt/airflow/dags/dag_03_data_pipeline.py
[2026-06-16T12:58:28.878+0000] {processor.py:840} INFO - DAG(s) '03_getting_started_data_pipeline' retrieved from /opt/airflow/dags/dag_03_data_pipeline.py
[2026-06-16T12:58:28.939+0000] {logging_mixin.py:188} INFO - [2026-06-16T12:58:28.939+0000] {dag.py:3089} INFO - Sync 1 DAGs
[2026-06-16T12:58:28.956+0000] {logging_mixin.py:188} INFO - [2026-06-16T12:58:28.955+0000] {dag.py:3947} INFO - Setting next_dagrun for 03_getting_started_data_pipeline to None, run_after=None
[2026-06-16T12:58:28.981+0000] {processor.py:183} INFO - Processing /opt/airflow/dags/dag_03_data_pipeline.py took 0.136 seconds
[2026-06-16T12:58:59.022+0000] {processor.py:161} INFO - Started process (PID=3383) to work on /opt/airflow/dags/dag_03_data_pipeline.py
[2026-06-16T12:58:59.023+0000] {processor.py:830} INFO - Processing file /opt/airflow/dags/dag_03_data_pipeline.py for tasks to queue
[2026-06-16T12:58:59.025+0000] {logging_mixin.py:188} INFO - [2026-06-16T12:58:59.024+0000] {dagbag.py:545} INFO - Filling up the DagBag from /opt/airflow/dags/dag_03_data_pipeline.py
[2026-06-16T12:58:59.035+0000] {processor.py:840} INFO - DAG(s) '03_getting_started_data_pipeline' retrieved from /opt/airflow/dags/dag_03_data_pipeline.py
[2026-06-16T12:58:59.079+0000] {logging_mixin.py:188} INFO - [2026-06-16T12:58:59.078+0000] {dag.py:3089} INFO - Sync 1 DAGs
[2026-06-16T12:58:59.092+0000] {logging_mixin.py:188} INFO - [2026-06-16T12:58:59.092+0000] {dag.py:3947} INFO - Setting next_dagrun for 03_getting_started_data_pipeline to None, run_after=None
[2026-06-16T12:58:59.117+0000] {processor.py:183} INFO - Processing /opt/airflow/dags/dag_03_data_pipeline.py took 0.104 seconds
[2026-06-16T12:59:29.205+0000] {processor.py:161} INFO - Started process (PID=3423) to work on /opt/airflow/dags/dag_03_data_pipeline.py
[2026-06-16T12:59:29.207+0000] {processor.py:830} INFO - Processing file /opt/airflow/dags/dag_03_data_pipeline.py for tasks to queue
[2026-06-16T12:59:29.209+0000] {logging_mixin.py:188} INFO - [2026-06-16T12:59:29.209+0000] {dagbag.py:545} INFO - Filling up the DagBag from /opt/airflow/dags/dag_03_data_pipeline.py
[2026-06-16T12:59:29.220+0000] {processor.py:840} INFO - DAG(s) '03_getting_started_data_pipeline' retrieved from /opt/airflow/dags/dag_03_data_pipeline.py
[2026-06-16T12:59:29.261+0000] {logging_mixin.py:188} INFO - [2026-06-16T12:59:29.261+0000] {dag.py:3089} INFO - Sync 1 DAGs
[2026-06-16T12:59:29.275+0000] {logging_mixin.py:188} INFO - [2026-06-16T12:59:29.274+0000] {dag.py:3947} INFO - Setting next_dagrun for 03_getting_started_data_pipeline to None, run_after=None
[2026-06-16T12:59:29.298+0000] {processor.py:183} INFO - Processing /opt/airflow/dags/dag_03_data_pipeline.py took 0.104 seconds
[2026-06-16T12:59:59.363+0000] {processor.py:161} INFO - Started process (PID=3463) to work on /opt/airflow/dags/dag_03_data_pipeline.py
[2026-06-16T12:59:59.364+0000] {processor.py:830} INFO - Processing file /opt/airflow/dags/dag_03_data_pipeline.py for tasks to queue
[2026-06-16T12:59:59.365+0000] {logging_mixin.py:188} INFO - [2026-06-16T12:59:59.365+0000] {dagbag.py:545} INFO - Filling up the DagBag from /opt/airflow/dags/dag_03_data_pipeline.py
[2026-06-16T12:59:59.376+0000] {processor.py:840} INFO - DAG(s) '03_getting_started_data_pipeline' retrieved from /opt/airflow/dags/dag_03_data_pipeline.py
[2026-06-16T12:59:59.418+0000] {logging_mixin.py:188} INFO - [2026-06-16T12:59:59.417+0000] {dag.py:3089} INFO - Sync 1 DAGs
[2026-06-16T12:59:59.431+0000] {logging_mixin.py:188} INFO - [2026-06-16T12:59:59.431+0000] {dag.py:3947} INFO - Setting next_dagrun for 03_getting_started_data_pipeline to None, run_after=None
[2026-06-16T12:59:59.457+0000] {processor.py:183} INFO - Processing /opt/airflow/dags/dag_03_data_pipeline.py took 0.102 seconds
[2026-06-16T13:00:29.510+0000] {processor.py:161} INFO - Started process (PID=3503) to work on /opt/airflow/dags/dag_03_data_pipeline.py
[2026-06-16T13:00:29.513+0000] {processor.py:830} INFO - Processing file /opt/airflow/dags/dag_03_data_pipeline.py for tasks to queue
[2026-06-16T13:00:29.515+0000] {logging_mixin.py:188} INFO - [2026-06-16T13:00:29.515+0000] {dagbag.py:545} INFO - Filling up the DagBag from /opt/airflow/dags/dag_03_data_pipeline.py
[2026-06-16T13:00:29.526+0000] {processor.py:840} INFO - DAG(s) '03_getting_started_data_pipeline' retrieved from /opt/airflow/dags/dag_03_data_pipeline.py
[2026-06-16T13:00:29.567+0000] {logging_mixin.py:188} INFO - [2026-06-16T13:00:29.567+0000] {dag.py:3089} INFO - Sync 1 DAGs
[2026-06-16T13:00:29.581+0000] {logging_mixin.py:188} INFO - [2026-06-16T13:00:29.581+0000] {dag.py:3947} INFO - Setting next_dagrun for 03_getting_started_data_pipeline to None, run_after=None
[2026-06-16T13:00:29.605+0000] {processor.py:183} INFO - Processing /opt/airflow/dags/dag_03_data_pipeline.py took 0.102 seconds
[2026-06-16T13:00:59.720+0000] {processor.py:161} INFO - Started process (PID=3543) to work on /opt/airflow/dags/dag_03_data_pipeline.py
[2026-06-16T13:00:59.722+0000] {processor.py:830} INFO - Processing file /opt/airflow/dags/dag_03_data_pipeline.py for tasks to queue
[2026-06-16T13:00:59.725+0000] {logging_mixin.py:188} INFO - [2026-06-16T13:00:59.724+0000] {dagbag.py:545} INFO - Filling up the DagBag from /opt/airflow/dags/dag_03_data_pipeline.py
[2026-06-16T13:00:59.736+0000] {processor.py:840} INFO - DAG(s) '03_getting_started_data_pipeline' retrieved from /opt/airflow/dags/dag_03_data_pipeline.py
[2026-06-16T13:00:59.780+0000] {logging_mixin.py:188} INFO - [2026-06-16T13:00:59.780+0000] {dag.py:3089} INFO - Sync 1 DAGs
[2026-06-16T13:00:59.795+0000] {logging_mixin.py:188} INFO - [2026-06-16T13:00:59.795+0000] {dag.py:3947} INFO - Setting next_dagrun for 03_getting_started_data_pipeline to None, run_after=None
[2026-06-16T13:00:59.824+0000] {processor.py:183} INFO - Processing /opt/airflow/dags/dag_03_data_pipeline.py took 0.112 seconds
[2026-06-16T13:01:29.932+0000] {processor.py:161} INFO - Started process (PID=3583) to work on /opt/airflow/dags/dag_03_data_pipeline.py
[2026-06-16T13:01:29.934+0000] {processor.py:830} INFO - Processing file /opt/airflow/dags/dag_03_data_pipeline.py for tasks to queue
[2026-06-16T13:01:29.936+0000] {logging_mixin.py:188} INFO - [2026-06-16T13:01:29.936+0000] {dagbag.py:545} INFO - Filling up the DagBag from /opt/airflow/dags/dag_03_data_pipeline.py
[2026-06-16T13:01:29.946+0000] {processor.py:840} INFO - DAG(s) '03_getting_started_data_pipeline' retrieved from /opt/airflow/dags/dag_03_data_pipeline.py
[2026-06-16T13:01:29.997+0000] {logging_mixin.py:188} INFO - [2026-06-16T13:01:29.997+0000] {dag.py:3089} INFO - Sync 1 DAGs
[2026-06-16T13:01:30.016+0000] {logging_mixin.py:188} INFO - [2026-06-16T13:01:30.015+0000] {dag.py:3947} INFO - Setting next_dagrun for 03_getting_started_data_pipeline to None, run_after=None
[2026-06-16T13:01:30.042+0000] {processor.py:183} INFO - Processing /opt/airflow/dags/dag_03_data_pipeline.py took 0.117 seconds
[2026-06-16T13:02:00.173+0000] {processor.py:161} INFO - Started process (PID=3623) to work on /opt/airflow/dags/dag_03_data_pipeline.py
[2026-06-16T13:02:00.184+0000] {processor.py:830} INFO - Processing file /opt/airflow/dags/dag_03_data_pipeline.py for tasks to queue
[2026-06-16T13:02:00.186+0000] {logging_mixin.py:188} INFO - [2026-06-16T13:02:00.186+0000] {dagbag.py:545} INFO - Filling up the DagBag from /opt/airflow/dags/dag_03_data_pipeline.py
[2026-06-16T13:02:00.196+0000] {processor.py:840} INFO - DAG(s) '03_getting_started_data_pipeline' retrieved from /opt/airflow/dags/dag_03_data_pipeline.py
[2026-06-16T13:02:00.248+0000] {logging_mixin.py:188} INFO - [2026-06-16T13:02:00.247+0000] {dag.py:3089} INFO - Sync 1 DAGs
[2026-06-16T13:02:00.268+0000] {logging_mixin.py:188} INFO - [2026-06-16T13:02:00.268+0000] {dag.py:3947} INFO - Setting next_dagrun for 03_getting_started_data_pipeline to None, run_after=None
[2026-06-16T13:02:00.300+0000] {processor.py:183} INFO - Processing /opt/airflow/dags/dag_03_data_pipeline.py took 0.138 seconds
[2026-06-16T13:02:30.359+0000] {processor.py:161} INFO - Started process (PID=3663) to work on /opt/airflow/dags/dag_03_data_pipeline.py
[2026-06-16T13:02:30.369+0000] {processor.py:830} INFO - Processing file /opt/airflow/dags/dag_03_data_pipeline.py for tasks to queue
[2026-06-16T13:02:30.371+0000] {logging_mixin.py:188} INFO - [2026-06-16T13:02:30.371+0000] {dagbag.py:545} INFO - Filling up the DagBag from /opt/airflow/dags/dag_03_data_pipeline.py
[2026-06-16T13:02:30.385+0000] {processor.py:840} INFO - DAG(s) '03_getting_started_data_pipeline' retrieved from /opt/airflow/dags/dag_03_data_pipeline.py
[2026-06-16T13:02:30.436+0000] {logging_mixin.py:188} INFO - [2026-06-16T13:02:30.436+0000] {dag.py:3089} INFO - Sync 1 DAGs
[2026-06-16T13:02:30.457+0000] {logging_mixin.py:188} INFO - [2026-06-16T13:02:30.457+0000] {dag.py:3947} INFO - Setting next_dagrun for 03_getting_started_data_pipeline to None, run_after=None
[2026-06-16T13:02:30.493+0000] {processor.py:183} INFO - Processing /opt/airflow/dags/dag_03_data_pipeline.py took 0.143 seconds
[2026-06-16T13:03:00.579+0000] {processor.py:161} INFO - Started process (PID=3703) to work on /opt/airflow/dags/dag_03_data_pipeline.py
[2026-06-16T13:03:00.580+0000] {processor.py:830} INFO - Processing file /opt/airflow/dags/dag_03_data_pipeline.py for tasks to queue
[2026-06-16T13:03:00.583+0000] {logging_mixin.py:188} INFO - [2026-06-16T13:03:00.582+0000] {dagbag.py:545} INFO - Filling up the DagBag from /opt/airflow/dags/dag_03_data_pipeline.py
[2026-06-16T13:03:00.594+0000] {processor.py:840} INFO - DAG(s) '03_getting_started_data_pipeline' retrieved from /opt/airflow/dags/dag_03_data_pipeline.py
[2026-06-16T13:03:00.641+0000] {logging_mixin.py:188} INFO - [2026-06-16T13:03:00.641+0000] {dag.py:3089} INFO - Sync 1 DAGs
[2026-06-16T13:03:00.659+0000] {logging_mixin.py:188} INFO - [2026-06-16T13:03:00.659+0000] {dag.py:3947} INFO - Setting next_dagrun for 03_getting_started_data_pipeline to None, run_after=None
[2026-06-16T13:03:00.687+0000] {processor.py:183} INFO - Processing /opt/airflow/dags/dag_03_data_pipeline.py took 0.120 seconds
[2026-06-16T13:03:30.777+0000] {processor.py:161} INFO - Started process (PID=3743) to work on /opt/airflow/dags/dag_03_data_pipeline.py
[2026-06-16T13:03:30.788+0000] {processor.py:830} INFO - Processing file /opt/airflow/dags/dag_03_data_pipeline.py for tasks to queue
[2026-06-16T13:03:30.790+0000] {logging_mixin.py:188} INFO - [2026-06-16T13:03:30.789+0000] {dagbag.py:545} INFO - Filling up the DagBag from /opt/airflow/dags/dag_03_data_pipeline.py
[2026-06-16T13:03:30.800+0000] {processor.py:840} INFO - DAG(s) '03_getting_started_data_pipeline' retrieved from /opt/airflow/dags/dag_03_data_pipeline.py
[2026-06-16T13:03:30.850+0000] {logging_mixin.py:188} INFO - [2026-06-16T13:03:30.850+0000] {dag.py:3089} INFO - Sync 1 DAGs
[2026-06-16T13:03:30.869+0000] {logging_mixin.py:188} INFO - [2026-06-16T13:03:30.868+0000] {dag.py:3947} INFO - Setting next_dagrun for 03_getting_started_data_pipeline to None, run_after=None
[2026-06-16T13:03:30.895+0000] {processor.py:183} INFO - Processing /opt/airflow/dags/dag_03_data_pipeline.py took 0.128 seconds
[2026-06-16T13:04:00.947+0000] {processor.py:161} INFO - Started process (PID=3783) to work on /opt/airflow/dags/dag_03_data_pipeline.py
[2026-06-16T13:04:00.948+0000] {processor.py:830} INFO - Processing file /opt/airflow/dags/dag_03_data_pipeline.py for tasks to queue
[2026-06-16T13:04:00.950+0000] {logging_mixin.py:188} INFO - [2026-06-16T13:04:00.949+0000] {dagbag.py:545} INFO - Filling up the DagBag from /opt/airflow/dags/dag_03_data_pipeline.py
[2026-06-16T13:04:00.961+0000] {processor.py:840} INFO - DAG(s) '03_getting_started_data_pipeline' retrieved from /opt/airflow/dags/dag_03_data_pipeline.py
[2026-06-16T13:04:01.009+0000] {logging_mixin.py:188} INFO - [2026-06-16T13:04:01.008+0000] {dag.py:3089} INFO - Sync 1 DAGs
[2026-06-16T13:04:01.025+0000] {logging_mixin.py:188} INFO - [2026-06-16T13:04:01.025+0000] {dag.py:3947} INFO - Setting next_dagrun for 03_getting_started_data_pipeline to None, run_after=None
[2026-06-16T13:04:01.052+0000] {processor.py:183} INFO - Processing /opt/airflow/dags/dag_03_data_pipeline.py took 0.117 seconds
[2026-06-16T13:04:31.877+0000] {processor.py:161} INFO - Started process (PID=3823) to work on /opt/airflow/dags/dag_03_data_pipeline.py
[2026-06-16T13:04:31.879+0000] {processor.py:830} INFO - Processing file /opt/airflow/dags/dag_03_data_pipeline.py for tasks to queue
[2026-06-16T13:04:31.881+0000] {logging_mixin.py:188} INFO - [2026-06-16T13:04:31.881+0000] {dagbag.py:545} INFO - Filling up the DagBag from /opt/airflow/dags/dag_03_data_pipeline.py
[2026-06-16T13:04:31.892+0000] {processor.py:840} INFO - DAG(s) '03_getting_started_data_pipeline' retrieved from /opt/airflow/dags/dag_03_data_pipeline.py
[2026-06-16T13:04:31.946+0000] {logging_mixin.py:188} INFO - [2026-06-16T13:04:31.945+0000] {dag.py:3089} INFO - Sync 1 DAGs
[2026-06-16T13:04:31.963+0000] {logging_mixin.py:188} INFO - [2026-06-16T13:04:31.963+0000] {dag.py:3947} INFO - Setting next_dagrun for 03_getting_started_data_pipeline to None, run_after=None
[2026-06-16T13:04:31.991+0000] {processor.py:183} INFO - Processing /opt/airflow/dags/dag_03_data_pipeline.py took 0.124 seconds
[2026-06-16T13:05:02.079+0000] {processor.py:161} INFO - Started process (PID=3863) to work on /opt/airflow/dags/dag_03_data_pipeline.py
[2026-06-16T13:05:02.080+0000] {processor.py:830} INFO - Processing file /opt/airflow/dags/dag_03_data_pipeline.py for tasks to queue
[2026-06-16T13:05:02.083+0000] {logging_mixin.py:188} INFO - [2026-06-16T13:05:02.083+0000] {dagbag.py:545} INFO - Filling up the DagBag from /opt/airflow/dags/dag_03_data_pipeline.py
[2026-06-16T13:05:02.097+0000] {processor.py:840} INFO - DAG(s) '03_getting_started_data_pipeline' retrieved from /opt/airflow/dags/dag_03_data_pipeline.py
[2026-06-16T13:05:02.149+0000] {logging_mixin.py:188} INFO - [2026-06-16T13:05:02.149+0000] {dag.py:3089} INFO - Sync 1 DAGs
[2026-06-16T13:05:02.169+0000] {logging_mixin.py:188} INFO - [2026-06-16T13:05:02.169+0000] {dag.py:3947} INFO - Setting next_dagrun for 03_getting_started_data_pipeline to None, run_after=None
[2026-06-16T13:05:02.197+0000] {processor.py:183} INFO - Processing /opt/airflow/dags/dag_03_data_pipeline.py took 0.128 seconds
[2026-06-16T13:05:32.251+0000] {processor.py:161} INFO - Started process (PID=3903) to work on /opt/airflow/dags/dag_03_data_pipeline.py
[2026-06-16T13:05:32.262+0000] {processor.py:830} INFO - Processing file /opt/airflow/dags/dag_03_data_pipeline.py for tasks to queue
[2026-06-16T13:05:32.264+0000] {logging_mixin.py:188} INFO - [2026-06-16T13:05:32.264+0000] {dagbag.py:545} INFO - Filling up the DagBag from /opt/airflow/dags/dag_03_data_pipeline.py
[2026-06-16T13:05:32.275+0000] {processor.py:840} INFO - DAG(s) '03_getting_started_data_pipeline' retrieved from /opt/airflow/dags/dag_03_data_pipeline.py
[2026-06-16T13:05:32.319+0000] {logging_mixin.py:188} INFO - [2026-06-16T13:05:32.319+0000] {dag.py:3089} INFO - Sync 1 DAGs
[2026-06-16T13:05:32.335+0000] {logging_mixin.py:188} INFO - [2026-06-16T13:05:32.335+0000] {dag.py:3947} INFO - Setting next_dagrun for 03_getting_started_data_pipeline to None, run_after=None
[2026-06-16T13:05:32.363+0000] {processor.py:183} INFO - Processing /opt/airflow/dags/dag_03_data_pipeline.py took 0.122 seconds
[2026-06-16T13:06:02.420+0000] {processor.py:161} INFO - Started process (PID=3943) to work on /opt/airflow/dags/dag_03_data_pipeline.py
[2026-06-16T13:06:02.421+0000] {processor.py:830} INFO - Processing file /opt/airflow/dags/dag_03_data_pipeline.py for tasks to queue
[2026-06-16T13:06:02.423+0000] {logging_mixin.py:188} INFO - [2026-06-16T13:06:02.422+0000] {dagbag.py:545} INFO - Filling up the DagBag from /opt/airflow/dags/dag_03_data_pipeline.py
[2026-06-16T13:06:02.434+0000] {processor.py:840} INFO - DAG(s) '03_getting_started_data_pipeline' retrieved from /opt/airflow/dags/dag_03_data_pipeline.py
[2026-06-16T13:06:02.482+0000] {logging_mixin.py:188} INFO - [2026-06-16T13:06:02.482+0000] {dag.py:3089} INFO - Sync 1 DAGs
[2026-06-16T13:06:02.497+0000] {logging_mixin.py:188} INFO - [2026-06-16T13:06:02.496+0000] {dag.py:3947} INFO - Setting next_dagrun for 03_getting_started_data_pipeline to None, run_after=None
[2026-06-16T13:06:02.525+0000] {processor.py:183} INFO - Processing /opt/airflow/dags/dag_03_data_pipeline.py took 0.114 seconds
[2026-06-16T13:06:32.615+0000] {processor.py:161} INFO - Started process (PID=3983) to work on /opt/airflow/dags/dag_03_data_pipeline.py
[2026-06-16T13:06:32.617+0000] {processor.py:830} INFO - Processing file /opt/airflow/dags/dag_03_data_pipeline.py for tasks to queue
[2026-06-16T13:06:32.619+0000] {logging_mixin.py:188} INFO - [2026-06-16T13:06:32.619+0000] {dagbag.py:545} INFO - Filling up the DagBag from /opt/airflow/dags/dag_03_data_pipeline.py
[2026-06-16T13:06:32.634+0000] {processor.py:840} INFO - DAG(s) '03_getting_started_data_pipeline' retrieved from /opt/airflow/dags/dag_03_data_pipeline.py
[2026-06-16T13:06:32.699+0000] {logging_mixin.py:188} INFO - [2026-06-16T13:06:32.699+0000] {dag.py:3089} INFO - Sync 1 DAGs
[2026-06-16T13:06:32.730+0000] {logging_mixin.py:188} INFO - [2026-06-16T13:06:32.730+0000] {dag.py:3947} INFO - Setting next_dagrun for 03_getting_started_data_pipeline to None, run_after=None
[2026-06-16T13:06:32.770+0000] {processor.py:183} INFO - Processing /opt/airflow/dags/dag_03_data_pipeline.py took 0.166 seconds
[2026-06-16T13:07:02.844+0000] {processor.py:161} INFO - Started process (PID=4023) to work on /opt/airflow/dags/dag_03_data_pipeline.py
[2026-06-16T13:07:02.845+0000] {processor.py:830} INFO - Processing file /opt/airflow/dags/dag_03_data_pipeline.py for tasks to queue
[2026-06-16T13:07:02.847+0000] {logging_mixin.py:188} INFO - [2026-06-16T13:07:02.847+0000] {dagbag.py:545} INFO - Filling up the DagBag from /opt/airflow/dags/dag_03_data_pipeline.py
[2026-06-16T13:07:02.858+0000] {processor.py:840} INFO - DAG(s) '03_getting_started_data_pipeline' retrieved from /opt/airflow/dags/dag_03_data_pipeline.py
[2026-06-16T13:07:02.907+0000] {logging_mixin.py:188} INFO - [2026-06-16T13:07:02.907+0000] {dag.py:3089} INFO - Sync 1 DAGs
[2026-06-16T13:07:02.925+0000] {logging_mixin.py:188} INFO - [2026-06-16T13:07:02.925+0000] {dag.py:3947} INFO - Setting next_dagrun for 03_getting_started_data_pipeline to None, run_after=None
[2026-06-16T13:07:02.955+0000] {processor.py:183} INFO - Processing /opt/airflow/dags/dag_03_data_pipeline.py took 0.120 seconds
[2026-06-16T13:07:33.019+0000] {processor.py:161} INFO - Started process (PID=4063) to work on /opt/airflow/dags/dag_03_data_pipeline.py
[2026-06-16T13:07:33.021+0000] {processor.py:830} INFO - Processing file /opt/airflow/dags/dag_03_data_pipeline.py for tasks to queue
[2026-06-16T13:07:33.023+0000] {logging_mixin.py:188} INFO - [2026-06-16T13:07:33.023+0000] {dagbag.py:545} INFO - Filling up the DagBag from /opt/airflow/dags/dag_03_data_pipeline.py
[2026-06-16T13:07:33.035+0000] {processor.py:840} INFO - DAG(s) '03_getting_started_data_pipeline' retrieved from /opt/airflow/dags/dag_03_data_pipeline.py
[2026-06-16T13:07:33.092+0000] {logging_mixin.py:188} INFO - [2026-06-16T13:07:33.092+0000] {dag.py:3089} INFO - Sync 1 DAGs
[2026-06-16T13:07:33.117+0000] {logging_mixin.py:188} INFO - [2026-06-16T13:07:33.117+0000] {dag.py:3947} INFO - Setting next_dagrun for 03_getting_started_data_pipeline to None, run_after=None
[2026-06-16T13:07:33.152+0000] {processor.py:183} INFO - Processing /opt/airflow/dags/dag_03_data_pipeline.py took 0.141 seconds
[2026-06-16T13:08:03.303+0000] {processor.py:161} INFO - Started process (PID=4108) to work on /opt/airflow/dags/dag_03_data_pipeline.py
[2026-06-16T13:08:03.304+0000] {processor.py:830} INFO - Processing file /opt/airflow/dags/dag_03_data_pipeline.py for tasks to queue
[2026-06-16T13:08:03.306+0000] {logging_mixin.py:188} INFO - [2026-06-16T13:08:03.306+0000] {dagbag.py:545} INFO - Filling up the DagBag from /opt/airflow/dags/dag_03_data_pipeline.py
[2026-06-16T13:08:03.317+0000] {processor.py:840} INFO - DAG(s) '03_getting_started_data_pipeline' retrieved from /opt/airflow/dags/dag_03_data_pipeline.py
[2026-06-16T13:08:03.363+0000] {logging_mixin.py:188} INFO - [2026-06-16T13:08:03.362+0000] {dag.py:3089} INFO - Sync 1 DAGs
[2026-06-16T13:08:03.377+0000] {logging_mixin.py:188} INFO - [2026-06-16T13:08:03.376+0000] {dag.py:3947} INFO - Setting next_dagrun for 03_getting_started_data_pipeline to None, run_after=None
[2026-06-16T13:08:03.400+0000] {processor.py:183} INFO - Processing /opt/airflow/dags/dag_03_data_pipeline.py took 0.104 seconds
[2026-06-16T13:08:33.496+0000] {processor.py:161} INFO - Started process (PID=4148) to work on /opt/airflow/dags/dag_03_data_pipeline.py
[2026-06-16T13:08:33.498+0000] {processor.py:830} INFO - Processing file /opt/airflow/dags/dag_03_data_pipeline.py for tasks to queue
[2026-06-16T13:08:33.500+0000] {logging_mixin.py:188} INFO - [2026-06-16T13:08:33.499+0000] {dagbag.py:545} INFO - Filling up the DagBag from /opt/airflow/dags/dag_03_data_pipeline.py
[2026-06-16T13:08:33.510+0000] {processor.py:840} INFO - DAG(s) '03_getting_started_data_pipeline' retrieved from /opt/airflow/dags/dag_03_data_pipeline.py
[2026-06-16T13:08:33.558+0000] {logging_mixin.py:188} INFO - [2026-06-16T13:08:33.557+0000] {dag.py:3089} INFO - Sync 1 DAGs
[2026-06-16T13:08:33.573+0000] {logging_mixin.py:188} INFO - [2026-06-16T13:08:33.573+0000] {dag.py:3947} INFO - Setting next_dagrun for 03_getting_started_data_pipeline to None, run_after=None
[2026-06-16T13:08:33.597+0000] {processor.py:183} INFO - Processing /opt/airflow/dags/dag_03_data_pipeline.py took 0.108 seconds
[2026-06-16T13:09:03.659+0000] {processor.py:161} INFO - Started process (PID=4188) to work on /opt/airflow/dags/dag_03_data_pipeline.py
[2026-06-16T13:09:03.660+0000] {processor.py:830} INFO - Processing file /opt/airflow/dags/dag_03_data_pipeline.py for tasks to queue
[2026-06-16T13:09:03.662+0000] {logging_mixin.py:188} INFO - [2026-06-16T13:09:03.662+0000] {dagbag.py:545} INFO - Filling up the DagBag from /opt/airflow/dags/dag_03_data_pipeline.py
[2026-06-16T13:09:03.678+0000] {processor.py:840} INFO - DAG(s) '03_getting_started_data_pipeline' retrieved from /opt/airflow/dags/dag_03_data_pipeline.py
[2026-06-16T13:09:03.723+0000] {logging_mixin.py:188} INFO - [2026-06-16T13:09:03.723+0000] {dag.py:3089} INFO - Sync 1 DAGs
[2026-06-16T13:09:03.739+0000] {logging_mixin.py:188} INFO - [2026-06-16T13:09:03.738+0000] {dag.py:3947} INFO - Setting next_dagrun for 03_getting_started_data_pipeline to None, run_after=None
[2026-06-16T13:09:03.763+0000] {processor.py:183} INFO - Processing /opt/airflow/dags/dag_03_data_pipeline.py took 0.112 seconds
[2026-06-16T13:09:33.828+0000] {processor.py:161} INFO - Started process (PID=4228) to work on /opt/airflow/dags/dag_03_data_pipeline.py
[2026-06-16T13:09:33.829+0000] {processor.py:830} INFO - Processing file /opt/airflow/dags/dag_03_data_pipeline.py for tasks to queue
[2026-06-16T13:09:33.831+0000] {logging_mixin.py:188} INFO - [2026-06-16T13:09:33.831+0000] {dagbag.py:545} INFO - Filling up the DagBag from /opt/airflow/dags/dag_03_data_pipeline.py
[2026-06-16T13:09:33.842+0000] {processor.py:840} INFO - DAG(s) '03_getting_started_data_pipeline' retrieved from /opt/airflow/dags/dag_03_data_pipeline.py
[2026-06-16T13:09:33.885+0000] {logging_mixin.py:188} INFO - [2026-06-16T13:09:33.884+0000] {dag.py:3089} INFO - Sync 1 DAGs
[2026-06-16T13:09:33.898+0000] {logging_mixin.py:188} INFO - [2026-06-16T13:09:33.898+0000] {dag.py:3947} INFO - Setting next_dagrun for 03_getting_started_data_pipeline to None, run_after=None
[2026-06-16T13:09:33.921+0000] {processor.py:183} INFO - Processing /opt/airflow/dags/dag_03_data_pipeline.py took 0.101 seconds
[2026-06-16T13:10:03.983+0000] {processor.py:161} INFO - Started process (PID=4263) to work on /opt/airflow/dags/dag_03_data_pipeline.py
[2026-06-16T13:10:03.984+0000] {processor.py:830} INFO - Processing file /opt/airflow/dags/dag_03_data_pipeline.py for tasks to queue
[2026-06-16T13:10:03.986+0000] {logging_mixin.py:188} INFO - [2026-06-16T13:10:03.986+0000] {dagbag.py:545} INFO - Filling up the DagBag from /opt/airflow/dags/dag_03_data_pipeline.py
[2026-06-16T13:10:03.997+0000] {processor.py:840} INFO - DAG(s) '03_getting_started_data_pipeline' retrieved from /opt/airflow/dags/dag_03_data_pipeline.py
[2026-06-16T13:10:04.046+0000] {logging_mixin.py:188} INFO - [2026-06-16T13:10:04.045+0000] {dag.py:3089} INFO - Sync 1 DAGs
[2026-06-16T13:10:04.060+0000] {logging_mixin.py:188} INFO - [2026-06-16T13:10:04.060+0000] {dag.py:3947} INFO - Setting next_dagrun for 03_getting_started_data_pipeline to None, run_after=None
[2026-06-16T13:10:04.092+0000] {processor.py:183} INFO - Processing /opt/airflow/dags/dag_03_data_pipeline.py took 0.118 seconds
[2026-06-16T13:10:34.155+0000] {processor.py:161} INFO - Started process (PID=4303) to work on /opt/airflow/dags/dag_03_data_pipeline.py
[2026-06-16T13:10:34.165+0000] {processor.py:830} INFO - Processing file /opt/airflow/dags/dag_03_data_pipeline.py for tasks to queue
[2026-06-16T13:10:34.167+0000] {logging_mixin.py:188} INFO - [2026-06-16T13:10:34.167+0000] {dagbag.py:545} INFO - Filling up the DagBag from /opt/airflow/dags/dag_03_data_pipeline.py
[2026-06-16T13:10:34.178+0000] {processor.py:840} INFO - DAG(s) '03_getting_started_data_pipeline' retrieved from /opt/airflow/dags/dag_03_data_pipeline.py
[2026-06-16T13:10:34.227+0000] {logging_mixin.py:188} INFO - [2026-06-16T13:10:34.227+0000] {dag.py:3089} INFO - Sync 1 DAGs
[2026-06-16T13:10:34.243+0000] {logging_mixin.py:188} INFO - [2026-06-16T13:10:34.243+0000] {dag.py:3947} INFO - Setting next_dagrun for 03_getting_started_data_pipeline to None, run_after=None
[2026-06-16T13:10:34.267+0000] {processor.py:183} INFO - Processing /opt/airflow/dags/dag_03_data_pipeline.py took 0.121 seconds
[2026-06-16T13:11:04.320+0000] {processor.py:161} INFO - Started process (PID=4343) to work on /opt/airflow/dags/dag_03_data_pipeline.py
[2026-06-16T13:11:04.321+0000] {processor.py:830} INFO - Processing file /opt/airflow/dags/dag_03_data_pipeline.py for tasks to queue
[2026-06-16T13:11:04.323+0000] {logging_mixin.py:188} INFO - [2026-06-16T13:11:04.323+0000] {dagbag.py:545} INFO - Filling up the DagBag from /opt/airflow/dags/dag_03_data_pipeline.py
[2026-06-16T13:11:04.334+0000] {processor.py:840} INFO - DAG(s) '03_getting_started_data_pipeline' retrieved from /opt/airflow/dags/dag_03_data_pipeline.py
[2026-06-16T13:11:04.385+0000] {logging_mixin.py:188} INFO - [2026-06-16T13:11:04.385+0000] {dag.py:3089} INFO - Sync 1 DAGs
[2026-06-16T13:11:04.407+0000] {logging_mixin.py:188} INFO - [2026-06-16T13:11:04.406+0000] {dag.py:3947} INFO - Setting next_dagrun for 03_getting_started_data_pipeline to None, run_after=None
[2026-06-16T13:11:04.445+0000] {processor.py:183} INFO - Processing /opt/airflow/dags/dag_03_data_pipeline.py took 0.134 seconds
[2026-06-16T13:11:35.345+0000] {processor.py:161} INFO - Started process (PID=4383) to work on /opt/airflow/dags/dag_03_data_pipeline.py
[2026-06-16T13:11:35.355+0000] {processor.py:830} INFO - Processing file /opt/airflow/dags/dag_03_data_pipeline.py for tasks to queue
[2026-06-16T13:11:35.357+0000] {logging_mixin.py:188} INFO - [2026-06-16T13:11:35.356+0000] {dagbag.py:545} INFO - Filling up the DagBag from /opt/airflow/dags/dag_03_data_pipeline.py
[2026-06-16T13:11:35.368+0000] {processor.py:840} INFO - DAG(s) '03_getting_started_data_pipeline' retrieved from /opt/airflow/dags/dag_03_data_pipeline.py
[2026-06-16T13:11:35.415+0000] {logging_mixin.py:188} INFO - [2026-06-16T13:11:35.415+0000] {dag.py:3089} INFO - Sync 1 DAGs
[2026-06-16T13:11:35.434+0000] {logging_mixin.py:188} INFO - [2026-06-16T13:11:35.434+0000] {dag.py:3947} INFO - Setting next_dagrun for 03_getting_started_data_pipeline to None, run_after=None
[2026-06-16T13:11:35.461+0000] {processor.py:183} INFO - Processing /opt/airflow/dags/dag_03_data_pipeline.py took 0.125 seconds
[2026-06-16T13:12:05.525+0000] {processor.py:161} INFO - Started process (PID=4423) to work on /opt/airflow/dags/dag_03_data_pipeline.py
[2026-06-16T13:12:05.526+0000] {processor.py:830} INFO - Processing file /opt/airflow/dags/dag_03_data_pipeline.py for tasks to queue
[2026-06-16T13:12:05.528+0000] {logging_mixin.py:188} INFO - [2026-06-16T13:12:05.528+0000] {dagbag.py:545} INFO - Filling up the DagBag from /opt/airflow/dags/dag_03_data_pipeline.py
[2026-06-16T13:12:05.540+0000] {processor.py:840} INFO - DAG(s) '03_getting_started_data_pipeline' retrieved from /opt/airflow/dags/dag_03_data_pipeline.py
[2026-06-16T13:12:05.590+0000] {logging_mixin.py:188} INFO - [2026-06-16T13:12:05.589+0000] {dag.py:3089} INFO - Sync 1 DAGs
[2026-06-16T13:12:05.606+0000] {logging_mixin.py:188} INFO - [2026-06-16T13:12:05.606+0000] {dag.py:3947} INFO - Setting next_dagrun for 03_getting_started_data_pipeline to None, run_after=None
[2026-06-16T13:12:05.633+0000] {processor.py:183} INFO - Processing /opt/airflow/dags/dag_03_data_pipeline.py took 0.118 seconds
[2026-06-16T13:12:35.707+0000] {processor.py:161} INFO - Started process (PID=4463) to work on /opt/airflow/dags/dag_03_data_pipeline.py
[2026-06-16T13:12:35.708+0000] {processor.py:830} INFO - Processing file /opt/airflow/dags/dag_03_data_pipeline.py for tasks to queue
[2026-06-16T13:12:35.710+0000] {logging_mixin.py:188} INFO - [2026-06-16T13:12:35.710+0000] {dagbag.py:545} INFO - Filling up the DagBag from /opt/airflow/dags/dag_03_data_pipeline.py
[2026-06-16T13:12:35.721+0000] {processor.py:840} INFO - DAG(s) '03_getting_started_data_pipeline' retrieved from /opt/airflow/dags/dag_03_data_pipeline.py
[2026-06-16T13:12:35.771+0000] {logging_mixin.py:188} INFO - [2026-06-16T13:12:35.771+0000] {dag.py:3089} INFO - Sync 1 DAGs
[2026-06-16T13:12:35.789+0000] {logging_mixin.py:188} INFO - [2026-06-16T13:12:35.788+0000] {dag.py:3947} INFO - Setting next_dagrun for 03_getting_started_data_pipeline to None, run_after=None
[2026-06-16T13:12:35.818+0000] {processor.py:183} INFO - Processing /opt/airflow/dags/dag_03_data_pipeline.py took 0.121 seconds
[2026-06-16T13:13:05.917+0000] {processor.py:161} INFO - Started process (PID=4503) to work on /opt/airflow/dags/dag_03_data_pipeline.py
[2026-06-16T13:13:05.918+0000] {processor.py:830} INFO - Processing file /opt/airflow/dags/dag_03_data_pipeline.py for tasks to queue
[2026-06-16T13:13:05.920+0000] {logging_mixin.py:188} INFO - [2026-06-16T13:13:05.920+0000] {dagbag.py:545} INFO - Filling up the DagBag from /opt/airflow/dags/dag_03_data_pipeline.py
[2026-06-16T13:13:05.932+0000] {processor.py:840} INFO - DAG(s) '03_getting_started_data_pipeline' retrieved from /opt/airflow/dags/dag_03_data_pipeline.py
[2026-06-16T13:13:05.980+0000] {logging_mixin.py:188} INFO - [2026-06-16T13:13:05.980+0000] {dag.py:3089} INFO - Sync 1 DAGs
[2026-06-16T13:13:05.997+0000] {logging_mixin.py:188} INFO - [2026-06-16T13:13:05.997+0000] {dag.py:3947} INFO - Setting next_dagrun for 03_getting_started_data_pipeline to None, run_after=None
[2026-06-16T13:13:06.025+0000] {processor.py:183} INFO - Processing /opt/airflow/dags/dag_03_data_pipeline.py took 0.117 seconds
[2026-06-16T13:13:36.121+0000] {processor.py:161} INFO - Started process (PID=4543) to work on /opt/airflow/dags/dag_03_data_pipeline.py
[2026-06-16T13:13:36.123+0000] {processor.py:830} INFO - Processing file /opt/airflow/dags/dag_03_data_pipeline.py for tasks to queue
[2026-06-16T13:13:36.125+0000] {logging_mixin.py:188} INFO - [2026-06-16T13:13:36.124+0000] {dagbag.py:545} INFO - Filling up the DagBag from /opt/airflow/dags/dag_03_data_pipeline.py
[2026-06-16T13:13:36.136+0000] {processor.py:840} INFO - DAG(s) '03_getting_started_data_pipeline' retrieved from /opt/airflow/dags/dag_03_data_pipeline.py
[2026-06-16T13:13:36.185+0000] {logging_mixin.py:188} INFO - [2026-06-16T13:13:36.185+0000] {dag.py:3089} INFO - Sync 1 DAGs
[2026-06-16T13:13:36.199+0000] {logging_mixin.py:188} INFO - [2026-06-16T13:13:36.199+0000] {dag.py:3947} INFO - Setting next_dagrun for 03_getting_started_data_pipeline to None, run_after=None
[2026-06-16T13:13:36.228+0000] {processor.py:183} INFO - Processing /opt/airflow/dags/dag_03_data_pipeline.py took 0.116 seconds
[2026-06-16T13:14:06.294+0000] {processor.py:161} INFO - Started process (PID=4583) to work on /opt/airflow/dags/dag_03_data_pipeline.py
[2026-06-16T13:14:06.295+0000] {processor.py:830} INFO - Processing file /opt/airflow/dags/dag_03_data_pipeline.py for tasks to queue
[2026-06-16T13:14:06.297+0000] {logging_mixin.py:188} INFO - [2026-06-16T13:14:06.297+0000] {dagbag.py:545} INFO - Filling up the DagBag from /opt/airflow/dags/dag_03_data_pipeline.py
[2026-06-16T13:14:06.309+0000] {processor.py:840} INFO - DAG(s) '03_getting_started_data_pipeline' retrieved from /opt/airflow/dags/dag_03_data_pipeline.py
[2026-06-16T13:14:06.358+0000] {logging_mixin.py:188} INFO - [2026-06-16T13:14:06.357+0000] {dag.py:3089} INFO - Sync 1 DAGs
[2026-06-16T13:14:06.377+0000] {logging_mixin.py:188} INFO - [2026-06-16T13:14:06.377+0000] {dag.py:3947} INFO - Setting next_dagrun for 03_getting_started_data_pipeline to None, run_after=None
[2026-06-16T13:14:06.405+0000] {processor.py:183} INFO - Processing /opt/airflow/dags/dag_03_data_pipeline.py took 0.119 seconds
[2026-06-16T13:14:36.493+0000] {processor.py:161} INFO - Started process (PID=4623) to work on /opt/airflow/dags/dag_03_data_pipeline.py
[2026-06-16T13:14:36.495+0000] {processor.py:830} INFO - Processing file /opt/airflow/dags/dag_03_data_pipeline.py for tasks to queue
[2026-06-16T13:14:36.497+0000] {logging_mixin.py:188} INFO - [2026-06-16T13:14:36.496+0000] {dagbag.py:545} INFO - Filling up the DagBag from /opt/airflow/dags/dag_03_data_pipeline.py
[2026-06-16T13:14:36.507+0000] {processor.py:840} INFO - DAG(s) '03_getting_started_data_pipeline' retrieved from /opt/airflow/dags/dag_03_data_pipeline.py
[2026-06-16T13:14:36.555+0000] {logging_mixin.py:188} INFO - [2026-06-16T13:14:36.555+0000] {dag.py:3089} INFO - Sync 1 DAGs
[2026-06-16T13:14:36.571+0000] {logging_mixin.py:188} INFO - [2026-06-16T13:14:36.571+0000] {dag.py:3947} INFO - Setting next_dagrun for 03_getting_started_data_pipeline to None, run_after=None
[2026-06-16T13:14:36.598+0000] {processor.py:183} INFO - Processing /opt/airflow/dags/dag_03_data_pipeline.py took 0.114 seconds
[2026-06-16T13:15:06.802+0000] {processor.py:161} INFO - Started process (PID=4663) to work on /opt/airflow/dags/dag_03_data_pipeline.py
[2026-06-16T13:15:06.803+0000] {processor.py:830} INFO - Processing file /opt/airflow/dags/dag_03_data_pipeline.py for tasks to queue
[2026-06-16T13:15:06.805+0000] {logging_mixin.py:188} INFO - [2026-06-16T13:15:06.805+0000] {dagbag.py:545} INFO - Filling up the DagBag from /opt/airflow/dags/dag_03_data_pipeline.py
[2026-06-16T13:15:06.817+0000] {processor.py:840} INFO - DAG(s) '03_getting_started_data_pipeline' retrieved from /opt/airflow/dags/dag_03_data_pipeline.py
[2026-06-16T13:15:06.874+0000] {logging_mixin.py:188} INFO - [2026-06-16T13:15:06.874+0000] {dag.py:3089} INFO - Sync 1 DAGs
[2026-06-16T13:15:06.893+0000] {logging_mixin.py:188} INFO - [2026-06-16T13:15:06.892+0000] {dag.py:3947} INFO - Setting next_dagrun for 03_getting_started_data_pipeline to None, run_after=None
[2026-06-16T13:15:06.921+0000] {processor.py:183} INFO - Processing /opt/airflow/dags/dag_03_data_pipeline.py took 0.131 seconds
[2026-06-16T13:15:36.973+0000] {processor.py:161} INFO - Started process (PID=4703) to work on /opt/airflow/dags/dag_03_data_pipeline.py
[2026-06-16T13:15:36.983+0000] {processor.py:830} INFO - Processing file /opt/airflow/dags/dag_03_data_pipeline.py for tasks to queue
[2026-06-16T13:15:36.986+0000] {logging_mixin.py:188} INFO - [2026-06-16T13:15:36.985+0000] {dagbag.py:545} INFO - Filling up the DagBag from /opt/airflow/dags/dag_03_data_pipeline.py
[2026-06-16T13:15:36.997+0000] {processor.py:840} INFO - DAG(s) '03_getting_started_data_pipeline' retrieved from /opt/airflow/dags/dag_03_data_pipeline.py
[2026-06-16T13:15:37.042+0000] {logging_mixin.py:188} INFO - [2026-06-16T13:15:37.041+0000] {dag.py:3089} INFO - Sync 1 DAGs
[2026-06-16T13:15:37.059+0000] {logging_mixin.py:188} INFO - [2026-06-16T13:15:37.059+0000] {dag.py:3947} INFO - Setting next_dagrun for 03_getting_started_data_pipeline to None, run_after=None
[2026-06-16T13:15:37.088+0000] {processor.py:183} INFO - Processing /opt/airflow/dags/dag_03_data_pipeline.py took 0.126 seconds
[2026-06-16T13:16:07.180+0000] {processor.py:161} INFO - Started process (PID=4743) to work on /opt/airflow/dags/dag_03_data_pipeline.py
[2026-06-16T13:16:07.181+0000] {processor.py:830} INFO - Processing file /opt/airflow/dags/dag_03_data_pipeline.py for tasks to queue
[2026-06-16T13:16:07.183+0000] {logging_mixin.py:188} INFO - [2026-06-16T13:16:07.183+0000] {dagbag.py:545} INFO - Filling up the DagBag from /opt/airflow/dags/dag_03_data_pipeline.py
[2026-06-16T13:16:07.195+0000] {processor.py:840} INFO - DAG(s) '03_getting_started_data_pipeline' retrieved from /opt/airflow/dags/dag_03_data_pipeline.py
[2026-06-16T13:16:07.247+0000] {logging_mixin.py:188} INFO - [2026-06-16T13:16:07.247+0000] {dag.py:3089} INFO - Sync 1 DAGs
[2026-06-16T13:16:07.266+0000] {logging_mixin.py:188} INFO - [2026-06-16T13:16:07.266+0000] {dag.py:3947} INFO - Setting next_dagrun for 03_getting_started_data_pipeline to None, run_after=None
[2026-06-16T13:16:07.294+0000] {processor.py:183} INFO - Processing /opt/airflow/dags/dag_03_data_pipeline.py took 0.123 seconds
[2026-06-16T13:16:37.342+0000] {processor.py:161} INFO - Started process (PID=4783) to work on /opt/airflow/dags/dag_03_data_pipeline.py
[2026-06-16T13:16:37.353+0000] {processor.py:830} INFO - Processing file /opt/airflow/dags/dag_03_data_pipeline.py for tasks to queue
[2026-06-16T13:16:37.355+0000] {logging_mixin.py:188} INFO - [2026-06-16T13:16:37.355+0000] {dagbag.py:545} INFO - Filling up the DagBag from /opt/airflow/dags/dag_03_data_pipeline.py
[2026-06-16T13:16:37.366+0000] {processor.py:840} INFO - DAG(s) '03_getting_started_data_pipeline' retrieved from /opt/airflow/dags/dag_03_data_pipeline.py
[2026-06-16T13:16:37.412+0000] {logging_mixin.py:188} INFO - [2026-06-16T13:16:37.412+0000] {dag.py:3089} INFO - Sync 1 DAGs
[2026-06-16T13:16:37.428+0000] {logging_mixin.py:188} INFO - [2026-06-16T13:16:37.427+0000] {dag.py:3947} INFO - Setting next_dagrun for 03_getting_started_data_pipeline to None, run_after=None
[2026-06-16T13:16:37.457+0000] {processor.py:183} INFO - Processing /opt/airflow/dags/dag_03_data_pipeline.py took 0.124 seconds
[2026-06-16T13:17:08.232+0000] {processor.py:161} INFO - Started process (PID=4823) to work on /opt/airflow/dags/dag_03_data_pipeline.py
[2026-06-16T13:17:08.234+0000] {processor.py:830} INFO - Processing file /opt/airflow/dags/dag_03_data_pipeline.py for tasks to queue
[2026-06-16T13:17:08.236+0000] {logging_mixin.py:188} INFO - [2026-06-16T13:17:08.235+0000] {dagbag.py:545} INFO - Filling up the DagBag from /opt/airflow/dags/dag_03_data_pipeline.py
[2026-06-16T13:17:08.247+0000] {processor.py:840} INFO - DAG(s) '03_getting_started_data_pipeline' retrieved from /opt/airflow/dags/dag_03_data_pipeline.py
[2026-06-16T13:17:08.295+0000] {logging_mixin.py:188} INFO - [2026-06-16T13:17:08.294+0000] {dag.py:3089} INFO - Sync 1 DAGs
[2026-06-16T13:17:08.311+0000] {logging_mixin.py:188} INFO - [2026-06-16T13:17:08.310+0000] {dag.py:3947} INFO - Setting next_dagrun for 03_getting_started_data_pipeline to None, run_after=None
[2026-06-16T13:17:08.339+0000] {processor.py:183} INFO - Processing /opt/airflow/dags/dag_03_data_pipeline.py took 0.117 seconds
[2026-06-16T13:17:38.381+0000] {processor.py:161} INFO - Started process (PID=4863) to work on /opt/airflow/dags/dag_03_data_pipeline.py
[2026-06-16T13:17:38.391+0000] {processor.py:830} INFO - Processing file /opt/airflow/dags/dag_03_data_pipeline.py for tasks to queue
[2026-06-16T13:17:38.395+0000] {logging_mixin.py:188} INFO - [2026-06-16T13:17:38.394+0000] {dagbag.py:545} INFO - Filling up the DagBag from /opt/airflow/dags/dag_03_data_pipeline.py
[2026-06-16T13:17:38.416+0000] {processor.py:840} INFO - DAG(s) '03_getting_started_data_pipeline' retrieved from /opt/airflow/dags/dag_03_data_pipeline.py
[2026-06-16T13:17:38.490+0000] {logging_mixin.py:188} INFO - [2026-06-16T13:17:38.489+0000] {dag.py:3089} INFO - Sync 1 DAGs
[2026-06-16T13:17:38.509+0000] {logging_mixin.py:188} INFO - [2026-06-16T13:17:38.509+0000] {dag.py:3947} INFO - Setting next_dagrun for 03_getting_started_data_pipeline to None, run_after=None
[2026-06-16T13:17:38.535+0000] {processor.py:183} INFO - Processing /opt/airflow/dags/dag_03_data_pipeline.py took 0.165 seconds
[2026-06-16T13:18:08.659+0000] {processor.py:161} INFO - Started process (PID=4908) to work on /opt/airflow/dags/dag_03_data_pipeline.py
[2026-06-16T13:18:08.660+0000] {processor.py:830} INFO - Processing file /opt/airflow/dags/dag_03_data_pipeline.py for tasks to queue
[2026-06-16T13:18:08.662+0000] {logging_mixin.py:188} INFO - [2026-06-16T13:18:08.661+0000] {dagbag.py:545} INFO - Filling up the DagBag from /opt/airflow/dags/dag_03_data_pipeline.py
[2026-06-16T13:18:08.672+0000] {processor.py:840} INFO - DAG(s) '03_getting_started_data_pipeline' retrieved from /opt/airflow/dags/dag_03_data_pipeline.py
[2026-06-16T13:18:08.719+0000] {logging_mixin.py:188} INFO - [2026-06-16T13:18:08.718+0000] {dag.py:3089} INFO - Sync 1 DAGs
[2026-06-16T13:18:08.733+0000] {logging_mixin.py:188} INFO - [2026-06-16T13:18:08.733+0000] {dag.py:3947} INFO - Setting next_dagrun for 03_getting_started_data_pipeline to None, run_after=None
[2026-06-16T13:18:08.757+0000] {processor.py:183} INFO - Processing /opt/airflow/dags/dag_03_data_pipeline.py took 0.106 seconds
[2026-06-16T13:18:38.812+0000] {processor.py:161} INFO - Started process (PID=4946) to work on /opt/airflow/dags/dag_03_data_pipeline.py
[2026-06-16T13:18:38.814+0000] {processor.py:830} INFO - Processing file /opt/airflow/dags/dag_03_data_pipeline.py for tasks to queue
[2026-06-16T13:18:38.816+0000] {logging_mixin.py:188} INFO - [2026-06-16T13:18:38.816+0000] {dagbag.py:545} INFO - Filling up the DagBag from /opt/airflow/dags/dag_03_data_pipeline.py
[2026-06-16T13:18:38.831+0000] {processor.py:840} INFO - DAG(s) '03_getting_started_data_pipeline' retrieved from /opt/airflow/dags/dag_03_data_pipeline.py
[2026-06-16T13:18:38.885+0000] {logging_mixin.py:188} INFO - [2026-06-16T13:18:38.884+0000] {dag.py:3089} INFO - Sync 1 DAGs
[2026-06-16T13:18:38.900+0000] {logging_mixin.py:188} INFO - [2026-06-16T13:18:38.900+0000] {dag.py:3947} INFO - Setting next_dagrun for 03_getting_started_data_pipeline to None, run_after=None
[2026-06-16T13:18:38.923+0000] {processor.py:183} INFO - Processing /opt/airflow/dags/dag_03_data_pipeline.py took 0.121 seconds
[2026-06-16T13:19:09.718+0000] {processor.py:161} INFO - Started process (PID=4983) to work on /opt/airflow/dags/dag_03_data_pipeline.py
[2026-06-16T13:19:09.720+0000] {processor.py:830} INFO - Processing file /opt/airflow/dags/dag_03_data_pipeline.py for tasks to queue
[2026-06-16T13:19:09.723+0000] {logging_mixin.py:188} INFO - [2026-06-16T13:19:09.722+0000] {dagbag.py:545} INFO - Filling up the DagBag from /opt/airflow/dags/dag_03_data_pipeline.py
[2026-06-16T13:19:09.734+0000] {processor.py:840} INFO - DAG(s) '03_getting_started_data_pipeline' retrieved from /opt/airflow/dags/dag_03_data_pipeline.py
[2026-06-16T13:19:09.782+0000] {logging_mixin.py:188} INFO - [2026-06-16T13:19:09.781+0000] {dag.py:3089} INFO - Sync 1 DAGs
[2026-06-16T13:19:09.797+0000] {logging_mixin.py:188} INFO - [2026-06-16T13:19:09.797+0000] {dag.py:3947} INFO - Setting next_dagrun for 03_getting_started_data_pipeline to None, run_after=None
[2026-06-16T13:19:09.824+0000] {processor.py:183} INFO - Processing /opt/airflow/dags/dag_03_data_pipeline.py took 0.115 seconds
[2026-06-16T13:19:39.873+0000] {processor.py:161} INFO - Started process (PID=5023) to work on /opt/airflow/dags/dag_03_data_pipeline.py
[2026-06-16T13:19:39.879+0000] {processor.py:830} INFO - Processing file /opt/airflow/dags/dag_03_data_pipeline.py for tasks to queue
[2026-06-16T13:19:39.882+0000] {logging_mixin.py:188} INFO - [2026-06-16T13:19:39.882+0000] {dagbag.py:545} INFO - Filling up the DagBag from /opt/airflow/dags/dag_03_data_pipeline.py
[2026-06-16T13:19:39.900+0000] {processor.py:840} INFO - DAG(s) '03_getting_started_data_pipeline' retrieved from /opt/airflow/dags/dag_03_data_pipeline.py
[2026-06-16T13:19:39.950+0000] {logging_mixin.py:188} INFO - [2026-06-16T13:19:39.949+0000] {dag.py:3089} INFO - Sync 1 DAGs
[2026-06-16T13:19:39.968+0000] {logging_mixin.py:188} INFO - [2026-06-16T13:19:39.968+0000] {dag.py:3947} INFO - Setting next_dagrun for 03_getting_started_data_pipeline to None, run_after=None
[2026-06-16T13:19:39.995+0000] {processor.py:183} INFO - Processing /opt/airflow/dags/dag_03_data_pipeline.py took 0.133 seconds
[2026-06-16T13:20:10.841+0000] {processor.py:161} INFO - Started process (PID=5063) to work on /opt/airflow/dags/dag_03_data_pipeline.py
[2026-06-16T13:20:10.843+0000] {processor.py:830} INFO - Processing file /opt/airflow/dags/dag_03_data_pipeline.py for tasks to queue
[2026-06-16T13:20:10.845+0000] {logging_mixin.py:188} INFO - [2026-06-16T13:20:10.845+0000] {dagbag.py:545} INFO - Filling up the DagBag from /opt/airflow/dags/dag_03_data_pipeline.py
[2026-06-16T13:20:10.856+0000] {processor.py:840} INFO - DAG(s) '03_getting_started_data_pipeline' retrieved from /opt/airflow/dags/dag_03_data_pipeline.py
[2026-06-16T13:20:10.902+0000] {logging_mixin.py:188} INFO - [2026-06-16T13:20:10.902+0000] {dag.py:3089} INFO - Sync 1 DAGs
[2026-06-16T13:20:10.916+0000] {logging_mixin.py:188} INFO - [2026-06-16T13:20:10.916+0000] {dag.py:3947} INFO - Setting next_dagrun for 03_getting_started_data_pipeline to None, run_after=None
[2026-06-16T13:20:10.944+0000] {processor.py:183} INFO - Processing /opt/airflow/dags/dag_03_data_pipeline.py took 0.113 seconds
[2026-06-16T13:20:41.026+0000] {processor.py:161} INFO - Started process (PID=5103) to work on /opt/airflow/dags/dag_03_data_pipeline.py
[2026-06-16T13:20:41.028+0000] {processor.py:830} INFO - Processing file /opt/airflow/dags/dag_03_data_pipeline.py for tasks to queue
[2026-06-16T13:20:41.032+0000] {logging_mixin.py:188} INFO - [2026-06-16T13:20:41.031+0000] {dagbag.py:545} INFO - Filling up the DagBag from /opt/airflow/dags/dag_03_data_pipeline.py
[2026-06-16T13:20:41.046+0000] {processor.py:840} INFO - DAG(s) '03_getting_started_data_pipeline' retrieved from /opt/airflow/dags/dag_03_data_pipeline.py
[2026-06-16T13:20:41.104+0000] {logging_mixin.py:188} INFO - [2026-06-16T13:20:41.103+0000] {dag.py:3089} INFO - Sync 1 DAGs
[2026-06-16T13:20:41.121+0000] {logging_mixin.py:188} INFO - [2026-06-16T13:20:41.121+0000] {dag.py:3947} INFO - Setting next_dagrun for 03_getting_started_data_pipeline to None, run_after=None
[2026-06-16T13:20:41.146+0000] {processor.py:183} INFO - Processing /opt/airflow/dags/dag_03_data_pipeline.py took 0.130 seconds
[2026-06-16T13:21:11.283+0000] {processor.py:161} INFO - Started process (PID=5148) to work on /opt/airflow/dags/dag_03_data_pipeline.py
[2026-06-16T13:21:11.284+0000] {processor.py:830} INFO - Processing file /opt/airflow/dags/dag_03_data_pipeline.py for tasks to queue
[2026-06-16T13:21:11.286+0000] {logging_mixin.py:188} INFO - [2026-06-16T13:21:11.286+0000] {dagbag.py:545} INFO - Filling up the DagBag from /opt/airflow/dags/dag_03_data_pipeline.py
[2026-06-16T13:21:11.296+0000] {processor.py:840} INFO - DAG(s) '03_getting_started_data_pipeline' retrieved from /opt/airflow/dags/dag_03_data_pipeline.py
[2026-06-16T13:21:11.337+0000] {logging_mixin.py:188} INFO - [2026-06-16T13:21:11.336+0000] {dag.py:3089} INFO - Sync 1 DAGs
[2026-06-16T13:21:11.350+0000] {logging_mixin.py:188} INFO - [2026-06-16T13:21:11.350+0000] {dag.py:3947} INFO - Setting next_dagrun for 03_getting_started_data_pipeline to None, run_after=None
[2026-06-16T13:21:11.373+0000] {processor.py:183} INFO - Processing /opt/airflow/dags/dag_03_data_pipeline.py took 0.099 seconds
[2026-06-16T13:21:41.428+0000] {processor.py:161} INFO - Started process (PID=5188) to work on /opt/airflow/dags/dag_03_data_pipeline.py
[2026-06-16T13:21:41.429+0000] {processor.py:830} INFO - Processing file /opt/airflow/dags/dag_03_data_pipeline.py for tasks to queue
[2026-06-16T13:21:41.431+0000] {logging_mixin.py:188} INFO - [2026-06-16T13:21:41.431+0000] {dagbag.py:545} INFO - Filling up the DagBag from /opt/airflow/dags/dag_03_data_pipeline.py
[2026-06-16T13:21:41.442+0000] {processor.py:840} INFO - DAG(s) '03_getting_started_data_pipeline' retrieved from /opt/airflow/dags/dag_03_data_pipeline.py
[2026-06-16T13:21:41.484+0000] {logging_mixin.py:188} INFO - [2026-06-16T13:21:41.484+0000] {dag.py:3089} INFO - Sync 1 DAGs
[2026-06-16T13:21:41.497+0000] {logging_mixin.py:188} INFO - [2026-06-16T13:21:41.497+0000] {dag.py:3947} INFO - Setting next_dagrun for 03_getting_started_data_pipeline to None, run_after=None
[2026-06-16T13:21:41.524+0000] {processor.py:183} INFO - Processing /opt/airflow/dags/dag_03_data_pipeline.py took 0.103 seconds
[2026-06-16T13:22:11.613+0000] {processor.py:161} INFO - Started process (PID=5228) to work on /opt/airflow/dags/dag_03_data_pipeline.py
[2026-06-16T13:22:11.614+0000] {processor.py:830} INFO - Processing file /opt/airflow/dags/dag_03_data_pipeline.py for tasks to queue
[2026-06-16T13:22:11.616+0000] {logging_mixin.py:188} INFO - [2026-06-16T13:22:11.615+0000] {dagbag.py:545} INFO - Filling up the DagBag from /opt/airflow/dags/dag_03_data_pipeline.py
[2026-06-16T13:22:11.626+0000] {processor.py:840} INFO - DAG(s) '03_getting_started_data_pipeline' retrieved from /opt/airflow/dags/dag_03_data_pipeline.py
[2026-06-16T13:22:11.667+0000] {logging_mixin.py:188} INFO - [2026-06-16T13:22:11.667+0000] {dag.py:3089} INFO - Sync 1 DAGs
[2026-06-16T13:22:11.680+0000] {logging_mixin.py:188} INFO - [2026-06-16T13:22:11.680+0000] {dag.py:3947} INFO - Setting next_dagrun for 03_getting_started_data_pipeline to None, run_after=None
[2026-06-16T13:22:11.706+0000] {processor.py:183} INFO - Processing /opt/airflow/dags/dag_03_data_pipeline.py took 0.101 seconds
[2026-06-16T13:22:41.780+0000] {processor.py:161} INFO - Started process (PID=5266) to work on /opt/airflow/dags/dag_03_data_pipeline.py
[2026-06-16T13:22:41.782+0000] {processor.py:830} INFO - Processing file /opt/airflow/dags/dag_03_data_pipeline.py for tasks to queue
[2026-06-16T13:22:41.785+0000] {logging_mixin.py:188} INFO - [2026-06-16T13:22:41.784+0000] {dagbag.py:545} INFO - Filling up the DagBag from /opt/airflow/dags/dag_03_data_pipeline.py
[2026-06-16T13:22:41.803+0000] {processor.py:840} INFO - DAG(s) '03_getting_started_data_pipeline' retrieved from /opt/airflow/dags/dag_03_data_pipeline.py
[2026-06-16T13:22:41.851+0000] {logging_mixin.py:188} INFO - [2026-06-16T13:22:41.851+0000] {dag.py:3089} INFO - Sync 1 DAGs
[2026-06-16T13:22:41.866+0000] {logging_mixin.py:188} INFO - [2026-06-16T13:22:41.866+0000] {dag.py:3947} INFO - Setting next_dagrun for 03_getting_started_data_pipeline to None, run_after=None
[2026-06-16T13:22:41.890+0000] {processor.py:183} INFO - Processing /opt/airflow/dags/dag_03_data_pipeline.py took 0.119 seconds
[2026-06-16T13:23:11.947+0000] {processor.py:161} INFO - Started process (PID=5303) to work on /opt/airflow/dags/dag_03_data_pipeline.py
[2026-06-16T13:23:11.949+0000] {processor.py:830} INFO - Processing file /opt/airflow/dags/dag_03_data_pipeline.py for tasks to queue
[2026-06-16T13:23:11.952+0000] {logging_mixin.py:188} INFO - [2026-06-16T13:23:11.951+0000] {dagbag.py:545} INFO - Filling up the DagBag from /opt/airflow/dags/dag_03_data_pipeline.py
[2026-06-16T13:23:11.968+0000] {processor.py:840} INFO - DAG(s) '03_getting_started_data_pipeline' retrieved from /opt/airflow/dags/dag_03_data_pipeline.py
[2026-06-16T13:23:12.035+0000] {logging_mixin.py:188} INFO - [2026-06-16T13:23:12.035+0000] {dag.py:3089} INFO - Sync 1 DAGs
[2026-06-16T13:23:12.057+0000] {logging_mixin.py:188} INFO - [2026-06-16T13:23:12.057+0000] {dag.py:3947} INFO - Setting next_dagrun for 03_getting_started_data_pipeline to None, run_after=None
[2026-06-16T13:23:12.083+0000] {processor.py:183} INFO - Processing /opt/airflow/dags/dag_03_data_pipeline.py took 0.147 seconds
[2026-06-16T13:23:42.134+0000] {processor.py:161} INFO - Started process (PID=5343) to work on /opt/airflow/dags/dag_03_data_pipeline.py
[2026-06-16T13:23:42.136+0000] {processor.py:830} INFO - Processing file /opt/airflow/dags/dag_03_data_pipeline.py for tasks to queue
[2026-06-16T13:23:42.138+0000] {logging_mixin.py:188} INFO - [2026-06-16T13:23:42.138+0000] {dagbag.py:545} INFO - Filling up the DagBag from /opt/airflow/dags/dag_03_data_pipeline.py
[2026-06-16T13:23:42.149+0000] {processor.py:840} INFO - DAG(s) '03_getting_started_data_pipeline' retrieved from /opt/airflow/dags/dag_03_data_pipeline.py
[2026-06-16T13:23:42.198+0000] {logging_mixin.py:188} INFO - [2026-06-16T13:23:42.198+0000] {dag.py:3089} INFO - Sync 1 DAGs
[2026-06-16T13:23:42.218+0000] {logging_mixin.py:188} INFO - [2026-06-16T13:23:42.217+0000] {dag.py:3947} INFO - Setting next_dagrun for 03_getting_started_data_pipeline to None, run_after=None
[2026-06-16T13:23:42.245+0000] {processor.py:183} INFO - Processing /opt/airflow/dags/dag_03_data_pipeline.py took 0.121 seconds
[2026-06-16T13:24:12.345+0000] {processor.py:161} INFO - Started process (PID=5383) to work on /opt/airflow/dags/dag_03_data_pipeline.py
[2026-06-16T13:24:12.355+0000] {processor.py:830} INFO - Processing file /opt/airflow/dags/dag_03_data_pipeline.py for tasks to queue
[2026-06-16T13:24:12.357+0000] {logging_mixin.py:188} INFO - [2026-06-16T13:24:12.357+0000] {dagbag.py:545} INFO - Filling up the DagBag from /opt/airflow/dags/dag_03_data_pipeline.py
[2026-06-16T13:24:12.368+0000] {processor.py:840} INFO - DAG(s) '03_getting_started_data_pipeline' retrieved from /opt/airflow/dags/dag_03_data_pipeline.py
[2026-06-16T13:24:12.414+0000] {logging_mixin.py:188} INFO - [2026-06-16T13:24:12.413+0000] {dag.py:3089} INFO - Sync 1 DAGs
[2026-06-16T13:24:12.431+0000] {logging_mixin.py:188} INFO - [2026-06-16T13:24:12.431+0000] {dag.py:3947} INFO - Setting next_dagrun for 03_getting_started_data_pipeline to None, run_after=None
[2026-06-16T13:24:12.459+0000] {processor.py:183} INFO - Processing /opt/airflow/dags/dag_03_data_pipeline.py took 0.123 seconds
[2026-06-16T13:24:42.504+0000] {processor.py:161} INFO - Started process (PID=5423) to work on /opt/airflow/dags/dag_03_data_pipeline.py
[2026-06-16T13:24:42.506+0000] {processor.py:830} INFO - Processing file /opt/airflow/dags/dag_03_data_pipeline.py for tasks to queue
[2026-06-16T13:24:42.508+0000] {logging_mixin.py:188} INFO - [2026-06-16T13:24:42.507+0000] {dagbag.py:545} INFO - Filling up the DagBag from /opt/airflow/dags/dag_03_data_pipeline.py
[2026-06-16T13:24:42.519+0000] {processor.py:840} INFO - DAG(s) '03_getting_started_data_pipeline' retrieved from /opt/airflow/dags/dag_03_data_pipeline.py
[2026-06-16T13:24:42.568+0000] {logging_mixin.py:188} INFO - [2026-06-16T13:24:42.568+0000] {dag.py:3089} INFO - Sync 1 DAGs
[2026-06-16T13:24:42.585+0000] {logging_mixin.py:188} INFO - [2026-06-16T13:24:42.584+0000] {dag.py:3947} INFO - Setting next_dagrun for 03_getting_started_data_pipeline to None, run_after=None
[2026-06-16T13:24:42.612+0000] {processor.py:183} INFO - Processing /opt/airflow/dags/dag_03_data_pipeline.py took 0.117 seconds
[2026-06-16T13:25:12.657+0000] {processor.py:161} INFO - Started process (PID=5463) to work on /opt/airflow/dags/dag_03_data_pipeline.py
[2026-06-16T13:25:12.944+0000] {processor.py:830} INFO - Processing file /opt/airflow/dags/dag_03_data_pipeline.py for tasks to queue
[2026-06-16T13:25:12.947+0000] {logging_mixin.py:188} INFO - [2026-06-16T13:25:12.946+0000] {dagbag.py:545} INFO - Filling up the DagBag from /opt/airflow/dags/dag_03_data_pipeline.py
[2026-06-16T13:25:12.963+0000] {processor.py:840} INFO - DAG(s) '03_getting_started_data_pipeline' retrieved from /opt/airflow/dags/dag_03_data_pipeline.py
[2026-06-16T13:25:13.011+0000] {logging_mixin.py:188} INFO - [2026-06-16T13:25:13.010+0000] {dag.py:3089} INFO - Sync 1 DAGs
[2026-06-16T13:25:13.028+0000] {logging_mixin.py:188} INFO - [2026-06-16T13:25:13.028+0000] {dag.py:3947} INFO - Setting next_dagrun for 03_getting_started_data_pipeline to None, run_after=None
[2026-06-16T13:25:13.058+0000] {processor.py:183} INFO - Processing /opt/airflow/dags/dag_03_data_pipeline.py took 0.410 seconds
[2026-06-16T13:25:44.064+0000] {processor.py:161} INFO - Started process (PID=5503) to work on /opt/airflow/dags/dag_03_data_pipeline.py
[2026-06-16T13:25:44.065+0000] {processor.py:830} INFO - Processing file /opt/airflow/dags/dag_03_data_pipeline.py for tasks to queue
[2026-06-16T13:25:44.068+0000] {logging_mixin.py:188} INFO - [2026-06-16T13:25:44.067+0000] {dagbag.py:545} INFO - Filling up the DagBag from /opt/airflow/dags/dag_03_data_pipeline.py
[2026-06-16T13:25:44.082+0000] {processor.py:840} INFO - DAG(s) '03_getting_started_data_pipeline' retrieved from /opt/airflow/dags/dag_03_data_pipeline.py
[2026-06-16T13:25:44.129+0000] {logging_mixin.py:188} INFO - [2026-06-16T13:25:44.129+0000] {dag.py:3089} INFO - Sync 1 DAGs
[2026-06-16T13:25:44.146+0000] {logging_mixin.py:188} INFO - [2026-06-16T13:25:44.146+0000] {dag.py:3947} INFO - Setting next_dagrun for 03_getting_started_data_pipeline to None, run_after=None
[2026-06-16T13:25:44.175+0000] {processor.py:183} INFO - Processing /opt/airflow/dags/dag_03_data_pipeline.py took 0.124 seconds
[2026-06-16T13:26:14.283+0000] {processor.py:161} INFO - Started process (PID=5543) to work on /opt/airflow/dags/dag_03_data_pipeline.py
[2026-06-16T13:26:14.286+0000] {processor.py:830} INFO - Processing file /opt/airflow/dags/dag_03_data_pipeline.py for tasks to queue
[2026-06-16T13:26:14.288+0000] {logging_mixin.py:188} INFO - [2026-06-16T13:26:14.288+0000] {dagbag.py:545} INFO - Filling up the DagBag from /opt/airflow/dags/dag_03_data_pipeline.py
[2026-06-16T13:26:14.302+0000] {processor.py:840} INFO - DAG(s) '03_getting_started_data_pipeline' retrieved from /opt/airflow/dags/dag_03_data_pipeline.py
[2026-06-16T13:26:14.355+0000] {logging_mixin.py:188} INFO - [2026-06-16T13:26:14.354+0000] {dag.py:3089} INFO - Sync 1 DAGs
[2026-06-16T13:26:14.372+0000] {logging_mixin.py:188} INFO - [2026-06-16T13:26:14.372+0000] {dag.py:3947} INFO - Setting next_dagrun for 03_getting_started_data_pipeline to None, run_after=None
[2026-06-16T13:26:14.400+0000] {processor.py:183} INFO - Processing /opt/airflow/dags/dag_03_data_pipeline.py took 0.127 seconds
[2026-06-16T13:26:44.482+0000] {processor.py:161} INFO - Started process (PID=5583) to work on /opt/airflow/dags/dag_03_data_pipeline.py
[2026-06-16T13:26:44.483+0000] {processor.py:830} INFO - Processing file /opt/airflow/dags/dag_03_data_pipeline.py for tasks to queue
[2026-06-16T13:26:44.485+0000] {logging_mixin.py:188} INFO - [2026-06-16T13:26:44.485+0000] {dagbag.py:545} INFO - Filling up the DagBag from /opt/airflow/dags/dag_03_data_pipeline.py
[2026-06-16T13:26:44.496+0000] {processor.py:840} INFO - DAG(s) '03_getting_started_data_pipeline' retrieved from /opt/airflow/dags/dag_03_data_pipeline.py
[2026-06-16T13:26:44.543+0000] {logging_mixin.py:188} INFO - [2026-06-16T13:26:44.542+0000] {dag.py:3089} INFO - Sync 1 DAGs
[2026-06-16T13:26:44.560+0000] {logging_mixin.py:188} INFO - [2026-06-16T13:26:44.559+0000] {dag.py:3947} INFO - Setting next_dagrun for 03_getting_started_data_pipeline to None, run_after=None
[2026-06-16T13:26:44.587+0000] {processor.py:183} INFO - Processing /opt/airflow/dags/dag_03_data_pipeline.py took 0.114 seconds
[2026-06-16T13:27:14.690+0000] {processor.py:161} INFO - Started process (PID=5623) to work on /opt/airflow/dags/dag_03_data_pipeline.py
[2026-06-16T13:27:14.692+0000] {processor.py:830} INFO - Processing file /opt/airflow/dags/dag_03_data_pipeline.py for tasks to queue
[2026-06-16T13:27:14.694+0000] {logging_mixin.py:188} INFO - [2026-06-16T13:27:14.694+0000] {dagbag.py:545} INFO - Filling up the DagBag from /opt/airflow/dags/dag_03_data_pipeline.py
[2026-06-16T13:27:14.707+0000] {processor.py:840} INFO - DAG(s) '03_getting_started_data_pipeline' retrieved from /opt/airflow/dags/dag_03_data_pipeline.py
[2026-06-16T13:27:14.758+0000] {logging_mixin.py:188} INFO - [2026-06-16T13:27:14.758+0000] {dag.py:3089} INFO - Sync 1 DAGs
[2026-06-16T13:27:14.777+0000] {logging_mixin.py:188} INFO - [2026-06-16T13:27:14.777+0000] {dag.py:3947} INFO - Setting next_dagrun for 03_getting_started_data_pipeline to None, run_after=None
[2026-06-16T13:27:14.805+0000] {processor.py:183} INFO - Processing /opt/airflow/dags/dag_03_data_pipeline.py took 0.126 seconds
[2026-06-16T13:27:44.935+0000] {processor.py:161} INFO - Started process (PID=5668) to work on /opt/airflow/dags/dag_03_data_pipeline.py
[2026-06-16T13:27:44.936+0000] {processor.py:830} INFO - Processing file /opt/airflow/dags/dag_03_data_pipeline.py for tasks to queue
[2026-06-16T13:27:44.938+0000] {logging_mixin.py:188} INFO - [2026-06-16T13:27:44.938+0000] {dagbag.py:545} INFO - Filling up the DagBag from /opt/airflow/dags/dag_03_data_pipeline.py
[2026-06-16T13:27:44.948+0000] {processor.py:840} INFO - DAG(s) '03_getting_started_data_pipeline' retrieved from /opt/airflow/dags/dag_03_data_pipeline.py
[2026-06-16T13:27:44.990+0000] {logging_mixin.py:188} INFO - [2026-06-16T13:27:44.989+0000] {dag.py:3089} INFO - Sync 1 DAGs
[2026-06-16T13:27:45.006+0000] {logging_mixin.py:188} INFO - [2026-06-16T13:27:45.006+0000] {dag.py:3947} INFO - Setting next_dagrun for 03_getting_started_data_pipeline to None, run_after=None
[2026-06-16T13:27:45.028+0000] {processor.py:183} INFO - Processing /opt/airflow/dags/dag_03_data_pipeline.py took 0.100 seconds
[2026-06-16T13:28:15.106+0000] {processor.py:161} INFO - Started process (PID=5708) to work on /opt/airflow/dags/dag_03_data_pipeline.py
[2026-06-16T13:28:15.108+0000] {processor.py:830} INFO - Processing file /opt/airflow/dags/dag_03_data_pipeline.py for tasks to queue
[2026-06-16T13:28:15.109+0000] {logging_mixin.py:188} INFO - [2026-06-16T13:28:15.109+0000] {dagbag.py:545} INFO - Filling up the DagBag from /opt/airflow/dags/dag_03_data_pipeline.py
[2026-06-16T13:28:15.120+0000] {processor.py:840} INFO - DAG(s) '03_getting_started_data_pipeline' retrieved from /opt/airflow/dags/dag_03_data_pipeline.py
[2026-06-16T13:28:15.166+0000] {logging_mixin.py:188} INFO - [2026-06-16T13:28:15.166+0000] {dag.py:3089} INFO - Sync 1 DAGs
[2026-06-16T13:28:15.182+0000] {logging_mixin.py:188} INFO - [2026-06-16T13:28:15.182+0000] {dag.py:3947} INFO - Setting next_dagrun for 03_getting_started_data_pipeline to None, run_after=None
[2026-06-16T13:28:15.206+0000] {processor.py:183} INFO - Processing /opt/airflow/dags/dag_03_data_pipeline.py took 0.107 seconds
[2026-06-16T13:28:45.287+0000] {processor.py:161} INFO - Started process (PID=5748) to work on /opt/airflow/dags/dag_03_data_pipeline.py
[2026-06-16T13:28:45.288+0000] {processor.py:830} INFO - Processing file /opt/airflow/dags/dag_03_data_pipeline.py for tasks to queue
[2026-06-16T13:28:45.291+0000] {logging_mixin.py:188} INFO - [2026-06-16T13:28:45.291+0000] {dagbag.py:545} INFO - Filling up the DagBag from /opt/airflow/dags/dag_03_data_pipeline.py
[2026-06-16T13:28:45.305+0000] {processor.py:840} INFO - DAG(s) '03_getting_started_data_pipeline' retrieved from /opt/airflow/dags/dag_03_data_pipeline.py
[2026-06-16T13:28:45.356+0000] {logging_mixin.py:188} INFO - [2026-06-16T13:28:45.355+0000] {dag.py:3089} INFO - Sync 1 DAGs
[2026-06-16T13:28:45.375+0000] {logging_mixin.py:188} INFO - [2026-06-16T13:28:45.374+0000] {dag.py:3947} INFO - Setting next_dagrun for 03_getting_started_data_pipeline to None, run_after=None
[2026-06-16T13:28:45.406+0000] {processor.py:183} INFO - Processing /opt/airflow/dags/dag_03_data_pipeline.py took 0.127 seconds
[2026-06-16T13:29:15.500+0000] {processor.py:161} INFO - Started process (PID=5788) to work on /opt/airflow/dags/dag_03_data_pipeline.py
[2026-06-16T13:29:15.528+0000] {processor.py:830} INFO - Processing file /opt/airflow/dags/dag_03_data_pipeline.py for tasks to queue
[2026-06-16T13:29:15.532+0000] {logging_mixin.py:188} INFO - [2026-06-16T13:29:15.531+0000] {dagbag.py:545} INFO - Filling up the DagBag from /opt/airflow/dags/dag_03_data_pipeline.py
[2026-06-16T13:29:15.570+0000] {processor.py:840} INFO - DAG(s) '03_getting_started_data_pipeline' retrieved from /opt/airflow/dags/dag_03_data_pipeline.py
[2026-06-16T13:29:15.646+0000] {logging_mixin.py:188} INFO - [2026-06-16T13:29:15.646+0000] {dag.py:3089} INFO - Sync 1 DAGs
[2026-06-16T13:29:15.664+0000] {logging_mixin.py:188} INFO - [2026-06-16T13:29:15.663+0000] {dag.py:3947} INFO - Setting next_dagrun for 03_getting_started_data_pipeline to None, run_after=None
[2026-06-16T13:29:15.693+0000] {processor.py:183} INFO - Processing /opt/airflow/dags/dag_03_data_pipeline.py took 0.209 seconds
[2026-06-16T13:29:45.770+0000] {processor.py:161} INFO - Started process (PID=5828) to work on /opt/airflow/dags/dag_03_data_pipeline.py
[2026-06-16T13:29:45.771+0000] {processor.py:830} INFO - Processing file /opt/airflow/dags/dag_03_data_pipeline.py for tasks to queue
[2026-06-16T13:29:45.773+0000] {logging_mixin.py:188} INFO - [2026-06-16T13:29:45.773+0000] {dagbag.py:545} INFO - Filling up the DagBag from /opt/airflow/dags/dag_03_data_pipeline.py
[2026-06-16T13:29:45.784+0000] {processor.py:840} INFO - DAG(s) '03_getting_started_data_pipeline' retrieved from /opt/airflow/dags/dag_03_data_pipeline.py
[2026-06-16T13:29:45.831+0000] {logging_mixin.py:188} INFO - [2026-06-16T13:29:45.830+0000] {dag.py:3089} INFO - Sync 1 DAGs
[2026-06-16T13:29:45.845+0000] {logging_mixin.py:188} INFO - [2026-06-16T13:29:45.845+0000] {dag.py:3947} INFO - Setting next_dagrun for 03_getting_started_data_pipeline to None, run_after=None
[2026-06-16T13:29:45.869+0000] {processor.py:183} INFO - Processing /opt/airflow/dags/dag_03_data_pipeline.py took 0.107 seconds
[2026-06-16T13:30:16.402+0000] {processor.py:161} INFO - Started process (PID=5863) to work on /opt/airflow/dags/dag_03_data_pipeline.py
[2026-06-16T13:30:16.403+0000] {processor.py:830} INFO - Processing file /opt/airflow/dags/dag_03_data_pipeline.py for tasks to queue
[2026-06-16T13:30:16.405+0000] {logging_mixin.py:188} INFO - [2026-06-16T13:30:16.405+0000] {dagbag.py:545} INFO - Filling up the DagBag from /opt/airflow/dags/dag_03_data_pipeline.py
[2026-06-16T13:30:16.417+0000] {processor.py:840} INFO - DAG(s) '03_getting_started_data_pipeline' retrieved from /opt/airflow/dags/dag_03_data_pipeline.py
[2026-06-16T13:30:16.467+0000] {logging_mixin.py:188} INFO - [2026-06-16T13:30:16.467+0000] {dag.py:3089} INFO - Sync 1 DAGs
[2026-06-16T13:30:16.485+0000] {logging_mixin.py:188} INFO - [2026-06-16T13:30:16.484+0000] {dag.py:3947} INFO - Setting next_dagrun for 03_getting_started_data_pipeline to None, run_after=None
[2026-06-16T13:30:16.512+0000] {processor.py:183} INFO - Processing /opt/airflow/dags/dag_03_data_pipeline.py took 0.121 seconds
[2026-06-16T13:30:47.481+0000] {processor.py:161} INFO - Started process (PID=5903) to work on /opt/airflow/dags/dag_03_data_pipeline.py
[2026-06-16T13:30:47.482+0000] {processor.py:830} INFO - Processing file /opt/airflow/dags/dag_03_data_pipeline.py for tasks to queue
[2026-06-16T13:30:47.484+0000] {logging_mixin.py:188} INFO - [2026-06-16T13:30:47.483+0000] {dagbag.py:545} INFO - Filling up the DagBag from /opt/airflow/dags/dag_03_data_pipeline.py
[2026-06-16T13:30:47.495+0000] {processor.py:840} INFO - DAG(s) '03_getting_started_data_pipeline' retrieved from /opt/airflow/dags/dag_03_data_pipeline.py
[2026-06-16T13:30:47.543+0000] {logging_mixin.py:188} INFO - [2026-06-16T13:30:47.542+0000] {dag.py:3089} INFO - Sync 1 DAGs
[2026-06-16T13:30:47.560+0000] {logging_mixin.py:188} INFO - [2026-06-16T13:30:47.559+0000] {dag.py:3947} INFO - Setting next_dagrun for 03_getting_started_data_pipeline to None, run_after=None
[2026-06-16T13:30:47.588+0000] {processor.py:183} INFO - Processing /opt/airflow/dags/dag_03_data_pipeline.py took 0.118 seconds
[2026-06-16T13:31:17.663+0000] {processor.py:161} INFO - Started process (PID=5943) to work on /opt/airflow/dags/dag_03_data_pipeline.py
[2026-06-16T13:31:17.673+0000] {processor.py:830} INFO - Processing file /opt/airflow/dags/dag_03_data_pipeline.py for tasks to queue
[2026-06-16T13:31:17.675+0000] {logging_mixin.py:188} INFO - [2026-06-16T13:31:17.675+0000] {dagbag.py:545} INFO - Filling up the DagBag from /opt/airflow/dags/dag_03_data_pipeline.py
[2026-06-16T13:31:17.686+0000] {processor.py:840} INFO - DAG(s) '03_getting_started_data_pipeline' retrieved from /opt/airflow/dags/dag_03_data_pipeline.py
[2026-06-16T13:31:17.731+0000] {logging_mixin.py:188} INFO - [2026-06-16T13:31:17.731+0000] {dag.py:3089} INFO - Sync 1 DAGs
[2026-06-16T13:31:17.746+0000] {logging_mixin.py:188} INFO - [2026-06-16T13:31:17.746+0000] {dag.py:3947} INFO - Setting next_dagrun for 03_getting_started_data_pipeline to None, run_after=None
[2026-06-16T13:31:17.774+0000] {processor.py:183} INFO - Processing /opt/airflow/dags/dag_03_data_pipeline.py took 0.121 seconds
[2026-06-16T13:31:47.845+0000] {processor.py:161} INFO - Started process (PID=5983) to work on /opt/airflow/dags/dag_03_data_pipeline.py
[2026-06-16T13:31:47.846+0000] {processor.py:830} INFO - Processing file /opt/airflow/dags/dag_03_data_pipeline.py for tasks to queue
[2026-06-16T13:31:47.849+0000] {logging_mixin.py:188} INFO - [2026-06-16T13:31:47.848+0000] {dagbag.py:545} INFO - Filling up the DagBag from /opt/airflow/dags/dag_03_data_pipeline.py
[2026-06-16T13:31:47.862+0000] {processor.py:840} INFO - DAG(s) '03_getting_started_data_pipeline' retrieved from /opt/airflow/dags/dag_03_data_pipeline.py
[2026-06-16T13:31:47.913+0000] {logging_mixin.py:188} INFO - [2026-06-16T13:31:47.913+0000] {dag.py:3089} INFO - Sync 1 DAGs
[2026-06-16T13:31:47.932+0000] {logging_mixin.py:188} INFO - [2026-06-16T13:31:47.932+0000] {dag.py:3947} INFO - Setting next_dagrun for 03_getting_started_data_pipeline to None, run_after=None
[2026-06-16T13:31:47.960+0000] {processor.py:183} INFO - Processing /opt/airflow/dags/dag_03_data_pipeline.py took 0.125 seconds
[2026-06-16T13:32:18.033+0000] {processor.py:161} INFO - Started process (PID=6023) to work on /opt/airflow/dags/dag_03_data_pipeline.py
[2026-06-16T13:32:18.034+0000] {processor.py:830} INFO - Processing file /opt/airflow/dags/dag_03_data_pipeline.py for tasks to queue
[2026-06-16T13:32:18.036+0000] {logging_mixin.py:188} INFO - [2026-06-16T13:32:18.036+0000] {dagbag.py:545} INFO - Filling up the DagBag from /opt/airflow/dags/dag_03_data_pipeline.py
[2026-06-16T13:32:18.048+0000] {processor.py:840} INFO - DAG(s) '03_getting_started_data_pipeline' retrieved from /opt/airflow/dags/dag_03_data_pipeline.py
[2026-06-16T13:32:18.097+0000] {logging_mixin.py:188} INFO - [2026-06-16T13:32:18.096+0000] {dag.py:3089} INFO - Sync 1 DAGs
[2026-06-16T13:32:18.120+0000] {logging_mixin.py:188} INFO - [2026-06-16T13:32:18.120+0000] {dag.py:3947} INFO - Setting next_dagrun for 03_getting_started_data_pipeline to None, run_after=None
[2026-06-16T13:32:18.148+0000] {processor.py:183} INFO - Processing /opt/airflow/dags/dag_03_data_pipeline.py took 0.124 seconds
[2026-06-16T13:32:48.272+0000] {processor.py:161} INFO - Started process (PID=6063) to work on /opt/airflow/dags/dag_03_data_pipeline.py
[2026-06-16T13:32:48.282+0000] {processor.py:830} INFO - Processing file /opt/airflow/dags/dag_03_data_pipeline.py for tasks to queue
[2026-06-16T13:32:48.284+0000] {logging_mixin.py:188} INFO - [2026-06-16T13:32:48.284+0000] {dagbag.py:545} INFO - Filling up the DagBag from /opt/airflow/dags/dag_03_data_pipeline.py
[2026-06-16T13:32:48.295+0000] {processor.py:840} INFO - DAG(s) '03_getting_started_data_pipeline' retrieved from /opt/airflow/dags/dag_03_data_pipeline.py
[2026-06-16T13:32:48.341+0000] {logging_mixin.py:188} INFO - [2026-06-16T13:32:48.341+0000] {dag.py:3089} INFO - Sync 1 DAGs
[2026-06-16T13:32:48.356+0000] {logging_mixin.py:188} INFO - [2026-06-16T13:32:48.355+0000] {dag.py:3947} INFO - Setting next_dagrun for 03_getting_started_data_pipeline to None, run_after=None
[2026-06-16T13:32:48.384+0000] {processor.py:183} INFO - Processing /opt/airflow/dags/dag_03_data_pipeline.py took 0.121 seconds
[2026-06-16T13:33:18.486+0000] {processor.py:161} INFO - Started process (PID=6103) to work on /opt/airflow/dags/dag_03_data_pipeline.py
[2026-06-16T13:33:18.496+0000] {processor.py:830} INFO - Processing file /opt/airflow/dags/dag_03_data_pipeline.py for tasks to queue
[2026-06-16T13:33:18.499+0000] {logging_mixin.py:188} INFO - [2026-06-16T13:33:18.498+0000] {dagbag.py:545} INFO - Filling up the DagBag from /opt/airflow/dags/dag_03_data_pipeline.py
[2026-06-16T13:33:18.509+0000] {processor.py:840} INFO - DAG(s) '03_getting_started_data_pipeline' retrieved from /opt/airflow/dags/dag_03_data_pipeline.py
[2026-06-16T13:33:18.558+0000] {logging_mixin.py:188} INFO - [2026-06-16T13:33:18.558+0000] {dag.py:3089} INFO - Sync 1 DAGs
[2026-06-16T13:33:18.578+0000] {logging_mixin.py:188} INFO - [2026-06-16T13:33:18.578+0000] {dag.py:3947} INFO - Setting next_dagrun for 03_getting_started_data_pipeline to None, run_after=None
[2026-06-16T13:33:18.605+0000] {processor.py:183} INFO - Processing /opt/airflow/dags/dag_03_data_pipeline.py took 0.128 seconds
[2026-06-16T13:33:48.668+0000] {processor.py:161} INFO - Started process (PID=6143) to work on /opt/airflow/dags/dag_03_data_pipeline.py
[2026-06-16T13:33:48.671+0000] {processor.py:830} INFO - Processing file /opt/airflow/dags/dag_03_data_pipeline.py for tasks to queue
[2026-06-16T13:33:48.674+0000] {logging_mixin.py:188} INFO - [2026-06-16T13:33:48.674+0000] {dagbag.py:545} INFO - Filling up the DagBag from /opt/airflow/dags/dag_03_data_pipeline.py
[2026-06-16T13:33:48.689+0000] {processor.py:840} INFO - DAG(s) '03_getting_started_data_pipeline' retrieved from /opt/airflow/dags/dag_03_data_pipeline.py
[2026-06-16T13:33:48.737+0000] {logging_mixin.py:188} INFO - [2026-06-16T13:33:48.737+0000] {dag.py:3089} INFO - Sync 1 DAGs
[2026-06-16T13:33:48.754+0000] {logging_mixin.py:188} INFO - [2026-06-16T13:33:48.754+0000] {dag.py:3947} INFO - Setting next_dagrun for 03_getting_started_data_pipeline to None, run_after=None
[2026-06-16T13:33:48.781+0000] {processor.py:183} INFO - Processing /opt/airflow/dags/dag_03_data_pipeline.py took 0.122 seconds
[2026-06-16T13:34:18.847+0000] {processor.py:161} INFO - Started process (PID=6183) to work on /opt/airflow/dags/dag_03_data_pipeline.py
[2026-06-16T13:34:18.858+0000] {processor.py:830} INFO - Processing file /opt/airflow/dags/dag_03_data_pipeline.py for tasks to queue
[2026-06-16T13:34:18.862+0000] {logging_mixin.py:188} INFO - [2026-06-16T13:34:18.861+0000] {dagbag.py:545} INFO - Filling up the DagBag from /opt/airflow/dags/dag_03_data_pipeline.py
[2026-06-16T13:34:18.877+0000] {processor.py:840} INFO - DAG(s) '03_getting_started_data_pipeline' retrieved from /opt/airflow/dags/dag_03_data_pipeline.py
[2026-06-16T13:34:18.923+0000] {logging_mixin.py:188} INFO - [2026-06-16T13:34:18.923+0000] {dag.py:3089} INFO - Sync 1 DAGs
[2026-06-16T13:34:18.941+0000] {logging_mixin.py:188} INFO - [2026-06-16T13:34:18.940+0000] {dag.py:3947} INFO - Setting next_dagrun for 03_getting_started_data_pipeline to None, run_after=None
[2026-06-16T13:34:18.965+0000] {processor.py:183} INFO - Processing /opt/airflow/dags/dag_03_data_pipeline.py took 0.129 seconds
[2026-06-16T13:34:49.042+0000] {processor.py:161} INFO - Started process (PID=6223) to work on /opt/airflow/dags/dag_03_data_pipeline.py
[2026-06-16T13:34:49.043+0000] {processor.py:830} INFO - Processing file /opt/airflow/dags/dag_03_data_pipeline.py for tasks to queue
[2026-06-16T13:34:49.045+0000] {logging_mixin.py:188} INFO - [2026-06-16T13:34:49.045+0000] {dagbag.py:545} INFO - Filling up the DagBag from /opt/airflow/dags/dag_03_data_pipeline.py
[2026-06-16T13:34:49.059+0000] {processor.py:840} INFO - DAG(s) '03_getting_started_data_pipeline' retrieved from /opt/airflow/dags/dag_03_data_pipeline.py
[2026-06-16T13:34:49.108+0000] {logging_mixin.py:188} INFO - [2026-06-16T13:34:49.108+0000] {dag.py:3089} INFO - Sync 1 DAGs
[2026-06-16T13:34:49.126+0000] {logging_mixin.py:188} INFO - [2026-06-16T13:34:49.126+0000] {dag.py:3947} INFO - Setting next_dagrun for 03_getting_started_data_pipeline to None, run_after=None
[2026-06-16T13:34:49.153+0000] {processor.py:183} INFO - Processing /opt/airflow/dags/dag_03_data_pipeline.py took 0.121 seconds
[2026-06-16T13:35:19.228+0000] {processor.py:161} INFO - Started process (PID=6263) to work on /opt/airflow/dags/dag_03_data_pipeline.py
[2026-06-16T13:35:19.230+0000] {processor.py:830} INFO - Processing file /opt/airflow/dags/dag_03_data_pipeline.py for tasks to queue
[2026-06-16T13:35:19.232+0000] {logging_mixin.py:188} INFO - [2026-06-16T13:35:19.232+0000] {dagbag.py:545} INFO - Filling up the DagBag from /opt/airflow/dags/dag_03_data_pipeline.py
[2026-06-16T13:35:19.243+0000] {processor.py:840} INFO - DAG(s) '03_getting_started_data_pipeline' retrieved from /opt/airflow/dags/dag_03_data_pipeline.py
[2026-06-16T13:35:19.291+0000] {logging_mixin.py:188} INFO - [2026-06-16T13:35:19.291+0000] {dag.py:3089} INFO - Sync 1 DAGs
[2026-06-16T13:35:19.313+0000] {logging_mixin.py:188} INFO - [2026-06-16T13:35:19.313+0000] {dag.py:3947} INFO - Setting next_dagrun for 03_getting_started_data_pipeline to None, run_after=None
[2026-06-16T13:35:19.346+0000] {processor.py:183} INFO - Processing /opt/airflow/dags/dag_03_data_pipeline.py took 0.127 seconds
[2026-06-16T13:35:49.434+0000] {processor.py:161} INFO - Started process (PID=6303) to work on /opt/airflow/dags/dag_03_data_pipeline.py
[2026-06-16T13:35:49.435+0000] {processor.py:830} INFO - Processing file /opt/airflow/dags/dag_03_data_pipeline.py for tasks to queue
[2026-06-16T13:35:49.437+0000] {logging_mixin.py:188} INFO - [2026-06-16T13:35:49.436+0000] {dagbag.py:545} INFO - Filling up the DagBag from /opt/airflow/dags/dag_03_data_pipeline.py
[2026-06-16T13:35:49.448+0000] {processor.py:840} INFO - DAG(s) '03_getting_started_data_pipeline' retrieved from /opt/airflow/dags/dag_03_data_pipeline.py
[2026-06-16T13:35:49.494+0000] {logging_mixin.py:188} INFO - [2026-06-16T13:35:49.494+0000] {dag.py:3089} INFO - Sync 1 DAGs
[2026-06-16T13:35:49.512+0000] {logging_mixin.py:188} INFO - [2026-06-16T13:35:49.512+0000] {dag.py:3947} INFO - Setting next_dagrun for 03_getting_started_data_pipeline to None, run_after=None
[2026-06-16T13:35:49.540+0000] {processor.py:183} INFO - Processing /opt/airflow/dags/dag_03_data_pipeline.py took 0.116 seconds
[2026-06-16T13:36:19.636+0000] {processor.py:161} INFO - Started process (PID=6343) to work on /opt/airflow/dags/dag_03_data_pipeline.py
[2026-06-16T13:36:19.638+0000] {processor.py:830} INFO - Processing file /opt/airflow/dags/dag_03_data_pipeline.py for tasks to queue
[2026-06-16T13:36:19.641+0000] {logging_mixin.py:188} INFO - [2026-06-16T13:36:19.640+0000] {dagbag.py:545} INFO - Filling up the DagBag from /opt/airflow/dags/dag_03_data_pipeline.py
[2026-06-16T13:36:19.652+0000] {processor.py:840} INFO - DAG(s) '03_getting_started_data_pipeline' retrieved from /opt/airflow/dags/dag_03_data_pipeline.py
[2026-06-16T13:36:19.702+0000] {logging_mixin.py:188} INFO - [2026-06-16T13:36:19.702+0000] {dag.py:3089} INFO - Sync 1 DAGs
[2026-06-16T13:36:19.722+0000] {logging_mixin.py:188} INFO - [2026-06-16T13:36:19.722+0000] {dag.py:3947} INFO - Setting next_dagrun for 03_getting_started_data_pipeline to None, run_after=None
[2026-06-16T13:36:19.751+0000] {processor.py:183} INFO - Processing /opt/airflow/dags/dag_03_data_pipeline.py took 0.123 seconds
[2026-06-16T13:36:49.818+0000] {processor.py:161} INFO - Started process (PID=6383) to work on /opt/airflow/dags/dag_03_data_pipeline.py
[2026-06-16T13:36:49.819+0000] {processor.py:830} INFO - Processing file /opt/airflow/dags/dag_03_data_pipeline.py for tasks to queue
[2026-06-16T13:36:49.822+0000] {logging_mixin.py:188} INFO - [2026-06-16T13:36:49.821+0000] {dagbag.py:545} INFO - Filling up the DagBag from /opt/airflow/dags/dag_03_data_pipeline.py
[2026-06-16T13:36:49.832+0000] {processor.py:840} INFO - DAG(s) '03_getting_started_data_pipeline' retrieved from /opt/airflow/dags/dag_03_data_pipeline.py
[2026-06-16T13:36:49.882+0000] {logging_mixin.py:188} INFO - [2026-06-16T13:36:49.882+0000] {dag.py:3089} INFO - Sync 1 DAGs
[2026-06-16T13:36:49.897+0000] {logging_mixin.py:188} INFO - [2026-06-16T13:36:49.896+0000] {dag.py:3947} INFO - Setting next_dagrun for 03_getting_started_data_pipeline to None, run_after=None
[2026-06-16T13:36:49.924+0000] {processor.py:183} INFO - Processing /opt/airflow/dags/dag_03_data_pipeline.py took 0.115 seconds
[2026-06-16T13:37:20.012+0000] {processor.py:161} INFO - Started process (PID=6423) to work on /opt/airflow/dags/dag_03_data_pipeline.py
[2026-06-16T13:37:20.014+0000] {processor.py:830} INFO - Processing file /opt/airflow/dags/dag_03_data_pipeline.py for tasks to queue
[2026-06-16T13:37:20.016+0000] {logging_mixin.py:188} INFO - [2026-06-16T13:37:20.016+0000] {dagbag.py:545} INFO - Filling up the DagBag from /opt/airflow/dags/dag_03_data_pipeline.py
[2026-06-16T13:37:20.029+0000] {processor.py:840} INFO - DAG(s) '03_getting_started_data_pipeline' retrieved from /opt/airflow/dags/dag_03_data_pipeline.py
[2026-06-16T13:37:20.084+0000] {logging_mixin.py:188} INFO - [2026-06-16T13:37:20.084+0000] {dag.py:3089} INFO - Sync 1 DAGs
[2026-06-16T13:37:20.102+0000] {logging_mixin.py:188} INFO - [2026-06-16T13:37:20.102+0000] {dag.py:3947} INFO - Setting next_dagrun for 03_getting_started_data_pipeline to None, run_after=None
[2026-06-16T13:37:20.128+0000] {processor.py:183} INFO - Processing /opt/airflow/dags/dag_03_data_pipeline.py took 0.126 seconds
[2026-06-16T13:37:50.231+0000] {processor.py:161} INFO - Started process (PID=6463) to work on /opt/airflow/dags/dag_03_data_pipeline.py
[2026-06-16T13:37:50.233+0000] {processor.py:830} INFO - Processing file /opt/airflow/dags/dag_03_data_pipeline.py for tasks to queue
[2026-06-16T13:37:50.235+0000] {logging_mixin.py:188} INFO - [2026-06-16T13:37:50.234+0000] {dagbag.py:545} INFO - Filling up the DagBag from /opt/airflow/dags/dag_03_data_pipeline.py
[2026-06-16T13:37:50.246+0000] {processor.py:840} INFO - DAG(s) '03_getting_started_data_pipeline' retrieved from /opt/airflow/dags/dag_03_data_pipeline.py
[2026-06-16T13:37:50.293+0000] {logging_mixin.py:188} INFO - [2026-06-16T13:37:50.292+0000] {dag.py:3089} INFO - Sync 1 DAGs
[2026-06-16T13:37:50.310+0000] {logging_mixin.py:188} INFO - [2026-06-16T13:37:50.310+0000] {dag.py:3947} INFO - Setting next_dagrun for 03_getting_started_data_pipeline to None, run_after=None
[2026-06-16T13:37:50.336+0000] {processor.py:183} INFO - Processing /opt/airflow/dags/dag_03_data_pipeline.py took 0.115 seconds
[2026-06-16T13:38:20.433+0000] {processor.py:161} INFO - Started process (PID=6503) to work on /opt/airflow/dags/dag_03_data_pipeline.py
[2026-06-16T13:38:20.443+0000] {processor.py:830} INFO - Processing file /opt/airflow/dags/dag_03_data_pipeline.py for tasks to queue
[2026-06-16T13:38:20.446+0000] {logging_mixin.py:188} INFO - [2026-06-16T13:38:20.445+0000] {dagbag.py:545} INFO - Filling up the DagBag from /opt/airflow/dags/dag_03_data_pipeline.py
[2026-06-16T13:38:20.456+0000] {processor.py:840} INFO - DAG(s) '03_getting_started_data_pipeline' retrieved from /opt/airflow/dags/dag_03_data_pipeline.py
[2026-06-16T13:38:20.510+0000] {logging_mixin.py:188} INFO - [2026-06-16T13:38:20.510+0000] {dag.py:3089} INFO - Sync 1 DAGs
[2026-06-16T13:38:20.530+0000] {logging_mixin.py:188} INFO - [2026-06-16T13:38:20.530+0000] {dag.py:3947} INFO - Setting next_dagrun for 03_getting_started_data_pipeline to None, run_after=None
[2026-06-16T13:38:20.556+0000] {processor.py:183} INFO - Processing /opt/airflow/dags/dag_03_data_pipeline.py took 0.133 seconds
[2026-06-16T13:38:51.441+0000] {processor.py:161} INFO - Started process (PID=6543) to work on /opt/airflow/dags/dag_03_data_pipeline.py
[2026-06-16T13:38:51.442+0000] {processor.py:830} INFO - Processing file /opt/airflow/dags/dag_03_data_pipeline.py for tasks to queue
[2026-06-16T13:38:51.444+0000] {logging_mixin.py:188} INFO - [2026-06-16T13:38:51.444+0000] {dagbag.py:545} INFO - Filling up the DagBag from /opt/airflow/dags/dag_03_data_pipeline.py
[2026-06-16T13:38:51.455+0000] {processor.py:840} INFO - DAG(s) '03_getting_started_data_pipeline' retrieved from /opt/airflow/dags/dag_03_data_pipeline.py
[2026-06-16T13:38:51.506+0000] {logging_mixin.py:188} INFO - [2026-06-16T13:38:51.506+0000] {dag.py:3089} INFO - Sync 1 DAGs
[2026-06-16T13:38:51.524+0000] {logging_mixin.py:188} INFO - [2026-06-16T13:38:51.524+0000] {dag.py:3947} INFO - Setting next_dagrun for 03_getting_started_data_pipeline to None, run_after=None
[2026-06-16T13:38:51.552+0000] {processor.py:183} INFO - Processing /opt/airflow/dags/dag_03_data_pipeline.py took 0.120 seconds
[2026-06-16T13:39:22.380+0000] {processor.py:161} INFO - Started process (PID=6583) to work on /opt/airflow/dags/dag_03_data_pipeline.py
[2026-06-16T13:39:22.390+0000] {processor.py:830} INFO - Processing file /opt/airflow/dags/dag_03_data_pipeline.py for tasks to queue
[2026-06-16T13:39:22.392+0000] {logging_mixin.py:188} INFO - [2026-06-16T13:39:22.392+0000] {dagbag.py:545} INFO - Filling up the DagBag from /opt/airflow/dags/dag_03_data_pipeline.py
[2026-06-16T13:39:22.403+0000] {processor.py:840} INFO - DAG(s) '03_getting_started_data_pipeline' retrieved from /opt/airflow/dags/dag_03_data_pipeline.py
[2026-06-16T13:39:22.451+0000] {logging_mixin.py:188} INFO - [2026-06-16T13:39:22.451+0000] {dag.py:3089} INFO - Sync 1 DAGs
[2026-06-16T13:39:22.466+0000] {logging_mixin.py:188} INFO - [2026-06-16T13:39:22.465+0000] {dag.py:3947} INFO - Setting next_dagrun for 03_getting_started_data_pipeline to None, run_after=None
[2026-06-16T13:39:22.495+0000] {processor.py:183} INFO - Processing /opt/airflow/dags/dag_03_data_pipeline.py took 0.125 seconds
[2026-06-16T13:39:53.507+0000] {processor.py:161} INFO - Started process (PID=6623) to work on /opt/airflow/dags/dag_03_data_pipeline.py
[2026-06-16T13:39:53.508+0000] {processor.py:830} INFO - Processing file /opt/airflow/dags/dag_03_data_pipeline.py for tasks to queue
[2026-06-16T13:39:53.510+0000] {logging_mixin.py:188} INFO - [2026-06-16T13:39:53.510+0000] {dagbag.py:545} INFO - Filling up the DagBag from /opt/airflow/dags/dag_03_data_pipeline.py
[2026-06-16T13:39:53.524+0000] {processor.py:840} INFO - DAG(s) '03_getting_started_data_pipeline' retrieved from /opt/airflow/dags/dag_03_data_pipeline.py
[2026-06-16T13:39:53.584+0000] {logging_mixin.py:188} INFO - [2026-06-16T13:39:53.583+0000] {dag.py:3089} INFO - Sync 1 DAGs
[2026-06-16T13:39:53.609+0000] {logging_mixin.py:188} INFO - [2026-06-16T13:39:53.609+0000] {dag.py:3947} INFO - Setting next_dagrun for 03_getting_started_data_pipeline to None, run_after=None
[2026-06-16T13:39:53.637+0000] {processor.py:183} INFO - Processing /opt/airflow/dags/dag_03_data_pipeline.py took 0.141 seconds
[2026-06-16T13:40:23.757+0000] {processor.py:161} INFO - Started process (PID=6663) to work on /opt/airflow/dags/dag_03_data_pipeline.py
[2026-06-16T13:40:23.767+0000] {processor.py:830} INFO - Processing file /opt/airflow/dags/dag_03_data_pipeline.py for tasks to queue
[2026-06-16T13:40:23.769+0000] {logging_mixin.py:188} INFO - [2026-06-16T13:40:23.769+0000] {dagbag.py:545} INFO - Filling up the DagBag from /opt/airflow/dags/dag_03_data_pipeline.py
[2026-06-16T13:40:23.780+0000] {processor.py:840} INFO - DAG(s) '03_getting_started_data_pipeline' retrieved from /opt/airflow/dags/dag_03_data_pipeline.py
[2026-06-16T13:40:23.827+0000] {logging_mixin.py:188} INFO - [2026-06-16T13:40:23.826+0000] {dag.py:3089} INFO - Sync 1 DAGs
[2026-06-16T13:40:23.842+0000] {logging_mixin.py:188} INFO - [2026-06-16T13:40:23.842+0000] {dag.py:3947} INFO - Setting next_dagrun for 03_getting_started_data_pipeline to None, run_after=None
[2026-06-16T13:40:23.870+0000] {processor.py:183} INFO - Processing /opt/airflow/dags/dag_03_data_pipeline.py took 0.123 seconds
[2026-06-16T13:40:53.996+0000] {processor.py:161} INFO - Started process (PID=6703) to work on /opt/airflow/dags/dag_03_data_pipeline.py
[2026-06-16T13:40:53.998+0000] {processor.py:830} INFO - Processing file /opt/airflow/dags/dag_03_data_pipeline.py for tasks to queue
[2026-06-16T13:40:54.000+0000] {logging_mixin.py:188} INFO - [2026-06-16T13:40:54.000+0000] {dagbag.py:545} INFO - Filling up the DagBag from /opt/airflow/dags/dag_03_data_pipeline.py
[2026-06-16T13:40:54.012+0000] {processor.py:840} INFO - DAG(s) '03_getting_started_data_pipeline' retrieved from /opt/airflow/dags/dag_03_data_pipeline.py
[2026-06-16T13:40:54.057+0000] {logging_mixin.py:188} INFO - [2026-06-16T13:40:54.057+0000] {dag.py:3089} INFO - Sync 1 DAGs
[2026-06-16T13:40:54.073+0000] {logging_mixin.py:188} INFO - [2026-06-16T13:40:54.072+0000] {dag.py:3947} INFO - Setting next_dagrun for 03_getting_started_data_pipeline to None, run_after=None
[2026-06-16T13:40:54.103+0000] {processor.py:183} INFO - Processing /opt/airflow/dags/dag_03_data_pipeline.py took 0.117 seconds
[2026-06-16T13:41:24.155+0000] {processor.py:161} INFO - Started process (PID=6743) to work on /opt/airflow/dags/dag_03_data_pipeline.py
[2026-06-16T13:41:24.157+0000] {processor.py:830} INFO - Processing file /opt/airflow/dags/dag_03_data_pipeline.py for tasks to queue
[2026-06-16T13:41:24.159+0000] {logging_mixin.py:188} INFO - [2026-06-16T13:41:24.159+0000] {dagbag.py:545} INFO - Filling up the DagBag from /opt/airflow/dags/dag_03_data_pipeline.py
[2026-06-16T13:41:24.170+0000] {processor.py:840} INFO - DAG(s) '03_getting_started_data_pipeline' retrieved from /opt/airflow/dags/dag_03_data_pipeline.py
[2026-06-16T13:41:24.225+0000] {logging_mixin.py:188} INFO - [2026-06-16T13:41:24.225+0000] {dag.py:3089} INFO - Sync 1 DAGs
[2026-06-16T13:41:24.246+0000] {logging_mixin.py:188} INFO - [2026-06-16T13:41:24.246+0000] {dag.py:3947} INFO - Setting next_dagrun for 03_getting_started_data_pipeline to None, run_after=None
[2026-06-16T13:41:24.271+0000] {processor.py:183} INFO - Processing /opt/airflow/dags/dag_03_data_pipeline.py took 0.125 seconds
[2026-06-16T13:41:55.244+0000] {processor.py:161} INFO - Started process (PID=6783) to work on /opt/airflow/dags/dag_03_data_pipeline.py
[2026-06-16T13:41:55.253+0000] {processor.py:830} INFO - Processing file /opt/airflow/dags/dag_03_data_pipeline.py for tasks to queue
[2026-06-16T13:41:55.255+0000] {logging_mixin.py:188} INFO - [2026-06-16T13:41:55.255+0000] {dagbag.py:545} INFO - Filling up the DagBag from /opt/airflow/dags/dag_03_data_pipeline.py
[2026-06-16T13:41:55.266+0000] {processor.py:840} INFO - DAG(s) '03_getting_started_data_pipeline' retrieved from /opt/airflow/dags/dag_03_data_pipeline.py
[2026-06-16T13:41:55.315+0000] {logging_mixin.py:188} INFO - [2026-06-16T13:41:55.315+0000] {dag.py:3089} INFO - Sync 1 DAGs
[2026-06-16T13:41:55.335+0000] {logging_mixin.py:188} INFO - [2026-06-16T13:41:55.335+0000] {dag.py:3947} INFO - Setting next_dagrun for 03_getting_started_data_pipeline to None, run_after=None
[2026-06-16T13:41:55.363+0000] {processor.py:183} INFO - Processing /opt/airflow/dags/dag_03_data_pipeline.py took 0.128 seconds
[2026-06-16T13:42:26.343+0000] {processor.py:161} INFO - Started process (PID=6823) to work on /opt/airflow/dags/dag_03_data_pipeline.py
[2026-06-16T13:42:26.344+0000] {processor.py:830} INFO - Processing file /opt/airflow/dags/dag_03_data_pipeline.py for tasks to queue
[2026-06-16T13:42:26.346+0000] {logging_mixin.py:188} INFO - [2026-06-16T13:42:26.345+0000] {dagbag.py:545} INFO - Filling up the DagBag from /opt/airflow/dags/dag_03_data_pipeline.py
[2026-06-16T13:42:26.357+0000] {processor.py:840} INFO - DAG(s) '03_getting_started_data_pipeline' retrieved from /opt/airflow/dags/dag_03_data_pipeline.py
[2026-06-16T13:42:26.403+0000] {logging_mixin.py:188} INFO - [2026-06-16T13:42:26.403+0000] {dag.py:3089} INFO - Sync 1 DAGs
[2026-06-16T13:42:26.418+0000] {logging_mixin.py:188} INFO - [2026-06-16T13:42:26.418+0000] {dag.py:3947} INFO - Setting next_dagrun for 03_getting_started_data_pipeline to None, run_after=None
[2026-06-16T13:42:26.448+0000] {processor.py:183} INFO - Processing /opt/airflow/dags/dag_03_data_pipeline.py took 0.116 seconds
[2026-06-16T13:42:56.533+0000] {processor.py:161} INFO - Started process (PID=6863) to work on /opt/airflow/dags/dag_03_data_pipeline.py
[2026-06-16T13:42:56.541+0000] {processor.py:830} INFO - Processing file /opt/airflow/dags/dag_03_data_pipeline.py for tasks to queue
[2026-06-16T13:42:56.544+0000] {logging_mixin.py:188} INFO - [2026-06-16T13:42:56.544+0000] {dagbag.py:545} INFO - Filling up the DagBag from /opt/airflow/dags/dag_03_data_pipeline.py
[2026-06-16T13:42:56.558+0000] {processor.py:840} INFO - DAG(s) '03_getting_started_data_pipeline' retrieved from /opt/airflow/dags/dag_03_data_pipeline.py
[2026-06-16T13:42:56.611+0000] {logging_mixin.py:188} INFO - [2026-06-16T13:42:56.611+0000] {dag.py:3089} INFO - Sync 1 DAGs
[2026-06-16T13:42:56.631+0000] {logging_mixin.py:188} INFO - [2026-06-16T13:42:56.631+0000] {dag.py:3947} INFO - Setting next_dagrun for 03_getting_started_data_pipeline to None, run_after=None
[2026-06-16T13:42:56.659+0000] {processor.py:183} INFO - Processing /opt/airflow/dags/dag_03_data_pipeline.py took 0.136 seconds
[2026-06-16T13:43:26.710+0000] {processor.py:161} INFO - Started process (PID=6903) to work on /opt/airflow/dags/dag_03_data_pipeline.py
[2026-06-16T13:43:26.711+0000] {processor.py:830} INFO - Processing file /opt/airflow/dags/dag_03_data_pipeline.py for tasks to queue
[2026-06-16T13:43:26.713+0000] {logging_mixin.py:188} INFO - [2026-06-16T13:43:26.713+0000] {dagbag.py:545} INFO - Filling up the DagBag from /opt/airflow/dags/dag_03_data_pipeline.py
[2026-06-16T13:43:26.724+0000] {processor.py:840} INFO - DAG(s) '03_getting_started_data_pipeline' retrieved from /opt/airflow/dags/dag_03_data_pipeline.py
[2026-06-16T13:43:26.778+0000] {logging_mixin.py:188} INFO - [2026-06-16T13:43:26.778+0000] {dag.py:3089} INFO - Sync 1 DAGs
[2026-06-16T13:43:26.797+0000] {logging_mixin.py:188} INFO - [2026-06-16T13:43:26.796+0000] {dag.py:3947} INFO - Setting next_dagrun for 03_getting_started_data_pipeline to None, run_after=None
[2026-06-16T13:43:26.822+0000] {processor.py:183} INFO - Processing /opt/airflow/dags/dag_03_data_pipeline.py took 0.121 seconds
[2026-06-16T13:43:57.552+0000] {processor.py:161} INFO - Started process (PID=6943) to work on /opt/airflow/dags/dag_03_data_pipeline.py
[2026-06-16T13:43:57.562+0000] {processor.py:830} INFO - Processing file /opt/airflow/dags/dag_03_data_pipeline.py for tasks to queue
[2026-06-16T13:43:57.564+0000] {logging_mixin.py:188} INFO - [2026-06-16T13:43:57.564+0000] {dagbag.py:545} INFO - Filling up the DagBag from /opt/airflow/dags/dag_03_data_pipeline.py
[2026-06-16T13:43:57.575+0000] {processor.py:840} INFO - DAG(s) '03_getting_started_data_pipeline' retrieved from /opt/airflow/dags/dag_03_data_pipeline.py
[2026-06-16T13:43:57.620+0000] {logging_mixin.py:188} INFO - [2026-06-16T13:43:57.620+0000] {dag.py:3089} INFO - Sync 1 DAGs
[2026-06-16T13:43:57.635+0000] {logging_mixin.py:188} INFO - [2026-06-16T13:43:57.635+0000] {dag.py:3947} INFO - Setting next_dagrun for 03_getting_started_data_pipeline to None, run_after=None
[2026-06-16T13:43:57.661+0000] {processor.py:183} INFO - Processing /opt/airflow/dags/dag_03_data_pipeline.py took 0.117 seconds
[2026-06-16T13:44:27.699+0000] {processor.py:161} INFO - Started process (PID=6986) to work on /opt/airflow/dags/dag_03_data_pipeline.py
[2026-06-16T13:44:27.700+0000] {processor.py:830} INFO - Processing file /opt/airflow/dags/dag_03_data_pipeline.py for tasks to queue
[2026-06-16T13:44:27.703+0000] {logging_mixin.py:188} INFO - [2026-06-16T13:44:27.702+0000] {dagbag.py:545} INFO - Filling up the DagBag from /opt/airflow/dags/dag_03_data_pipeline.py
[2026-06-16T13:44:27.716+0000] {processor.py:840} INFO - DAG(s) '03_getting_started_data_pipeline' retrieved from /opt/airflow/dags/dag_03_data_pipeline.py
[2026-06-16T13:44:27.766+0000] {logging_mixin.py:188} INFO - [2026-06-16T13:44:27.765+0000] {dag.py:3089} INFO - Sync 1 DAGs
[2026-06-16T13:44:27.782+0000] {logging_mixin.py:188} INFO - [2026-06-16T13:44:27.782+0000] {dag.py:3947} INFO - Setting next_dagrun for 03_getting_started_data_pipeline to None, run_after=None
[2026-06-16T13:44:27.804+0000] {processor.py:183} INFO - Processing /opt/airflow/dags/dag_03_data_pipeline.py took 0.115 seconds
[2026-06-16T13:44:57.852+0000] {processor.py:161} INFO - Started process (PID=7023) to work on /opt/airflow/dags/dag_03_data_pipeline.py
[2026-06-16T13:44:57.861+0000] {processor.py:830} INFO - Processing file /opt/airflow/dags/dag_03_data_pipeline.py for tasks to queue
[2026-06-16T13:44:57.863+0000] {logging_mixin.py:188} INFO - [2026-06-16T13:44:57.862+0000] {dagbag.py:545} INFO - Filling up the DagBag from /opt/airflow/dags/dag_03_data_pipeline.py
[2026-06-16T13:44:57.873+0000] {processor.py:840} INFO - DAG(s) '03_getting_started_data_pipeline' retrieved from /opt/airflow/dags/dag_03_data_pipeline.py
[2026-06-16T13:44:57.930+0000] {logging_mixin.py:188} INFO - [2026-06-16T13:44:57.929+0000] {dag.py:3089} INFO - Sync 1 DAGs
[2026-06-16T13:44:57.947+0000] {logging_mixin.py:188} INFO - [2026-06-16T13:44:57.947+0000] {dag.py:3947} INFO - Setting next_dagrun for 03_getting_started_data_pipeline to None, run_after=None
[2026-06-16T13:44:58.127+0000] {processor.py:183} INFO - Processing /opt/airflow/dags/dag_03_data_pipeline.py took 0.284 seconds
[2026-06-16T13:45:28.284+0000] {processor.py:161} INFO - Started process (PID=7063) to work on /opt/airflow/dags/dag_03_data_pipeline.py
[2026-06-16T13:45:28.285+0000] {processor.py:830} INFO - Processing file /opt/airflow/dags/dag_03_data_pipeline.py for tasks to queue
[2026-06-16T13:45:28.288+0000] {logging_mixin.py:188} INFO - [2026-06-16T13:45:28.287+0000] {dagbag.py:545} INFO - Filling up the DagBag from /opt/airflow/dags/dag_03_data_pipeline.py
[2026-06-16T13:45:28.298+0000] {processor.py:840} INFO - DAG(s) '03_getting_started_data_pipeline' retrieved from /opt/airflow/dags/dag_03_data_pipeline.py
[2026-06-16T13:45:28.351+0000] {logging_mixin.py:188} INFO - [2026-06-16T13:45:28.350+0000] {dag.py:3089} INFO - Sync 1 DAGs
[2026-06-16T13:45:28.369+0000] {logging_mixin.py:188} INFO - [2026-06-16T13:45:28.368+0000] {dag.py:3947} INFO - Setting next_dagrun for 03_getting_started_data_pipeline to None, run_after=None
[2026-06-16T13:45:28.397+0000] {processor.py:183} INFO - Processing /opt/airflow/dags/dag_03_data_pipeline.py took 0.123 seconds
[2026-06-16T13:45:58.442+0000] {processor.py:161} INFO - Started process (PID=7103) to work on /opt/airflow/dags/dag_03_data_pipeline.py
[2026-06-16T13:45:58.444+0000] {processor.py:830} INFO - Processing file /opt/airflow/dags/dag_03_data_pipeline.py for tasks to queue
[2026-06-16T13:45:58.446+0000] {logging_mixin.py:188} INFO - [2026-06-16T13:45:58.446+0000] {dagbag.py:545} INFO - Filling up the DagBag from /opt/airflow/dags/dag_03_data_pipeline.py
[2026-06-16T13:45:58.459+0000] {processor.py:840} INFO - DAG(s) '03_getting_started_data_pipeline' retrieved from /opt/airflow/dags/dag_03_data_pipeline.py
[2026-06-16T13:45:58.506+0000] {logging_mixin.py:188} INFO - [2026-06-16T13:45:58.506+0000] {dag.py:3089} INFO - Sync 1 DAGs
[2026-06-16T13:45:58.523+0000] {logging_mixin.py:188} INFO - [2026-06-16T13:45:58.522+0000] {dag.py:3947} INFO - Setting next_dagrun for 03_getting_started_data_pipeline to None, run_after=None
[2026-06-16T13:45:58.551+0000] {processor.py:183} INFO - Processing /opt/airflow/dags/dag_03_data_pipeline.py took 0.119 seconds
[2026-06-16T13:46:28.599+0000] {processor.py:161} INFO - Started process (PID=7143) to work on /opt/airflow/dags/dag_03_data_pipeline.py
[2026-06-16T13:46:28.600+0000] {processor.py:830} INFO - Processing file /opt/airflow/dags/dag_03_data_pipeline.py for tasks to queue
[2026-06-16T13:46:28.602+0000] {logging_mixin.py:188} INFO - [2026-06-16T13:46:28.601+0000] {dagbag.py:545} INFO - Filling up the DagBag from /opt/airflow/dags/dag_03_data_pipeline.py
[2026-06-16T13:46:28.614+0000] {processor.py:840} INFO - DAG(s) '03_getting_started_data_pipeline' retrieved from /opt/airflow/dags/dag_03_data_pipeline.py
[2026-06-16T13:46:28.659+0000] {logging_mixin.py:188} INFO - [2026-06-16T13:46:28.659+0000] {dag.py:3089} INFO - Sync 1 DAGs
[2026-06-16T13:46:28.815+0000] {logging_mixin.py:188} INFO - [2026-06-16T13:46:28.815+0000] {dag.py:3947} INFO - Setting next_dagrun for 03_getting_started_data_pipeline to None, run_after=None
[2026-06-16T13:46:28.840+0000] {processor.py:183} INFO - Processing /opt/airflow/dags/dag_03_data_pipeline.py took 0.250 seconds
[2026-06-16T13:46:59.154+0000] {processor.py:161} INFO - Started process (PID=7183) to work on /opt/airflow/dags/dag_03_data_pipeline.py
[2026-06-16T13:46:59.165+0000] {processor.py:830} INFO - Processing file /opt/airflow/dags/dag_03_data_pipeline.py for tasks to queue
[2026-06-16T13:46:59.167+0000] {logging_mixin.py:188} INFO - [2026-06-16T13:46:59.166+0000] {dagbag.py:545} INFO - Filling up the DagBag from /opt/airflow/dags/dag_03_data_pipeline.py
[2026-06-16T13:46:59.177+0000] {processor.py:840} INFO - DAG(s) '03_getting_started_data_pipeline' retrieved from /opt/airflow/dags/dag_03_data_pipeline.py
[2026-06-16T13:46:59.234+0000] {logging_mixin.py:188} INFO - [2026-06-16T13:46:59.233+0000] {dag.py:3089} INFO - Sync 1 DAGs
[2026-06-16T13:46:59.257+0000] {logging_mixin.py:188} INFO - [2026-06-16T13:46:59.257+0000] {dag.py:3947} INFO - Setting next_dagrun for 03_getting_started_data_pipeline to None, run_after=None
[2026-06-16T13:46:59.287+0000] {processor.py:183} INFO - Processing /opt/airflow/dags/dag_03_data_pipeline.py took 0.142 seconds
[2026-06-16T13:47:30.273+0000] {processor.py:161} INFO - Started process (PID=7223) to work on /opt/airflow/dags/dag_03_data_pipeline.py
[2026-06-16T13:47:30.274+0000] {processor.py:830} INFO - Processing file /opt/airflow/dags/dag_03_data_pipeline.py for tasks to queue
[2026-06-16T13:47:30.277+0000] {logging_mixin.py:188} INFO - [2026-06-16T13:47:30.277+0000] {dagbag.py:545} INFO - Filling up the DagBag from /opt/airflow/dags/dag_03_data_pipeline.py
[2026-06-16T13:47:30.288+0000] {processor.py:840} INFO - DAG(s) '03_getting_started_data_pipeline' retrieved from /opt/airflow/dags/dag_03_data_pipeline.py
[2026-06-16T13:47:30.336+0000] {logging_mixin.py:188} INFO - [2026-06-16T13:47:30.336+0000] {dag.py:3089} INFO - Sync 1 DAGs
[2026-06-16T13:47:30.353+0000] {logging_mixin.py:188} INFO - [2026-06-16T13:47:30.353+0000] {dag.py:3947} INFO - Setting next_dagrun for 03_getting_started_data_pipeline to None, run_after=None
[2026-06-16T13:47:30.380+0000] {processor.py:183} INFO - Processing /opt/airflow/dags/dag_03_data_pipeline.py took 0.118 seconds
[2026-06-16T13:48:00.442+0000] {processor.py:161} INFO - Started process (PID=7263) to work on /opt/airflow/dags/dag_03_data_pipeline.py
[2026-06-16T13:48:00.443+0000] {processor.py:830} INFO - Processing file /opt/airflow/dags/dag_03_data_pipeline.py for tasks to queue
[2026-06-16T13:48:00.445+0000] {logging_mixin.py:188} INFO - [2026-06-16T13:48:00.444+0000] {dagbag.py:545} INFO - Filling up the DagBag from /opt/airflow/dags/dag_03_data_pipeline.py
[2026-06-16T13:48:00.456+0000] {processor.py:840} INFO - DAG(s) '03_getting_started_data_pipeline' retrieved from /opt/airflow/dags/dag_03_data_pipeline.py
[2026-06-16T13:48:00.517+0000] {logging_mixin.py:188} INFO - [2026-06-16T13:48:00.516+0000] {dag.py:3089} INFO - Sync 1 DAGs
[2026-06-16T13:48:00.535+0000] {logging_mixin.py:188} INFO - [2026-06-16T13:48:00.535+0000] {dag.py:3947} INFO - Setting next_dagrun for 03_getting_started_data_pipeline to None, run_after=None
[2026-06-16T13:48:00.561+0000] {processor.py:183} INFO - Processing /opt/airflow/dags/dag_03_data_pipeline.py took 0.128 seconds
[2026-06-16T13:48:31.161+0000] {processor.py:161} INFO - Started process (PID=7303) to work on /opt/airflow/dags/dag_03_data_pipeline.py
[2026-06-16T13:48:31.162+0000] {processor.py:830} INFO - Processing file /opt/airflow/dags/dag_03_data_pipeline.py for tasks to queue
[2026-06-16T13:48:31.165+0000] {logging_mixin.py:188} INFO - [2026-06-16T13:48:31.164+0000] {dagbag.py:545} INFO - Filling up the DagBag from /opt/airflow/dags/dag_03_data_pipeline.py
[2026-06-16T13:48:31.175+0000] {processor.py:840} INFO - DAG(s) '03_getting_started_data_pipeline' retrieved from /opt/airflow/dags/dag_03_data_pipeline.py
[2026-06-16T13:48:31.222+0000] {logging_mixin.py:188} INFO - [2026-06-16T13:48:31.222+0000] {dag.py:3089} INFO - Sync 1 DAGs
[2026-06-16T13:48:31.243+0000] {logging_mixin.py:188} INFO - [2026-06-16T13:48:31.242+0000] {dag.py:3947} INFO - Setting next_dagrun for 03_getting_started_data_pipeline to None, run_after=None
[2026-06-16T13:48:31.268+0000] {processor.py:183} INFO - Processing /opt/airflow/dags/dag_03_data_pipeline.py took 0.117 seconds
[2026-06-16T13:49:01.725+0000] {processor.py:161} INFO - Started process (PID=7343) to work on /opt/airflow/dags/dag_03_data_pipeline.py
[2026-06-16T13:49:01.726+0000] {processor.py:830} INFO - Processing file /opt/airflow/dags/dag_03_data_pipeline.py for tasks to queue
[2026-06-16T13:49:01.728+0000] {logging_mixin.py:188} INFO - [2026-06-16T13:49:01.727+0000] {dagbag.py:545} INFO - Filling up the DagBag from /opt/airflow/dags/dag_03_data_pipeline.py
[2026-06-16T13:49:01.738+0000] {processor.py:840} INFO - DAG(s) '03_getting_started_data_pipeline' retrieved from /opt/airflow/dags/dag_03_data_pipeline.py
[2026-06-16T13:49:01.787+0000] {logging_mixin.py:188} INFO - [2026-06-16T13:49:01.787+0000] {dag.py:3089} INFO - Sync 1 DAGs
[2026-06-16T13:49:01.804+0000] {logging_mixin.py:188} INFO - [2026-06-16T13:49:01.803+0000] {dag.py:3947} INFO - Setting next_dagrun for 03_getting_started_data_pipeline to None, run_after=None
[2026-06-16T13:49:01.835+0000] {processor.py:183} INFO - Processing /opt/airflow/dags/dag_03_data_pipeline.py took 0.120 seconds
[2026-06-16T13:49:32.062+0000] {processor.py:161} INFO - Started process (PID=7383) to work on /opt/airflow/dags/dag_03_data_pipeline.py
[2026-06-16T13:49:32.064+0000] {processor.py:830} INFO - Processing file /opt/airflow/dags/dag_03_data_pipeline.py for tasks to queue
[2026-06-16T13:49:32.066+0000] {logging_mixin.py:188} INFO - [2026-06-16T13:49:32.065+0000] {dagbag.py:545} INFO - Filling up the DagBag from /opt/airflow/dags/dag_03_data_pipeline.py
[2026-06-16T13:49:32.077+0000] {processor.py:840} INFO - DAG(s) '03_getting_started_data_pipeline' retrieved from /opt/airflow/dags/dag_03_data_pipeline.py
[2026-06-16T13:49:32.127+0000] {logging_mixin.py:188} INFO - [2026-06-16T13:49:32.127+0000] {dag.py:3089} INFO - Sync 1 DAGs
[2026-06-16T13:49:32.143+0000] {logging_mixin.py:188} INFO - [2026-06-16T13:49:32.142+0000] {dag.py:3947} INFO - Setting next_dagrun for 03_getting_started_data_pipeline to None, run_after=None
[2026-06-16T13:49:32.169+0000] {processor.py:183} INFO - Processing /opt/airflow/dags/dag_03_data_pipeline.py took 0.116 seconds
[2026-06-16T13:50:02.376+0000] {processor.py:161} INFO - Started process (PID=7423) to work on /opt/airflow/dags/dag_03_data_pipeline.py
[2026-06-16T13:50:02.377+0000] {processor.py:830} INFO - Processing file /opt/airflow/dags/dag_03_data_pipeline.py for tasks to queue
[2026-06-16T13:50:02.380+0000] {logging_mixin.py:188} INFO - [2026-06-16T13:50:02.379+0000] {dagbag.py:545} INFO - Filling up the DagBag from /opt/airflow/dags/dag_03_data_pipeline.py
[2026-06-16T13:50:02.390+0000] {processor.py:840} INFO - DAG(s) '03_getting_started_data_pipeline' retrieved from /opt/airflow/dags/dag_03_data_pipeline.py
[2026-06-16T13:50:02.437+0000] {logging_mixin.py:188} INFO - [2026-06-16T13:50:02.437+0000] {dag.py:3089} INFO - Sync 1 DAGs
[2026-06-16T13:50:02.451+0000] {logging_mixin.py:188} INFO - [2026-06-16T13:50:02.451+0000] {dag.py:3947} INFO - Setting next_dagrun for 03_getting_started_data_pipeline to None, run_after=None
[2026-06-16T13:50:02.479+0000] {processor.py:183} INFO - Processing /opt/airflow/dags/dag_03_data_pipeline.py took 0.112 seconds
[2026-06-16T13:50:32.592+0000] {processor.py:161} INFO - Started process (PID=7463) to work on /opt/airflow/dags/dag_03_data_pipeline.py
[2026-06-16T13:50:32.593+0000] {processor.py:830} INFO - Processing file /opt/airflow/dags/dag_03_data_pipeline.py for tasks to queue
[2026-06-16T13:50:32.595+0000] {logging_mixin.py:188} INFO - [2026-06-16T13:50:32.595+0000] {dagbag.py:545} INFO - Filling up the DagBag from /opt/airflow/dags/dag_03_data_pipeline.py
[2026-06-16T13:50:32.606+0000] {processor.py:840} INFO - DAG(s) '03_getting_started_data_pipeline' retrieved from /opt/airflow/dags/dag_03_data_pipeline.py
[2026-06-16T13:50:32.653+0000] {logging_mixin.py:188} INFO - [2026-06-16T13:50:32.653+0000] {dag.py:3089} INFO - Sync 1 DAGs
[2026-06-16T13:50:32.669+0000] {logging_mixin.py:188} INFO - [2026-06-16T13:50:32.668+0000] {dag.py:3947} INFO - Setting next_dagrun for 03_getting_started_data_pipeline to None, run_after=None
[2026-06-16T13:50:32.695+0000] {processor.py:183} INFO - Processing /opt/airflow/dags/dag_03_data_pipeline.py took 0.112 seconds
[2026-06-16T13:51:02.755+0000] {processor.py:161} INFO - Started process (PID=7503) to work on /opt/airflow/dags/dag_03_data_pipeline.py
[2026-06-16T13:51:02.756+0000] {processor.py:830} INFO - Processing file /opt/airflow/dags/dag_03_data_pipeline.py for tasks to queue
[2026-06-16T13:51:02.758+0000] {logging_mixin.py:188} INFO - [2026-06-16T13:51:02.758+0000] {dagbag.py:545} INFO - Filling up the DagBag from /opt/airflow/dags/dag_03_data_pipeline.py
[2026-06-16T13:51:02.769+0000] {processor.py:840} INFO - DAG(s) '03_getting_started_data_pipeline' retrieved from /opt/airflow/dags/dag_03_data_pipeline.py
[2026-06-16T13:51:02.817+0000] {logging_mixin.py:188} INFO - [2026-06-16T13:51:02.816+0000] {dag.py:3089} INFO - Sync 1 DAGs
[2026-06-16T13:51:02.832+0000] {logging_mixin.py:188} INFO - [2026-06-16T13:51:02.832+0000] {dag.py:3947} INFO - Setting next_dagrun for 03_getting_started_data_pipeline to None, run_after=None
[2026-06-16T13:51:02.861+0000] {processor.py:183} INFO - Processing /opt/airflow/dags/dag_03_data_pipeline.py took 0.115 seconds
[2026-06-16T13:51:33.072+0000] {processor.py:161} INFO - Started process (PID=7543) to work on /opt/airflow/dags/dag_03_data_pipeline.py
[2026-06-16T13:51:33.077+0000] {processor.py:830} INFO - Processing file /opt/airflow/dags/dag_03_data_pipeline.py for tasks to queue
[2026-06-16T13:51:33.079+0000] {logging_mixin.py:188} INFO - [2026-06-16T13:51:33.079+0000] {dagbag.py:545} INFO - Filling up the DagBag from /opt/airflow/dags/dag_03_data_pipeline.py
[2026-06-16T13:51:33.090+0000] {processor.py:840} INFO - DAG(s) '03_getting_started_data_pipeline' retrieved from /opt/airflow/dags/dag_03_data_pipeline.py
[2026-06-16T13:51:33.133+0000] {logging_mixin.py:188} INFO - [2026-06-16T13:51:33.133+0000] {dag.py:3089} INFO - Sync 1 DAGs
[2026-06-16T13:51:33.147+0000] {logging_mixin.py:188} INFO - [2026-06-16T13:51:33.147+0000] {dag.py:3947} INFO - Setting next_dagrun for 03_getting_started_data_pipeline to None, run_after=None
[2026-06-16T13:51:33.174+0000] {processor.py:183} INFO - Processing /opt/airflow/dags/dag_03_data_pipeline.py took 0.112 seconds
[2026-06-16T13:52:03.223+0000] {processor.py:161} INFO - Started process (PID=7583) to work on /opt/airflow/dags/dag_03_data_pipeline.py
[2026-06-16T13:52:03.224+0000] {processor.py:830} INFO - Processing file /opt/airflow/dags/dag_03_data_pipeline.py for tasks to queue
[2026-06-16T13:52:03.226+0000] {logging_mixin.py:188} INFO - [2026-06-16T13:52:03.226+0000] {dagbag.py:545} INFO - Filling up the DagBag from /opt/airflow/dags/dag_03_data_pipeline.py
[2026-06-16T13:52:03.238+0000] {processor.py:840} INFO - DAG(s) '03_getting_started_data_pipeline' retrieved from /opt/airflow/dags/dag_03_data_pipeline.py
[2026-06-16T13:52:03.288+0000] {logging_mixin.py:188} INFO - [2026-06-16T13:52:03.288+0000] {dag.py:3089} INFO - Sync 1 DAGs
[2026-06-16T13:52:03.305+0000] {logging_mixin.py:188} INFO - [2026-06-16T13:52:03.305+0000] {dag.py:3947} INFO - Setting next_dagrun for 03_getting_started_data_pipeline to None, run_after=None
[2026-06-16T13:52:03.332+0000] {processor.py:183} INFO - Processing /opt/airflow/dags/dag_03_data_pipeline.py took 0.118 seconds
[2026-06-16T13:52:33.455+0000] {processor.py:161} INFO - Started process (PID=7623) to work on /opt/airflow/dags/dag_03_data_pipeline.py
[2026-06-16T13:52:33.457+0000] {processor.py:830} INFO - Processing file /opt/airflow/dags/dag_03_data_pipeline.py for tasks to queue
[2026-06-16T13:52:33.459+0000] {logging_mixin.py:188} INFO - [2026-06-16T13:52:33.459+0000] {dagbag.py:545} INFO - Filling up the DagBag from /opt/airflow/dags/dag_03_data_pipeline.py
[2026-06-16T13:52:33.469+0000] {processor.py:840} INFO - DAG(s) '03_getting_started_data_pipeline' retrieved from /opt/airflow/dags/dag_03_data_pipeline.py
[2026-06-16T13:52:33.515+0000] {logging_mixin.py:188} INFO - [2026-06-16T13:52:33.514+0000] {dag.py:3089} INFO - Sync 1 DAGs
[2026-06-16T13:52:33.528+0000] {logging_mixin.py:188} INFO - [2026-06-16T13:52:33.528+0000] {dag.py:3947} INFO - Setting next_dagrun for 03_getting_started_data_pipeline to None, run_after=None
[2026-06-16T13:52:33.555+0000] {processor.py:183} INFO - Processing /opt/airflow/dags/dag_03_data_pipeline.py took 0.108 seconds
[2026-06-16T13:53:03.728+0000] {processor.py:161} INFO - Started process (PID=7663) to work on /opt/airflow/dags/dag_03_data_pipeline.py
[2026-06-16T13:53:03.730+0000] {processor.py:830} INFO - Processing file /opt/airflow/dags/dag_03_data_pipeline.py for tasks to queue
[2026-06-16T13:53:03.732+0000] {logging_mixin.py:188} INFO - [2026-06-16T13:53:03.731+0000] {dagbag.py:545} INFO - Filling up the DagBag from /opt/airflow/dags/dag_03_data_pipeline.py
[2026-06-16T13:53:03.742+0000] {processor.py:840} INFO - DAG(s) '03_getting_started_data_pipeline' retrieved from /opt/airflow/dags/dag_03_data_pipeline.py
[2026-06-16T13:53:03.788+0000] {logging_mixin.py:188} INFO - [2026-06-16T13:53:03.788+0000] {dag.py:3089} INFO - Sync 1 DAGs
[2026-06-16T13:53:03.802+0000] {logging_mixin.py:188} INFO - [2026-06-16T13:53:03.802+0000] {dag.py:3947} INFO - Setting next_dagrun for 03_getting_started_data_pipeline to None, run_after=None
[2026-06-16T13:53:03.829+0000] {processor.py:183} INFO - Processing /opt/airflow/dags/dag_03_data_pipeline.py took 0.109 seconds
[2026-06-16T13:53:33.966+0000] {processor.py:161} INFO - Started process (PID=7703) to work on /opt/airflow/dags/dag_03_data_pipeline.py
[2026-06-16T13:53:33.967+0000] {processor.py:830} INFO - Processing file /opt/airflow/dags/dag_03_data_pipeline.py for tasks to queue
[2026-06-16T13:53:33.969+0000] {logging_mixin.py:188} INFO - [2026-06-16T13:53:33.969+0000] {dagbag.py:545} INFO - Filling up the DagBag from /opt/airflow/dags/dag_03_data_pipeline.py
[2026-06-16T13:53:33.980+0000] {processor.py:840} INFO - DAG(s) '03_getting_started_data_pipeline' retrieved from /opt/airflow/dags/dag_03_data_pipeline.py
[2026-06-16T13:53:34.025+0000] {logging_mixin.py:188} INFO - [2026-06-16T13:53:34.025+0000] {dag.py:3089} INFO - Sync 1 DAGs
[2026-06-16T13:53:34.040+0000] {logging_mixin.py:188} INFO - [2026-06-16T13:53:34.040+0000] {dag.py:3947} INFO - Setting next_dagrun for 03_getting_started_data_pipeline to None, run_after=None
[2026-06-16T13:53:34.066+0000] {processor.py:183} INFO - Processing /opt/airflow/dags/dag_03_data_pipeline.py took 0.109 seconds
[2026-06-16T13:54:04.223+0000] {processor.py:161} INFO - Started process (PID=7743) to work on /opt/airflow/dags/dag_03_data_pipeline.py
[2026-06-16T13:54:04.233+0000] {processor.py:830} INFO - Processing file /opt/airflow/dags/dag_03_data_pipeline.py for tasks to queue
[2026-06-16T13:54:04.235+0000] {logging_mixin.py:188} INFO - [2026-06-16T13:54:04.234+0000] {dagbag.py:545} INFO - Filling up the DagBag from /opt/airflow/dags/dag_03_data_pipeline.py
[2026-06-16T13:54:04.245+0000] {processor.py:840} INFO - DAG(s) '03_getting_started_data_pipeline' retrieved from /opt/airflow/dags/dag_03_data_pipeline.py
[2026-06-16T13:54:04.289+0000] {logging_mixin.py:188} INFO - [2026-06-16T13:54:04.289+0000] {dag.py:3089} INFO - Sync 1 DAGs
[2026-06-16T13:54:04.304+0000] {logging_mixin.py:188} INFO - [2026-06-16T13:54:04.304+0000] {dag.py:3947} INFO - Setting next_dagrun for 03_getting_started_data_pipeline to None, run_after=None
[2026-06-16T13:54:04.331+0000] {processor.py:183} INFO - Processing /opt/airflow/dags/dag_03_data_pipeline.py took 0.117 seconds
[2026-06-16T13:54:34.997+0000] {processor.py:161} INFO - Started process (PID=7783) to work on /opt/airflow/dags/dag_03_data_pipeline.py
[2026-06-16T13:54:34.998+0000] {processor.py:830} INFO - Processing file /opt/airflow/dags/dag_03_data_pipeline.py for tasks to queue
[2026-06-16T13:54:35.001+0000] {logging_mixin.py:188} INFO - [2026-06-16T13:54:35.000+0000] {dagbag.py:545} INFO - Filling up the DagBag from /opt/airflow/dags/dag_03_data_pipeline.py
[2026-06-16T13:54:35.015+0000] {processor.py:840} INFO - DAG(s) '03_getting_started_data_pipeline' retrieved from /opt/airflow/dags/dag_03_data_pipeline.py
[2026-06-16T13:54:35.063+0000] {logging_mixin.py:188} INFO - [2026-06-16T13:54:35.063+0000] {dag.py:3089} INFO - Sync 1 DAGs
[2026-06-16T13:54:35.082+0000] {logging_mixin.py:188} INFO - [2026-06-16T13:54:35.082+0000] {dag.py:3947} INFO - Setting next_dagrun for 03_getting_started_data_pipeline to None, run_after=None
[2026-06-16T13:54:35.107+0000] {processor.py:183} INFO - Processing /opt/airflow/dags/dag_03_data_pipeline.py took 0.122 seconds
[2026-06-16T13:55:05.192+0000] {processor.py:161} INFO - Started process (PID=7823) to work on /opt/airflow/dags/dag_03_data_pipeline.py
[2026-06-16T13:55:05.202+0000] {processor.py:830} INFO - Processing file /opt/airflow/dags/dag_03_data_pipeline.py for tasks to queue
[2026-06-16T13:55:05.204+0000] {logging_mixin.py:188} INFO - [2026-06-16T13:55:05.203+0000] {dagbag.py:545} INFO - Filling up the DagBag from /opt/airflow/dags/dag_03_data_pipeline.py
[2026-06-16T13:55:05.216+0000] {processor.py:840} INFO - DAG(s) '03_getting_started_data_pipeline' retrieved from /opt/airflow/dags/dag_03_data_pipeline.py
[2026-06-16T13:55:05.261+0000] {logging_mixin.py:188} INFO - [2026-06-16T13:55:05.261+0000] {dag.py:3089} INFO - Sync 1 DAGs
[2026-06-16T13:55:05.277+0000] {logging_mixin.py:188} INFO - [2026-06-16T13:55:05.277+0000] {dag.py:3947} INFO - Setting next_dagrun for 03_getting_started_data_pipeline to None, run_after=None
[2026-06-16T13:55:05.304+0000] {processor.py:183} INFO - Processing /opt/airflow/dags/dag_03_data_pipeline.py took 0.121 seconds
[2026-06-16T13:55:35.409+0000] {processor.py:161} INFO - Started process (PID=7863) to work on /opt/airflow/dags/dag_03_data_pipeline.py
[2026-06-16T13:55:35.410+0000] {processor.py:830} INFO - Processing file /opt/airflow/dags/dag_03_data_pipeline.py for tasks to queue
[2026-06-16T13:55:35.413+0000] {logging_mixin.py:188} INFO - [2026-06-16T13:55:35.412+0000] {dagbag.py:545} INFO - Filling up the DagBag from /opt/airflow/dags/dag_03_data_pipeline.py
[2026-06-16T13:55:35.426+0000] {processor.py:840} INFO - DAG(s) '03_getting_started_data_pipeline' retrieved from /opt/airflow/dags/dag_03_data_pipeline.py
[2026-06-16T13:55:35.477+0000] {logging_mixin.py:188} INFO - [2026-06-16T13:55:35.477+0000] {dag.py:3089} INFO - Sync 1 DAGs
[2026-06-16T13:55:35.495+0000] {logging_mixin.py:188} INFO - [2026-06-16T13:55:35.495+0000] {dag.py:3947} INFO - Setting next_dagrun for 03_getting_started_data_pipeline to None, run_after=None
[2026-06-16T13:55:35.522+0000] {processor.py:183} INFO - Processing /opt/airflow/dags/dag_03_data_pipeline.py took 0.124 seconds
[2026-06-16T13:56:05.592+0000] {processor.py:161} INFO - Started process (PID=7903) to work on /opt/airflow/dags/dag_03_data_pipeline.py
[2026-06-16T13:56:05.594+0000] {processor.py:830} INFO - Processing file /opt/airflow/dags/dag_03_data_pipeline.py for tasks to queue
[2026-06-16T13:56:05.596+0000] {logging_mixin.py:188} INFO - [2026-06-16T13:56:05.596+0000] {dagbag.py:545} INFO - Filling up the DagBag from /opt/airflow/dags/dag_03_data_pipeline.py
[2026-06-16T13:56:05.607+0000] {processor.py:840} INFO - DAG(s) '03_getting_started_data_pipeline' retrieved from /opt/airflow/dags/dag_03_data_pipeline.py
[2026-06-16T13:56:05.658+0000] {logging_mixin.py:188} INFO - [2026-06-16T13:56:05.658+0000] {dag.py:3089} INFO - Sync 1 DAGs
[2026-06-16T13:56:05.677+0000] {logging_mixin.py:188} INFO - [2026-06-16T13:56:05.676+0000] {dag.py:3947} INFO - Setting next_dagrun for 03_getting_started_data_pipeline to None, run_after=None
[2026-06-16T13:56:05.705+0000] {processor.py:183} INFO - Processing /opt/airflow/dags/dag_03_data_pipeline.py took 0.121 seconds
[2026-06-16T13:56:36.536+0000] {processor.py:161} INFO - Started process (PID=7943) to work on /opt/airflow/dags/dag_03_data_pipeline.py
[2026-06-16T13:56:36.537+0000] {processor.py:830} INFO - Processing file /opt/airflow/dags/dag_03_data_pipeline.py for tasks to queue
[2026-06-16T13:56:36.538+0000] {logging_mixin.py:188} INFO - [2026-06-16T13:56:36.538+0000] {dagbag.py:545} INFO - Filling up the DagBag from /opt/airflow/dags/dag_03_data_pipeline.py
[2026-06-16T13:56:36.549+0000] {processor.py:840} INFO - DAG(s) '03_getting_started_data_pipeline' retrieved from /opt/airflow/dags/dag_03_data_pipeline.py
[2026-06-16T13:56:36.596+0000] {logging_mixin.py:188} INFO - [2026-06-16T13:56:36.596+0000] {dag.py:3089} INFO - Sync 1 DAGs
[2026-06-16T13:56:36.613+0000] {logging_mixin.py:188} INFO - [2026-06-16T13:56:36.613+0000] {dag.py:3947} INFO - Setting next_dagrun for 03_getting_started_data_pipeline to None, run_after=None
[2026-06-16T13:56:36.640+0000] {processor.py:183} INFO - Processing /opt/airflow/dags/dag_03_data_pipeline.py took 0.113 seconds
[2026-06-16T13:57:06.696+0000] {processor.py:161} INFO - Started process (PID=7983) to work on /opt/airflow/dags/dag_03_data_pipeline.py
[2026-06-16T13:57:06.697+0000] {processor.py:830} INFO - Processing file /opt/airflow/dags/dag_03_data_pipeline.py for tasks to queue
[2026-06-16T13:57:06.699+0000] {logging_mixin.py:188} INFO - [2026-06-16T13:57:06.699+0000] {dagbag.py:545} INFO - Filling up the DagBag from /opt/airflow/dags/dag_03_data_pipeline.py
[2026-06-16T13:57:06.709+0000] {processor.py:840} INFO - DAG(s) '03_getting_started_data_pipeline' retrieved from /opt/airflow/dags/dag_03_data_pipeline.py
[2026-06-16T13:57:06.757+0000] {logging_mixin.py:188} INFO - [2026-06-16T13:57:06.757+0000] {dag.py:3089} INFO - Sync 1 DAGs
[2026-06-16T13:57:06.774+0000] {logging_mixin.py:188} INFO - [2026-06-16T13:57:06.773+0000] {dag.py:3947} INFO - Setting next_dagrun for 03_getting_started_data_pipeline to None, run_after=None
[2026-06-16T13:57:06.799+0000] {processor.py:183} INFO - Processing /opt/airflow/dags/dag_03_data_pipeline.py took 0.112 seconds
[2026-06-16T13:57:37.078+0000] {processor.py:161} INFO - Started process (PID=8023) to work on /opt/airflow/dags/dag_03_data_pipeline.py
[2026-06-16T13:57:37.079+0000] {processor.py:830} INFO - Processing file /opt/airflow/dags/dag_03_data_pipeline.py for tasks to queue
[2026-06-16T13:57:37.081+0000] {logging_mixin.py:188} INFO - [2026-06-16T13:57:37.081+0000] {dagbag.py:545} INFO - Filling up the DagBag from /opt/airflow/dags/dag_03_data_pipeline.py
[2026-06-16T13:57:37.093+0000] {processor.py:840} INFO - DAG(s) '03_getting_started_data_pipeline' retrieved from /opt/airflow/dags/dag_03_data_pipeline.py
[2026-06-16T13:57:37.167+0000] {logging_mixin.py:188} INFO - [2026-06-16T13:57:37.166+0000] {dag.py:3089} INFO - Sync 1 DAGs
[2026-06-16T13:57:37.189+0000] {logging_mixin.py:188} INFO - [2026-06-16T13:57:37.188+0000] {dag.py:3947} INFO - Setting next_dagrun for 03_getting_started_data_pipeline to None, run_after=None
[2026-06-16T13:57:37.217+0000] {processor.py:183} INFO - Processing /opt/airflow/dags/dag_03_data_pipeline.py took 0.149 seconds
[2026-06-16T13:58:07.324+0000] {processor.py:161} INFO - Started process (PID=8067) to work on /opt/airflow/dags/dag_03_data_pipeline.py
[2026-06-16T13:58:07.326+0000] {processor.py:830} INFO - Processing file /opt/airflow/dags/dag_03_data_pipeline.py for tasks to queue
[2026-06-16T13:58:07.329+0000] {logging_mixin.py:188} INFO - [2026-06-16T13:58:07.328+0000] {dagbag.py:545} INFO - Filling up the DagBag from /opt/airflow/dags/dag_03_data_pipeline.py
[2026-06-16T13:58:07.344+0000] {processor.py:840} INFO - DAG(s) '03_getting_started_data_pipeline' retrieved from /opt/airflow/dags/dag_03_data_pipeline.py
[2026-06-16T13:58:07.392+0000] {logging_mixin.py:188} INFO - [2026-06-16T13:58:07.391+0000] {dag.py:3089} INFO - Sync 1 DAGs
[2026-06-16T13:58:07.407+0000] {logging_mixin.py:188} INFO - [2026-06-16T13:58:07.407+0000] {dag.py:3947} INFO - Setting next_dagrun for 03_getting_started_data_pipeline to None, run_after=None
[2026-06-16T13:58:07.434+0000] {processor.py:183} INFO - Processing /opt/airflow/dags/dag_03_data_pipeline.py took 0.118 seconds
[2026-06-16T13:58:37.527+0000] {processor.py:161} INFO - Started process (PID=8103) to work on /opt/airflow/dags/dag_03_data_pipeline.py
[2026-06-16T13:58:37.528+0000] {processor.py:830} INFO - Processing file /opt/airflow/dags/dag_03_data_pipeline.py for tasks to queue
[2026-06-16T13:58:37.531+0000] {logging_mixin.py:188} INFO - [2026-06-16T13:58:37.530+0000] {dagbag.py:545} INFO - Filling up the DagBag from /opt/airflow/dags/dag_03_data_pipeline.py
[2026-06-16T13:58:37.544+0000] {processor.py:840} INFO - DAG(s) '03_getting_started_data_pipeline' retrieved from /opt/airflow/dags/dag_03_data_pipeline.py
[2026-06-16T13:58:37.594+0000] {logging_mixin.py:188} INFO - [2026-06-16T13:58:37.594+0000] {dag.py:3089} INFO - Sync 1 DAGs
[2026-06-16T13:58:37.612+0000] {logging_mixin.py:188} INFO - [2026-06-16T13:58:37.612+0000] {dag.py:3947} INFO - Setting next_dagrun for 03_getting_started_data_pipeline to None, run_after=None
[2026-06-16T13:58:37.639+0000] {processor.py:183} INFO - Processing /opt/airflow/dags/dag_03_data_pipeline.py took 0.122 seconds
[2026-06-16T13:59:07.735+0000] {processor.py:161} INFO - Started process (PID=8146) to work on /opt/airflow/dags/dag_03_data_pipeline.py
[2026-06-16T13:59:07.736+0000] {processor.py:830} INFO - Processing file /opt/airflow/dags/dag_03_data_pipeline.py for tasks to queue
[2026-06-16T13:59:07.740+0000] {logging_mixin.py:188} INFO - [2026-06-16T13:59:07.739+0000] {dagbag.py:545} INFO - Filling up the DagBag from /opt/airflow/dags/dag_03_data_pipeline.py
[2026-06-16T13:59:07.756+0000] {processor.py:840} INFO - DAG(s) '03_getting_started_data_pipeline' retrieved from /opt/airflow/dags/dag_03_data_pipeline.py
[2026-06-16T13:59:07.800+0000] {logging_mixin.py:188} INFO - [2026-06-16T13:59:07.800+0000] {dag.py:3089} INFO - Sync 1 DAGs
[2026-06-16T13:59:07.814+0000] {logging_mixin.py:188} INFO - [2026-06-16T13:59:07.813+0000] {dag.py:3947} INFO - Setting next_dagrun for 03_getting_started_data_pipeline to None, run_after=None
[2026-06-16T13:59:07.835+0000] {processor.py:183} INFO - Processing /opt/airflow/dags/dag_03_data_pipeline.py took 0.108 seconds
[2026-06-16T13:59:38.503+0000] {processor.py:161} INFO - Started process (PID=8183) to work on /opt/airflow/dags/dag_03_data_pipeline.py
[2026-06-16T13:59:38.504+0000] {processor.py:830} INFO - Processing file /opt/airflow/dags/dag_03_data_pipeline.py for tasks to queue
[2026-06-16T13:59:38.506+0000] {logging_mixin.py:188} INFO - [2026-06-16T13:59:38.506+0000] {dagbag.py:545} INFO - Filling up the DagBag from /opt/airflow/dags/dag_03_data_pipeline.py
[2026-06-16T13:59:38.517+0000] {processor.py:840} INFO - DAG(s) '03_getting_started_data_pipeline' retrieved from /opt/airflow/dags/dag_03_data_pipeline.py
[2026-06-16T13:59:38.562+0000] {logging_mixin.py:188} INFO - [2026-06-16T13:59:38.561+0000] {dag.py:3089} INFO - Sync 1 DAGs
[2026-06-16T13:59:38.577+0000] {logging_mixin.py:188} INFO - [2026-06-16T13:59:38.577+0000] {dag.py:3947} INFO - Setting next_dagrun for 03_getting_started_data_pipeline to None, run_after=None
[2026-06-16T13:59:38.604+0000] {processor.py:183} INFO - Processing /opt/airflow/dags/dag_03_data_pipeline.py took 0.109 seconds
[2026-06-16T14:00:09.542+0000] {processor.py:161} INFO - Started process (PID=8223) to work on /opt/airflow/dags/dag_03_data_pipeline.py
[2026-06-16T14:00:09.544+0000] {processor.py:830} INFO - Processing file /opt/airflow/dags/dag_03_data_pipeline.py for tasks to queue
[2026-06-16T14:00:09.547+0000] {logging_mixin.py:188} INFO - [2026-06-16T14:00:09.547+0000] {dagbag.py:545} INFO - Filling up the DagBag from /opt/airflow/dags/dag_03_data_pipeline.py
[2026-06-16T14:00:09.562+0000] {processor.py:840} INFO - DAG(s) '03_getting_started_data_pipeline' retrieved from /opt/airflow/dags/dag_03_data_pipeline.py
[2026-06-16T14:00:09.611+0000] {logging_mixin.py:188} INFO - [2026-06-16T14:00:09.611+0000] {dag.py:3089} INFO - Sync 1 DAGs
[2026-06-16T14:00:09.629+0000] {logging_mixin.py:188} INFO - [2026-06-16T14:00:09.629+0000] {dag.py:3947} INFO - Setting next_dagrun for 03_getting_started_data_pipeline to None, run_after=None
[2026-06-16T14:00:09.655+0000] {processor.py:183} INFO - Processing /opt/airflow/dags/dag_03_data_pipeline.py took 0.124 seconds
[2026-06-16T14:00:39.790+0000] {processor.py:161} INFO - Started process (PID=8268) to work on /opt/airflow/dags/dag_03_data_pipeline.py
[2026-06-16T14:00:39.791+0000] {processor.py:830} INFO - Processing file /opt/airflow/dags/dag_03_data_pipeline.py for tasks to queue
[2026-06-16T14:00:39.792+0000] {logging_mixin.py:188} INFO - [2026-06-16T14:00:39.792+0000] {dagbag.py:545} INFO - Filling up the DagBag from /opt/airflow/dags/dag_03_data_pipeline.py
[2026-06-16T14:00:39.802+0000] {processor.py:840} INFO - DAG(s) '03_getting_started_data_pipeline' retrieved from /opt/airflow/dags/dag_03_data_pipeline.py
[2026-06-16T14:00:39.844+0000] {logging_mixin.py:188} INFO - [2026-06-16T14:00:39.843+0000] {dag.py:3089} INFO - Sync 1 DAGs
[2026-06-16T14:00:39.859+0000] {logging_mixin.py:188} INFO - [2026-06-16T14:00:39.859+0000] {dag.py:3947} INFO - Setting next_dagrun for 03_getting_started_data_pipeline to None, run_after=None
[2026-06-16T14:00:39.880+0000] {processor.py:183} INFO - Processing /opt/airflow/dags/dag_03_data_pipeline.py took 0.098 seconds
[2026-06-16T14:01:09.999+0000] {processor.py:161} INFO - Started process (PID=8308) to work on /opt/airflow/dags/dag_03_data_pipeline.py
[2026-06-16T14:01:10.001+0000] {processor.py:830} INFO - Processing file /opt/airflow/dags/dag_03_data_pipeline.py for tasks to queue
[2026-06-16T14:01:10.003+0000] {logging_mixin.py:188} INFO - [2026-06-16T14:01:10.002+0000] {dagbag.py:545} INFO - Filling up the DagBag from /opt/airflow/dags/dag_03_data_pipeline.py
[2026-06-16T14:01:10.012+0000] {processor.py:840} INFO - DAG(s) '03_getting_started_data_pipeline' retrieved from /opt/airflow/dags/dag_03_data_pipeline.py
[2026-06-16T14:01:10.054+0000] {logging_mixin.py:188} INFO - [2026-06-16T14:01:10.054+0000] {dag.py:3089} INFO - Sync 1 DAGs
[2026-06-16T14:01:10.067+0000] {logging_mixin.py:188} INFO - [2026-06-16T14:01:10.067+0000] {dag.py:3947} INFO - Setting next_dagrun for 03_getting_started_data_pipeline to None, run_after=None
[2026-06-16T14:01:10.089+0000] {processor.py:183} INFO - Processing /opt/airflow/dags/dag_03_data_pipeline.py took 0.097 seconds
[2026-06-16T14:01:40.233+0000] {processor.py:161} INFO - Started process (PID=8343) to work on /opt/airflow/dags/dag_03_data_pipeline.py
[2026-06-16T14:01:40.234+0000] {processor.py:830} INFO - Processing file /opt/airflow/dags/dag_03_data_pipeline.py for tasks to queue
[2026-06-16T14:01:40.236+0000] {logging_mixin.py:188} INFO - [2026-06-16T14:01:40.236+0000] {dagbag.py:545} INFO - Filling up the DagBag from /opt/airflow/dags/dag_03_data_pipeline.py
[2026-06-16T14:01:40.247+0000] {processor.py:840} INFO - DAG(s) '03_getting_started_data_pipeline' retrieved from /opt/airflow/dags/dag_03_data_pipeline.py
[2026-06-16T14:01:40.292+0000] {logging_mixin.py:188} INFO - [2026-06-16T14:01:40.292+0000] {dag.py:3089} INFO - Sync 1 DAGs
[2026-06-16T14:01:40.308+0000] {logging_mixin.py:188} INFO - [2026-06-16T14:01:40.308+0000] {dag.py:3947} INFO - Setting next_dagrun for 03_getting_started_data_pipeline to None, run_after=None
[2026-06-16T14:01:40.336+0000] {processor.py:183} INFO - Processing /opt/airflow/dags/dag_03_data_pipeline.py took 0.113 seconds
[2026-06-16T14:02:10.397+0000] {processor.py:161} INFO - Started process (PID=8383) to work on /opt/airflow/dags/dag_03_data_pipeline.py
[2026-06-16T14:02:10.398+0000] {processor.py:830} INFO - Processing file /opt/airflow/dags/dag_03_data_pipeline.py for tasks to queue
[2026-06-16T14:02:10.400+0000] {logging_mixin.py:188} INFO - [2026-06-16T14:02:10.400+0000] {dagbag.py:545} INFO - Filling up the DagBag from /opt/airflow/dags/dag_03_data_pipeline.py
[2026-06-16T14:02:10.411+0000] {processor.py:840} INFO - DAG(s) '03_getting_started_data_pipeline' retrieved from /opt/airflow/dags/dag_03_data_pipeline.py
[2026-06-16T14:02:10.460+0000] {logging_mixin.py:188} INFO - [2026-06-16T14:02:10.460+0000] {dag.py:3089} INFO - Sync 1 DAGs
[2026-06-16T14:02:10.477+0000] {logging_mixin.py:188} INFO - [2026-06-16T14:02:10.476+0000] {dag.py:3947} INFO - Setting next_dagrun for 03_getting_started_data_pipeline to None, run_after=None
[2026-06-16T14:02:10.503+0000] {processor.py:183} INFO - Processing /opt/airflow/dags/dag_03_data_pipeline.py took 0.117 seconds
[2026-06-16T14:02:40.647+0000] {processor.py:161} INFO - Started process (PID=8428) to work on /opt/airflow/dags/dag_03_data_pipeline.py
[2026-06-16T14:02:40.648+0000] {processor.py:830} INFO - Processing file /opt/airflow/dags/dag_03_data_pipeline.py for tasks to queue
[2026-06-16T14:02:40.650+0000] {logging_mixin.py:188} INFO - [2026-06-16T14:02:40.649+0000] {dagbag.py:545} INFO - Filling up the DagBag from /opt/airflow/dags/dag_03_data_pipeline.py
[2026-06-16T14:02:40.660+0000] {processor.py:840} INFO - DAG(s) '03_getting_started_data_pipeline' retrieved from /opt/airflow/dags/dag_03_data_pipeline.py
[2026-06-16T14:02:40.700+0000] {logging_mixin.py:188} INFO - [2026-06-16T14:02:40.700+0000] {dag.py:3089} INFO - Sync 1 DAGs
[2026-06-16T14:02:40.714+0000] {logging_mixin.py:188} INFO - [2026-06-16T14:02:40.714+0000] {dag.py:3947} INFO - Setting next_dagrun for 03_getting_started_data_pipeline to None, run_after=None
[2026-06-16T14:02:40.736+0000] {processor.py:183} INFO - Processing /opt/airflow/dags/dag_03_data_pipeline.py took 0.096 seconds
[2026-06-16T14:03:10.866+0000] {processor.py:161} INFO - Started process (PID=8468) to work on /opt/airflow/dags/dag_03_data_pipeline.py
[2026-06-16T14:03:10.868+0000] {processor.py:830} INFO - Processing file /opt/airflow/dags/dag_03_data_pipeline.py for tasks to queue
[2026-06-16T14:03:10.870+0000] {logging_mixin.py:188} INFO - [2026-06-16T14:03:10.870+0000] {dagbag.py:545} INFO - Filling up the DagBag from /opt/airflow/dags/dag_03_data_pipeline.py
[2026-06-16T14:03:10.882+0000] {processor.py:840} INFO - DAG(s) '03_getting_started_data_pipeline' retrieved from /opt/airflow/dags/dag_03_data_pipeline.py
[2026-06-16T14:03:10.941+0000] {logging_mixin.py:188} INFO - [2026-06-16T14:03:10.940+0000] {dag.py:3089} INFO - Sync 1 DAGs
[2026-06-16T14:03:10.962+0000] {logging_mixin.py:188} INFO - [2026-06-16T14:03:10.962+0000] {dag.py:3947} INFO - Setting next_dagrun for 03_getting_started_data_pipeline to None, run_after=None
[2026-06-16T14:03:10.988+0000] {processor.py:183} INFO - Processing /opt/airflow/dags/dag_03_data_pipeline.py took 0.132 seconds
[2026-06-16T14:03:41.046+0000] {processor.py:161} INFO - Started process (PID=8503) to work on /opt/airflow/dags/dag_03_data_pipeline.py
[2026-06-16T14:03:41.047+0000] {processor.py:830} INFO - Processing file /opt/airflow/dags/dag_03_data_pipeline.py for tasks to queue
[2026-06-16T14:03:41.049+0000] {logging_mixin.py:188} INFO - [2026-06-16T14:03:41.049+0000] {dagbag.py:545} INFO - Filling up the DagBag from /opt/airflow/dags/dag_03_data_pipeline.py
[2026-06-16T14:03:41.060+0000] {processor.py:840} INFO - DAG(s) '03_getting_started_data_pipeline' retrieved from /opt/airflow/dags/dag_03_data_pipeline.py
[2026-06-16T14:03:41.109+0000] {logging_mixin.py:188} INFO - [2026-06-16T14:03:41.109+0000] {dag.py:3089} INFO - Sync 1 DAGs
[2026-06-16T14:03:41.126+0000] {logging_mixin.py:188} INFO - [2026-06-16T14:03:41.126+0000] {dag.py:3947} INFO - Setting next_dagrun for 03_getting_started_data_pipeline to None, run_after=None
[2026-06-16T14:03:41.154+0000] {processor.py:183} INFO - Processing /opt/airflow/dags/dag_03_data_pipeline.py took 0.117 seconds
[2026-06-16T14:04:11.275+0000] {processor.py:161} INFO - Started process (PID=8543) to work on /opt/airflow/dags/dag_03_data_pipeline.py
[2026-06-16T14:04:11.276+0000] {processor.py:830} INFO - Processing file /opt/airflow/dags/dag_03_data_pipeline.py for tasks to queue
[2026-06-16T14:04:11.278+0000] {logging_mixin.py:188} INFO - [2026-06-16T14:04:11.278+0000] {dagbag.py:545} INFO - Filling up the DagBag from /opt/airflow/dags/dag_03_data_pipeline.py
[2026-06-16T14:04:11.288+0000] {processor.py:840} INFO - DAG(s) '03_getting_started_data_pipeline' retrieved from /opt/airflow/dags/dag_03_data_pipeline.py
[2026-06-16T14:04:11.333+0000] {logging_mixin.py:188} INFO - [2026-06-16T14:04:11.332+0000] {dag.py:3089} INFO - Sync 1 DAGs
[2026-06-16T14:04:11.346+0000] {logging_mixin.py:188} INFO - [2026-06-16T14:04:11.346+0000] {dag.py:3947} INFO - Setting next_dagrun for 03_getting_started_data_pipeline to None, run_after=None
[2026-06-16T14:04:11.374+0000] {processor.py:183} INFO - Processing /opt/airflow/dags/dag_03_data_pipeline.py took 0.108 seconds
[2026-06-16T14:04:41.511+0000] {processor.py:161} INFO - Started process (PID=8586) to work on /opt/airflow/dags/dag_03_data_pipeline.py
[2026-06-16T14:04:41.512+0000] {processor.py:830} INFO - Processing file /opt/airflow/dags/dag_03_data_pipeline.py for tasks to queue
[2026-06-16T14:04:41.515+0000] {logging_mixin.py:188} INFO - [2026-06-16T14:04:41.514+0000] {dagbag.py:545} INFO - Filling up the DagBag from /opt/airflow/dags/dag_03_data_pipeline.py
[2026-06-16T14:04:41.526+0000] {processor.py:840} INFO - DAG(s) '03_getting_started_data_pipeline' retrieved from /opt/airflow/dags/dag_03_data_pipeline.py
[2026-06-16T14:04:41.568+0000] {logging_mixin.py:188} INFO - [2026-06-16T14:04:41.568+0000] {dag.py:3089} INFO - Sync 1 DAGs
[2026-06-16T14:04:41.582+0000] {logging_mixin.py:188} INFO - [2026-06-16T14:04:41.582+0000] {dag.py:3947} INFO - Setting next_dagrun for 03_getting_started_data_pipeline to None, run_after=None
[2026-06-16T14:04:41.606+0000] {processor.py:183} INFO - Processing /opt/airflow/dags/dag_03_data_pipeline.py took 0.104 seconds
[2026-06-16T14:05:11.705+0000] {processor.py:161} INFO - Started process (PID=8623) to work on /opt/airflow/dags/dag_03_data_pipeline.py
[2026-06-16T14:05:11.715+0000] {processor.py:830} INFO - Processing file /opt/airflow/dags/dag_03_data_pipeline.py for tasks to queue
[2026-06-16T14:05:11.717+0000] {logging_mixin.py:188} INFO - [2026-06-16T14:05:11.716+0000] {dagbag.py:545} INFO - Filling up the DagBag from /opt/airflow/dags/dag_03_data_pipeline.py
[2026-06-16T14:05:11.727+0000] {processor.py:840} INFO - DAG(s) '03_getting_started_data_pipeline' retrieved from /opt/airflow/dags/dag_03_data_pipeline.py
[2026-06-16T14:05:11.771+0000] {logging_mixin.py:188} INFO - [2026-06-16T14:05:11.771+0000] {dag.py:3089} INFO - Sync 1 DAGs
[2026-06-16T14:05:11.786+0000] {logging_mixin.py:188} INFO - [2026-06-16T14:05:11.786+0000] {dag.py:3947} INFO - Setting next_dagrun for 03_getting_started_data_pipeline to None, run_after=None
[2026-06-16T14:05:11.813+0000] {processor.py:183} INFO - Processing /opt/airflow/dags/dag_03_data_pipeline.py took 0.117 seconds
[2026-06-16T14:05:41.905+0000] {processor.py:161} INFO - Started process (PID=8663) to work on /opt/airflow/dags/dag_03_data_pipeline.py
[2026-06-16T14:05:41.906+0000] {processor.py:830} INFO - Processing file /opt/airflow/dags/dag_03_data_pipeline.py for tasks to queue
[2026-06-16T14:05:41.908+0000] {logging_mixin.py:188} INFO - [2026-06-16T14:05:41.908+0000] {dagbag.py:545} INFO - Filling up the DagBag from /opt/airflow/dags/dag_03_data_pipeline.py
[2026-06-16T14:05:41.921+0000] {processor.py:840} INFO - DAG(s) '03_getting_started_data_pipeline' retrieved from /opt/airflow/dags/dag_03_data_pipeline.py
[2026-06-16T14:05:41.976+0000] {logging_mixin.py:188} INFO - [2026-06-16T14:05:41.976+0000] {dag.py:3089} INFO - Sync 1 DAGs
[2026-06-16T14:05:41.999+0000] {logging_mixin.py:188} INFO - [2026-06-16T14:05:41.999+0000] {dag.py:3947} INFO - Setting next_dagrun for 03_getting_started_data_pipeline to None, run_after=None
[2026-06-16T14:05:42.026+0000] {processor.py:183} INFO - Processing /opt/airflow/dags/dag_03_data_pipeline.py took 0.131 seconds
[2026-06-16T14:06:12.150+0000] {processor.py:161} INFO - Started process (PID=8703) to work on /opt/airflow/dags/dag_03_data_pipeline.py
[2026-06-16T14:06:12.152+0000] {processor.py:830} INFO - Processing file /opt/airflow/dags/dag_03_data_pipeline.py for tasks to queue
[2026-06-16T14:06:12.154+0000] {logging_mixin.py:188} INFO - [2026-06-16T14:06:12.153+0000] {dagbag.py:545} INFO - Filling up the DagBag from /opt/airflow/dags/dag_03_data_pipeline.py
[2026-06-16T14:06:12.164+0000] {processor.py:840} INFO - DAG(s) '03_getting_started_data_pipeline' retrieved from /opt/airflow/dags/dag_03_data_pipeline.py
[2026-06-16T14:06:12.213+0000] {logging_mixin.py:188} INFO - [2026-06-16T14:06:12.213+0000] {dag.py:3089} INFO - Sync 1 DAGs
[2026-06-16T14:06:12.229+0000] {logging_mixin.py:188} INFO - [2026-06-16T14:06:12.229+0000] {dag.py:3947} INFO - Setting next_dagrun for 03_getting_started_data_pipeline to None, run_after=None
[2026-06-16T14:06:12.261+0000] {processor.py:183} INFO - Processing /opt/airflow/dags/dag_03_data_pipeline.py took 0.120 seconds
[2026-06-16T14:06:42.807+0000] {processor.py:161} INFO - Started process (PID=8743) to work on /opt/airflow/dags/dag_03_data_pipeline.py
[2026-06-16T14:06:42.808+0000] {processor.py:830} INFO - Processing file /opt/airflow/dags/dag_03_data_pipeline.py for tasks to queue
[2026-06-16T14:06:42.810+0000] {logging_mixin.py:188} INFO - [2026-06-16T14:06:42.809+0000] {dagbag.py:545} INFO - Filling up the DagBag from /opt/airflow/dags/dag_03_data_pipeline.py
[2026-06-16T14:06:42.820+0000] {processor.py:840} INFO - DAG(s) '03_getting_started_data_pipeline' retrieved from /opt/airflow/dags/dag_03_data_pipeline.py
[2026-06-16T14:06:42.867+0000] {logging_mixin.py:188} INFO - [2026-06-16T14:06:42.867+0000] {dag.py:3089} INFO - Sync 1 DAGs
[2026-06-16T14:06:42.882+0000] {logging_mixin.py:188} INFO - [2026-06-16T14:06:42.881+0000] {dag.py:3947} INFO - Setting next_dagrun for 03_getting_started_data_pipeline to None, run_after=None
[2026-06-16T14:06:42.910+0000] {processor.py:183} INFO - Processing /opt/airflow/dags/dag_03_data_pipeline.py took 0.112 seconds
[2026-06-16T14:07:12.996+0000] {processor.py:161} INFO - Started process (PID=8783) to work on /opt/airflow/dags/dag_03_data_pipeline.py
[2026-06-16T14:07:13.005+0000] {processor.py:830} INFO - Processing file /opt/airflow/dags/dag_03_data_pipeline.py for tasks to queue
[2026-06-16T14:07:13.008+0000] {logging_mixin.py:188} INFO - [2026-06-16T14:07:13.007+0000] {dagbag.py:545} INFO - Filling up the DagBag from /opt/airflow/dags/dag_03_data_pipeline.py
[2026-06-16T14:07:13.022+0000] {processor.py:840} INFO - DAG(s) '03_getting_started_data_pipeline' retrieved from /opt/airflow/dags/dag_03_data_pipeline.py
[2026-06-16T14:07:13.068+0000] {logging_mixin.py:188} INFO - [2026-06-16T14:07:13.067+0000] {dag.py:3089} INFO - Sync 1 DAGs
[2026-06-16T14:07:13.082+0000] {logging_mixin.py:188} INFO - [2026-06-16T14:07:13.081+0000] {dag.py:3947} INFO - Setting next_dagrun for 03_getting_started_data_pipeline to None, run_after=None
[2026-06-16T14:07:13.109+0000] {processor.py:183} INFO - Processing /opt/airflow/dags/dag_03_data_pipeline.py took 0.122 seconds
[2026-06-16T14:07:43.214+0000] {processor.py:161} INFO - Started process (PID=8823) to work on /opt/airflow/dags/dag_03_data_pipeline.py
[2026-06-16T14:07:43.215+0000] {processor.py:830} INFO - Processing file /opt/airflow/dags/dag_03_data_pipeline.py for tasks to queue
[2026-06-16T14:07:43.217+0000] {logging_mixin.py:188} INFO - [2026-06-16T14:07:43.216+0000] {dagbag.py:545} INFO - Filling up the DagBag from /opt/airflow/dags/dag_03_data_pipeline.py
[2026-06-16T14:07:43.227+0000] {processor.py:840} INFO - DAG(s) '03_getting_started_data_pipeline' retrieved from /opt/airflow/dags/dag_03_data_pipeline.py
[2026-06-16T14:07:43.271+0000] {logging_mixin.py:188} INFO - [2026-06-16T14:07:43.271+0000] {dag.py:3089} INFO - Sync 1 DAGs
[2026-06-16T14:07:43.285+0000] {logging_mixin.py:188} INFO - [2026-06-16T14:07:43.285+0000] {dag.py:3947} INFO - Setting next_dagrun for 03_getting_started_data_pipeline to None, run_after=None
[2026-06-16T14:07:43.311+0000] {processor.py:183} INFO - Processing /opt/airflow/dags/dag_03_data_pipeline.py took 0.107 seconds
[2026-06-16T14:08:13.539+0000] {processor.py:161} INFO - Started process (PID=8863) to work on /opt/airflow/dags/dag_03_data_pipeline.py
[2026-06-16T14:08:13.541+0000] {processor.py:830} INFO - Processing file /opt/airflow/dags/dag_03_data_pipeline.py for tasks to queue
[2026-06-16T14:08:13.543+0000] {logging_mixin.py:188} INFO - [2026-06-16T14:08:13.542+0000] {dagbag.py:545} INFO - Filling up the DagBag from /opt/airflow/dags/dag_03_data_pipeline.py
[2026-06-16T14:08:13.553+0000] {processor.py:840} INFO - DAG(s) '03_getting_started_data_pipeline' retrieved from /opt/airflow/dags/dag_03_data_pipeline.py
[2026-06-16T14:08:13.602+0000] {logging_mixin.py:188} INFO - [2026-06-16T14:08:13.601+0000] {dag.py:3089} INFO - Sync 1 DAGs
[2026-06-16T14:08:13.620+0000] {logging_mixin.py:188} INFO - [2026-06-16T14:08:13.620+0000] {dag.py:3947} INFO - Setting next_dagrun for 03_getting_started_data_pipeline to None, run_after=None
[2026-06-16T14:08:13.646+0000] {processor.py:183} INFO - Processing /opt/airflow/dags/dag_03_data_pipeline.py took 0.117 seconds
[2026-06-16T14:08:43.692+0000] {processor.py:161} INFO - Started process (PID=8903) to work on /opt/airflow/dags/dag_03_data_pipeline.py
[2026-06-16T14:08:43.693+0000] {processor.py:830} INFO - Processing file /opt/airflow/dags/dag_03_data_pipeline.py for tasks to queue
[2026-06-16T14:08:43.695+0000] {logging_mixin.py:188} INFO - [2026-06-16T14:08:43.695+0000] {dagbag.py:545} INFO - Filling up the DagBag from /opt/airflow/dags/dag_03_data_pipeline.py
[2026-06-16T14:08:43.706+0000] {processor.py:840} INFO - DAG(s) '03_getting_started_data_pipeline' retrieved from /opt/airflow/dags/dag_03_data_pipeline.py
[2026-06-16T14:08:43.751+0000] {logging_mixin.py:188} INFO - [2026-06-16T14:08:43.750+0000] {dag.py:3089} INFO - Sync 1 DAGs
[2026-06-16T14:08:43.765+0000] {logging_mixin.py:188} INFO - [2026-06-16T14:08:43.765+0000] {dag.py:3947} INFO - Setting next_dagrun for 03_getting_started_data_pipeline to None, run_after=None
[2026-06-16T14:08:43.792+0000] {processor.py:183} INFO - Processing /opt/airflow/dags/dag_03_data_pipeline.py took 0.109 seconds
[2026-06-16T14:09:13.827+0000] {processor.py:161} INFO - Started process (PID=8943) to work on /opt/airflow/dags/dag_03_data_pipeline.py
[2026-06-16T14:09:13.836+0000] {processor.py:830} INFO - Processing file /opt/airflow/dags/dag_03_data_pipeline.py for tasks to queue
[2026-06-16T14:09:13.839+0000] {logging_mixin.py:188} INFO - [2026-06-16T14:09:13.838+0000] {dagbag.py:545} INFO - Filling up the DagBag from /opt/airflow/dags/dag_03_data_pipeline.py
[2026-06-16T14:09:13.849+0000] {processor.py:840} INFO - DAG(s) '03_getting_started_data_pipeline' retrieved from /opt/airflow/dags/dag_03_data_pipeline.py
[2026-06-16T14:09:13.896+0000] {logging_mixin.py:188} INFO - [2026-06-16T14:09:13.896+0000] {dag.py:3089} INFO - Sync 1 DAGs
[2026-06-16T14:09:13.913+0000] {logging_mixin.py:188} INFO - [2026-06-16T14:09:13.912+0000] {dag.py:3947} INFO - Setting next_dagrun for 03_getting_started_data_pipeline to None, run_after=None
[2026-06-16T14:09:13.941+0000] {processor.py:183} INFO - Processing /opt/airflow/dags/dag_03_data_pipeline.py took 0.122 seconds
[2026-06-16T14:09:44.064+0000] {processor.py:161} INFO - Started process (PID=8988) to work on /opt/airflow/dags/dag_03_data_pipeline.py
[2026-06-16T14:09:44.065+0000] {processor.py:830} INFO - Processing file /opt/airflow/dags/dag_03_data_pipeline.py for tasks to queue
[2026-06-16T14:09:44.067+0000] {logging_mixin.py:188} INFO - [2026-06-16T14:09:44.067+0000] {dagbag.py:545} INFO - Filling up the DagBag from /opt/airflow/dags/dag_03_data_pipeline.py
[2026-06-16T14:09:44.077+0000] {processor.py:840} INFO - DAG(s) '03_getting_started_data_pipeline' retrieved from /opt/airflow/dags/dag_03_data_pipeline.py
[2026-06-16T14:09:44.116+0000] {logging_mixin.py:188} INFO - [2026-06-16T14:09:44.116+0000] {dag.py:3089} INFO - Sync 1 DAGs
[2026-06-16T14:09:44.129+0000] {logging_mixin.py:188} INFO - [2026-06-16T14:09:44.129+0000] {dag.py:3947} INFO - Setting next_dagrun for 03_getting_started_data_pipeline to None, run_after=None
[2026-06-16T14:09:44.150+0000] {processor.py:183} INFO - Processing /opt/airflow/dags/dag_03_data_pipeline.py took 0.093 seconds
[2026-06-16T14:10:14.261+0000] {processor.py:161} INFO - Started process (PID=9028) to work on /opt/airflow/dags/dag_03_data_pipeline.py
[2026-06-16T14:10:14.263+0000] {processor.py:830} INFO - Processing file /opt/airflow/dags/dag_03_data_pipeline.py for tasks to queue
[2026-06-16T14:10:14.264+0000] {logging_mixin.py:188} INFO - [2026-06-16T14:10:14.264+0000] {dagbag.py:545} INFO - Filling up the DagBag from /opt/airflow/dags/dag_03_data_pipeline.py
[2026-06-16T14:10:14.274+0000] {processor.py:840} INFO - DAG(s) '03_getting_started_data_pipeline' retrieved from /opt/airflow/dags/dag_03_data_pipeline.py
[2026-06-16T14:10:14.315+0000] {logging_mixin.py:188} INFO - [2026-06-16T14:10:14.315+0000] {dag.py:3089} INFO - Sync 1 DAGs
[2026-06-16T14:10:14.328+0000] {logging_mixin.py:188} INFO - [2026-06-16T14:10:14.328+0000] {dag.py:3947} INFO - Setting next_dagrun for 03_getting_started_data_pipeline to None, run_after=None
[2026-06-16T14:10:14.349+0000] {processor.py:183} INFO - Processing /opt/airflow/dags/dag_03_data_pipeline.py took 0.096 seconds
[2026-06-16T14:10:45.148+0000] {processor.py:161} INFO - Started process (PID=9063) to work on /opt/airflow/dags/dag_03_data_pipeline.py
[2026-06-16T14:10:45.160+0000] {processor.py:830} INFO - Processing file /opt/airflow/dags/dag_03_data_pipeline.py for tasks to queue
[2026-06-16T14:10:45.162+0000] {logging_mixin.py:188} INFO - [2026-06-16T14:10:45.161+0000] {dagbag.py:545} INFO - Filling up the DagBag from /opt/airflow/dags/dag_03_data_pipeline.py
[2026-06-16T14:10:45.172+0000] {processor.py:840} INFO - DAG(s) '03_getting_started_data_pipeline' retrieved from /opt/airflow/dags/dag_03_data_pipeline.py
[2026-06-16T14:10:45.216+0000] {logging_mixin.py:188} INFO - [2026-06-16T14:10:45.216+0000] {dag.py:3089} INFO - Sync 1 DAGs
[2026-06-16T14:10:45.232+0000] {logging_mixin.py:188} INFO - [2026-06-16T14:10:45.232+0000] {dag.py:3947} INFO - Setting next_dagrun for 03_getting_started_data_pipeline to None, run_after=None
[2026-06-16T14:10:45.258+0000] {processor.py:183} INFO - Processing /opt/airflow/dags/dag_03_data_pipeline.py took 0.118 seconds
[2026-06-16T14:11:15.374+0000] {processor.py:161} INFO - Started process (PID=9103) to work on /opt/airflow/dags/dag_03_data_pipeline.py
[2026-06-16T14:11:15.376+0000] {processor.py:830} INFO - Processing file /opt/airflow/dags/dag_03_data_pipeline.py for tasks to queue
[2026-06-16T14:11:15.379+0000] {logging_mixin.py:188} INFO - [2026-06-16T14:11:15.378+0000] {dagbag.py:545} INFO - Filling up the DagBag from /opt/airflow/dags/dag_03_data_pipeline.py
[2026-06-16T14:11:15.391+0000] {processor.py:840} INFO - DAG(s) '03_getting_started_data_pipeline' retrieved from /opt/airflow/dags/dag_03_data_pipeline.py
[2026-06-16T14:11:15.441+0000] {logging_mixin.py:188} INFO - [2026-06-16T14:11:15.441+0000] {dag.py:3089} INFO - Sync 1 DAGs
[2026-06-16T14:11:15.462+0000] {logging_mixin.py:188} INFO - [2026-06-16T14:11:15.462+0000] {dag.py:3947} INFO - Setting next_dagrun for 03_getting_started_data_pipeline to None, run_after=None
[2026-06-16T14:11:15.487+0000] {processor.py:183} INFO - Processing /opt/airflow/dags/dag_03_data_pipeline.py took 0.124 seconds
[2026-06-16T14:11:45.614+0000] {processor.py:161} INFO - Started process (PID=9148) to work on /opt/airflow/dags/dag_03_data_pipeline.py
[2026-06-16T14:11:45.615+0000] {processor.py:830} INFO - Processing file /opt/airflow/dags/dag_03_data_pipeline.py for tasks to queue
[2026-06-16T14:11:45.617+0000] {logging_mixin.py:188} INFO - [2026-06-16T14:11:45.617+0000] {dagbag.py:545} INFO - Filling up the DagBag from /opt/airflow/dags/dag_03_data_pipeline.py
[2026-06-16T14:11:45.627+0000] {processor.py:840} INFO - DAG(s) '03_getting_started_data_pipeline' retrieved from /opt/airflow/dags/dag_03_data_pipeline.py
[2026-06-16T14:11:45.669+0000] {logging_mixin.py:188} INFO - [2026-06-16T14:11:45.669+0000] {dag.py:3089} INFO - Sync 1 DAGs
[2026-06-16T14:11:45.683+0000] {logging_mixin.py:188} INFO - [2026-06-16T14:11:45.683+0000] {dag.py:3947} INFO - Setting next_dagrun for 03_getting_started_data_pipeline to None, run_after=None
[2026-06-16T14:11:45.704+0000] {processor.py:183} INFO - Processing /opt/airflow/dags/dag_03_data_pipeline.py took 0.097 seconds
[2026-06-16T14:12:15.815+0000] {processor.py:161} INFO - Started process (PID=9183) to work on /opt/airflow/dags/dag_03_data_pipeline.py
[2026-06-16T14:12:15.817+0000] {processor.py:830} INFO - Processing file /opt/airflow/dags/dag_03_data_pipeline.py for tasks to queue
[2026-06-16T14:12:15.820+0000] {logging_mixin.py:188} INFO - [2026-06-16T14:12:15.819+0000] {dagbag.py:545} INFO - Filling up the DagBag from /opt/airflow/dags/dag_03_data_pipeline.py
[2026-06-16T14:12:15.832+0000] {processor.py:840} INFO - DAG(s) '03_getting_started_data_pipeline' retrieved from /opt/airflow/dags/dag_03_data_pipeline.py
[2026-06-16T14:12:15.882+0000] {logging_mixin.py:188} INFO - [2026-06-16T14:12:15.882+0000] {dag.py:3089} INFO - Sync 1 DAGs
[2026-06-16T14:12:15.899+0000] {logging_mixin.py:188} INFO - [2026-06-16T14:12:15.898+0000] {dag.py:3947} INFO - Setting next_dagrun for 03_getting_started_data_pipeline to None, run_after=None
[2026-06-16T14:12:15.926+0000] {processor.py:183} INFO - Processing /opt/airflow/dags/dag_03_data_pipeline.py took 0.121 seconds
[2026-06-16T14:12:45.963+0000] {processor.py:161} INFO - Started process (PID=9223) to work on /opt/airflow/dags/dag_03_data_pipeline.py
[2026-06-16T14:12:45.964+0000] {processor.py:830} INFO - Processing file /opt/airflow/dags/dag_03_data_pipeline.py for tasks to queue
[2026-06-16T14:12:45.966+0000] {logging_mixin.py:188} INFO - [2026-06-16T14:12:45.966+0000] {dagbag.py:545} INFO - Filling up the DagBag from /opt/airflow/dags/dag_03_data_pipeline.py
[2026-06-16T14:12:45.977+0000] {processor.py:840} INFO - DAG(s) '03_getting_started_data_pipeline' retrieved from /opt/airflow/dags/dag_03_data_pipeline.py
[2026-06-16T14:12:46.025+0000] {logging_mixin.py:188} INFO - [2026-06-16T14:12:46.024+0000] {dag.py:3089} INFO - Sync 1 DAGs
[2026-06-16T14:12:46.040+0000] {logging_mixin.py:188} INFO - [2026-06-16T14:12:46.040+0000] {dag.py:3947} INFO - Setting next_dagrun for 03_getting_started_data_pipeline to None, run_after=None
[2026-06-16T14:12:46.068+0000] {processor.py:183} INFO - Processing /opt/airflow/dags/dag_03_data_pipeline.py took 0.113 seconds
[2026-06-16T14:13:16.152+0000] {processor.py:161} INFO - Started process (PID=9263) to work on /opt/airflow/dags/dag_03_data_pipeline.py
[2026-06-16T14:13:16.162+0000] {processor.py:830} INFO - Processing file /opt/airflow/dags/dag_03_data_pipeline.py for tasks to queue
[2026-06-16T14:13:16.164+0000] {logging_mixin.py:188} INFO - [2026-06-16T14:13:16.163+0000] {dagbag.py:545} INFO - Filling up the DagBag from /opt/airflow/dags/dag_03_data_pipeline.py
[2026-06-16T14:13:16.174+0000] {processor.py:840} INFO - DAG(s) '03_getting_started_data_pipeline' retrieved from /opt/airflow/dags/dag_03_data_pipeline.py
[2026-06-16T14:13:16.220+0000] {logging_mixin.py:188} INFO - [2026-06-16T14:13:16.220+0000] {dag.py:3089} INFO - Sync 1 DAGs
[2026-06-16T14:13:16.235+0000] {logging_mixin.py:188} INFO - [2026-06-16T14:13:16.235+0000] {dag.py:3947} INFO - Setting next_dagrun for 03_getting_started_data_pipeline to None, run_after=None
[2026-06-16T14:13:16.262+0000] {processor.py:183} INFO - Processing /opt/airflow/dags/dag_03_data_pipeline.py took 0.118 seconds
[2026-06-16T14:13:46.403+0000] {processor.py:161} INFO - Started process (PID=9303) to work on /opt/airflow/dags/dag_03_data_pipeline.py
[2026-06-16T14:13:46.404+0000] {processor.py:830} INFO - Processing file /opt/airflow/dags/dag_03_data_pipeline.py for tasks to queue
[2026-06-16T14:13:46.407+0000] {logging_mixin.py:188} INFO - [2026-06-16T14:13:46.406+0000] {dagbag.py:545} INFO - Filling up the DagBag from /opt/airflow/dags/dag_03_data_pipeline.py
[2026-06-16T14:13:46.420+0000] {processor.py:840} INFO - DAG(s) '03_getting_started_data_pipeline' retrieved from /opt/airflow/dags/dag_03_data_pipeline.py
[2026-06-16T14:13:46.469+0000] {logging_mixin.py:188} INFO - [2026-06-16T14:13:46.468+0000] {dag.py:3089} INFO - Sync 1 DAGs
[2026-06-16T14:13:46.485+0000] {logging_mixin.py:188} INFO - [2026-06-16T14:13:46.485+0000] {dag.py:3947} INFO - Setting next_dagrun for 03_getting_started_data_pipeline to None, run_after=None
[2026-06-16T14:13:46.512+0000] {processor.py:183} INFO - Processing /opt/airflow/dags/dag_03_data_pipeline.py took 0.118 seconds
[2026-06-16T14:14:16.676+0000] {processor.py:161} INFO - Started process (PID=9343) to work on /opt/airflow/dags/dag_03_data_pipeline.py
[2026-06-16T14:14:16.686+0000] {processor.py:830} INFO - Processing file /opt/airflow/dags/dag_03_data_pipeline.py for tasks to queue
[2026-06-16T14:14:16.688+0000] {logging_mixin.py:188} INFO - [2026-06-16T14:14:16.688+0000] {dagbag.py:545} INFO - Filling up the DagBag from /opt/airflow/dags/dag_03_data_pipeline.py
[2026-06-16T14:14:16.700+0000] {processor.py:840} INFO - DAG(s) '03_getting_started_data_pipeline' retrieved from /opt/airflow/dags/dag_03_data_pipeline.py
[2026-06-16T14:14:16.746+0000] {logging_mixin.py:188} INFO - [2026-06-16T14:14:16.746+0000] {dag.py:3089} INFO - Sync 1 DAGs
[2026-06-16T14:14:16.763+0000] {logging_mixin.py:188} INFO - [2026-06-16T14:14:16.762+0000] {dag.py:3947} INFO - Setting next_dagrun for 03_getting_started_data_pipeline to None, run_after=None
[2026-06-16T14:14:16.789+0000] {processor.py:183} INFO - Processing /opt/airflow/dags/dag_03_data_pipeline.py took 0.122 seconds
[2026-06-16T14:14:46.926+0000] {processor.py:161} INFO - Started process (PID=9388) to work on /opt/airflow/dags/dag_03_data_pipeline.py
[2026-06-16T14:14:46.927+0000] {processor.py:830} INFO - Processing file /opt/airflow/dags/dag_03_data_pipeline.py for tasks to queue
[2026-06-16T14:14:46.929+0000] {logging_mixin.py:188} INFO - [2026-06-16T14:14:46.929+0000] {dagbag.py:545} INFO - Filling up the DagBag from /opt/airflow/dags/dag_03_data_pipeline.py
[2026-06-16T14:14:46.939+0000] {processor.py:840} INFO - DAG(s) '03_getting_started_data_pipeline' retrieved from /opt/airflow/dags/dag_03_data_pipeline.py
[2026-06-16T14:14:46.980+0000] {logging_mixin.py:188} INFO - [2026-06-16T14:14:46.980+0000] {dag.py:3089} INFO - Sync 1 DAGs
[2026-06-16T14:14:46.995+0000] {logging_mixin.py:188} INFO - [2026-06-16T14:14:46.995+0000] {dag.py:3947} INFO - Setting next_dagrun for 03_getting_started_data_pipeline to None, run_after=None
[2026-06-16T14:14:47.019+0000] {processor.py:183} INFO - Processing /opt/airflow/dags/dag_03_data_pipeline.py took 0.100 seconds
[2026-06-16T14:15:17.054+0000] {processor.py:161} INFO - Started process (PID=9423) to work on /opt/airflow/dags/dag_03_data_pipeline.py
[2026-06-16T14:15:17.065+0000] {processor.py:830} INFO - Processing file /opt/airflow/dags/dag_03_data_pipeline.py for tasks to queue
[2026-06-16T14:15:17.067+0000] {logging_mixin.py:188} INFO - [2026-06-16T14:15:17.066+0000] {dagbag.py:545} INFO - Filling up the DagBag from /opt/airflow/dags/dag_03_data_pipeline.py
[2026-06-16T14:15:17.079+0000] {processor.py:840} INFO - DAG(s) '03_getting_started_data_pipeline' retrieved from /opt/airflow/dags/dag_03_data_pipeline.py
[2026-06-16T14:15:17.123+0000] {logging_mixin.py:188} INFO - [2026-06-16T14:15:17.123+0000] {dag.py:3089} INFO - Sync 1 DAGs
[2026-06-16T14:15:17.138+0000] {logging_mixin.py:188} INFO - [2026-06-16T14:15:17.138+0000] {dag.py:3947} INFO - Setting next_dagrun for 03_getting_started_data_pipeline to None, run_after=None
[2026-06-16T14:15:17.169+0000] {processor.py:183} INFO - Processing /opt/airflow/dags/dag_03_data_pipeline.py took 0.123 seconds
[2026-06-16T14:15:47.239+0000] {processor.py:161} INFO - Started process (PID=9463) to work on /opt/airflow/dags/dag_03_data_pipeline.py
[2026-06-16T14:15:47.240+0000] {processor.py:830} INFO - Processing file /opt/airflow/dags/dag_03_data_pipeline.py for tasks to queue
[2026-06-16T14:15:47.243+0000] {logging_mixin.py:188} INFO - [2026-06-16T14:15:47.243+0000] {dagbag.py:545} INFO - Filling up the DagBag from /opt/airflow/dags/dag_03_data_pipeline.py
[2026-06-16T14:15:47.255+0000] {processor.py:840} INFO - DAG(s) '03_getting_started_data_pipeline' retrieved from /opt/airflow/dags/dag_03_data_pipeline.py
[2026-06-16T14:15:47.311+0000] {logging_mixin.py:188} INFO - [2026-06-16T14:15:47.310+0000] {dag.py:3089} INFO - Sync 1 DAGs
[2026-06-16T14:15:47.328+0000] {logging_mixin.py:188} INFO - [2026-06-16T14:15:47.327+0000] {dag.py:3947} INFO - Setting next_dagrun for 03_getting_started_data_pipeline to None, run_after=None
[2026-06-16T14:15:47.352+0000] {processor.py:183} INFO - Processing /opt/airflow/dags/dag_03_data_pipeline.py took 0.122 seconds
[2026-06-16T14:16:17.478+0000] {processor.py:161} INFO - Started process (PID=9506) to work on /opt/airflow/dags/dag_03_data_pipeline.py
[2026-06-16T14:16:17.479+0000] {processor.py:830} INFO - Processing file /opt/airflow/dags/dag_03_data_pipeline.py for tasks to queue
[2026-06-16T14:16:17.482+0000] {logging_mixin.py:188} INFO - [2026-06-16T14:16:17.482+0000] {dagbag.py:545} INFO - Filling up the DagBag from /opt/airflow/dags/dag_03_data_pipeline.py
[2026-06-16T14:16:17.497+0000] {processor.py:840} INFO - DAG(s) '03_getting_started_data_pipeline' retrieved from /opt/airflow/dags/dag_03_data_pipeline.py
[2026-06-16T14:16:17.540+0000] {logging_mixin.py:188} INFO - [2026-06-16T14:16:17.539+0000] {dag.py:3089} INFO - Sync 1 DAGs
[2026-06-16T14:16:17.554+0000] {logging_mixin.py:188} INFO - [2026-06-16T14:16:17.554+0000] {dag.py:3947} INFO - Setting next_dagrun for 03_getting_started_data_pipeline to None, run_after=None
[2026-06-16T14:16:17.583+0000] {processor.py:183} INFO - Processing /opt/airflow/dags/dag_03_data_pipeline.py took 0.115 seconds
[2026-06-16T14:16:47.674+0000] {processor.py:161} INFO - Started process (PID=9547) to work on /opt/airflow/dags/dag_03_data_pipeline.py
[2026-06-16T14:16:47.674+0000] {processor.py:830} INFO - Processing file /opt/airflow/dags/dag_03_data_pipeline.py for tasks to queue
[2026-06-16T14:16:47.676+0000] {logging_mixin.py:188} INFO - [2026-06-16T14:16:47.676+0000] {dagbag.py:545} INFO - Filling up the DagBag from /opt/airflow/dags/dag_03_data_pipeline.py
[2026-06-16T14:16:47.689+0000] {processor.py:840} INFO - DAG(s) '03_getting_started_data_pipeline' retrieved from /opt/airflow/dags/dag_03_data_pipeline.py
[2026-06-16T14:16:47.738+0000] {logging_mixin.py:188} INFO - [2026-06-16T14:16:47.738+0000] {dag.py:3089} INFO - Sync 1 DAGs
[2026-06-16T14:16:47.753+0000] {logging_mixin.py:188} INFO - [2026-06-16T14:16:47.752+0000] {dag.py:3947} INFO - Setting next_dagrun for 03_getting_started_data_pipeline to None, run_after=None
[2026-06-16T14:16:47.776+0000] {processor.py:183} INFO - Processing /opt/airflow/dags/dag_03_data_pipeline.py took 0.111 seconds
[2026-06-16T14:17:17.892+0000] {processor.py:161} INFO - Started process (PID=9588) to work on /opt/airflow/dags/dag_03_data_pipeline.py
[2026-06-16T14:17:17.893+0000] {processor.py:830} INFO - Processing file /opt/airflow/dags/dag_03_data_pipeline.py for tasks to queue
[2026-06-16T14:17:17.895+0000] {logging_mixin.py:188} INFO - [2026-06-16T14:17:17.895+0000] {dagbag.py:545} INFO - Filling up the DagBag from /opt/airflow/dags/dag_03_data_pipeline.py
[2026-06-16T14:17:17.905+0000] {processor.py:840} INFO - DAG(s) '03_getting_started_data_pipeline' retrieved from /opt/airflow/dags/dag_03_data_pipeline.py
[2026-06-16T14:17:17.950+0000] {logging_mixin.py:188} INFO - [2026-06-16T14:17:17.950+0000] {dag.py:3089} INFO - Sync 1 DAGs
[2026-06-16T14:17:17.965+0000] {logging_mixin.py:188} INFO - [2026-06-16T14:17:17.964+0000] {dag.py:3947} INFO - Setting next_dagrun for 03_getting_started_data_pipeline to None, run_after=None
[2026-06-16T14:17:17.992+0000] {processor.py:183} INFO - Processing /opt/airflow/dags/dag_03_data_pipeline.py took 0.108 seconds
[2026-06-16T14:17:48.051+0000] {processor.py:161} INFO - Started process (PID=9626) to work on /opt/airflow/dags/dag_03_data_pipeline.py
[2026-06-16T14:17:48.053+0000] {processor.py:830} INFO - Processing file /opt/airflow/dags/dag_03_data_pipeline.py for tasks to queue
[2026-06-16T14:17:48.056+0000] {logging_mixin.py:188} INFO - [2026-06-16T14:17:48.056+0000] {dagbag.py:545} INFO - Filling up the DagBag from /opt/airflow/dags/dag_03_data_pipeline.py
[2026-06-16T14:17:48.072+0000] {processor.py:840} INFO - DAG(s) '03_getting_started_data_pipeline' retrieved from /opt/airflow/dags/dag_03_data_pipeline.py
[2026-06-16T14:17:48.132+0000] {logging_mixin.py:188} INFO - [2026-06-16T14:17:48.132+0000] {dag.py:3089} INFO - Sync 1 DAGs
[2026-06-16T14:17:48.147+0000] {logging_mixin.py:188} INFO - [2026-06-16T14:17:48.146+0000] {dag.py:3947} INFO - Setting next_dagrun for 03_getting_started_data_pipeline to None, run_after=None
[2026-06-16T14:17:48.170+0000] {processor.py:183} INFO - Processing /opt/airflow/dags/dag_03_data_pipeline.py took 0.129 seconds
[2026-06-16T14:18:18.257+0000] {processor.py:161} INFO - Started process (PID=9666) to work on /opt/airflow/dags/dag_03_data_pipeline.py
[2026-06-16T14:18:18.259+0000] {processor.py:830} INFO - Processing file /opt/airflow/dags/dag_03_data_pipeline.py for tasks to queue
[2026-06-16T14:18:18.261+0000] {logging_mixin.py:188} INFO - [2026-06-16T14:18:18.261+0000] {dagbag.py:545} INFO - Filling up the DagBag from /opt/airflow/dags/dag_03_data_pipeline.py
[2026-06-16T14:18:18.273+0000] {processor.py:840} INFO - DAG(s) '03_getting_started_data_pipeline' retrieved from /opt/airflow/dags/dag_03_data_pipeline.py
[2026-06-16T14:18:18.329+0000] {logging_mixin.py:188} INFO - [2026-06-16T14:18:18.329+0000] {dag.py:3089} INFO - Sync 1 DAGs
[2026-06-16T14:18:18.350+0000] {logging_mixin.py:188} INFO - [2026-06-16T14:18:18.350+0000] {dag.py:3947} INFO - Setting next_dagrun for 03_getting_started_data_pipeline to None, run_after=None
[2026-06-16T14:18:18.378+0000] {processor.py:183} INFO - Processing /opt/airflow/dags/dag_03_data_pipeline.py took 0.131 seconds
[2026-06-16T14:18:49.034+0000] {processor.py:161} INFO - Started process (PID=9703) to work on /opt/airflow/dags/dag_03_data_pipeline.py
[2026-06-16T14:18:49.035+0000] {processor.py:830} INFO - Processing file /opt/airflow/dags/dag_03_data_pipeline.py for tasks to queue
[2026-06-16T14:18:49.038+0000] {logging_mixin.py:188} INFO - [2026-06-16T14:18:49.037+0000] {dagbag.py:545} INFO - Filling up the DagBag from /opt/airflow/dags/dag_03_data_pipeline.py
[2026-06-16T14:18:49.052+0000] {processor.py:840} INFO - DAG(s) '03_getting_started_data_pipeline' retrieved from /opt/airflow/dags/dag_03_data_pipeline.py
[2026-06-16T14:18:49.102+0000] {logging_mixin.py:188} INFO - [2026-06-16T14:18:49.102+0000] {dag.py:3089} INFO - Sync 1 DAGs
[2026-06-16T14:18:49.119+0000] {logging_mixin.py:188} INFO - [2026-06-16T14:18:49.119+0000] {dag.py:3947} INFO - Setting next_dagrun for 03_getting_started_data_pipeline to None, run_after=None
[2026-06-16T14:18:49.144+0000] {processor.py:183} INFO - Processing /opt/airflow/dags/dag_03_data_pipeline.py took 0.120 seconds
[2026-06-16T14:19:19.199+0000] {processor.py:161} INFO - Started process (PID=9743) to work on /opt/airflow/dags/dag_03_data_pipeline.py
[2026-06-16T14:19:19.210+0000] {processor.py:830} INFO - Processing file /opt/airflow/dags/dag_03_data_pipeline.py for tasks to queue
[2026-06-16T14:19:19.212+0000] {logging_mixin.py:188} INFO - [2026-06-16T14:19:19.212+0000] {dagbag.py:545} INFO - Filling up the DagBag from /opt/airflow/dags/dag_03_data_pipeline.py
[2026-06-16T14:19:19.223+0000] {processor.py:840} INFO - DAG(s) '03_getting_started_data_pipeline' retrieved from /opt/airflow/dags/dag_03_data_pipeline.py
[2026-06-16T14:19:19.275+0000] {logging_mixin.py:188} INFO - [2026-06-16T14:19:19.275+0000] {dag.py:3089} INFO - Sync 1 DAGs
[2026-06-16T14:19:19.294+0000] {logging_mixin.py:188} INFO - [2026-06-16T14:19:19.293+0000] {dag.py:3947} INFO - Setting next_dagrun for 03_getting_started_data_pipeline to None, run_after=None
[2026-06-16T14:19:19.323+0000] {processor.py:183} INFO - Processing /opt/airflow/dags/dag_03_data_pipeline.py took 0.134 seconds
[2026-06-16T14:19:49.441+0000] {processor.py:161} INFO - Started process (PID=9788) to work on /opt/airflow/dags/dag_03_data_pipeline.py
[2026-06-16T14:19:49.442+0000] {processor.py:830} INFO - Processing file /opt/airflow/dags/dag_03_data_pipeline.py for tasks to queue
[2026-06-16T14:19:49.443+0000] {logging_mixin.py:188} INFO - [2026-06-16T14:19:49.443+0000] {dagbag.py:545} INFO - Filling up the DagBag from /opt/airflow/dags/dag_03_data_pipeline.py
[2026-06-16T14:19:49.453+0000] {processor.py:840} INFO - DAG(s) '03_getting_started_data_pipeline' retrieved from /opt/airflow/dags/dag_03_data_pipeline.py
[2026-06-16T14:19:49.494+0000] {logging_mixin.py:188} INFO - [2026-06-16T14:19:49.494+0000] {dag.py:3089} INFO - Sync 1 DAGs
[2026-06-16T14:19:49.507+0000] {logging_mixin.py:188} INFO - [2026-06-16T14:19:49.507+0000] {dag.py:3947} INFO - Setting next_dagrun for 03_getting_started_data_pipeline to None, run_after=None
[2026-06-16T14:19:49.529+0000] {processor.py:183} INFO - Processing /opt/airflow/dags/dag_03_data_pipeline.py took 0.096 seconds
[2026-06-16T14:20:19.648+0000] {processor.py:161} INFO - Started process (PID=9828) to work on /opt/airflow/dags/dag_03_data_pipeline.py
[2026-06-16T14:20:19.649+0000] {processor.py:830} INFO - Processing file /opt/airflow/dags/dag_03_data_pipeline.py for tasks to queue
[2026-06-16T14:20:19.651+0000] {logging_mixin.py:188} INFO - [2026-06-16T14:20:19.651+0000] {dagbag.py:545} INFO - Filling up the DagBag from /opt/airflow/dags/dag_03_data_pipeline.py
[2026-06-16T14:20:19.661+0000] {processor.py:840} INFO - DAG(s) '03_getting_started_data_pipeline' retrieved from /opt/airflow/dags/dag_03_data_pipeline.py
[2026-06-16T14:20:19.702+0000] {logging_mixin.py:188} INFO - [2026-06-16T14:20:19.702+0000] {dag.py:3089} INFO - Sync 1 DAGs
[2026-06-16T14:20:19.715+0000] {logging_mixin.py:188} INFO - [2026-06-16T14:20:19.715+0000] {dag.py:3947} INFO - Setting next_dagrun for 03_getting_started_data_pipeline to None, run_after=None
[2026-06-16T14:20:19.737+0000] {processor.py:183} INFO - Processing /opt/airflow/dags/dag_03_data_pipeline.py took 0.097 seconds
[2026-06-16T14:20:49.836+0000] {processor.py:161} INFO - Started process (PID=9868) to work on /opt/airflow/dags/dag_03_data_pipeline.py
[2026-06-16T14:20:49.837+0000] {processor.py:830} INFO - Processing file /opt/airflow/dags/dag_03_data_pipeline.py for tasks to queue
[2026-06-16T14:20:49.839+0000] {logging_mixin.py:188} INFO - [2026-06-16T14:20:49.839+0000] {dagbag.py:545} INFO - Filling up the DagBag from /opt/airflow/dags/dag_03_data_pipeline.py
[2026-06-16T14:20:49.850+0000] {processor.py:840} INFO - DAG(s) '03_getting_started_data_pipeline' retrieved from /opt/airflow/dags/dag_03_data_pipeline.py
[2026-06-16T14:20:49.890+0000] {logging_mixin.py:188} INFO - [2026-06-16T14:20:49.890+0000] {dag.py:3089} INFO - Sync 1 DAGs
[2026-06-16T14:20:49.903+0000] {logging_mixin.py:188} INFO - [2026-06-16T14:20:49.903+0000] {dag.py:3947} INFO - Setting next_dagrun for 03_getting_started_data_pipeline to None, run_after=None
[2026-06-16T14:20:49.924+0000] {processor.py:183} INFO - Processing /opt/airflow/dags/dag_03_data_pipeline.py took 0.094 seconds
[2026-06-16T14:21:20.022+0000] {processor.py:161} INFO - Started process (PID=9908) to work on /opt/airflow/dags/dag_03_data_pipeline.py
[2026-06-16T14:21:20.024+0000] {processor.py:830} INFO - Processing file /opt/airflow/dags/dag_03_data_pipeline.py for tasks to queue
[2026-06-16T14:21:20.025+0000] {logging_mixin.py:188} INFO - [2026-06-16T14:21:20.025+0000] {dagbag.py:545} INFO - Filling up the DagBag from /opt/airflow/dags/dag_03_data_pipeline.py
[2026-06-16T14:21:20.036+0000] {processor.py:840} INFO - DAG(s) '03_getting_started_data_pipeline' retrieved from /opt/airflow/dags/dag_03_data_pipeline.py
[2026-06-16T14:21:20.076+0000] {logging_mixin.py:188} INFO - [2026-06-16T14:21:20.076+0000] {dag.py:3089} INFO - Sync 1 DAGs
[2026-06-16T14:21:20.089+0000] {logging_mixin.py:188} INFO - [2026-06-16T14:21:20.088+0000] {dag.py:3947} INFO - Setting next_dagrun for 03_getting_started_data_pipeline to None, run_after=None
[2026-06-16T14:21:20.109+0000] {processor.py:183} INFO - Processing /opt/airflow/dags/dag_03_data_pipeline.py took 0.094 seconds
[2026-06-16T14:21:50.241+0000] {processor.py:161} INFO - Started process (PID=9943) to work on /opt/airflow/dags/dag_03_data_pipeline.py
[2026-06-16T14:21:50.243+0000] {processor.py:830} INFO - Processing file /opt/airflow/dags/dag_03_data_pipeline.py for tasks to queue
[2026-06-16T14:21:50.245+0000] {logging_mixin.py:188} INFO - [2026-06-16T14:21:50.245+0000] {dagbag.py:545} INFO - Filling up the DagBag from /opt/airflow/dags/dag_03_data_pipeline.py
[2026-06-16T14:21:50.260+0000] {processor.py:840} INFO - DAG(s) '03_getting_started_data_pipeline' retrieved from /opt/airflow/dags/dag_03_data_pipeline.py
[2026-06-16T14:21:50.344+0000] {logging_mixin.py:188} INFO - [2026-06-16T14:21:50.344+0000] {dag.py:3089} INFO - Sync 1 DAGs
[2026-06-16T14:21:50.367+0000] {logging_mixin.py:188} INFO - [2026-06-16T14:21:50.367+0000] {dag.py:3947} INFO - Setting next_dagrun for 03_getting_started_data_pipeline to None, run_after=None
[2026-06-16T14:21:50.399+0000] {processor.py:183} INFO - Processing /opt/airflow/dags/dag_03_data_pipeline.py took 0.166 seconds
[2026-06-16T14:22:21.281+0000] {processor.py:161} INFO - Started process (PID=9983) to work on /opt/airflow/dags/dag_03_data_pipeline.py
[2026-06-16T14:22:21.283+0000] {processor.py:830} INFO - Processing file /opt/airflow/dags/dag_03_data_pipeline.py for tasks to queue
[2026-06-16T14:22:21.285+0000] {logging_mixin.py:188} INFO - [2026-06-16T14:22:21.285+0000] {dagbag.py:545} INFO - Filling up the DagBag from /opt/airflow/dags/dag_03_data_pipeline.py
[2026-06-16T14:22:21.298+0000] {processor.py:840} INFO - DAG(s) '03_getting_started_data_pipeline' retrieved from /opt/airflow/dags/dag_03_data_pipeline.py
[2026-06-16T14:22:21.346+0000] {logging_mixin.py:188} INFO - [2026-06-16T14:22:21.345+0000] {dag.py:3089} INFO - Sync 1 DAGs
[2026-06-16T14:22:21.364+0000] {logging_mixin.py:188} INFO - [2026-06-16T14:22:21.364+0000] {dag.py:3947} INFO - Setting next_dagrun for 03_getting_started_data_pipeline to None, run_after=None
[2026-06-16T14:22:21.391+0000] {processor.py:183} INFO - Processing /opt/airflow/dags/dag_03_data_pipeline.py took 0.120 seconds
[2026-06-16T14:22:51.527+0000] {processor.py:161} INFO - Started process (PID=10023) to work on /opt/airflow/dags/dag_03_data_pipeline.py
[2026-06-16T14:22:51.528+0000] {processor.py:830} INFO - Processing file /opt/airflow/dags/dag_03_data_pipeline.py for tasks to queue
[2026-06-16T14:22:51.530+0000] {logging_mixin.py:188} INFO - [2026-06-16T14:22:51.530+0000] {dagbag.py:545} INFO - Filling up the DagBag from /opt/airflow/dags/dag_03_data_pipeline.py
[2026-06-16T14:22:51.542+0000] {processor.py:840} INFO - DAG(s) '03_getting_started_data_pipeline' retrieved from /opt/airflow/dags/dag_03_data_pipeline.py
[2026-06-16T14:22:51.596+0000] {logging_mixin.py:188} INFO - [2026-06-16T14:22:51.596+0000] {dag.py:3089} INFO - Sync 1 DAGs
[2026-06-16T14:22:51.621+0000] {logging_mixin.py:188} INFO - [2026-06-16T14:22:51.620+0000] {dag.py:3947} INFO - Setting next_dagrun for 03_getting_started_data_pipeline to None, run_after=None
[2026-06-16T14:22:51.655+0000] {processor.py:183} INFO - Processing /opt/airflow/dags/dag_03_data_pipeline.py took 0.138 seconds
[2026-06-16T14:23:21.783+0000] {processor.py:161} INFO - Started process (PID=10068) to work on /opt/airflow/dags/dag_03_data_pipeline.py
[2026-06-16T14:23:21.785+0000] {processor.py:830} INFO - Processing file /opt/airflow/dags/dag_03_data_pipeline.py for tasks to queue
[2026-06-16T14:23:21.787+0000] {logging_mixin.py:188} INFO - [2026-06-16T14:23:21.786+0000] {dagbag.py:545} INFO - Filling up the DagBag from /opt/airflow/dags/dag_03_data_pipeline.py
[2026-06-16T14:23:21.796+0000] {processor.py:840} INFO - DAG(s) '03_getting_started_data_pipeline' retrieved from /opt/airflow/dags/dag_03_data_pipeline.py
[2026-06-16T14:23:21.840+0000] {logging_mixin.py:188} INFO - [2026-06-16T14:23:21.840+0000] {dag.py:3089} INFO - Sync 1 DAGs
[2026-06-16T14:23:21.854+0000] {logging_mixin.py:188} INFO - [2026-06-16T14:23:21.854+0000] {dag.py:3947} INFO - Setting next_dagrun for 03_getting_started_data_pipeline to None, run_after=None
[2026-06-16T14:23:21.878+0000] {processor.py:183} INFO - Processing /opt/airflow/dags/dag_03_data_pipeline.py took 0.101 seconds
[2026-06-16T14:23:52.652+0000] {processor.py:161} INFO - Started process (PID=10103) to work on /opt/airflow/dags/dag_03_data_pipeline.py
[2026-06-16T14:23:52.664+0000] {processor.py:830} INFO - Processing file /opt/airflow/dags/dag_03_data_pipeline.py for tasks to queue
[2026-06-16T14:23:52.666+0000] {logging_mixin.py:188} INFO - [2026-06-16T14:23:52.665+0000] {dagbag.py:545} INFO - Filling up the DagBag from /opt/airflow/dags/dag_03_data_pipeline.py
[2026-06-16T14:23:52.676+0000] {processor.py:840} INFO - DAG(s) '03_getting_started_data_pipeline' retrieved from /opt/airflow/dags/dag_03_data_pipeline.py
[2026-06-16T14:23:52.721+0000] {logging_mixin.py:188} INFO - [2026-06-16T14:23:52.720+0000] {dag.py:3089} INFO - Sync 1 DAGs
[2026-06-16T14:23:52.742+0000] {logging_mixin.py:188} INFO - [2026-06-16T14:23:52.741+0000] {dag.py:3947} INFO - Setting next_dagrun for 03_getting_started_data_pipeline to None, run_after=None
[2026-06-16T14:23:52.774+0000] {processor.py:183} INFO - Processing /opt/airflow/dags/dag_03_data_pipeline.py took 0.132 seconds
[2026-06-16T14:24:22.894+0000] {processor.py:161} INFO - Started process (PID=10148) to work on /opt/airflow/dags/dag_03_data_pipeline.py
[2026-06-16T14:24:22.895+0000] {processor.py:830} INFO - Processing file /opt/airflow/dags/dag_03_data_pipeline.py for tasks to queue
[2026-06-16T14:24:22.897+0000] {logging_mixin.py:188} INFO - [2026-06-16T14:24:22.896+0000] {dagbag.py:545} INFO - Filling up the DagBag from /opt/airflow/dags/dag_03_data_pipeline.py
[2026-06-16T14:24:22.907+0000] {processor.py:840} INFO - DAG(s) '03_getting_started_data_pipeline' retrieved from /opt/airflow/dags/dag_03_data_pipeline.py
[2026-06-16T14:24:22.948+0000] {logging_mixin.py:188} INFO - [2026-06-16T14:24:22.947+0000] {dag.py:3089} INFO - Sync 1 DAGs
[2026-06-16T14:24:22.961+0000] {logging_mixin.py:188} INFO - [2026-06-16T14:24:22.960+0000] {dag.py:3947} INFO - Setting next_dagrun for 03_getting_started_data_pipeline to None, run_after=None
[2026-06-16T14:24:22.983+0000] {processor.py:183} INFO - Processing /opt/airflow/dags/dag_03_data_pipeline.py took 0.096 seconds
[2026-06-16T14:24:53.033+0000] {processor.py:161} INFO - Started process (PID=10188) to work on /opt/airflow/dags/dag_03_data_pipeline.py
[2026-06-16T14:24:53.034+0000] {processor.py:830} INFO - Processing file /opt/airflow/dags/dag_03_data_pipeline.py for tasks to queue
[2026-06-16T14:24:53.035+0000] {logging_mixin.py:188} INFO - [2026-06-16T14:24:53.035+0000] {dagbag.py:545} INFO - Filling up the DagBag from /opt/airflow/dags/dag_03_data_pipeline.py
[2026-06-16T14:24:53.045+0000] {processor.py:840} INFO - DAG(s) '03_getting_started_data_pipeline' retrieved from /opt/airflow/dags/dag_03_data_pipeline.py
[2026-06-16T14:24:53.087+0000] {logging_mixin.py:188} INFO - [2026-06-16T14:24:53.087+0000] {dag.py:3089} INFO - Sync 1 DAGs
[2026-06-16T14:24:53.101+0000] {logging_mixin.py:188} INFO - [2026-06-16T14:24:53.101+0000] {dag.py:3947} INFO - Setting next_dagrun for 03_getting_started_data_pipeline to None, run_after=None
[2026-06-16T14:24:53.122+0000] {processor.py:183} INFO - Processing /opt/airflow/dags/dag_03_data_pipeline.py took 0.096 seconds
[2026-06-16T14:25:23.969+0000] {processor.py:161} INFO - Started process (PID=10223) to work on /opt/airflow/dags/dag_03_data_pipeline.py
[2026-06-16T14:25:23.971+0000] {processor.py:830} INFO - Processing file /opt/airflow/dags/dag_03_data_pipeline.py for tasks to queue
[2026-06-16T14:25:23.973+0000] {logging_mixin.py:188} INFO - [2026-06-16T14:25:23.973+0000] {dagbag.py:545} INFO - Filling up the DagBag from /opt/airflow/dags/dag_03_data_pipeline.py
[2026-06-16T14:25:23.984+0000] {processor.py:840} INFO - DAG(s) '03_getting_started_data_pipeline' retrieved from /opt/airflow/dags/dag_03_data_pipeline.py
[2026-06-16T14:25:24.031+0000] {logging_mixin.py:188} INFO - [2026-06-16T14:25:24.031+0000] {dag.py:3089} INFO - Sync 1 DAGs
[2026-06-16T14:25:24.048+0000] {logging_mixin.py:188} INFO - [2026-06-16T14:25:24.048+0000] {dag.py:3947} INFO - Setting next_dagrun for 03_getting_started_data_pipeline to None, run_after=None
[2026-06-16T14:25:24.074+0000] {processor.py:183} INFO - Processing /opt/airflow/dags/dag_03_data_pipeline.py took 0.115 seconds
[2026-06-16T14:25:54.944+0000] {processor.py:161} INFO - Started process (PID=10263) to work on /opt/airflow/dags/dag_03_data_pipeline.py
[2026-06-16T14:25:54.946+0000] {processor.py:830} INFO - Processing file /opt/airflow/dags/dag_03_data_pipeline.py for tasks to queue
[2026-06-16T14:25:54.949+0000] {logging_mixin.py:188} INFO - [2026-06-16T14:25:54.948+0000] {dagbag.py:545} INFO - Filling up the DagBag from /opt/airflow/dags/dag_03_data_pipeline.py
[2026-06-16T14:25:54.963+0000] {processor.py:840} INFO - DAG(s) '03_getting_started_data_pipeline' retrieved from /opt/airflow/dags/dag_03_data_pipeline.py
[2026-06-16T14:25:55.014+0000] {logging_mixin.py:188} INFO - [2026-06-16T14:25:55.013+0000] {dag.py:3089} INFO - Sync 1 DAGs
[2026-06-16T14:25:55.039+0000] {logging_mixin.py:188} INFO - [2026-06-16T14:25:55.038+0000] {dag.py:3947} INFO - Setting next_dagrun for 03_getting_started_data_pipeline to None, run_after=None
[2026-06-16T14:25:55.062+0000] {processor.py:183} INFO - Processing /opt/airflow/dags/dag_03_data_pipeline.py took 0.131 seconds
[2026-06-16T14:26:25.171+0000] {processor.py:161} INFO - Started process (PID=10303) to work on /opt/airflow/dags/dag_03_data_pipeline.py
[2026-06-16T14:26:25.182+0000] {processor.py:830} INFO - Processing file /opt/airflow/dags/dag_03_data_pipeline.py for tasks to queue
[2026-06-16T14:26:25.184+0000] {logging_mixin.py:188} INFO - [2026-06-16T14:26:25.184+0000] {dagbag.py:545} INFO - Filling up the DagBag from /opt/airflow/dags/dag_03_data_pipeline.py
[2026-06-16T14:26:25.195+0000] {processor.py:840} INFO - DAG(s) '03_getting_started_data_pipeline' retrieved from /opt/airflow/dags/dag_03_data_pipeline.py
[2026-06-16T14:26:25.244+0000] {logging_mixin.py:188} INFO - [2026-06-16T14:26:25.244+0000] {dag.py:3089} INFO - Sync 1 DAGs
[2026-06-16T14:26:25.263+0000] {logging_mixin.py:188} INFO - [2026-06-16T14:26:25.263+0000] {dag.py:3947} INFO - Setting next_dagrun for 03_getting_started_data_pipeline to None, run_after=None
[2026-06-16T14:26:25.289+0000] {processor.py:183} INFO - Processing /opt/airflow/dags/dag_03_data_pipeline.py took 0.127 seconds
[2026-06-16T14:26:55.375+0000] {processor.py:161} INFO - Started process (PID=10343) to work on /opt/airflow/dags/dag_03_data_pipeline.py
[2026-06-16T14:26:55.376+0000] {processor.py:830} INFO - Processing file /opt/airflow/dags/dag_03_data_pipeline.py for tasks to queue
[2026-06-16T14:26:55.378+0000] {logging_mixin.py:188} INFO - [2026-06-16T14:26:55.377+0000] {dagbag.py:545} INFO - Filling up the DagBag from /opt/airflow/dags/dag_03_data_pipeline.py
[2026-06-16T14:26:55.392+0000] {processor.py:840} INFO - DAG(s) '03_getting_started_data_pipeline' retrieved from /opt/airflow/dags/dag_03_data_pipeline.py
[2026-06-16T14:26:55.447+0000] {logging_mixin.py:188} INFO - [2026-06-16T14:26:55.447+0000] {dag.py:3089} INFO - Sync 1 DAGs
[2026-06-16T14:26:55.473+0000] {logging_mixin.py:188} INFO - [2026-06-16T14:26:55.472+0000] {dag.py:3947} INFO - Setting next_dagrun for 03_getting_started_data_pipeline to None, run_after=None
[2026-06-16T14:26:55.497+0000] {processor.py:183} INFO - Processing /opt/airflow/dags/dag_03_data_pipeline.py took 0.136 seconds
[2026-06-16T14:27:25.610+0000] {processor.py:161} INFO - Started process (PID=10383) to work on /opt/airflow/dags/dag_03_data_pipeline.py
[2026-06-16T14:27:25.620+0000] {processor.py:830} INFO - Processing file /opt/airflow/dags/dag_03_data_pipeline.py for tasks to queue
[2026-06-16T14:27:25.622+0000] {logging_mixin.py:188} INFO - [2026-06-16T14:27:25.622+0000] {dagbag.py:545} INFO - Filling up the DagBag from /opt/airflow/dags/dag_03_data_pipeline.py
[2026-06-16T14:27:25.632+0000] {processor.py:840} INFO - DAG(s) '03_getting_started_data_pipeline' retrieved from /opt/airflow/dags/dag_03_data_pipeline.py
[2026-06-16T14:27:25.683+0000] {logging_mixin.py:188} INFO - [2026-06-16T14:27:25.683+0000] {dag.py:3089} INFO - Sync 1 DAGs
[2026-06-16T14:27:25.706+0000] {logging_mixin.py:188} INFO - [2026-06-16T14:27:25.705+0000] {dag.py:3947} INFO - Setting next_dagrun for 03_getting_started_data_pipeline to None, run_after=None
[2026-06-16T14:27:25.731+0000] {processor.py:183} INFO - Processing /opt/airflow/dags/dag_03_data_pipeline.py took 0.133 seconds
[2026-06-16T14:27:55.837+0000] {processor.py:161} INFO - Started process (PID=10423) to work on /opt/airflow/dags/dag_03_data_pipeline.py
[2026-06-16T14:27:55.838+0000] {processor.py:830} INFO - Processing file /opt/airflow/dags/dag_03_data_pipeline.py for tasks to queue
[2026-06-16T14:27:55.840+0000] {logging_mixin.py:188} INFO - [2026-06-16T14:27:55.840+0000] {dagbag.py:545} INFO - Filling up the DagBag from /opt/airflow/dags/dag_03_data_pipeline.py
[2026-06-16T14:27:55.851+0000] {processor.py:840} INFO - DAG(s) '03_getting_started_data_pipeline' retrieved from /opt/airflow/dags/dag_03_data_pipeline.py
[2026-06-16T14:27:55.897+0000] {logging_mixin.py:188} INFO - [2026-06-16T14:27:55.896+0000] {dag.py:3089} INFO - Sync 1 DAGs
[2026-06-16T14:27:55.917+0000] {logging_mixin.py:188} INFO - [2026-06-16T14:27:55.917+0000] {dag.py:3947} INFO - Setting next_dagrun for 03_getting_started_data_pipeline to None, run_after=None
[2026-06-16T14:27:55.945+0000] {processor.py:183} INFO - Processing /opt/airflow/dags/dag_03_data_pipeline.py took 0.118 seconds
[2026-06-16T14:28:26.091+0000] {processor.py:161} INFO - Started process (PID=10463) to work on /opt/airflow/dags/dag_03_data_pipeline.py
[2026-06-16T14:28:26.093+0000] {processor.py:830} INFO - Processing file /opt/airflow/dags/dag_03_data_pipeline.py for tasks to queue
[2026-06-16T14:28:26.096+0000] {logging_mixin.py:188} INFO - [2026-06-16T14:28:26.095+0000] {dagbag.py:545} INFO - Filling up the DagBag from /opt/airflow/dags/dag_03_data_pipeline.py
[2026-06-16T14:28:26.109+0000] {processor.py:840} INFO - DAG(s) '03_getting_started_data_pipeline' retrieved from /opt/airflow/dags/dag_03_data_pipeline.py
[2026-06-16T14:28:26.168+0000] {logging_mixin.py:188} INFO - [2026-06-16T14:28:26.168+0000] {dag.py:3089} INFO - Sync 1 DAGs
[2026-06-16T14:28:26.192+0000] {logging_mixin.py:188} INFO - [2026-06-16T14:28:26.192+0000] {dag.py:3947} INFO - Setting next_dagrun for 03_getting_started_data_pipeline to None, run_after=None
[2026-06-16T14:28:26.221+0000] {processor.py:183} INFO - Processing /opt/airflow/dags/dag_03_data_pipeline.py took 0.142 seconds
[2026-06-16T14:28:56.292+0000] {processor.py:161} INFO - Started process (PID=10503) to work on /opt/airflow/dags/dag_03_data_pipeline.py
[2026-06-16T14:28:56.293+0000] {processor.py:830} INFO - Processing file /opt/airflow/dags/dag_03_data_pipeline.py for tasks to queue
[2026-06-16T14:28:56.295+0000] {logging_mixin.py:188} INFO - [2026-06-16T14:28:56.295+0000] {dagbag.py:545} INFO - Filling up the DagBag from /opt/airflow/dags/dag_03_data_pipeline.py
[2026-06-16T14:28:56.306+0000] {processor.py:840} INFO - DAG(s) '03_getting_started_data_pipeline' retrieved from /opt/airflow/dags/dag_03_data_pipeline.py
[2026-06-16T14:28:56.355+0000] {logging_mixin.py:188} INFO - [2026-06-16T14:28:56.355+0000] {dag.py:3089} INFO - Sync 1 DAGs
[2026-06-16T14:28:56.378+0000] {logging_mixin.py:188} INFO - [2026-06-16T14:28:56.378+0000] {dag.py:3947} INFO - Setting next_dagrun for 03_getting_started_data_pipeline to None, run_after=None
[2026-06-16T14:28:56.410+0000] {processor.py:183} INFO - Processing /opt/airflow/dags/dag_03_data_pipeline.py took 0.128 seconds
[2026-06-16T14:29:26.443+0000] {processor.py:161} INFO - Started process (PID=10543) to work on /opt/airflow/dags/dag_03_data_pipeline.py
[2026-06-16T14:29:26.453+0000] {processor.py:830} INFO - Processing file /opt/airflow/dags/dag_03_data_pipeline.py for tasks to queue
[2026-06-16T14:29:26.455+0000] {logging_mixin.py:188} INFO - [2026-06-16T14:29:26.455+0000] {dagbag.py:545} INFO - Filling up the DagBag from /opt/airflow/dags/dag_03_data_pipeline.py
[2026-06-16T14:29:26.466+0000] {processor.py:840} INFO - DAG(s) '03_getting_started_data_pipeline' retrieved from /opt/airflow/dags/dag_03_data_pipeline.py
[2026-06-16T14:29:26.511+0000] {logging_mixin.py:188} INFO - [2026-06-16T14:29:26.511+0000] {dag.py:3089} INFO - Sync 1 DAGs
[2026-06-16T14:29:26.526+0000] {logging_mixin.py:188} INFO - [2026-06-16T14:29:26.526+0000] {dag.py:3947} INFO - Setting next_dagrun for 03_getting_started_data_pipeline to None, run_after=None
[2026-06-16T14:29:26.552+0000] {processor.py:183} INFO - Processing /opt/airflow/dags/dag_03_data_pipeline.py took 0.118 seconds
[2026-06-16T14:29:56.632+0000] {processor.py:161} INFO - Started process (PID=10583) to work on /opt/airflow/dags/dag_03_data_pipeline.py
[2026-06-16T14:29:56.633+0000] {processor.py:830} INFO - Processing file /opt/airflow/dags/dag_03_data_pipeline.py for tasks to queue
[2026-06-16T14:29:56.635+0000] {logging_mixin.py:188} INFO - [2026-06-16T14:29:56.634+0000] {dagbag.py:545} INFO - Filling up the DagBag from /opt/airflow/dags/dag_03_data_pipeline.py
[2026-06-16T14:29:56.646+0000] {processor.py:840} INFO - DAG(s) '03_getting_started_data_pipeline' retrieved from /opt/airflow/dags/dag_03_data_pipeline.py
[2026-06-16T14:29:56.694+0000] {logging_mixin.py:188} INFO - [2026-06-16T14:29:56.694+0000] {dag.py:3089} INFO - Sync 1 DAGs
[2026-06-16T14:29:56.711+0000] {logging_mixin.py:188} INFO - [2026-06-16T14:29:56.711+0000] {dag.py:3947} INFO - Setting next_dagrun for 03_getting_started_data_pipeline to None, run_after=None
[2026-06-16T14:29:56.737+0000] {processor.py:183} INFO - Processing /opt/airflow/dags/dag_03_data_pipeline.py took 0.116 seconds
[2026-06-16T14:30:26.856+0000] {processor.py:161} INFO - Started process (PID=10623) to work on /opt/airflow/dags/dag_03_data_pipeline.py
[2026-06-16T14:30:26.857+0000] {processor.py:830} INFO - Processing file /opt/airflow/dags/dag_03_data_pipeline.py for tasks to queue
[2026-06-16T14:30:26.860+0000] {logging_mixin.py:188} INFO - [2026-06-16T14:30:26.859+0000] {dagbag.py:545} INFO - Filling up the DagBag from /opt/airflow/dags/dag_03_data_pipeline.py
[2026-06-16T14:30:26.871+0000] {processor.py:840} INFO - DAG(s) '03_getting_started_data_pipeline' retrieved from /opt/airflow/dags/dag_03_data_pipeline.py
[2026-06-16T14:30:26.919+0000] {logging_mixin.py:188} INFO - [2026-06-16T14:30:26.919+0000] {dag.py:3089} INFO - Sync 1 DAGs
[2026-06-16T14:30:26.936+0000] {logging_mixin.py:188} INFO - [2026-06-16T14:30:26.935+0000] {dag.py:3947} INFO - Setting next_dagrun for 03_getting_started_data_pipeline to None, run_after=None
[2026-06-16T14:30:26.962+0000] {processor.py:183} INFO - Processing /opt/airflow/dags/dag_03_data_pipeline.py took 0.116 seconds
[2026-06-16T14:30:57.952+0000] {processor.py:161} INFO - Started process (PID=10663) to work on /opt/airflow/dags/dag_03_data_pipeline.py
[2026-06-16T14:30:57.954+0000] {processor.py:830} INFO - Processing file /opt/airflow/dags/dag_03_data_pipeline.py for tasks to queue
[2026-06-16T14:30:57.956+0000] {logging_mixin.py:188} INFO - [2026-06-16T14:30:57.956+0000] {dagbag.py:545} INFO - Filling up the DagBag from /opt/airflow/dags/dag_03_data_pipeline.py
[2026-06-16T14:30:57.967+0000] {processor.py:840} INFO - DAG(s) '03_getting_started_data_pipeline' retrieved from /opt/airflow/dags/dag_03_data_pipeline.py
[2026-06-16T14:30:58.013+0000] {logging_mixin.py:188} INFO - [2026-06-16T14:30:58.013+0000] {dag.py:3089} INFO - Sync 1 DAGs
[2026-06-16T14:30:58.028+0000] {logging_mixin.py:188} INFO - [2026-06-16T14:30:58.028+0000] {dag.py:3947} INFO - Setting next_dagrun for 03_getting_started_data_pipeline to None, run_after=None
[2026-06-16T14:30:58.058+0000] {processor.py:183} INFO - Processing /opt/airflow/dags/dag_03_data_pipeline.py took 0.115 seconds
[2026-06-16T14:31:28.929+0000] {processor.py:161} INFO - Started process (PID=10703) to work on /opt/airflow/dags/dag_03_data_pipeline.py
[2026-06-16T14:31:28.940+0000] {processor.py:830} INFO - Processing file /opt/airflow/dags/dag_03_data_pipeline.py for tasks to queue
[2026-06-16T14:31:28.943+0000] {logging_mixin.py:188} INFO - [2026-06-16T14:31:28.943+0000] {dagbag.py:545} INFO - Filling up the DagBag from /opt/airflow/dags/dag_03_data_pipeline.py
[2026-06-16T14:31:28.964+0000] {processor.py:840} INFO - DAG(s) '03_getting_started_data_pipeline' retrieved from /opt/airflow/dags/dag_03_data_pipeline.py
[2026-06-16T14:31:29.024+0000] {logging_mixin.py:188} INFO - [2026-06-16T14:31:29.023+0000] {dag.py:3089} INFO - Sync 1 DAGs
[2026-06-16T14:31:29.042+0000] {logging_mixin.py:188} INFO - [2026-06-16T14:31:29.041+0000] {dag.py:3947} INFO - Setting next_dagrun for 03_getting_started_data_pipeline to None, run_after=None
[2026-06-16T14:31:29.065+0000] {processor.py:183} INFO - Processing /opt/airflow/dags/dag_03_data_pipeline.py took 0.147 seconds
[2026-06-16T14:31:59.577+0000] {processor.py:161} INFO - Started process (PID=10743) to work on /opt/airflow/dags/dag_03_data_pipeline.py
[2026-06-16T14:31:59.579+0000] {processor.py:830} INFO - Processing file /opt/airflow/dags/dag_03_data_pipeline.py for tasks to queue
[2026-06-16T14:31:59.581+0000] {logging_mixin.py:188} INFO - [2026-06-16T14:31:59.580+0000] {dagbag.py:545} INFO - Filling up the DagBag from /opt/airflow/dags/dag_03_data_pipeline.py
[2026-06-16T14:31:59.591+0000] {processor.py:840} INFO - DAG(s) '03_getting_started_data_pipeline' retrieved from /opt/airflow/dags/dag_03_data_pipeline.py
[2026-06-16T14:31:59.635+0000] {logging_mixin.py:188} INFO - [2026-06-16T14:31:59.635+0000] {dag.py:3089} INFO - Sync 1 DAGs
[2026-06-16T14:31:59.649+0000] {logging_mixin.py:188} INFO - [2026-06-16T14:31:59.649+0000] {dag.py:3947} INFO - Setting next_dagrun for 03_getting_started_data_pipeline to None, run_after=None
[2026-06-16T14:31:59.676+0000] {processor.py:183} INFO - Processing /opt/airflow/dags/dag_03_data_pipeline.py took 0.109 seconds
[2026-06-16T14:32:30.512+0000] {processor.py:161} INFO - Started process (PID=10783) to work on /opt/airflow/dags/dag_03_data_pipeline.py
[2026-06-16T14:32:30.524+0000] {processor.py:830} INFO - Processing file /opt/airflow/dags/dag_03_data_pipeline.py for tasks to queue
[2026-06-16T14:32:30.526+0000] {logging_mixin.py:188} INFO - [2026-06-16T14:32:30.525+0000] {dagbag.py:545} INFO - Filling up the DagBag from /opt/airflow/dags/dag_03_data_pipeline.py
[2026-06-16T14:32:30.536+0000] {processor.py:840} INFO - DAG(s) '03_getting_started_data_pipeline' retrieved from /opt/airflow/dags/dag_03_data_pipeline.py
[2026-06-16T14:32:30.594+0000] {logging_mixin.py:188} INFO - [2026-06-16T14:32:30.594+0000] {dag.py:3089} INFO - Sync 1 DAGs
[2026-06-16T14:32:30.612+0000] {logging_mixin.py:188} INFO - [2026-06-16T14:32:30.612+0000] {dag.py:3947} INFO - Setting next_dagrun for 03_getting_started_data_pipeline to None, run_after=None
[2026-06-16T14:32:30.637+0000] {processor.py:183} INFO - Processing /opt/airflow/dags/dag_03_data_pipeline.py took 0.135 seconds
[2026-06-16T14:33:01.635+0000] {processor.py:161} INFO - Started process (PID=10823) to work on /opt/airflow/dags/dag_03_data_pipeline.py
[2026-06-16T14:33:01.636+0000] {processor.py:830} INFO - Processing file /opt/airflow/dags/dag_03_data_pipeline.py for tasks to queue
[2026-06-16T14:33:01.638+0000] {logging_mixin.py:188} INFO - [2026-06-16T14:33:01.637+0000] {dagbag.py:545} INFO - Filling up the DagBag from /opt/airflow/dags/dag_03_data_pipeline.py
[2026-06-16T14:33:01.648+0000] {processor.py:840} INFO - DAG(s) '03_getting_started_data_pipeline' retrieved from /opt/airflow/dags/dag_03_data_pipeline.py
[2026-06-16T14:33:01.697+0000] {logging_mixin.py:188} INFO - [2026-06-16T14:33:01.696+0000] {dag.py:3089} INFO - Sync 1 DAGs
[2026-06-16T14:33:01.717+0000] {logging_mixin.py:188} INFO - [2026-06-16T14:33:01.717+0000] {dag.py:3947} INFO - Setting next_dagrun for 03_getting_started_data_pipeline to None, run_after=None
[2026-06-16T14:33:01.750+0000] {processor.py:183} INFO - Processing /opt/airflow/dags/dag_03_data_pipeline.py took 0.127 seconds
[2026-06-16T14:33:31.884+0000] {processor.py:161} INFO - Started process (PID=10863) to work on /opt/airflow/dags/dag_03_data_pipeline.py
[2026-06-16T14:33:31.885+0000] {processor.py:830} INFO - Processing file /opt/airflow/dags/dag_03_data_pipeline.py for tasks to queue
[2026-06-16T14:33:31.889+0000] {logging_mixin.py:188} INFO - [2026-06-16T14:33:31.889+0000] {dagbag.py:545} INFO - Filling up the DagBag from /opt/airflow/dags/dag_03_data_pipeline.py
[2026-06-16T14:33:31.905+0000] {processor.py:840} INFO - DAG(s) '03_getting_started_data_pipeline' retrieved from /opt/airflow/dags/dag_03_data_pipeline.py
[2026-06-16T14:33:31.956+0000] {logging_mixin.py:188} INFO - [2026-06-16T14:33:31.955+0000] {dag.py:3089} INFO - Sync 1 DAGs
[2026-06-16T14:33:31.974+0000] {logging_mixin.py:188} INFO - [2026-06-16T14:33:31.973+0000] {dag.py:3947} INFO - Setting next_dagrun for 03_getting_started_data_pipeline to None, run_after=None
[2026-06-16T14:33:31.997+0000] {processor.py:183} INFO - Processing /opt/airflow/dags/dag_03_data_pipeline.py took 0.124 seconds
[2026-06-16T14:34:02.080+0000] {processor.py:161} INFO - Started process (PID=10903) to work on /opt/airflow/dags/dag_03_data_pipeline.py
[2026-06-16T14:34:02.081+0000] {processor.py:830} INFO - Processing file /opt/airflow/dags/dag_03_data_pipeline.py for tasks to queue
[2026-06-16T14:34:02.083+0000] {logging_mixin.py:188} INFO - [2026-06-16T14:34:02.083+0000] {dagbag.py:545} INFO - Filling up the DagBag from /opt/airflow/dags/dag_03_data_pipeline.py
[2026-06-16T14:34:02.097+0000] {processor.py:840} INFO - DAG(s) '03_getting_started_data_pipeline' retrieved from /opt/airflow/dags/dag_03_data_pipeline.py
[2026-06-16T14:34:02.145+0000] {logging_mixin.py:188} INFO - [2026-06-16T14:34:02.145+0000] {dag.py:3089} INFO - Sync 1 DAGs
[2026-06-16T14:34:02.164+0000] {logging_mixin.py:188} INFO - [2026-06-16T14:34:02.164+0000] {dag.py:3947} INFO - Setting next_dagrun for 03_getting_started_data_pipeline to None, run_after=None
[2026-06-16T14:34:02.190+0000] {processor.py:183} INFO - Processing /opt/airflow/dags/dag_03_data_pipeline.py took 0.120 seconds
[2026-06-16T14:34:32.285+0000] {processor.py:161} INFO - Started process (PID=10943) to work on /opt/airflow/dags/dag_03_data_pipeline.py
[2026-06-16T14:34:32.295+0000] {processor.py:830} INFO - Processing file /opt/airflow/dags/dag_03_data_pipeline.py for tasks to queue
[2026-06-16T14:34:32.297+0000] {logging_mixin.py:188} INFO - [2026-06-16T14:34:32.297+0000] {dagbag.py:545} INFO - Filling up the DagBag from /opt/airflow/dags/dag_03_data_pipeline.py
[2026-06-16T14:34:32.307+0000] {processor.py:840} INFO - DAG(s) '03_getting_started_data_pipeline' retrieved from /opt/airflow/dags/dag_03_data_pipeline.py
[2026-06-16T14:34:32.353+0000] {logging_mixin.py:188} INFO - [2026-06-16T14:34:32.353+0000] {dag.py:3089} INFO - Sync 1 DAGs
[2026-06-16T14:34:32.369+0000] {logging_mixin.py:188} INFO - [2026-06-16T14:34:32.369+0000] {dag.py:3947} INFO - Setting next_dagrun for 03_getting_started_data_pipeline to None, run_after=None
[2026-06-16T14:34:32.395+0000] {processor.py:183} INFO - Processing /opt/airflow/dags/dag_03_data_pipeline.py took 0.121 seconds
[2026-06-16T14:35:02.501+0000] {processor.py:161} INFO - Started process (PID=10983) to work on /opt/airflow/dags/dag_03_data_pipeline.py
[2026-06-16T14:35:02.502+0000] {processor.py:830} INFO - Processing file /opt/airflow/dags/dag_03_data_pipeline.py for tasks to queue
[2026-06-16T14:35:02.504+0000] {logging_mixin.py:188} INFO - [2026-06-16T14:35:02.504+0000] {dagbag.py:545} INFO - Filling up the DagBag from /opt/airflow/dags/dag_03_data_pipeline.py
[2026-06-16T14:35:02.515+0000] {processor.py:840} INFO - DAG(s) '03_getting_started_data_pipeline' retrieved from /opt/airflow/dags/dag_03_data_pipeline.py
[2026-06-16T14:35:02.566+0000] {logging_mixin.py:188} INFO - [2026-06-16T14:35:02.566+0000] {dag.py:3089} INFO - Sync 1 DAGs
[2026-06-16T14:35:02.584+0000] {logging_mixin.py:188} INFO - [2026-06-16T14:35:02.583+0000] {dag.py:3947} INFO - Setting next_dagrun for 03_getting_started_data_pipeline to None, run_after=None
[2026-06-16T14:35:02.611+0000] {processor.py:183} INFO - Processing /opt/airflow/dags/dag_03_data_pipeline.py took 0.120 seconds
[2026-06-16T14:35:32.727+0000] {processor.py:161} INFO - Started process (PID=11023) to work on /opt/airflow/dags/dag_03_data_pipeline.py
[2026-06-16T14:35:32.729+0000] {processor.py:830} INFO - Processing file /opt/airflow/dags/dag_03_data_pipeline.py for tasks to queue
[2026-06-16T14:35:32.731+0000] {logging_mixin.py:188} INFO - [2026-06-16T14:35:32.731+0000] {dagbag.py:545} INFO - Filling up the DagBag from /opt/airflow/dags/dag_03_data_pipeline.py
[2026-06-16T14:35:32.745+0000] {processor.py:840} INFO - DAG(s) '03_getting_started_data_pipeline' retrieved from /opt/airflow/dags/dag_03_data_pipeline.py
[2026-06-16T14:35:32.797+0000] {logging_mixin.py:188} INFO - [2026-06-16T14:35:32.796+0000] {dag.py:3089} INFO - Sync 1 DAGs
[2026-06-16T14:35:32.815+0000] {logging_mixin.py:188} INFO - [2026-06-16T14:35:32.814+0000] {dag.py:3947} INFO - Setting next_dagrun for 03_getting_started_data_pipeline to None, run_after=None
[2026-06-16T14:35:32.839+0000] {processor.py:183} INFO - Processing /opt/airflow/dags/dag_03_data_pipeline.py took 0.124 seconds
[2026-06-16T14:36:02.958+0000] {processor.py:161} INFO - Started process (PID=11063) to work on /opt/airflow/dags/dag_03_data_pipeline.py
[2026-06-16T14:36:02.959+0000] {processor.py:830} INFO - Processing file /opt/airflow/dags/dag_03_data_pipeline.py for tasks to queue
[2026-06-16T14:36:02.961+0000] {logging_mixin.py:188} INFO - [2026-06-16T14:36:02.961+0000] {dagbag.py:545} INFO - Filling up the DagBag from /opt/airflow/dags/dag_03_data_pipeline.py
[2026-06-16T14:36:02.972+0000] {processor.py:840} INFO - DAG(s) '03_getting_started_data_pipeline' retrieved from /opt/airflow/dags/dag_03_data_pipeline.py
[2026-06-16T14:36:03.016+0000] {logging_mixin.py:188} INFO - [2026-06-16T14:36:03.016+0000] {dag.py:3089} INFO - Sync 1 DAGs
[2026-06-16T14:36:03.031+0000] {logging_mixin.py:188} INFO - [2026-06-16T14:36:03.030+0000] {dag.py:3947} INFO - Setting next_dagrun for 03_getting_started_data_pipeline to None, run_after=None
[2026-06-16T14:36:03.057+0000] {processor.py:183} INFO - Processing /opt/airflow/dags/dag_03_data_pipeline.py took 0.110 seconds
[2026-06-16T14:36:33.137+0000] {processor.py:161} INFO - Started process (PID=11103) to work on /opt/airflow/dags/dag_03_data_pipeline.py
[2026-06-16T14:36:33.146+0000] {processor.py:830} INFO - Processing file /opt/airflow/dags/dag_03_data_pipeline.py for tasks to queue
[2026-06-16T14:36:33.148+0000] {logging_mixin.py:188} INFO - [2026-06-16T14:36:33.148+0000] {dagbag.py:545} INFO - Filling up the DagBag from /opt/airflow/dags/dag_03_data_pipeline.py
[2026-06-16T14:36:33.159+0000] {processor.py:840} INFO - DAG(s) '03_getting_started_data_pipeline' retrieved from /opt/airflow/dags/dag_03_data_pipeline.py
[2026-06-16T14:36:33.203+0000] {logging_mixin.py:188} INFO - [2026-06-16T14:36:33.202+0000] {dag.py:3089} INFO - Sync 1 DAGs
[2026-06-16T14:36:33.217+0000] {logging_mixin.py:188} INFO - [2026-06-16T14:36:33.216+0000] {dag.py:3947} INFO - Setting next_dagrun for 03_getting_started_data_pipeline to None, run_after=None
[2026-06-16T14:36:33.244+0000] {processor.py:183} INFO - Processing /opt/airflow/dags/dag_03_data_pipeline.py took 0.117 seconds
[2026-06-16T14:37:03.362+0000] {processor.py:161} INFO - Started process (PID=11143) to work on /opt/airflow/dags/dag_03_data_pipeline.py
[2026-06-16T14:37:03.363+0000] {processor.py:830} INFO - Processing file /opt/airflow/dags/dag_03_data_pipeline.py for tasks to queue
[2026-06-16T14:37:03.365+0000] {logging_mixin.py:188} INFO - [2026-06-16T14:37:03.365+0000] {dagbag.py:545} INFO - Filling up the DagBag from /opt/airflow/dags/dag_03_data_pipeline.py
[2026-06-16T14:37:03.375+0000] {processor.py:840} INFO - DAG(s) '03_getting_started_data_pipeline' retrieved from /opt/airflow/dags/dag_03_data_pipeline.py
[2026-06-16T14:37:03.419+0000] {logging_mixin.py:188} INFO - [2026-06-16T14:37:03.419+0000] {dag.py:3089} INFO - Sync 1 DAGs
[2026-06-16T14:37:03.434+0000] {logging_mixin.py:188} INFO - [2026-06-16T14:37:03.434+0000] {dag.py:3947} INFO - Setting next_dagrun for 03_getting_started_data_pipeline to None, run_after=None
[2026-06-16T14:37:03.459+0000] {processor.py:183} INFO - Processing /opt/airflow/dags/dag_03_data_pipeline.py took 0.106 seconds
[2026-06-16T14:37:33.541+0000] {processor.py:161} INFO - Started process (PID=11183) to work on /opt/airflow/dags/dag_03_data_pipeline.py
[2026-06-16T14:37:33.544+0000] {processor.py:830} INFO - Processing file /opt/airflow/dags/dag_03_data_pipeline.py for tasks to queue
[2026-06-16T14:37:33.546+0000] {logging_mixin.py:188} INFO - [2026-06-16T14:37:33.546+0000] {dagbag.py:545} INFO - Filling up the DagBag from /opt/airflow/dags/dag_03_data_pipeline.py
[2026-06-16T14:37:33.558+0000] {processor.py:840} INFO - DAG(s) '03_getting_started_data_pipeline' retrieved from /opt/airflow/dags/dag_03_data_pipeline.py
[2026-06-16T14:37:33.608+0000] {logging_mixin.py:188} INFO - [2026-06-16T14:37:33.608+0000] {dag.py:3089} INFO - Sync 1 DAGs
[2026-06-16T14:37:33.632+0000] {logging_mixin.py:188} INFO - [2026-06-16T14:37:33.631+0000] {dag.py:3947} INFO - Setting next_dagrun for 03_getting_started_data_pipeline to None, run_after=None
[2026-06-16T14:37:33.661+0000] {processor.py:183} INFO - Processing /opt/airflow/dags/dag_03_data_pipeline.py took 0.129 seconds
[2026-06-16T14:38:03.726+0000] {processor.py:161} INFO - Started process (PID=11223) to work on /opt/airflow/dags/dag_03_data_pipeline.py
[2026-06-16T14:38:03.728+0000] {processor.py:830} INFO - Processing file /opt/airflow/dags/dag_03_data_pipeline.py for tasks to queue
[2026-06-16T14:38:03.730+0000] {logging_mixin.py:188} INFO - [2026-06-16T14:38:03.729+0000] {dagbag.py:545} INFO - Filling up the DagBag from /opt/airflow/dags/dag_03_data_pipeline.py
[2026-06-16T14:38:03.740+0000] {processor.py:840} INFO - DAG(s) '03_getting_started_data_pipeline' retrieved from /opt/airflow/dags/dag_03_data_pipeline.py
[2026-06-16T14:38:03.787+0000] {logging_mixin.py:188} INFO - [2026-06-16T14:38:03.786+0000] {dag.py:3089} INFO - Sync 1 DAGs
[2026-06-16T14:38:03.803+0000] {logging_mixin.py:188} INFO - [2026-06-16T14:38:03.803+0000] {dag.py:3947} INFO - Setting next_dagrun for 03_getting_started_data_pipeline to None, run_after=None
[2026-06-16T14:38:03.829+0000] {processor.py:183} INFO - Processing /opt/airflow/dags/dag_03_data_pipeline.py took 0.111 seconds
[2026-06-16T14:38:34.795+0000] {processor.py:161} INFO - Started process (PID=11263) to work on /opt/airflow/dags/dag_03_data_pipeline.py
[2026-06-16T14:38:34.805+0000] {processor.py:830} INFO - Processing file /opt/airflow/dags/dag_03_data_pipeline.py for tasks to queue
[2026-06-16T14:38:34.807+0000] {logging_mixin.py:188} INFO - [2026-06-16T14:38:34.807+0000] {dagbag.py:545} INFO - Filling up the DagBag from /opt/airflow/dags/dag_03_data_pipeline.py
[2026-06-16T14:38:34.818+0000] {processor.py:840} INFO - DAG(s) '03_getting_started_data_pipeline' retrieved from /opt/airflow/dags/dag_03_data_pipeline.py
[2026-06-16T14:38:34.869+0000] {logging_mixin.py:188} INFO - [2026-06-16T14:38:34.869+0000] {dag.py:3089} INFO - Sync 1 DAGs
[2026-06-16T14:38:34.889+0000] {logging_mixin.py:188} INFO - [2026-06-16T14:38:34.889+0000] {dag.py:3947} INFO - Setting next_dagrun for 03_getting_started_data_pipeline to None, run_after=None
[2026-06-16T14:38:34.913+0000] {processor.py:183} INFO - Processing /opt/airflow/dags/dag_03_data_pipeline.py took 0.129 seconds
[2026-06-16T14:39:04.947+0000] {processor.py:161} INFO - Started process (PID=11306) to work on /opt/airflow/dags/dag_03_data_pipeline.py
[2026-06-16T14:39:04.948+0000] {processor.py:830} INFO - Processing file /opt/airflow/dags/dag_03_data_pipeline.py for tasks to queue
[2026-06-16T14:39:04.950+0000] {logging_mixin.py:188} INFO - [2026-06-16T14:39:04.950+0000] {dagbag.py:545} INFO - Filling up the DagBag from /opt/airflow/dags/dag_03_data_pipeline.py
[2026-06-16T14:39:04.962+0000] {processor.py:840} INFO - DAG(s) '03_getting_started_data_pipeline' retrieved from /opt/airflow/dags/dag_03_data_pipeline.py
[2026-06-16T14:39:05.006+0000] {logging_mixin.py:188} INFO - [2026-06-16T14:39:05.006+0000] {dag.py:3089} INFO - Sync 1 DAGs
[2026-06-16T14:39:05.023+0000] {logging_mixin.py:188} INFO - [2026-06-16T14:39:05.023+0000] {dag.py:3947} INFO - Setting next_dagrun for 03_getting_started_data_pipeline to None, run_after=None
[2026-06-16T14:39:05.046+0000] {processor.py:183} INFO - Processing /opt/airflow/dags/dag_03_data_pipeline.py took 0.106 seconds
[2026-06-16T14:39:36.012+0000] {processor.py:161} INFO - Started process (PID=11343) to work on /opt/airflow/dags/dag_03_data_pipeline.py
[2026-06-16T14:39:36.022+0000] {processor.py:830} INFO - Processing file /opt/airflow/dags/dag_03_data_pipeline.py for tasks to queue
[2026-06-16T14:39:36.024+0000] {logging_mixin.py:188} INFO - [2026-06-16T14:39:36.024+0000] {dagbag.py:545} INFO - Filling up the DagBag from /opt/airflow/dags/dag_03_data_pipeline.py
[2026-06-16T14:39:36.035+0000] {processor.py:840} INFO - DAG(s) '03_getting_started_data_pipeline' retrieved from /opt/airflow/dags/dag_03_data_pipeline.py
[2026-06-16T14:39:36.079+0000] {logging_mixin.py:188} INFO - [2026-06-16T14:39:36.079+0000] {dag.py:3089} INFO - Sync 1 DAGs
[2026-06-16T14:39:36.241+0000] {logging_mixin.py:188} INFO - [2026-06-16T14:39:36.241+0000] {dag.py:3947} INFO - Setting next_dagrun for 03_getting_started_data_pipeline to None, run_after=None
[2026-06-16T14:39:36.263+0000] {processor.py:183} INFO - Processing /opt/airflow/dags/dag_03_data_pipeline.py took 0.263 seconds
[2026-06-16T14:40:06.301+0000] {processor.py:161} INFO - Started process (PID=11383) to work on /opt/airflow/dags/dag_03_data_pipeline.py
[2026-06-16T14:40:06.302+0000] {processor.py:830} INFO - Processing file /opt/airflow/dags/dag_03_data_pipeline.py for tasks to queue
[2026-06-16T14:40:06.304+0000] {logging_mixin.py:188} INFO - [2026-06-16T14:40:06.303+0000] {dagbag.py:545} INFO - Filling up the DagBag from /opt/airflow/dags/dag_03_data_pipeline.py
[2026-06-16T14:40:06.315+0000] {processor.py:840} INFO - DAG(s) '03_getting_started_data_pipeline' retrieved from /opt/airflow/dags/dag_03_data_pipeline.py
[2026-06-16T14:40:06.367+0000] {logging_mixin.py:188} INFO - [2026-06-16T14:40:06.367+0000] {dag.py:3089} INFO - Sync 1 DAGs
[2026-06-16T14:40:06.384+0000] {logging_mixin.py:188} INFO - [2026-06-16T14:40:06.384+0000] {dag.py:3947} INFO - Setting next_dagrun for 03_getting_started_data_pipeline to None, run_after=None
[2026-06-16T14:40:06.410+0000] {processor.py:183} INFO - Processing /opt/airflow/dags/dag_03_data_pipeline.py took 0.118 seconds
[2026-06-16T14:40:36.709+0000] {processor.py:161} INFO - Started process (PID=11423) to work on /opt/airflow/dags/dag_03_data_pipeline.py
[2026-06-16T14:40:36.716+0000] {processor.py:830} INFO - Processing file /opt/airflow/dags/dag_03_data_pipeline.py for tasks to queue
[2026-06-16T14:40:36.719+0000] {logging_mixin.py:188} INFO - [2026-06-16T14:40:36.719+0000] {dagbag.py:545} INFO - Filling up the DagBag from /opt/airflow/dags/dag_03_data_pipeline.py
[2026-06-16T14:40:36.736+0000] {processor.py:840} INFO - DAG(s) '03_getting_started_data_pipeline' retrieved from /opt/airflow/dags/dag_03_data_pipeline.py
[2026-06-16T14:40:36.780+0000] {logging_mixin.py:188} INFO - [2026-06-16T14:40:36.780+0000] {dag.py:3089} INFO - Sync 1 DAGs
[2026-06-16T14:40:36.797+0000] {logging_mixin.py:188} INFO - [2026-06-16T14:40:36.797+0000] {dag.py:3947} INFO - Setting next_dagrun for 03_getting_started_data_pipeline to None, run_after=None
[2026-06-16T14:40:36.949+0000] {processor.py:183} INFO - Processing /opt/airflow/dags/dag_03_data_pipeline.py took 0.251 seconds
[2026-06-16T14:41:07.261+0000] {processor.py:161} INFO - Started process (PID=11463) to work on /opt/airflow/dags/dag_03_data_pipeline.py
[2026-06-16T14:41:07.262+0000] {processor.py:830} INFO - Processing file /opt/airflow/dags/dag_03_data_pipeline.py for tasks to queue
[2026-06-16T14:41:07.264+0000] {logging_mixin.py:188} INFO - [2026-06-16T14:41:07.264+0000] {dagbag.py:545} INFO - Filling up the DagBag from /opt/airflow/dags/dag_03_data_pipeline.py
[2026-06-16T14:41:07.275+0000] {processor.py:840} INFO - DAG(s) '03_getting_started_data_pipeline' retrieved from /opt/airflow/dags/dag_03_data_pipeline.py
[2026-06-16T14:41:07.519+0000] {logging_mixin.py:188} INFO - [2026-06-16T14:41:07.519+0000] {dag.py:3089} INFO - Sync 1 DAGs
[2026-06-16T14:41:07.534+0000] {logging_mixin.py:188} INFO - [2026-06-16T14:41:07.534+0000] {dag.py:3947} INFO - Setting next_dagrun for 03_getting_started_data_pipeline to None, run_after=None
[2026-06-16T14:41:07.566+0000] {processor.py:183} INFO - Processing /opt/airflow/dags/dag_03_data_pipeline.py took 0.316 seconds
[2026-06-16T14:41:37.752+0000] {processor.py:161} INFO - Started process (PID=11503) to work on /opt/airflow/dags/dag_03_data_pipeline.py
[2026-06-16T14:41:37.763+0000] {processor.py:830} INFO - Processing file /opt/airflow/dags/dag_03_data_pipeline.py for tasks to queue
[2026-06-16T14:41:37.765+0000] {logging_mixin.py:188} INFO - [2026-06-16T14:41:37.764+0000] {dagbag.py:545} INFO - Filling up the DagBag from /opt/airflow/dags/dag_03_data_pipeline.py
[2026-06-16T14:41:37.775+0000] {processor.py:840} INFO - DAG(s) '03_getting_started_data_pipeline' retrieved from /opt/airflow/dags/dag_03_data_pipeline.py
[2026-06-16T14:41:37.820+0000] {logging_mixin.py:188} INFO - [2026-06-16T14:41:37.819+0000] {dag.py:3089} INFO - Sync 1 DAGs
[2026-06-16T14:41:37.835+0000] {logging_mixin.py:188} INFO - [2026-06-16T14:41:37.835+0000] {dag.py:3947} INFO - Setting next_dagrun for 03_getting_started_data_pipeline to None, run_after=None
[2026-06-16T14:41:37.867+0000] {processor.py:183} INFO - Processing /opt/airflow/dags/dag_03_data_pipeline.py took 0.123 seconds
[2026-06-16T14:42:08.333+0000] {processor.py:161} INFO - Started process (PID=11543) to work on /opt/airflow/dags/dag_03_data_pipeline.py
[2026-06-16T14:42:08.334+0000] {processor.py:830} INFO - Processing file /opt/airflow/dags/dag_03_data_pipeline.py for tasks to queue
[2026-06-16T14:42:08.336+0000] {logging_mixin.py:188} INFO - [2026-06-16T14:42:08.336+0000] {dagbag.py:545} INFO - Filling up the DagBag from /opt/airflow/dags/dag_03_data_pipeline.py
[2026-06-16T14:42:08.347+0000] {processor.py:840} INFO - DAG(s) '03_getting_started_data_pipeline' retrieved from /opt/airflow/dags/dag_03_data_pipeline.py
[2026-06-16T14:42:08.553+0000] {logging_mixin.py:188} INFO - [2026-06-16T14:42:08.552+0000] {dag.py:3089} INFO - Sync 1 DAGs
[2026-06-16T14:42:08.565+0000] {logging_mixin.py:188} INFO - [2026-06-16T14:42:08.564+0000] {dag.py:3947} INFO - Setting next_dagrun for 03_getting_started_data_pipeline to None, run_after=None
[2026-06-16T14:42:08.589+0000] {processor.py:183} INFO - Processing /opt/airflow/dags/dag_03_data_pipeline.py took 0.266 seconds
[2026-06-16T14:42:39.552+0000] {processor.py:161} INFO - Started process (PID=11583) to work on /opt/airflow/dags/dag_03_data_pipeline.py
[2026-06-16T14:42:39.555+0000] {processor.py:830} INFO - Processing file /opt/airflow/dags/dag_03_data_pipeline.py for tasks to queue
[2026-06-16T14:42:39.557+0000] {logging_mixin.py:188} INFO - [2026-06-16T14:42:39.557+0000] {dagbag.py:545} INFO - Filling up the DagBag from /opt/airflow/dags/dag_03_data_pipeline.py
[2026-06-16T14:42:39.576+0000] {processor.py:840} INFO - DAG(s) '03_getting_started_data_pipeline' retrieved from /opt/airflow/dags/dag_03_data_pipeline.py
[2026-06-16T14:42:39.644+0000] {logging_mixin.py:188} INFO - [2026-06-16T14:42:39.643+0000] {dag.py:3089} INFO - Sync 1 DAGs
[2026-06-16T14:42:39.670+0000] {logging_mixin.py:188} INFO - [2026-06-16T14:42:39.670+0000] {dag.py:3947} INFO - Setting next_dagrun for 03_getting_started_data_pipeline to None, run_after=None
[2026-06-16T14:42:39.710+0000] {processor.py:183} INFO - Processing /opt/airflow/dags/dag_03_data_pipeline.py took 0.171 seconds
[2026-06-16T14:43:10.679+0000] {processor.py:161} INFO - Started process (PID=11623) to work on /opt/airflow/dags/dag_03_data_pipeline.py
[2026-06-16T14:43:10.680+0000] {processor.py:830} INFO - Processing file /opt/airflow/dags/dag_03_data_pipeline.py for tasks to queue
[2026-06-16T14:43:10.683+0000] {logging_mixin.py:188} INFO - [2026-06-16T14:43:10.682+0000] {dagbag.py:545} INFO - Filling up the DagBag from /opt/airflow/dags/dag_03_data_pipeline.py
[2026-06-16T14:43:10.693+0000] {processor.py:840} INFO - DAG(s) '03_getting_started_data_pipeline' retrieved from /opt/airflow/dags/dag_03_data_pipeline.py
[2026-06-16T14:43:10.772+0000] {logging_mixin.py:188} INFO - [2026-06-16T14:43:10.772+0000] {dag.py:3089} INFO - Sync 1 DAGs
[2026-06-16T14:43:10.797+0000] {logging_mixin.py:188} INFO - [2026-06-16T14:43:10.796+0000] {dag.py:3947} INFO - Setting next_dagrun for 03_getting_started_data_pipeline to None, run_after=None
[2026-06-16T14:43:10.825+0000] {processor.py:183} INFO - Processing /opt/airflow/dags/dag_03_data_pipeline.py took 0.156 seconds
[2026-06-16T14:43:41.791+0000] {processor.py:161} INFO - Started process (PID=11663) to work on /opt/airflow/dags/dag_03_data_pipeline.py
[2026-06-16T14:43:41.801+0000] {processor.py:830} INFO - Processing file /opt/airflow/dags/dag_03_data_pipeline.py for tasks to queue
[2026-06-16T14:43:41.803+0000] {logging_mixin.py:188} INFO - [2026-06-16T14:43:41.802+0000] {dagbag.py:545} INFO - Filling up the DagBag from /opt/airflow/dags/dag_03_data_pipeline.py
[2026-06-16T14:43:41.813+0000] {processor.py:840} INFO - DAG(s) '03_getting_started_data_pipeline' retrieved from /opt/airflow/dags/dag_03_data_pipeline.py
[2026-06-16T14:43:41.856+0000] {logging_mixin.py:188} INFO - [2026-06-16T14:43:41.856+0000] {dag.py:3089} INFO - Sync 1 DAGs
[2026-06-16T14:43:41.871+0000] {logging_mixin.py:188} INFO - [2026-06-16T14:43:41.871+0000] {dag.py:3947} INFO - Setting next_dagrun for 03_getting_started_data_pipeline to None, run_after=None
[2026-06-16T14:43:41.896+0000] {processor.py:183} INFO - Processing /opt/airflow/dags/dag_03_data_pipeline.py took 0.115 seconds
[2026-06-16T14:44:12.868+0000] {processor.py:161} INFO - Started process (PID=11703) to work on /opt/airflow/dags/dag_03_data_pipeline.py
[2026-06-16T14:44:12.869+0000] {processor.py:830} INFO - Processing file /opt/airflow/dags/dag_03_data_pipeline.py for tasks to queue
[2026-06-16T14:44:12.871+0000] {logging_mixin.py:188} INFO - [2026-06-16T14:44:12.871+0000] {dagbag.py:545} INFO - Filling up the DagBag from /opt/airflow/dags/dag_03_data_pipeline.py
[2026-06-16T14:44:12.882+0000] {processor.py:840} INFO - DAG(s) '03_getting_started_data_pipeline' retrieved from /opt/airflow/dags/dag_03_data_pipeline.py
[2026-06-16T14:44:12.931+0000] {logging_mixin.py:188} INFO - [2026-06-16T14:44:12.931+0000] {dag.py:3089} INFO - Sync 1 DAGs
[2026-06-16T14:44:12.948+0000] {logging_mixin.py:188} INFO - [2026-06-16T14:44:12.948+0000] {dag.py:3947} INFO - Setting next_dagrun for 03_getting_started_data_pipeline to None, run_after=None
[2026-06-16T14:44:12.976+0000] {processor.py:183} INFO - Processing /opt/airflow/dags/dag_03_data_pipeline.py took 0.118 seconds
[2026-06-16T14:44:43.990+0000] {processor.py:161} INFO - Started process (PID=11743) to work on /opt/airflow/dags/dag_03_data_pipeline.py
[2026-06-16T14:44:43.992+0000] {processor.py:830} INFO - Processing file /opt/airflow/dags/dag_03_data_pipeline.py for tasks to queue
[2026-06-16T14:44:43.994+0000] {logging_mixin.py:188} INFO - [2026-06-16T14:44:43.993+0000] {dagbag.py:545} INFO - Filling up the DagBag from /opt/airflow/dags/dag_03_data_pipeline.py
[2026-06-16T14:44:44.005+0000] {processor.py:840} INFO - DAG(s) '03_getting_started_data_pipeline' retrieved from /opt/airflow/dags/dag_03_data_pipeline.py
[2026-06-16T14:44:44.054+0000] {logging_mixin.py:188} INFO - [2026-06-16T14:44:44.054+0000] {dag.py:3089} INFO - Sync 1 DAGs
[2026-06-16T14:44:44.070+0000] {logging_mixin.py:188} INFO - [2026-06-16T14:44:44.070+0000] {dag.py:3947} INFO - Setting next_dagrun for 03_getting_started_data_pipeline to None, run_after=None
[2026-06-16T14:44:44.099+0000] {processor.py:183} INFO - Processing /opt/airflow/dags/dag_03_data_pipeline.py took 0.119 seconds
[2026-06-16T14:45:14.142+0000] {processor.py:161} INFO - Started process (PID=11786) to work on /opt/airflow/dags/dag_03_data_pipeline.py
[2026-06-16T14:45:14.144+0000] {processor.py:830} INFO - Processing file /opt/airflow/dags/dag_03_data_pipeline.py for tasks to queue
[2026-06-16T14:45:14.146+0000] {logging_mixin.py:188} INFO - [2026-06-16T14:45:14.146+0000] {dagbag.py:545} INFO - Filling up the DagBag from /opt/airflow/dags/dag_03_data_pipeline.py
[2026-06-16T14:45:14.162+0000] {processor.py:840} INFO - DAG(s) '03_getting_started_data_pipeline' retrieved from /opt/airflow/dags/dag_03_data_pipeline.py
[2026-06-16T14:45:14.217+0000] {logging_mixin.py:188} INFO - [2026-06-16T14:45:14.217+0000] {dag.py:3089} INFO - Sync 1 DAGs
[2026-06-16T14:45:14.232+0000] {logging_mixin.py:188} INFO - [2026-06-16T14:45:14.232+0000] {dag.py:3947} INFO - Setting next_dagrun for 03_getting_started_data_pipeline to None, run_after=None
[2026-06-16T14:45:14.256+0000] {processor.py:183} INFO - Processing /opt/airflow/dags/dag_03_data_pipeline.py took 0.124 seconds
[2026-06-16T14:45:45.205+0000] {processor.py:161} INFO - Started process (PID=11823) to work on /opt/airflow/dags/dag_03_data_pipeline.py
[2026-06-16T14:45:45.206+0000] {processor.py:830} INFO - Processing file /opt/airflow/dags/dag_03_data_pipeline.py for tasks to queue
[2026-06-16T14:45:45.209+0000] {logging_mixin.py:188} INFO - [2026-06-16T14:45:45.209+0000] {dagbag.py:545} INFO - Filling up the DagBag from /opt/airflow/dags/dag_03_data_pipeline.py
[2026-06-16T14:45:45.223+0000] {processor.py:840} INFO - DAG(s) '03_getting_started_data_pipeline' retrieved from /opt/airflow/dags/dag_03_data_pipeline.py
[2026-06-16T14:45:45.275+0000] {logging_mixin.py:188} INFO - [2026-06-16T14:45:45.275+0000] {dag.py:3089} INFO - Sync 1 DAGs
[2026-06-16T14:45:45.293+0000] {logging_mixin.py:188} INFO - [2026-06-16T14:45:45.292+0000] {dag.py:3947} INFO - Setting next_dagrun for 03_getting_started_data_pipeline to None, run_after=None
[2026-06-16T14:45:45.319+0000] {processor.py:183} INFO - Processing /opt/airflow/dags/dag_03_data_pipeline.py took 0.125 seconds
[2026-06-16T14:46:16.317+0000] {processor.py:161} INFO - Started process (PID=11863) to work on /opt/airflow/dags/dag_03_data_pipeline.py
[2026-06-16T14:46:16.328+0000] {processor.py:830} INFO - Processing file /opt/airflow/dags/dag_03_data_pipeline.py for tasks to queue
[2026-06-16T14:46:16.330+0000] {logging_mixin.py:188} INFO - [2026-06-16T14:46:16.329+0000] {dagbag.py:545} INFO - Filling up the DagBag from /opt/airflow/dags/dag_03_data_pipeline.py
[2026-06-16T14:46:16.340+0000] {processor.py:840} INFO - DAG(s) '03_getting_started_data_pipeline' retrieved from /opt/airflow/dags/dag_03_data_pipeline.py
[2026-06-16T14:46:16.384+0000] {logging_mixin.py:188} INFO - [2026-06-16T14:46:16.384+0000] {dag.py:3089} INFO - Sync 1 DAGs
[2026-06-16T14:46:16.399+0000] {logging_mixin.py:188} INFO - [2026-06-16T14:46:16.399+0000] {dag.py:3947} INFO - Setting next_dagrun for 03_getting_started_data_pipeline to None, run_after=None
[2026-06-16T14:46:16.427+0000] {processor.py:183} INFO - Processing /opt/airflow/dags/dag_03_data_pipeline.py took 0.121 seconds
[2026-06-16T14:46:47.388+0000] {processor.py:161} INFO - Started process (PID=11903) to work on /opt/airflow/dags/dag_03_data_pipeline.py
[2026-06-16T14:46:47.398+0000] {processor.py:830} INFO - Processing file /opt/airflow/dags/dag_03_data_pipeline.py for tasks to queue
[2026-06-16T14:46:47.400+0000] {logging_mixin.py:188} INFO - [2026-06-16T14:46:47.400+0000] {dagbag.py:545} INFO - Filling up the DagBag from /opt/airflow/dags/dag_03_data_pipeline.py
[2026-06-16T14:46:47.411+0000] {processor.py:840} INFO - DAG(s) '03_getting_started_data_pipeline' retrieved from /opt/airflow/dags/dag_03_data_pipeline.py
[2026-06-16T14:46:47.457+0000] {logging_mixin.py:188} INFO - [2026-06-16T14:46:47.456+0000] {dag.py:3089} INFO - Sync 1 DAGs
[2026-06-16T14:46:47.473+0000] {logging_mixin.py:188} INFO - [2026-06-16T14:46:47.472+0000] {dag.py:3947} INFO - Setting next_dagrun for 03_getting_started_data_pipeline to None, run_after=None
[2026-06-16T14:46:47.500+0000] {processor.py:183} INFO - Processing /opt/airflow/dags/dag_03_data_pipeline.py took 0.122 seconds
[2026-06-16T14:47:18.482+0000] {processor.py:161} INFO - Started process (PID=11943) to work on /opt/airflow/dags/dag_03_data_pipeline.py
[2026-06-16T14:47:18.483+0000] {processor.py:830} INFO - Processing file /opt/airflow/dags/dag_03_data_pipeline.py for tasks to queue
[2026-06-16T14:47:18.485+0000] {logging_mixin.py:188} INFO - [2026-06-16T14:47:18.485+0000] {dagbag.py:545} INFO - Filling up the DagBag from /opt/airflow/dags/dag_03_data_pipeline.py
[2026-06-16T14:47:18.496+0000] {processor.py:840} INFO - DAG(s) '03_getting_started_data_pipeline' retrieved from /opt/airflow/dags/dag_03_data_pipeline.py
[2026-06-16T14:47:18.544+0000] {logging_mixin.py:188} INFO - [2026-06-16T14:47:18.543+0000] {dag.py:3089} INFO - Sync 1 DAGs
[2026-06-16T14:47:18.560+0000] {logging_mixin.py:188} INFO - [2026-06-16T14:47:18.559+0000] {dag.py:3947} INFO - Setting next_dagrun for 03_getting_started_data_pipeline to None, run_after=None
[2026-06-16T14:47:18.587+0000] {processor.py:183} INFO - Processing /opt/airflow/dags/dag_03_data_pipeline.py took 0.116 seconds
[2026-06-16T14:47:49.584+0000] {processor.py:161} INFO - Started process (PID=11983) to work on /opt/airflow/dags/dag_03_data_pipeline.py
[2026-06-16T14:47:49.594+0000] {processor.py:830} INFO - Processing file /opt/airflow/dags/dag_03_data_pipeline.py for tasks to queue
[2026-06-16T14:47:49.596+0000] {logging_mixin.py:188} INFO - [2026-06-16T14:47:49.596+0000] {dagbag.py:545} INFO - Filling up the DagBag from /opt/airflow/dags/dag_03_data_pipeline.py
[2026-06-16T14:47:49.609+0000] {processor.py:840} INFO - DAG(s) '03_getting_started_data_pipeline' retrieved from /opt/airflow/dags/dag_03_data_pipeline.py
[2026-06-16T14:47:49.654+0000] {logging_mixin.py:188} INFO - [2026-06-16T14:47:49.653+0000] {dag.py:3089} INFO - Sync 1 DAGs
[2026-06-16T14:47:49.671+0000] {logging_mixin.py:188} INFO - [2026-06-16T14:47:49.670+0000] {dag.py:3947} INFO - Setting next_dagrun for 03_getting_started_data_pipeline to None, run_after=None
[2026-06-16T14:47:49.696+0000] {processor.py:183} INFO - Processing /opt/airflow/dags/dag_03_data_pipeline.py took 0.123 seconds
[2026-06-16T14:48:20.688+0000] {processor.py:161} INFO - Started process (PID=12023) to work on /opt/airflow/dags/dag_03_data_pipeline.py
[2026-06-16T14:48:20.690+0000] {processor.py:830} INFO - Processing file /opt/airflow/dags/dag_03_data_pipeline.py for tasks to queue
[2026-06-16T14:48:20.692+0000] {logging_mixin.py:188} INFO - [2026-06-16T14:48:20.691+0000] {dagbag.py:545} INFO - Filling up the DagBag from /opt/airflow/dags/dag_03_data_pipeline.py
[2026-06-16T14:48:20.702+0000] {processor.py:840} INFO - DAG(s) '03_getting_started_data_pipeline' retrieved from /opt/airflow/dags/dag_03_data_pipeline.py
[2026-06-16T14:48:20.754+0000] {logging_mixin.py:188} INFO - [2026-06-16T14:48:20.754+0000] {dag.py:3089} INFO - Sync 1 DAGs
[2026-06-16T14:48:20.775+0000] {logging_mixin.py:188} INFO - [2026-06-16T14:48:20.775+0000] {dag.py:3947} INFO - Setting next_dagrun for 03_getting_started_data_pipeline to None, run_after=None
[2026-06-16T14:48:20.804+0000] {processor.py:183} INFO - Processing /opt/airflow/dags/dag_03_data_pipeline.py took 0.125 seconds
[2026-06-16T14:48:51.788+0000] {processor.py:161} INFO - Started process (PID=12063) to work on /opt/airflow/dags/dag_03_data_pipeline.py
[2026-06-16T14:48:51.798+0000] {processor.py:830} INFO - Processing file /opt/airflow/dags/dag_03_data_pipeline.py for tasks to queue
[2026-06-16T14:48:51.800+0000] {logging_mixin.py:188} INFO - [2026-06-16T14:48:51.800+0000] {dagbag.py:545} INFO - Filling up the DagBag from /opt/airflow/dags/dag_03_data_pipeline.py
[2026-06-16T14:48:51.811+0000] {processor.py:840} INFO - DAG(s) '03_getting_started_data_pipeline' retrieved from /opt/airflow/dags/dag_03_data_pipeline.py
[2026-06-16T14:48:51.854+0000] {logging_mixin.py:188} INFO - [2026-06-16T14:48:51.854+0000] {dag.py:3089} INFO - Sync 1 DAGs
[2026-06-16T14:48:51.868+0000] {logging_mixin.py:188} INFO - [2026-06-16T14:48:51.868+0000] {dag.py:3947} INFO - Setting next_dagrun for 03_getting_started_data_pipeline to None, run_after=None
[2026-06-16T14:48:51.895+0000] {processor.py:183} INFO - Processing /opt/airflow/dags/dag_03_data_pipeline.py took 0.116 seconds
[2026-06-16T14:49:22.915+0000] {processor.py:161} INFO - Started process (PID=12103) to work on /opt/airflow/dags/dag_03_data_pipeline.py
[2026-06-16T14:49:22.925+0000] {processor.py:830} INFO - Processing file /opt/airflow/dags/dag_03_data_pipeline.py for tasks to queue
[2026-06-16T14:49:22.928+0000] {logging_mixin.py:188} INFO - [2026-06-16T14:49:22.927+0000] {dagbag.py:545} INFO - Filling up the DagBag from /opt/airflow/dags/dag_03_data_pipeline.py
[2026-06-16T14:49:22.939+0000] {processor.py:840} INFO - DAG(s) '03_getting_started_data_pipeline' retrieved from /opt/airflow/dags/dag_03_data_pipeline.py
[2026-06-16T14:49:22.990+0000] {logging_mixin.py:188} INFO - [2026-06-16T14:49:22.989+0000] {dag.py:3089} INFO - Sync 1 DAGs
[2026-06-16T14:49:23.008+0000] {logging_mixin.py:188} INFO - [2026-06-16T14:49:23.008+0000] {dag.py:3947} INFO - Setting next_dagrun for 03_getting_started_data_pipeline to None, run_after=None
[2026-06-16T14:49:23.033+0000] {processor.py:183} INFO - Processing /opt/airflow/dags/dag_03_data_pipeline.py took 0.129 seconds
[2026-06-16T14:49:54.014+0000] {processor.py:161} INFO - Started process (PID=12143) to work on /opt/airflow/dags/dag_03_data_pipeline.py
[2026-06-16T14:49:54.016+0000] {processor.py:830} INFO - Processing file /opt/airflow/dags/dag_03_data_pipeline.py for tasks to queue
[2026-06-16T14:49:54.018+0000] {logging_mixin.py:188} INFO - [2026-06-16T14:49:54.017+0000] {dagbag.py:545} INFO - Filling up the DagBag from /opt/airflow/dags/dag_03_data_pipeline.py
[2026-06-16T14:49:54.029+0000] {processor.py:840} INFO - DAG(s) '03_getting_started_data_pipeline' retrieved from /opt/airflow/dags/dag_03_data_pipeline.py
[2026-06-16T14:49:54.075+0000] {logging_mixin.py:188} INFO - [2026-06-16T14:49:54.074+0000] {dag.py:3089} INFO - Sync 1 DAGs
[2026-06-16T14:49:54.089+0000] {logging_mixin.py:188} INFO - [2026-06-16T14:49:54.089+0000] {dag.py:3947} INFO - Setting next_dagrun for 03_getting_started_data_pipeline to None, run_after=None
[2026-06-16T14:49:54.117+0000] {processor.py:183} INFO - Processing /opt/airflow/dags/dag_03_data_pipeline.py took 0.112 seconds
[2026-06-16T14:50:25.093+0000] {processor.py:161} INFO - Started process (PID=12183) to work on /opt/airflow/dags/dag_03_data_pipeline.py
[2026-06-16T14:50:25.103+0000] {processor.py:830} INFO - Processing file /opt/airflow/dags/dag_03_data_pipeline.py for tasks to queue
[2026-06-16T14:50:25.106+0000] {logging_mixin.py:188} INFO - [2026-06-16T14:50:25.105+0000] {dagbag.py:545} INFO - Filling up the DagBag from /opt/airflow/dags/dag_03_data_pipeline.py
[2026-06-16T14:50:25.117+0000] {processor.py:840} INFO - DAG(s) '03_getting_started_data_pipeline' retrieved from /opt/airflow/dags/dag_03_data_pipeline.py
[2026-06-16T14:50:25.166+0000] {logging_mixin.py:188} INFO - [2026-06-16T14:50:25.166+0000] {dag.py:3089} INFO - Sync 1 DAGs
[2026-06-16T14:50:25.185+0000] {logging_mixin.py:188} INFO - [2026-06-16T14:50:25.185+0000] {dag.py:3947} INFO - Setting next_dagrun for 03_getting_started_data_pipeline to None, run_after=None
[2026-06-16T14:50:25.212+0000] {processor.py:183} INFO - Processing /opt/airflow/dags/dag_03_data_pipeline.py took 0.129 seconds
[2026-06-16T14:50:56.163+0000] {processor.py:161} INFO - Started process (PID=12223) to work on /opt/airflow/dags/dag_03_data_pipeline.py
[2026-06-16T14:50:56.165+0000] {processor.py:830} INFO - Processing file /opt/airflow/dags/dag_03_data_pipeline.py for tasks to queue
[2026-06-16T14:50:56.167+0000] {logging_mixin.py:188} INFO - [2026-06-16T14:50:56.166+0000] {dagbag.py:545} INFO - Filling up the DagBag from /opt/airflow/dags/dag_03_data_pipeline.py
[2026-06-16T14:50:56.178+0000] {processor.py:840} INFO - DAG(s) '03_getting_started_data_pipeline' retrieved from /opt/airflow/dags/dag_03_data_pipeline.py
[2026-06-16T14:50:56.221+0000] {logging_mixin.py:188} INFO - [2026-06-16T14:50:56.221+0000] {dag.py:3089} INFO - Sync 1 DAGs
[2026-06-16T14:50:56.236+0000] {logging_mixin.py:188} INFO - [2026-06-16T14:50:56.236+0000] {dag.py:3947} INFO - Setting next_dagrun for 03_getting_started_data_pipeline to None, run_after=None
[2026-06-16T14:50:56.262+0000] {processor.py:183} INFO - Processing /opt/airflow/dags/dag_03_data_pipeline.py took 0.109 seconds
[2026-06-16T14:51:26.422+0000] {processor.py:161} INFO - Started process (PID=12263) to work on /opt/airflow/dags/dag_03_data_pipeline.py
[2026-06-16T14:51:26.424+0000] {processor.py:830} INFO - Processing file /opt/airflow/dags/dag_03_data_pipeline.py for tasks to queue
[2026-06-16T14:51:26.426+0000] {logging_mixin.py:188} INFO - [2026-06-16T14:51:26.426+0000] {dagbag.py:545} INFO - Filling up the DagBag from /opt/airflow/dags/dag_03_data_pipeline.py
[2026-06-16T14:51:26.437+0000] {processor.py:840} INFO - DAG(s) '03_getting_started_data_pipeline' retrieved from /opt/airflow/dags/dag_03_data_pipeline.py
[2026-06-16T14:51:26.486+0000] {logging_mixin.py:188} INFO - [2026-06-16T14:51:26.486+0000] {dag.py:3089} INFO - Sync 1 DAGs
[2026-06-16T14:51:26.504+0000] {logging_mixin.py:188} INFO - [2026-06-16T14:51:26.503+0000] {dag.py:3947} INFO - Setting next_dagrun for 03_getting_started_data_pipeline to None, run_after=None
[2026-06-16T14:51:26.530+0000] {processor.py:183} INFO - Processing /opt/airflow/dags/dag_03_data_pipeline.py took 0.117 seconds
[2026-06-16T14:51:56.650+0000] {processor.py:161} INFO - Started process (PID=12303) to work on /opt/airflow/dags/dag_03_data_pipeline.py
[2026-06-16T14:51:56.651+0000] {processor.py:830} INFO - Processing file /opt/airflow/dags/dag_03_data_pipeline.py for tasks to queue
[2026-06-16T14:51:56.653+0000] {logging_mixin.py:188} INFO - [2026-06-16T14:51:56.652+0000] {dagbag.py:545} INFO - Filling up the DagBag from /opt/airflow/dags/dag_03_data_pipeline.py
[2026-06-16T14:51:56.663+0000] {processor.py:840} INFO - DAG(s) '03_getting_started_data_pipeline' retrieved from /opt/airflow/dags/dag_03_data_pipeline.py
[2026-06-16T14:51:56.713+0000] {logging_mixin.py:188} INFO - [2026-06-16T14:51:56.713+0000] {dag.py:3089} INFO - Sync 1 DAGs
[2026-06-16T14:51:56.728+0000] {logging_mixin.py:188} INFO - [2026-06-16T14:51:56.727+0000] {dag.py:3947} INFO - Setting next_dagrun for 03_getting_started_data_pipeline to None, run_after=None
[2026-06-16T14:51:56.754+0000] {processor.py:183} INFO - Processing /opt/airflow/dags/dag_03_data_pipeline.py took 0.113 seconds
[2026-06-16T14:52:26.809+0000] {processor.py:161} INFO - Started process (PID=12343) to work on /opt/airflow/dags/dag_03_data_pipeline.py
[2026-06-16T14:52:26.811+0000] {processor.py:830} INFO - Processing file /opt/airflow/dags/dag_03_data_pipeline.py for tasks to queue
[2026-06-16T14:52:26.813+0000] {logging_mixin.py:188} INFO - [2026-06-16T14:52:26.813+0000] {dagbag.py:545} INFO - Filling up the DagBag from /opt/airflow/dags/dag_03_data_pipeline.py
[2026-06-16T14:52:26.825+0000] {processor.py:840} INFO - DAG(s) '03_getting_started_data_pipeline' retrieved from /opt/airflow/dags/dag_03_data_pipeline.py
[2026-06-16T14:52:26.877+0000] {logging_mixin.py:188} INFO - [2026-06-16T14:52:26.877+0000] {dag.py:3089} INFO - Sync 1 DAGs
[2026-06-16T14:52:26.901+0000] {logging_mixin.py:188} INFO - [2026-06-16T14:52:26.901+0000] {dag.py:3947} INFO - Setting next_dagrun for 03_getting_started_data_pipeline to None, run_after=None
[2026-06-16T14:52:26.932+0000] {processor.py:183} INFO - Processing /opt/airflow/dags/dag_03_data_pipeline.py took 0.133 seconds
[2026-06-16T14:52:57.897+0000] {processor.py:161} INFO - Started process (PID=12383) to work on /opt/airflow/dags/dag_03_data_pipeline.py
[2026-06-16T14:52:57.908+0000] {processor.py:830} INFO - Processing file /opt/airflow/dags/dag_03_data_pipeline.py for tasks to queue
[2026-06-16T14:52:57.910+0000] {logging_mixin.py:188} INFO - [2026-06-16T14:52:57.910+0000] {dagbag.py:545} INFO - Filling up the DagBag from /opt/airflow/dags/dag_03_data_pipeline.py
[2026-06-16T14:52:57.920+0000] {processor.py:840} INFO - DAG(s) '03_getting_started_data_pipeline' retrieved from /opt/airflow/dags/dag_03_data_pipeline.py
[2026-06-16T14:52:57.964+0000] {logging_mixin.py:188} INFO - [2026-06-16T14:52:57.964+0000] {dag.py:3089} INFO - Sync 1 DAGs
[2026-06-16T14:52:57.981+0000] {logging_mixin.py:188} INFO - [2026-06-16T14:52:57.981+0000] {dag.py:3947} INFO - Setting next_dagrun for 03_getting_started_data_pipeline to None, run_after=None
[2026-06-16T14:52:58.005+0000] {processor.py:183} INFO - Processing /opt/airflow/dags/dag_03_data_pipeline.py took 0.118 seconds
[2026-06-16T14:53:28.970+0000] {processor.py:161} INFO - Started process (PID=12423) to work on /opt/airflow/dags/dag_03_data_pipeline.py
[2026-06-16T14:53:28.972+0000] {processor.py:830} INFO - Processing file /opt/airflow/dags/dag_03_data_pipeline.py for tasks to queue
[2026-06-16T14:53:28.974+0000] {logging_mixin.py:188} INFO - [2026-06-16T14:53:28.973+0000] {dagbag.py:545} INFO - Filling up the DagBag from /opt/airflow/dags/dag_03_data_pipeline.py
[2026-06-16T14:53:28.984+0000] {processor.py:840} INFO - DAG(s) '03_getting_started_data_pipeline' retrieved from /opt/airflow/dags/dag_03_data_pipeline.py
[2026-06-16T14:53:29.029+0000] {logging_mixin.py:188} INFO - [2026-06-16T14:53:29.028+0000] {dag.py:3089} INFO - Sync 1 DAGs
[2026-06-16T14:53:29.043+0000] {logging_mixin.py:188} INFO - [2026-06-16T14:53:29.043+0000] {dag.py:3947} INFO - Setting next_dagrun for 03_getting_started_data_pipeline to None, run_after=None
[2026-06-16T14:53:29.071+0000] {processor.py:183} INFO - Processing /opt/airflow/dags/dag_03_data_pipeline.py took 0.110 seconds
[2026-06-16T14:53:59.128+0000] {processor.py:161} INFO - Started process (PID=12463) to work on /opt/airflow/dags/dag_03_data_pipeline.py
[2026-06-16T14:53:59.131+0000] {processor.py:830} INFO - Processing file /opt/airflow/dags/dag_03_data_pipeline.py for tasks to queue
[2026-06-16T14:53:59.133+0000] {logging_mixin.py:188} INFO - [2026-06-16T14:53:59.133+0000] {dagbag.py:545} INFO - Filling up the DagBag from /opt/airflow/dags/dag_03_data_pipeline.py
[2026-06-16T14:53:59.146+0000] {processor.py:840} INFO - DAG(s) '03_getting_started_data_pipeline' retrieved from /opt/airflow/dags/dag_03_data_pipeline.py
[2026-06-16T14:53:59.194+0000] {logging_mixin.py:188} INFO - [2026-06-16T14:53:59.194+0000] {dag.py:3089} INFO - Sync 1 DAGs
[2026-06-16T14:53:59.210+0000] {logging_mixin.py:188} INFO - [2026-06-16T14:53:59.210+0000] {dag.py:3947} INFO - Setting next_dagrun for 03_getting_started_data_pipeline to None, run_after=None
[2026-06-16T14:53:59.236+0000] {processor.py:183} INFO - Processing /opt/airflow/dags/dag_03_data_pipeline.py took 0.117 seconds
[2026-06-16T14:54:30.210+0000] {processor.py:161} INFO - Started process (PID=12503) to work on /opt/airflow/dags/dag_03_data_pipeline.py
[2026-06-16T14:54:30.211+0000] {processor.py:830} INFO - Processing file /opt/airflow/dags/dag_03_data_pipeline.py for tasks to queue
[2026-06-16T14:54:30.213+0000] {logging_mixin.py:188} INFO - [2026-06-16T14:54:30.213+0000] {dagbag.py:545} INFO - Filling up the DagBag from /opt/airflow/dags/dag_03_data_pipeline.py
[2026-06-16T14:54:30.224+0000] {processor.py:840} INFO - DAG(s) '03_getting_started_data_pipeline' retrieved from /opt/airflow/dags/dag_03_data_pipeline.py
[2026-06-16T14:54:30.272+0000] {logging_mixin.py:188} INFO - [2026-06-16T14:54:30.271+0000] {dag.py:3089} INFO - Sync 1 DAGs
[2026-06-16T14:54:30.288+0000] {logging_mixin.py:188} INFO - [2026-06-16T14:54:30.287+0000] {dag.py:3947} INFO - Setting next_dagrun for 03_getting_started_data_pipeline to None, run_after=None
[2026-06-16T14:54:30.316+0000] {processor.py:183} INFO - Processing /opt/airflow/dags/dag_03_data_pipeline.py took 0.116 seconds
[2026-06-16T14:55:01.305+0000] {processor.py:161} INFO - Started process (PID=12543) to work on /opt/airflow/dags/dag_03_data_pipeline.py
[2026-06-16T14:55:01.307+0000] {processor.py:830} INFO - Processing file /opt/airflow/dags/dag_03_data_pipeline.py for tasks to queue
[2026-06-16T14:55:01.309+0000] {logging_mixin.py:188} INFO - [2026-06-16T14:55:01.308+0000] {dagbag.py:545} INFO - Filling up the DagBag from /opt/airflow/dags/dag_03_data_pipeline.py
[2026-06-16T14:55:01.319+0000] {processor.py:840} INFO - DAG(s) '03_getting_started_data_pipeline' retrieved from /opt/airflow/dags/dag_03_data_pipeline.py
[2026-06-16T14:55:01.364+0000] {logging_mixin.py:188} INFO - [2026-06-16T14:55:01.364+0000] {dag.py:3089} INFO - Sync 1 DAGs
[2026-06-16T14:55:01.379+0000] {logging_mixin.py:188} INFO - [2026-06-16T14:55:01.379+0000] {dag.py:3947} INFO - Setting next_dagrun for 03_getting_started_data_pipeline to None, run_after=None
[2026-06-16T14:55:01.407+0000] {processor.py:183} INFO - Processing /opt/airflow/dags/dag_03_data_pipeline.py took 0.112 seconds
[2026-06-16T14:55:32.392+0000] {processor.py:161} INFO - Started process (PID=12583) to work on /opt/airflow/dags/dag_03_data_pipeline.py
[2026-06-16T14:55:32.403+0000] {processor.py:830} INFO - Processing file /opt/airflow/dags/dag_03_data_pipeline.py for tasks to queue
[2026-06-16T14:55:32.405+0000] {logging_mixin.py:188} INFO - [2026-06-16T14:55:32.404+0000] {dagbag.py:545} INFO - Filling up the DagBag from /opt/airflow/dags/dag_03_data_pipeline.py
[2026-06-16T14:55:32.416+0000] {processor.py:840} INFO - DAG(s) '03_getting_started_data_pipeline' retrieved from /opt/airflow/dags/dag_03_data_pipeline.py
[2026-06-16T14:55:32.461+0000] {logging_mixin.py:188} INFO - [2026-06-16T14:55:32.461+0000] {dag.py:3089} INFO - Sync 1 DAGs
[2026-06-16T14:55:32.477+0000] {logging_mixin.py:188} INFO - [2026-06-16T14:55:32.477+0000] {dag.py:3947} INFO - Setting next_dagrun for 03_getting_started_data_pipeline to None, run_after=None
[2026-06-16T14:55:32.504+0000] {processor.py:183} INFO - Processing /opt/airflow/dags/dag_03_data_pipeline.py took 0.121 seconds
[2026-06-16T14:56:03.473+0000] {processor.py:161} INFO - Started process (PID=12623) to work on /opt/airflow/dags/dag_03_data_pipeline.py
[2026-06-16T14:56:03.475+0000] {processor.py:830} INFO - Processing file /opt/airflow/dags/dag_03_data_pipeline.py for tasks to queue
[2026-06-16T14:56:03.477+0000] {logging_mixin.py:188} INFO - [2026-06-16T14:56:03.476+0000] {dagbag.py:545} INFO - Filling up the DagBag from /opt/airflow/dags/dag_03_data_pipeline.py
[2026-06-16T14:56:03.489+0000] {processor.py:840} INFO - DAG(s) '03_getting_started_data_pipeline' retrieved from /opt/airflow/dags/dag_03_data_pipeline.py
[2026-06-16T14:56:03.534+0000] {logging_mixin.py:188} INFO - [2026-06-16T14:56:03.534+0000] {dag.py:3089} INFO - Sync 1 DAGs
[2026-06-16T14:56:03.548+0000] {logging_mixin.py:188} INFO - [2026-06-16T14:56:03.548+0000] {dag.py:3947} INFO - Setting next_dagrun for 03_getting_started_data_pipeline to None, run_after=None
[2026-06-16T14:56:03.576+0000] {processor.py:183} INFO - Processing /opt/airflow/dags/dag_03_data_pipeline.py took 0.113 seconds
[2026-06-16T14:56:34.538+0000] {processor.py:161} INFO - Started process (PID=12663) to work on /opt/airflow/dags/dag_03_data_pipeline.py
[2026-06-16T14:56:34.539+0000] {processor.py:830} INFO - Processing file /opt/airflow/dags/dag_03_data_pipeline.py for tasks to queue
[2026-06-16T14:56:34.541+0000] {logging_mixin.py:188} INFO - [2026-06-16T14:56:34.540+0000] {dagbag.py:545} INFO - Filling up the DagBag from /opt/airflow/dags/dag_03_data_pipeline.py
[2026-06-16T14:56:34.552+0000] {processor.py:840} INFO - DAG(s) '03_getting_started_data_pipeline' retrieved from /opt/airflow/dags/dag_03_data_pipeline.py
[2026-06-16T14:56:34.602+0000] {logging_mixin.py:188} INFO - [2026-06-16T14:56:34.602+0000] {dag.py:3089} INFO - Sync 1 DAGs
[2026-06-16T14:56:34.619+0000] {logging_mixin.py:188} INFO - [2026-06-16T14:56:34.619+0000] {dag.py:3947} INFO - Setting next_dagrun for 03_getting_started_data_pipeline to None, run_after=None
[2026-06-16T14:56:34.647+0000] {processor.py:183} INFO - Processing /opt/airflow/dags/dag_03_data_pipeline.py took 0.119 seconds
[2026-06-16T14:57:05.618+0000] {processor.py:161} INFO - Started process (PID=12703) to work on /opt/airflow/dags/dag_03_data_pipeline.py
[2026-06-16T14:57:05.620+0000] {processor.py:830} INFO - Processing file /opt/airflow/dags/dag_03_data_pipeline.py for tasks to queue
[2026-06-16T14:57:05.622+0000] {logging_mixin.py:188} INFO - [2026-06-16T14:57:05.621+0000] {dagbag.py:545} INFO - Filling up the DagBag from /opt/airflow/dags/dag_03_data_pipeline.py
[2026-06-16T14:57:05.633+0000] {processor.py:840} INFO - DAG(s) '03_getting_started_data_pipeline' retrieved from /opt/airflow/dags/dag_03_data_pipeline.py
[2026-06-16T14:57:05.677+0000] {logging_mixin.py:188} INFO - [2026-06-16T14:57:05.677+0000] {dag.py:3089} INFO - Sync 1 DAGs
[2026-06-16T14:57:05.691+0000] {logging_mixin.py:188} INFO - [2026-06-16T14:57:05.691+0000] {dag.py:3947} INFO - Setting next_dagrun for 03_getting_started_data_pipeline to None, run_after=None
[2026-06-16T14:57:05.718+0000] {processor.py:183} INFO - Processing /opt/airflow/dags/dag_03_data_pipeline.py took 0.111 seconds
[2026-06-16T14:57:36.725+0000] {processor.py:161} INFO - Started process (PID=12743) to work on /opt/airflow/dags/dag_03_data_pipeline.py
[2026-06-16T14:57:36.727+0000] {processor.py:830} INFO - Processing file /opt/airflow/dags/dag_03_data_pipeline.py for tasks to queue
[2026-06-16T14:57:36.730+0000] {logging_mixin.py:188} INFO - [2026-06-16T14:57:36.729+0000] {dagbag.py:545} INFO - Filling up the DagBag from /opt/airflow/dags/dag_03_data_pipeline.py
[2026-06-16T14:57:36.742+0000] {processor.py:840} INFO - DAG(s) '03_getting_started_data_pipeline' retrieved from /opt/airflow/dags/dag_03_data_pipeline.py
[2026-06-16T14:57:36.796+0000] {logging_mixin.py:188} INFO - [2026-06-16T14:57:36.796+0000] {dag.py:3089} INFO - Sync 1 DAGs
[2026-06-16T14:57:36.813+0000] {logging_mixin.py:188} INFO - [2026-06-16T14:57:36.813+0000] {dag.py:3947} INFO - Setting next_dagrun for 03_getting_started_data_pipeline to None, run_after=None
[2026-06-16T14:57:36.837+0000] {processor.py:183} INFO - Processing /opt/airflow/dags/dag_03_data_pipeline.py took 0.122 seconds
[2026-06-16T14:58:07.778+0000] {processor.py:161} INFO - Started process (PID=12783) to work on /opt/airflow/dags/dag_03_data_pipeline.py
[2026-06-16T14:58:07.779+0000] {processor.py:830} INFO - Processing file /opt/airflow/dags/dag_03_data_pipeline.py for tasks to queue
[2026-06-16T14:58:07.781+0000] {logging_mixin.py:188} INFO - [2026-06-16T14:58:07.781+0000] {dagbag.py:545} INFO - Filling up the DagBag from /opt/airflow/dags/dag_03_data_pipeline.py
[2026-06-16T14:58:07.793+0000] {processor.py:840} INFO - DAG(s) '03_getting_started_data_pipeline' retrieved from /opt/airflow/dags/dag_03_data_pipeline.py
[2026-06-16T14:58:07.836+0000] {logging_mixin.py:188} INFO - [2026-06-16T14:58:07.836+0000] {dag.py:3089} INFO - Sync 1 DAGs
[2026-06-16T14:58:07.851+0000] {logging_mixin.py:188} INFO - [2026-06-16T14:58:07.851+0000] {dag.py:3947} INFO - Setting next_dagrun for 03_getting_started_data_pipeline to None, run_after=None
[2026-06-16T14:58:07.881+0000] {processor.py:183} INFO - Processing /opt/airflow/dags/dag_03_data_pipeline.py took 0.113 seconds
[2026-06-16T14:58:37.923+0000] {processor.py:161} INFO - Started process (PID=12822) to work on /opt/airflow/dags/dag_03_data_pipeline.py
[2026-06-16T14:58:37.925+0000] {processor.py:830} INFO - Processing file /opt/airflow/dags/dag_03_data_pipeline.py for tasks to queue
[2026-06-16T14:58:37.927+0000] {logging_mixin.py:188} INFO - [2026-06-16T14:58:37.926+0000] {dagbag.py:545} INFO - Filling up the DagBag from /opt/airflow/dags/dag_03_data_pipeline.py
[2026-06-16T14:58:37.941+0000] {processor.py:840} INFO - DAG(s) '03_getting_started_data_pipeline' retrieved from /opt/airflow/dags/dag_03_data_pipeline.py
[2026-06-16T14:58:37.989+0000] {logging_mixin.py:188} INFO - [2026-06-16T14:58:37.988+0000] {dag.py:3089} INFO - Sync 1 DAGs
[2026-06-16T14:58:38.005+0000] {logging_mixin.py:188} INFO - [2026-06-16T14:58:38.004+0000] {dag.py:3947} INFO - Setting next_dagrun for 03_getting_started_data_pipeline to None, run_after=None
[2026-06-16T14:58:38.030+0000] {processor.py:183} INFO - Processing /opt/airflow/dags/dag_03_data_pipeline.py took 0.116 seconds
[2026-06-16T14:59:08.939+0000] {processor.py:161} INFO - Started process (PID=12863) to work on /opt/airflow/dags/dag_03_data_pipeline.py
[2026-06-16T14:59:08.940+0000] {processor.py:830} INFO - Processing file /opt/airflow/dags/dag_03_data_pipeline.py for tasks to queue
[2026-06-16T14:59:08.942+0000] {logging_mixin.py:188} INFO - [2026-06-16T14:59:08.942+0000] {dagbag.py:545} INFO - Filling up the DagBag from /opt/airflow/dags/dag_03_data_pipeline.py
[2026-06-16T14:59:08.953+0000] {processor.py:840} INFO - DAG(s) '03_getting_started_data_pipeline' retrieved from /opt/airflow/dags/dag_03_data_pipeline.py
[2026-06-16T14:59:08.995+0000] {logging_mixin.py:188} INFO - [2026-06-16T14:59:08.995+0000] {dag.py:3089} INFO - Sync 1 DAGs
[2026-06-16T14:59:09.009+0000] {logging_mixin.py:188} INFO - [2026-06-16T14:59:09.009+0000] {dag.py:3947} INFO - Setting next_dagrun for 03_getting_started_data_pipeline to None, run_after=None
[2026-06-16T14:59:09.031+0000] {processor.py:183} INFO - Processing /opt/airflow/dags/dag_03_data_pipeline.py took 0.099 seconds
[2026-06-16T14:59:39.128+0000] {processor.py:161} INFO - Started process (PID=12901) to work on /opt/airflow/dags/dag_03_data_pipeline.py
[2026-06-16T14:59:39.129+0000] {processor.py:830} INFO - Processing file /opt/airflow/dags/dag_03_data_pipeline.py for tasks to queue
[2026-06-16T14:59:39.131+0000] {logging_mixin.py:188} INFO - [2026-06-16T14:59:39.131+0000] {dagbag.py:545} INFO - Filling up the DagBag from /opt/airflow/dags/dag_03_data_pipeline.py
[2026-06-16T14:59:39.143+0000] {processor.py:840} INFO - DAG(s) '03_getting_started_data_pipeline' retrieved from /opt/airflow/dags/dag_03_data_pipeline.py
[2026-06-16T14:59:39.186+0000] {logging_mixin.py:188} INFO - [2026-06-16T14:59:39.186+0000] {dag.py:3089} INFO - Sync 1 DAGs
[2026-06-16T14:59:39.203+0000] {logging_mixin.py:188} INFO - [2026-06-16T14:59:39.203+0000] {dag.py:3947} INFO - Setting next_dagrun for 03_getting_started_data_pipeline to None, run_after=None
[2026-06-16T14:59:39.227+0000] {processor.py:183} INFO - Processing /opt/airflow/dags/dag_03_data_pipeline.py took 0.109 seconds
[2026-06-16T15:00:09.342+0000] {processor.py:161} INFO - Started process (PID=12943) to work on /opt/airflow/dags/dag_03_data_pipeline.py
[2026-06-16T15:00:09.343+0000] {processor.py:830} INFO - Processing file /opt/airflow/dags/dag_03_data_pipeline.py for tasks to queue
[2026-06-16T15:00:09.345+0000] {logging_mixin.py:188} INFO - [2026-06-16T15:00:09.345+0000] {dagbag.py:545} INFO - Filling up the DagBag from /opt/airflow/dags/dag_03_data_pipeline.py
[2026-06-16T15:00:09.357+0000] {processor.py:840} INFO - DAG(s) '03_getting_started_data_pipeline' retrieved from /opt/airflow/dags/dag_03_data_pipeline.py
[2026-06-16T15:00:09.400+0000] {logging_mixin.py:188} INFO - [2026-06-16T15:00:09.400+0000] {dag.py:3089} INFO - Sync 1 DAGs
[2026-06-16T15:00:09.415+0000] {logging_mixin.py:188} INFO - [2026-06-16T15:00:09.415+0000] {dag.py:3947} INFO - Setting next_dagrun for 03_getting_started_data_pipeline to None, run_after=None
[2026-06-16T15:00:09.438+0000] {processor.py:183} INFO - Processing /opt/airflow/dags/dag_03_data_pipeline.py took 0.103 seconds
[2026-06-16T15:00:39.533+0000] {processor.py:161} INFO - Started process (PID=12981) to work on /opt/airflow/dags/dag_03_data_pipeline.py
[2026-06-16T15:00:39.535+0000] {processor.py:830} INFO - Processing file /opt/airflow/dags/dag_03_data_pipeline.py for tasks to queue
[2026-06-16T15:00:39.537+0000] {logging_mixin.py:188} INFO - [2026-06-16T15:00:39.537+0000] {dagbag.py:545} INFO - Filling up the DagBag from /opt/airflow/dags/dag_03_data_pipeline.py
[2026-06-16T15:00:39.551+0000] {processor.py:840} INFO - DAG(s) '03_getting_started_data_pipeline' retrieved from /opt/airflow/dags/dag_03_data_pipeline.py
[2026-06-16T15:00:39.598+0000] {logging_mixin.py:188} INFO - [2026-06-16T15:00:39.598+0000] {dag.py:3089} INFO - Sync 1 DAGs
[2026-06-16T15:00:39.613+0000] {logging_mixin.py:188} INFO - [2026-06-16T15:00:39.613+0000] {dag.py:3947} INFO - Setting next_dagrun for 03_getting_started_data_pipeline to None, run_after=None
[2026-06-16T15:00:39.638+0000] {processor.py:183} INFO - Processing /opt/airflow/dags/dag_03_data_pipeline.py took 0.114 seconds
[2026-06-16T15:01:10.250+0000] {processor.py:161} INFO - Started process (PID=13023) to work on /opt/airflow/dags/dag_03_data_pipeline.py
[2026-06-16T15:01:10.253+0000] {processor.py:830} INFO - Processing file /opt/airflow/dags/dag_03_data_pipeline.py for tasks to queue
[2026-06-16T15:01:10.255+0000] {logging_mixin.py:188} INFO - [2026-06-16T15:01:10.255+0000] {dagbag.py:545} INFO - Filling up the DagBag from /opt/airflow/dags/dag_03_data_pipeline.py
[2026-06-16T15:01:10.268+0000] {processor.py:840} INFO - DAG(s) '03_getting_started_data_pipeline' retrieved from /opt/airflow/dags/dag_03_data_pipeline.py
[2026-06-16T15:01:10.314+0000] {logging_mixin.py:188} INFO - [2026-06-16T15:01:10.314+0000] {dag.py:3089} INFO - Sync 1 DAGs
[2026-06-16T15:01:10.331+0000] {logging_mixin.py:188} INFO - [2026-06-16T15:01:10.331+0000] {dag.py:3947} INFO - Setting next_dagrun for 03_getting_started_data_pipeline to None, run_after=None
[2026-06-16T15:01:10.360+0000] {processor.py:183} INFO - Processing /opt/airflow/dags/dag_03_data_pipeline.py took 0.119 seconds
[2026-06-16T15:01:40.433+0000] {processor.py:161} INFO - Started process (PID=13063) to work on /opt/airflow/dags/dag_03_data_pipeline.py
[2026-06-16T15:01:40.434+0000] {processor.py:830} INFO - Processing file /opt/airflow/dags/dag_03_data_pipeline.py for tasks to queue
[2026-06-16T15:01:40.436+0000] {logging_mixin.py:188} INFO - [2026-06-16T15:01:40.436+0000] {dagbag.py:545} INFO - Filling up the DagBag from /opt/airflow/dags/dag_03_data_pipeline.py
[2026-06-16T15:01:40.449+0000] {processor.py:840} INFO - DAG(s) '03_getting_started_data_pipeline' retrieved from /opt/airflow/dags/dag_03_data_pipeline.py
[2026-06-16T15:01:40.497+0000] {logging_mixin.py:188} INFO - [2026-06-16T15:01:40.496+0000] {dag.py:3089} INFO - Sync 1 DAGs
[2026-06-16T15:01:40.511+0000] {logging_mixin.py:188} INFO - [2026-06-16T15:01:40.511+0000] {dag.py:3947} INFO - Setting next_dagrun for 03_getting_started_data_pipeline to None, run_after=None
[2026-06-16T15:01:40.535+0000] {processor.py:183} INFO - Processing /opt/airflow/dags/dag_03_data_pipeline.py took 0.110 seconds
[2026-06-16T15:02:11.557+0000] {processor.py:161} INFO - Started process (PID=13101) to work on /opt/airflow/dags/dag_03_data_pipeline.py
[2026-06-16T15:02:11.558+0000] {processor.py:830} INFO - Processing file /opt/airflow/dags/dag_03_data_pipeline.py for tasks to queue
[2026-06-16T15:02:11.560+0000] {logging_mixin.py:188} INFO - [2026-06-16T15:02:11.560+0000] {dagbag.py:545} INFO - Filling up the DagBag from /opt/airflow/dags/dag_03_data_pipeline.py
[2026-06-16T15:02:11.572+0000] {processor.py:840} INFO - DAG(s) '03_getting_started_data_pipeline' retrieved from /opt/airflow/dags/dag_03_data_pipeline.py
[2026-06-16T15:02:11.616+0000] {logging_mixin.py:188} INFO - [2026-06-16T15:02:11.616+0000] {dag.py:3089} INFO - Sync 1 DAGs
[2026-06-16T15:02:11.633+0000] {logging_mixin.py:188} INFO - [2026-06-16T15:02:11.632+0000] {dag.py:3947} INFO - Setting next_dagrun for 03_getting_started_data_pipeline to None, run_after=None
[2026-06-16T15:02:11.655+0000] {processor.py:183} INFO - Processing /opt/airflow/dags/dag_03_data_pipeline.py took 0.106 seconds
[2026-06-16T15:02:42.632+0000] {processor.py:161} INFO - Started process (PID=13143) to work on /opt/airflow/dags/dag_03_data_pipeline.py
[2026-06-16T15:02:42.633+0000] {processor.py:830} INFO - Processing file /opt/airflow/dags/dag_03_data_pipeline.py for tasks to queue
[2026-06-16T15:02:42.637+0000] {logging_mixin.py:188} INFO - [2026-06-16T15:02:42.637+0000] {dagbag.py:545} INFO - Filling up the DagBag from /opt/airflow/dags/dag_03_data_pipeline.py
[2026-06-16T15:02:42.649+0000] {processor.py:840} INFO - DAG(s) '03_getting_started_data_pipeline' retrieved from /opt/airflow/dags/dag_03_data_pipeline.py
[2026-06-16T15:02:42.697+0000] {logging_mixin.py:188} INFO - [2026-06-16T15:02:42.697+0000] {dag.py:3089} INFO - Sync 1 DAGs
[2026-06-16T15:02:42.712+0000] {logging_mixin.py:188} INFO - [2026-06-16T15:02:42.712+0000] {dag.py:3947} INFO - Setting next_dagrun for 03_getting_started_data_pipeline to None, run_after=None
[2026-06-16T15:02:42.738+0000] {processor.py:183} INFO - Processing /opt/airflow/dags/dag_03_data_pipeline.py took 0.115 seconds
[2026-06-16T15:03:13.694+0000] {processor.py:161} INFO - Started process (PID=13183) to work on /opt/airflow/dags/dag_03_data_pipeline.py
[2026-06-16T15:03:13.696+0000] {processor.py:830} INFO - Processing file /opt/airflow/dags/dag_03_data_pipeline.py for tasks to queue
[2026-06-16T15:03:13.699+0000] {logging_mixin.py:188} INFO - [2026-06-16T15:03:13.698+0000] {dagbag.py:545} INFO - Filling up the DagBag from /opt/airflow/dags/dag_03_data_pipeline.py
[2026-06-16T15:03:13.711+0000] {processor.py:840} INFO - DAG(s) '03_getting_started_data_pipeline' retrieved from /opt/airflow/dags/dag_03_data_pipeline.py
[2026-06-16T15:03:13.759+0000] {logging_mixin.py:188} INFO - [2026-06-16T15:03:13.759+0000] {dag.py:3089} INFO - Sync 1 DAGs
[2026-06-16T15:03:13.774+0000] {logging_mixin.py:188} INFO - [2026-06-16T15:03:13.774+0000] {dag.py:3947} INFO - Setting next_dagrun for 03_getting_started_data_pipeline to None, run_after=None
[2026-06-16T15:03:13.802+0000] {processor.py:183} INFO - Processing /opt/airflow/dags/dag_03_data_pipeline.py took 0.117 seconds
[2026-06-16T15:03:44.762+0000] {processor.py:161} INFO - Started process (PID=13221) to work on /opt/airflow/dags/dag_03_data_pipeline.py
[2026-06-16T15:03:44.763+0000] {processor.py:830} INFO - Processing file /opt/airflow/dags/dag_03_data_pipeline.py for tasks to queue
[2026-06-16T15:03:44.766+0000] {logging_mixin.py:188} INFO - [2026-06-16T15:03:44.766+0000] {dagbag.py:545} INFO - Filling up the DagBag from /opt/airflow/dags/dag_03_data_pipeline.py
[2026-06-16T15:03:44.782+0000] {processor.py:840} INFO - DAG(s) '03_getting_started_data_pipeline' retrieved from /opt/airflow/dags/dag_03_data_pipeline.py
[2026-06-16T15:03:44.838+0000] {logging_mixin.py:188} INFO - [2026-06-16T15:03:44.837+0000] {dag.py:3089} INFO - Sync 1 DAGs
[2026-06-16T15:03:44.854+0000] {logging_mixin.py:188} INFO - [2026-06-16T15:03:44.854+0000] {dag.py:3947} INFO - Setting next_dagrun for 03_getting_started_data_pipeline to None, run_after=None
[2026-06-16T15:03:44.882+0000] {processor.py:183} INFO - Processing /opt/airflow/dags/dag_03_data_pipeline.py took 0.131 seconds
[2026-06-16T15:04:15.880+0000] {processor.py:161} INFO - Started process (PID=13263) to work on /opt/airflow/dags/dag_03_data_pipeline.py
[2026-06-16T15:04:15.882+0000] {processor.py:830} INFO - Processing file /opt/airflow/dags/dag_03_data_pipeline.py for tasks to queue
[2026-06-16T15:04:15.885+0000] {logging_mixin.py:188} INFO - [2026-06-16T15:04:15.885+0000] {dagbag.py:545} INFO - Filling up the DagBag from /opt/airflow/dags/dag_03_data_pipeline.py
[2026-06-16T15:04:15.899+0000] {processor.py:840} INFO - DAG(s) '03_getting_started_data_pipeline' retrieved from /opt/airflow/dags/dag_03_data_pipeline.py
[2026-06-16T15:04:15.947+0000] {logging_mixin.py:188} INFO - [2026-06-16T15:04:15.947+0000] {dag.py:3089} INFO - Sync 1 DAGs
[2026-06-16T15:04:15.963+0000] {logging_mixin.py:188} INFO - [2026-06-16T15:04:15.963+0000] {dag.py:3947} INFO - Setting next_dagrun for 03_getting_started_data_pipeline to None, run_after=None
[2026-06-16T15:04:15.990+0000] {processor.py:183} INFO - Processing /opt/airflow/dags/dag_03_data_pipeline.py took 0.122 seconds
[2026-06-16T15:04:46.947+0000] {processor.py:161} INFO - Started process (PID=13303) to work on /opt/airflow/dags/dag_03_data_pipeline.py
[2026-06-16T15:04:46.949+0000] {processor.py:830} INFO - Processing file /opt/airflow/dags/dag_03_data_pipeline.py for tasks to queue
[2026-06-16T15:04:46.952+0000] {logging_mixin.py:188} INFO - [2026-06-16T15:04:46.951+0000] {dagbag.py:545} INFO - Filling up the DagBag from /opt/airflow/dags/dag_03_data_pipeline.py
[2026-06-16T15:04:46.964+0000] {processor.py:840} INFO - DAG(s) '03_getting_started_data_pipeline' retrieved from /opt/airflow/dags/dag_03_data_pipeline.py
[2026-06-16T15:04:47.010+0000] {logging_mixin.py:188} INFO - [2026-06-16T15:04:47.010+0000] {dag.py:3089} INFO - Sync 1 DAGs
[2026-06-16T15:04:47.027+0000] {logging_mixin.py:188} INFO - [2026-06-16T15:04:47.026+0000] {dag.py:3947} INFO - Setting next_dagrun for 03_getting_started_data_pipeline to None, run_after=None
[2026-06-16T15:04:47.052+0000] {processor.py:183} INFO - Processing /opt/airflow/dags/dag_03_data_pipeline.py took 0.114 seconds
[2026-06-16T15:05:17.938+0000] {processor.py:161} INFO - Started process (PID=13341) to work on /opt/airflow/dags/dag_03_data_pipeline.py
[2026-06-16T15:05:17.939+0000] {processor.py:830} INFO - Processing file /opt/airflow/dags/dag_03_data_pipeline.py for tasks to queue
[2026-06-16T15:05:17.941+0000] {logging_mixin.py:188} INFO - [2026-06-16T15:05:17.941+0000] {dagbag.py:545} INFO - Filling up the DagBag from /opt/airflow/dags/dag_03_data_pipeline.py
[2026-06-16T15:05:17.954+0000] {processor.py:840} INFO - DAG(s) '03_getting_started_data_pipeline' retrieved from /opt/airflow/dags/dag_03_data_pipeline.py
[2026-06-16T15:05:17.999+0000] {logging_mixin.py:188} INFO - [2026-06-16T15:05:17.999+0000] {dag.py:3089} INFO - Sync 1 DAGs
[2026-06-16T15:05:18.014+0000] {logging_mixin.py:188} INFO - [2026-06-16T15:05:18.014+0000] {dag.py:3947} INFO - Setting next_dagrun for 03_getting_started_data_pipeline to None, run_after=None
[2026-06-16T15:05:18.037+0000] {processor.py:183} INFO - Processing /opt/airflow/dags/dag_03_data_pipeline.py took 0.107 seconds
[2026-06-16T15:05:49.095+0000] {processor.py:161} INFO - Started process (PID=13381) to work on /opt/airflow/dags/dag_03_data_pipeline.py
[2026-06-16T15:05:49.097+0000] {processor.py:830} INFO - Processing file /opt/airflow/dags/dag_03_data_pipeline.py for tasks to queue
[2026-06-16T15:05:49.100+0000] {logging_mixin.py:188} INFO - [2026-06-16T15:05:49.099+0000] {dagbag.py:545} INFO - Filling up the DagBag from /opt/airflow/dags/dag_03_data_pipeline.py
[2026-06-16T15:05:49.113+0000] {processor.py:840} INFO - DAG(s) '03_getting_started_data_pipeline' retrieved from /opt/airflow/dags/dag_03_data_pipeline.py
[2026-06-16T15:05:49.161+0000] {logging_mixin.py:188} INFO - [2026-06-16T15:05:49.160+0000] {dag.py:3089} INFO - Sync 1 DAGs
[2026-06-16T15:05:49.178+0000] {logging_mixin.py:188} INFO - [2026-06-16T15:05:49.177+0000] {dag.py:3947} INFO - Setting next_dagrun for 03_getting_started_data_pipeline to None, run_after=None
[2026-06-16T15:05:49.202+0000] {processor.py:183} INFO - Processing /opt/airflow/dags/dag_03_data_pipeline.py took 0.116 seconds
[2026-06-16T15:06:20.231+0000] {processor.py:161} INFO - Started process (PID=13423) to work on /opt/airflow/dags/dag_03_data_pipeline.py
[2026-06-16T15:06:20.234+0000] {processor.py:830} INFO - Processing file /opt/airflow/dags/dag_03_data_pipeline.py for tasks to queue
[2026-06-16T15:06:20.236+0000] {logging_mixin.py:188} INFO - [2026-06-16T15:06:20.236+0000] {dagbag.py:545} INFO - Filling up the DagBag from /opt/airflow/dags/dag_03_data_pipeline.py
[2026-06-16T15:06:20.249+0000] {processor.py:840} INFO - DAG(s) '03_getting_started_data_pipeline' retrieved from /opt/airflow/dags/dag_03_data_pipeline.py
[2026-06-16T15:06:20.297+0000] {logging_mixin.py:188} INFO - [2026-06-16T15:06:20.297+0000] {dag.py:3089} INFO - Sync 1 DAGs
[2026-06-16T15:06:20.313+0000] {logging_mixin.py:188} INFO - [2026-06-16T15:06:20.312+0000] {dag.py:3947} INFO - Setting next_dagrun for 03_getting_started_data_pipeline to None, run_after=None
[2026-06-16T15:06:20.342+0000] {processor.py:183} INFO - Processing /opt/airflow/dags/dag_03_data_pipeline.py took 0.122 seconds
[2026-06-16T15:06:50.401+0000] {processor.py:161} INFO - Started process (PID=13466) to work on /opt/airflow/dags/dag_03_data_pipeline.py
[2026-06-16T15:06:50.402+0000] {processor.py:830} INFO - Processing file /opt/airflow/dags/dag_03_data_pipeline.py for tasks to queue
[2026-06-16T15:06:50.405+0000] {logging_mixin.py:188} INFO - [2026-06-16T15:06:50.404+0000] {dagbag.py:545} INFO - Filling up the DagBag from /opt/airflow/dags/dag_03_data_pipeline.py
[2026-06-16T15:06:50.417+0000] {processor.py:840} INFO - DAG(s) '03_getting_started_data_pipeline' retrieved from /opt/airflow/dags/dag_03_data_pipeline.py
[2026-06-16T15:06:50.466+0000] {logging_mixin.py:188} INFO - [2026-06-16T15:06:50.466+0000] {dag.py:3089} INFO - Sync 1 DAGs
[2026-06-16T15:06:50.482+0000] {logging_mixin.py:188} INFO - [2026-06-16T15:06:50.482+0000] {dag.py:3947} INFO - Setting next_dagrun for 03_getting_started_data_pipeline to None, run_after=None
[2026-06-16T15:06:50.503+0000] {processor.py:183} INFO - Processing /opt/airflow/dags/dag_03_data_pipeline.py took 0.110 seconds
[2026-06-16T15:07:21.482+0000] {processor.py:161} INFO - Started process (PID=13501) to work on /opt/airflow/dags/dag_03_data_pipeline.py
[2026-06-16T15:07:21.484+0000] {processor.py:830} INFO - Processing file /opt/airflow/dags/dag_03_data_pipeline.py for tasks to queue
[2026-06-16T15:07:21.486+0000] {logging_mixin.py:188} INFO - [2026-06-16T15:07:21.486+0000] {dagbag.py:545} INFO - Filling up the DagBag from /opt/airflow/dags/dag_03_data_pipeline.py
[2026-06-16T15:07:21.499+0000] {processor.py:840} INFO - DAG(s) '03_getting_started_data_pipeline' retrieved from /opt/airflow/dags/dag_03_data_pipeline.py
[2026-06-16T15:07:21.544+0000] {logging_mixin.py:188} INFO - [2026-06-16T15:07:21.544+0000] {dag.py:3089} INFO - Sync 1 DAGs
[2026-06-16T15:07:21.558+0000] {logging_mixin.py:188} INFO - [2026-06-16T15:07:21.558+0000] {dag.py:3947} INFO - Setting next_dagrun for 03_getting_started_data_pipeline to None, run_after=None
[2026-06-16T15:07:21.579+0000] {processor.py:183} INFO - Processing /opt/airflow/dags/dag_03_data_pipeline.py took 0.105 seconds
[2026-06-16T15:07:52.578+0000] {processor.py:161} INFO - Started process (PID=13542) to work on /opt/airflow/dags/dag_03_data_pipeline.py
[2026-06-16T15:07:52.579+0000] {processor.py:830} INFO - Processing file /opt/airflow/dags/dag_03_data_pipeline.py for tasks to queue
[2026-06-16T15:07:52.581+0000] {logging_mixin.py:188} INFO - [2026-06-16T15:07:52.580+0000] {dagbag.py:545} INFO - Filling up the DagBag from /opt/airflow/dags/dag_03_data_pipeline.py
[2026-06-16T15:07:52.592+0000] {processor.py:840} INFO - DAG(s) '03_getting_started_data_pipeline' retrieved from /opt/airflow/dags/dag_03_data_pipeline.py
[2026-06-16T15:07:52.635+0000] {logging_mixin.py:188} INFO - [2026-06-16T15:07:52.635+0000] {dag.py:3089} INFO - Sync 1 DAGs
[2026-06-16T15:07:52.650+0000] {logging_mixin.py:188} INFO - [2026-06-16T15:07:52.650+0000] {dag.py:3947} INFO - Setting next_dagrun for 03_getting_started_data_pipeline to None, run_after=None
[2026-06-16T15:07:52.676+0000] {processor.py:183} INFO - Processing /opt/airflow/dags/dag_03_data_pipeline.py took 0.106 seconds
[2026-06-16T15:08:23.572+0000] {processor.py:161} INFO - Started process (PID=13583) to work on /opt/airflow/dags/dag_03_data_pipeline.py
[2026-06-16T15:08:23.574+0000] {processor.py:830} INFO - Processing file /opt/airflow/dags/dag_03_data_pipeline.py for tasks to queue
[2026-06-16T15:08:23.577+0000] {logging_mixin.py:188} INFO - [2026-06-16T15:08:23.576+0000] {dagbag.py:545} INFO - Filling up the DagBag from /opt/airflow/dags/dag_03_data_pipeline.py
[2026-06-16T15:08:23.590+0000] {processor.py:840} INFO - DAG(s) '03_getting_started_data_pipeline' retrieved from /opt/airflow/dags/dag_03_data_pipeline.py
[2026-06-16T15:08:23.646+0000] {logging_mixin.py:188} INFO - [2026-06-16T15:08:23.645+0000] {dag.py:3089} INFO - Sync 1 DAGs
[2026-06-16T15:08:23.662+0000] {logging_mixin.py:188} INFO - [2026-06-16T15:08:23.662+0000] {dag.py:3947} INFO - Setting next_dagrun for 03_getting_started_data_pipeline to None, run_after=None
[2026-06-16T15:08:23.687+0000] {processor.py:183} INFO - Processing /opt/airflow/dags/dag_03_data_pipeline.py took 0.125 seconds
[2026-06-16T15:08:53.812+0000] {processor.py:161} INFO - Started process (PID=13623) to work on /opt/airflow/dags/dag_03_data_pipeline.py
[2026-06-16T15:08:53.813+0000] {processor.py:830} INFO - Processing file /opt/airflow/dags/dag_03_data_pipeline.py for tasks to queue
[2026-06-16T15:08:53.816+0000] {logging_mixin.py:188} INFO - [2026-06-16T15:08:53.816+0000] {dagbag.py:545} INFO - Filling up the DagBag from /opt/airflow/dags/dag_03_data_pipeline.py
[2026-06-16T15:08:53.829+0000] {processor.py:840} INFO - DAG(s) '03_getting_started_data_pipeline' retrieved from /opt/airflow/dags/dag_03_data_pipeline.py
[2026-06-16T15:08:53.877+0000] {logging_mixin.py:188} INFO - [2026-06-16T15:08:53.876+0000] {dag.py:3089} INFO - Sync 1 DAGs
[2026-06-16T15:08:53.892+0000] {logging_mixin.py:188} INFO - [2026-06-16T15:08:53.892+0000] {dag.py:3947} INFO - Setting next_dagrun for 03_getting_started_data_pipeline to None, run_after=None
[2026-06-16T15:08:53.918+0000] {processor.py:183} INFO - Processing /opt/airflow/dags/dag_03_data_pipeline.py took 0.115 seconds
[2026-06-16T15:09:24.031+0000] {processor.py:161} INFO - Started process (PID=13661) to work on /opt/airflow/dags/dag_03_data_pipeline.py
[2026-06-16T15:09:24.033+0000] {processor.py:830} INFO - Processing file /opt/airflow/dags/dag_03_data_pipeline.py for tasks to queue
[2026-06-16T15:09:24.036+0000] {logging_mixin.py:188} INFO - [2026-06-16T15:09:24.035+0000] {dagbag.py:545} INFO - Filling up the DagBag from /opt/airflow/dags/dag_03_data_pipeline.py
[2026-06-16T15:09:24.052+0000] {processor.py:840} INFO - DAG(s) '03_getting_started_data_pipeline' retrieved from /opt/airflow/dags/dag_03_data_pipeline.py
[2026-06-16T15:09:24.109+0000] {logging_mixin.py:188} INFO - [2026-06-16T15:09:24.108+0000] {dag.py:3089} INFO - Sync 1 DAGs
[2026-06-16T15:09:24.124+0000] {logging_mixin.py:188} INFO - [2026-06-16T15:09:24.124+0000] {dag.py:3947} INFO - Setting next_dagrun for 03_getting_started_data_pipeline to None, run_after=None
[2026-06-16T15:09:24.151+0000] {processor.py:183} INFO - Processing /opt/airflow/dags/dag_03_data_pipeline.py took 0.133 seconds
[2026-06-16T15:09:54.222+0000] {processor.py:161} INFO - Started process (PID=13701) to work on /opt/airflow/dags/dag_03_data_pipeline.py
[2026-06-16T15:09:54.223+0000] {processor.py:830} INFO - Processing file /opt/airflow/dags/dag_03_data_pipeline.py for tasks to queue
[2026-06-16T15:09:54.225+0000] {logging_mixin.py:188} INFO - [2026-06-16T15:09:54.224+0000] {dagbag.py:545} INFO - Filling up the DagBag from /opt/airflow/dags/dag_03_data_pipeline.py
[2026-06-16T15:09:54.236+0000] {processor.py:840} INFO - DAG(s) '03_getting_started_data_pipeline' retrieved from /opt/airflow/dags/dag_03_data_pipeline.py
[2026-06-16T15:09:54.280+0000] {logging_mixin.py:188} INFO - [2026-06-16T15:09:54.279+0000] {dag.py:3089} INFO - Sync 1 DAGs
[2026-06-16T15:09:54.293+0000] {logging_mixin.py:188} INFO - [2026-06-16T15:09:54.293+0000] {dag.py:3947} INFO - Setting next_dagrun for 03_getting_started_data_pipeline to None, run_after=None
[2026-06-16T15:09:54.315+0000] {processor.py:183} INFO - Processing /opt/airflow/dags/dag_03_data_pipeline.py took 0.102 seconds
[2026-06-16T15:10:24.397+0000] {processor.py:161} INFO - Started process (PID=13741) to work on /opt/airflow/dags/dag_03_data_pipeline.py
[2026-06-16T15:10:24.398+0000] {processor.py:830} INFO - Processing file /opt/airflow/dags/dag_03_data_pipeline.py for tasks to queue
[2026-06-16T15:10:24.400+0000] {logging_mixin.py:188} INFO - [2026-06-16T15:10:24.400+0000] {dagbag.py:545} INFO - Filling up the DagBag from /opt/airflow/dags/dag_03_data_pipeline.py
[2026-06-16T15:10:24.413+0000] {processor.py:840} INFO - DAG(s) '03_getting_started_data_pipeline' retrieved from /opt/airflow/dags/dag_03_data_pipeline.py
[2026-06-16T15:10:24.463+0000] {logging_mixin.py:188} INFO - [2026-06-16T15:10:24.463+0000] {dag.py:3089} INFO - Sync 1 DAGs
[2026-06-16T15:10:24.479+0000] {logging_mixin.py:188} INFO - [2026-06-16T15:10:24.479+0000] {dag.py:3947} INFO - Setting next_dagrun for 03_getting_started_data_pipeline to None, run_after=None
[2026-06-16T15:10:24.503+0000] {processor.py:183} INFO - Processing /opt/airflow/dags/dag_03_data_pipeline.py took 0.115 seconds
[2026-06-16T15:10:54.688+0000] {processor.py:161} INFO - Started process (PID=13783) to work on /opt/airflow/dags/dag_03_data_pipeline.py
[2026-06-16T15:10:54.690+0000] {processor.py:830} INFO - Processing file /opt/airflow/dags/dag_03_data_pipeline.py for tasks to queue
[2026-06-16T15:10:54.692+0000] {logging_mixin.py:188} INFO - [2026-06-16T15:10:54.691+0000] {dagbag.py:545} INFO - Filling up the DagBag from /opt/airflow/dags/dag_03_data_pipeline.py
[2026-06-16T15:10:54.704+0000] {processor.py:840} INFO - DAG(s) '03_getting_started_data_pipeline' retrieved from /opt/airflow/dags/dag_03_data_pipeline.py
[2026-06-16T15:10:54.759+0000] {logging_mixin.py:188} INFO - [2026-06-16T15:10:54.759+0000] {dag.py:3089} INFO - Sync 1 DAGs
[2026-06-16T15:10:54.779+0000] {logging_mixin.py:188} INFO - [2026-06-16T15:10:54.779+0000] {dag.py:3947} INFO - Setting next_dagrun for 03_getting_started_data_pipeline to None, run_after=None
[2026-06-16T15:10:54.813+0000] {processor.py:183} INFO - Processing /opt/airflow/dags/dag_03_data_pipeline.py took 0.134 seconds
[2026-06-16T15:11:24.887+0000] {processor.py:161} INFO - Started process (PID=13823) to work on /opt/airflow/dags/dag_03_data_pipeline.py
[2026-06-16T15:11:24.888+0000] {processor.py:830} INFO - Processing file /opt/airflow/dags/dag_03_data_pipeline.py for tasks to queue
[2026-06-16T15:11:24.890+0000] {logging_mixin.py:188} INFO - [2026-06-16T15:11:24.890+0000] {dagbag.py:545} INFO - Filling up the DagBag from /opt/airflow/dags/dag_03_data_pipeline.py
[2026-06-16T15:11:24.900+0000] {processor.py:840} INFO - DAG(s) '03_getting_started_data_pipeline' retrieved from /opt/airflow/dags/dag_03_data_pipeline.py
[2026-06-16T15:11:24.946+0000] {logging_mixin.py:188} INFO - [2026-06-16T15:11:24.946+0000] {dag.py:3089} INFO - Sync 1 DAGs
[2026-06-16T15:11:24.960+0000] {logging_mixin.py:188} INFO - [2026-06-16T15:11:24.960+0000] {dag.py:3947} INFO - Setting next_dagrun for 03_getting_started_data_pipeline to None, run_after=None
[2026-06-16T15:11:24.984+0000] {processor.py:183} INFO - Processing /opt/airflow/dags/dag_03_data_pipeline.py took 0.106 seconds
[2026-06-16T15:11:55.068+0000] {processor.py:161} INFO - Started process (PID=13863) to work on /opt/airflow/dags/dag_03_data_pipeline.py
[2026-06-16T15:11:55.069+0000] {processor.py:830} INFO - Processing file /opt/airflow/dags/dag_03_data_pipeline.py for tasks to queue
[2026-06-16T15:11:55.071+0000] {logging_mixin.py:188} INFO - [2026-06-16T15:11:55.071+0000] {dagbag.py:545} INFO - Filling up the DagBag from /opt/airflow/dags/dag_03_data_pipeline.py
[2026-06-16T15:11:55.082+0000] {processor.py:840} INFO - DAG(s) '03_getting_started_data_pipeline' retrieved from /opt/airflow/dags/dag_03_data_pipeline.py
[2026-06-16T15:11:55.136+0000] {logging_mixin.py:188} INFO - [2026-06-16T15:11:55.135+0000] {dag.py:3089} INFO - Sync 1 DAGs
[2026-06-16T15:11:55.152+0000] {logging_mixin.py:188} INFO - [2026-06-16T15:11:55.152+0000] {dag.py:3947} INFO - Setting next_dagrun for 03_getting_started_data_pipeline to None, run_after=None
[2026-06-16T15:11:55.180+0000] {processor.py:183} INFO - Processing /opt/airflow/dags/dag_03_data_pipeline.py took 0.120 seconds
[2026-06-16T15:12:25.242+0000] {processor.py:161} INFO - Started process (PID=13903) to work on /opt/airflow/dags/dag_03_data_pipeline.py
[2026-06-16T15:12:25.243+0000] {processor.py:830} INFO - Processing file /opt/airflow/dags/dag_03_data_pipeline.py for tasks to queue
[2026-06-16T15:12:25.246+0000] {logging_mixin.py:188} INFO - [2026-06-16T15:12:25.245+0000] {dagbag.py:545} INFO - Filling up the DagBag from /opt/airflow/dags/dag_03_data_pipeline.py
[2026-06-16T15:12:25.258+0000] {processor.py:840} INFO - DAG(s) '03_getting_started_data_pipeline' retrieved from /opt/airflow/dags/dag_03_data_pipeline.py
[2026-06-16T15:12:25.308+0000] {logging_mixin.py:188} INFO - [2026-06-16T15:12:25.308+0000] {dag.py:3089} INFO - Sync 1 DAGs
[2026-06-16T15:12:25.327+0000] {logging_mixin.py:188} INFO - [2026-06-16T15:12:25.327+0000] {dag.py:3947} INFO - Setting next_dagrun for 03_getting_started_data_pipeline to None, run_after=None
[2026-06-16T15:12:25.360+0000] {processor.py:183} INFO - Processing /opt/airflow/dags/dag_03_data_pipeline.py took 0.128 seconds
[2026-06-16T15:12:55.468+0000] {processor.py:161} INFO - Started process (PID=13943) to work on /opt/airflow/dags/dag_03_data_pipeline.py
[2026-06-16T15:12:55.469+0000] {processor.py:830} INFO - Processing file /opt/airflow/dags/dag_03_data_pipeline.py for tasks to queue
[2026-06-16T15:12:55.472+0000] {logging_mixin.py:188} INFO - [2026-06-16T15:12:55.471+0000] {dagbag.py:545} INFO - Filling up the DagBag from /opt/airflow/dags/dag_03_data_pipeline.py
[2026-06-16T15:12:55.482+0000] {processor.py:840} INFO - DAG(s) '03_getting_started_data_pipeline' retrieved from /opt/airflow/dags/dag_03_data_pipeline.py
[2026-06-16T15:12:55.527+0000] {logging_mixin.py:188} INFO - [2026-06-16T15:12:55.527+0000] {dag.py:3089} INFO - Sync 1 DAGs
[2026-06-16T15:12:55.541+0000] {logging_mixin.py:188} INFO - [2026-06-16T15:12:55.541+0000] {dag.py:3947} INFO - Setting next_dagrun for 03_getting_started_data_pipeline to None, run_after=None
[2026-06-16T15:12:55.564+0000] {processor.py:183} INFO - Processing /opt/airflow/dags/dag_03_data_pipeline.py took 0.104 seconds
[2026-06-16T15:13:25.648+0000] {processor.py:161} INFO - Started process (PID=13981) to work on /opt/airflow/dags/dag_03_data_pipeline.py
[2026-06-16T15:13:25.649+0000] {processor.py:830} INFO - Processing file /opt/airflow/dags/dag_03_data_pipeline.py for tasks to queue
[2026-06-16T15:13:25.652+0000] {logging_mixin.py:188} INFO - [2026-06-16T15:13:25.651+0000] {dagbag.py:545} INFO - Filling up the DagBag from /opt/airflow/dags/dag_03_data_pipeline.py
[2026-06-16T15:13:25.663+0000] {processor.py:840} INFO - DAG(s) '03_getting_started_data_pipeline' retrieved from /opt/airflow/dags/dag_03_data_pipeline.py
[2026-06-16T15:13:25.715+0000] {logging_mixin.py:188} INFO - [2026-06-16T15:13:25.715+0000] {dag.py:3089} INFO - Sync 1 DAGs
[2026-06-16T15:13:25.733+0000] {logging_mixin.py:188} INFO - [2026-06-16T15:13:25.733+0000] {dag.py:3947} INFO - Setting next_dagrun for 03_getting_started_data_pipeline to None, run_after=None
[2026-06-16T15:13:25.759+0000] {processor.py:183} INFO - Processing /opt/airflow/dags/dag_03_data_pipeline.py took 0.119 seconds
[2026-06-16T15:13:55.840+0000] {processor.py:161} INFO - Started process (PID=14023) to work on /opt/airflow/dags/dag_03_data_pipeline.py
[2026-06-16T15:13:55.841+0000] {processor.py:830} INFO - Processing file /opt/airflow/dags/dag_03_data_pipeline.py for tasks to queue
[2026-06-16T15:13:55.843+0000] {logging_mixin.py:188} INFO - [2026-06-16T15:13:55.842+0000] {dagbag.py:545} INFO - Filling up the DagBag from /opt/airflow/dags/dag_03_data_pipeline.py
[2026-06-16T15:13:55.854+0000] {processor.py:840} INFO - DAG(s) '03_getting_started_data_pipeline' retrieved from /opt/airflow/dags/dag_03_data_pipeline.py
[2026-06-16T15:13:55.910+0000] {logging_mixin.py:188} INFO - [2026-06-16T15:13:55.909+0000] {dag.py:3089} INFO - Sync 1 DAGs
[2026-06-16T15:13:55.928+0000] {logging_mixin.py:188} INFO - [2026-06-16T15:13:55.927+0000] {dag.py:3947} INFO - Setting next_dagrun for 03_getting_started_data_pipeline to None, run_after=None
[2026-06-16T15:13:55.953+0000] {processor.py:183} INFO - Processing /opt/airflow/dags/dag_03_data_pipeline.py took 0.121 seconds
[2026-06-16T15:14:26.050+0000] {processor.py:161} INFO - Started process (PID=14063) to work on /opt/airflow/dags/dag_03_data_pipeline.py
[2026-06-16T15:14:26.051+0000] {processor.py:830} INFO - Processing file /opt/airflow/dags/dag_03_data_pipeline.py for tasks to queue
[2026-06-16T15:14:26.053+0000] {logging_mixin.py:188} INFO - [2026-06-16T15:14:26.052+0000] {dagbag.py:545} INFO - Filling up the DagBag from /opt/airflow/dags/dag_03_data_pipeline.py
[2026-06-16T15:14:26.063+0000] {processor.py:840} INFO - DAG(s) '03_getting_started_data_pipeline' retrieved from /opt/airflow/dags/dag_03_data_pipeline.py
[2026-06-16T15:14:26.107+0000] {logging_mixin.py:188} INFO - [2026-06-16T15:14:26.107+0000] {dag.py:3089} INFO - Sync 1 DAGs
[2026-06-16T15:14:26.123+0000] {logging_mixin.py:188} INFO - [2026-06-16T15:14:26.123+0000] {dag.py:3947} INFO - Setting next_dagrun for 03_getting_started_data_pipeline to None, run_after=None
[2026-06-16T15:14:26.145+0000] {processor.py:183} INFO - Processing /opt/airflow/dags/dag_03_data_pipeline.py took 0.102 seconds
[2026-06-16T15:14:56.256+0000] {processor.py:161} INFO - Started process (PID=14103) to work on /opt/airflow/dags/dag_03_data_pipeline.py
[2026-06-16T15:14:56.258+0000] {processor.py:830} INFO - Processing file /opt/airflow/dags/dag_03_data_pipeline.py for tasks to queue
[2026-06-16T15:14:56.261+0000] {logging_mixin.py:188} INFO - [2026-06-16T15:14:56.260+0000] {dagbag.py:545} INFO - Filling up the DagBag from /opt/airflow/dags/dag_03_data_pipeline.py
[2026-06-16T15:14:56.272+0000] {processor.py:840} INFO - DAG(s) '03_getting_started_data_pipeline' retrieved from /opt/airflow/dags/dag_03_data_pipeline.py
[2026-06-16T15:14:56.316+0000] {logging_mixin.py:188} INFO - [2026-06-16T15:14:56.315+0000] {dag.py:3089} INFO - Sync 1 DAGs
[2026-06-16T15:14:56.331+0000] {logging_mixin.py:188} INFO - [2026-06-16T15:14:56.331+0000] {dag.py:3947} INFO - Setting next_dagrun for 03_getting_started_data_pipeline to None, run_after=None
[2026-06-16T15:14:56.354+0000] {processor.py:183} INFO - Processing /opt/airflow/dags/dag_03_data_pipeline.py took 0.108 seconds
[2026-06-16T15:15:26.454+0000] {processor.py:161} INFO - Started process (PID=14143) to work on /opt/airflow/dags/dag_03_data_pipeline.py
[2026-06-16T15:15:26.455+0000] {processor.py:830} INFO - Processing file /opt/airflow/dags/dag_03_data_pipeline.py for tasks to queue
[2026-06-16T15:15:26.457+0000] {logging_mixin.py:188} INFO - [2026-06-16T15:15:26.457+0000] {dagbag.py:545} INFO - Filling up the DagBag from /opt/airflow/dags/dag_03_data_pipeline.py
[2026-06-16T15:15:26.467+0000] {processor.py:840} INFO - DAG(s) '03_getting_started_data_pipeline' retrieved from /opt/airflow/dags/dag_03_data_pipeline.py
[2026-06-16T15:15:26.511+0000] {logging_mixin.py:188} INFO - [2026-06-16T15:15:26.511+0000] {dag.py:3089} INFO - Sync 1 DAGs
[2026-06-16T15:15:26.526+0000] {logging_mixin.py:188} INFO - [2026-06-16T15:15:26.525+0000] {dag.py:3947} INFO - Setting next_dagrun for 03_getting_started_data_pipeline to None, run_after=None
[2026-06-16T15:15:26.548+0000] {processor.py:183} INFO - Processing /opt/airflow/dags/dag_03_data_pipeline.py took 0.101 seconds
[2026-06-16T15:15:56.631+0000] {processor.py:161} INFO - Started process (PID=14183) to work on /opt/airflow/dags/dag_03_data_pipeline.py
[2026-06-16T15:15:56.632+0000] {processor.py:830} INFO - Processing file /opt/airflow/dags/dag_03_data_pipeline.py for tasks to queue
[2026-06-16T15:15:56.634+0000] {logging_mixin.py:188} INFO - [2026-06-16T15:15:56.633+0000] {dagbag.py:545} INFO - Filling up the DagBag from /opt/airflow/dags/dag_03_data_pipeline.py
[2026-06-16T15:15:56.644+0000] {processor.py:840} INFO - DAG(s) '03_getting_started_data_pipeline' retrieved from /opt/airflow/dags/dag_03_data_pipeline.py
[2026-06-16T15:15:56.687+0000] {logging_mixin.py:188} INFO - [2026-06-16T15:15:56.687+0000] {dag.py:3089} INFO - Sync 1 DAGs
[2026-06-16T15:15:56.700+0000] {logging_mixin.py:188} INFO - [2026-06-16T15:15:56.700+0000] {dag.py:3947} INFO - Setting next_dagrun for 03_getting_started_data_pipeline to None, run_after=None
[2026-06-16T15:15:56.721+0000] {processor.py:183} INFO - Processing /opt/airflow/dags/dag_03_data_pipeline.py took 0.098 seconds
[2026-06-16T15:16:27.369+0000] {processor.py:161} INFO - Started process (PID=14223) to work on /opt/airflow/dags/dag_03_data_pipeline.py
[2026-06-16T15:16:27.370+0000] {processor.py:830} INFO - Processing file /opt/airflow/dags/dag_03_data_pipeline.py for tasks to queue
[2026-06-16T15:16:27.372+0000] {logging_mixin.py:188} INFO - [2026-06-16T15:16:27.371+0000] {dagbag.py:545} INFO - Filling up the DagBag from /opt/airflow/dags/dag_03_data_pipeline.py
[2026-06-16T15:16:27.383+0000] {processor.py:840} INFO - DAG(s) '03_getting_started_data_pipeline' retrieved from /opt/airflow/dags/dag_03_data_pipeline.py
[2026-06-16T15:16:27.433+0000] {logging_mixin.py:188} INFO - [2026-06-16T15:16:27.433+0000] {dag.py:3089} INFO - Sync 1 DAGs
[2026-06-16T15:16:27.449+0000] {logging_mixin.py:188} INFO - [2026-06-16T15:16:27.449+0000] {dag.py:3947} INFO - Setting next_dagrun for 03_getting_started_data_pipeline to None, run_after=None
[2026-06-16T15:16:27.475+0000] {processor.py:183} INFO - Processing /opt/airflow/dags/dag_03_data_pipeline.py took 0.114 seconds
[2026-06-16T15:16:58.487+0000] {processor.py:161} INFO - Started process (PID=14263) to work on /opt/airflow/dags/dag_03_data_pipeline.py
[2026-06-16T15:16:58.489+0000] {processor.py:830} INFO - Processing file /opt/airflow/dags/dag_03_data_pipeline.py for tasks to queue
[2026-06-16T15:16:58.491+0000] {logging_mixin.py:188} INFO - [2026-06-16T15:16:58.491+0000] {dagbag.py:545} INFO - Filling up the DagBag from /opt/airflow/dags/dag_03_data_pipeline.py
[2026-06-16T15:16:58.502+0000] {processor.py:840} INFO - DAG(s) '03_getting_started_data_pipeline' retrieved from /opt/airflow/dags/dag_03_data_pipeline.py
[2026-06-16T15:16:58.549+0000] {logging_mixin.py:188} INFO - [2026-06-16T15:16:58.549+0000] {dag.py:3089} INFO - Sync 1 DAGs
[2026-06-16T15:16:58.564+0000] {logging_mixin.py:188} INFO - [2026-06-16T15:16:58.563+0000] {dag.py:3947} INFO - Setting next_dagrun for 03_getting_started_data_pipeline to None, run_after=None
[2026-06-16T15:16:58.588+0000] {processor.py:183} INFO - Processing /opt/airflow/dags/dag_03_data_pipeline.py took 0.111 seconds
[2026-06-16T15:17:29.502+0000] {processor.py:161} INFO - Started process (PID=14301) to work on /opt/airflow/dags/dag_03_data_pipeline.py
[2026-06-16T15:17:29.503+0000] {processor.py:830} INFO - Processing file /opt/airflow/dags/dag_03_data_pipeline.py for tasks to queue
[2026-06-16T15:17:29.505+0000] {logging_mixin.py:188} INFO - [2026-06-16T15:17:29.505+0000] {dagbag.py:545} INFO - Filling up the DagBag from /opt/airflow/dags/dag_03_data_pipeline.py
[2026-06-16T15:17:29.517+0000] {processor.py:840} INFO - DAG(s) '03_getting_started_data_pipeline' retrieved from /opt/airflow/dags/dag_03_data_pipeline.py
[2026-06-16T15:17:29.562+0000] {logging_mixin.py:188} INFO - [2026-06-16T15:17:29.561+0000] {dag.py:3089} INFO - Sync 1 DAGs
[2026-06-16T15:17:29.576+0000] {logging_mixin.py:188} INFO - [2026-06-16T15:17:29.576+0000] {dag.py:3947} INFO - Setting next_dagrun for 03_getting_started_data_pipeline to None, run_after=None
[2026-06-16T15:17:29.599+0000] {processor.py:183} INFO - Processing /opt/airflow/dags/dag_03_data_pipeline.py took 0.104 seconds
[2026-06-16T15:18:00.604+0000] {processor.py:161} INFO - Started process (PID=14343) to work on /opt/airflow/dags/dag_03_data_pipeline.py
[2026-06-16T15:18:00.605+0000] {processor.py:830} INFO - Processing file /opt/airflow/dags/dag_03_data_pipeline.py for tasks to queue
[2026-06-16T15:18:00.608+0000] {logging_mixin.py:188} INFO - [2026-06-16T15:18:00.607+0000] {dagbag.py:545} INFO - Filling up the DagBag from /opt/airflow/dags/dag_03_data_pipeline.py
[2026-06-16T15:18:00.619+0000] {processor.py:840} INFO - DAG(s) '03_getting_started_data_pipeline' retrieved from /opt/airflow/dags/dag_03_data_pipeline.py
[2026-06-16T15:18:00.669+0000] {logging_mixin.py:188} INFO - [2026-06-16T15:18:00.669+0000] {dag.py:3089} INFO - Sync 1 DAGs
[2026-06-16T15:18:00.689+0000] {logging_mixin.py:188} INFO - [2026-06-16T15:18:00.689+0000] {dag.py:3947} INFO - Setting next_dagrun for 03_getting_started_data_pipeline to None, run_after=None
[2026-06-16T15:18:00.716+0000] {processor.py:183} INFO - Processing /opt/airflow/dags/dag_03_data_pipeline.py took 0.119 seconds
[2026-06-16T15:18:31.540+0000] {processor.py:161} INFO - Started process (PID=14383) to work on /opt/airflow/dags/dag_03_data_pipeline.py
[2026-06-16T15:18:31.542+0000] {processor.py:830} INFO - Processing file /opt/airflow/dags/dag_03_data_pipeline.py for tasks to queue
[2026-06-16T15:18:31.544+0000] {logging_mixin.py:188} INFO - [2026-06-16T15:18:31.544+0000] {dagbag.py:545} INFO - Filling up the DagBag from /opt/airflow/dags/dag_03_data_pipeline.py
[2026-06-16T15:18:31.554+0000] {processor.py:840} INFO - DAG(s) '03_getting_started_data_pipeline' retrieved from /opt/airflow/dags/dag_03_data_pipeline.py
[2026-06-16T15:18:31.594+0000] {logging_mixin.py:188} INFO - [2026-06-16T15:18:31.594+0000] {dag.py:3089} INFO - Sync 1 DAGs
[2026-06-16T15:18:31.608+0000] {logging_mixin.py:188} INFO - [2026-06-16T15:18:31.608+0000] {dag.py:3947} INFO - Setting next_dagrun for 03_getting_started_data_pipeline to None, run_after=None
[2026-06-16T15:18:31.630+0000] {processor.py:183} INFO - Processing /opt/airflow/dags/dag_03_data_pipeline.py took 0.096 seconds
[2026-06-16T15:19:02.670+0000] {processor.py:161} INFO - Started process (PID=14423) to work on /opt/airflow/dags/dag_03_data_pipeline.py
[2026-06-16T15:19:02.671+0000] {processor.py:830} INFO - Processing file /opt/airflow/dags/dag_03_data_pipeline.py for tasks to queue
[2026-06-16T15:19:02.674+0000] {logging_mixin.py:188} INFO - [2026-06-16T15:19:02.674+0000] {dagbag.py:545} INFO - Filling up the DagBag from /opt/airflow/dags/dag_03_data_pipeline.py
[2026-06-16T15:19:02.687+0000] {processor.py:840} INFO - DAG(s) '03_getting_started_data_pipeline' retrieved from /opt/airflow/dags/dag_03_data_pipeline.py
[2026-06-16T15:19:02.733+0000] {logging_mixin.py:188} INFO - [2026-06-16T15:19:02.733+0000] {dag.py:3089} INFO - Sync 1 DAGs
[2026-06-16T15:19:02.748+0000] {logging_mixin.py:188} INFO - [2026-06-16T15:19:02.748+0000] {dag.py:3947} INFO - Setting next_dagrun for 03_getting_started_data_pipeline to None, run_after=None
[2026-06-16T15:19:02.773+0000] {processor.py:183} INFO - Processing /opt/airflow/dags/dag_03_data_pipeline.py took 0.111 seconds
[2026-06-16T15:19:32.867+0000] {processor.py:161} INFO - Started process (PID=14461) to work on /opt/airflow/dags/dag_03_data_pipeline.py
[2026-06-16T15:19:32.868+0000] {processor.py:830} INFO - Processing file /opt/airflow/dags/dag_03_data_pipeline.py for tasks to queue
[2026-06-16T15:19:32.871+0000] {logging_mixin.py:188} INFO - [2026-06-16T15:19:32.871+0000] {dagbag.py:545} INFO - Filling up the DagBag from /opt/airflow/dags/dag_03_data_pipeline.py
[2026-06-16T15:19:32.885+0000] {processor.py:840} INFO - DAG(s) '03_getting_started_data_pipeline' retrieved from /opt/airflow/dags/dag_03_data_pipeline.py
[2026-06-16T15:19:32.937+0000] {logging_mixin.py:188} INFO - [2026-06-16T15:19:32.936+0000] {dag.py:3089} INFO - Sync 1 DAGs
[2026-06-16T15:19:32.952+0000] {logging_mixin.py:188} INFO - [2026-06-16T15:19:32.952+0000] {dag.py:3947} INFO - Setting next_dagrun for 03_getting_started_data_pipeline to None, run_after=None
[2026-06-16T15:19:32.979+0000] {processor.py:183} INFO - Processing /opt/airflow/dags/dag_03_data_pipeline.py took 0.122 seconds
[2026-06-16T15:20:03.101+0000] {processor.py:161} INFO - Started process (PID=14503) to work on /opt/airflow/dags/dag_03_data_pipeline.py
[2026-06-16T15:20:03.103+0000] {processor.py:830} INFO - Processing file /opt/airflow/dags/dag_03_data_pipeline.py for tasks to queue
[2026-06-16T15:20:03.105+0000] {logging_mixin.py:188} INFO - [2026-06-16T15:20:03.105+0000] {dagbag.py:545} INFO - Filling up the DagBag from /opt/airflow/dags/dag_03_data_pipeline.py
[2026-06-16T15:20:03.116+0000] {processor.py:840} INFO - DAG(s) '03_getting_started_data_pipeline' retrieved from /opt/airflow/dags/dag_03_data_pipeline.py
[2026-06-16T15:20:03.160+0000] {logging_mixin.py:188} INFO - [2026-06-16T15:20:03.160+0000] {dag.py:3089} INFO - Sync 1 DAGs
[2026-06-16T15:20:03.175+0000] {logging_mixin.py:188} INFO - [2026-06-16T15:20:03.175+0000] {dag.py:3947} INFO - Setting next_dagrun for 03_getting_started_data_pipeline to None, run_after=None
[2026-06-16T15:20:03.199+0000] {processor.py:183} INFO - Processing /opt/airflow/dags/dag_03_data_pipeline.py took 0.105 seconds
[2026-06-16T15:20:33.312+0000] {processor.py:161} INFO - Started process (PID=14543) to work on /opt/airflow/dags/dag_03_data_pipeline.py
[2026-06-16T15:20:33.313+0000] {processor.py:830} INFO - Processing file /opt/airflow/dags/dag_03_data_pipeline.py for tasks to queue
[2026-06-16T15:20:33.316+0000] {logging_mixin.py:188} INFO - [2026-06-16T15:20:33.315+0000] {dagbag.py:545} INFO - Filling up the DagBag from /opt/airflow/dags/dag_03_data_pipeline.py
[2026-06-16T15:20:33.328+0000] {processor.py:840} INFO - DAG(s) '03_getting_started_data_pipeline' retrieved from /opt/airflow/dags/dag_03_data_pipeline.py
[2026-06-16T15:20:33.382+0000] {logging_mixin.py:188} INFO - [2026-06-16T15:20:33.382+0000] {dag.py:3089} INFO - Sync 1 DAGs
[2026-06-16T15:20:33.398+0000] {logging_mixin.py:188} INFO - [2026-06-16T15:20:33.398+0000] {dag.py:3947} INFO - Setting next_dagrun for 03_getting_started_data_pipeline to None, run_after=None
[2026-06-16T15:20:33.424+0000] {processor.py:183} INFO - Processing /opt/airflow/dags/dag_03_data_pipeline.py took 0.121 seconds
[2026-06-16T15:21:03.512+0000] {processor.py:161} INFO - Started process (PID=14581) to work on /opt/airflow/dags/dag_03_data_pipeline.py
[2026-06-16T15:21:03.513+0000] {processor.py:830} INFO - Processing file /opt/airflow/dags/dag_03_data_pipeline.py for tasks to queue
[2026-06-16T15:21:03.516+0000] {logging_mixin.py:188} INFO - [2026-06-16T15:21:03.516+0000] {dagbag.py:545} INFO - Filling up the DagBag from /opt/airflow/dags/dag_03_data_pipeline.py
[2026-06-16T15:21:03.530+0000] {processor.py:840} INFO - DAG(s) '03_getting_started_data_pipeline' retrieved from /opt/airflow/dags/dag_03_data_pipeline.py
[2026-06-16T15:21:03.577+0000] {logging_mixin.py:188} INFO - [2026-06-16T15:21:03.577+0000] {dag.py:3089} INFO - Sync 1 DAGs
[2026-06-16T15:21:03.592+0000] {logging_mixin.py:188} INFO - [2026-06-16T15:21:03.592+0000] {dag.py:3947} INFO - Setting next_dagrun for 03_getting_started_data_pipeline to None, run_after=None
[2026-06-16T15:21:03.618+0000] {processor.py:183} INFO - Processing /opt/airflow/dags/dag_03_data_pipeline.py took 0.116 seconds
[2026-06-16T15:21:33.715+0000] {processor.py:161} INFO - Started process (PID=14622) to work on /opt/airflow/dags/dag_03_data_pipeline.py
[2026-06-16T15:21:33.716+0000] {processor.py:830} INFO - Processing file /opt/airflow/dags/dag_03_data_pipeline.py for tasks to queue
[2026-06-16T15:21:33.718+0000] {logging_mixin.py:188} INFO - [2026-06-16T15:21:33.718+0000] {dagbag.py:545} INFO - Filling up the DagBag from /opt/airflow/dags/dag_03_data_pipeline.py
[2026-06-16T15:21:33.730+0000] {processor.py:840} INFO - DAG(s) '03_getting_started_data_pipeline' retrieved from /opt/airflow/dags/dag_03_data_pipeline.py
[2026-06-16T15:21:33.774+0000] {logging_mixin.py:188} INFO - [2026-06-16T15:21:33.774+0000] {dag.py:3089} INFO - Sync 1 DAGs
[2026-06-16T15:21:33.788+0000] {logging_mixin.py:188} INFO - [2026-06-16T15:21:33.788+0000] {dag.py:3947} INFO - Setting next_dagrun for 03_getting_started_data_pipeline to None, run_after=None
[2026-06-16T15:21:33.812+0000] {processor.py:183} INFO - Processing /opt/airflow/dags/dag_03_data_pipeline.py took 0.107 seconds
[2026-06-16T15:22:03.909+0000] {processor.py:161} INFO - Started process (PID=14663) to work on /opt/airflow/dags/dag_03_data_pipeline.py
[2026-06-16T15:22:03.910+0000] {processor.py:830} INFO - Processing file /opt/airflow/dags/dag_03_data_pipeline.py for tasks to queue
[2026-06-16T15:22:03.912+0000] {logging_mixin.py:188} INFO - [2026-06-16T15:22:03.912+0000] {dagbag.py:545} INFO - Filling up the DagBag from /opt/airflow/dags/dag_03_data_pipeline.py
[2026-06-16T15:22:03.924+0000] {processor.py:840} INFO - DAG(s) '03_getting_started_data_pipeline' retrieved from /opt/airflow/dags/dag_03_data_pipeline.py
[2026-06-16T15:22:03.973+0000] {logging_mixin.py:188} INFO - [2026-06-16T15:22:03.973+0000] {dag.py:3089} INFO - Sync 1 DAGs
[2026-06-16T15:22:03.989+0000] {logging_mixin.py:188} INFO - [2026-06-16T15:22:03.989+0000] {dag.py:3947} INFO - Setting next_dagrun for 03_getting_started_data_pipeline to None, run_after=None
[2026-06-16T15:22:04.015+0000] {processor.py:183} INFO - Processing /opt/airflow/dags/dag_03_data_pipeline.py took 0.115 seconds
[2026-06-16T15:22:34.089+0000] {processor.py:161} INFO - Started process (PID=14703) to work on /opt/airflow/dags/dag_03_data_pipeline.py
[2026-06-16T15:22:34.090+0000] {processor.py:830} INFO - Processing file /opt/airflow/dags/dag_03_data_pipeline.py for tasks to queue
[2026-06-16T15:22:34.092+0000] {logging_mixin.py:188} INFO - [2026-06-16T15:22:34.092+0000] {dagbag.py:545} INFO - Filling up the DagBag from /opt/airflow/dags/dag_03_data_pipeline.py
[2026-06-16T15:22:34.104+0000] {processor.py:840} INFO - DAG(s) '03_getting_started_data_pipeline' retrieved from /opt/airflow/dags/dag_03_data_pipeline.py
[2026-06-16T15:22:34.151+0000] {logging_mixin.py:188} INFO - [2026-06-16T15:22:34.151+0000] {dag.py:3089} INFO - Sync 1 DAGs
[2026-06-16T15:22:34.167+0000] {logging_mixin.py:188} INFO - [2026-06-16T15:22:34.167+0000] {dag.py:3947} INFO - Setting next_dagrun for 03_getting_started_data_pipeline to None, run_after=None
[2026-06-16T15:22:34.193+0000] {processor.py:183} INFO - Processing /opt/airflow/dags/dag_03_data_pipeline.py took 0.111 seconds
[2026-06-16T15:23:04.319+0000] {processor.py:161} INFO - Started process (PID=14743) to work on /opt/airflow/dags/dag_03_data_pipeline.py
[2026-06-16T15:23:04.320+0000] {processor.py:830} INFO - Processing file /opt/airflow/dags/dag_03_data_pipeline.py for tasks to queue
[2026-06-16T15:23:04.323+0000] {logging_mixin.py:188} INFO - [2026-06-16T15:23:04.322+0000] {dagbag.py:545} INFO - Filling up the DagBag from /opt/airflow/dags/dag_03_data_pipeline.py
[2026-06-16T15:23:04.334+0000] {processor.py:840} INFO - DAG(s) '03_getting_started_data_pipeline' retrieved from /opt/airflow/dags/dag_03_data_pipeline.py
[2026-06-16T15:23:04.381+0000] {logging_mixin.py:188} INFO - [2026-06-16T15:23:04.380+0000] {dag.py:3089} INFO - Sync 1 DAGs
[2026-06-16T15:23:04.394+0000] {logging_mixin.py:188} INFO - [2026-06-16T15:23:04.394+0000] {dag.py:3947} INFO - Setting next_dagrun for 03_getting_started_data_pipeline to None, run_after=None
[2026-06-16T15:23:04.418+0000] {processor.py:183} INFO - Processing /opt/airflow/dags/dag_03_data_pipeline.py took 0.107 seconds
[2026-06-16T15:23:34.499+0000] {processor.py:161} INFO - Started process (PID=14783) to work on /opt/airflow/dags/dag_03_data_pipeline.py
[2026-06-16T15:23:34.500+0000] {processor.py:830} INFO - Processing file /opt/airflow/dags/dag_03_data_pipeline.py for tasks to queue
[2026-06-16T15:23:34.502+0000] {logging_mixin.py:188} INFO - [2026-06-16T15:23:34.502+0000] {dagbag.py:545} INFO - Filling up the DagBag from /opt/airflow/dags/dag_03_data_pipeline.py
[2026-06-16T15:23:34.514+0000] {processor.py:840} INFO - DAG(s) '03_getting_started_data_pipeline' retrieved from /opt/airflow/dags/dag_03_data_pipeline.py
[2026-06-16T15:23:34.560+0000] {logging_mixin.py:188} INFO - [2026-06-16T15:23:34.560+0000] {dag.py:3089} INFO - Sync 1 DAGs
[2026-06-16T15:23:34.576+0000] {logging_mixin.py:188} INFO - [2026-06-16T15:23:34.576+0000] {dag.py:3947} INFO - Setting next_dagrun for 03_getting_started_data_pipeline to None, run_after=None
[2026-06-16T15:23:34.603+0000] {processor.py:183} INFO - Processing /opt/airflow/dags/dag_03_data_pipeline.py took 0.112 seconds
[2026-06-16T15:24:04.700+0000] {processor.py:161} INFO - Started process (PID=14823) to work on /opt/airflow/dags/dag_03_data_pipeline.py
[2026-06-16T15:24:04.701+0000] {processor.py:830} INFO - Processing file /opt/airflow/dags/dag_03_data_pipeline.py for tasks to queue
[2026-06-16T15:24:04.703+0000] {logging_mixin.py:188} INFO - [2026-06-16T15:24:04.703+0000] {dagbag.py:545} INFO - Filling up the DagBag from /opt/airflow/dags/dag_03_data_pipeline.py
[2026-06-16T15:24:04.715+0000] {processor.py:840} INFO - DAG(s) '03_getting_started_data_pipeline' retrieved from /opt/airflow/dags/dag_03_data_pipeline.py
[2026-06-16T15:24:04.763+0000] {logging_mixin.py:188} INFO - [2026-06-16T15:24:04.763+0000] {dag.py:3089} INFO - Sync 1 DAGs
[2026-06-16T15:24:04.779+0000] {logging_mixin.py:188} INFO - [2026-06-16T15:24:04.778+0000] {dag.py:3947} INFO - Setting next_dagrun for 03_getting_started_data_pipeline to None, run_after=None
[2026-06-16T15:24:04.804+0000] {processor.py:183} INFO - Processing /opt/airflow/dags/dag_03_data_pipeline.py took 0.112 seconds
[2026-06-16T15:24:35.754+0000] {processor.py:161} INFO - Started process (PID=14863) to work on /opt/airflow/dags/dag_03_data_pipeline.py
[2026-06-16T15:24:35.755+0000] {processor.py:830} INFO - Processing file /opt/airflow/dags/dag_03_data_pipeline.py for tasks to queue
[2026-06-16T15:24:35.757+0000] {logging_mixin.py:188} INFO - [2026-06-16T15:24:35.757+0000] {dagbag.py:545} INFO - Filling up the DagBag from /opt/airflow/dags/dag_03_data_pipeline.py
[2026-06-16T15:24:35.769+0000] {processor.py:840} INFO - DAG(s) '03_getting_started_data_pipeline' retrieved from /opt/airflow/dags/dag_03_data_pipeline.py
[2026-06-16T15:24:35.816+0000] {logging_mixin.py:188} INFO - [2026-06-16T15:24:35.816+0000] {dag.py:3089} INFO - Sync 1 DAGs
[2026-06-16T15:24:35.830+0000] {logging_mixin.py:188} INFO - [2026-06-16T15:24:35.830+0000] {dag.py:3947} INFO - Setting next_dagrun for 03_getting_started_data_pipeline to None, run_after=None
[2026-06-16T15:24:35.854+0000] {processor.py:183} INFO - Processing /opt/airflow/dags/dag_03_data_pipeline.py took 0.108 seconds
[2026-06-16T15:25:06.708+0000] {processor.py:161} INFO - Started process (PID=14903) to work on /opt/airflow/dags/dag_03_data_pipeline.py
[2026-06-16T15:25:06.709+0000] {processor.py:830} INFO - Processing file /opt/airflow/dags/dag_03_data_pipeline.py for tasks to queue
[2026-06-16T15:25:06.712+0000] {logging_mixin.py:188} INFO - [2026-06-16T15:25:06.711+0000] {dagbag.py:545} INFO - Filling up the DagBag from /opt/airflow/dags/dag_03_data_pipeline.py
[2026-06-16T15:25:06.722+0000] {processor.py:840} INFO - DAG(s) '03_getting_started_data_pipeline' retrieved from /opt/airflow/dags/dag_03_data_pipeline.py
[2026-06-16T15:25:06.772+0000] {logging_mixin.py:188} INFO - [2026-06-16T15:25:06.772+0000] {dag.py:3089} INFO - Sync 1 DAGs
[2026-06-16T15:25:06.786+0000] {logging_mixin.py:188} INFO - [2026-06-16T15:25:06.786+0000] {dag.py:3947} INFO - Setting next_dagrun for 03_getting_started_data_pipeline to None, run_after=None
[2026-06-16T15:25:06.807+0000] {processor.py:183} INFO - Processing /opt/airflow/dags/dag_03_data_pipeline.py took 0.106 seconds
[2026-06-16T15:25:36.988+0000] {processor.py:161} INFO - Started process (PID=14941) to work on /opt/airflow/dags/dag_03_data_pipeline.py
[2026-06-16T15:25:36.989+0000] {processor.py:830} INFO - Processing file /opt/airflow/dags/dag_03_data_pipeline.py for tasks to queue
[2026-06-16T15:25:36.993+0000] {logging_mixin.py:188} INFO - [2026-06-16T15:25:36.992+0000] {dagbag.py:545} INFO - Filling up the DagBag from /opt/airflow/dags/dag_03_data_pipeline.py
[2026-06-16T15:25:37.009+0000] {processor.py:840} INFO - DAG(s) '03_getting_started_data_pipeline' retrieved from /opt/airflow/dags/dag_03_data_pipeline.py
[2026-06-16T15:25:37.063+0000] {logging_mixin.py:188} INFO - [2026-06-16T15:25:37.062+0000] {dag.py:3089} INFO - Sync 1 DAGs
[2026-06-16T15:25:37.083+0000] {logging_mixin.py:188} INFO - [2026-06-16T15:25:37.083+0000] {dag.py:3947} INFO - Setting next_dagrun for 03_getting_started_data_pipeline to None, run_after=None
[2026-06-16T15:25:37.111+0000] {processor.py:183} INFO - Processing /opt/airflow/dags/dag_03_data_pipeline.py took 0.135 seconds
[2026-06-16T15:26:07.206+0000] {processor.py:161} INFO - Started process (PID=14981) to work on /opt/airflow/dags/dag_03_data_pipeline.py
[2026-06-16T15:26:07.207+0000] {processor.py:830} INFO - Processing file /opt/airflow/dags/dag_03_data_pipeline.py for tasks to queue
[2026-06-16T15:26:07.210+0000] {logging_mixin.py:188} INFO - [2026-06-16T15:26:07.209+0000] {dagbag.py:545} INFO - Filling up the DagBag from /opt/airflow/dags/dag_03_data_pipeline.py
[2026-06-16T15:26:07.223+0000] {processor.py:840} INFO - DAG(s) '03_getting_started_data_pipeline' retrieved from /opt/airflow/dags/dag_03_data_pipeline.py
[2026-06-16T15:26:07.271+0000] {logging_mixin.py:188} INFO - [2026-06-16T15:26:07.271+0000] {dag.py:3089} INFO - Sync 1 DAGs
[2026-06-16T15:26:07.287+0000] {logging_mixin.py:188} INFO - [2026-06-16T15:26:07.287+0000] {dag.py:3947} INFO - Setting next_dagrun for 03_getting_started_data_pipeline to None, run_after=None
[2026-06-16T15:26:07.312+0000] {processor.py:183} INFO - Processing /opt/airflow/dags/dag_03_data_pipeline.py took 0.116 seconds
[2026-06-16T15:26:38.298+0000] {processor.py:161} INFO - Started process (PID=15021) to work on /opt/airflow/dags/dag_03_data_pipeline.py
[2026-06-16T15:26:38.300+0000] {processor.py:830} INFO - Processing file /opt/airflow/dags/dag_03_data_pipeline.py for tasks to queue
[2026-06-16T15:26:38.302+0000] {logging_mixin.py:188} INFO - [2026-06-16T15:26:38.302+0000] {dagbag.py:545} INFO - Filling up the DagBag from /opt/airflow/dags/dag_03_data_pipeline.py
[2026-06-16T15:26:38.316+0000] {processor.py:840} INFO - DAG(s) '03_getting_started_data_pipeline' retrieved from /opt/airflow/dags/dag_03_data_pipeline.py
[2026-06-16T15:26:38.363+0000] {logging_mixin.py:188} INFO - [2026-06-16T15:26:38.363+0000] {dag.py:3089} INFO - Sync 1 DAGs
[2026-06-16T15:26:38.378+0000] {logging_mixin.py:188} INFO - [2026-06-16T15:26:38.378+0000] {dag.py:3947} INFO - Setting next_dagrun for 03_getting_started_data_pipeline to None, run_after=None
[2026-06-16T15:26:38.402+0000] {processor.py:183} INFO - Processing /opt/airflow/dags/dag_03_data_pipeline.py took 0.114 seconds
[2026-06-16T15:27:09.394+0000] {processor.py:161} INFO - Started process (PID=15063) to work on /opt/airflow/dags/dag_03_data_pipeline.py
[2026-06-16T15:27:09.396+0000] {processor.py:830} INFO - Processing file /opt/airflow/dags/dag_03_data_pipeline.py for tasks to queue
[2026-06-16T15:27:09.399+0000] {logging_mixin.py:188} INFO - [2026-06-16T15:27:09.398+0000] {dagbag.py:545} INFO - Filling up the DagBag from /opt/airflow/dags/dag_03_data_pipeline.py
[2026-06-16T15:27:09.412+0000] {processor.py:840} INFO - DAG(s) '03_getting_started_data_pipeline' retrieved from /opt/airflow/dags/dag_03_data_pipeline.py
[2026-06-16T15:27:09.457+0000] {logging_mixin.py:188} INFO - [2026-06-16T15:27:09.457+0000] {dag.py:3089} INFO - Sync 1 DAGs
[2026-06-16T15:27:09.473+0000] {logging_mixin.py:188} INFO - [2026-06-16T15:27:09.473+0000] {dag.py:3947} INFO - Setting next_dagrun for 03_getting_started_data_pipeline to None, run_after=None
[2026-06-16T15:27:09.500+0000] {processor.py:183} INFO - Processing /opt/airflow/dags/dag_03_data_pipeline.py took 0.116 seconds
[2026-06-16T15:27:40.530+0000] {processor.py:161} INFO - Started process (PID=15101) to work on /opt/airflow/dags/dag_03_data_pipeline.py
[2026-06-16T15:27:40.532+0000] {processor.py:830} INFO - Processing file /opt/airflow/dags/dag_03_data_pipeline.py for tasks to queue
[2026-06-16T15:27:40.534+0000] {logging_mixin.py:188} INFO - [2026-06-16T15:27:40.534+0000] {dagbag.py:545} INFO - Filling up the DagBag from /opt/airflow/dags/dag_03_data_pipeline.py
[2026-06-16T15:27:40.547+0000] {processor.py:840} INFO - DAG(s) '03_getting_started_data_pipeline' retrieved from /opt/airflow/dags/dag_03_data_pipeline.py
[2026-06-16T15:27:40.590+0000] {logging_mixin.py:188} INFO - [2026-06-16T15:27:40.590+0000] {dag.py:3089} INFO - Sync 1 DAGs
[2026-06-16T15:27:40.605+0000] {logging_mixin.py:188} INFO - [2026-06-16T15:27:40.605+0000] {dag.py:3947} INFO - Setting next_dagrun for 03_getting_started_data_pipeline to None, run_after=None
[2026-06-16T15:27:40.629+0000] {processor.py:183} INFO - Processing /opt/airflow/dags/dag_03_data_pipeline.py took 0.107 seconds
[2026-06-16T15:28:11.589+0000] {processor.py:161} INFO - Started process (PID=15143) to work on /opt/airflow/dags/dag_03_data_pipeline.py
[2026-06-16T15:28:11.590+0000] {processor.py:830} INFO - Processing file /opt/airflow/dags/dag_03_data_pipeline.py for tasks to queue
[2026-06-16T15:28:11.592+0000] {logging_mixin.py:188} INFO - [2026-06-16T15:28:11.592+0000] {dagbag.py:545} INFO - Filling up the DagBag from /opt/airflow/dags/dag_03_data_pipeline.py
[2026-06-16T15:28:11.604+0000] {processor.py:840} INFO - DAG(s) '03_getting_started_data_pipeline' retrieved from /opt/airflow/dags/dag_03_data_pipeline.py
[2026-06-16T15:28:11.645+0000] {logging_mixin.py:188} INFO - [2026-06-16T15:28:11.645+0000] {dag.py:3089} INFO - Sync 1 DAGs
[2026-06-16T15:28:11.660+0000] {logging_mixin.py:188} INFO - [2026-06-16T15:28:11.659+0000] {dag.py:3947} INFO - Setting next_dagrun for 03_getting_started_data_pipeline to None, run_after=None
[2026-06-16T15:28:11.682+0000] {processor.py:183} INFO - Processing /opt/airflow/dags/dag_03_data_pipeline.py took 0.101 seconds
[2026-06-16T15:28:42.533+0000] {processor.py:161} INFO - Started process (PID=15183) to work on /opt/airflow/dags/dag_03_data_pipeline.py
[2026-06-16T15:28:42.534+0000] {processor.py:830} INFO - Processing file /opt/airflow/dags/dag_03_data_pipeline.py for tasks to queue
[2026-06-16T15:28:42.537+0000] {logging_mixin.py:188} INFO - [2026-06-16T15:28:42.537+0000] {dagbag.py:545} INFO - Filling up the DagBag from /opt/airflow/dags/dag_03_data_pipeline.py
[2026-06-16T15:28:42.550+0000] {processor.py:840} INFO - DAG(s) '03_getting_started_data_pipeline' retrieved from /opt/airflow/dags/dag_03_data_pipeline.py
[2026-06-16T15:28:42.597+0000] {logging_mixin.py:188} INFO - [2026-06-16T15:28:42.597+0000] {dag.py:3089} INFO - Sync 1 DAGs
[2026-06-16T15:28:42.613+0000] {logging_mixin.py:188} INFO - [2026-06-16T15:28:42.613+0000] {dag.py:3947} INFO - Setting next_dagrun for 03_getting_started_data_pipeline to None, run_after=None
[2026-06-16T15:28:42.638+0000] {processor.py:183} INFO - Processing /opt/airflow/dags/dag_03_data_pipeline.py took 0.115 seconds
[2026-06-16T15:29:13.529+0000] {processor.py:161} INFO - Started process (PID=15222) to work on /opt/airflow/dags/dag_03_data_pipeline.py
[2026-06-16T15:29:13.530+0000] {processor.py:830} INFO - Processing file /opt/airflow/dags/dag_03_data_pipeline.py for tasks to queue
[2026-06-16T15:29:13.532+0000] {logging_mixin.py:188} INFO - [2026-06-16T15:29:13.532+0000] {dagbag.py:545} INFO - Filling up the DagBag from /opt/airflow/dags/dag_03_data_pipeline.py
[2026-06-16T15:29:13.544+0000] {processor.py:840} INFO - DAG(s) '03_getting_started_data_pipeline' retrieved from /opt/airflow/dags/dag_03_data_pipeline.py
[2026-06-16T15:29:13.589+0000] {logging_mixin.py:188} INFO - [2026-06-16T15:29:13.589+0000] {dag.py:3089} INFO - Sync 1 DAGs
[2026-06-16T15:29:13.603+0000] {logging_mixin.py:188} INFO - [2026-06-16T15:29:13.603+0000] {dag.py:3947} INFO - Setting next_dagrun for 03_getting_started_data_pipeline to None, run_after=None
[2026-06-16T15:29:13.627+0000] {processor.py:183} INFO - Processing /opt/airflow/dags/dag_03_data_pipeline.py took 0.107 seconds
[2026-06-16T15:29:44.662+0000] {processor.py:161} INFO - Started process (PID=15261) to work on /opt/airflow/dags/dag_03_data_pipeline.py
[2026-06-16T15:29:44.664+0000] {processor.py:830} INFO - Processing file /opt/airflow/dags/dag_03_data_pipeline.py for tasks to queue
[2026-06-16T15:29:44.667+0000] {logging_mixin.py:188} INFO - [2026-06-16T15:29:44.666+0000] {dagbag.py:545} INFO - Filling up the DagBag from /opt/airflow/dags/dag_03_data_pipeline.py
[2026-06-16T15:29:44.679+0000] {processor.py:840} INFO - DAG(s) '03_getting_started_data_pipeline' retrieved from /opt/airflow/dags/dag_03_data_pipeline.py
[2026-06-16T15:29:44.726+0000] {logging_mixin.py:188} INFO - [2026-06-16T15:29:44.726+0000] {dag.py:3089} INFO - Sync 1 DAGs
[2026-06-16T15:29:44.741+0000] {logging_mixin.py:188} INFO - [2026-06-16T15:29:44.741+0000] {dag.py:3947} INFO - Setting next_dagrun for 03_getting_started_data_pipeline to None, run_after=None
[2026-06-16T15:29:44.767+0000] {processor.py:183} INFO - Processing /opt/airflow/dags/dag_03_data_pipeline.py took 0.115 seconds
[2026-06-16T15:30:15.781+0000] {processor.py:161} INFO - Started process (PID=15303) to work on /opt/airflow/dags/dag_03_data_pipeline.py
[2026-06-16T15:30:15.782+0000] {processor.py:830} INFO - Processing file /opt/airflow/dags/dag_03_data_pipeline.py for tasks to queue
[2026-06-16T15:30:15.784+0000] {logging_mixin.py:188} INFO - [2026-06-16T15:30:15.784+0000] {dagbag.py:545} INFO - Filling up the DagBag from /opt/airflow/dags/dag_03_data_pipeline.py
[2026-06-16T15:30:15.794+0000] {processor.py:840} INFO - DAG(s) '03_getting_started_data_pipeline' retrieved from /opt/airflow/dags/dag_03_data_pipeline.py
[2026-06-16T15:30:15.836+0000] {logging_mixin.py:188} INFO - [2026-06-16T15:30:15.836+0000] {dag.py:3089} INFO - Sync 1 DAGs
[2026-06-16T15:30:15.849+0000] {logging_mixin.py:188} INFO - [2026-06-16T15:30:15.849+0000] {dag.py:3947} INFO - Setting next_dagrun for 03_getting_started_data_pipeline to None, run_after=None
[2026-06-16T15:30:15.871+0000] {processor.py:183} INFO - Processing /opt/airflow/dags/dag_03_data_pipeline.py took 0.097 seconds
[2026-06-16T15:30:46.003+0000] {processor.py:161} INFO - Started process (PID=15343) to work on /opt/airflow/dags/dag_03_data_pipeline.py
[2026-06-16T15:30:46.004+0000] {processor.py:830} INFO - Processing file /opt/airflow/dags/dag_03_data_pipeline.py for tasks to queue
[2026-06-16T15:30:46.006+0000] {logging_mixin.py:188} INFO - [2026-06-16T15:30:46.006+0000] {dagbag.py:545} INFO - Filling up the DagBag from /opt/airflow/dags/dag_03_data_pipeline.py
[2026-06-16T15:30:46.016+0000] {processor.py:840} INFO - DAG(s) '03_getting_started_data_pipeline' retrieved from /opt/airflow/dags/dag_03_data_pipeline.py
[2026-06-16T15:30:46.056+0000] {logging_mixin.py:188} INFO - [2026-06-16T15:30:46.055+0000] {dag.py:3089} INFO - Sync 1 DAGs
[2026-06-16T15:30:46.069+0000] {logging_mixin.py:188} INFO - [2026-06-16T15:30:46.069+0000] {dag.py:3947} INFO - Setting next_dagrun for 03_getting_started_data_pipeline to None, run_after=None
[2026-06-16T15:30:46.091+0000] {processor.py:183} INFO - Processing /opt/airflow/dags/dag_03_data_pipeline.py took 0.095 seconds
[2026-06-16T15:31:17.113+0000] {processor.py:161} INFO - Started process (PID=15381) to work on /opt/airflow/dags/dag_03_data_pipeline.py
[2026-06-16T15:31:17.115+0000] {processor.py:830} INFO - Processing file /opt/airflow/dags/dag_03_data_pipeline.py for tasks to queue
[2026-06-16T15:31:17.117+0000] {logging_mixin.py:188} INFO - [2026-06-16T15:31:17.117+0000] {dagbag.py:545} INFO - Filling up the DagBag from /opt/airflow/dags/dag_03_data_pipeline.py
[2026-06-16T15:31:17.130+0000] {processor.py:840} INFO - DAG(s) '03_getting_started_data_pipeline' retrieved from /opt/airflow/dags/dag_03_data_pipeline.py
[2026-06-16T15:31:17.176+0000] {logging_mixin.py:188} INFO - [2026-06-16T15:31:17.176+0000] {dag.py:3089} INFO - Sync 1 DAGs
[2026-06-16T15:31:17.191+0000] {logging_mixin.py:188} INFO - [2026-06-16T15:31:17.191+0000] {dag.py:3947} INFO - Setting next_dagrun for 03_getting_started_data_pipeline to None, run_after=None
[2026-06-16T15:31:17.214+0000] {processor.py:183} INFO - Processing /opt/airflow/dags/dag_03_data_pipeline.py took 0.110 seconds
[2026-06-16T15:31:48.088+0000] {processor.py:161} INFO - Started process (PID=15423) to work on /opt/airflow/dags/dag_03_data_pipeline.py
[2026-06-16T15:31:48.089+0000] {processor.py:830} INFO - Processing file /opt/airflow/dags/dag_03_data_pipeline.py for tasks to queue
[2026-06-16T15:31:48.092+0000] {logging_mixin.py:188} INFO - [2026-06-16T15:31:48.091+0000] {dagbag.py:545} INFO - Filling up the DagBag from /opt/airflow/dags/dag_03_data_pipeline.py
[2026-06-16T15:31:48.107+0000] {processor.py:840} INFO - DAG(s) '03_getting_started_data_pipeline' retrieved from /opt/airflow/dags/dag_03_data_pipeline.py
[2026-06-16T15:31:48.157+0000] {logging_mixin.py:188} INFO - [2026-06-16T15:31:48.157+0000] {dag.py:3089} INFO - Sync 1 DAGs
[2026-06-16T15:31:48.172+0000] {logging_mixin.py:188} INFO - [2026-06-16T15:31:48.172+0000] {dag.py:3947} INFO - Setting next_dagrun for 03_getting_started_data_pipeline to None, run_after=None
[2026-06-16T15:31:48.197+0000] {processor.py:183} INFO - Processing /opt/airflow/dags/dag_03_data_pipeline.py took 0.117 seconds
[2026-06-16T15:32:18.371+0000] {processor.py:161} INFO - Started process (PID=15466) to work on /opt/airflow/dags/dag_03_data_pipeline.py
[2026-06-16T15:32:18.372+0000] {processor.py:830} INFO - Processing file /opt/airflow/dags/dag_03_data_pipeline.py for tasks to queue
[2026-06-16T15:32:18.375+0000] {logging_mixin.py:188} INFO - [2026-06-16T15:32:18.374+0000] {dagbag.py:545} INFO - Filling up the DagBag from /opt/airflow/dags/dag_03_data_pipeline.py
[2026-06-16T15:32:18.387+0000] {processor.py:840} INFO - DAG(s) '03_getting_started_data_pipeline' retrieved from /opt/airflow/dags/dag_03_data_pipeline.py
[2026-06-16T15:32:18.431+0000] {logging_mixin.py:188} INFO - [2026-06-16T15:32:18.431+0000] {dag.py:3089} INFO - Sync 1 DAGs
[2026-06-16T15:32:18.446+0000] {logging_mixin.py:188} INFO - [2026-06-16T15:32:18.446+0000] {dag.py:3947} INFO - Setting next_dagrun for 03_getting_started_data_pipeline to None, run_after=None
[2026-06-16T15:32:18.468+0000] {processor.py:183} INFO - Processing /opt/airflow/dags/dag_03_data_pipeline.py took 0.107 seconds
[2026-06-16T15:32:49.349+0000] {processor.py:161} INFO - Started process (PID=15503) to work on /opt/airflow/dags/dag_03_data_pipeline.py
[2026-06-16T15:32:49.350+0000] {processor.py:830} INFO - Processing file /opt/airflow/dags/dag_03_data_pipeline.py for tasks to queue
[2026-06-16T15:32:49.352+0000] {logging_mixin.py:188} INFO - [2026-06-16T15:32:49.352+0000] {dagbag.py:545} INFO - Filling up the DagBag from /opt/airflow/dags/dag_03_data_pipeline.py
[2026-06-16T15:32:49.364+0000] {processor.py:840} INFO - DAG(s) '03_getting_started_data_pipeline' retrieved from /opt/airflow/dags/dag_03_data_pipeline.py
[2026-06-16T15:32:49.409+0000] {logging_mixin.py:188} INFO - [2026-06-16T15:32:49.408+0000] {dag.py:3089} INFO - Sync 1 DAGs
[2026-06-16T15:32:49.423+0000] {logging_mixin.py:188} INFO - [2026-06-16T15:32:49.422+0000] {dag.py:3947} INFO - Setting next_dagrun for 03_getting_started_data_pipeline to None, run_after=None
[2026-06-16T15:32:49.447+0000] {processor.py:183} INFO - Processing /opt/airflow/dags/dag_03_data_pipeline.py took 0.105 seconds
[2026-06-16T15:33:20.307+0000] {processor.py:161} INFO - Started process (PID=15541) to work on /opt/airflow/dags/dag_03_data_pipeline.py
[2026-06-16T15:33:20.308+0000] {processor.py:830} INFO - Processing file /opt/airflow/dags/dag_03_data_pipeline.py for tasks to queue
[2026-06-16T15:33:20.310+0000] {logging_mixin.py:188} INFO - [2026-06-16T15:33:20.309+0000] {dagbag.py:545} INFO - Filling up the DagBag from /opt/airflow/dags/dag_03_data_pipeline.py
[2026-06-16T15:33:20.320+0000] {processor.py:840} INFO - DAG(s) '03_getting_started_data_pipeline' retrieved from /opt/airflow/dags/dag_03_data_pipeline.py
[2026-06-16T15:33:20.372+0000] {logging_mixin.py:188} INFO - [2026-06-16T15:33:20.372+0000] {dag.py:3089} INFO - Sync 1 DAGs
[2026-06-16T15:33:20.391+0000] {logging_mixin.py:188} INFO - [2026-06-16T15:33:20.391+0000] {dag.py:3947} INFO - Setting next_dagrun for 03_getting_started_data_pipeline to None, run_after=None
[2026-06-16T15:33:20.416+0000] {processor.py:183} INFO - Processing /opt/airflow/dags/dag_03_data_pipeline.py took 0.116 seconds
[2026-06-16T15:33:50.686+0000] {processor.py:161} INFO - Started process (PID=15583) to work on /opt/airflow/dags/dag_03_data_pipeline.py
[2026-06-16T15:33:50.687+0000] {processor.py:830} INFO - Processing file /opt/airflow/dags/dag_03_data_pipeline.py for tasks to queue
[2026-06-16T15:33:50.689+0000] {logging_mixin.py:188} INFO - [2026-06-16T15:33:50.689+0000] {dagbag.py:545} INFO - Filling up the DagBag from /opt/airflow/dags/dag_03_data_pipeline.py
[2026-06-16T15:33:50.701+0000] {processor.py:840} INFO - DAG(s) '03_getting_started_data_pipeline' retrieved from /opt/airflow/dags/dag_03_data_pipeline.py
[2026-06-16T15:33:50.748+0000] {logging_mixin.py:188} INFO - [2026-06-16T15:33:50.747+0000] {dag.py:3089} INFO - Sync 1 DAGs
[2026-06-16T15:33:50.765+0000] {logging_mixin.py:188} INFO - [2026-06-16T15:33:50.764+0000] {dag.py:3947} INFO - Setting next_dagrun for 03_getting_started_data_pipeline to None, run_after=None
[2026-06-16T15:33:50.791+0000] {processor.py:183} INFO - Processing /opt/airflow/dags/dag_03_data_pipeline.py took 0.113 seconds
[2026-06-16T15:34:20.867+0000] {processor.py:161} INFO - Started process (PID=15623) to work on /opt/airflow/dags/dag_03_data_pipeline.py
[2026-06-16T15:34:20.868+0000] {processor.py:830} INFO - Processing file /opt/airflow/dags/dag_03_data_pipeline.py for tasks to queue
[2026-06-16T15:34:20.870+0000] {logging_mixin.py:188} INFO - [2026-06-16T15:34:20.870+0000] {dagbag.py:545} INFO - Filling up the DagBag from /opt/airflow/dags/dag_03_data_pipeline.py
[2026-06-16T15:34:20.881+0000] {processor.py:840} INFO - DAG(s) '03_getting_started_data_pipeline' retrieved from /opt/airflow/dags/dag_03_data_pipeline.py
[2026-06-16T15:34:20.923+0000] {logging_mixin.py:188} INFO - [2026-06-16T15:34:20.923+0000] {dag.py:3089} INFO - Sync 1 DAGs
[2026-06-16T15:34:20.937+0000] {logging_mixin.py:188} INFO - [2026-06-16T15:34:20.937+0000] {dag.py:3947} INFO - Setting next_dagrun for 03_getting_started_data_pipeline to None, run_after=None
[2026-06-16T15:34:20.960+0000] {processor.py:183} INFO - Processing /opt/airflow/dags/dag_03_data_pipeline.py took 0.101 seconds
[2026-06-16T15:34:52.004+0000] {processor.py:161} INFO - Started process (PID=15663) to work on /opt/airflow/dags/dag_03_data_pipeline.py
[2026-06-16T15:34:52.006+0000] {processor.py:830} INFO - Processing file /opt/airflow/dags/dag_03_data_pipeline.py for tasks to queue
[2026-06-16T15:34:52.010+0000] {logging_mixin.py:188} INFO - [2026-06-16T15:34:52.009+0000] {dagbag.py:545} INFO - Filling up the DagBag from /opt/airflow/dags/dag_03_data_pipeline.py
[2026-06-16T15:34:52.030+0000] {processor.py:840} INFO - DAG(s) '03_getting_started_data_pipeline' retrieved from /opt/airflow/dags/dag_03_data_pipeline.py
[2026-06-16T15:34:52.108+0000] {logging_mixin.py:188} INFO - [2026-06-16T15:34:52.108+0000] {dag.py:3089} INFO - Sync 1 DAGs
[2026-06-16T15:34:52.327+0000] {logging_mixin.py:188} INFO - [2026-06-16T15:34:52.327+0000] {dag.py:3947} INFO - Setting next_dagrun for 03_getting_started_data_pipeline to None, run_after=None
[2026-06-16T15:34:52.352+0000] {processor.py:183} INFO - Processing /opt/airflow/dags/dag_03_data_pipeline.py took 0.363 seconds
[2026-06-16T15:35:22.550+0000] {processor.py:161} INFO - Started process (PID=15703) to work on /opt/airflow/dags/dag_03_data_pipeline.py
[2026-06-16T15:35:22.551+0000] {processor.py:830} INFO - Processing file /opt/airflow/dags/dag_03_data_pipeline.py for tasks to queue
[2026-06-16T15:35:22.554+0000] {logging_mixin.py:188} INFO - [2026-06-16T15:35:22.553+0000] {dagbag.py:545} INFO - Filling up the DagBag from /opt/airflow/dags/dag_03_data_pipeline.py
[2026-06-16T15:35:22.567+0000] {processor.py:840} INFO - DAG(s) '03_getting_started_data_pipeline' retrieved from /opt/airflow/dags/dag_03_data_pipeline.py
[2026-06-16T15:35:22.613+0000] {logging_mixin.py:188} INFO - [2026-06-16T15:35:22.613+0000] {dag.py:3089} INFO - Sync 1 DAGs
[2026-06-16T15:35:22.628+0000] {logging_mixin.py:188} INFO - [2026-06-16T15:35:22.628+0000] {dag.py:3947} INFO - Setting next_dagrun for 03_getting_started_data_pipeline to None, run_after=None
[2026-06-16T15:35:22.650+0000] {processor.py:183} INFO - Processing /opt/airflow/dags/dag_03_data_pipeline.py took 0.108 seconds
[2026-06-16T15:35:53.621+0000] {processor.py:161} INFO - Started process (PID=15741) to work on /opt/airflow/dags/dag_03_data_pipeline.py
[2026-06-16T15:35:53.624+0000] {processor.py:830} INFO - Processing file /opt/airflow/dags/dag_03_data_pipeline.py for tasks to queue
[2026-06-16T15:35:53.626+0000] {logging_mixin.py:188} INFO - [2026-06-16T15:35:53.626+0000] {dagbag.py:545} INFO - Filling up the DagBag from /opt/airflow/dags/dag_03_data_pipeline.py
[2026-06-16T15:35:53.644+0000] {processor.py:840} INFO - DAG(s) '03_getting_started_data_pipeline' retrieved from /opt/airflow/dags/dag_03_data_pipeline.py
[2026-06-16T15:35:53.707+0000] {logging_mixin.py:188} INFO - [2026-06-16T15:35:53.707+0000] {dag.py:3089} INFO - Sync 1 DAGs
[2026-06-16T15:35:53.734+0000] {logging_mixin.py:188} INFO - [2026-06-16T15:35:53.734+0000] {dag.py:3947} INFO - Setting next_dagrun for 03_getting_started_data_pipeline to None, run_after=None
[2026-06-16T15:35:53.762+0000] {processor.py:183} INFO - Processing /opt/airflow/dags/dag_03_data_pipeline.py took 0.153 seconds
[2026-06-16T15:36:23.835+0000] {processor.py:161} INFO - Started process (PID=15783) to work on /opt/airflow/dags/dag_03_data_pipeline.py
[2026-06-16T15:36:23.836+0000] {processor.py:830} INFO - Processing file /opt/airflow/dags/dag_03_data_pipeline.py for tasks to queue
[2026-06-16T15:36:23.838+0000] {logging_mixin.py:188} INFO - [2026-06-16T15:36:23.837+0000] {dagbag.py:545} INFO - Filling up the DagBag from /opt/airflow/dags/dag_03_data_pipeline.py
[2026-06-16T15:36:23.848+0000] {processor.py:840} INFO - DAG(s) '03_getting_started_data_pipeline' retrieved from /opt/airflow/dags/dag_03_data_pipeline.py
[2026-06-16T15:36:23.889+0000] {logging_mixin.py:188} INFO - [2026-06-16T15:36:23.889+0000] {dag.py:3089} INFO - Sync 1 DAGs
[2026-06-16T15:36:23.902+0000] {logging_mixin.py:188} INFO - [2026-06-16T15:36:23.902+0000] {dag.py:3947} INFO - Setting next_dagrun for 03_getting_started_data_pipeline to None, run_after=None
[2026-06-16T15:36:23.923+0000] {processor.py:183} INFO - Processing /opt/airflow/dags/dag_03_data_pipeline.py took 0.095 seconds
[2026-06-16T15:36:54.005+0000] {processor.py:161} INFO - Started process (PID=15823) to work on /opt/airflow/dags/dag_03_data_pipeline.py
[2026-06-16T15:36:54.006+0000] {processor.py:830} INFO - Processing file /opt/airflow/dags/dag_03_data_pipeline.py for tasks to queue
[2026-06-16T15:36:54.008+0000] {logging_mixin.py:188} INFO - [2026-06-16T15:36:54.008+0000] {dagbag.py:545} INFO - Filling up the DagBag from /opt/airflow/dags/dag_03_data_pipeline.py
[2026-06-16T15:36:54.018+0000] {processor.py:840} INFO - DAG(s) '03_getting_started_data_pipeline' retrieved from /opt/airflow/dags/dag_03_data_pipeline.py
[2026-06-16T15:36:54.060+0000] {logging_mixin.py:188} INFO - [2026-06-16T15:36:54.060+0000] {dag.py:3089} INFO - Sync 1 DAGs
[2026-06-16T15:36:54.075+0000] {logging_mixin.py:188} INFO - [2026-06-16T15:36:54.074+0000] {dag.py:3947} INFO - Setting next_dagrun for 03_getting_started_data_pipeline to None, run_after=None
[2026-06-16T15:36:54.096+0000] {processor.py:183} INFO - Processing /opt/airflow/dags/dag_03_data_pipeline.py took 0.098 seconds
[2026-06-16T15:37:25.040+0000] {processor.py:161} INFO - Started process (PID=15863) to work on /opt/airflow/dags/dag_03_data_pipeline.py
[2026-06-16T15:37:25.042+0000] {processor.py:830} INFO - Processing file /opt/airflow/dags/dag_03_data_pipeline.py for tasks to queue
[2026-06-16T15:37:25.044+0000] {logging_mixin.py:188} INFO - [2026-06-16T15:37:25.044+0000] {dagbag.py:545} INFO - Filling up the DagBag from /opt/airflow/dags/dag_03_data_pipeline.py
[2026-06-16T15:37:25.055+0000] {processor.py:840} INFO - DAG(s) '03_getting_started_data_pipeline' retrieved from /opt/airflow/dags/dag_03_data_pipeline.py
[2026-06-16T15:37:25.096+0000] {logging_mixin.py:188} INFO - [2026-06-16T15:37:25.096+0000] {dag.py:3089} INFO - Sync 1 DAGs
[2026-06-16T15:37:25.109+0000] {logging_mixin.py:188} INFO - [2026-06-16T15:37:25.109+0000] {dag.py:3947} INFO - Setting next_dagrun for 03_getting_started_data_pipeline to None, run_after=None
[2026-06-16T15:37:25.131+0000] {processor.py:183} INFO - Processing /opt/airflow/dags/dag_03_data_pipeline.py took 0.100 seconds
[2026-06-16T15:37:56.078+0000] {processor.py:161} INFO - Started process (PID=15903) to work on /opt/airflow/dags/dag_03_data_pipeline.py
[2026-06-16T15:37:56.079+0000] {processor.py:830} INFO - Processing file /opt/airflow/dags/dag_03_data_pipeline.py for tasks to queue
[2026-06-16T15:37:56.081+0000] {logging_mixin.py:188} INFO - [2026-06-16T15:37:56.081+0000] {dagbag.py:545} INFO - Filling up the DagBag from /opt/airflow/dags/dag_03_data_pipeline.py
[2026-06-16T15:37:56.093+0000] {processor.py:840} INFO - DAG(s) '03_getting_started_data_pipeline' retrieved from /opt/airflow/dags/dag_03_data_pipeline.py
[2026-06-16T15:37:56.140+0000] {logging_mixin.py:188} INFO - [2026-06-16T15:37:56.140+0000] {dag.py:3089} INFO - Sync 1 DAGs
[2026-06-16T15:37:56.155+0000] {logging_mixin.py:188} INFO - [2026-06-16T15:37:56.154+0000] {dag.py:3947} INFO - Setting next_dagrun for 03_getting_started_data_pipeline to None, run_after=None
[2026-06-16T15:37:56.177+0000] {processor.py:183} INFO - Processing /opt/airflow/dags/dag_03_data_pipeline.py took 0.107 seconds
[2026-06-16T15:38:26.296+0000] {processor.py:161} INFO - Started process (PID=15941) to work on /opt/airflow/dags/dag_03_data_pipeline.py
[2026-06-16T15:38:26.298+0000] {processor.py:830} INFO - Processing file /opt/airflow/dags/dag_03_data_pipeline.py for tasks to queue
[2026-06-16T15:38:26.300+0000] {logging_mixin.py:188} INFO - [2026-06-16T15:38:26.300+0000] {dagbag.py:545} INFO - Filling up the DagBag from /opt/airflow/dags/dag_03_data_pipeline.py
[2026-06-16T15:38:26.312+0000] {processor.py:840} INFO - DAG(s) '03_getting_started_data_pipeline' retrieved from /opt/airflow/dags/dag_03_data_pipeline.py
[2026-06-16T15:38:26.355+0000] {logging_mixin.py:188} INFO - [2026-06-16T15:38:26.355+0000] {dag.py:3089} INFO - Sync 1 DAGs
[2026-06-16T15:38:26.370+0000] {logging_mixin.py:188} INFO - [2026-06-16T15:38:26.370+0000] {dag.py:3947} INFO - Setting next_dagrun for 03_getting_started_data_pipeline to None, run_after=None
[2026-06-16T15:38:26.395+0000] {processor.py:183} INFO - Processing /opt/airflow/dags/dag_03_data_pipeline.py took 0.107 seconds
[2026-06-16T15:38:56.476+0000] {processor.py:161} INFO - Started process (PID=15983) to work on /opt/airflow/dags/dag_03_data_pipeline.py
[2026-06-16T15:38:56.477+0000] {processor.py:830} INFO - Processing file /opt/airflow/dags/dag_03_data_pipeline.py for tasks to queue
[2026-06-16T15:38:56.479+0000] {logging_mixin.py:188} INFO - [2026-06-16T15:38:56.479+0000] {dagbag.py:545} INFO - Filling up the DagBag from /opt/airflow/dags/dag_03_data_pipeline.py
[2026-06-16T15:38:56.489+0000] {processor.py:840} INFO - DAG(s) '03_getting_started_data_pipeline' retrieved from /opt/airflow/dags/dag_03_data_pipeline.py
[2026-06-16T15:38:56.532+0000] {logging_mixin.py:188} INFO - [2026-06-16T15:38:56.532+0000] {dag.py:3089} INFO - Sync 1 DAGs
[2026-06-16T15:38:56.548+0000] {logging_mixin.py:188} INFO - [2026-06-16T15:38:56.547+0000] {dag.py:3947} INFO - Setting next_dagrun for 03_getting_started_data_pipeline to None, run_after=None
[2026-06-16T15:38:56.571+0000] {processor.py:183} INFO - Processing /opt/airflow/dags/dag_03_data_pipeline.py took 0.102 seconds
[2026-06-16T15:39:26.689+0000] {processor.py:161} INFO - Started process (PID=16023) to work on /opt/airflow/dags/dag_03_data_pipeline.py
[2026-06-16T15:39:26.691+0000] {processor.py:830} INFO - Processing file /opt/airflow/dags/dag_03_data_pipeline.py for tasks to queue
[2026-06-16T15:39:26.693+0000] {logging_mixin.py:188} INFO - [2026-06-16T15:39:26.692+0000] {dagbag.py:545} INFO - Filling up the DagBag from /opt/airflow/dags/dag_03_data_pipeline.py
[2026-06-16T15:39:26.704+0000] {processor.py:840} INFO - DAG(s) '03_getting_started_data_pipeline' retrieved from /opt/airflow/dags/dag_03_data_pipeline.py
[2026-06-16T15:39:26.747+0000] {logging_mixin.py:188} INFO - [2026-06-16T15:39:26.746+0000] {dag.py:3089} INFO - Sync 1 DAGs
[2026-06-16T15:39:26.761+0000] {logging_mixin.py:188} INFO - [2026-06-16T15:39:26.760+0000] {dag.py:3947} INFO - Setting next_dagrun for 03_getting_started_data_pipeline to None, run_after=None
[2026-06-16T15:39:26.783+0000] {processor.py:183} INFO - Processing /opt/airflow/dags/dag_03_data_pipeline.py took 0.102 seconds
[2026-06-16T15:39:56.842+0000] {processor.py:161} INFO - Started process (PID=16063) to work on /opt/airflow/dags/dag_03_data_pipeline.py
[2026-06-16T15:39:56.843+0000] {processor.py:830} INFO - Processing file /opt/airflow/dags/dag_03_data_pipeline.py for tasks to queue
[2026-06-16T15:39:56.845+0000] {logging_mixin.py:188} INFO - [2026-06-16T15:39:56.845+0000] {dagbag.py:545} INFO - Filling up the DagBag from /opt/airflow/dags/dag_03_data_pipeline.py
[2026-06-16T15:39:56.855+0000] {processor.py:840} INFO - DAG(s) '03_getting_started_data_pipeline' retrieved from /opt/airflow/dags/dag_03_data_pipeline.py
[2026-06-16T15:39:56.895+0000] {logging_mixin.py:188} INFO - [2026-06-16T15:39:56.895+0000] {dag.py:3089} INFO - Sync 1 DAGs
[2026-06-16T15:39:56.909+0000] {logging_mixin.py:188} INFO - [2026-06-16T15:39:56.909+0000] {dag.py:3947} INFO - Setting next_dagrun for 03_getting_started_data_pipeline to None, run_after=None
[2026-06-16T15:39:56.930+0000] {processor.py:183} INFO - Processing /opt/airflow/dags/dag_03_data_pipeline.py took 0.095 seconds
[2026-06-16T15:40:27.051+0000] {processor.py:161} INFO - Started process (PID=16101) to work on /opt/airflow/dags/dag_03_data_pipeline.py
[2026-06-16T15:40:27.053+0000] {processor.py:830} INFO - Processing file /opt/airflow/dags/dag_03_data_pipeline.py for tasks to queue
[2026-06-16T15:40:27.055+0000] {logging_mixin.py:188} INFO - [2026-06-16T15:40:27.055+0000] {dagbag.py:545} INFO - Filling up the DagBag from /opt/airflow/dags/dag_03_data_pipeline.py
[2026-06-16T15:40:27.067+0000] {processor.py:840} INFO - DAG(s) '03_getting_started_data_pipeline' retrieved from /opt/airflow/dags/dag_03_data_pipeline.py
[2026-06-16T15:40:27.110+0000] {logging_mixin.py:188} INFO - [2026-06-16T15:40:27.109+0000] {dag.py:3089} INFO - Sync 1 DAGs
[2026-06-16T15:40:27.124+0000] {logging_mixin.py:188} INFO - [2026-06-16T15:40:27.124+0000] {dag.py:3947} INFO - Setting next_dagrun for 03_getting_started_data_pipeline to None, run_after=None
[2026-06-16T15:40:27.147+0000] {processor.py:183} INFO - Processing /opt/airflow/dags/dag_03_data_pipeline.py took 0.105 seconds
[2026-06-16T15:40:57.263+0000] {processor.py:161} INFO - Started process (PID=16143) to work on /opt/airflow/dags/dag_03_data_pipeline.py
[2026-06-16T15:40:57.264+0000] {processor.py:830} INFO - Processing file /opt/airflow/dags/dag_03_data_pipeline.py for tasks to queue
[2026-06-16T15:40:57.266+0000] {logging_mixin.py:188} INFO - [2026-06-16T15:40:57.266+0000] {dagbag.py:545} INFO - Filling up the DagBag from /opt/airflow/dags/dag_03_data_pipeline.py
[2026-06-16T15:40:57.276+0000] {processor.py:840} INFO - DAG(s) '03_getting_started_data_pipeline' retrieved from /opt/airflow/dags/dag_03_data_pipeline.py
[2026-06-16T15:40:57.316+0000] {logging_mixin.py:188} INFO - [2026-06-16T15:40:57.315+0000] {dag.py:3089} INFO - Sync 1 DAGs
[2026-06-16T15:40:57.329+0000] {logging_mixin.py:188} INFO - [2026-06-16T15:40:57.328+0000] {dag.py:3947} INFO - Setting next_dagrun for 03_getting_started_data_pipeline to None, run_after=None
[2026-06-16T15:40:57.351+0000] {processor.py:183} INFO - Processing /opt/airflow/dags/dag_03_data_pipeline.py took 0.095 seconds
[2026-06-16T15:41:27.440+0000] {processor.py:161} INFO - Started process (PID=16183) to work on /opt/airflow/dags/dag_03_data_pipeline.py
[2026-06-16T15:41:27.441+0000] {processor.py:830} INFO - Processing file /opt/airflow/dags/dag_03_data_pipeline.py for tasks to queue
[2026-06-16T15:41:27.443+0000] {logging_mixin.py:188} INFO - [2026-06-16T15:41:27.443+0000] {dagbag.py:545} INFO - Filling up the DagBag from /opt/airflow/dags/dag_03_data_pipeline.py
[2026-06-16T15:41:27.453+0000] {processor.py:840} INFO - DAG(s) '03_getting_started_data_pipeline' retrieved from /opt/airflow/dags/dag_03_data_pipeline.py
[2026-06-16T15:41:27.493+0000] {logging_mixin.py:188} INFO - [2026-06-16T15:41:27.493+0000] {dag.py:3089} INFO - Sync 1 DAGs
[2026-06-16T15:41:27.507+0000] {logging_mixin.py:188} INFO - [2026-06-16T15:41:27.506+0000] {dag.py:3947} INFO - Setting next_dagrun for 03_getting_started_data_pipeline to None, run_after=None
[2026-06-16T15:41:27.529+0000] {processor.py:183} INFO - Processing /opt/airflow/dags/dag_03_data_pipeline.py took 0.096 seconds
[2026-06-16T15:41:57.669+0000] {processor.py:161} INFO - Started process (PID=16221) to work on /opt/airflow/dags/dag_03_data_pipeline.py
[2026-06-16T15:41:57.670+0000] {processor.py:830} INFO - Processing file /opt/airflow/dags/dag_03_data_pipeline.py for tasks to queue
[2026-06-16T15:41:57.673+0000] {logging_mixin.py:188} INFO - [2026-06-16T15:41:57.672+0000] {dagbag.py:545} INFO - Filling up the DagBag from /opt/airflow/dags/dag_03_data_pipeline.py
[2026-06-16T15:41:57.687+0000] {processor.py:840} INFO - DAG(s) '03_getting_started_data_pipeline' retrieved from /opt/airflow/dags/dag_03_data_pipeline.py
[2026-06-16T15:41:57.736+0000] {logging_mixin.py:188} INFO - [2026-06-16T15:41:57.736+0000] {dag.py:3089} INFO - Sync 1 DAGs
[2026-06-16T15:41:57.752+0000] {logging_mixin.py:188} INFO - [2026-06-16T15:41:57.752+0000] {dag.py:3947} INFO - Setting next_dagrun for 03_getting_started_data_pipeline to None, run_after=None
[2026-06-16T15:41:57.778+0000] {processor.py:183} INFO - Processing /opt/airflow/dags/dag_03_data_pipeline.py took 0.120 seconds
[2026-06-16T15:42:27.860+0000] {processor.py:161} INFO - Started process (PID=16261) to work on /opt/airflow/dags/dag_03_data_pipeline.py
[2026-06-16T15:42:27.862+0000] {processor.py:830} INFO - Processing file /opt/airflow/dags/dag_03_data_pipeline.py for tasks to queue
[2026-06-16T15:42:27.864+0000] {logging_mixin.py:188} INFO - [2026-06-16T15:42:27.864+0000] {dagbag.py:545} INFO - Filling up the DagBag from /opt/airflow/dags/dag_03_data_pipeline.py
[2026-06-16T15:42:27.877+0000] {processor.py:840} INFO - DAG(s) '03_getting_started_data_pipeline' retrieved from /opt/airflow/dags/dag_03_data_pipeline.py
[2026-06-16T15:42:27.924+0000] {logging_mixin.py:188} INFO - [2026-06-16T15:42:27.923+0000] {dag.py:3089} INFO - Sync 1 DAGs
[2026-06-16T15:42:27.941+0000] {logging_mixin.py:188} INFO - [2026-06-16T15:42:27.941+0000] {dag.py:3947} INFO - Setting next_dagrun for 03_getting_started_data_pipeline to None, run_after=None
[2026-06-16T15:42:27.967+0000] {processor.py:183} INFO - Processing /opt/airflow/dags/dag_03_data_pipeline.py took 0.116 seconds
[2026-06-16T15:42:58.042+0000] {processor.py:161} INFO - Started process (PID=16303) to work on /opt/airflow/dags/dag_03_data_pipeline.py
[2026-06-16T15:42:58.043+0000] {processor.py:830} INFO - Processing file /opt/airflow/dags/dag_03_data_pipeline.py for tasks to queue
[2026-06-16T15:42:58.045+0000] {logging_mixin.py:188} INFO - [2026-06-16T15:42:58.044+0000] {dagbag.py:545} INFO - Filling up the DagBag from /opt/airflow/dags/dag_03_data_pipeline.py
[2026-06-16T15:42:58.055+0000] {processor.py:840} INFO - DAG(s) '03_getting_started_data_pipeline' retrieved from /opt/airflow/dags/dag_03_data_pipeline.py
[2026-06-16T15:42:58.095+0000] {logging_mixin.py:188} INFO - [2026-06-16T15:42:58.095+0000] {dag.py:3089} INFO - Sync 1 DAGs
[2026-06-16T15:42:58.109+0000] {logging_mixin.py:188} INFO - [2026-06-16T15:42:58.109+0000] {dag.py:3947} INFO - Setting next_dagrun for 03_getting_started_data_pipeline to None, run_after=None
[2026-06-16T15:42:58.131+0000] {processor.py:183} INFO - Processing /opt/airflow/dags/dag_03_data_pipeline.py took 0.097 seconds
[2026-06-16T15:43:29.096+0000] {processor.py:161} INFO - Started process (PID=16343) to work on /opt/airflow/dags/dag_03_data_pipeline.py
[2026-06-16T15:43:29.098+0000] {processor.py:830} INFO - Processing file /opt/airflow/dags/dag_03_data_pipeline.py for tasks to queue
[2026-06-16T15:43:29.100+0000] {logging_mixin.py:188} INFO - [2026-06-16T15:43:29.099+0000] {dagbag.py:545} INFO - Filling up the DagBag from /opt/airflow/dags/dag_03_data_pipeline.py
[2026-06-16T15:43:29.110+0000] {processor.py:840} INFO - DAG(s) '03_getting_started_data_pipeline' retrieved from /opt/airflow/dags/dag_03_data_pipeline.py
[2026-06-16T15:43:29.152+0000] {logging_mixin.py:188} INFO - [2026-06-16T15:43:29.152+0000] {dag.py:3089} INFO - Sync 1 DAGs
[2026-06-16T15:43:29.165+0000] {logging_mixin.py:188} INFO - [2026-06-16T15:43:29.165+0000] {dag.py:3947} INFO - Setting next_dagrun for 03_getting_started_data_pipeline to None, run_after=None
[2026-06-16T15:43:29.188+0000] {processor.py:183} INFO - Processing /opt/airflow/dags/dag_03_data_pipeline.py took 0.098 seconds
[2026-06-16T15:43:59.237+0000] {processor.py:161} INFO - Started process (PID=16381) to work on /opt/airflow/dags/dag_03_data_pipeline.py
[2026-06-16T15:43:59.238+0000] {processor.py:830} INFO - Processing file /opt/airflow/dags/dag_03_data_pipeline.py for tasks to queue
[2026-06-16T15:43:59.240+0000] {logging_mixin.py:188} INFO - [2026-06-16T15:43:59.240+0000] {dagbag.py:545} INFO - Filling up the DagBag from /opt/airflow/dags/dag_03_data_pipeline.py
[2026-06-16T15:43:59.251+0000] {processor.py:840} INFO - DAG(s) '03_getting_started_data_pipeline' retrieved from /opt/airflow/dags/dag_03_data_pipeline.py
[2026-06-16T15:43:59.294+0000] {logging_mixin.py:188} INFO - [2026-06-16T15:43:59.294+0000] {dag.py:3089} INFO - Sync 1 DAGs
[2026-06-16T15:43:59.308+0000] {logging_mixin.py:188} INFO - [2026-06-16T15:43:59.308+0000] {dag.py:3947} INFO - Setting next_dagrun for 03_getting_started_data_pipeline to None, run_after=None
[2026-06-16T15:43:59.332+0000] {processor.py:183} INFO - Processing /opt/airflow/dags/dag_03_data_pipeline.py took 0.103 seconds
[2026-06-16T15:44:30.278+0000] {processor.py:161} INFO - Started process (PID=16422) to work on /opt/airflow/dags/dag_03_data_pipeline.py
[2026-06-16T15:44:30.280+0000] {processor.py:830} INFO - Processing file /opt/airflow/dags/dag_03_data_pipeline.py for tasks to queue
[2026-06-16T15:44:30.282+0000] {logging_mixin.py:188} INFO - [2026-06-16T15:44:30.282+0000] {dagbag.py:545} INFO - Filling up the DagBag from /opt/airflow/dags/dag_03_data_pipeline.py
[2026-06-16T15:44:30.297+0000] {processor.py:840} INFO - DAG(s) '03_getting_started_data_pipeline' retrieved from /opt/airflow/dags/dag_03_data_pipeline.py
[2026-06-16T15:44:30.346+0000] {logging_mixin.py:188} INFO - [2026-06-16T15:44:30.346+0000] {dag.py:3089} INFO - Sync 1 DAGs
[2026-06-16T15:44:30.363+0000] {logging_mixin.py:188} INFO - [2026-06-16T15:44:30.363+0000] {dag.py:3947} INFO - Setting next_dagrun for 03_getting_started_data_pipeline to None, run_after=None
[2026-06-16T15:44:30.388+0000] {processor.py:183} INFO - Processing /opt/airflow/dags/dag_03_data_pipeline.py took 0.120 seconds
[2026-06-16T15:45:01.263+0000] {processor.py:161} INFO - Started process (PID=16463) to work on /opt/airflow/dags/dag_03_data_pipeline.py
[2026-06-16T15:45:01.264+0000] {processor.py:830} INFO - Processing file /opt/airflow/dags/dag_03_data_pipeline.py for tasks to queue
[2026-06-16T15:45:01.266+0000] {logging_mixin.py:188} INFO - [2026-06-16T15:45:01.265+0000] {dagbag.py:545} INFO - Filling up the DagBag from /opt/airflow/dags/dag_03_data_pipeline.py
[2026-06-16T15:45:01.276+0000] {processor.py:840} INFO - DAG(s) '03_getting_started_data_pipeline' retrieved from /opt/airflow/dags/dag_03_data_pipeline.py
[2026-06-16T15:45:01.316+0000] {logging_mixin.py:188} INFO - [2026-06-16T15:45:01.316+0000] {dag.py:3089} INFO - Sync 1 DAGs
[2026-06-16T15:45:01.329+0000] {logging_mixin.py:188} INFO - [2026-06-16T15:45:01.329+0000] {dag.py:3947} INFO - Setting next_dagrun for 03_getting_started_data_pipeline to None, run_after=None
[2026-06-16T15:45:01.349+0000] {processor.py:183} INFO - Processing /opt/airflow/dags/dag_03_data_pipeline.py took 0.093 seconds
[2026-06-16T15:45:31.423+0000] {processor.py:161} INFO - Started process (PID=16502) to work on /opt/airflow/dags/dag_03_data_pipeline.py
[2026-06-16T15:45:31.425+0000] {processor.py:830} INFO - Processing file /opt/airflow/dags/dag_03_data_pipeline.py for tasks to queue
[2026-06-16T15:45:31.427+0000] {logging_mixin.py:188} INFO - [2026-06-16T15:45:31.426+0000] {dagbag.py:545} INFO - Filling up the DagBag from /opt/airflow/dags/dag_03_data_pipeline.py
[2026-06-16T15:45:31.437+0000] {processor.py:840} INFO - DAG(s) '03_getting_started_data_pipeline' retrieved from /opt/airflow/dags/dag_03_data_pipeline.py
[2026-06-16T15:45:31.476+0000] {logging_mixin.py:188} INFO - [2026-06-16T15:45:31.476+0000] {dag.py:3089} INFO - Sync 1 DAGs
[2026-06-16T15:45:31.490+0000] {logging_mixin.py:188} INFO - [2026-06-16T15:45:31.490+0000] {dag.py:3947} INFO - Setting next_dagrun for 03_getting_started_data_pipeline to None, run_after=None
[2026-06-16T15:45:31.510+0000] {processor.py:183} INFO - Processing /opt/airflow/dags/dag_03_data_pipeline.py took 0.095 seconds
[2026-06-16T15:46:01.693+0000] {processor.py:161} INFO - Started process (PID=16541) to work on /opt/airflow/dags/dag_03_data_pipeline.py
[2026-06-16T15:46:01.694+0000] {processor.py:830} INFO - Processing file /opt/airflow/dags/dag_03_data_pipeline.py for tasks to queue
[2026-06-16T15:46:01.696+0000] {logging_mixin.py:188} INFO - [2026-06-16T15:46:01.696+0000] {dagbag.py:545} INFO - Filling up the DagBag from /opt/airflow/dags/dag_03_data_pipeline.py
[2026-06-16T15:46:01.710+0000] {processor.py:840} INFO - DAG(s) '03_getting_started_data_pipeline' retrieved from /opt/airflow/dags/dag_03_data_pipeline.py
[2026-06-16T15:46:01.757+0000] {logging_mixin.py:188} INFO - [2026-06-16T15:46:01.757+0000] {dag.py:3089} INFO - Sync 1 DAGs
[2026-06-16T15:46:01.772+0000] {logging_mixin.py:188} INFO - [2026-06-16T15:46:01.771+0000] {dag.py:3947} INFO - Setting next_dagrun for 03_getting_started_data_pipeline to None, run_after=None
[2026-06-16T15:46:01.798+0000] {processor.py:183} INFO - Processing /opt/airflow/dags/dag_03_data_pipeline.py took 0.114 seconds
[2026-06-16T15:46:31.859+0000] {processor.py:161} INFO - Started process (PID=16583) to work on /opt/airflow/dags/dag_03_data_pipeline.py
[2026-06-16T15:46:31.860+0000] {processor.py:830} INFO - Processing file /opt/airflow/dags/dag_03_data_pipeline.py for tasks to queue
[2026-06-16T15:46:31.862+0000] {logging_mixin.py:188} INFO - [2026-06-16T15:46:31.862+0000] {dagbag.py:545} INFO - Filling up the DagBag from /opt/airflow/dags/dag_03_data_pipeline.py
[2026-06-16T15:46:31.872+0000] {processor.py:840} INFO - DAG(s) '03_getting_started_data_pipeline' retrieved from /opt/airflow/dags/dag_03_data_pipeline.py
[2026-06-16T15:46:31.915+0000] {logging_mixin.py:188} INFO - [2026-06-16T15:46:31.915+0000] {dag.py:3089} INFO - Sync 1 DAGs
[2026-06-16T15:46:31.928+0000] {logging_mixin.py:188} INFO - [2026-06-16T15:46:31.928+0000] {dag.py:3947} INFO - Setting next_dagrun for 03_getting_started_data_pipeline to None, run_after=None
[2026-06-16T15:46:31.948+0000] {processor.py:183} INFO - Processing /opt/airflow/dags/dag_03_data_pipeline.py took 0.097 seconds
[2026-06-16T15:47:02.086+0000] {processor.py:161} INFO - Started process (PID=16621) to work on /opt/airflow/dags/dag_03_data_pipeline.py
[2026-06-16T15:47:02.087+0000] {processor.py:830} INFO - Processing file /opt/airflow/dags/dag_03_data_pipeline.py for tasks to queue
[2026-06-16T15:47:02.089+0000] {logging_mixin.py:188} INFO - [2026-06-16T15:47:02.089+0000] {dagbag.py:545} INFO - Filling up the DagBag from /opt/airflow/dags/dag_03_data_pipeline.py
[2026-06-16T15:47:02.103+0000] {processor.py:840} INFO - DAG(s) '03_getting_started_data_pipeline' retrieved from /opt/airflow/dags/dag_03_data_pipeline.py
[2026-06-16T15:47:02.151+0000] {logging_mixin.py:188} INFO - [2026-06-16T15:47:02.150+0000] {dag.py:3089} INFO - Sync 1 DAGs
[2026-06-16T15:47:02.166+0000] {logging_mixin.py:188} INFO - [2026-06-16T15:47:02.166+0000] {dag.py:3947} INFO - Setting next_dagrun for 03_getting_started_data_pipeline to None, run_after=None
[2026-06-16T15:47:02.194+0000] {processor.py:183} INFO - Processing /opt/airflow/dags/dag_03_data_pipeline.py took 0.119 seconds
[2026-06-16T15:47:33.049+0000] {processor.py:161} INFO - Started process (PID=16663) to work on /opt/airflow/dags/dag_03_data_pipeline.py
[2026-06-16T15:47:33.051+0000] {processor.py:830} INFO - Processing file /opt/airflow/dags/dag_03_data_pipeline.py for tasks to queue
[2026-06-16T15:47:33.053+0000] {logging_mixin.py:188} INFO - [2026-06-16T15:47:33.053+0000] {dagbag.py:545} INFO - Filling up the DagBag from /opt/airflow/dags/dag_03_data_pipeline.py
[2026-06-16T15:47:33.064+0000] {processor.py:840} INFO - DAG(s) '03_getting_started_data_pipeline' retrieved from /opt/airflow/dags/dag_03_data_pipeline.py
[2026-06-16T15:47:33.109+0000] {logging_mixin.py:188} INFO - [2026-06-16T15:47:33.108+0000] {dag.py:3089} INFO - Sync 1 DAGs
[2026-06-16T15:47:33.123+0000] {logging_mixin.py:188} INFO - [2026-06-16T15:47:33.122+0000] {dag.py:3947} INFO - Setting next_dagrun for 03_getting_started_data_pipeline to None, run_after=None
[2026-06-16T15:47:33.147+0000] {processor.py:183} INFO - Processing /opt/airflow/dags/dag_03_data_pipeline.py took 0.106 seconds
[2026-06-16T15:48:04.061+0000] {processor.py:161} INFO - Started process (PID=16703) to work on /opt/airflow/dags/dag_03_data_pipeline.py
[2026-06-16T15:48:04.062+0000] {processor.py:830} INFO - Processing file /opt/airflow/dags/dag_03_data_pipeline.py for tasks to queue
[2026-06-16T15:48:04.064+0000] {logging_mixin.py:188} INFO - [2026-06-16T15:48:04.064+0000] {dagbag.py:545} INFO - Filling up the DagBag from /opt/airflow/dags/dag_03_data_pipeline.py
[2026-06-16T15:48:04.074+0000] {processor.py:840} INFO - DAG(s) '03_getting_started_data_pipeline' retrieved from /opt/airflow/dags/dag_03_data_pipeline.py
[2026-06-16T15:48:04.117+0000] {logging_mixin.py:188} INFO - [2026-06-16T15:48:04.117+0000] {dag.py:3089} INFO - Sync 1 DAGs
[2026-06-16T15:48:04.132+0000] {logging_mixin.py:188} INFO - [2026-06-16T15:48:04.132+0000] {dag.py:3947} INFO - Setting next_dagrun for 03_getting_started_data_pipeline to None, run_after=None
[2026-06-16T15:48:04.154+0000] {processor.py:183} INFO - Processing /opt/airflow/dags/dag_03_data_pipeline.py took 0.100 seconds
[2026-06-16T15:48:34.234+0000] {processor.py:161} INFO - Started process (PID=16743) to work on /opt/airflow/dags/dag_03_data_pipeline.py
[2026-06-16T15:48:34.235+0000] {processor.py:830} INFO - Processing file /opt/airflow/dags/dag_03_data_pipeline.py for tasks to queue
[2026-06-16T15:48:34.237+0000] {logging_mixin.py:188} INFO - [2026-06-16T15:48:34.237+0000] {dagbag.py:545} INFO - Filling up the DagBag from /opt/airflow/dags/dag_03_data_pipeline.py
[2026-06-16T15:48:34.248+0000] {processor.py:840} INFO - DAG(s) '03_getting_started_data_pipeline' retrieved from /opt/airflow/dags/dag_03_data_pipeline.py
[2026-06-16T15:48:34.289+0000] {logging_mixin.py:188} INFO - [2026-06-16T15:48:34.289+0000] {dag.py:3089} INFO - Sync 1 DAGs
[2026-06-16T15:48:34.302+0000] {logging_mixin.py:188} INFO - [2026-06-16T15:48:34.302+0000] {dag.py:3947} INFO - Setting next_dagrun for 03_getting_started_data_pipeline to None, run_after=None
[2026-06-16T15:48:34.326+0000] {processor.py:183} INFO - Processing /opt/airflow/dags/dag_03_data_pipeline.py took 0.099 seconds
[2026-06-16T15:49:04.469+0000] {processor.py:161} INFO - Started process (PID=16781) to work on /opt/airflow/dags/dag_03_data_pipeline.py
[2026-06-16T15:49:04.470+0000] {processor.py:830} INFO - Processing file /opt/airflow/dags/dag_03_data_pipeline.py for tasks to queue
[2026-06-16T15:49:04.473+0000] {logging_mixin.py:188} INFO - [2026-06-16T15:49:04.472+0000] {dagbag.py:545} INFO - Filling up the DagBag from /opt/airflow/dags/dag_03_data_pipeline.py
[2026-06-16T15:49:04.485+0000] {processor.py:840} INFO - DAG(s) '03_getting_started_data_pipeline' retrieved from /opt/airflow/dags/dag_03_data_pipeline.py
[2026-06-16T15:49:04.535+0000] {logging_mixin.py:188} INFO - [2026-06-16T15:49:04.534+0000] {dag.py:3089} INFO - Sync 1 DAGs
[2026-06-16T15:49:04.551+0000] {logging_mixin.py:188} INFO - [2026-06-16T15:49:04.550+0000] {dag.py:3947} INFO - Setting next_dagrun for 03_getting_started_data_pipeline to None, run_after=None
[2026-06-16T15:49:04.573+0000] {processor.py:183} INFO - Processing /opt/airflow/dags/dag_03_data_pipeline.py took 0.112 seconds
[2026-06-16T15:49:35.213+0000] {processor.py:161} INFO - Started process (PID=16823) to work on /opt/airflow/dags/dag_03_data_pipeline.py
[2026-06-16T15:49:35.214+0000] {processor.py:830} INFO - Processing file /opt/airflow/dags/dag_03_data_pipeline.py for tasks to queue
[2026-06-16T15:49:35.216+0000] {logging_mixin.py:188} INFO - [2026-06-16T15:49:35.216+0000] {dagbag.py:545} INFO - Filling up the DagBag from /opt/airflow/dags/dag_03_data_pipeline.py
[2026-06-16T15:49:35.229+0000] {processor.py:840} INFO - DAG(s) '03_getting_started_data_pipeline' retrieved from /opt/airflow/dags/dag_03_data_pipeline.py
[2026-06-16T15:49:35.277+0000] {logging_mixin.py:188} INFO - [2026-06-16T15:49:35.277+0000] {dag.py:3089} INFO - Sync 1 DAGs
[2026-06-16T15:49:35.294+0000] {logging_mixin.py:188} INFO - [2026-06-16T15:49:35.294+0000] {dag.py:3947} INFO - Setting next_dagrun for 03_getting_started_data_pipeline to None, run_after=None
[2026-06-16T15:49:35.319+0000] {processor.py:183} INFO - Processing /opt/airflow/dags/dag_03_data_pipeline.py took 0.115 seconds
[2026-06-16T15:50:06.169+0000] {processor.py:161} INFO - Started process (PID=16863) to work on /opt/airflow/dags/dag_03_data_pipeline.py
[2026-06-16T15:50:06.171+0000] {processor.py:830} INFO - Processing file /opt/airflow/dags/dag_03_data_pipeline.py for tasks to queue
[2026-06-16T15:50:06.174+0000] {logging_mixin.py:188} INFO - [2026-06-16T15:50:06.173+0000] {dagbag.py:545} INFO - Filling up the DagBag from /opt/airflow/dags/dag_03_data_pipeline.py
[2026-06-16T15:50:06.187+0000] {processor.py:840} INFO - DAG(s) '03_getting_started_data_pipeline' retrieved from /opt/airflow/dags/dag_03_data_pipeline.py
[2026-06-16T15:50:06.238+0000] {logging_mixin.py:188} INFO - [2026-06-16T15:50:06.238+0000] {dag.py:3089} INFO - Sync 1 DAGs
[2026-06-16T15:50:06.254+0000] {logging_mixin.py:188} INFO - [2026-06-16T15:50:06.253+0000] {dag.py:3947} INFO - Setting next_dagrun for 03_getting_started_data_pipeline to None, run_after=None
[2026-06-16T15:50:06.284+0000] {processor.py:183} INFO - Processing /opt/airflow/dags/dag_03_data_pipeline.py took 0.124 seconds
[2026-06-16T15:50:37.213+0000] {processor.py:161} INFO - Started process (PID=16903) to work on /opt/airflow/dags/dag_03_data_pipeline.py
[2026-06-16T15:50:37.215+0000] {processor.py:830} INFO - Processing file /opt/airflow/dags/dag_03_data_pipeline.py for tasks to queue
[2026-06-16T15:50:37.217+0000] {logging_mixin.py:188} INFO - [2026-06-16T15:50:37.217+0000] {dagbag.py:545} INFO - Filling up the DagBag from /opt/airflow/dags/dag_03_data_pipeline.py
[2026-06-16T15:50:37.228+0000] {processor.py:840} INFO - DAG(s) '03_getting_started_data_pipeline' retrieved from /opt/airflow/dags/dag_03_data_pipeline.py
[2026-06-16T15:50:37.274+0000] {logging_mixin.py:188} INFO - [2026-06-16T15:50:37.273+0000] {dag.py:3089} INFO - Sync 1 DAGs
[2026-06-16T15:50:37.288+0000] {logging_mixin.py:188} INFO - [2026-06-16T15:50:37.288+0000] {dag.py:3947} INFO - Setting next_dagrun for 03_getting_started_data_pipeline to None, run_after=None
[2026-06-16T15:50:37.314+0000] {processor.py:183} INFO - Processing /opt/airflow/dags/dag_03_data_pipeline.py took 0.108 seconds
[2026-06-16T15:51:08.152+0000] {processor.py:161} INFO - Started process (PID=16941) to work on /opt/airflow/dags/dag_03_data_pipeline.py
[2026-06-16T15:51:08.153+0000] {processor.py:830} INFO - Processing file /opt/airflow/dags/dag_03_data_pipeline.py for tasks to queue
[2026-06-16T15:51:08.155+0000] {logging_mixin.py:188} INFO - [2026-06-16T15:51:08.154+0000] {dagbag.py:545} INFO - Filling up the DagBag from /opt/airflow/dags/dag_03_data_pipeline.py
[2026-06-16T15:51:08.167+0000] {processor.py:840} INFO - DAG(s) '03_getting_started_data_pipeline' retrieved from /opt/airflow/dags/dag_03_data_pipeline.py
[2026-06-16T15:51:08.212+0000] {logging_mixin.py:188} INFO - [2026-06-16T15:51:08.211+0000] {dag.py:3089} INFO - Sync 1 DAGs
[2026-06-16T15:51:08.225+0000] {logging_mixin.py:188} INFO - [2026-06-16T15:51:08.225+0000] {dag.py:3947} INFO - Setting next_dagrun for 03_getting_started_data_pipeline to None, run_after=None
[2026-06-16T15:51:08.248+0000] {processor.py:183} INFO - Processing /opt/airflow/dags/dag_03_data_pipeline.py took 0.105 seconds
[2026-06-16T15:51:39.053+0000] {processor.py:161} INFO - Started process (PID=16983) to work on /opt/airflow/dags/dag_03_data_pipeline.py
[2026-06-16T15:51:39.054+0000] {processor.py:830} INFO - Processing file /opt/airflow/dags/dag_03_data_pipeline.py for tasks to queue
[2026-06-16T15:51:39.056+0000] {logging_mixin.py:188} INFO - [2026-06-16T15:51:39.056+0000] {dagbag.py:545} INFO - Filling up the DagBag from /opt/airflow/dags/dag_03_data_pipeline.py
[2026-06-16T15:51:39.067+0000] {processor.py:840} INFO - DAG(s) '03_getting_started_data_pipeline' retrieved from /opt/airflow/dags/dag_03_data_pipeline.py
[2026-06-16T15:51:39.109+0000] {logging_mixin.py:188} INFO - [2026-06-16T15:51:39.109+0000] {dag.py:3089} INFO - Sync 1 DAGs
[2026-06-16T15:51:39.122+0000] {logging_mixin.py:188} INFO - [2026-06-16T15:51:39.122+0000] {dag.py:3947} INFO - Setting next_dagrun for 03_getting_started_data_pipeline to None, run_after=None
[2026-06-16T15:51:39.146+0000] {processor.py:183} INFO - Processing /opt/airflow/dags/dag_03_data_pipeline.py took 0.100 seconds
[2026-06-16T15:52:09.242+0000] {processor.py:161} INFO - Started process (PID=17023) to work on /opt/airflow/dags/dag_03_data_pipeline.py
[2026-06-16T15:52:09.244+0000] {processor.py:830} INFO - Processing file /opt/airflow/dags/dag_03_data_pipeline.py for tasks to queue
[2026-06-16T15:52:09.247+0000] {logging_mixin.py:188} INFO - [2026-06-16T15:52:09.246+0000] {dagbag.py:545} INFO - Filling up the DagBag from /opt/airflow/dags/dag_03_data_pipeline.py
[2026-06-16T15:52:09.261+0000] {processor.py:840} INFO - DAG(s) '03_getting_started_data_pipeline' retrieved from /opt/airflow/dags/dag_03_data_pipeline.py
[2026-06-16T15:52:09.307+0000] {logging_mixin.py:188} INFO - [2026-06-16T15:52:09.307+0000] {dag.py:3089} INFO - Sync 1 DAGs
[2026-06-16T15:52:09.323+0000] {logging_mixin.py:188} INFO - [2026-06-16T15:52:09.323+0000] {dag.py:3947} INFO - Setting next_dagrun for 03_getting_started_data_pipeline to None, run_after=None
[2026-06-16T15:52:09.351+0000] {processor.py:183} INFO - Processing /opt/airflow/dags/dag_03_data_pipeline.py took 0.119 seconds
[2026-06-16T15:52:39.434+0000] {processor.py:161} INFO - Started process (PID=17063) to work on /opt/airflow/dags/dag_03_data_pipeline.py
[2026-06-16T15:52:39.435+0000] {processor.py:830} INFO - Processing file /opt/airflow/dags/dag_03_data_pipeline.py for tasks to queue
[2026-06-16T15:52:39.437+0000] {logging_mixin.py:188} INFO - [2026-06-16T15:52:39.437+0000] {dagbag.py:545} INFO - Filling up the DagBag from /opt/airflow/dags/dag_03_data_pipeline.py
[2026-06-16T15:52:39.448+0000] {processor.py:840} INFO - DAG(s) '03_getting_started_data_pipeline' retrieved from /opt/airflow/dags/dag_03_data_pipeline.py
[2026-06-16T15:52:39.488+0000] {logging_mixin.py:188} INFO - [2026-06-16T15:52:39.487+0000] {dag.py:3089} INFO - Sync 1 DAGs
[2026-06-16T15:52:39.512+0000] {logging_mixin.py:188} INFO - [2026-06-16T15:52:39.511+0000] {dag.py:3947} INFO - Setting next_dagrun for 03_getting_started_data_pipeline to None, run_after=None
[2026-06-16T15:52:39.542+0000] {processor.py:183} INFO - Processing /opt/airflow/dags/dag_03_data_pipeline.py took 0.116 seconds
[2026-06-16T15:53:09.621+0000] {processor.py:161} INFO - Started process (PID=17101) to work on /opt/airflow/dags/dag_03_data_pipeline.py
[2026-06-16T15:53:09.622+0000] {processor.py:830} INFO - Processing file /opt/airflow/dags/dag_03_data_pipeline.py for tasks to queue
[2026-06-16T15:53:09.624+0000] {logging_mixin.py:188} INFO - [2026-06-16T15:53:09.624+0000] {dagbag.py:545} INFO - Filling up the DagBag from /opt/airflow/dags/dag_03_data_pipeline.py
[2026-06-16T15:53:09.634+0000] {processor.py:840} INFO - DAG(s) '03_getting_started_data_pipeline' retrieved from /opt/airflow/dags/dag_03_data_pipeline.py
[2026-06-16T15:53:09.682+0000] {logging_mixin.py:188} INFO - [2026-06-16T15:53:09.682+0000] {dag.py:3089} INFO - Sync 1 DAGs
[2026-06-16T15:53:09.698+0000] {logging_mixin.py:188} INFO - [2026-06-16T15:53:09.697+0000] {dag.py:3947} INFO - Setting next_dagrun for 03_getting_started_data_pipeline to None, run_after=None
[2026-06-16T15:53:09.726+0000] {processor.py:183} INFO - Processing /opt/airflow/dags/dag_03_data_pipeline.py took 0.113 seconds
[2026-06-16T15:53:39.823+0000] {processor.py:161} INFO - Started process (PID=17141) to work on /opt/airflow/dags/dag_03_data_pipeline.py
[2026-06-16T15:53:39.824+0000] {processor.py:830} INFO - Processing file /opt/airflow/dags/dag_03_data_pipeline.py for tasks to queue
[2026-06-16T15:53:39.826+0000] {logging_mixin.py:188} INFO - [2026-06-16T15:53:39.826+0000] {dagbag.py:545} INFO - Filling up the DagBag from /opt/airflow/dags/dag_03_data_pipeline.py
[2026-06-16T15:53:39.836+0000] {processor.py:840} INFO - DAG(s) '03_getting_started_data_pipeline' retrieved from /opt/airflow/dags/dag_03_data_pipeline.py
[2026-06-16T15:53:39.886+0000] {logging_mixin.py:188} INFO - [2026-06-16T15:53:39.886+0000] {dag.py:3089} INFO - Sync 1 DAGs
[2026-06-16T15:53:39.900+0000] {logging_mixin.py:188} INFO - [2026-06-16T15:53:39.900+0000] {dag.py:3947} INFO - Setting next_dagrun for 03_getting_started_data_pipeline to None, run_after=None
[2026-06-16T15:53:39.924+0000] {processor.py:183} INFO - Processing /opt/airflow/dags/dag_03_data_pipeline.py took 0.109 seconds
[2026-06-16T15:54:10.001+0000] {processor.py:161} INFO - Started process (PID=17183) to work on /opt/airflow/dags/dag_03_data_pipeline.py
[2026-06-16T15:54:10.002+0000] {processor.py:830} INFO - Processing file /opt/airflow/dags/dag_03_data_pipeline.py for tasks to queue
[2026-06-16T15:54:10.004+0000] {logging_mixin.py:188} INFO - [2026-06-16T15:54:10.004+0000] {dagbag.py:545} INFO - Filling up the DagBag from /opt/airflow/dags/dag_03_data_pipeline.py
[2026-06-16T15:54:10.014+0000] {processor.py:840} INFO - DAG(s) '03_getting_started_data_pipeline' retrieved from /opt/airflow/dags/dag_03_data_pipeline.py
[2026-06-16T15:54:10.059+0000] {logging_mixin.py:188} INFO - [2026-06-16T15:54:10.058+0000] {dag.py:3089} INFO - Sync 1 DAGs
[2026-06-16T15:54:10.072+0000] {logging_mixin.py:188} INFO - [2026-06-16T15:54:10.072+0000] {dag.py:3947} INFO - Setting next_dagrun for 03_getting_started_data_pipeline to None, run_after=None
[2026-06-16T15:54:10.096+0000] {processor.py:183} INFO - Processing /opt/airflow/dags/dag_03_data_pipeline.py took 0.101 seconds
[2026-06-16T15:54:40.267+0000] {processor.py:161} INFO - Started process (PID=17221) to work on /opt/airflow/dags/dag_03_data_pipeline.py
[2026-06-16T15:54:40.268+0000] {processor.py:830} INFO - Processing file /opt/airflow/dags/dag_03_data_pipeline.py for tasks to queue
[2026-06-16T15:54:40.271+0000] {logging_mixin.py:188} INFO - [2026-06-16T15:54:40.270+0000] {dagbag.py:545} INFO - Filling up the DagBag from /opt/airflow/dags/dag_03_data_pipeline.py
[2026-06-16T15:54:40.283+0000] {processor.py:840} INFO - DAG(s) '03_getting_started_data_pipeline' retrieved from /opt/airflow/dags/dag_03_data_pipeline.py
[2026-06-16T15:54:40.330+0000] {logging_mixin.py:188} INFO - [2026-06-16T15:54:40.330+0000] {dag.py:3089} INFO - Sync 1 DAGs
[2026-06-16T15:54:40.347+0000] {logging_mixin.py:188} INFO - [2026-06-16T15:54:40.346+0000] {dag.py:3947} INFO - Setting next_dagrun for 03_getting_started_data_pipeline to None, run_after=None
[2026-06-16T15:54:40.371+0000] {processor.py:183} INFO - Processing /opt/airflow/dags/dag_03_data_pipeline.py took 0.112 seconds
[2026-06-16T15:55:10.486+0000] {processor.py:161} INFO - Started process (PID=17263) to work on /opt/airflow/dags/dag_03_data_pipeline.py
[2026-06-16T15:55:10.487+0000] {processor.py:830} INFO - Processing file /opt/airflow/dags/dag_03_data_pipeline.py for tasks to queue
[2026-06-16T15:55:10.489+0000] {logging_mixin.py:188} INFO - [2026-06-16T15:55:10.488+0000] {dagbag.py:545} INFO - Filling up the DagBag from /opt/airflow/dags/dag_03_data_pipeline.py
[2026-06-16T15:55:10.499+0000] {processor.py:840} INFO - DAG(s) '03_getting_started_data_pipeline' retrieved from /opt/airflow/dags/dag_03_data_pipeline.py
[2026-06-16T15:55:10.539+0000] {logging_mixin.py:188} INFO - [2026-06-16T15:55:10.538+0000] {dag.py:3089} INFO - Sync 1 DAGs
[2026-06-16T15:55:10.552+0000] {logging_mixin.py:188} INFO - [2026-06-16T15:55:10.552+0000] {dag.py:3947} INFO - Setting next_dagrun for 03_getting_started_data_pipeline to None, run_after=None
[2026-06-16T15:55:10.573+0000] {processor.py:183} INFO - Processing /opt/airflow/dags/dag_03_data_pipeline.py took 0.094 seconds
[2026-06-16T15:55:40.670+0000] {processor.py:161} INFO - Started process (PID=17302) to work on /opt/airflow/dags/dag_03_data_pipeline.py
[2026-06-16T15:55:40.671+0000] {processor.py:830} INFO - Processing file /opt/airflow/dags/dag_03_data_pipeline.py for tasks to queue
[2026-06-16T15:55:40.674+0000] {logging_mixin.py:188} INFO - [2026-06-16T15:55:40.673+0000] {dagbag.py:545} INFO - Filling up the DagBag from /opt/airflow/dags/dag_03_data_pipeline.py
[2026-06-16T15:55:40.684+0000] {processor.py:840} INFO - DAG(s) '03_getting_started_data_pipeline' retrieved from /opt/airflow/dags/dag_03_data_pipeline.py
[2026-06-16T15:55:40.727+0000] {logging_mixin.py:188} INFO - [2026-06-16T15:55:40.727+0000] {dag.py:3089} INFO - Sync 1 DAGs
[2026-06-16T15:55:40.741+0000] {logging_mixin.py:188} INFO - [2026-06-16T15:55:40.741+0000] {dag.py:3947} INFO - Setting next_dagrun for 03_getting_started_data_pipeline to None, run_after=None
[2026-06-16T15:55:40.764+0000] {processor.py:183} INFO - Processing /opt/airflow/dags/dag_03_data_pipeline.py took 0.104 seconds
[2026-06-16T15:56:10.877+0000] {processor.py:161} INFO - Started process (PID=17343) to work on /opt/airflow/dags/dag_03_data_pipeline.py
[2026-06-16T15:56:10.878+0000] {processor.py:830} INFO - Processing file /opt/airflow/dags/dag_03_data_pipeline.py for tasks to queue
[2026-06-16T15:56:10.880+0000] {logging_mixin.py:188} INFO - [2026-06-16T15:56:10.880+0000] {dagbag.py:545} INFO - Filling up the DagBag from /opt/airflow/dags/dag_03_data_pipeline.py
[2026-06-16T15:56:10.892+0000] {processor.py:840} INFO - DAG(s) '03_getting_started_data_pipeline' retrieved from /opt/airflow/dags/dag_03_data_pipeline.py
[2026-06-16T15:56:10.935+0000] {logging_mixin.py:188} INFO - [2026-06-16T15:56:10.935+0000] {dag.py:3089} INFO - Sync 1 DAGs
[2026-06-16T15:56:10.951+0000] {logging_mixin.py:188} INFO - [2026-06-16T15:56:10.950+0000] {dag.py:3947} INFO - Setting next_dagrun for 03_getting_started_data_pipeline to None, run_after=None
[2026-06-16T15:56:10.973+0000] {processor.py:183} INFO - Processing /opt/airflow/dags/dag_03_data_pipeline.py took 0.105 seconds
[2026-06-16T15:56:41.043+0000] {processor.py:161} INFO - Started process (PID=17383) to work on /opt/airflow/dags/dag_03_data_pipeline.py
[2026-06-16T15:56:41.045+0000] {processor.py:830} INFO - Processing file /opt/airflow/dags/dag_03_data_pipeline.py for tasks to queue
[2026-06-16T15:56:41.047+0000] {logging_mixin.py:188} INFO - [2026-06-16T15:56:41.046+0000] {dagbag.py:545} INFO - Filling up the DagBag from /opt/airflow/dags/dag_03_data_pipeline.py
[2026-06-16T15:56:41.057+0000] {processor.py:840} INFO - DAG(s) '03_getting_started_data_pipeline' retrieved from /opt/airflow/dags/dag_03_data_pipeline.py
[2026-06-16T15:56:41.098+0000] {logging_mixin.py:188} INFO - [2026-06-16T15:56:41.097+0000] {dag.py:3089} INFO - Sync 1 DAGs
[2026-06-16T15:56:41.113+0000] {logging_mixin.py:188} INFO - [2026-06-16T15:56:41.112+0000] {dag.py:3947} INFO - Setting next_dagrun for 03_getting_started_data_pipeline to None, run_after=None
[2026-06-16T15:56:41.141+0000] {processor.py:183} INFO - Processing /opt/airflow/dags/dag_03_data_pipeline.py took 0.107 seconds
[2026-06-16T15:57:11.214+0000] {processor.py:161} INFO - Started process (PID=17421) to work on /opt/airflow/dags/dag_03_data_pipeline.py
[2026-06-16T15:57:11.215+0000] {processor.py:830} INFO - Processing file /opt/airflow/dags/dag_03_data_pipeline.py for tasks to queue
[2026-06-16T15:57:11.217+0000] {logging_mixin.py:188} INFO - [2026-06-16T15:57:11.217+0000] {dagbag.py:545} INFO - Filling up the DagBag from /opt/airflow/dags/dag_03_data_pipeline.py
[2026-06-16T15:57:11.229+0000] {processor.py:840} INFO - DAG(s) '03_getting_started_data_pipeline' retrieved from /opt/airflow/dags/dag_03_data_pipeline.py
[2026-06-16T15:57:11.273+0000] {logging_mixin.py:188} INFO - [2026-06-16T15:57:11.273+0000] {dag.py:3089} INFO - Sync 1 DAGs
[2026-06-16T15:57:11.288+0000] {logging_mixin.py:188} INFO - [2026-06-16T15:57:11.287+0000] {dag.py:3947} INFO - Setting next_dagrun for 03_getting_started_data_pipeline to None, run_after=None
[2026-06-16T15:57:11.311+0000] {processor.py:183} INFO - Processing /opt/airflow/dags/dag_03_data_pipeline.py took 0.108 seconds
[2026-06-16T15:57:42.294+0000] {processor.py:161} INFO - Started process (PID=17463) to work on /opt/airflow/dags/dag_03_data_pipeline.py
[2026-06-16T15:57:42.296+0000] {processor.py:830} INFO - Processing file /opt/airflow/dags/dag_03_data_pipeline.py for tasks to queue
[2026-06-16T15:57:42.299+0000] {logging_mixin.py:188} INFO - [2026-06-16T15:57:42.298+0000] {dagbag.py:545} INFO - Filling up the DagBag from /opt/airflow/dags/dag_03_data_pipeline.py
[2026-06-16T15:57:42.312+0000] {processor.py:840} INFO - DAG(s) '03_getting_started_data_pipeline' retrieved from /opt/airflow/dags/dag_03_data_pipeline.py
[2026-06-16T15:57:42.359+0000] {logging_mixin.py:188} INFO - [2026-06-16T15:57:42.359+0000] {dag.py:3089} INFO - Sync 1 DAGs
[2026-06-16T15:57:42.375+0000] {logging_mixin.py:188} INFO - [2026-06-16T15:57:42.375+0000] {dag.py:3947} INFO - Setting next_dagrun for 03_getting_started_data_pipeline to None, run_after=None
[2026-06-16T15:57:42.400+0000] {processor.py:183} INFO - Processing /opt/airflow/dags/dag_03_data_pipeline.py took 0.115 seconds
[2026-06-16T15:58:12.514+0000] {processor.py:161} INFO - Started process (PID=17503) to work on /opt/airflow/dags/dag_03_data_pipeline.py
[2026-06-16T15:58:12.515+0000] {processor.py:830} INFO - Processing file /opt/airflow/dags/dag_03_data_pipeline.py for tasks to queue
[2026-06-16T15:58:12.517+0000] {logging_mixin.py:188} INFO - [2026-06-16T15:58:12.517+0000] {dagbag.py:545} INFO - Filling up the DagBag from /opt/airflow/dags/dag_03_data_pipeline.py
[2026-06-16T15:58:12.530+0000] {processor.py:840} INFO - DAG(s) '03_getting_started_data_pipeline' retrieved from /opt/airflow/dags/dag_03_data_pipeline.py
[2026-06-16T15:58:12.579+0000] {logging_mixin.py:188} INFO - [2026-06-16T15:58:12.579+0000] {dag.py:3089} INFO - Sync 1 DAGs
[2026-06-16T15:58:12.594+0000] {logging_mixin.py:188} INFO - [2026-06-16T15:58:12.593+0000] {dag.py:3947} INFO - Setting next_dagrun for 03_getting_started_data_pipeline to None, run_after=None
[2026-06-16T15:58:12.615+0000] {processor.py:183} INFO - Processing /opt/airflow/dags/dag_03_data_pipeline.py took 0.109 seconds
[2026-06-16T15:58:42.735+0000] {processor.py:161} INFO - Started process (PID=17541) to work on /opt/airflow/dags/dag_03_data_pipeline.py
[2026-06-16T15:58:42.737+0000] {processor.py:830} INFO - Processing file /opt/airflow/dags/dag_03_data_pipeline.py for tasks to queue
[2026-06-16T15:58:42.741+0000] {logging_mixin.py:188} INFO - [2026-06-16T15:58:42.740+0000] {dagbag.py:545} INFO - Filling up the DagBag from /opt/airflow/dags/dag_03_data_pipeline.py
[2026-06-16T15:58:42.755+0000] {processor.py:840} INFO - DAG(s) '03_getting_started_data_pipeline' retrieved from /opt/airflow/dags/dag_03_data_pipeline.py
[2026-06-16T15:58:42.801+0000] {logging_mixin.py:188} INFO - [2026-06-16T15:58:42.801+0000] {dag.py:3089} INFO - Sync 1 DAGs
[2026-06-16T15:58:42.816+0000] {logging_mixin.py:188} INFO - [2026-06-16T15:58:42.816+0000] {dag.py:3947} INFO - Setting next_dagrun for 03_getting_started_data_pipeline to None, run_after=None
[2026-06-16T15:58:42.842+0000] {processor.py:183} INFO - Processing /opt/airflow/dags/dag_03_data_pipeline.py took 0.115 seconds
[2026-06-16T15:59:12.938+0000] {processor.py:161} INFO - Started process (PID=17583) to work on /opt/airflow/dags/dag_03_data_pipeline.py
[2026-06-16T15:59:12.939+0000] {processor.py:830} INFO - Processing file /opt/airflow/dags/dag_03_data_pipeline.py for tasks to queue
[2026-06-16T15:59:12.942+0000] {logging_mixin.py:188} INFO - [2026-06-16T15:59:12.941+0000] {dagbag.py:545} INFO - Filling up the DagBag from /opt/airflow/dags/dag_03_data_pipeline.py
[2026-06-16T15:59:12.953+0000] {processor.py:840} INFO - DAG(s) '03_getting_started_data_pipeline' retrieved from /opt/airflow/dags/dag_03_data_pipeline.py
[2026-06-16T15:59:12.999+0000] {logging_mixin.py:188} INFO - [2026-06-16T15:59:12.998+0000] {dag.py:3089} INFO - Sync 1 DAGs
[2026-06-16T15:59:13.013+0000] {logging_mixin.py:188} INFO - [2026-06-16T15:59:13.013+0000] {dag.py:3947} INFO - Setting next_dagrun for 03_getting_started_data_pipeline to None, run_after=None
[2026-06-16T15:59:13.039+0000] {processor.py:183} INFO - Processing /opt/airflow/dags/dag_03_data_pipeline.py took 0.108 seconds
[2026-06-16T15:59:43.165+0000] {processor.py:161} INFO - Started process (PID=17621) to work on /opt/airflow/dags/dag_03_data_pipeline.py
[2026-06-16T15:59:43.167+0000] {processor.py:830} INFO - Processing file /opt/airflow/dags/dag_03_data_pipeline.py for tasks to queue
[2026-06-16T15:59:43.169+0000] {logging_mixin.py:188} INFO - [2026-06-16T15:59:43.169+0000] {dagbag.py:545} INFO - Filling up the DagBag from /opt/airflow/dags/dag_03_data_pipeline.py
[2026-06-16T15:59:43.183+0000] {processor.py:840} INFO - DAG(s) '03_getting_started_data_pipeline' retrieved from /opt/airflow/dags/dag_03_data_pipeline.py
[2026-06-16T15:59:43.231+0000] {logging_mixin.py:188} INFO - [2026-06-16T15:59:43.231+0000] {dag.py:3089} INFO - Sync 1 DAGs
[2026-06-16T15:59:43.247+0000] {logging_mixin.py:188} INFO - [2026-06-16T15:59:43.247+0000] {dag.py:3947} INFO - Setting next_dagrun for 03_getting_started_data_pipeline to None, run_after=None
[2026-06-16T15:59:43.273+0000] {processor.py:183} INFO - Processing /opt/airflow/dags/dag_03_data_pipeline.py took 0.117 seconds
[2026-06-16T16:00:13.355+0000] {processor.py:161} INFO - Started process (PID=17663) to work on /opt/airflow/dags/dag_03_data_pipeline.py
[2026-06-16T16:00:13.356+0000] {processor.py:830} INFO - Processing file /opt/airflow/dags/dag_03_data_pipeline.py for tasks to queue
[2026-06-16T16:00:13.359+0000] {logging_mixin.py:188} INFO - [2026-06-16T16:00:13.358+0000] {dagbag.py:545} INFO - Filling up the DagBag from /opt/airflow/dags/dag_03_data_pipeline.py
[2026-06-16T16:00:13.370+0000] {processor.py:840} INFO - DAG(s) '03_getting_started_data_pipeline' retrieved from /opt/airflow/dags/dag_03_data_pipeline.py
[2026-06-16T16:00:13.419+0000] {logging_mixin.py:188} INFO - [2026-06-16T16:00:13.419+0000] {dag.py:3089} INFO - Sync 1 DAGs
[2026-06-16T16:00:13.435+0000] {logging_mixin.py:188} INFO - [2026-06-16T16:00:13.435+0000] {dag.py:3947} INFO - Setting next_dagrun for 03_getting_started_data_pipeline to None, run_after=None
[2026-06-16T16:00:13.464+0000] {processor.py:183} INFO - Processing /opt/airflow/dags/dag_03_data_pipeline.py took 0.116 seconds
[2026-06-16T16:00:43.534+0000] {processor.py:161} INFO - Started process (PID=17703) to work on /opt/airflow/dags/dag_03_data_pipeline.py
[2026-06-16T16:00:43.536+0000] {processor.py:830} INFO - Processing file /opt/airflow/dags/dag_03_data_pipeline.py for tasks to queue
[2026-06-16T16:00:43.537+0000] {logging_mixin.py:188} INFO - [2026-06-16T16:00:43.537+0000] {dagbag.py:545} INFO - Filling up the DagBag from /opt/airflow/dags/dag_03_data_pipeline.py
[2026-06-16T16:00:43.549+0000] {processor.py:840} INFO - DAG(s) '03_getting_started_data_pipeline' retrieved from /opt/airflow/dags/dag_03_data_pipeline.py
[2026-06-16T16:00:43.597+0000] {logging_mixin.py:188} INFO - [2026-06-16T16:00:43.596+0000] {dag.py:3089} INFO - Sync 1 DAGs
[2026-06-16T16:00:43.612+0000] {logging_mixin.py:188} INFO - [2026-06-16T16:00:43.611+0000] {dag.py:3947} INFO - Setting next_dagrun for 03_getting_started_data_pipeline to None, run_after=None
[2026-06-16T16:00:43.636+0000] {processor.py:183} INFO - Processing /opt/airflow/dags/dag_03_data_pipeline.py took 0.110 seconds
[2026-06-16T16:01:14.573+0000] {processor.py:161} INFO - Started process (PID=17743) to work on /opt/airflow/dags/dag_03_data_pipeline.py
[2026-06-16T16:01:14.575+0000] {processor.py:830} INFO - Processing file /opt/airflow/dags/dag_03_data_pipeline.py for tasks to queue
[2026-06-16T16:01:14.579+0000] {logging_mixin.py:188} INFO - [2026-06-16T16:01:14.578+0000] {dagbag.py:545} INFO - Filling up the DagBag from /opt/airflow/dags/dag_03_data_pipeline.py
[2026-06-16T16:01:14.597+0000] {processor.py:840} INFO - DAG(s) '03_getting_started_data_pipeline' retrieved from /opt/airflow/dags/dag_03_data_pipeline.py
[2026-06-16T16:01:14.659+0000] {logging_mixin.py:188} INFO - [2026-06-16T16:01:14.658+0000] {dag.py:3089} INFO - Sync 1 DAGs
[2026-06-16T16:01:14.674+0000] {logging_mixin.py:188} INFO - [2026-06-16T16:01:14.674+0000] {dag.py:3947} INFO - Setting next_dagrun for 03_getting_started_data_pipeline to None, run_after=None
[2026-06-16T16:01:14.696+0000] {processor.py:183} INFO - Processing /opt/airflow/dags/dag_03_data_pipeline.py took 0.133 seconds
[2026-06-16T16:01:44.774+0000] {processor.py:161} INFO - Started process (PID=17783) to work on /opt/airflow/dags/dag_03_data_pipeline.py
[2026-06-16T16:01:44.776+0000] {processor.py:830} INFO - Processing file /opt/airflow/dags/dag_03_data_pipeline.py for tasks to queue
[2026-06-16T16:01:44.778+0000] {logging_mixin.py:188} INFO - [2026-06-16T16:01:44.778+0000] {dagbag.py:545} INFO - Filling up the DagBag from /opt/airflow/dags/dag_03_data_pipeline.py
[2026-06-16T16:01:44.791+0000] {processor.py:840} INFO - DAG(s) '03_getting_started_data_pipeline' retrieved from /opt/airflow/dags/dag_03_data_pipeline.py
[2026-06-16T16:01:44.838+0000] {logging_mixin.py:188} INFO - [2026-06-16T16:01:44.838+0000] {dag.py:3089} INFO - Sync 1 DAGs
[2026-06-16T16:01:44.852+0000] {logging_mixin.py:188} INFO - [2026-06-16T16:01:44.852+0000] {dag.py:3947} INFO - Setting next_dagrun for 03_getting_started_data_pipeline to None, run_after=None
[2026-06-16T16:01:44.875+0000] {processor.py:183} INFO - Processing /opt/airflow/dags/dag_03_data_pipeline.py took 0.108 seconds
[2026-06-16T16:02:14.974+0000] {processor.py:161} INFO - Started process (PID=17823) to work on /opt/airflow/dags/dag_03_data_pipeline.py
[2026-06-16T16:02:14.975+0000] {processor.py:830} INFO - Processing file /opt/airflow/dags/dag_03_data_pipeline.py for tasks to queue
[2026-06-16T16:02:14.977+0000] {logging_mixin.py:188} INFO - [2026-06-16T16:02:14.977+0000] {dagbag.py:545} INFO - Filling up the DagBag from /opt/airflow/dags/dag_03_data_pipeline.py
[2026-06-16T16:02:14.988+0000] {processor.py:840} INFO - DAG(s) '03_getting_started_data_pipeline' retrieved from /opt/airflow/dags/dag_03_data_pipeline.py
[2026-06-16T16:02:15.033+0000] {logging_mixin.py:188} INFO - [2026-06-16T16:02:15.032+0000] {dag.py:3089} INFO - Sync 1 DAGs
[2026-06-16T16:02:15.046+0000] {logging_mixin.py:188} INFO - [2026-06-16T16:02:15.045+0000] {dag.py:3947} INFO - Setting next_dagrun for 03_getting_started_data_pipeline to None, run_after=None
[2026-06-16T16:02:15.069+0000] {processor.py:183} INFO - Processing /opt/airflow/dags/dag_03_data_pipeline.py took 0.102 seconds
[2026-06-16T16:02:45.206+0000] {processor.py:161} INFO - Started process (PID=17863) to work on /opt/airflow/dags/dag_03_data_pipeline.py
[2026-06-16T16:02:45.207+0000] {processor.py:830} INFO - Processing file /opt/airflow/dags/dag_03_data_pipeline.py for tasks to queue
[2026-06-16T16:02:45.210+0000] {logging_mixin.py:188} INFO - [2026-06-16T16:02:45.209+0000] {dagbag.py:545} INFO - Filling up the DagBag from /opt/airflow/dags/dag_03_data_pipeline.py
[2026-06-16T16:02:45.222+0000] {processor.py:840} INFO - DAG(s) '03_getting_started_data_pipeline' retrieved from /opt/airflow/dags/dag_03_data_pipeline.py
[2026-06-16T16:02:45.267+0000] {logging_mixin.py:188} INFO - [2026-06-16T16:02:45.266+0000] {dag.py:3089} INFO - Sync 1 DAGs
[2026-06-16T16:02:45.282+0000] {logging_mixin.py:188} INFO - [2026-06-16T16:02:45.281+0000] {dag.py:3947} INFO - Setting next_dagrun for 03_getting_started_data_pipeline to None, run_after=None
[2026-06-16T16:02:45.308+0000] {processor.py:183} INFO - Processing /opt/airflow/dags/dag_03_data_pipeline.py took 0.109 seconds
[2026-06-16T16:03:15.944+0000] {processor.py:161} INFO - Started process (PID=17903) to work on /opt/airflow/dags/dag_03_data_pipeline.py
[2026-06-16T16:03:15.945+0000] {processor.py:830} INFO - Processing file /opt/airflow/dags/dag_03_data_pipeline.py for tasks to queue
[2026-06-16T16:03:15.948+0000] {logging_mixin.py:188} INFO - [2026-06-16T16:03:15.947+0000] {dagbag.py:545} INFO - Filling up the DagBag from /opt/airflow/dags/dag_03_data_pipeline.py
[2026-06-16T16:03:15.960+0000] {processor.py:840} INFO - DAG(s) '03_getting_started_data_pipeline' retrieved from /opt/airflow/dags/dag_03_data_pipeline.py
[2026-06-16T16:03:16.003+0000] {logging_mixin.py:188} INFO - [2026-06-16T16:03:16.002+0000] {dag.py:3089} INFO - Sync 1 DAGs
[2026-06-16T16:03:16.019+0000] {logging_mixin.py:188} INFO - [2026-06-16T16:03:16.019+0000] {dag.py:3947} INFO - Setting next_dagrun for 03_getting_started_data_pipeline to None, run_after=None
[2026-06-16T16:03:16.043+0000] {processor.py:183} INFO - Processing /opt/airflow/dags/dag_03_data_pipeline.py took 0.107 seconds
[2026-06-16T16:03:47.037+0000] {processor.py:161} INFO - Started process (PID=17941) to work on /opt/airflow/dags/dag_03_data_pipeline.py
[2026-06-16T16:03:47.039+0000] {processor.py:830} INFO - Processing file /opt/airflow/dags/dag_03_data_pipeline.py for tasks to queue
[2026-06-16T16:03:47.042+0000] {logging_mixin.py:188} INFO - [2026-06-16T16:03:47.042+0000] {dagbag.py:545} INFO - Filling up the DagBag from /opt/airflow/dags/dag_03_data_pipeline.py
[2026-06-16T16:03:47.057+0000] {processor.py:840} INFO - DAG(s) '03_getting_started_data_pipeline' retrieved from /opt/airflow/dags/dag_03_data_pipeline.py
[2026-06-16T16:03:47.103+0000] {logging_mixin.py:188} INFO - [2026-06-16T16:03:47.103+0000] {dag.py:3089} INFO - Sync 1 DAGs
[2026-06-16T16:03:47.118+0000] {logging_mixin.py:188} INFO - [2026-06-16T16:03:47.118+0000] {dag.py:3947} INFO - Setting next_dagrun for 03_getting_started_data_pipeline to None, run_after=None
[2026-06-16T16:03:47.143+0000] {processor.py:183} INFO - Processing /opt/airflow/dags/dag_03_data_pipeline.py took 0.117 seconds
[2026-06-16T16:04:17.998+0000] {processor.py:161} INFO - Started process (PID=17983) to work on /opt/airflow/dags/dag_03_data_pipeline.py
[2026-06-16T16:04:17.999+0000] {processor.py:830} INFO - Processing file /opt/airflow/dags/dag_03_data_pipeline.py for tasks to queue
[2026-06-16T16:04:18.002+0000] {logging_mixin.py:188} INFO - [2026-06-16T16:04:18.002+0000] {dagbag.py:545} INFO - Filling up the DagBag from /opt/airflow/dags/dag_03_data_pipeline.py
[2026-06-16T16:04:18.016+0000] {processor.py:840} INFO - DAG(s) '03_getting_started_data_pipeline' retrieved from /opt/airflow/dags/dag_03_data_pipeline.py
[2026-06-16T16:04:18.063+0000] {logging_mixin.py:188} INFO - [2026-06-16T16:04:18.062+0000] {dag.py:3089} INFO - Sync 1 DAGs
[2026-06-16T16:04:18.084+0000] {logging_mixin.py:188} INFO - [2026-06-16T16:04:18.084+0000] {dag.py:3947} INFO - Setting next_dagrun for 03_getting_started_data_pipeline to None, run_after=None
[2026-06-16T16:04:18.110+0000] {processor.py:183} INFO - Processing /opt/airflow/dags/dag_03_data_pipeline.py took 0.121 seconds
[2026-06-16T16:04:48.965+0000] {processor.py:161} INFO - Started process (PID=18023) to work on /opt/airflow/dags/dag_03_data_pipeline.py
[2026-06-16T16:04:48.967+0000] {processor.py:830} INFO - Processing file /opt/airflow/dags/dag_03_data_pipeline.py for tasks to queue
[2026-06-16T16:04:48.969+0000] {logging_mixin.py:188} INFO - [2026-06-16T16:04:48.968+0000] {dagbag.py:545} INFO - Filling up the DagBag from /opt/airflow/dags/dag_03_data_pipeline.py
[2026-06-16T16:04:48.982+0000] {processor.py:840} INFO - DAG(s) '03_getting_started_data_pipeline' retrieved from /opt/airflow/dags/dag_03_data_pipeline.py
[2026-06-16T16:04:49.027+0000] {logging_mixin.py:188} INFO - [2026-06-16T16:04:49.027+0000] {dag.py:3089} INFO - Sync 1 DAGs
[2026-06-16T16:04:49.042+0000] {logging_mixin.py:188} INFO - [2026-06-16T16:04:49.042+0000] {dag.py:3947} INFO - Setting next_dagrun for 03_getting_started_data_pipeline to None, run_after=None
[2026-06-16T16:04:49.069+0000] {processor.py:183} INFO - Processing /opt/airflow/dags/dag_03_data_pipeline.py took 0.112 seconds
[2026-06-16T16:05:19.941+0000] {processor.py:161} INFO - Started process (PID=18063) to work on /opt/airflow/dags/dag_03_data_pipeline.py
[2026-06-16T16:05:19.942+0000] {processor.py:830} INFO - Processing file /opt/airflow/dags/dag_03_data_pipeline.py for tasks to queue
[2026-06-16T16:05:19.944+0000] {logging_mixin.py:188} INFO - [2026-06-16T16:05:19.944+0000] {dagbag.py:545} INFO - Filling up the DagBag from /opt/airflow/dags/dag_03_data_pipeline.py
[2026-06-16T16:05:19.955+0000] {processor.py:840} INFO - DAG(s) '03_getting_started_data_pipeline' retrieved from /opt/airflow/dags/dag_03_data_pipeline.py
[2026-06-16T16:05:19.999+0000] {logging_mixin.py:188} INFO - [2026-06-16T16:05:19.999+0000] {dag.py:3089} INFO - Sync 1 DAGs
[2026-06-16T16:05:20.014+0000] {logging_mixin.py:188} INFO - [2026-06-16T16:05:20.014+0000] {dag.py:3947} INFO - Setting next_dagrun for 03_getting_started_data_pipeline to None, run_after=None
[2026-06-16T16:05:20.036+0000] {processor.py:183} INFO - Processing /opt/airflow/dags/dag_03_data_pipeline.py took 0.102 seconds
[2026-06-16T16:05:50.123+0000] {processor.py:161} INFO - Started process (PID=18103) to work on /opt/airflow/dags/dag_03_data_pipeline.py
[2026-06-16T16:05:50.124+0000] {processor.py:830} INFO - Processing file /opt/airflow/dags/dag_03_data_pipeline.py for tasks to queue
[2026-06-16T16:05:50.127+0000] {logging_mixin.py:188} INFO - [2026-06-16T16:05:50.126+0000] {dagbag.py:545} INFO - Filling up the DagBag from /opt/airflow/dags/dag_03_data_pipeline.py
[2026-06-16T16:05:50.142+0000] {processor.py:840} INFO - DAG(s) '03_getting_started_data_pipeline' retrieved from /opt/airflow/dags/dag_03_data_pipeline.py
[2026-06-16T16:05:50.190+0000] {logging_mixin.py:188} INFO - [2026-06-16T16:05:50.190+0000] {dag.py:3089} INFO - Sync 1 DAGs
[2026-06-16T16:05:50.209+0000] {logging_mixin.py:188} INFO - [2026-06-16T16:05:50.208+0000] {dag.py:3947} INFO - Setting next_dagrun for 03_getting_started_data_pipeline to None, run_after=None
[2026-06-16T16:05:50.231+0000] {processor.py:183} INFO - Processing /opt/airflow/dags/dag_03_data_pipeline.py took 0.117 seconds
[2026-06-16T16:06:20.267+0000] {processor.py:161} INFO - Started process (PID=18141) to work on /opt/airflow/dags/dag_03_data_pipeline.py
[2026-06-16T16:06:20.268+0000] {processor.py:830} INFO - Processing file /opt/airflow/dags/dag_03_data_pipeline.py for tasks to queue
[2026-06-16T16:06:20.270+0000] {logging_mixin.py:188} INFO - [2026-06-16T16:06:20.270+0000] {dagbag.py:545} INFO - Filling up the DagBag from /opt/airflow/dags/dag_03_data_pipeline.py
[2026-06-16T16:06:20.281+0000] {processor.py:840} INFO - DAG(s) '03_getting_started_data_pipeline' retrieved from /opt/airflow/dags/dag_03_data_pipeline.py
[2026-06-16T16:06:20.325+0000] {logging_mixin.py:188} INFO - [2026-06-16T16:06:20.325+0000] {dag.py:3089} INFO - Sync 1 DAGs
[2026-06-16T16:06:20.339+0000] {logging_mixin.py:188} INFO - [2026-06-16T16:06:20.338+0000] {dag.py:3947} INFO - Setting next_dagrun for 03_getting_started_data_pipeline to None, run_after=None
[2026-06-16T16:06:20.361+0000] {processor.py:183} INFO - Processing /opt/airflow/dags/dag_03_data_pipeline.py took 0.101 seconds
[2026-06-16T16:06:50.446+0000] {processor.py:161} INFO - Started process (PID=18181) to work on /opt/airflow/dags/dag_03_data_pipeline.py
[2026-06-16T16:06:50.447+0000] {processor.py:830} INFO - Processing file /opt/airflow/dags/dag_03_data_pipeline.py for tasks to queue
[2026-06-16T16:06:50.449+0000] {logging_mixin.py:188} INFO - [2026-06-16T16:06:50.449+0000] {dagbag.py:545} INFO - Filling up the DagBag from /opt/airflow/dags/dag_03_data_pipeline.py
[2026-06-16T16:06:50.460+0000] {processor.py:840} INFO - DAG(s) '03_getting_started_data_pipeline' retrieved from /opt/airflow/dags/dag_03_data_pipeline.py
[2026-06-16T16:06:50.504+0000] {logging_mixin.py:188} INFO - [2026-06-16T16:06:50.504+0000] {dag.py:3089} INFO - Sync 1 DAGs
[2026-06-16T16:06:50.518+0000] {logging_mixin.py:188} INFO - [2026-06-16T16:06:50.518+0000] {dag.py:3947} INFO - Setting next_dagrun for 03_getting_started_data_pipeline to None, run_after=None
[2026-06-16T16:06:50.542+0000] {processor.py:183} INFO - Processing /opt/airflow/dags/dag_03_data_pipeline.py took 0.103 seconds
[2026-06-16T16:07:21.470+0000] {processor.py:161} INFO - Started process (PID=18221) to work on /opt/airflow/dags/dag_03_data_pipeline.py
[2026-06-16T16:07:21.471+0000] {processor.py:830} INFO - Processing file /opt/airflow/dags/dag_03_data_pipeline.py for tasks to queue
[2026-06-16T16:07:21.473+0000] {logging_mixin.py:188} INFO - [2026-06-16T16:07:21.472+0000] {dagbag.py:545} INFO - Filling up the DagBag from /opt/airflow/dags/dag_03_data_pipeline.py
[2026-06-16T16:07:21.483+0000] {processor.py:840} INFO - DAG(s) '03_getting_started_data_pipeline' retrieved from /opt/airflow/dags/dag_03_data_pipeline.py
[2026-06-16T16:07:21.532+0000] {logging_mixin.py:188} INFO - [2026-06-16T16:07:21.532+0000] {dag.py:3089} INFO - Sync 1 DAGs
[2026-06-16T16:07:21.550+0000] {logging_mixin.py:188} INFO - [2026-06-16T16:07:21.550+0000] {dag.py:3947} INFO - Setting next_dagrun for 03_getting_started_data_pipeline to None, run_after=None
[2026-06-16T16:07:21.575+0000] {processor.py:183} INFO - Processing /opt/airflow/dags/dag_03_data_pipeline.py took 0.113 seconds
[2026-06-16T16:07:52.427+0000] {processor.py:161} INFO - Started process (PID=18261) to work on /opt/airflow/dags/dag_03_data_pipeline.py
[2026-06-16T16:07:52.428+0000] {processor.py:830} INFO - Processing file /opt/airflow/dags/dag_03_data_pipeline.py for tasks to queue
[2026-06-16T16:07:52.431+0000] {logging_mixin.py:188} INFO - [2026-06-16T16:07:52.430+0000] {dagbag.py:545} INFO - Filling up the DagBag from /opt/airflow/dags/dag_03_data_pipeline.py
[2026-06-16T16:07:52.443+0000] {processor.py:840} INFO - DAG(s) '03_getting_started_data_pipeline' retrieved from /opt/airflow/dags/dag_03_data_pipeline.py
[2026-06-16T16:07:52.499+0000] {logging_mixin.py:188} INFO - [2026-06-16T16:07:52.499+0000] {dag.py:3089} INFO - Sync 1 DAGs
[2026-06-16T16:07:52.517+0000] {logging_mixin.py:188} INFO - [2026-06-16T16:07:52.517+0000] {dag.py:3947} INFO - Setting next_dagrun for 03_getting_started_data_pipeline to None, run_after=None
[2026-06-16T16:07:52.541+0000] {processor.py:183} INFO - Processing /opt/airflow/dags/dag_03_data_pipeline.py took 0.123 seconds
[2026-06-16T16:08:23.424+0000] {processor.py:161} INFO - Started process (PID=18301) to work on /opt/airflow/dags/dag_03_data_pipeline.py
[2026-06-16T16:08:23.425+0000] {processor.py:830} INFO - Processing file /opt/airflow/dags/dag_03_data_pipeline.py for tasks to queue
[2026-06-16T16:08:23.428+0000] {logging_mixin.py:188} INFO - [2026-06-16T16:08:23.427+0000] {dagbag.py:545} INFO - Filling up the DagBag from /opt/airflow/dags/dag_03_data_pipeline.py
[2026-06-16T16:08:23.440+0000] {processor.py:840} INFO - DAG(s) '03_getting_started_data_pipeline' retrieved from /opt/airflow/dags/dag_03_data_pipeline.py
[2026-06-16T16:08:23.494+0000] {logging_mixin.py:188} INFO - [2026-06-16T16:08:23.494+0000] {dag.py:3089} INFO - Sync 1 DAGs
[2026-06-16T16:08:23.513+0000] {logging_mixin.py:188} INFO - [2026-06-16T16:08:23.513+0000] {dag.py:3947} INFO - Setting next_dagrun for 03_getting_started_data_pipeline to None, run_after=None
[2026-06-16T16:08:23.538+0000] {processor.py:183} INFO - Processing /opt/airflow/dags/dag_03_data_pipeline.py took 0.123 seconds
[2026-06-16T16:08:54.391+0000] {processor.py:161} INFO - Started process (PID=18341) to work on /opt/airflow/dags/dag_03_data_pipeline.py
[2026-06-16T16:08:54.392+0000] {processor.py:830} INFO - Processing file /opt/airflow/dags/dag_03_data_pipeline.py for tasks to queue
[2026-06-16T16:08:54.394+0000] {logging_mixin.py:188} INFO - [2026-06-16T16:08:54.394+0000] {dagbag.py:545} INFO - Filling up the DagBag from /opt/airflow/dags/dag_03_data_pipeline.py
[2026-06-16T16:08:54.405+0000] {processor.py:840} INFO - DAG(s) '03_getting_started_data_pipeline' retrieved from /opt/airflow/dags/dag_03_data_pipeline.py
[2026-06-16T16:08:54.449+0000] {logging_mixin.py:188} INFO - [2026-06-16T16:08:54.448+0000] {dag.py:3089} INFO - Sync 1 DAGs
[2026-06-16T16:08:54.464+0000] {logging_mixin.py:188} INFO - [2026-06-16T16:08:54.463+0000] {dag.py:3947} INFO - Setting next_dagrun for 03_getting_started_data_pipeline to None, run_after=None
[2026-06-16T16:08:54.489+0000] {processor.py:183} INFO - Processing /opt/airflow/dags/dag_03_data_pipeline.py took 0.106 seconds
[2026-06-16T16:09:25.352+0000] {processor.py:161} INFO - Started process (PID=18381) to work on /opt/airflow/dags/dag_03_data_pipeline.py
[2026-06-16T16:09:25.353+0000] {processor.py:830} INFO - Processing file /opt/airflow/dags/dag_03_data_pipeline.py for tasks to queue
[2026-06-16T16:09:25.356+0000] {logging_mixin.py:188} INFO - [2026-06-16T16:09:25.355+0000] {dagbag.py:545} INFO - Filling up the DagBag from /opt/airflow/dags/dag_03_data_pipeline.py
[2026-06-16T16:09:25.369+0000] {processor.py:840} INFO - DAG(s) '03_getting_started_data_pipeline' retrieved from /opt/airflow/dags/dag_03_data_pipeline.py
[2026-06-16T16:09:25.416+0000] {logging_mixin.py:188} INFO - [2026-06-16T16:09:25.415+0000] {dag.py:3089} INFO - Sync 1 DAGs
[2026-06-16T16:09:25.433+0000] {logging_mixin.py:188} INFO - [2026-06-16T16:09:25.433+0000] {dag.py:3947} INFO - Setting next_dagrun for 03_getting_started_data_pipeline to None, run_after=None
[2026-06-16T16:09:25.457+0000] {processor.py:183} INFO - Processing /opt/airflow/dags/dag_03_data_pipeline.py took 0.113 seconds
[2026-06-16T16:09:56.118+0000] {processor.py:161} INFO - Started process (PID=18421) to work on /opt/airflow/dags/dag_03_data_pipeline.py
[2026-06-16T16:09:56.120+0000] {processor.py:830} INFO - Processing file /opt/airflow/dags/dag_03_data_pipeline.py for tasks to queue
[2026-06-16T16:09:56.122+0000] {logging_mixin.py:188} INFO - [2026-06-16T16:09:56.122+0000] {dagbag.py:545} INFO - Filling up the DagBag from /opt/airflow/dags/dag_03_data_pipeline.py
[2026-06-16T16:09:56.135+0000] {processor.py:840} INFO - DAG(s) '03_getting_started_data_pipeline' retrieved from /opt/airflow/dags/dag_03_data_pipeline.py
[2026-06-16T16:09:56.184+0000] {logging_mixin.py:188} INFO - [2026-06-16T16:09:56.183+0000] {dag.py:3089} INFO - Sync 1 DAGs
[2026-06-16T16:09:56.207+0000] {logging_mixin.py:188} INFO - [2026-06-16T16:09:56.206+0000] {dag.py:3947} INFO - Setting next_dagrun for 03_getting_started_data_pipeline to None, run_after=None
[2026-06-16T16:09:56.234+0000] {processor.py:183} INFO - Processing /opt/airflow/dags/dag_03_data_pipeline.py took 0.124 seconds
[2026-06-16T16:10:27.043+0000] {processor.py:161} INFO - Started process (PID=18461) to work on /opt/airflow/dags/dag_03_data_pipeline.py
[2026-06-16T16:10:27.045+0000] {processor.py:830} INFO - Processing file /opt/airflow/dags/dag_03_data_pipeline.py for tasks to queue
[2026-06-16T16:10:27.047+0000] {logging_mixin.py:188} INFO - [2026-06-16T16:10:27.047+0000] {dagbag.py:545} INFO - Filling up the DagBag from /opt/airflow/dags/dag_03_data_pipeline.py
[2026-06-16T16:10:27.059+0000] {processor.py:840} INFO - DAG(s) '03_getting_started_data_pipeline' retrieved from /opt/airflow/dags/dag_03_data_pipeline.py
[2026-06-16T16:10:27.106+0000] {logging_mixin.py:188} INFO - [2026-06-16T16:10:27.106+0000] {dag.py:3089} INFO - Sync 1 DAGs
[2026-06-16T16:10:27.124+0000] {logging_mixin.py:188} INFO - [2026-06-16T16:10:27.124+0000] {dag.py:3947} INFO - Setting next_dagrun for 03_getting_started_data_pipeline to None, run_after=None
[2026-06-16T16:10:27.149+0000] {processor.py:183} INFO - Processing /opt/airflow/dags/dag_03_data_pipeline.py took 0.114 seconds
[2026-06-16T16:10:58.020+0000] {processor.py:161} INFO - Started process (PID=18501) to work on /opt/airflow/dags/dag_03_data_pipeline.py
[2026-06-16T16:10:58.021+0000] {processor.py:830} INFO - Processing file /opt/airflow/dags/dag_03_data_pipeline.py for tasks to queue
[2026-06-16T16:10:58.023+0000] {logging_mixin.py:188} INFO - [2026-06-16T16:10:58.023+0000] {dagbag.py:545} INFO - Filling up the DagBag from /opt/airflow/dags/dag_03_data_pipeline.py
[2026-06-16T16:10:58.034+0000] {processor.py:840} INFO - DAG(s) '03_getting_started_data_pipeline' retrieved from /opt/airflow/dags/dag_03_data_pipeline.py
[2026-06-16T16:10:58.077+0000] {logging_mixin.py:188} INFO - [2026-06-16T16:10:58.077+0000] {dag.py:3089} INFO - Sync 1 DAGs
[2026-06-16T16:10:58.093+0000] {logging_mixin.py:188} INFO - [2026-06-16T16:10:58.092+0000] {dag.py:3947} INFO - Setting next_dagrun for 03_getting_started_data_pipeline to None, run_after=None
[2026-06-16T16:10:58.118+0000] {processor.py:183} INFO - Processing /opt/airflow/dags/dag_03_data_pipeline.py took 0.106 seconds
[2026-06-16T16:11:28.985+0000] {processor.py:161} INFO - Started process (PID=18541) to work on /opt/airflow/dags/dag_03_data_pipeline.py
[2026-06-16T16:11:28.987+0000] {processor.py:830} INFO - Processing file /opt/airflow/dags/dag_03_data_pipeline.py for tasks to queue
[2026-06-16T16:11:28.989+0000] {logging_mixin.py:188} INFO - [2026-06-16T16:11:28.989+0000] {dagbag.py:545} INFO - Filling up the DagBag from /opt/airflow/dags/dag_03_data_pipeline.py
[2026-06-16T16:11:29.001+0000] {processor.py:840} INFO - DAG(s) '03_getting_started_data_pipeline' retrieved from /opt/airflow/dags/dag_03_data_pipeline.py
[2026-06-16T16:11:29.047+0000] {logging_mixin.py:188} INFO - [2026-06-16T16:11:29.047+0000] {dag.py:3089} INFO - Sync 1 DAGs
[2026-06-16T16:11:29.066+0000] {logging_mixin.py:188} INFO - [2026-06-16T16:11:29.066+0000] {dag.py:3947} INFO - Setting next_dagrun for 03_getting_started_data_pipeline to None, run_after=None
[2026-06-16T16:11:29.097+0000] {processor.py:183} INFO - Processing /opt/airflow/dags/dag_03_data_pipeline.py took 0.121 seconds
[2026-06-16T16:11:59.998+0000] {processor.py:161} INFO - Started process (PID=18581) to work on /opt/airflow/dags/dag_03_data_pipeline.py
[2026-06-16T16:11:59.999+0000] {processor.py:830} INFO - Processing file /opt/airflow/dags/dag_03_data_pipeline.py for tasks to queue
[2026-06-16T16:12:00.001+0000] {logging_mixin.py:188} INFO - [2026-06-16T16:12:00.000+0000] {dagbag.py:545} INFO - Filling up the DagBag from /opt/airflow/dags/dag_03_data_pipeline.py
[2026-06-16T16:12:00.011+0000] {processor.py:840} INFO - DAG(s) '03_getting_started_data_pipeline' retrieved from /opt/airflow/dags/dag_03_data_pipeline.py
[2026-06-16T16:12:00.054+0000] {logging_mixin.py:188} INFO - [2026-06-16T16:12:00.054+0000] {dag.py:3089} INFO - Sync 1 DAGs
[2026-06-16T16:12:00.071+0000] {logging_mixin.py:188} INFO - [2026-06-16T16:12:00.071+0000] {dag.py:3947} INFO - Setting next_dagrun for 03_getting_started_data_pipeline to None, run_after=None
[2026-06-16T16:12:00.095+0000] {processor.py:183} INFO - Processing /opt/airflow/dags/dag_03_data_pipeline.py took 0.105 seconds
[2026-06-16T16:12:30.955+0000] {processor.py:161} INFO - Started process (PID=18621) to work on /opt/airflow/dags/dag_03_data_pipeline.py
[2026-06-16T16:12:30.957+0000] {processor.py:830} INFO - Processing file /opt/airflow/dags/dag_03_data_pipeline.py for tasks to queue
[2026-06-16T16:12:30.959+0000] {logging_mixin.py:188} INFO - [2026-06-16T16:12:30.959+0000] {dagbag.py:545} INFO - Filling up the DagBag from /opt/airflow/dags/dag_03_data_pipeline.py
[2026-06-16T16:12:30.972+0000] {processor.py:840} INFO - DAG(s) '03_getting_started_data_pipeline' retrieved from /opt/airflow/dags/dag_03_data_pipeline.py
[2026-06-16T16:12:31.023+0000] {logging_mixin.py:188} INFO - [2026-06-16T16:12:31.023+0000] {dag.py:3089} INFO - Sync 1 DAGs
[2026-06-16T16:12:31.041+0000] {logging_mixin.py:188} INFO - [2026-06-16T16:12:31.040+0000] {dag.py:3947} INFO - Setting next_dagrun for 03_getting_started_data_pipeline to None, run_after=None
[2026-06-16T16:12:31.064+0000] {processor.py:183} INFO - Processing /opt/airflow/dags/dag_03_data_pipeline.py took 0.118 seconds
[2026-06-16T16:13:01.909+0000] {processor.py:161} INFO - Started process (PID=18661) to work on /opt/airflow/dags/dag_03_data_pipeline.py
[2026-06-16T16:13:01.910+0000] {processor.py:830} INFO - Processing file /opt/airflow/dags/dag_03_data_pipeline.py for tasks to queue
[2026-06-16T16:13:01.912+0000] {logging_mixin.py:188} INFO - [2026-06-16T16:13:01.911+0000] {dagbag.py:545} INFO - Filling up the DagBag from /opt/airflow/dags/dag_03_data_pipeline.py
[2026-06-16T16:13:01.922+0000] {processor.py:840} INFO - DAG(s) '03_getting_started_data_pipeline' retrieved from /opt/airflow/dags/dag_03_data_pipeline.py
[2026-06-16T16:13:01.965+0000] {logging_mixin.py:188} INFO - [2026-06-16T16:13:01.964+0000] {dag.py:3089} INFO - Sync 1 DAGs
[2026-06-16T16:13:01.979+0000] {logging_mixin.py:188} INFO - [2026-06-16T16:13:01.979+0000] {dag.py:3947} INFO - Setting next_dagrun for 03_getting_started_data_pipeline to None, run_after=None
[2026-06-16T16:13:02.009+0000] {processor.py:183} INFO - Processing /opt/airflow/dags/dag_03_data_pipeline.py took 0.108 seconds
[2026-06-16T16:13:32.869+0000] {processor.py:161} INFO - Started process (PID=18701) to work on /opt/airflow/dags/dag_03_data_pipeline.py
[2026-06-16T16:13:32.870+0000] {processor.py:830} INFO - Processing file /opt/airflow/dags/dag_03_data_pipeline.py for tasks to queue
[2026-06-16T16:13:32.873+0000] {logging_mixin.py:188} INFO - [2026-06-16T16:13:32.872+0000] {dagbag.py:545} INFO - Filling up the DagBag from /opt/airflow/dags/dag_03_data_pipeline.py
[2026-06-16T16:13:32.886+0000] {processor.py:840} INFO - DAG(s) '03_getting_started_data_pipeline' retrieved from /opt/airflow/dags/dag_03_data_pipeline.py
[2026-06-16T16:13:32.935+0000] {logging_mixin.py:188} INFO - [2026-06-16T16:13:32.935+0000] {dag.py:3089} INFO - Sync 1 DAGs
[2026-06-16T16:13:32.953+0000] {logging_mixin.py:188} INFO - [2026-06-16T16:13:32.953+0000] {dag.py:3947} INFO - Setting next_dagrun for 03_getting_started_data_pipeline to None, run_after=None
[2026-06-16T16:13:32.979+0000] {processor.py:183} INFO - Processing /opt/airflow/dags/dag_03_data_pipeline.py took 0.120 seconds
[2026-06-16T16:14:03.864+0000] {processor.py:161} INFO - Started process (PID=18741) to work on /opt/airflow/dags/dag_03_data_pipeline.py
[2026-06-16T16:14:03.866+0000] {processor.py:830} INFO - Processing file /opt/airflow/dags/dag_03_data_pipeline.py for tasks to queue
[2026-06-16T16:14:03.868+0000] {logging_mixin.py:188} INFO - [2026-06-16T16:14:03.867+0000] {dagbag.py:545} INFO - Filling up the DagBag from /opt/airflow/dags/dag_03_data_pipeline.py
[2026-06-16T16:14:03.879+0000] {processor.py:840} INFO - DAG(s) '03_getting_started_data_pipeline' retrieved from /opt/airflow/dags/dag_03_data_pipeline.py
[2026-06-16T16:14:03.923+0000] {logging_mixin.py:188} INFO - [2026-06-16T16:14:03.923+0000] {dag.py:3089} INFO - Sync 1 DAGs
[2026-06-16T16:14:03.939+0000] {logging_mixin.py:188} INFO - [2026-06-16T16:14:03.939+0000] {dag.py:3947} INFO - Setting next_dagrun for 03_getting_started_data_pipeline to None, run_after=None
[2026-06-16T16:14:03.964+0000] {processor.py:183} INFO - Processing /opt/airflow/dags/dag_03_data_pipeline.py took 0.108 seconds
[2026-06-16T16:14:34.499+0000] {processor.py:161} INFO - Started process (PID=18781) to work on /opt/airflow/dags/dag_03_data_pipeline.py
[2026-06-16T16:14:34.501+0000] {processor.py:830} INFO - Processing file /opt/airflow/dags/dag_03_data_pipeline.py for tasks to queue
[2026-06-16T16:14:34.503+0000] {logging_mixin.py:188} INFO - [2026-06-16T16:14:34.503+0000] {dagbag.py:545} INFO - Filling up the DagBag from /opt/airflow/dags/dag_03_data_pipeline.py
[2026-06-16T16:14:34.517+0000] {processor.py:840} INFO - DAG(s) '03_getting_started_data_pipeline' retrieved from /opt/airflow/dags/dag_03_data_pipeline.py
[2026-06-16T16:14:34.574+0000] {logging_mixin.py:188} INFO - [2026-06-16T16:14:34.574+0000] {dag.py:3089} INFO - Sync 1 DAGs
[2026-06-16T16:14:34.594+0000] {logging_mixin.py:188} INFO - [2026-06-16T16:14:34.594+0000] {dag.py:3947} INFO - Setting next_dagrun for 03_getting_started_data_pipeline to None, run_after=None
[2026-06-16T16:14:34.620+0000] {processor.py:183} INFO - Processing /opt/airflow/dags/dag_03_data_pipeline.py took 0.130 seconds
[2026-06-16T16:15:05.609+0000] {processor.py:161} INFO - Started process (PID=18826) to work on /opt/airflow/dags/dag_03_data_pipeline.py
[2026-06-16T16:15:05.610+0000] {processor.py:830} INFO - Processing file /opt/airflow/dags/dag_03_data_pipeline.py for tasks to queue
[2026-06-16T16:15:05.613+0000] {logging_mixin.py:188} INFO - [2026-06-16T16:15:05.612+0000] {dagbag.py:545} INFO - Filling up the DagBag from /opt/airflow/dags/dag_03_data_pipeline.py
[2026-06-16T16:15:05.626+0000] {processor.py:840} INFO - DAG(s) '03_getting_started_data_pipeline' retrieved from /opt/airflow/dags/dag_03_data_pipeline.py
[2026-06-16T16:15:05.673+0000] {logging_mixin.py:188} INFO - [2026-06-16T16:15:05.673+0000] {dag.py:3089} INFO - Sync 1 DAGs
[2026-06-16T16:15:05.693+0000] {logging_mixin.py:188} INFO - [2026-06-16T16:15:05.692+0000] {dag.py:3947} INFO - Setting next_dagrun for 03_getting_started_data_pipeline to None, run_after=None
[2026-06-16T16:15:05.718+0000] {processor.py:183} INFO - Processing /opt/airflow/dags/dag_03_data_pipeline.py took 0.117 seconds
[2026-06-16T16:15:35.795+0000] {processor.py:161} INFO - Started process (PID=18866) to work on /opt/airflow/dags/dag_03_data_pipeline.py
[2026-06-16T16:15:35.796+0000] {processor.py:830} INFO - Processing file /opt/airflow/dags/dag_03_data_pipeline.py for tasks to queue
[2026-06-16T16:15:35.798+0000] {logging_mixin.py:188} INFO - [2026-06-16T16:15:35.798+0000] {dagbag.py:545} INFO - Filling up the DagBag from /opt/airflow/dags/dag_03_data_pipeline.py
[2026-06-16T16:15:35.809+0000] {processor.py:840} INFO - DAG(s) '03_getting_started_data_pipeline' retrieved from /opt/airflow/dags/dag_03_data_pipeline.py
[2026-06-16T16:15:35.856+0000] {logging_mixin.py:188} INFO - [2026-06-16T16:15:35.856+0000] {dag.py:3089} INFO - Sync 1 DAGs
[2026-06-16T16:15:35.874+0000] {logging_mixin.py:188} INFO - [2026-06-16T16:15:35.874+0000] {dag.py:3947} INFO - Setting next_dagrun for 03_getting_started_data_pipeline to None, run_after=None
[2026-06-16T16:15:35.900+0000] {processor.py:183} INFO - Processing /opt/airflow/dags/dag_03_data_pipeline.py took 0.113 seconds
[2026-06-16T16:16:06.822+0000] {processor.py:161} INFO - Started process (PID=18906) to work on /opt/airflow/dags/dag_03_data_pipeline.py
[2026-06-16T16:16:06.823+0000] {processor.py:830} INFO - Processing file /opt/airflow/dags/dag_03_data_pipeline.py for tasks to queue
[2026-06-16T16:16:06.825+0000] {logging_mixin.py:188} INFO - [2026-06-16T16:16:06.824+0000] {dagbag.py:545} INFO - Filling up the DagBag from /opt/airflow/dags/dag_03_data_pipeline.py
[2026-06-16T16:16:06.835+0000] {processor.py:840} INFO - DAG(s) '03_getting_started_data_pipeline' retrieved from /opt/airflow/dags/dag_03_data_pipeline.py
[2026-06-16T16:16:06.884+0000] {logging_mixin.py:188} INFO - [2026-06-16T16:16:06.884+0000] {dag.py:3089} INFO - Sync 1 DAGs
[2026-06-16T16:16:06.901+0000] {logging_mixin.py:188} INFO - [2026-06-16T16:16:06.900+0000] {dag.py:3947} INFO - Setting next_dagrun for 03_getting_started_data_pipeline to None, run_after=None
[2026-06-16T16:16:06.923+0000] {processor.py:183} INFO - Processing /opt/airflow/dags/dag_03_data_pipeline.py took 0.110 seconds
[2026-06-16T16:16:37.930+0000] {processor.py:161} INFO - Started process (PID=18946) to work on /opt/airflow/dags/dag_03_data_pipeline.py
[2026-06-16T16:16:37.931+0000] {processor.py:830} INFO - Processing file /opt/airflow/dags/dag_03_data_pipeline.py for tasks to queue
[2026-06-16T16:16:37.933+0000] {logging_mixin.py:188} INFO - [2026-06-16T16:16:37.932+0000] {dagbag.py:545} INFO - Filling up the DagBag from /opt/airflow/dags/dag_03_data_pipeline.py
[2026-06-16T16:16:37.944+0000] {processor.py:840} INFO - DAG(s) '03_getting_started_data_pipeline' retrieved from /opt/airflow/dags/dag_03_data_pipeline.py
[2026-06-16T16:16:38.007+0000] {logging_mixin.py:188} INFO - [2026-06-16T16:16:38.007+0000] {dag.py:3089} INFO - Sync 1 DAGs
[2026-06-16T16:16:38.023+0000] {logging_mixin.py:188} INFO - [2026-06-16T16:16:38.023+0000] {dag.py:3947} INFO - Setting next_dagrun for 03_getting_started_data_pipeline to None, run_after=None
[2026-06-16T16:16:38.048+0000] {processor.py:183} INFO - Processing /opt/airflow/dags/dag_03_data_pipeline.py took 0.126 seconds
[2026-06-16T16:17:08.139+0000] {processor.py:161} INFO - Started process (PID=18986) to work on /opt/airflow/dags/dag_03_data_pipeline.py
[2026-06-16T16:17:08.140+0000] {processor.py:830} INFO - Processing file /opt/airflow/dags/dag_03_data_pipeline.py for tasks to queue
[2026-06-16T16:17:08.143+0000] {logging_mixin.py:188} INFO - [2026-06-16T16:17:08.142+0000] {dagbag.py:545} INFO - Filling up the DagBag from /opt/airflow/dags/dag_03_data_pipeline.py
[2026-06-16T16:17:08.154+0000] {processor.py:840} INFO - DAG(s) '03_getting_started_data_pipeline' retrieved from /opt/airflow/dags/dag_03_data_pipeline.py
[2026-06-16T16:17:08.202+0000] {logging_mixin.py:188} INFO - [2026-06-16T16:17:08.202+0000] {dag.py:3089} INFO - Sync 1 DAGs
[2026-06-16T16:17:08.219+0000] {logging_mixin.py:188} INFO - [2026-06-16T16:17:08.219+0000] {dag.py:3947} INFO - Setting next_dagrun for 03_getting_started_data_pipeline to None, run_after=None
[2026-06-16T16:17:08.244+0000] {processor.py:183} INFO - Processing /opt/airflow/dags/dag_03_data_pipeline.py took 0.114 seconds
[2026-06-16T16:17:38.373+0000] {processor.py:161} INFO - Started process (PID=19026) to work on /opt/airflow/dags/dag_03_data_pipeline.py
[2026-06-16T16:17:38.374+0000] {processor.py:830} INFO - Processing file /opt/airflow/dags/dag_03_data_pipeline.py for tasks to queue
[2026-06-16T16:17:38.377+0000] {logging_mixin.py:188} INFO - [2026-06-16T16:17:38.377+0000] {dagbag.py:545} INFO - Filling up the DagBag from /opt/airflow/dags/dag_03_data_pipeline.py
[2026-06-16T16:17:38.390+0000] {processor.py:840} INFO - DAG(s) '03_getting_started_data_pipeline' retrieved from /opt/airflow/dags/dag_03_data_pipeline.py
[2026-06-16T16:17:38.436+0000] {logging_mixin.py:188} INFO - [2026-06-16T16:17:38.436+0000] {dag.py:3089} INFO - Sync 1 DAGs
[2026-06-16T16:17:38.454+0000] {logging_mixin.py:188} INFO - [2026-06-16T16:17:38.453+0000] {dag.py:3947} INFO - Setting next_dagrun for 03_getting_started_data_pipeline to None, run_after=None
[2026-06-16T16:17:38.482+0000] {processor.py:183} INFO - Processing /opt/airflow/dags/dag_03_data_pipeline.py took 0.117 seconds
[2026-06-16T16:18:08.568+0000] {processor.py:161} INFO - Started process (PID=19066) to work on /opt/airflow/dags/dag_03_data_pipeline.py
[2026-06-16T16:18:08.569+0000] {processor.py:830} INFO - Processing file /opt/airflow/dags/dag_03_data_pipeline.py for tasks to queue
[2026-06-16T16:18:08.572+0000] {logging_mixin.py:188} INFO - [2026-06-16T16:18:08.571+0000] {dagbag.py:545} INFO - Filling up the DagBag from /opt/airflow/dags/dag_03_data_pipeline.py
[2026-06-16T16:18:08.584+0000] {processor.py:840} INFO - DAG(s) '03_getting_started_data_pipeline' retrieved from /opt/airflow/dags/dag_03_data_pipeline.py
[2026-06-16T16:18:08.629+0000] {logging_mixin.py:188} INFO - [2026-06-16T16:18:08.629+0000] {dag.py:3089} INFO - Sync 1 DAGs
[2026-06-16T16:18:08.647+0000] {logging_mixin.py:188} INFO - [2026-06-16T16:18:08.646+0000] {dag.py:3947} INFO - Setting next_dagrun for 03_getting_started_data_pipeline to None, run_after=None
[2026-06-16T16:18:08.671+0000] {processor.py:183} INFO - Processing /opt/airflow/dags/dag_03_data_pipeline.py took 0.111 seconds
[2026-06-16T16:18:38.758+0000] {processor.py:161} INFO - Started process (PID=19106) to work on /opt/airflow/dags/dag_03_data_pipeline.py
[2026-06-16T16:18:38.759+0000] {processor.py:830} INFO - Processing file /opt/airflow/dags/dag_03_data_pipeline.py for tasks to queue
[2026-06-16T16:18:38.762+0000] {logging_mixin.py:188} INFO - [2026-06-16T16:18:38.761+0000] {dagbag.py:545} INFO - Filling up the DagBag from /opt/airflow/dags/dag_03_data_pipeline.py
[2026-06-16T16:18:38.775+0000] {processor.py:840} INFO - DAG(s) '03_getting_started_data_pipeline' retrieved from /opt/airflow/dags/dag_03_data_pipeline.py
[2026-06-16T16:18:38.830+0000] {logging_mixin.py:188} INFO - [2026-06-16T16:18:38.830+0000] {dag.py:3089} INFO - Sync 1 DAGs
[2026-06-16T16:18:38.846+0000] {logging_mixin.py:188} INFO - [2026-06-16T16:18:38.845+0000] {dag.py:3947} INFO - Setting next_dagrun for 03_getting_started_data_pipeline to None, run_after=None
[2026-06-16T16:18:38.873+0000] {processor.py:183} INFO - Processing /opt/airflow/dags/dag_03_data_pipeline.py took 0.123 seconds
[2026-06-16T16:19:08.988+0000] {processor.py:161} INFO - Started process (PID=19146) to work on /opt/airflow/dags/dag_03_data_pipeline.py
[2026-06-16T16:19:08.990+0000] {processor.py:830} INFO - Processing file /opt/airflow/dags/dag_03_data_pipeline.py for tasks to queue
[2026-06-16T16:19:08.992+0000] {logging_mixin.py:188} INFO - [2026-06-16T16:19:08.992+0000] {dagbag.py:545} INFO - Filling up the DagBag from /opt/airflow/dags/dag_03_data_pipeline.py
[2026-06-16T16:19:09.004+0000] {processor.py:840} INFO - DAG(s) '03_getting_started_data_pipeline' retrieved from /opt/airflow/dags/dag_03_data_pipeline.py
[2026-06-16T16:19:09.060+0000] {logging_mixin.py:188} INFO - [2026-06-16T16:19:09.060+0000] {dag.py:3089} INFO - Sync 1 DAGs
[2026-06-16T16:19:09.078+0000] {logging_mixin.py:188} INFO - [2026-06-16T16:19:09.078+0000] {dag.py:3947} INFO - Setting next_dagrun for 03_getting_started_data_pipeline to None, run_after=None
[2026-06-16T16:19:09.105+0000] {processor.py:183} INFO - Processing /opt/airflow/dags/dag_03_data_pipeline.py took 0.126 seconds
[2026-06-16T16:19:39.148+0000] {processor.py:161} INFO - Started process (PID=19183) to work on /opt/airflow/dags/dag_03_data_pipeline.py
[2026-06-16T16:19:39.149+0000] {processor.py:830} INFO - Processing file /opt/airflow/dags/dag_03_data_pipeline.py for tasks to queue
[2026-06-16T16:19:39.151+0000] {logging_mixin.py:188} INFO - [2026-06-16T16:19:39.151+0000] {dagbag.py:545} INFO - Filling up the DagBag from /opt/airflow/dags/dag_03_data_pipeline.py
[2026-06-16T16:19:39.161+0000] {processor.py:840} INFO - DAG(s) '03_getting_started_data_pipeline' retrieved from /opt/airflow/dags/dag_03_data_pipeline.py
[2026-06-16T16:19:39.205+0000] {logging_mixin.py:188} INFO - [2026-06-16T16:19:39.204+0000] {dag.py:3089} INFO - Sync 1 DAGs
[2026-06-16T16:19:39.218+0000] {logging_mixin.py:188} INFO - [2026-06-16T16:19:39.218+0000] {dag.py:3947} INFO - Setting next_dagrun for 03_getting_started_data_pipeline to None, run_after=None
[2026-06-16T16:19:39.240+0000] {processor.py:183} INFO - Processing /opt/airflow/dags/dag_03_data_pipeline.py took 0.098 seconds
[2026-06-16T16:20:09.323+0000] {processor.py:161} INFO - Started process (PID=19223) to work on /opt/airflow/dags/dag_03_data_pipeline.py
[2026-06-16T16:20:09.333+0000] {processor.py:830} INFO - Processing file /opt/airflow/dags/dag_03_data_pipeline.py for tasks to queue
[2026-06-16T16:20:09.335+0000] {logging_mixin.py:188} INFO - [2026-06-16T16:20:09.335+0000] {dagbag.py:545} INFO - Filling up the DagBag from /opt/airflow/dags/dag_03_data_pipeline.py
[2026-06-16T16:20:09.345+0000] {processor.py:840} INFO - DAG(s) '03_getting_started_data_pipeline' retrieved from /opt/airflow/dags/dag_03_data_pipeline.py
[2026-06-16T16:20:09.389+0000] {logging_mixin.py:188} INFO - [2026-06-16T16:20:09.389+0000] {dag.py:3089} INFO - Sync 1 DAGs
[2026-06-16T16:20:09.403+0000] {logging_mixin.py:188} INFO - [2026-06-16T16:20:09.403+0000] {dag.py:3947} INFO - Setting next_dagrun for 03_getting_started_data_pipeline to None, run_after=None
[2026-06-16T16:20:09.425+0000] {processor.py:183} INFO - Processing /opt/airflow/dags/dag_03_data_pipeline.py took 0.110 seconds
[2026-06-16T16:20:39.487+0000] {processor.py:161} INFO - Started process (PID=19263) to work on /opt/airflow/dags/dag_03_data_pipeline.py
[2026-06-16T16:20:39.488+0000] {processor.py:830} INFO - Processing file /opt/airflow/dags/dag_03_data_pipeline.py for tasks to queue
[2026-06-16T16:20:39.490+0000] {logging_mixin.py:188} INFO - [2026-06-16T16:20:39.490+0000] {dagbag.py:545} INFO - Filling up the DagBag from /opt/airflow/dags/dag_03_data_pipeline.py
[2026-06-16T16:20:39.499+0000] {processor.py:840} INFO - DAG(s) '03_getting_started_data_pipeline' retrieved from /opt/airflow/dags/dag_03_data_pipeline.py
[2026-06-16T16:20:39.542+0000] {logging_mixin.py:188} INFO - [2026-06-16T16:20:39.542+0000] {dag.py:3089} INFO - Sync 1 DAGs
[2026-06-16T16:20:39.556+0000] {logging_mixin.py:188} INFO - [2026-06-16T16:20:39.555+0000] {dag.py:3947} INFO - Setting next_dagrun for 03_getting_started_data_pipeline to None, run_after=None
[2026-06-16T16:20:39.578+0000] {processor.py:183} INFO - Processing /opt/airflow/dags/dag_03_data_pipeline.py took 0.099 seconds
[2026-06-16T16:21:09.631+0000] {processor.py:161} INFO - Started process (PID=19303) to work on /opt/airflow/dags/dag_03_data_pipeline.py
[2026-06-16T16:21:09.632+0000] {processor.py:830} INFO - Processing file /opt/airflow/dags/dag_03_data_pipeline.py for tasks to queue
[2026-06-16T16:21:09.634+0000] {logging_mixin.py:188} INFO - [2026-06-16T16:21:09.634+0000] {dagbag.py:545} INFO - Filling up the DagBag from /opt/airflow/dags/dag_03_data_pipeline.py
[2026-06-16T16:21:09.644+0000] {processor.py:840} INFO - DAG(s) '03_getting_started_data_pipeline' retrieved from /opt/airflow/dags/dag_03_data_pipeline.py
[2026-06-16T16:21:09.686+0000] {logging_mixin.py:188} INFO - [2026-06-16T16:21:09.686+0000] {dag.py:3089} INFO - Sync 1 DAGs
[2026-06-16T16:21:09.699+0000] {logging_mixin.py:188} INFO - [2026-06-16T16:21:09.699+0000] {dag.py:3947} INFO - Setting next_dagrun for 03_getting_started_data_pipeline to None, run_after=None
[2026-06-16T16:21:09.721+0000] {processor.py:183} INFO - Processing /opt/airflow/dags/dag_03_data_pipeline.py took 0.097 seconds
[2026-06-16T16:21:40.627+0000] {processor.py:161} INFO - Started process (PID=19343) to work on /opt/airflow/dags/dag_03_data_pipeline.py
[2026-06-16T16:21:40.637+0000] {processor.py:830} INFO - Processing file /opt/airflow/dags/dag_03_data_pipeline.py for tasks to queue
[2026-06-16T16:21:40.639+0000] {logging_mixin.py:188} INFO - [2026-06-16T16:21:40.639+0000] {dagbag.py:545} INFO - Filling up the DagBag from /opt/airflow/dags/dag_03_data_pipeline.py
[2026-06-16T16:21:40.650+0000] {processor.py:840} INFO - DAG(s) '03_getting_started_data_pipeline' retrieved from /opt/airflow/dags/dag_03_data_pipeline.py
[2026-06-16T16:21:40.693+0000] {logging_mixin.py:188} INFO - [2026-06-16T16:21:40.693+0000] {dag.py:3089} INFO - Sync 1 DAGs
[2026-06-16T16:21:40.710+0000] {logging_mixin.py:188} INFO - [2026-06-16T16:21:40.709+0000] {dag.py:3947} INFO - Setting next_dagrun for 03_getting_started_data_pipeline to None, run_after=None
[2026-06-16T16:21:40.737+0000] {processor.py:183} INFO - Processing /opt/airflow/dags/dag_03_data_pipeline.py took 0.118 seconds
[2026-06-16T16:22:11.637+0000] {processor.py:161} INFO - Started process (PID=19383) to work on /opt/airflow/dags/dag_03_data_pipeline.py
[2026-06-16T16:22:11.638+0000] {processor.py:830} INFO - Processing file /opt/airflow/dags/dag_03_data_pipeline.py for tasks to queue
[2026-06-16T16:22:11.640+0000] {logging_mixin.py:188} INFO - [2026-06-16T16:22:11.639+0000] {dagbag.py:545} INFO - Filling up the DagBag from /opt/airflow/dags/dag_03_data_pipeline.py
[2026-06-16T16:22:11.651+0000] {processor.py:840} INFO - DAG(s) '03_getting_started_data_pipeline' retrieved from /opt/airflow/dags/dag_03_data_pipeline.py
[2026-06-16T16:22:11.691+0000] {logging_mixin.py:188} INFO - [2026-06-16T16:22:11.691+0000] {dag.py:3089} INFO - Sync 1 DAGs
[2026-06-16T16:22:11.705+0000] {logging_mixin.py:188} INFO - [2026-06-16T16:22:11.705+0000] {dag.py:3947} INFO - Setting next_dagrun for 03_getting_started_data_pipeline to None, run_after=None
[2026-06-16T16:22:11.727+0000] {processor.py:183} INFO - Processing /opt/airflow/dags/dag_03_data_pipeline.py took 0.097 seconds
[2026-06-16T16:22:41.800+0000] {processor.py:161} INFO - Started process (PID=19423) to work on /opt/airflow/dags/dag_03_data_pipeline.py
[2026-06-16T16:22:41.801+0000] {processor.py:830} INFO - Processing file /opt/airflow/dags/dag_03_data_pipeline.py for tasks to queue
[2026-06-16T16:22:41.803+0000] {logging_mixin.py:188} INFO - [2026-06-16T16:22:41.803+0000] {dagbag.py:545} INFO - Filling up the DagBag from /opt/airflow/dags/dag_03_data_pipeline.py
[2026-06-16T16:22:41.813+0000] {processor.py:840} INFO - DAG(s) '03_getting_started_data_pipeline' retrieved from /opt/airflow/dags/dag_03_data_pipeline.py
[2026-06-16T16:22:41.855+0000] {logging_mixin.py:188} INFO - [2026-06-16T16:22:41.854+0000] {dag.py:3089} INFO - Sync 1 DAGs
[2026-06-16T16:22:41.868+0000] {logging_mixin.py:188} INFO - [2026-06-16T16:22:41.867+0000] {dag.py:3947} INFO - Setting next_dagrun for 03_getting_started_data_pipeline to None, run_after=None
[2026-06-16T16:22:41.891+0000] {processor.py:183} INFO - Processing /opt/airflow/dags/dag_03_data_pipeline.py took 0.098 seconds
[2026-06-16T16:23:12.149+0000] {processor.py:161} INFO - Started process (PID=19463) to work on /opt/airflow/dags/dag_03_data_pipeline.py
[2026-06-16T16:23:12.150+0000] {processor.py:830} INFO - Processing file /opt/airflow/dags/dag_03_data_pipeline.py for tasks to queue
[2026-06-16T16:23:12.153+0000] {logging_mixin.py:188} INFO - [2026-06-16T16:23:12.153+0000] {dagbag.py:545} INFO - Filling up the DagBag from /opt/airflow/dags/dag_03_data_pipeline.py
[2026-06-16T16:23:12.166+0000] {processor.py:840} INFO - DAG(s) '03_getting_started_data_pipeline' retrieved from /opt/airflow/dags/dag_03_data_pipeline.py
[2026-06-16T16:23:12.206+0000] {logging_mixin.py:188} INFO - [2026-06-16T16:23:12.206+0000] {dag.py:3089} INFO - Sync 1 DAGs
[2026-06-16T16:23:12.219+0000] {logging_mixin.py:188} INFO - [2026-06-16T16:23:12.219+0000] {dag.py:3947} INFO - Setting next_dagrun for 03_getting_started_data_pipeline to None, run_after=None
[2026-06-16T16:23:12.243+0000] {processor.py:183} INFO - Processing /opt/airflow/dags/dag_03_data_pipeline.py took 0.102 seconds
[2026-06-16T16:23:42.349+0000] {processor.py:161} INFO - Started process (PID=19503) to work on /opt/airflow/dags/dag_03_data_pipeline.py
[2026-06-16T16:23:42.359+0000] {processor.py:830} INFO - Processing file /opt/airflow/dags/dag_03_data_pipeline.py for tasks to queue
[2026-06-16T16:23:42.361+0000] {logging_mixin.py:188} INFO - [2026-06-16T16:23:42.361+0000] {dagbag.py:545} INFO - Filling up the DagBag from /opt/airflow/dags/dag_03_data_pipeline.py
[2026-06-16T16:23:42.373+0000] {processor.py:840} INFO - DAG(s) '03_getting_started_data_pipeline' retrieved from /opt/airflow/dags/dag_03_data_pipeline.py
[2026-06-16T16:23:42.413+0000] {logging_mixin.py:188} INFO - [2026-06-16T16:23:42.413+0000] {dag.py:3089} INFO - Sync 1 DAGs
[2026-06-16T16:23:42.427+0000] {logging_mixin.py:188} INFO - [2026-06-16T16:23:42.426+0000] {dag.py:3947} INFO - Setting next_dagrun for 03_getting_started_data_pipeline to None, run_after=None
[2026-06-16T16:23:42.449+0000] {processor.py:183} INFO - Processing /opt/airflow/dags/dag_03_data_pipeline.py took 0.107 seconds
[2026-06-16T16:24:12.668+0000] {processor.py:161} INFO - Started process (PID=19543) to work on /opt/airflow/dags/dag_03_data_pipeline.py
[2026-06-16T16:24:12.668+0000] {processor.py:830} INFO - Processing file /opt/airflow/dags/dag_03_data_pipeline.py for tasks to queue
[2026-06-16T16:24:12.671+0000] {logging_mixin.py:188} INFO - [2026-06-16T16:24:12.670+0000] {dagbag.py:545} INFO - Filling up the DagBag from /opt/airflow/dags/dag_03_data_pipeline.py
[2026-06-16T16:24:12.681+0000] {processor.py:840} INFO - DAG(s) '03_getting_started_data_pipeline' retrieved from /opt/airflow/dags/dag_03_data_pipeline.py
[2026-06-16T16:24:12.724+0000] {logging_mixin.py:188} INFO - [2026-06-16T16:24:12.724+0000] {dag.py:3089} INFO - Sync 1 DAGs
[2026-06-16T16:24:12.739+0000] {logging_mixin.py:188} INFO - [2026-06-16T16:24:12.738+0000] {dag.py:3947} INFO - Setting next_dagrun for 03_getting_started_data_pipeline to None, run_after=None
[2026-06-16T16:24:12.908+0000] {processor.py:183} INFO - Processing /opt/airflow/dags/dag_03_data_pipeline.py took 0.248 seconds
[2026-06-16T16:24:42.999+0000] {processor.py:161} INFO - Started process (PID=19583) to work on /opt/airflow/dags/dag_03_data_pipeline.py
[2026-06-16T16:24:43.009+0000] {processor.py:830} INFO - Processing file /opt/airflow/dags/dag_03_data_pipeline.py for tasks to queue
[2026-06-16T16:24:43.011+0000] {logging_mixin.py:188} INFO - [2026-06-16T16:24:43.011+0000] {dagbag.py:545} INFO - Filling up the DagBag from /opt/airflow/dags/dag_03_data_pipeline.py
[2026-06-16T16:24:43.023+0000] {processor.py:840} INFO - DAG(s) '03_getting_started_data_pipeline' retrieved from /opt/airflow/dags/dag_03_data_pipeline.py
[2026-06-16T16:24:43.066+0000] {logging_mixin.py:188} INFO - [2026-06-16T16:24:43.066+0000] {dag.py:3089} INFO - Sync 1 DAGs
[2026-06-16T16:24:43.080+0000] {logging_mixin.py:188} INFO - [2026-06-16T16:24:43.080+0000] {dag.py:3947} INFO - Setting next_dagrun for 03_getting_started_data_pipeline to None, run_after=None
[2026-06-16T16:24:43.105+0000] {processor.py:183} INFO - Processing /opt/airflow/dags/dag_03_data_pipeline.py took 0.113 seconds
[2026-06-16T16:25:13.206+0000] {processor.py:161} INFO - Started process (PID=19623) to work on /opt/airflow/dags/dag_03_data_pipeline.py
[2026-06-16T16:25:13.208+0000] {processor.py:830} INFO - Processing file /opt/airflow/dags/dag_03_data_pipeline.py for tasks to queue
[2026-06-16T16:25:13.209+0000] {logging_mixin.py:188} INFO - [2026-06-16T16:25:13.209+0000] {dagbag.py:545} INFO - Filling up the DagBag from /opt/airflow/dags/dag_03_data_pipeline.py
[2026-06-16T16:25:13.219+0000] {processor.py:840} INFO - DAG(s) '03_getting_started_data_pipeline' retrieved from /opt/airflow/dags/dag_03_data_pipeline.py
[2026-06-16T16:25:13.262+0000] {logging_mixin.py:188} INFO - [2026-06-16T16:25:13.262+0000] {dag.py:3089} INFO - Sync 1 DAGs
[2026-06-16T16:25:13.276+0000] {logging_mixin.py:188} INFO - [2026-06-16T16:25:13.276+0000] {dag.py:3947} INFO - Setting next_dagrun for 03_getting_started_data_pipeline to None, run_after=None
[2026-06-16T16:25:13.302+0000] {processor.py:183} INFO - Processing /opt/airflow/dags/dag_03_data_pipeline.py took 0.103 seconds
[2026-06-16T16:25:43.710+0000] {processor.py:161} INFO - Started process (PID=19663) to work on /opt/airflow/dags/dag_03_data_pipeline.py
[2026-06-16T16:25:43.720+0000] {processor.py:830} INFO - Processing file /opt/airflow/dags/dag_03_data_pipeline.py for tasks to queue
[2026-06-16T16:25:43.722+0000] {logging_mixin.py:188} INFO - [2026-06-16T16:25:43.722+0000] {dagbag.py:545} INFO - Filling up the DagBag from /opt/airflow/dags/dag_03_data_pipeline.py
[2026-06-16T16:25:43.732+0000] {processor.py:840} INFO - DAG(s) '03_getting_started_data_pipeline' retrieved from /opt/airflow/dags/dag_03_data_pipeline.py
[2026-06-16T16:25:43.919+0000] {logging_mixin.py:188} INFO - [2026-06-16T16:25:43.919+0000] {dag.py:3089} INFO - Sync 1 DAGs
[2026-06-16T16:25:43.931+0000] {logging_mixin.py:188} INFO - [2026-06-16T16:25:43.930+0000] {dag.py:3947} INFO - Setting next_dagrun for 03_getting_started_data_pipeline to None, run_after=None
[2026-06-16T16:25:43.951+0000] {processor.py:183} INFO - Processing /opt/airflow/dags/dag_03_data_pipeline.py took 0.248 seconds
[2026-06-16T16:26:13.984+0000] {processor.py:161} INFO - Started process (PID=19703) to work on /opt/airflow/dags/dag_03_data_pipeline.py
[2026-06-16T16:26:13.985+0000] {processor.py:830} INFO - Processing file /opt/airflow/dags/dag_03_data_pipeline.py for tasks to queue
[2026-06-16T16:26:13.987+0000] {logging_mixin.py:188} INFO - [2026-06-16T16:26:13.986+0000] {dagbag.py:545} INFO - Filling up the DagBag from /opt/airflow/dags/dag_03_data_pipeline.py
[2026-06-16T16:26:13.998+0000] {processor.py:840} INFO - DAG(s) '03_getting_started_data_pipeline' retrieved from /opt/airflow/dags/dag_03_data_pipeline.py
[2026-06-16T16:26:14.042+0000] {logging_mixin.py:188} INFO - [2026-06-16T16:26:14.042+0000] {dag.py:3089} INFO - Sync 1 DAGs
[2026-06-16T16:26:14.059+0000] {logging_mixin.py:188} INFO - [2026-06-16T16:26:14.059+0000] {dag.py:3947} INFO - Setting next_dagrun for 03_getting_started_data_pipeline to None, run_after=None
[2026-06-16T16:26:14.086+0000] {processor.py:183} INFO - Processing /opt/airflow/dags/dag_03_data_pipeline.py took 0.109 seconds
[2026-06-16T16:26:44.182+0000] {processor.py:161} INFO - Started process (PID=19743) to work on /opt/airflow/dags/dag_03_data_pipeline.py
[2026-06-16T16:26:44.185+0000] {processor.py:830} INFO - Processing file /opt/airflow/dags/dag_03_data_pipeline.py for tasks to queue
[2026-06-16T16:26:44.187+0000] {logging_mixin.py:188} INFO - [2026-06-16T16:26:44.187+0000] {dagbag.py:545} INFO - Filling up the DagBag from /opt/airflow/dags/dag_03_data_pipeline.py
[2026-06-16T16:26:44.197+0000] {processor.py:840} INFO - DAG(s) '03_getting_started_data_pipeline' retrieved from /opt/airflow/dags/dag_03_data_pipeline.py
[2026-06-16T16:26:44.241+0000] {logging_mixin.py:188} INFO - [2026-06-16T16:26:44.241+0000] {dag.py:3089} INFO - Sync 1 DAGs
[2026-06-16T16:26:44.259+0000] {logging_mixin.py:188} INFO - [2026-06-16T16:26:44.259+0000] {dag.py:3947} INFO - Setting next_dagrun for 03_getting_started_data_pipeline to None, run_after=None
[2026-06-16T16:26:44.285+0000] {processor.py:183} INFO - Processing /opt/airflow/dags/dag_03_data_pipeline.py took 0.109 seconds
[2026-06-16T16:27:14.349+0000] {processor.py:161} INFO - Started process (PID=19783) to work on /opt/airflow/dags/dag_03_data_pipeline.py
[2026-06-16T16:27:14.350+0000] {processor.py:830} INFO - Processing file /opt/airflow/dags/dag_03_data_pipeline.py for tasks to queue
[2026-06-16T16:27:14.352+0000] {logging_mixin.py:188} INFO - [2026-06-16T16:27:14.351+0000] {dagbag.py:545} INFO - Filling up the DagBag from /opt/airflow/dags/dag_03_data_pipeline.py
[2026-06-16T16:27:14.362+0000] {processor.py:840} INFO - DAG(s) '03_getting_started_data_pipeline' retrieved from /opt/airflow/dags/dag_03_data_pipeline.py
[2026-06-16T16:27:14.408+0000] {logging_mixin.py:188} INFO - [2026-06-16T16:27:14.407+0000] {dag.py:3089} INFO - Sync 1 DAGs
[2026-06-16T16:27:14.422+0000] {logging_mixin.py:188} INFO - [2026-06-16T16:27:14.422+0000] {dag.py:3947} INFO - Setting next_dagrun for 03_getting_started_data_pipeline to None, run_after=None
[2026-06-16T16:27:14.449+0000] {processor.py:183} INFO - Processing /opt/airflow/dags/dag_03_data_pipeline.py took 0.108 seconds
[2026-06-16T16:27:44.540+0000] {processor.py:161} INFO - Started process (PID=19823) to work on /opt/airflow/dags/dag_03_data_pipeline.py
[2026-06-16T16:27:44.542+0000] {processor.py:830} INFO - Processing file /opt/airflow/dags/dag_03_data_pipeline.py for tasks to queue
[2026-06-16T16:27:44.545+0000] {logging_mixin.py:188} INFO - [2026-06-16T16:27:44.545+0000] {dagbag.py:545} INFO - Filling up the DagBag from /opt/airflow/dags/dag_03_data_pipeline.py
[2026-06-16T16:27:44.555+0000] {processor.py:840} INFO - DAG(s) '03_getting_started_data_pipeline' retrieved from /opt/airflow/dags/dag_03_data_pipeline.py
[2026-06-16T16:27:44.596+0000] {logging_mixin.py:188} INFO - [2026-06-16T16:27:44.596+0000] {dag.py:3089} INFO - Sync 1 DAGs
[2026-06-16T16:27:44.611+0000] {logging_mixin.py:188} INFO - [2026-06-16T16:27:44.611+0000] {dag.py:3947} INFO - Setting next_dagrun for 03_getting_started_data_pipeline to None, run_after=None
[2026-06-16T16:27:44.637+0000] {processor.py:183} INFO - Processing /opt/airflow/dags/dag_03_data_pipeline.py took 0.103 seconds
[2026-06-16T16:28:15.428+0000] {processor.py:161} INFO - Started process (PID=19863) to work on /opt/airflow/dags/dag_03_data_pipeline.py
[2026-06-16T16:28:15.429+0000] {processor.py:830} INFO - Processing file /opt/airflow/dags/dag_03_data_pipeline.py for tasks to queue
[2026-06-16T16:28:15.431+0000] {logging_mixin.py:188} INFO - [2026-06-16T16:28:15.431+0000] {dagbag.py:545} INFO - Filling up the DagBag from /opt/airflow/dags/dag_03_data_pipeline.py
[2026-06-16T16:28:15.440+0000] {processor.py:840} INFO - DAG(s) '03_getting_started_data_pipeline' retrieved from /opt/airflow/dags/dag_03_data_pipeline.py
[2026-06-16T16:28:14.801+0000] {logging_mixin.py:188} INFO - [2026-06-16T16:28:14.801+0000] {dag.py:3089} INFO - Sync 1 DAGs
[2026-06-16T16:28:14.820+0000] {logging_mixin.py:188} INFO - [2026-06-16T16:28:14.819+0000] {dag.py:3947} INFO - Setting next_dagrun for 03_getting_started_data_pipeline to None, run_after=None
[2026-06-16T16:28:14.846+0000] {processor.py:183} INFO - Processing /opt/airflow/dags/dag_03_data_pipeline.py took 0.107 seconds
[2026-06-16T16:28:45.602+0000] {processor.py:161} INFO - Started process (PID=19903) to work on /opt/airflow/dags/dag_03_data_pipeline.py
[2026-06-16T16:28:45.606+0000] {processor.py:830} INFO - Processing file /opt/airflow/dags/dag_03_data_pipeline.py for tasks to queue
[2026-06-16T16:28:45.608+0000] {logging_mixin.py:188} INFO - [2026-06-16T16:28:45.607+0000] {dagbag.py:545} INFO - Filling up the DagBag from /opt/airflow/dags/dag_03_data_pipeline.py
[2026-06-16T16:28:45.619+0000] {processor.py:840} INFO - DAG(s) '03_getting_started_data_pipeline' retrieved from /opt/airflow/dags/dag_03_data_pipeline.py
[2026-06-16T16:28:45.663+0000] {logging_mixin.py:188} INFO - [2026-06-16T16:28:45.663+0000] {dag.py:3089} INFO - Sync 1 DAGs
[2026-06-16T16:28:45.677+0000] {logging_mixin.py:188} INFO - [2026-06-16T16:28:45.677+0000] {dag.py:3947} INFO - Setting next_dagrun for 03_getting_started_data_pipeline to None, run_after=None
[2026-06-16T16:28:45.708+0000] {processor.py:183} INFO - Processing /opt/airflow/dags/dag_03_data_pipeline.py took 0.112 seconds
[2026-06-16T16:29:16.640+0000] {processor.py:161} INFO - Started process (PID=19943) to work on /opt/airflow/dags/dag_03_data_pipeline.py
[2026-06-16T16:29:16.651+0000] {processor.py:830} INFO - Processing file /opt/airflow/dags/dag_03_data_pipeline.py for tasks to queue
[2026-06-16T16:29:16.653+0000] {logging_mixin.py:188} INFO - [2026-06-16T16:29:16.652+0000] {dagbag.py:545} INFO - Filling up the DagBag from /opt/airflow/dags/dag_03_data_pipeline.py
[2026-06-16T16:29:16.662+0000] {processor.py:840} INFO - DAG(s) '03_getting_started_data_pipeline' retrieved from /opt/airflow/dags/dag_03_data_pipeline.py
[2026-06-16T16:29:16.703+0000] {logging_mixin.py:188} INFO - [2026-06-16T16:29:16.702+0000] {dag.py:3089} INFO - Sync 1 DAGs
[2026-06-16T16:29:16.716+0000] {logging_mixin.py:188} INFO - [2026-06-16T16:29:16.716+0000] {dag.py:3947} INFO - Setting next_dagrun for 03_getting_started_data_pipeline to None, run_after=None
[2026-06-16T16:29:16.739+0000] {processor.py:183} INFO - Processing /opt/airflow/dags/dag_03_data_pipeline.py took 0.105 seconds
[2026-06-16T16:29:47.578+0000] {processor.py:161} INFO - Started process (PID=19983) to work on /opt/airflow/dags/dag_03_data_pipeline.py
[2026-06-16T16:29:47.589+0000] {processor.py:830} INFO - Processing file /opt/airflow/dags/dag_03_data_pipeline.py for tasks to queue
[2026-06-16T16:29:47.591+0000] {logging_mixin.py:188} INFO - [2026-06-16T16:29:47.590+0000] {dagbag.py:545} INFO - Filling up the DagBag from /opt/airflow/dags/dag_03_data_pipeline.py
[2026-06-16T16:29:47.601+0000] {processor.py:840} INFO - DAG(s) '03_getting_started_data_pipeline' retrieved from /opt/airflow/dags/dag_03_data_pipeline.py
[2026-06-16T16:29:47.642+0000] {logging_mixin.py:188} INFO - [2026-06-16T16:29:47.642+0000] {dag.py:3089} INFO - Sync 1 DAGs
[2026-06-16T16:29:47.655+0000] {logging_mixin.py:188} INFO - [2026-06-16T16:29:47.655+0000] {dag.py:3947} INFO - Setting next_dagrun for 03_getting_started_data_pipeline to None, run_after=None
[2026-06-16T16:29:47.679+0000] {processor.py:183} INFO - Processing /opt/airflow/dags/dag_03_data_pipeline.py took 0.109 seconds
[2026-06-16T16:30:18.665+0000] {processor.py:161} INFO - Started process (PID=20023) to work on /opt/airflow/dags/dag_03_data_pipeline.py
[2026-06-16T16:30:18.666+0000] {processor.py:830} INFO - Processing file /opt/airflow/dags/dag_03_data_pipeline.py for tasks to queue
[2026-06-16T16:30:18.668+0000] {logging_mixin.py:188} INFO - [2026-06-16T16:30:18.668+0000] {dagbag.py:545} INFO - Filling up the DagBag from /opt/airflow/dags/dag_03_data_pipeline.py
[2026-06-16T16:30:18.678+0000] {processor.py:840} INFO - DAG(s) '03_getting_started_data_pipeline' retrieved from /opt/airflow/dags/dag_03_data_pipeline.py
[2026-06-16T16:30:18.719+0000] {logging_mixin.py:188} INFO - [2026-06-16T16:30:18.718+0000] {dag.py:3089} INFO - Sync 1 DAGs
[2026-06-16T16:30:18.732+0000] {logging_mixin.py:188} INFO - [2026-06-16T16:30:18.732+0000] {dag.py:3947} INFO - Setting next_dagrun for 03_getting_started_data_pipeline to None, run_after=None
[2026-06-16T16:30:18.756+0000] {processor.py:183} INFO - Processing /opt/airflow/dags/dag_03_data_pipeline.py took 0.098 seconds
[2026-06-16T16:30:49.608+0000] {processor.py:161} INFO - Started process (PID=20063) to work on /opt/airflow/dags/dag_03_data_pipeline.py
[2026-06-16T16:30:49.609+0000] {processor.py:830} INFO - Processing file /opt/airflow/dags/dag_03_data_pipeline.py for tasks to queue
[2026-06-16T16:30:49.611+0000] {logging_mixin.py:188} INFO - [2026-06-16T16:30:49.611+0000] {dagbag.py:545} INFO - Filling up the DagBag from /opt/airflow/dags/dag_03_data_pipeline.py
[2026-06-16T16:30:49.621+0000] {processor.py:840} INFO - DAG(s) '03_getting_started_data_pipeline' retrieved from /opt/airflow/dags/dag_03_data_pipeline.py
[2026-06-16T16:30:49.667+0000] {logging_mixin.py:188} INFO - [2026-06-16T16:30:49.667+0000] {dag.py:3089} INFO - Sync 1 DAGs
[2026-06-16T16:30:49.680+0000] {logging_mixin.py:188} INFO - [2026-06-16T16:30:49.680+0000] {dag.py:3947} INFO - Setting next_dagrun for 03_getting_started_data_pipeline to None, run_after=None
[2026-06-16T16:30:49.710+0000] {processor.py:183} INFO - Processing /opt/airflow/dags/dag_03_data_pipeline.py took 0.109 seconds
[2026-06-16T16:31:20.617+0000] {processor.py:161} INFO - Started process (PID=20103) to work on /opt/airflow/dags/dag_03_data_pipeline.py
[2026-06-16T16:31:20.619+0000] {processor.py:830} INFO - Processing file /opt/airflow/dags/dag_03_data_pipeline.py for tasks to queue
[2026-06-16T16:31:20.621+0000] {logging_mixin.py:188} INFO - [2026-06-16T16:31:20.621+0000] {dagbag.py:545} INFO - Filling up the DagBag from /opt/airflow/dags/dag_03_data_pipeline.py
[2026-06-16T16:31:20.632+0000] {processor.py:840} INFO - DAG(s) '03_getting_started_data_pipeline' retrieved from /opt/airflow/dags/dag_03_data_pipeline.py
[2026-06-16T16:31:20.677+0000] {logging_mixin.py:188} INFO - [2026-06-16T16:31:20.677+0000] {dag.py:3089} INFO - Sync 1 DAGs
[2026-06-16T16:31:20.690+0000] {logging_mixin.py:188} INFO - [2026-06-16T16:31:20.690+0000] {dag.py:3947} INFO - Setting next_dagrun for 03_getting_started_data_pipeline to None, run_after=None
[2026-06-16T16:31:20.716+0000] {processor.py:183} INFO - Processing /opt/airflow/dags/dag_03_data_pipeline.py took 0.107 seconds
[2026-06-16T16:31:51.738+0000] {processor.py:161} INFO - Started process (PID=20143) to work on /opt/airflow/dags/dag_03_data_pipeline.py
[2026-06-16T16:31:51.748+0000] {processor.py:830} INFO - Processing file /opt/airflow/dags/dag_03_data_pipeline.py for tasks to queue
[2026-06-16T16:31:51.751+0000] {logging_mixin.py:188} INFO - [2026-06-16T16:31:51.750+0000] {dagbag.py:545} INFO - Filling up the DagBag from /opt/airflow/dags/dag_03_data_pipeline.py
[2026-06-16T16:31:51.762+0000] {processor.py:840} INFO - DAG(s) '03_getting_started_data_pipeline' retrieved from /opt/airflow/dags/dag_03_data_pipeline.py
[2026-06-16T16:31:51.804+0000] {logging_mixin.py:188} INFO - [2026-06-16T16:31:51.804+0000] {dag.py:3089} INFO - Sync 1 DAGs
[2026-06-16T16:31:51.820+0000] {logging_mixin.py:188} INFO - [2026-06-16T16:31:51.820+0000] {dag.py:3947} INFO - Setting next_dagrun for 03_getting_started_data_pipeline to None, run_after=None
[2026-06-16T16:31:51.846+0000] {processor.py:183} INFO - Processing /opt/airflow/dags/dag_03_data_pipeline.py took 0.116 seconds
[2026-06-16T16:32:21.961+0000] {processor.py:161} INFO - Started process (PID=20183) to work on /opt/airflow/dags/dag_03_data_pipeline.py
[2026-06-16T16:32:21.963+0000] {processor.py:830} INFO - Processing file /opt/airflow/dags/dag_03_data_pipeline.py for tasks to queue
[2026-06-16T16:32:21.966+0000] {logging_mixin.py:188} INFO - [2026-06-16T16:32:21.965+0000] {dagbag.py:545} INFO - Filling up the DagBag from /opt/airflow/dags/dag_03_data_pipeline.py
[2026-06-16T16:32:21.978+0000] {processor.py:840} INFO - DAG(s) '03_getting_started_data_pipeline' retrieved from /opt/airflow/dags/dag_03_data_pipeline.py
[2026-06-16T16:32:22.019+0000] {logging_mixin.py:188} INFO - [2026-06-16T16:32:22.019+0000] {dag.py:3089} INFO - Sync 1 DAGs
[2026-06-16T16:32:22.032+0000] {logging_mixin.py:188} INFO - [2026-06-16T16:32:22.032+0000] {dag.py:3947} INFO - Setting next_dagrun for 03_getting_started_data_pipeline to None, run_after=None
[2026-06-16T16:32:22.056+0000] {processor.py:183} INFO - Processing /opt/airflow/dags/dag_03_data_pipeline.py took 0.102 seconds
[2026-06-16T16:32:52.154+0000] {processor.py:161} INFO - Started process (PID=20223) to work on /opt/airflow/dags/dag_03_data_pipeline.py
[2026-06-16T16:32:52.155+0000] {processor.py:830} INFO - Processing file /opt/airflow/dags/dag_03_data_pipeline.py for tasks to queue
[2026-06-16T16:32:52.157+0000] {logging_mixin.py:188} INFO - [2026-06-16T16:32:52.157+0000] {dagbag.py:545} INFO - Filling up the DagBag from /opt/airflow/dags/dag_03_data_pipeline.py
[2026-06-16T16:32:52.167+0000] {processor.py:840} INFO - DAG(s) '03_getting_started_data_pipeline' retrieved from /opt/airflow/dags/dag_03_data_pipeline.py
[2026-06-16T16:32:52.210+0000] {logging_mixin.py:188} INFO - [2026-06-16T16:32:52.210+0000] {dag.py:3089} INFO - Sync 1 DAGs
[2026-06-16T16:32:52.225+0000] {logging_mixin.py:188} INFO - [2026-06-16T16:32:52.224+0000] {dag.py:3947} INFO - Setting next_dagrun for 03_getting_started_data_pipeline to None, run_after=None
[2026-06-16T16:32:52.249+0000] {processor.py:183} INFO - Processing /opt/airflow/dags/dag_03_data_pipeline.py took 0.102 seconds
[2026-06-16T16:33:22.301+0000] {processor.py:161} INFO - Started process (PID=20263) to work on /opt/airflow/dags/dag_03_data_pipeline.py
[2026-06-16T16:33:22.302+0000] {processor.py:830} INFO - Processing file /opt/airflow/dags/dag_03_data_pipeline.py for tasks to queue
[2026-06-16T16:33:22.304+0000] {logging_mixin.py:188} INFO - [2026-06-16T16:33:22.304+0000] {dagbag.py:545} INFO - Filling up the DagBag from /opt/airflow/dags/dag_03_data_pipeline.py
[2026-06-16T16:33:22.314+0000] {processor.py:840} INFO - DAG(s) '03_getting_started_data_pipeline' retrieved from /opt/airflow/dags/dag_03_data_pipeline.py
[2026-06-16T16:33:22.354+0000] {logging_mixin.py:188} INFO - [2026-06-16T16:33:22.354+0000] {dag.py:3089} INFO - Sync 1 DAGs
[2026-06-16T16:33:22.367+0000] {logging_mixin.py:188} INFO - [2026-06-16T16:33:22.367+0000] {dag.py:3947} INFO - Setting next_dagrun for 03_getting_started_data_pipeline to None, run_after=None
[2026-06-16T16:33:22.391+0000] {processor.py:183} INFO - Processing /opt/airflow/dags/dag_03_data_pipeline.py took 0.096 seconds
[2026-06-16T16:33:52.522+0000] {processor.py:161} INFO - Started process (PID=20303) to work on /opt/airflow/dags/dag_03_data_pipeline.py
[2026-06-16T16:33:52.523+0000] {processor.py:830} INFO - Processing file /opt/airflow/dags/dag_03_data_pipeline.py for tasks to queue
[2026-06-16T16:33:52.525+0000] {logging_mixin.py:188} INFO - [2026-06-16T16:33:52.525+0000] {dagbag.py:545} INFO - Filling up the DagBag from /opt/airflow/dags/dag_03_data_pipeline.py
[2026-06-16T16:33:52.535+0000] {processor.py:840} INFO - DAG(s) '03_getting_started_data_pipeline' retrieved from /opt/airflow/dags/dag_03_data_pipeline.py
[2026-06-16T16:33:52.579+0000] {logging_mixin.py:188} INFO - [2026-06-16T16:33:52.578+0000] {dag.py:3089} INFO - Sync 1 DAGs
[2026-06-16T16:33:52.592+0000] {logging_mixin.py:188} INFO - [2026-06-16T16:33:52.591+0000] {dag.py:3947} INFO - Setting next_dagrun for 03_getting_started_data_pipeline to None, run_after=None
[2026-06-16T16:33:52.616+0000] {processor.py:183} INFO - Processing /opt/airflow/dags/dag_03_data_pipeline.py took 0.101 seconds
[2026-06-16T16:34:22.699+0000] {processor.py:161} INFO - Started process (PID=20343) to work on /opt/airflow/dags/dag_03_data_pipeline.py
[2026-06-16T16:34:22.700+0000] {processor.py:830} INFO - Processing file /opt/airflow/dags/dag_03_data_pipeline.py for tasks to queue
[2026-06-16T16:34:22.702+0000] {logging_mixin.py:188} INFO - [2026-06-16T16:34:22.702+0000] {dagbag.py:545} INFO - Filling up the DagBag from /opt/airflow/dags/dag_03_data_pipeline.py
[2026-06-16T16:34:22.712+0000] {processor.py:840} INFO - DAG(s) '03_getting_started_data_pipeline' retrieved from /opt/airflow/dags/dag_03_data_pipeline.py
[2026-06-16T16:34:22.755+0000] {logging_mixin.py:188} INFO - [2026-06-16T16:34:22.755+0000] {dag.py:3089} INFO - Sync 1 DAGs
[2026-06-16T16:34:22.769+0000] {logging_mixin.py:188} INFO - [2026-06-16T16:34:22.769+0000] {dag.py:3947} INFO - Setting next_dagrun for 03_getting_started_data_pipeline to None, run_after=None
[2026-06-16T16:34:22.794+0000] {processor.py:183} INFO - Processing /opt/airflow/dags/dag_03_data_pipeline.py took 0.101 seconds
[2026-06-16T16:34:52.899+0000] {processor.py:161} INFO - Started process (PID=20383) to work on /opt/airflow/dags/dag_03_data_pipeline.py
[2026-06-16T16:34:52.909+0000] {processor.py:830} INFO - Processing file /opt/airflow/dags/dag_03_data_pipeline.py for tasks to queue
[2026-06-16T16:34:52.911+0000] {logging_mixin.py:188} INFO - [2026-06-16T16:34:52.910+0000] {dagbag.py:545} INFO - Filling up the DagBag from /opt/airflow/dags/dag_03_data_pipeline.py
[2026-06-16T16:34:52.921+0000] {processor.py:840} INFO - DAG(s) '03_getting_started_data_pipeline' retrieved from /opt/airflow/dags/dag_03_data_pipeline.py
[2026-06-16T16:34:52.960+0000] {logging_mixin.py:188} INFO - [2026-06-16T16:34:52.960+0000] {dag.py:3089} INFO - Sync 1 DAGs
[2026-06-16T16:34:52.973+0000] {logging_mixin.py:188} INFO - [2026-06-16T16:34:52.973+0000] {dag.py:3947} INFO - Setting next_dagrun for 03_getting_started_data_pipeline to None, run_after=None
[2026-06-16T16:34:52.997+0000] {processor.py:183} INFO - Processing /opt/airflow/dags/dag_03_data_pipeline.py took 0.104 seconds
[2026-06-16T16:35:23.087+0000] {processor.py:161} INFO - Started process (PID=20423) to work on /opt/airflow/dags/dag_03_data_pipeline.py
[2026-06-16T16:35:23.088+0000] {processor.py:830} INFO - Processing file /opt/airflow/dags/dag_03_data_pipeline.py for tasks to queue
[2026-06-16T16:35:23.090+0000] {logging_mixin.py:188} INFO - [2026-06-16T16:35:23.089+0000] {dagbag.py:545} INFO - Filling up the DagBag from /opt/airflow/dags/dag_03_data_pipeline.py
[2026-06-16T16:35:23.100+0000] {processor.py:840} INFO - DAG(s) '03_getting_started_data_pipeline' retrieved from /opt/airflow/dags/dag_03_data_pipeline.py
[2026-06-16T16:35:23.145+0000] {logging_mixin.py:188} INFO - [2026-06-16T16:35:23.145+0000] {dag.py:3089} INFO - Sync 1 DAGs
[2026-06-16T16:35:23.159+0000] {logging_mixin.py:188} INFO - [2026-06-16T16:35:23.159+0000] {dag.py:3947} INFO - Setting next_dagrun for 03_getting_started_data_pipeline to None, run_after=None
[2026-06-16T16:35:23.184+0000] {processor.py:183} INFO - Processing /opt/airflow/dags/dag_03_data_pipeline.py took 0.105 seconds
[2026-06-16T16:35:53.257+0000] {processor.py:161} INFO - Started process (PID=20463) to work on /opt/airflow/dags/dag_03_data_pipeline.py
[2026-06-16T16:35:53.268+0000] {processor.py:830} INFO - Processing file /opt/airflow/dags/dag_03_data_pipeline.py for tasks to queue
[2026-06-16T16:35:53.270+0000] {logging_mixin.py:188} INFO - [2026-06-16T16:35:53.270+0000] {dagbag.py:545} INFO - Filling up the DagBag from /opt/airflow/dags/dag_03_data_pipeline.py
[2026-06-16T16:35:53.282+0000] {processor.py:840} INFO - DAG(s) '03_getting_started_data_pipeline' retrieved from /opt/airflow/dags/dag_03_data_pipeline.py
[2026-06-16T16:35:53.327+0000] {logging_mixin.py:188} INFO - [2026-06-16T16:35:53.327+0000] {dag.py:3089} INFO - Sync 1 DAGs
[2026-06-16T16:35:53.341+0000] {logging_mixin.py:188} INFO - [2026-06-16T16:35:53.341+0000] {dag.py:3947} INFO - Setting next_dagrun for 03_getting_started_data_pipeline to None, run_after=None
[2026-06-16T16:35:53.367+0000] {processor.py:183} INFO - Processing /opt/airflow/dags/dag_03_data_pipeline.py took 0.118 seconds
[2026-06-16T16:36:23.555+0000] {processor.py:161} INFO - Started process (PID=20503) to work on /opt/airflow/dags/dag_03_data_pipeline.py
[2026-06-16T16:36:23.556+0000] {processor.py:830} INFO - Processing file /opt/airflow/dags/dag_03_data_pipeline.py for tasks to queue
[2026-06-16T16:36:23.559+0000] {logging_mixin.py:188} INFO - [2026-06-16T16:36:23.558+0000] {dagbag.py:545} INFO - Filling up the DagBag from /opt/airflow/dags/dag_03_data_pipeline.py
[2026-06-16T16:36:23.572+0000] {processor.py:840} INFO - DAG(s) '03_getting_started_data_pipeline' retrieved from /opt/airflow/dags/dag_03_data_pipeline.py
[2026-06-16T16:36:23.616+0000] {logging_mixin.py:188} INFO - [2026-06-16T16:36:23.616+0000] {dag.py:3089} INFO - Sync 1 DAGs
[2026-06-16T16:36:23.633+0000] {logging_mixin.py:188} INFO - [2026-06-16T16:36:23.633+0000] {dag.py:3947} INFO - Setting next_dagrun for 03_getting_started_data_pipeline to None, run_after=None
[2026-06-16T16:36:23.662+0000] {processor.py:183} INFO - Processing /opt/airflow/dags/dag_03_data_pipeline.py took 0.117 seconds
[2026-06-16T16:36:53.752+0000] {processor.py:161} INFO - Started process (PID=20543) to work on /opt/airflow/dags/dag_03_data_pipeline.py
[2026-06-16T16:36:53.763+0000] {processor.py:830} INFO - Processing file /opt/airflow/dags/dag_03_data_pipeline.py for tasks to queue
[2026-06-16T16:36:53.765+0000] {logging_mixin.py:188} INFO - [2026-06-16T16:36:53.765+0000] {dagbag.py:545} INFO - Filling up the DagBag from /opt/airflow/dags/dag_03_data_pipeline.py
[2026-06-16T16:36:53.775+0000] {processor.py:840} INFO - DAG(s) '03_getting_started_data_pipeline' retrieved from /opt/airflow/dags/dag_03_data_pipeline.py
[2026-06-16T16:36:53.817+0000] {logging_mixin.py:188} INFO - [2026-06-16T16:36:53.817+0000] {dag.py:3089} INFO - Sync 1 DAGs
[2026-06-16T16:36:53.836+0000] {logging_mixin.py:188} INFO - [2026-06-16T16:36:53.836+0000] {dag.py:3947} INFO - Setting next_dagrun for 03_getting_started_data_pipeline to None, run_after=None
[2026-06-16T16:36:53.860+0000] {processor.py:183} INFO - Processing /opt/airflow/dags/dag_03_data_pipeline.py took 0.115 seconds
[2026-06-16T16:37:24.856+0000] {processor.py:161} INFO - Started process (PID=20583) to work on /opt/airflow/dags/dag_03_data_pipeline.py
[2026-06-16T16:37:24.858+0000] {processor.py:830} INFO - Processing file /opt/airflow/dags/dag_03_data_pipeline.py for tasks to queue
[2026-06-16T16:37:24.861+0000] {logging_mixin.py:188} INFO - [2026-06-16T16:37:24.860+0000] {dagbag.py:545} INFO - Filling up the DagBag from /opt/airflow/dags/dag_03_data_pipeline.py
[2026-06-16T16:37:24.876+0000] {processor.py:840} INFO - DAG(s) '03_getting_started_data_pipeline' retrieved from /opt/airflow/dags/dag_03_data_pipeline.py
[2026-06-16T16:37:24.937+0000] {logging_mixin.py:188} INFO - [2026-06-16T16:37:24.936+0000] {dag.py:3089} INFO - Sync 1 DAGs
[2026-06-16T16:37:24.953+0000] {logging_mixin.py:188} INFO - [2026-06-16T16:37:24.953+0000] {dag.py:3947} INFO - Setting next_dagrun for 03_getting_started_data_pipeline to None, run_after=None
[2026-06-16T16:37:24.980+0000] {processor.py:183} INFO - Processing /opt/airflow/dags/dag_03_data_pipeline.py took 0.135 seconds
[2026-06-16T16:37:55.052+0000] {processor.py:161} INFO - Started process (PID=20623) to work on /opt/airflow/dags/dag_03_data_pipeline.py
[2026-06-16T16:37:55.062+0000] {processor.py:830} INFO - Processing file /opt/airflow/dags/dag_03_data_pipeline.py for tasks to queue
[2026-06-16T16:37:55.065+0000] {logging_mixin.py:188} INFO - [2026-06-16T16:37:55.064+0000] {dagbag.py:545} INFO - Filling up the DagBag from /opt/airflow/dags/dag_03_data_pipeline.py
[2026-06-16T16:37:55.077+0000] {processor.py:840} INFO - DAG(s) '03_getting_started_data_pipeline' retrieved from /opt/airflow/dags/dag_03_data_pipeline.py
[2026-06-16T16:37:55.122+0000] {logging_mixin.py:188} INFO - [2026-06-16T16:37:55.121+0000] {dag.py:3089} INFO - Sync 1 DAGs
[2026-06-16T16:37:55.137+0000] {logging_mixin.py:188} INFO - [2026-06-16T16:37:55.137+0000] {dag.py:3947} INFO - Setting next_dagrun for 03_getting_started_data_pipeline to None, run_after=None
[2026-06-16T16:37:55.162+0000] {processor.py:183} INFO - Processing /opt/airflow/dags/dag_03_data_pipeline.py took 0.118 seconds
[2026-06-16T16:38:25.247+0000] {processor.py:161} INFO - Started process (PID=20663) to work on /opt/airflow/dags/dag_03_data_pipeline.py
[2026-06-16T16:38:25.247+0000] {processor.py:830} INFO - Processing file /opt/airflow/dags/dag_03_data_pipeline.py for tasks to queue
[2026-06-16T16:38:25.250+0000] {logging_mixin.py:188} INFO - [2026-06-16T16:38:25.250+0000] {dagbag.py:545} INFO - Filling up the DagBag from /opt/airflow/dags/dag_03_data_pipeline.py
[2026-06-16T16:38:25.261+0000] {processor.py:840} INFO - DAG(s) '03_getting_started_data_pipeline' retrieved from /opt/airflow/dags/dag_03_data_pipeline.py
[2026-06-16T16:38:25.304+0000] {logging_mixin.py:188} INFO - [2026-06-16T16:38:25.304+0000] {dag.py:3089} INFO - Sync 1 DAGs
[2026-06-16T16:38:25.318+0000] {logging_mixin.py:188} INFO - [2026-06-16T16:38:25.318+0000] {dag.py:3947} INFO - Setting next_dagrun for 03_getting_started_data_pipeline to None, run_after=None
[2026-06-16T16:38:25.345+0000] {processor.py:183} INFO - Processing /opt/airflow/dags/dag_03_data_pipeline.py took 0.104 seconds
[2026-06-16T16:38:55.425+0000] {processor.py:161} INFO - Started process (PID=20703) to work on /opt/airflow/dags/dag_03_data_pipeline.py
[2026-06-16T16:38:55.426+0000] {processor.py:830} INFO - Processing file /opt/airflow/dags/dag_03_data_pipeline.py for tasks to queue
[2026-06-16T16:38:55.428+0000] {logging_mixin.py:188} INFO - [2026-06-16T16:38:55.428+0000] {dagbag.py:545} INFO - Filling up the DagBag from /opt/airflow/dags/dag_03_data_pipeline.py
[2026-06-16T16:38:55.438+0000] {processor.py:840} INFO - DAG(s) '03_getting_started_data_pipeline' retrieved from /opt/airflow/dags/dag_03_data_pipeline.py
[2026-06-16T16:38:55.483+0000] {logging_mixin.py:188} INFO - [2026-06-16T16:38:55.482+0000] {dag.py:3089} INFO - Sync 1 DAGs
[2026-06-16T16:38:55.497+0000] {logging_mixin.py:188} INFO - [2026-06-16T16:38:55.497+0000] {dag.py:3947} INFO - Setting next_dagrun for 03_getting_started_data_pipeline to None, run_after=None
[2026-06-16T16:38:55.521+0000] {processor.py:183} INFO - Processing /opt/airflow/dags/dag_03_data_pipeline.py took 0.103 seconds
[2026-06-16T16:39:25.587+0000] {processor.py:161} INFO - Started process (PID=20743) to work on /opt/airflow/dags/dag_03_data_pipeline.py
[2026-06-16T16:39:25.588+0000] {processor.py:830} INFO - Processing file /opt/airflow/dags/dag_03_data_pipeline.py for tasks to queue
[2026-06-16T16:39:25.590+0000] {logging_mixin.py:188} INFO - [2026-06-16T16:39:25.590+0000] {dagbag.py:545} INFO - Filling up the DagBag from /opt/airflow/dags/dag_03_data_pipeline.py
[2026-06-16T16:39:25.601+0000] {processor.py:840} INFO - DAG(s) '03_getting_started_data_pipeline' retrieved from /opt/airflow/dags/dag_03_data_pipeline.py
[2026-06-16T16:39:25.641+0000] {logging_mixin.py:188} INFO - [2026-06-16T16:39:25.641+0000] {dag.py:3089} INFO - Sync 1 DAGs
[2026-06-16T16:39:25.654+0000] {logging_mixin.py:188} INFO - [2026-06-16T16:39:25.653+0000] {dag.py:3947} INFO - Setting next_dagrun for 03_getting_started_data_pipeline to None, run_after=None
[2026-06-16T16:39:25.678+0000] {processor.py:183} INFO - Processing /opt/airflow/dags/dag_03_data_pipeline.py took 0.098 seconds
[2026-06-16T16:39:55.738+0000] {processor.py:161} INFO - Started process (PID=20783) to work on /opt/airflow/dags/dag_03_data_pipeline.py
[2026-06-16T16:39:55.740+0000] {processor.py:830} INFO - Processing file /opt/airflow/dags/dag_03_data_pipeline.py for tasks to queue
[2026-06-16T16:39:55.742+0000] {logging_mixin.py:188} INFO - [2026-06-16T16:39:55.741+0000] {dagbag.py:545} INFO - Filling up the DagBag from /opt/airflow/dags/dag_03_data_pipeline.py
[2026-06-16T16:39:55.751+0000] {processor.py:840} INFO - DAG(s) '03_getting_started_data_pipeline' retrieved from /opt/airflow/dags/dag_03_data_pipeline.py
[2026-06-16T16:39:55.792+0000] {logging_mixin.py:188} INFO - [2026-06-16T16:39:55.792+0000] {dag.py:3089} INFO - Sync 1 DAGs
[2026-06-16T16:39:55.805+0000] {logging_mixin.py:188} INFO - [2026-06-16T16:39:55.804+0000] {dag.py:3947} INFO - Setting next_dagrun for 03_getting_started_data_pipeline to None, run_after=None
[2026-06-16T16:39:55.829+0000] {processor.py:183} INFO - Processing /opt/airflow/dags/dag_03_data_pipeline.py took 0.098 seconds
[2026-06-16T16:40:25.907+0000] {processor.py:161} INFO - Started process (PID=20823) to work on /opt/airflow/dags/dag_03_data_pipeline.py
[2026-06-16T16:40:25.908+0000] {processor.py:830} INFO - Processing file /opt/airflow/dags/dag_03_data_pipeline.py for tasks to queue
[2026-06-16T16:40:25.910+0000] {logging_mixin.py:188} INFO - [2026-06-16T16:40:25.910+0000] {dagbag.py:545} INFO - Filling up the DagBag from /opt/airflow/dags/dag_03_data_pipeline.py
[2026-06-16T16:40:25.920+0000] {processor.py:840} INFO - DAG(s) '03_getting_started_data_pipeline' retrieved from /opt/airflow/dags/dag_03_data_pipeline.py
[2026-06-16T16:40:25.962+0000] {logging_mixin.py:188} INFO - [2026-06-16T16:40:25.962+0000] {dag.py:3089} INFO - Sync 1 DAGs
[2026-06-16T16:40:25.976+0000] {logging_mixin.py:188} INFO - [2026-06-16T16:40:25.976+0000] {dag.py:3947} INFO - Setting next_dagrun for 03_getting_started_data_pipeline to None, run_after=None
[2026-06-16T16:40:26.000+0000] {processor.py:183} INFO - Processing /opt/airflow/dags/dag_03_data_pipeline.py took 0.101 seconds
[2026-06-16T16:40:56.158+0000] {processor.py:161} INFO - Started process (PID=20863) to work on /opt/airflow/dags/dag_03_data_pipeline.py
[2026-06-16T16:40:56.160+0000] {processor.py:830} INFO - Processing file /opt/airflow/dags/dag_03_data_pipeline.py for tasks to queue
[2026-06-16T16:40:56.162+0000] {logging_mixin.py:188} INFO - [2026-06-16T16:40:56.162+0000] {dagbag.py:545} INFO - Filling up the DagBag from /opt/airflow/dags/dag_03_data_pipeline.py
[2026-06-16T16:40:56.172+0000] {processor.py:840} INFO - DAG(s) '03_getting_started_data_pipeline' retrieved from /opt/airflow/dags/dag_03_data_pipeline.py
[2026-06-16T16:40:56.212+0000] {logging_mixin.py:188} INFO - [2026-06-16T16:40:56.212+0000] {dag.py:3089} INFO - Sync 1 DAGs
[2026-06-16T16:40:56.225+0000] {logging_mixin.py:188} INFO - [2026-06-16T16:40:56.225+0000] {dag.py:3947} INFO - Setting next_dagrun for 03_getting_started_data_pipeline to None, run_after=None
[2026-06-16T16:40:56.248+0000] {processor.py:183} INFO - Processing /opt/airflow/dags/dag_03_data_pipeline.py took 0.096 seconds
[2026-06-16T16:41:26.309+0000] {processor.py:161} INFO - Started process (PID=20903) to work on /opt/airflow/dags/dag_03_data_pipeline.py
[2026-06-16T16:41:26.309+0000] {processor.py:830} INFO - Processing file /opt/airflow/dags/dag_03_data_pipeline.py for tasks to queue
[2026-06-16T16:41:26.311+0000] {logging_mixin.py:188} INFO - [2026-06-16T16:41:26.311+0000] {dagbag.py:545} INFO - Filling up the DagBag from /opt/airflow/dags/dag_03_data_pipeline.py
[2026-06-16T16:41:26.322+0000] {processor.py:840} INFO - DAG(s) '03_getting_started_data_pipeline' retrieved from /opt/airflow/dags/dag_03_data_pipeline.py
[2026-06-16T16:41:26.365+0000] {logging_mixin.py:188} INFO - [2026-06-16T16:41:26.365+0000] {dag.py:3089} INFO - Sync 1 DAGs
[2026-06-16T16:41:26.382+0000] {logging_mixin.py:188} INFO - [2026-06-16T16:41:26.382+0000] {dag.py:3947} INFO - Setting next_dagrun for 03_getting_started_data_pipeline to None, run_after=None
[2026-06-16T16:41:26.407+0000] {processor.py:183} INFO - Processing /opt/airflow/dags/dag_03_data_pipeline.py took 0.104 seconds
[2026-06-16T16:41:56.513+0000] {processor.py:161} INFO - Started process (PID=20943) to work on /opt/airflow/dags/dag_03_data_pipeline.py
[2026-06-16T16:41:56.523+0000] {processor.py:830} INFO - Processing file /opt/airflow/dags/dag_03_data_pipeline.py for tasks to queue
[2026-06-16T16:41:56.525+0000] {logging_mixin.py:188} INFO - [2026-06-16T16:41:56.525+0000] {dagbag.py:545} INFO - Filling up the DagBag from /opt/airflow/dags/dag_03_data_pipeline.py
[2026-06-16T16:41:56.535+0000] {processor.py:840} INFO - DAG(s) '03_getting_started_data_pipeline' retrieved from /opt/airflow/dags/dag_03_data_pipeline.py
[2026-06-16T16:41:56.575+0000] {logging_mixin.py:188} INFO - [2026-06-16T16:41:56.575+0000] {dag.py:3089} INFO - Sync 1 DAGs
[2026-06-16T16:41:56.588+0000] {logging_mixin.py:188} INFO - [2026-06-16T16:41:56.588+0000] {dag.py:3947} INFO - Setting next_dagrun for 03_getting_started_data_pipeline to None, run_after=None
[2026-06-16T16:41:56.612+0000] {processor.py:183} INFO - Processing /opt/airflow/dags/dag_03_data_pipeline.py took 0.105 seconds
[2026-06-16T16:42:27.375+0000] {processor.py:161} INFO - Started process (PID=20986) to work on /opt/airflow/dags/dag_03_data_pipeline.py
[2026-06-16T16:42:27.376+0000] {processor.py:830} INFO - Processing file /opt/airflow/dags/dag_03_data_pipeline.py for tasks to queue
[2026-06-16T16:42:27.377+0000] {logging_mixin.py:188} INFO - [2026-06-16T16:42:27.377+0000] {dagbag.py:545} INFO - Filling up the DagBag from /opt/airflow/dags/dag_03_data_pipeline.py
[2026-06-16T16:42:27.388+0000] {processor.py:840} INFO - DAG(s) '03_getting_started_data_pipeline' retrieved from /opt/airflow/dags/dag_03_data_pipeline.py
[2026-06-16T16:42:27.430+0000] {logging_mixin.py:188} INFO - [2026-06-16T16:42:27.430+0000] {dag.py:3089} INFO - Sync 1 DAGs
[2026-06-16T16:42:27.446+0000] {logging_mixin.py:188} INFO - [2026-06-16T16:42:27.445+0000] {dag.py:3947} INFO - Setting next_dagrun for 03_getting_started_data_pipeline to None, run_after=None
[2026-06-16T16:42:27.471+0000] {processor.py:183} INFO - Processing /opt/airflow/dags/dag_03_data_pipeline.py took 0.104 seconds
[2026-06-16T16:42:57.564+0000] {processor.py:161} INFO - Started process (PID=21026) to work on /opt/airflow/dags/dag_03_data_pipeline.py
[2026-06-16T16:42:57.565+0000] {processor.py:830} INFO - Processing file /opt/airflow/dags/dag_03_data_pipeline.py for tasks to queue
[2026-06-16T16:42:57.567+0000] {logging_mixin.py:188} INFO - [2026-06-16T16:42:57.567+0000] {dagbag.py:545} INFO - Filling up the DagBag from /opt/airflow/dags/dag_03_data_pipeline.py
[2026-06-16T16:42:57.577+0000] {processor.py:840} INFO - DAG(s) '03_getting_started_data_pipeline' retrieved from /opt/airflow/dags/dag_03_data_pipeline.py
[2026-06-16T16:42:57.632+0000] {logging_mixin.py:188} INFO - [2026-06-16T16:42:57.632+0000] {dag.py:3089} INFO - Sync 1 DAGs
[2026-06-16T16:42:57.648+0000] {logging_mixin.py:188} INFO - [2026-06-16T16:42:57.648+0000] {dag.py:3947} INFO - Setting next_dagrun for 03_getting_started_data_pipeline to None, run_after=None
[2026-06-16T16:42:57.675+0000] {processor.py:183} INFO - Processing /opt/airflow/dags/dag_03_data_pipeline.py took 0.118 seconds
[2026-06-16T16:43:27.746+0000] {processor.py:161} INFO - Started process (PID=21066) to work on /opt/airflow/dags/dag_03_data_pipeline.py
[2026-06-16T16:43:27.747+0000] {processor.py:830} INFO - Processing file /opt/airflow/dags/dag_03_data_pipeline.py for tasks to queue
[2026-06-16T16:43:27.749+0000] {logging_mixin.py:188} INFO - [2026-06-16T16:43:27.749+0000] {dagbag.py:545} INFO - Filling up the DagBag from /opt/airflow/dags/dag_03_data_pipeline.py
[2026-06-16T16:43:27.761+0000] {processor.py:840} INFO - DAG(s) '03_getting_started_data_pipeline' retrieved from /opt/airflow/dags/dag_03_data_pipeline.py
[2026-06-16T16:43:27.812+0000] {logging_mixin.py:188} INFO - [2026-06-16T16:43:27.812+0000] {dag.py:3089} INFO - Sync 1 DAGs
[2026-06-16T16:43:27.829+0000] {logging_mixin.py:188} INFO - [2026-06-16T16:43:27.829+0000] {dag.py:3947} INFO - Setting next_dagrun for 03_getting_started_data_pipeline to None, run_after=None
[2026-06-16T16:43:27.855+0000] {processor.py:183} INFO - Processing /opt/airflow/dags/dag_03_data_pipeline.py took 0.118 seconds
[2026-06-16T16:43:58.019+0000] {processor.py:161} INFO - Started process (PID=21106) to work on /opt/airflow/dags/dag_03_data_pipeline.py
[2026-06-16T16:43:58.021+0000] {processor.py:830} INFO - Processing file /opt/airflow/dags/dag_03_data_pipeline.py for tasks to queue
[2026-06-16T16:43:58.023+0000] {logging_mixin.py:188} INFO - [2026-06-16T16:43:58.023+0000] {dagbag.py:545} INFO - Filling up the DagBag from /opt/airflow/dags/dag_03_data_pipeline.py
[2026-06-16T16:43:58.040+0000] {processor.py:840} INFO - DAG(s) '03_getting_started_data_pipeline' retrieved from /opt/airflow/dags/dag_03_data_pipeline.py
[2026-06-16T16:43:58.093+0000] {logging_mixin.py:188} INFO - [2026-06-16T16:43:58.093+0000] {dag.py:3089} INFO - Sync 1 DAGs
[2026-06-16T16:43:58.110+0000] {logging_mixin.py:188} INFO - [2026-06-16T16:43:58.110+0000] {dag.py:3947} INFO - Setting next_dagrun for 03_getting_started_data_pipeline to None, run_after=None
[2026-06-16T16:43:58.139+0000] {processor.py:183} INFO - Processing /opt/airflow/dags/dag_03_data_pipeline.py took 0.129 seconds
[2026-06-16T16:44:28.205+0000] {processor.py:161} INFO - Started process (PID=21146) to work on /opt/airflow/dags/dag_03_data_pipeline.py
[2026-06-16T16:44:28.207+0000] {processor.py:830} INFO - Processing file /opt/airflow/dags/dag_03_data_pipeline.py for tasks to queue
[2026-06-16T16:44:28.209+0000] {logging_mixin.py:188} INFO - [2026-06-16T16:44:28.208+0000] {dagbag.py:545} INFO - Filling up the DagBag from /opt/airflow/dags/dag_03_data_pipeline.py
[2026-06-16T16:44:28.218+0000] {processor.py:840} INFO - DAG(s) '03_getting_started_data_pipeline' retrieved from /opt/airflow/dags/dag_03_data_pipeline.py
[2026-06-16T16:44:28.266+0000] {logging_mixin.py:188} INFO - [2026-06-16T16:44:28.266+0000] {dag.py:3089} INFO - Sync 1 DAGs
[2026-06-16T16:44:28.282+0000] {logging_mixin.py:188} INFO - [2026-06-16T16:44:28.281+0000] {dag.py:3947} INFO - Setting next_dagrun for 03_getting_started_data_pipeline to None, run_after=None
[2026-06-16T16:44:28.305+0000] {processor.py:183} INFO - Processing /opt/airflow/dags/dag_03_data_pipeline.py took 0.107 seconds
[2026-06-16T16:44:58.410+0000] {processor.py:161} INFO - Started process (PID=21186) to work on /opt/airflow/dags/dag_03_data_pipeline.py
[2026-06-16T16:44:58.411+0000] {processor.py:830} INFO - Processing file /opt/airflow/dags/dag_03_data_pipeline.py for tasks to queue
[2026-06-16T16:44:58.414+0000] {logging_mixin.py:188} INFO - [2026-06-16T16:44:58.413+0000] {dagbag.py:545} INFO - Filling up the DagBag from /opt/airflow/dags/dag_03_data_pipeline.py
[2026-06-16T16:44:58.426+0000] {processor.py:840} INFO - DAG(s) '03_getting_started_data_pipeline' retrieved from /opt/airflow/dags/dag_03_data_pipeline.py
[2026-06-16T16:44:58.474+0000] {logging_mixin.py:188} INFO - [2026-06-16T16:44:58.474+0000] {dag.py:3089} INFO - Sync 1 DAGs
[2026-06-16T16:44:58.491+0000] {logging_mixin.py:188} INFO - [2026-06-16T16:44:58.491+0000] {dag.py:3947} INFO - Setting next_dagrun for 03_getting_started_data_pipeline to None, run_after=None
[2026-06-16T16:44:58.517+0000] {processor.py:183} INFO - Processing /opt/airflow/dags/dag_03_data_pipeline.py took 0.116 seconds
[2026-06-16T16:45:28.604+0000] {processor.py:161} INFO - Started process (PID=21226) to work on /opt/airflow/dags/dag_03_data_pipeline.py
[2026-06-16T16:45:28.606+0000] {processor.py:830} INFO - Processing file /opt/airflow/dags/dag_03_data_pipeline.py for tasks to queue
[2026-06-16T16:45:28.608+0000] {logging_mixin.py:188} INFO - [2026-06-16T16:45:28.608+0000] {dagbag.py:545} INFO - Filling up the DagBag from /opt/airflow/dags/dag_03_data_pipeline.py
[2026-06-16T16:45:28.621+0000] {processor.py:840} INFO - DAG(s) '03_getting_started_data_pipeline' retrieved from /opt/airflow/dags/dag_03_data_pipeline.py
[2026-06-16T16:45:28.667+0000] {logging_mixin.py:188} INFO - [2026-06-16T16:45:28.666+0000] {dag.py:3089} INFO - Sync 1 DAGs
[2026-06-16T16:45:28.684+0000] {logging_mixin.py:188} INFO - [2026-06-16T16:45:28.683+0000] {dag.py:3947} INFO - Setting next_dagrun for 03_getting_started_data_pipeline to None, run_after=None
[2026-06-16T16:45:28.709+0000] {processor.py:183} INFO - Processing /opt/airflow/dags/dag_03_data_pipeline.py took 0.113 seconds
[2026-06-16T16:45:58.808+0000] {processor.py:161} INFO - Started process (PID=21266) to work on /opt/airflow/dags/dag_03_data_pipeline.py
[2026-06-16T16:45:58.810+0000] {processor.py:830} INFO - Processing file /opt/airflow/dags/dag_03_data_pipeline.py for tasks to queue
[2026-06-16T16:45:58.812+0000] {logging_mixin.py:188} INFO - [2026-06-16T16:45:58.811+0000] {dagbag.py:545} INFO - Filling up the DagBag from /opt/airflow/dags/dag_03_data_pipeline.py
[2026-06-16T16:45:58.822+0000] {processor.py:840} INFO - DAG(s) '03_getting_started_data_pipeline' retrieved from /opt/airflow/dags/dag_03_data_pipeline.py
[2026-06-16T16:45:58.867+0000] {logging_mixin.py:188} INFO - [2026-06-16T16:45:58.866+0000] {dag.py:3089} INFO - Sync 1 DAGs
[2026-06-16T16:45:58.882+0000] {logging_mixin.py:188} INFO - [2026-06-16T16:45:58.882+0000] {dag.py:3947} INFO - Setting next_dagrun for 03_getting_started_data_pipeline to None, run_after=None
[2026-06-16T16:45:58.907+0000] {processor.py:183} INFO - Processing /opt/airflow/dags/dag_03_data_pipeline.py took 0.107 seconds
[2026-06-16T16:46:28.997+0000] {processor.py:161} INFO - Started process (PID=21306) to work on /opt/airflow/dags/dag_03_data_pipeline.py
[2026-06-16T16:46:28.998+0000] {processor.py:830} INFO - Processing file /opt/airflow/dags/dag_03_data_pipeline.py for tasks to queue
[2026-06-16T16:46:29.000+0000] {logging_mixin.py:188} INFO - [2026-06-16T16:46:29.000+0000] {dagbag.py:545} INFO - Filling up the DagBag from /opt/airflow/dags/dag_03_data_pipeline.py
[2026-06-16T16:46:29.010+0000] {processor.py:840} INFO - DAG(s) '03_getting_started_data_pipeline' retrieved from /opt/airflow/dags/dag_03_data_pipeline.py
[2026-06-16T16:46:29.055+0000] {logging_mixin.py:188} INFO - [2026-06-16T16:46:29.055+0000] {dag.py:3089} INFO - Sync 1 DAGs
[2026-06-16T16:46:29.069+0000] {logging_mixin.py:188} INFO - [2026-06-16T16:46:29.069+0000] {dag.py:3947} INFO - Setting next_dagrun for 03_getting_started_data_pipeline to None, run_after=None
[2026-06-16T16:46:29.094+0000] {processor.py:183} INFO - Processing /opt/airflow/dags/dag_03_data_pipeline.py took 0.104 seconds
[2026-06-16T16:47:00.085+0000] {processor.py:161} INFO - Started process (PID=21346) to work on /opt/airflow/dags/dag_03_data_pipeline.py
[2026-06-16T16:47:00.086+0000] {processor.py:830} INFO - Processing file /opt/airflow/dags/dag_03_data_pipeline.py for tasks to queue
[2026-06-16T16:47:00.088+0000] {logging_mixin.py:188} INFO - [2026-06-16T16:47:00.088+0000] {dagbag.py:545} INFO - Filling up the DagBag from /opt/airflow/dags/dag_03_data_pipeline.py
[2026-06-16T16:47:00.099+0000] {processor.py:840} INFO - DAG(s) '03_getting_started_data_pipeline' retrieved from /opt/airflow/dags/dag_03_data_pipeline.py
[2026-06-16T16:47:00.155+0000] {logging_mixin.py:188} INFO - [2026-06-16T16:47:00.155+0000] {dag.py:3089} INFO - Sync 1 DAGs
[2026-06-16T16:47:00.171+0000] {logging_mixin.py:188} INFO - [2026-06-16T16:47:00.171+0000] {dag.py:3947} INFO - Setting next_dagrun for 03_getting_started_data_pipeline to None, run_after=None
[2026-06-16T16:47:00.196+0000] {processor.py:183} INFO - Processing /opt/airflow/dags/dag_03_data_pipeline.py took 0.124 seconds
[2026-06-16T16:47:30.340+0000] {processor.py:161} INFO - Started process (PID=21386) to work on /opt/airflow/dags/dag_03_data_pipeline.py
[2026-06-16T16:47:30.341+0000] {processor.py:830} INFO - Processing file /opt/airflow/dags/dag_03_data_pipeline.py for tasks to queue
[2026-06-16T16:47:30.343+0000] {logging_mixin.py:188} INFO - [2026-06-16T16:47:30.343+0000] {dagbag.py:545} INFO - Filling up the DagBag from /opt/airflow/dags/dag_03_data_pipeline.py
[2026-06-16T16:47:30.354+0000] {processor.py:840} INFO - DAG(s) '03_getting_started_data_pipeline' retrieved from /opt/airflow/dags/dag_03_data_pipeline.py
[2026-06-16T16:47:30.401+0000] {logging_mixin.py:188} INFO - [2026-06-16T16:47:30.400+0000] {dag.py:3089} INFO - Sync 1 DAGs
[2026-06-16T16:47:30.420+0000] {logging_mixin.py:188} INFO - [2026-06-16T16:47:30.420+0000] {dag.py:3947} INFO - Setting next_dagrun for 03_getting_started_data_pipeline to None, run_after=None
[2026-06-16T16:47:30.445+0000] {processor.py:183} INFO - Processing /opt/airflow/dags/dag_03_data_pipeline.py took 0.112 seconds
[2026-06-16T16:48:00.563+0000] {processor.py:161} INFO - Started process (PID=21426) to work on /opt/airflow/dags/dag_03_data_pipeline.py
[2026-06-16T16:48:00.564+0000] {processor.py:830} INFO - Processing file /opt/airflow/dags/dag_03_data_pipeline.py for tasks to queue
[2026-06-16T16:48:00.567+0000] {logging_mixin.py:188} INFO - [2026-06-16T16:48:00.566+0000] {dagbag.py:545} INFO - Filling up the DagBag from /opt/airflow/dags/dag_03_data_pipeline.py
[2026-06-16T16:48:00.580+0000] {processor.py:840} INFO - DAG(s) '03_getting_started_data_pipeline' retrieved from /opt/airflow/dags/dag_03_data_pipeline.py
[2026-06-16T16:48:00.633+0000] {logging_mixin.py:188} INFO - [2026-06-16T16:48:00.633+0000] {dag.py:3089} INFO - Sync 1 DAGs
[2026-06-16T16:48:00.651+0000] {logging_mixin.py:188} INFO - [2026-06-16T16:48:00.651+0000] {dag.py:3947} INFO - Setting next_dagrun for 03_getting_started_data_pipeline to None, run_after=None
[2026-06-16T16:48:00.676+0000] {processor.py:183} INFO - Processing /opt/airflow/dags/dag_03_data_pipeline.py took 0.124 seconds
[2026-06-16T16:48:30.739+0000] {processor.py:161} INFO - Started process (PID=21466) to work on /opt/airflow/dags/dag_03_data_pipeline.py
[2026-06-16T16:48:30.740+0000] {processor.py:830} INFO - Processing file /opt/airflow/dags/dag_03_data_pipeline.py for tasks to queue
[2026-06-16T16:48:30.742+0000] {logging_mixin.py:188} INFO - [2026-06-16T16:48:30.742+0000] {dagbag.py:545} INFO - Filling up the DagBag from /opt/airflow/dags/dag_03_data_pipeline.py
[2026-06-16T16:48:30.752+0000] {processor.py:840} INFO - DAG(s) '03_getting_started_data_pipeline' retrieved from /opt/airflow/dags/dag_03_data_pipeline.py
[2026-06-16T16:48:30.819+0000] {logging_mixin.py:188} INFO - [2026-06-16T16:48:30.818+0000] {dag.py:3089} INFO - Sync 1 DAGs
[2026-06-16T16:48:30.835+0000] {logging_mixin.py:188} INFO - [2026-06-16T16:48:30.835+0000] {dag.py:3947} INFO - Setting next_dagrun for 03_getting_started_data_pipeline to None, run_after=None
[2026-06-16T16:48:30.867+0000] {processor.py:183} INFO - Processing /opt/airflow/dags/dag_03_data_pipeline.py took 0.136 seconds
[2026-06-16T16:49:00.930+0000] {processor.py:161} INFO - Started process (PID=21506) to work on /opt/airflow/dags/dag_03_data_pipeline.py
[2026-06-16T16:49:00.932+0000] {processor.py:830} INFO - Processing file /opt/airflow/dags/dag_03_data_pipeline.py for tasks to queue
[2026-06-16T16:49:00.935+0000] {logging_mixin.py:188} INFO - [2026-06-16T16:49:00.934+0000] {dagbag.py:545} INFO - Filling up the DagBag from /opt/airflow/dags/dag_03_data_pipeline.py
[2026-06-16T16:49:00.947+0000] {processor.py:840} INFO - DAG(s) '03_getting_started_data_pipeline' retrieved from /opt/airflow/dags/dag_03_data_pipeline.py
[2026-06-16T16:49:00.994+0000] {logging_mixin.py:188} INFO - [2026-06-16T16:49:00.994+0000] {dag.py:3089} INFO - Sync 1 DAGs
[2026-06-16T16:49:01.014+0000] {logging_mixin.py:188} INFO - [2026-06-16T16:49:01.014+0000] {dag.py:3947} INFO - Setting next_dagrun for 03_getting_started_data_pipeline to None, run_after=None
[2026-06-16T16:49:01.042+0000] {processor.py:183} INFO - Processing /opt/airflow/dags/dag_03_data_pipeline.py took 0.120 seconds
[2026-06-16T16:49:31.968+0000] {processor.py:161} INFO - Started process (PID=21546) to work on /opt/airflow/dags/dag_03_data_pipeline.py
[2026-06-16T16:49:31.969+0000] {processor.py:830} INFO - Processing file /opt/airflow/dags/dag_03_data_pipeline.py for tasks to queue
[2026-06-16T16:49:31.972+0000] {logging_mixin.py:188} INFO - [2026-06-16T16:49:31.971+0000] {dagbag.py:545} INFO - Filling up the DagBag from /opt/airflow/dags/dag_03_data_pipeline.py
[2026-06-16T16:49:31.987+0000] {processor.py:840} INFO - DAG(s) '03_getting_started_data_pipeline' retrieved from /opt/airflow/dags/dag_03_data_pipeline.py
[2026-06-16T16:49:32.030+0000] {logging_mixin.py:188} INFO - [2026-06-16T16:49:32.029+0000] {dag.py:3089} INFO - Sync 1 DAGs
[2026-06-16T16:49:32.046+0000] {logging_mixin.py:188} INFO - [2026-06-16T16:49:32.046+0000] {dag.py:3947} INFO - Setting next_dagrun for 03_getting_started_data_pipeline to None, run_after=None
[2026-06-16T16:49:32.070+0000] {processor.py:183} INFO - Processing /opt/airflow/dags/dag_03_data_pipeline.py took 0.111 seconds
[2026-06-16T16:50:02.964+0000] {processor.py:161} INFO - Started process (PID=21586) to work on /opt/airflow/dags/dag_03_data_pipeline.py
[2026-06-16T16:50:02.966+0000] {processor.py:830} INFO - Processing file /opt/airflow/dags/dag_03_data_pipeline.py for tasks to queue
[2026-06-16T16:50:02.968+0000] {logging_mixin.py:188} INFO - [2026-06-16T16:50:02.967+0000] {dagbag.py:545} INFO - Filling up the DagBag from /opt/airflow/dags/dag_03_data_pipeline.py
[2026-06-16T16:50:02.980+0000] {processor.py:840} INFO - DAG(s) '03_getting_started_data_pipeline' retrieved from /opt/airflow/dags/dag_03_data_pipeline.py
[2026-06-16T16:50:03.031+0000] {logging_mixin.py:188} INFO - [2026-06-16T16:50:03.031+0000] {dag.py:3089} INFO - Sync 1 DAGs
[2026-06-16T16:50:03.047+0000] {logging_mixin.py:188} INFO - [2026-06-16T16:50:03.047+0000] {dag.py:3947} INFO - Setting next_dagrun for 03_getting_started_data_pipeline to None, run_after=None
[2026-06-16T16:50:03.072+0000] {processor.py:183} INFO - Processing /opt/airflow/dags/dag_03_data_pipeline.py took 0.116 seconds
[2026-06-16T16:50:33.935+0000] {processor.py:161} INFO - Started process (PID=21626) to work on /opt/airflow/dags/dag_03_data_pipeline.py
[2026-06-16T16:50:33.936+0000] {processor.py:830} INFO - Processing file /opt/airflow/dags/dag_03_data_pipeline.py for tasks to queue
[2026-06-16T16:50:33.939+0000] {logging_mixin.py:188} INFO - [2026-06-16T16:50:33.938+0000] {dagbag.py:545} INFO - Filling up the DagBag from /opt/airflow/dags/dag_03_data_pipeline.py
[2026-06-16T16:50:33.953+0000] {processor.py:840} INFO - DAG(s) '03_getting_started_data_pipeline' retrieved from /opt/airflow/dags/dag_03_data_pipeline.py
[2026-06-16T16:50:34.000+0000] {logging_mixin.py:188} INFO - [2026-06-16T16:50:33.999+0000] {dag.py:3089} INFO - Sync 1 DAGs
[2026-06-16T16:50:34.017+0000] {logging_mixin.py:188} INFO - [2026-06-16T16:50:34.017+0000] {dag.py:3947} INFO - Setting next_dagrun for 03_getting_started_data_pipeline to None, run_after=None
[2026-06-16T16:50:34.042+0000] {processor.py:183} INFO - Processing /opt/airflow/dags/dag_03_data_pipeline.py took 0.115 seconds
[2026-06-16T16:51:05.055+0000] {processor.py:161} INFO - Started process (PID=21666) to work on /opt/airflow/dags/dag_03_data_pipeline.py
[2026-06-16T16:51:05.056+0000] {processor.py:830} INFO - Processing file /opt/airflow/dags/dag_03_data_pipeline.py for tasks to queue
[2026-06-16T16:51:05.059+0000] {logging_mixin.py:188} INFO - [2026-06-16T16:51:05.058+0000] {dagbag.py:545} INFO - Filling up the DagBag from /opt/airflow/dags/dag_03_data_pipeline.py
[2026-06-16T16:51:05.070+0000] {processor.py:840} INFO - DAG(s) '03_getting_started_data_pipeline' retrieved from /opt/airflow/dags/dag_03_data_pipeline.py
[2026-06-16T16:51:05.119+0000] {logging_mixin.py:188} INFO - [2026-06-16T16:51:05.118+0000] {dag.py:3089} INFO - Sync 1 DAGs
[2026-06-16T16:51:05.134+0000] {logging_mixin.py:188} INFO - [2026-06-16T16:51:05.134+0000] {dag.py:3947} INFO - Setting next_dagrun for 03_getting_started_data_pipeline to None, run_after=None
[2026-06-16T16:51:05.161+0000] {processor.py:183} INFO - Processing /opt/airflow/dags/dag_03_data_pipeline.py took 0.114 seconds
[2026-06-16T16:51:36.120+0000] {processor.py:161} INFO - Started process (PID=21706) to work on /opt/airflow/dags/dag_03_data_pipeline.py
[2026-06-16T16:51:36.121+0000] {processor.py:830} INFO - Processing file /opt/airflow/dags/dag_03_data_pipeline.py for tasks to queue
[2026-06-16T16:51:36.124+0000] {logging_mixin.py:188} INFO - [2026-06-16T16:51:36.123+0000] {dagbag.py:545} INFO - Filling up the DagBag from /opt/airflow/dags/dag_03_data_pipeline.py
[2026-06-16T16:51:36.137+0000] {processor.py:840} INFO - DAG(s) '03_getting_started_data_pipeline' retrieved from /opt/airflow/dags/dag_03_data_pipeline.py
[2026-06-16T16:51:36.185+0000] {logging_mixin.py:188} INFO - [2026-06-16T16:51:36.185+0000] {dag.py:3089} INFO - Sync 1 DAGs
[2026-06-16T16:51:36.203+0000] {logging_mixin.py:188} INFO - [2026-06-16T16:51:36.202+0000] {dag.py:3947} INFO - Setting next_dagrun for 03_getting_started_data_pipeline to None, run_after=None
[2026-06-16T16:51:36.228+0000] {processor.py:183} INFO - Processing /opt/airflow/dags/dag_03_data_pipeline.py took 0.116 seconds
[2026-06-16T16:52:06.987+0000] {processor.py:161} INFO - Started process (PID=21746) to work on /opt/airflow/dags/dag_03_data_pipeline.py
[2026-06-16T16:52:06.989+0000] {processor.py:830} INFO - Processing file /opt/airflow/dags/dag_03_data_pipeline.py for tasks to queue
[2026-06-16T16:52:06.991+0000] {logging_mixin.py:188} INFO - [2026-06-16T16:52:06.990+0000] {dagbag.py:545} INFO - Filling up the DagBag from /opt/airflow/dags/dag_03_data_pipeline.py
[2026-06-16T16:52:07.003+0000] {processor.py:840} INFO - DAG(s) '03_getting_started_data_pipeline' retrieved from /opt/airflow/dags/dag_03_data_pipeline.py
[2026-06-16T16:52:07.051+0000] {logging_mixin.py:188} INFO - [2026-06-16T16:52:07.051+0000] {dag.py:3089} INFO - Sync 1 DAGs
[2026-06-16T16:52:07.072+0000] {logging_mixin.py:188} INFO - [2026-06-16T16:52:07.072+0000] {dag.py:3947} INFO - Setting next_dagrun for 03_getting_started_data_pipeline to None, run_after=None
[2026-06-16T16:52:07.101+0000] {processor.py:183} INFO - Processing /opt/airflow/dags/dag_03_data_pipeline.py took 0.123 seconds
[2026-06-16T16:52:38.122+0000] {processor.py:161} INFO - Started process (PID=21786) to work on /opt/airflow/dags/dag_03_data_pipeline.py
[2026-06-16T16:52:38.123+0000] {processor.py:830} INFO - Processing file /opt/airflow/dags/dag_03_data_pipeline.py for tasks to queue
[2026-06-16T16:52:38.125+0000] {logging_mixin.py:188} INFO - [2026-06-16T16:52:38.125+0000] {dagbag.py:545} INFO - Filling up the DagBag from /opt/airflow/dags/dag_03_data_pipeline.py
[2026-06-16T16:52:38.137+0000] {processor.py:840} INFO - DAG(s) '03_getting_started_data_pipeline' retrieved from /opt/airflow/dags/dag_03_data_pipeline.py
[2026-06-16T16:52:38.185+0000] {logging_mixin.py:188} INFO - [2026-06-16T16:52:38.185+0000] {dag.py:3089} INFO - Sync 1 DAGs
[2026-06-16T16:52:38.203+0000] {logging_mixin.py:188} INFO - [2026-06-16T16:52:38.202+0000] {dag.py:3947} INFO - Setting next_dagrun for 03_getting_started_data_pipeline to None, run_after=None
[2026-06-16T16:52:38.229+0000] {processor.py:183} INFO - Processing /opt/airflow/dags/dag_03_data_pipeline.py took 0.116 seconds
[2026-06-16T16:53:09.062+0000] {processor.py:161} INFO - Started process (PID=21826) to work on /opt/airflow/dags/dag_03_data_pipeline.py
[2026-06-16T16:53:09.063+0000] {processor.py:830} INFO - Processing file /opt/airflow/dags/dag_03_data_pipeline.py for tasks to queue
[2026-06-16T16:53:09.065+0000] {logging_mixin.py:188} INFO - [2026-06-16T16:53:09.065+0000] {dagbag.py:545} INFO - Filling up the DagBag from /opt/airflow/dags/dag_03_data_pipeline.py
[2026-06-16T16:53:09.076+0000] {processor.py:840} INFO - DAG(s) '03_getting_started_data_pipeline' retrieved from /opt/airflow/dags/dag_03_data_pipeline.py
[2026-06-16T16:53:09.124+0000] {logging_mixin.py:188} INFO - [2026-06-16T16:53:09.123+0000] {dag.py:3089} INFO - Sync 1 DAGs
[2026-06-16T16:53:09.141+0000] {logging_mixin.py:188} INFO - [2026-06-16T16:53:09.140+0000] {dag.py:3947} INFO - Setting next_dagrun for 03_getting_started_data_pipeline to None, run_after=None
[2026-06-16T16:53:09.168+0000] {processor.py:183} INFO - Processing /opt/airflow/dags/dag_03_data_pipeline.py took 0.114 seconds
[2026-06-16T16:53:40.048+0000] {processor.py:161} INFO - Started process (PID=21866) to work on /opt/airflow/dags/dag_03_data_pipeline.py
[2026-06-16T16:53:40.050+0000] {processor.py:830} INFO - Processing file /opt/airflow/dags/dag_03_data_pipeline.py for tasks to queue
[2026-06-16T16:53:40.052+0000] {logging_mixin.py:188} INFO - [2026-06-16T16:53:40.052+0000] {dagbag.py:545} INFO - Filling up the DagBag from /opt/airflow/dags/dag_03_data_pipeline.py
[2026-06-16T16:53:40.062+0000] {processor.py:840} INFO - DAG(s) '03_getting_started_data_pipeline' retrieved from /opt/airflow/dags/dag_03_data_pipeline.py
[2026-06-16T16:53:40.107+0000] {logging_mixin.py:188} INFO - [2026-06-16T16:53:40.107+0000] {dag.py:3089} INFO - Sync 1 DAGs
[2026-06-16T16:53:40.123+0000] {logging_mixin.py:188} INFO - [2026-06-16T16:53:40.123+0000] {dag.py:3947} INFO - Setting next_dagrun for 03_getting_started_data_pipeline to None, run_after=None
[2026-06-16T16:53:40.147+0000] {processor.py:183} INFO - Processing /opt/airflow/dags/dag_03_data_pipeline.py took 0.106 seconds
[2026-06-16T16:54:11.142+0000] {processor.py:161} INFO - Started process (PID=21906) to work on /opt/airflow/dags/dag_03_data_pipeline.py
[2026-06-16T16:54:11.143+0000] {processor.py:830} INFO - Processing file /opt/airflow/dags/dag_03_data_pipeline.py for tasks to queue
[2026-06-16T16:54:11.145+0000] {logging_mixin.py:188} INFO - [2026-06-16T16:54:11.145+0000] {dagbag.py:545} INFO - Filling up the DagBag from /opt/airflow/dags/dag_03_data_pipeline.py
[2026-06-16T16:54:11.159+0000] {processor.py:840} INFO - DAG(s) '03_getting_started_data_pipeline' retrieved from /opt/airflow/dags/dag_03_data_pipeline.py
[2026-06-16T16:54:11.211+0000] {logging_mixin.py:188} INFO - [2026-06-16T16:54:11.211+0000] {dag.py:3089} INFO - Sync 1 DAGs
[2026-06-16T16:54:11.232+0000] {logging_mixin.py:188} INFO - [2026-06-16T16:54:11.232+0000] {dag.py:3947} INFO - Setting next_dagrun for 03_getting_started_data_pipeline to None, run_after=None
[2026-06-16T16:54:11.257+0000] {processor.py:183} INFO - Processing /opt/airflow/dags/dag_03_data_pipeline.py took 0.123 seconds
[2026-06-16T16:54:42.144+0000] {processor.py:161} INFO - Started process (PID=21946) to work on /opt/airflow/dags/dag_03_data_pipeline.py
[2026-06-16T16:54:42.146+0000] {processor.py:830} INFO - Processing file /opt/airflow/dags/dag_03_data_pipeline.py for tasks to queue
[2026-06-16T16:54:42.149+0000] {logging_mixin.py:188} INFO - [2026-06-16T16:54:42.148+0000] {dagbag.py:545} INFO - Filling up the DagBag from /opt/airflow/dags/dag_03_data_pipeline.py
[2026-06-16T16:54:42.160+0000] {processor.py:840} INFO - DAG(s) '03_getting_started_data_pipeline' retrieved from /opt/airflow/dags/dag_03_data_pipeline.py
[2026-06-16T16:54:42.208+0000] {logging_mixin.py:188} INFO - [2026-06-16T16:54:42.207+0000] {dag.py:3089} INFO - Sync 1 DAGs
[2026-06-16T16:54:42.230+0000] {logging_mixin.py:188} INFO - [2026-06-16T16:54:42.230+0000] {dag.py:3947} INFO - Setting next_dagrun for 03_getting_started_data_pipeline to None, run_after=None
[2026-06-16T16:54:42.254+0000] {processor.py:183} INFO - Processing /opt/airflow/dags/dag_03_data_pipeline.py took 0.122 seconds
[2026-06-16T16:55:13.134+0000] {processor.py:161} INFO - Started process (PID=21986) to work on /opt/airflow/dags/dag_03_data_pipeline.py
[2026-06-16T16:55:13.135+0000] {processor.py:830} INFO - Processing file /opt/airflow/dags/dag_03_data_pipeline.py for tasks to queue
[2026-06-16T16:55:13.138+0000] {logging_mixin.py:188} INFO - [2026-06-16T16:55:13.137+0000] {dagbag.py:545} INFO - Filling up the DagBag from /opt/airflow/dags/dag_03_data_pipeline.py
[2026-06-16T16:55:13.150+0000] {processor.py:840} INFO - DAG(s) '03_getting_started_data_pipeline' retrieved from /opt/airflow/dags/dag_03_data_pipeline.py
[2026-06-16T16:55:13.198+0000] {logging_mixin.py:188} INFO - [2026-06-16T16:55:13.197+0000] {dag.py:3089} INFO - Sync 1 DAGs
[2026-06-16T16:55:13.216+0000] {logging_mixin.py:188} INFO - [2026-06-16T16:55:13.215+0000] {dag.py:3947} INFO - Setting next_dagrun for 03_getting_started_data_pipeline to None, run_after=None
[2026-06-16T16:55:13.240+0000] {processor.py:183} INFO - Processing /opt/airflow/dags/dag_03_data_pipeline.py took 0.115 seconds
[2026-06-16T16:55:44.275+0000] {processor.py:161} INFO - Started process (PID=22026) to work on /opt/airflow/dags/dag_03_data_pipeline.py
[2026-06-16T16:55:44.278+0000] {processor.py:830} INFO - Processing file /opt/airflow/dags/dag_03_data_pipeline.py for tasks to queue
[2026-06-16T16:55:44.280+0000] {logging_mixin.py:188} INFO - [2026-06-16T16:55:44.280+0000] {dagbag.py:545} INFO - Filling up the DagBag from /opt/airflow/dags/dag_03_data_pipeline.py
[2026-06-16T16:55:44.293+0000] {processor.py:840} INFO - DAG(s) '03_getting_started_data_pipeline' retrieved from /opt/airflow/dags/dag_03_data_pipeline.py
[2026-06-16T16:55:44.359+0000] {logging_mixin.py:188} INFO - [2026-06-16T16:55:44.359+0000] {dag.py:3089} INFO - Sync 1 DAGs
[2026-06-16T16:55:44.380+0000] {logging_mixin.py:188} INFO - [2026-06-16T16:55:44.379+0000] {dag.py:3947} INFO - Setting next_dagrun for 03_getting_started_data_pipeline to None, run_after=None
[2026-06-16T16:55:44.415+0000] {processor.py:183} INFO - Processing /opt/airflow/dags/dag_03_data_pipeline.py took 0.149 seconds
[2026-06-16T16:56:15.388+0000] {processor.py:161} INFO - Started process (PID=22066) to work on /opt/airflow/dags/dag_03_data_pipeline.py
[2026-06-16T16:56:15.390+0000] {processor.py:830} INFO - Processing file /opt/airflow/dags/dag_03_data_pipeline.py for tasks to queue
[2026-06-16T16:56:15.392+0000] {logging_mixin.py:188} INFO - [2026-06-16T16:56:15.392+0000] {dagbag.py:545} INFO - Filling up the DagBag from /opt/airflow/dags/dag_03_data_pipeline.py
[2026-06-16T16:56:15.404+0000] {processor.py:840} INFO - DAG(s) '03_getting_started_data_pipeline' retrieved from /opt/airflow/dags/dag_03_data_pipeline.py
[2026-06-16T16:56:15.450+0000] {logging_mixin.py:188} INFO - [2026-06-16T16:56:15.450+0000] {dag.py:3089} INFO - Sync 1 DAGs
[2026-06-16T16:56:15.464+0000] {logging_mixin.py:188} INFO - [2026-06-16T16:56:15.464+0000] {dag.py:3947} INFO - Setting next_dagrun for 03_getting_started_data_pipeline to None, run_after=None
[2026-06-16T16:56:15.491+0000] {processor.py:183} INFO - Processing /opt/airflow/dags/dag_03_data_pipeline.py took 0.111 seconds
[2026-06-16T16:56:46.452+0000] {processor.py:161} INFO - Started process (PID=22106) to work on /opt/airflow/dags/dag_03_data_pipeline.py
[2026-06-16T16:56:46.453+0000] {processor.py:830} INFO - Processing file /opt/airflow/dags/dag_03_data_pipeline.py for tasks to queue
[2026-06-16T16:56:46.455+0000] {logging_mixin.py:188} INFO - [2026-06-16T16:56:46.454+0000] {dagbag.py:545} INFO - Filling up the DagBag from /opt/airflow/dags/dag_03_data_pipeline.py
[2026-06-16T16:56:46.465+0000] {processor.py:840} INFO - DAG(s) '03_getting_started_data_pipeline' retrieved from /opt/airflow/dags/dag_03_data_pipeline.py
[2026-06-16T16:56:46.512+0000] {logging_mixin.py:188} INFO - [2026-06-16T16:56:46.511+0000] {dag.py:3089} INFO - Sync 1 DAGs
[2026-06-16T16:56:46.546+0000] {logging_mixin.py:188} INFO - [2026-06-16T16:56:46.546+0000] {dag.py:3947} INFO - Setting next_dagrun for 03_getting_started_data_pipeline to None, run_after=None
[2026-06-16T16:56:46.632+0000] {processor.py:183} INFO - Processing /opt/airflow/dags/dag_03_data_pipeline.py took 0.188 seconds
[2026-06-16T16:57:17.640+0000] {processor.py:161} INFO - Started process (PID=22146) to work on /opt/airflow/dags/dag_03_data_pipeline.py
[2026-06-16T16:57:17.641+0000] {processor.py:830} INFO - Processing file /opt/airflow/dags/dag_03_data_pipeline.py for tasks to queue
[2026-06-16T16:57:17.643+0000] {logging_mixin.py:188} INFO - [2026-06-16T16:57:17.643+0000] {dagbag.py:545} INFO - Filling up the DagBag from /opt/airflow/dags/dag_03_data_pipeline.py
[2026-06-16T16:57:17.656+0000] {processor.py:840} INFO - DAG(s) '03_getting_started_data_pipeline' retrieved from /opt/airflow/dags/dag_03_data_pipeline.py
[2026-06-16T16:57:17.715+0000] {logging_mixin.py:188} INFO - [2026-06-16T16:57:17.715+0000] {dag.py:3089} INFO - Sync 1 DAGs
[2026-06-16T16:57:17.743+0000] {logging_mixin.py:188} INFO - [2026-06-16T16:57:17.743+0000] {dag.py:3947} INFO - Setting next_dagrun for 03_getting_started_data_pipeline to None, run_after=None
[2026-06-16T16:57:17.775+0000] {processor.py:183} INFO - Processing /opt/airflow/dags/dag_03_data_pipeline.py took 0.144 seconds
[2026-06-16T16:57:48.771+0000] {processor.py:161} INFO - Started process (PID=22186) to work on /opt/airflow/dags/dag_03_data_pipeline.py
[2026-06-16T16:57:48.772+0000] {processor.py:830} INFO - Processing file /opt/airflow/dags/dag_03_data_pipeline.py for tasks to queue
[2026-06-16T16:57:48.774+0000] {logging_mixin.py:188} INFO - [2026-06-16T16:57:48.774+0000] {dagbag.py:545} INFO - Filling up the DagBag from /opt/airflow/dags/dag_03_data_pipeline.py
[2026-06-16T16:57:48.788+0000] {processor.py:840} INFO - DAG(s) '03_getting_started_data_pipeline' retrieved from /opt/airflow/dags/dag_03_data_pipeline.py
[2026-06-16T16:57:48.835+0000] {logging_mixin.py:188} INFO - [2026-06-16T16:57:48.834+0000] {dag.py:3089} INFO - Sync 1 DAGs
[2026-06-16T16:57:48.851+0000] {logging_mixin.py:188} INFO - [2026-06-16T16:57:48.851+0000] {dag.py:3947} INFO - Setting next_dagrun for 03_getting_started_data_pipeline to None, run_after=None
[2026-06-16T16:57:48.876+0000] {processor.py:183} INFO - Processing /opt/airflow/dags/dag_03_data_pipeline.py took 0.113 seconds
[2026-06-16T16:58:19.871+0000] {processor.py:161} INFO - Started process (PID=22226) to work on /opt/airflow/dags/dag_03_data_pipeline.py
[2026-06-16T16:58:19.873+0000] {processor.py:830} INFO - Processing file /opt/airflow/dags/dag_03_data_pipeline.py for tasks to queue
[2026-06-16T16:58:19.875+0000] {logging_mixin.py:188} INFO - [2026-06-16T16:58:19.874+0000] {dagbag.py:545} INFO - Filling up the DagBag from /opt/airflow/dags/dag_03_data_pipeline.py
[2026-06-16T16:58:19.885+0000] {processor.py:840} INFO - DAG(s) '03_getting_started_data_pipeline' retrieved from /opt/airflow/dags/dag_03_data_pipeline.py
[2026-06-16T16:58:19.938+0000] {logging_mixin.py:188} INFO - [2026-06-16T16:58:19.938+0000] {dag.py:3089} INFO - Sync 1 DAGs
[2026-06-16T16:58:19.956+0000] {logging_mixin.py:188} INFO - [2026-06-16T16:58:19.955+0000] {dag.py:3947} INFO - Setting next_dagrun for 03_getting_started_data_pipeline to None, run_after=None
[2026-06-16T16:58:19.980+0000] {processor.py:183} INFO - Processing /opt/airflow/dags/dag_03_data_pipeline.py took 0.116 seconds
[2026-06-16T16:58:50.975+0000] {processor.py:161} INFO - Started process (PID=22266) to work on /opt/airflow/dags/dag_03_data_pipeline.py
[2026-06-16T16:58:50.976+0000] {processor.py:830} INFO - Processing file /opt/airflow/dags/dag_03_data_pipeline.py for tasks to queue
[2026-06-16T16:58:50.979+0000] {logging_mixin.py:188} INFO - [2026-06-16T16:58:50.978+0000] {dagbag.py:545} INFO - Filling up the DagBag from /opt/airflow/dags/dag_03_data_pipeline.py
[2026-06-16T16:58:50.991+0000] {processor.py:840} INFO - DAG(s) '03_getting_started_data_pipeline' retrieved from /opt/airflow/dags/dag_03_data_pipeline.py
[2026-06-16T16:58:51.039+0000] {logging_mixin.py:188} INFO - [2026-06-16T16:58:51.039+0000] {dag.py:3089} INFO - Sync 1 DAGs
[2026-06-16T16:58:51.058+0000] {logging_mixin.py:188} INFO - [2026-06-16T16:58:51.058+0000] {dag.py:3947} INFO - Setting next_dagrun for 03_getting_started_data_pipeline to None, run_after=None
[2026-06-16T16:58:51.086+0000] {processor.py:183} INFO - Processing /opt/airflow/dags/dag_03_data_pipeline.py took 0.120 seconds
[2026-06-16T16:59:22.054+0000] {processor.py:161} INFO - Started process (PID=22306) to work on /opt/airflow/dags/dag_03_data_pipeline.py
[2026-06-16T16:59:22.055+0000] {processor.py:830} INFO - Processing file /opt/airflow/dags/dag_03_data_pipeline.py for tasks to queue
[2026-06-16T16:59:22.057+0000] {logging_mixin.py:188} INFO - [2026-06-16T16:59:22.057+0000] {dagbag.py:545} INFO - Filling up the DagBag from /opt/airflow/dags/dag_03_data_pipeline.py
[2026-06-16T16:59:22.069+0000] {processor.py:840} INFO - DAG(s) '03_getting_started_data_pipeline' retrieved from /opt/airflow/dags/dag_03_data_pipeline.py
[2026-06-16T16:59:22.121+0000] {logging_mixin.py:188} INFO - [2026-06-16T16:59:22.121+0000] {dag.py:3089} INFO - Sync 1 DAGs
[2026-06-16T16:59:22.139+0000] {logging_mixin.py:188} INFO - [2026-06-16T16:59:22.138+0000] {dag.py:3947} INFO - Setting next_dagrun for 03_getting_started_data_pipeline to None, run_after=None
[2026-06-16T16:59:22.168+0000] {processor.py:183} INFO - Processing /opt/airflow/dags/dag_03_data_pipeline.py took 0.123 seconds
[2026-06-16T16:59:53.023+0000] {processor.py:161} INFO - Started process (PID=22346) to work on /opt/airflow/dags/dag_03_data_pipeline.py
[2026-06-16T16:59:53.025+0000] {processor.py:830} INFO - Processing file /opt/airflow/dags/dag_03_data_pipeline.py for tasks to queue
[2026-06-16T16:59:53.027+0000] {logging_mixin.py:188} INFO - [2026-06-16T16:59:53.026+0000] {dagbag.py:545} INFO - Filling up the DagBag from /opt/airflow/dags/dag_03_data_pipeline.py
[2026-06-16T16:59:53.038+0000] {processor.py:840} INFO - DAG(s) '03_getting_started_data_pipeline' retrieved from /opt/airflow/dags/dag_03_data_pipeline.py
[2026-06-16T16:59:53.086+0000] {logging_mixin.py:188} INFO - [2026-06-16T16:59:53.086+0000] {dag.py:3089} INFO - Sync 1 DAGs
[2026-06-16T16:59:53.101+0000] {logging_mixin.py:188} INFO - [2026-06-16T16:59:53.101+0000] {dag.py:3947} INFO - Setting next_dagrun for 03_getting_started_data_pipeline to None, run_after=None
[2026-06-16T16:59:53.127+0000] {processor.py:183} INFO - Processing /opt/airflow/dags/dag_03_data_pipeline.py took 0.111 seconds
[2026-06-16T17:00:23.991+0000] {processor.py:161} INFO - Started process (PID=22386) to work on /opt/airflow/dags/dag_03_data_pipeline.py
[2026-06-16T17:00:23.992+0000] {processor.py:830} INFO - Processing file /opt/airflow/dags/dag_03_data_pipeline.py for tasks to queue
[2026-06-16T17:00:23.994+0000] {logging_mixin.py:188} INFO - [2026-06-16T17:00:23.993+0000] {dagbag.py:545} INFO - Filling up the DagBag from /opt/airflow/dags/dag_03_data_pipeline.py
[2026-06-16T17:00:24.004+0000] {processor.py:840} INFO - DAG(s) '03_getting_started_data_pipeline' retrieved from /opt/airflow/dags/dag_03_data_pipeline.py
[2026-06-16T17:00:24.049+0000] {logging_mixin.py:188} INFO - [2026-06-16T17:00:24.048+0000] {dag.py:3089} INFO - Sync 1 DAGs
[2026-06-16T17:00:24.065+0000] {logging_mixin.py:188} INFO - [2026-06-16T17:00:24.065+0000] {dag.py:3947} INFO - Setting next_dagrun for 03_getting_started_data_pipeline to None, run_after=None
[2026-06-16T17:00:24.090+0000] {processor.py:183} INFO - Processing /opt/airflow/dags/dag_03_data_pipeline.py took 0.106 seconds
[2026-06-16T17:00:54.926+0000] {processor.py:161} INFO - Started process (PID=22426) to work on /opt/airflow/dags/dag_03_data_pipeline.py
[2026-06-16T17:00:54.927+0000] {processor.py:830} INFO - Processing file /opt/airflow/dags/dag_03_data_pipeline.py for tasks to queue
[2026-06-16T17:00:54.930+0000] {logging_mixin.py:188} INFO - [2026-06-16T17:00:54.929+0000] {dagbag.py:545} INFO - Filling up the DagBag from /opt/airflow/dags/dag_03_data_pipeline.py
[2026-06-16T17:00:54.941+0000] {processor.py:840} INFO - DAG(s) '03_getting_started_data_pipeline' retrieved from /opt/airflow/dags/dag_03_data_pipeline.py
[2026-06-16T17:00:54.989+0000] {logging_mixin.py:188} INFO - [2026-06-16T17:00:54.988+0000] {dag.py:3089} INFO - Sync 1 DAGs
[2026-06-16T17:00:55.004+0000] {logging_mixin.py:188} INFO - [2026-06-16T17:00:55.003+0000] {dag.py:3947} INFO - Setting next_dagrun for 03_getting_started_data_pipeline to None, run_after=None
[2026-06-16T17:00:55.030+0000] {processor.py:183} INFO - Processing /opt/airflow/dags/dag_03_data_pipeline.py took 0.112 seconds
[2026-06-16T17:01:26.025+0000] {processor.py:161} INFO - Started process (PID=22466) to work on /opt/airflow/dags/dag_03_data_pipeline.py
[2026-06-16T17:01:26.027+0000] {processor.py:830} INFO - Processing file /opt/airflow/dags/dag_03_data_pipeline.py for tasks to queue
[2026-06-16T17:01:26.029+0000] {logging_mixin.py:188} INFO - [2026-06-16T17:01:26.029+0000] {dagbag.py:545} INFO - Filling up the DagBag from /opt/airflow/dags/dag_03_data_pipeline.py
[2026-06-16T17:01:26.043+0000] {processor.py:840} INFO - DAG(s) '03_getting_started_data_pipeline' retrieved from /opt/airflow/dags/dag_03_data_pipeline.py
[2026-06-16T17:01:26.094+0000] {logging_mixin.py:188} INFO - [2026-06-16T17:01:26.094+0000] {dag.py:3089} INFO - Sync 1 DAGs
[2026-06-16T17:01:26.111+0000] {logging_mixin.py:188} INFO - [2026-06-16T17:01:26.111+0000] {dag.py:3947} INFO - Setting next_dagrun for 03_getting_started_data_pipeline to None, run_after=None
[2026-06-16T17:01:26.136+0000] {processor.py:183} INFO - Processing /opt/airflow/dags/dag_03_data_pipeline.py took 0.119 seconds
[2026-06-16T17:01:57.025+0000] {processor.py:161} INFO - Started process (PID=22506) to work on /opt/airflow/dags/dag_03_data_pipeline.py
[2026-06-16T17:01:57.026+0000] {processor.py:830} INFO - Processing file /opt/airflow/dags/dag_03_data_pipeline.py for tasks to queue
[2026-06-16T17:01:57.028+0000] {logging_mixin.py:188} INFO - [2026-06-16T17:01:57.028+0000] {dagbag.py:545} INFO - Filling up the DagBag from /opt/airflow/dags/dag_03_data_pipeline.py
[2026-06-16T17:01:57.042+0000] {processor.py:840} INFO - DAG(s) '03_getting_started_data_pipeline' retrieved from /opt/airflow/dags/dag_03_data_pipeline.py
[2026-06-16T17:01:57.094+0000] {logging_mixin.py:188} INFO - [2026-06-16T17:01:57.093+0000] {dag.py:3089} INFO - Sync 1 DAGs
[2026-06-16T17:01:57.112+0000] {logging_mixin.py:188} INFO - [2026-06-16T17:01:57.111+0000] {dag.py:3947} INFO - Setting next_dagrun for 03_getting_started_data_pipeline to None, run_after=None
[2026-06-16T17:01:57.138+0000] {processor.py:183} INFO - Processing /opt/airflow/dags/dag_03_data_pipeline.py took 0.122 seconds
[2026-06-16T17:02:28.040+0000] {processor.py:161} INFO - Started process (PID=22546) to work on /opt/airflow/dags/dag_03_data_pipeline.py
[2026-06-16T17:02:28.042+0000] {processor.py:830} INFO - Processing file /opt/airflow/dags/dag_03_data_pipeline.py for tasks to queue
[2026-06-16T17:02:28.045+0000] {logging_mixin.py:188} INFO - [2026-06-16T17:02:28.044+0000] {dagbag.py:545} INFO - Filling up the DagBag from /opt/airflow/dags/dag_03_data_pipeline.py
[2026-06-16T17:02:28.060+0000] {processor.py:840} INFO - DAG(s) '03_getting_started_data_pipeline' retrieved from /opt/airflow/dags/dag_03_data_pipeline.py
[2026-06-16T17:02:28.125+0000] {logging_mixin.py:188} INFO - [2026-06-16T17:02:28.124+0000] {dag.py:3089} INFO - Sync 1 DAGs
[2026-06-16T17:02:28.140+0000] {logging_mixin.py:188} INFO - [2026-06-16T17:02:28.140+0000] {dag.py:3947} INFO - Setting next_dagrun for 03_getting_started_data_pipeline to None, run_after=None
[2026-06-16T17:02:28.170+0000] {processor.py:183} INFO - Processing /opt/airflow/dags/dag_03_data_pipeline.py took 0.142 seconds
[2026-06-16T17:02:58.665+0000] {processor.py:161} INFO - Started process (PID=22586) to work on /opt/airflow/dags/dag_03_data_pipeline.py
[2026-06-16T17:02:58.666+0000] {processor.py:830} INFO - Processing file /opt/airflow/dags/dag_03_data_pipeline.py for tasks to queue
[2026-06-16T17:02:58.668+0000] {logging_mixin.py:188} INFO - [2026-06-16T17:02:58.668+0000] {dagbag.py:545} INFO - Filling up the DagBag from /opt/airflow/dags/dag_03_data_pipeline.py
[2026-06-16T17:02:58.682+0000] {processor.py:840} INFO - DAG(s) '03_getting_started_data_pipeline' retrieved from /opt/airflow/dags/dag_03_data_pipeline.py
[2026-06-16T17:02:58.735+0000] {logging_mixin.py:188} INFO - [2026-06-16T17:02:58.734+0000] {dag.py:3089} INFO - Sync 1 DAGs
[2026-06-16T17:02:58.751+0000] {logging_mixin.py:188} INFO - [2026-06-16T17:02:58.750+0000] {dag.py:3947} INFO - Setting next_dagrun for 03_getting_started_data_pipeline to None, run_after=None
[2026-06-16T17:02:58.777+0000] {processor.py:183} INFO - Processing /opt/airflow/dags/dag_03_data_pipeline.py took 0.119 seconds
[2026-06-16T17:03:29.736+0000] {processor.py:161} INFO - Started process (PID=22626) to work on /opt/airflow/dags/dag_03_data_pipeline.py
[2026-06-16T17:03:29.738+0000] {processor.py:830} INFO - Processing file /opt/airflow/dags/dag_03_data_pipeline.py for tasks to queue
[2026-06-16T17:03:29.741+0000] {logging_mixin.py:188} INFO - [2026-06-16T17:03:29.740+0000] {dagbag.py:545} INFO - Filling up the DagBag from /opt/airflow/dags/dag_03_data_pipeline.py
[2026-06-16T17:03:29.753+0000] {processor.py:840} INFO - DAG(s) '03_getting_started_data_pipeline' retrieved from /opt/airflow/dags/dag_03_data_pipeline.py
[2026-06-16T17:03:29.805+0000] {logging_mixin.py:188} INFO - [2026-06-16T17:03:29.805+0000] {dag.py:3089} INFO - Sync 1 DAGs
[2026-06-16T17:03:29.822+0000] {logging_mixin.py:188} INFO - [2026-06-16T17:03:29.821+0000] {dag.py:3947} INFO - Setting next_dagrun for 03_getting_started_data_pipeline to None, run_after=None
[2026-06-16T17:03:29.846+0000] {processor.py:183} INFO - Processing /opt/airflow/dags/dag_03_data_pipeline.py took 0.121 seconds
[2026-06-16T17:04:00.827+0000] {processor.py:161} INFO - Started process (PID=22666) to work on /opt/airflow/dags/dag_03_data_pipeline.py
[2026-06-16T17:04:00.828+0000] {processor.py:830} INFO - Processing file /opt/airflow/dags/dag_03_data_pipeline.py for tasks to queue
[2026-06-16T17:04:00.830+0000] {logging_mixin.py:188} INFO - [2026-06-16T17:04:00.830+0000] {dagbag.py:545} INFO - Filling up the DagBag from /opt/airflow/dags/dag_03_data_pipeline.py
[2026-06-16T17:04:00.843+0000] {processor.py:840} INFO - DAG(s) '03_getting_started_data_pipeline' retrieved from /opt/airflow/dags/dag_03_data_pipeline.py
[2026-06-16T17:04:00.895+0000] {logging_mixin.py:188} INFO - [2026-06-16T17:04:00.894+0000] {dag.py:3089} INFO - Sync 1 DAGs
[2026-06-16T17:04:00.911+0000] {logging_mixin.py:188} INFO - [2026-06-16T17:04:00.911+0000] {dag.py:3947} INFO - Setting next_dagrun for 03_getting_started_data_pipeline to None, run_after=None
[2026-06-16T17:04:00.936+0000] {processor.py:183} INFO - Processing /opt/airflow/dags/dag_03_data_pipeline.py took 0.117 seconds
[2026-06-16T17:04:30.970+0000] {processor.py:161} INFO - Started process (PID=22703) to work on /opt/airflow/dags/dag_03_data_pipeline.py
[2026-06-16T17:04:30.972+0000] {processor.py:830} INFO - Processing file /opt/airflow/dags/dag_03_data_pipeline.py for tasks to queue
[2026-06-16T17:04:30.973+0000] {logging_mixin.py:188} INFO - [2026-06-16T17:04:30.973+0000] {dagbag.py:545} INFO - Filling up the DagBag from /opt/airflow/dags/dag_03_data_pipeline.py
[2026-06-16T17:04:30.983+0000] {processor.py:840} INFO - DAG(s) '03_getting_started_data_pipeline' retrieved from /opt/airflow/dags/dag_03_data_pipeline.py
[2026-06-16T17:04:31.028+0000] {logging_mixin.py:188} INFO - [2026-06-16T17:04:31.028+0000] {dag.py:3089} INFO - Sync 1 DAGs
[2026-06-16T17:04:31.042+0000] {logging_mixin.py:188} INFO - [2026-06-16T17:04:31.042+0000] {dag.py:3947} INFO - Setting next_dagrun for 03_getting_started_data_pipeline to None, run_after=None
[2026-06-16T17:04:31.068+0000] {processor.py:183} INFO - Processing /opt/airflow/dags/dag_03_data_pipeline.py took 0.104 seconds
[2026-06-16T17:05:01.187+0000] {processor.py:161} INFO - Started process (PID=22743) to work on /opt/airflow/dags/dag_03_data_pipeline.py
[2026-06-16T17:05:01.190+0000] {processor.py:830} INFO - Processing file /opt/airflow/dags/dag_03_data_pipeline.py for tasks to queue
[2026-06-16T17:05:01.192+0000] {logging_mixin.py:188} INFO - [2026-06-16T17:05:01.191+0000] {dagbag.py:545} INFO - Filling up the DagBag from /opt/airflow/dags/dag_03_data_pipeline.py
[2026-06-16T17:05:01.202+0000] {processor.py:840} INFO - DAG(s) '03_getting_started_data_pipeline' retrieved from /opt/airflow/dags/dag_03_data_pipeline.py
[2026-06-16T17:05:01.250+0000] {logging_mixin.py:188} INFO - [2026-06-16T17:05:01.250+0000] {dag.py:3089} INFO - Sync 1 DAGs
[2026-06-16T17:05:01.264+0000] {logging_mixin.py:188} INFO - [2026-06-16T17:05:01.264+0000] {dag.py:3947} INFO - Setting next_dagrun for 03_getting_started_data_pipeline to None, run_after=None
[2026-06-16T17:05:01.289+0000] {processor.py:183} INFO - Processing /opt/airflow/dags/dag_03_data_pipeline.py took 0.110 seconds
[2026-06-16T17:05:31.420+0000] {processor.py:161} INFO - Started process (PID=22783) to work on /opt/airflow/dags/dag_03_data_pipeline.py
[2026-06-16T17:05:31.423+0000] {processor.py:830} INFO - Processing file /opt/airflow/dags/dag_03_data_pipeline.py for tasks to queue
[2026-06-16T17:05:31.425+0000] {logging_mixin.py:188} INFO - [2026-06-16T17:05:31.424+0000] {dagbag.py:545} INFO - Filling up the DagBag from /opt/airflow/dags/dag_03_data_pipeline.py
[2026-06-16T17:05:31.434+0000] {processor.py:840} INFO - DAG(s) '03_getting_started_data_pipeline' retrieved from /opt/airflow/dags/dag_03_data_pipeline.py
[2026-06-16T17:05:31.475+0000] {logging_mixin.py:188} INFO - [2026-06-16T17:05:31.474+0000] {dag.py:3089} INFO - Sync 1 DAGs
[2026-06-16T17:05:31.488+0000] {logging_mixin.py:188} INFO - [2026-06-16T17:05:31.488+0000] {dag.py:3947} INFO - Setting next_dagrun for 03_getting_started_data_pipeline to None, run_after=None
[2026-06-16T17:05:31.512+0000] {processor.py:183} INFO - Processing /opt/airflow/dags/dag_03_data_pipeline.py took 0.099 seconds
[2026-06-16T17:06:01.636+0000] {processor.py:161} INFO - Started process (PID=22823) to work on /opt/airflow/dags/dag_03_data_pipeline.py
[2026-06-16T17:06:01.646+0000] {processor.py:830} INFO - Processing file /opt/airflow/dags/dag_03_data_pipeline.py for tasks to queue
[2026-06-16T17:06:01.648+0000] {logging_mixin.py:188} INFO - [2026-06-16T17:06:01.647+0000] {dagbag.py:545} INFO - Filling up the DagBag from /opt/airflow/dags/dag_03_data_pipeline.py
[2026-06-16T17:06:01.657+0000] {processor.py:840} INFO - DAG(s) '03_getting_started_data_pipeline' retrieved from /opt/airflow/dags/dag_03_data_pipeline.py
[2026-06-16T17:06:01.698+0000] {logging_mixin.py:188} INFO - [2026-06-16T17:06:01.698+0000] {dag.py:3089} INFO - Sync 1 DAGs
[2026-06-16T17:06:01.711+0000] {logging_mixin.py:188} INFO - [2026-06-16T17:06:01.711+0000] {dag.py:3947} INFO - Setting next_dagrun for 03_getting_started_data_pipeline to None, run_after=None
[2026-06-16T17:06:01.734+0000] {processor.py:183} INFO - Processing /opt/airflow/dags/dag_03_data_pipeline.py took 0.105 seconds
[2026-06-16T17:06:31.832+0000] {processor.py:161} INFO - Started process (PID=22863) to work on /opt/airflow/dags/dag_03_data_pipeline.py
[2026-06-16T17:06:31.843+0000] {processor.py:830} INFO - Processing file /opt/airflow/dags/dag_03_data_pipeline.py for tasks to queue
[2026-06-16T17:06:31.845+0000] {logging_mixin.py:188} INFO - [2026-06-16T17:06:31.845+0000] {dagbag.py:545} INFO - Filling up the DagBag from /opt/airflow/dags/dag_03_data_pipeline.py
[2026-06-16T17:06:31.855+0000] {processor.py:840} INFO - DAG(s) '03_getting_started_data_pipeline' retrieved from /opt/airflow/dags/dag_03_data_pipeline.py
[2026-06-16T17:06:31.895+0000] {logging_mixin.py:188} INFO - [2026-06-16T17:06:31.895+0000] {dag.py:3089} INFO - Sync 1 DAGs
[2026-06-16T17:06:31.908+0000] {logging_mixin.py:188} INFO - [2026-06-16T17:06:31.908+0000] {dag.py:3947} INFO - Setting next_dagrun for 03_getting_started_data_pipeline to None, run_after=None
[2026-06-16T17:06:31.933+0000] {processor.py:183} INFO - Processing /opt/airflow/dags/dag_03_data_pipeline.py took 0.107 seconds
[2026-06-16T17:07:02.932+0000] {processor.py:161} INFO - Started process (PID=22906) to work on /opt/airflow/dags/dag_03_data_pipeline.py
[2026-06-16T17:07:02.933+0000] {processor.py:830} INFO - Processing file /opt/airflow/dags/dag_03_data_pipeline.py for tasks to queue
[2026-06-16T17:07:02.936+0000] {logging_mixin.py:188} INFO - [2026-06-16T17:07:02.935+0000] {dagbag.py:545} INFO - Filling up the DagBag from /opt/airflow/dags/dag_03_data_pipeline.py
[2026-06-16T17:07:02.949+0000] {processor.py:840} INFO - DAG(s) '03_getting_started_data_pipeline' retrieved from /opt/airflow/dags/dag_03_data_pipeline.py
[2026-06-16T17:07:02.999+0000] {logging_mixin.py:188} INFO - [2026-06-16T17:07:02.998+0000] {dag.py:3089} INFO - Sync 1 DAGs
[2026-06-16T17:07:03.016+0000] {logging_mixin.py:188} INFO - [2026-06-16T17:07:03.016+0000] {dag.py:3947} INFO - Setting next_dagrun for 03_getting_started_data_pipeline to None, run_after=None
[2026-06-16T17:07:03.045+0000] {processor.py:183} INFO - Processing /opt/airflow/dags/dag_03_data_pipeline.py took 0.121 seconds
[2026-06-16T17:07:33.919+0000] {processor.py:161} INFO - Started process (PID=22946) to work on /opt/airflow/dags/dag_03_data_pipeline.py
[2026-06-16T17:07:33.920+0000] {processor.py:830} INFO - Processing file /opt/airflow/dags/dag_03_data_pipeline.py for tasks to queue
[2026-06-16T17:07:33.922+0000] {logging_mixin.py:188} INFO - [2026-06-16T17:07:33.922+0000] {dagbag.py:545} INFO - Filling up the DagBag from /opt/airflow/dags/dag_03_data_pipeline.py
[2026-06-16T17:07:33.935+0000] {processor.py:840} INFO - DAG(s) '03_getting_started_data_pipeline' retrieved from /opt/airflow/dags/dag_03_data_pipeline.py
[2026-06-16T17:07:33.982+0000] {logging_mixin.py:188} INFO - [2026-06-16T17:07:33.982+0000] {dag.py:3089} INFO - Sync 1 DAGs
[2026-06-16T17:07:33.998+0000] {logging_mixin.py:188} INFO - [2026-06-16T17:07:33.997+0000] {dag.py:3947} INFO - Setting next_dagrun for 03_getting_started_data_pipeline to None, run_after=None
[2026-06-16T17:07:34.022+0000] {processor.py:183} INFO - Processing /opt/airflow/dags/dag_03_data_pipeline.py took 0.110 seconds
[2026-06-16T17:08:05.053+0000] {processor.py:161} INFO - Started process (PID=22986) to work on /opt/airflow/dags/dag_03_data_pipeline.py
[2026-06-16T17:08:05.054+0000] {processor.py:830} INFO - Processing file /opt/airflow/dags/dag_03_data_pipeline.py for tasks to queue
[2026-06-16T17:08:05.057+0000] {logging_mixin.py:188} INFO - [2026-06-16T17:08:05.057+0000] {dagbag.py:545} INFO - Filling up the DagBag from /opt/airflow/dags/dag_03_data_pipeline.py
[2026-06-16T17:08:05.070+0000] {processor.py:840} INFO - DAG(s) '03_getting_started_data_pipeline' retrieved from /opt/airflow/dags/dag_03_data_pipeline.py
[2026-06-16T17:08:05.118+0000] {logging_mixin.py:188} INFO - [2026-06-16T17:08:05.118+0000] {dag.py:3089} INFO - Sync 1 DAGs
[2026-06-16T17:08:05.136+0000] {logging_mixin.py:188} INFO - [2026-06-16T17:08:05.135+0000] {dag.py:3947} INFO - Setting next_dagrun for 03_getting_started_data_pipeline to None, run_after=None
[2026-06-16T17:08:05.161+0000] {processor.py:183} INFO - Processing /opt/airflow/dags/dag_03_data_pipeline.py took 0.116 seconds
[2026-06-16T17:08:36.168+0000] {processor.py:161} INFO - Started process (PID=23026) to work on /opt/airflow/dags/dag_03_data_pipeline.py
[2026-06-16T17:08:36.170+0000] {processor.py:830} INFO - Processing file /opt/airflow/dags/dag_03_data_pipeline.py for tasks to queue
[2026-06-16T17:08:36.172+0000] {logging_mixin.py:188} INFO - [2026-06-16T17:08:36.171+0000] {dagbag.py:545} INFO - Filling up the DagBag from /opt/airflow/dags/dag_03_data_pipeline.py
[2026-06-16T17:08:36.183+0000] {processor.py:840} INFO - DAG(s) '03_getting_started_data_pipeline' retrieved from /opt/airflow/dags/dag_03_data_pipeline.py
[2026-06-16T17:08:36.235+0000] {logging_mixin.py:188} INFO - [2026-06-16T17:08:36.235+0000] {dag.py:3089} INFO - Sync 1 DAGs
[2026-06-16T17:08:36.251+0000] {logging_mixin.py:188} INFO - [2026-06-16T17:08:36.251+0000] {dag.py:3947} INFO - Setting next_dagrun for 03_getting_started_data_pipeline to None, run_after=None
[2026-06-16T17:08:36.276+0000] {processor.py:183} INFO - Processing /opt/airflow/dags/dag_03_data_pipeline.py took 0.116 seconds
[2026-06-16T17:09:07.112+0000] {processor.py:161} INFO - Started process (PID=23066) to work on /opt/airflow/dags/dag_03_data_pipeline.py
[2026-06-16T17:09:07.113+0000] {processor.py:830} INFO - Processing file /opt/airflow/dags/dag_03_data_pipeline.py for tasks to queue
[2026-06-16T17:09:07.115+0000] {logging_mixin.py:188} INFO - [2026-06-16T17:09:07.115+0000] {dagbag.py:545} INFO - Filling up the DagBag from /opt/airflow/dags/dag_03_data_pipeline.py
[2026-06-16T17:09:07.125+0000] {processor.py:840} INFO - DAG(s) '03_getting_started_data_pipeline' retrieved from /opt/airflow/dags/dag_03_data_pipeline.py
[2026-06-16T17:09:07.176+0000] {logging_mixin.py:188} INFO - [2026-06-16T17:09:07.176+0000] {dag.py:3089} INFO - Sync 1 DAGs
[2026-06-16T17:09:07.193+0000] {logging_mixin.py:188} INFO - [2026-06-16T17:09:07.192+0000] {dag.py:3947} INFO - Setting next_dagrun for 03_getting_started_data_pipeline to None, run_after=None
[2026-06-16T17:09:07.223+0000] {processor.py:183} INFO - Processing /opt/airflow/dags/dag_03_data_pipeline.py took 0.119 seconds
[2026-06-16T17:09:38.220+0000] {processor.py:161} INFO - Started process (PID=23106) to work on /opt/airflow/dags/dag_03_data_pipeline.py
[2026-06-16T17:09:38.221+0000] {processor.py:830} INFO - Processing file /opt/airflow/dags/dag_03_data_pipeline.py for tasks to queue
[2026-06-16T17:09:38.224+0000] {logging_mixin.py:188} INFO - [2026-06-16T17:09:38.223+0000] {dagbag.py:545} INFO - Filling up the DagBag from /opt/airflow/dags/dag_03_data_pipeline.py
[2026-06-16T17:09:38.234+0000] {processor.py:840} INFO - DAG(s) '03_getting_started_data_pipeline' retrieved from /opt/airflow/dags/dag_03_data_pipeline.py
[2026-06-16T17:09:38.295+0000] {logging_mixin.py:188} INFO - [2026-06-16T17:09:38.294+0000] {dag.py:3089} INFO - Sync 1 DAGs
[2026-06-16T17:09:38.315+0000] {logging_mixin.py:188} INFO - [2026-06-16T17:09:38.315+0000] {dag.py:3947} INFO - Setting next_dagrun for 03_getting_started_data_pipeline to None, run_after=None
[2026-06-16T17:09:38.342+0000] {processor.py:183} INFO - Processing /opt/airflow/dags/dag_03_data_pipeline.py took 0.129 seconds
[2026-06-16T17:10:09.363+0000] {processor.py:161} INFO - Started process (PID=23146) to work on /opt/airflow/dags/dag_03_data_pipeline.py
[2026-06-16T17:10:09.365+0000] {processor.py:830} INFO - Processing file /opt/airflow/dags/dag_03_data_pipeline.py for tasks to queue
[2026-06-16T17:10:09.367+0000] {logging_mixin.py:188} INFO - [2026-06-16T17:10:09.366+0000] {dagbag.py:545} INFO - Filling up the DagBag from /opt/airflow/dags/dag_03_data_pipeline.py
[2026-06-16T17:10:09.380+0000] {processor.py:840} INFO - DAG(s) '03_getting_started_data_pipeline' retrieved from /opt/airflow/dags/dag_03_data_pipeline.py
[2026-06-16T17:10:09.423+0000] {logging_mixin.py:188} INFO - [2026-06-16T17:10:09.422+0000] {dag.py:3089} INFO - Sync 1 DAGs
[2026-06-16T17:10:09.438+0000] {logging_mixin.py:188} INFO - [2026-06-16T17:10:09.438+0000] {dag.py:3947} INFO - Setting next_dagrun for 03_getting_started_data_pipeline to None, run_after=None
[2026-06-16T17:10:09.462+0000] {processor.py:183} INFO - Processing /opt/airflow/dags/dag_03_data_pipeline.py took 0.107 seconds
[2026-06-16T17:10:40.470+0000] {processor.py:161} INFO - Started process (PID=23186) to work on /opt/airflow/dags/dag_03_data_pipeline.py
[2026-06-16T17:10:40.472+0000] {processor.py:830} INFO - Processing file /opt/airflow/dags/dag_03_data_pipeline.py for tasks to queue
[2026-06-16T17:10:40.474+0000] {logging_mixin.py:188} INFO - [2026-06-16T17:10:40.474+0000] {dagbag.py:545} INFO - Filling up the DagBag from /opt/airflow/dags/dag_03_data_pipeline.py
[2026-06-16T17:10:40.486+0000] {processor.py:840} INFO - DAG(s) '03_getting_started_data_pipeline' retrieved from /opt/airflow/dags/dag_03_data_pipeline.py
[2026-06-16T17:10:40.533+0000] {logging_mixin.py:188} INFO - [2026-06-16T17:10:40.532+0000] {dag.py:3089} INFO - Sync 1 DAGs
[2026-06-16T17:10:40.548+0000] {logging_mixin.py:188} INFO - [2026-06-16T17:10:40.547+0000] {dag.py:3947} INFO - Setting next_dagrun for 03_getting_started_data_pipeline to None, run_after=None
[2026-06-16T17:10:40.575+0000] {processor.py:183} INFO - Processing /opt/airflow/dags/dag_03_data_pipeline.py took 0.113 seconds
[2026-06-16T17:11:11.581+0000] {processor.py:161} INFO - Started process (PID=23226) to work on /opt/airflow/dags/dag_03_data_pipeline.py
[2026-06-16T17:11:11.582+0000] {processor.py:830} INFO - Processing file /opt/airflow/dags/dag_03_data_pipeline.py for tasks to queue
[2026-06-16T17:11:11.585+0000] {logging_mixin.py:188} INFO - [2026-06-16T17:11:11.584+0000] {dagbag.py:545} INFO - Filling up the DagBag from /opt/airflow/dags/dag_03_data_pipeline.py
[2026-06-16T17:11:11.598+0000] {processor.py:840} INFO - DAG(s) '03_getting_started_data_pipeline' retrieved from /opt/airflow/dags/dag_03_data_pipeline.py
[2026-06-16T17:11:11.645+0000] {logging_mixin.py:188} INFO - [2026-06-16T17:11:11.645+0000] {dag.py:3089} INFO - Sync 1 DAGs
[2026-06-16T17:11:11.662+0000] {logging_mixin.py:188} INFO - [2026-06-16T17:11:11.662+0000] {dag.py:3947} INFO - Setting next_dagrun for 03_getting_started_data_pipeline to None, run_after=None
[2026-06-16T17:11:11.688+0000] {processor.py:183} INFO - Processing /opt/airflow/dags/dag_03_data_pipeline.py took 0.116 seconds
[2026-06-16T17:11:42.676+0000] {processor.py:161} INFO - Started process (PID=23266) to work on /opt/airflow/dags/dag_03_data_pipeline.py
[2026-06-16T17:11:42.678+0000] {processor.py:830} INFO - Processing file /opt/airflow/dags/dag_03_data_pipeline.py for tasks to queue
[2026-06-16T17:11:42.680+0000] {logging_mixin.py:188} INFO - [2026-06-16T17:11:42.680+0000] {dagbag.py:545} INFO - Filling up the DagBag from /opt/airflow/dags/dag_03_data_pipeline.py
[2026-06-16T17:11:42.691+0000] {processor.py:840} INFO - DAG(s) '03_getting_started_data_pipeline' retrieved from /opt/airflow/dags/dag_03_data_pipeline.py
[2026-06-16T17:11:42.738+0000] {logging_mixin.py:188} INFO - [2026-06-16T17:11:42.738+0000] {dag.py:3089} INFO - Sync 1 DAGs
[2026-06-16T17:11:42.753+0000] {logging_mixin.py:188} INFO - [2026-06-16T17:11:42.753+0000] {dag.py:3947} INFO - Setting next_dagrun for 03_getting_started_data_pipeline to None, run_after=None
[2026-06-16T17:11:42.779+0000] {processor.py:183} INFO - Processing /opt/airflow/dags/dag_03_data_pipeline.py took 0.112 seconds
[2026-06-16T17:12:13.761+0000] {processor.py:161} INFO - Started process (PID=23306) to work on /opt/airflow/dags/dag_03_data_pipeline.py
[2026-06-16T17:12:13.762+0000] {processor.py:830} INFO - Processing file /opt/airflow/dags/dag_03_data_pipeline.py for tasks to queue
[2026-06-16T17:12:13.764+0000] {logging_mixin.py:188} INFO - [2026-06-16T17:12:13.763+0000] {dagbag.py:545} INFO - Filling up the DagBag from /opt/airflow/dags/dag_03_data_pipeline.py
[2026-06-16T17:12:13.774+0000] {processor.py:840} INFO - DAG(s) '03_getting_started_data_pipeline' retrieved from /opt/airflow/dags/dag_03_data_pipeline.py
[2026-06-16T17:12:13.817+0000] {logging_mixin.py:188} INFO - [2026-06-16T17:12:13.817+0000] {dag.py:3089} INFO - Sync 1 DAGs
[2026-06-16T17:12:13.833+0000] {logging_mixin.py:188} INFO - [2026-06-16T17:12:13.832+0000] {dag.py:3947} INFO - Setting next_dagrun for 03_getting_started_data_pipeline to None, run_after=None
[2026-06-16T17:12:13.857+0000] {processor.py:183} INFO - Processing /opt/airflow/dags/dag_03_data_pipeline.py took 0.104 seconds
[2026-06-16T17:12:44.865+0000] {processor.py:161} INFO - Started process (PID=23346) to work on /opt/airflow/dags/dag_03_data_pipeline.py
[2026-06-16T17:12:44.867+0000] {processor.py:830} INFO - Processing file /opt/airflow/dags/dag_03_data_pipeline.py for tasks to queue
[2026-06-16T17:12:44.869+0000] {logging_mixin.py:188} INFO - [2026-06-16T17:12:44.869+0000] {dagbag.py:545} INFO - Filling up the DagBag from /opt/airflow/dags/dag_03_data_pipeline.py
[2026-06-16T17:12:44.879+0000] {processor.py:840} INFO - DAG(s) '03_getting_started_data_pipeline' retrieved from /opt/airflow/dags/dag_03_data_pipeline.py
[2026-06-16T17:12:44.926+0000] {logging_mixin.py:188} INFO - [2026-06-16T17:12:44.926+0000] {dag.py:3089} INFO - Sync 1 DAGs
[2026-06-16T17:12:44.940+0000] {logging_mixin.py:188} INFO - [2026-06-16T17:12:44.939+0000] {dag.py:3947} INFO - Setting next_dagrun for 03_getting_started_data_pipeline to None, run_after=None
[2026-06-16T17:12:44.965+0000] {processor.py:183} INFO - Processing /opt/airflow/dags/dag_03_data_pipeline.py took 0.107 seconds
[2026-06-16T17:13:15.112+0000] {processor.py:161} INFO - Started process (PID=23386) to work on /opt/airflow/dags/dag_03_data_pipeline.py
[2026-06-16T17:13:15.113+0000] {processor.py:830} INFO - Processing file /opt/airflow/dags/dag_03_data_pipeline.py for tasks to queue
[2026-06-16T17:13:15.115+0000] {logging_mixin.py:188} INFO - [2026-06-16T17:13:15.115+0000] {dagbag.py:545} INFO - Filling up the DagBag from /opt/airflow/dags/dag_03_data_pipeline.py
[2026-06-16T17:13:15.128+0000] {processor.py:840} INFO - DAG(s) '03_getting_started_data_pipeline' retrieved from /opt/airflow/dags/dag_03_data_pipeline.py
[2026-06-16T17:13:15.173+0000] {logging_mixin.py:188} INFO - [2026-06-16T17:13:15.173+0000] {dag.py:3089} INFO - Sync 1 DAGs
[2026-06-16T17:13:15.191+0000] {logging_mixin.py:188} INFO - [2026-06-16T17:13:15.191+0000] {dag.py:3947} INFO - Setting next_dagrun for 03_getting_started_data_pipeline to None, run_after=None
[2026-06-16T17:13:15.216+0000] {processor.py:183} INFO - Processing /opt/airflow/dags/dag_03_data_pipeline.py took 0.113 seconds
[2026-06-16T17:13:45.350+0000] {processor.py:161} INFO - Started process (PID=23426) to work on /opt/airflow/dags/dag_03_data_pipeline.py
[2026-06-16T17:13:45.352+0000] {processor.py:830} INFO - Processing file /opt/airflow/dags/dag_03_data_pipeline.py for tasks to queue
[2026-06-16T17:13:45.355+0000] {logging_mixin.py:188} INFO - [2026-06-16T17:13:45.354+0000] {dagbag.py:545} INFO - Filling up the DagBag from /opt/airflow/dags/dag_03_data_pipeline.py
[2026-06-16T17:13:45.371+0000] {processor.py:840} INFO - DAG(s) '03_getting_started_data_pipeline' retrieved from /opt/airflow/dags/dag_03_data_pipeline.py
[2026-06-16T17:13:45.420+0000] {logging_mixin.py:188} INFO - [2026-06-16T17:13:45.420+0000] {dag.py:3089} INFO - Sync 1 DAGs
[2026-06-16T17:13:45.438+0000] {logging_mixin.py:188} INFO - [2026-06-16T17:13:45.437+0000] {dag.py:3947} INFO - Setting next_dagrun for 03_getting_started_data_pipeline to None, run_after=None
[2026-06-16T17:13:45.462+0000] {processor.py:183} INFO - Processing /opt/airflow/dags/dag_03_data_pipeline.py took 0.123 seconds
[2026-06-16T17:14:15.535+0000] {processor.py:161} INFO - Started process (PID=23466) to work on /opt/airflow/dags/dag_03_data_pipeline.py
[2026-06-16T17:14:15.535+0000] {processor.py:830} INFO - Processing file /opt/airflow/dags/dag_03_data_pipeline.py for tasks to queue
[2026-06-16T17:14:15.538+0000] {logging_mixin.py:188} INFO - [2026-06-16T17:14:15.537+0000] {dagbag.py:545} INFO - Filling up the DagBag from /opt/airflow/dags/dag_03_data_pipeline.py
[2026-06-16T17:14:15.548+0000] {processor.py:840} INFO - DAG(s) '03_getting_started_data_pipeline' retrieved from /opt/airflow/dags/dag_03_data_pipeline.py
[2026-06-16T17:14:15.594+0000] {logging_mixin.py:188} INFO - [2026-06-16T17:14:15.593+0000] {dag.py:3089} INFO - Sync 1 DAGs
[2026-06-16T17:14:15.611+0000] {logging_mixin.py:188} INFO - [2026-06-16T17:14:15.610+0000] {dag.py:3947} INFO - Setting next_dagrun for 03_getting_started_data_pipeline to None, run_after=None
[2026-06-16T17:14:15.640+0000] {processor.py:183} INFO - Processing /opt/airflow/dags/dag_03_data_pipeline.py took 0.112 seconds
[2026-06-16T17:14:45.873+0000] {processor.py:161} INFO - Started process (PID=23506) to work on /opt/airflow/dags/dag_03_data_pipeline.py
[2026-06-16T17:14:45.875+0000] {processor.py:830} INFO - Processing file /opt/airflow/dags/dag_03_data_pipeline.py for tasks to queue
[2026-06-16T17:14:45.877+0000] {logging_mixin.py:188} INFO - [2026-06-16T17:14:45.877+0000] {dagbag.py:545} INFO - Filling up the DagBag from /opt/airflow/dags/dag_03_data_pipeline.py
[2026-06-16T17:14:45.890+0000] {processor.py:840} INFO - DAG(s) '03_getting_started_data_pipeline' retrieved from /opt/airflow/dags/dag_03_data_pipeline.py
[2026-06-16T17:14:45.939+0000] {logging_mixin.py:188} INFO - [2026-06-16T17:14:45.939+0000] {dag.py:3089} INFO - Sync 1 DAGs
[2026-06-16T17:14:45.955+0000] {logging_mixin.py:188} INFO - [2026-06-16T17:14:45.955+0000] {dag.py:3947} INFO - Setting next_dagrun for 03_getting_started_data_pipeline to None, run_after=None
[2026-06-16T17:14:46.172+0000] {processor.py:183} INFO - Processing /opt/airflow/dags/dag_03_data_pipeline.py took 0.307 seconds
[2026-06-16T17:15:16.451+0000] {processor.py:161} INFO - Started process (PID=23546) to work on /opt/airflow/dags/dag_03_data_pipeline.py
[2026-06-16T17:15:16.452+0000] {processor.py:830} INFO - Processing file /opt/airflow/dags/dag_03_data_pipeline.py for tasks to queue
[2026-06-16T17:15:16.455+0000] {logging_mixin.py:188} INFO - [2026-06-16T17:15:16.454+0000] {dagbag.py:545} INFO - Filling up the DagBag from /opt/airflow/dags/dag_03_data_pipeline.py
[2026-06-16T17:15:16.467+0000] {processor.py:840} INFO - DAG(s) '03_getting_started_data_pipeline' retrieved from /opt/airflow/dags/dag_03_data_pipeline.py
[2026-06-16T17:15:16.532+0000] {logging_mixin.py:188} INFO - [2026-06-16T17:15:16.532+0000] {dag.py:3089} INFO - Sync 1 DAGs
[2026-06-16T17:15:16.549+0000] {logging_mixin.py:188} INFO - [2026-06-16T17:15:16.548+0000] {dag.py:3947} INFO - Setting next_dagrun for 03_getting_started_data_pipeline to None, run_after=None
[2026-06-16T17:15:16.573+0000] {processor.py:183} INFO - Processing /opt/airflow/dags/dag_03_data_pipeline.py took 0.130 seconds
[2026-06-16T17:15:47.545+0000] {processor.py:161} INFO - Started process (PID=23586) to work on /opt/airflow/dags/dag_03_data_pipeline.py
[2026-06-16T17:15:47.547+0000] {processor.py:830} INFO - Processing file /opt/airflow/dags/dag_03_data_pipeline.py for tasks to queue
[2026-06-16T17:15:47.549+0000] {logging_mixin.py:188} INFO - [2026-06-16T17:15:47.549+0000] {dagbag.py:545} INFO - Filling up the DagBag from /opt/airflow/dags/dag_03_data_pipeline.py
[2026-06-16T17:15:47.559+0000] {processor.py:840} INFO - DAG(s) '03_getting_started_data_pipeline' retrieved from /opt/airflow/dags/dag_03_data_pipeline.py
[2026-06-16T17:15:47.605+0000] {logging_mixin.py:188} INFO - [2026-06-16T17:15:47.605+0000] {dag.py:3089} INFO - Sync 1 DAGs
[2026-06-16T17:15:47.619+0000] {logging_mixin.py:188} INFO - [2026-06-16T17:15:47.619+0000] {dag.py:3947} INFO - Setting next_dagrun for 03_getting_started_data_pipeline to None, run_after=None
[2026-06-16T17:15:47.645+0000] {processor.py:183} INFO - Processing /opt/airflow/dags/dag_03_data_pipeline.py took 0.107 seconds
[2026-06-16T17:16:17.751+0000] {processor.py:161} INFO - Started process (PID=23626) to work on /opt/airflow/dags/dag_03_data_pipeline.py
[2026-06-16T17:16:17.752+0000] {processor.py:830} INFO - Processing file /opt/airflow/dags/dag_03_data_pipeline.py for tasks to queue
[2026-06-16T17:16:17.755+0000] {logging_mixin.py:188} INFO - [2026-06-16T17:16:17.754+0000] {dagbag.py:545} INFO - Filling up the DagBag from /opt/airflow/dags/dag_03_data_pipeline.py
[2026-06-16T17:16:17.767+0000] {processor.py:840} INFO - DAG(s) '03_getting_started_data_pipeline' retrieved from /opt/airflow/dags/dag_03_data_pipeline.py
[2026-06-16T17:16:17.823+0000] {logging_mixin.py:188} INFO - [2026-06-16T17:16:17.822+0000] {dag.py:3089} INFO - Sync 1 DAGs
[2026-06-16T17:16:17.840+0000] {logging_mixin.py:188} INFO - [2026-06-16T17:16:17.839+0000] {dag.py:3947} INFO - Setting next_dagrun for 03_getting_started_data_pipeline to None, run_after=None
[2026-06-16T17:16:18.028+0000] {processor.py:183} INFO - Processing /opt/airflow/dags/dag_03_data_pipeline.py took 0.286 seconds
[2026-06-16T17:16:48.431+0000] {processor.py:161} INFO - Started process (PID=23666) to work on /opt/airflow/dags/dag_03_data_pipeline.py
[2026-06-16T17:16:48.433+0000] {processor.py:830} INFO - Processing file /opt/airflow/dags/dag_03_data_pipeline.py for tasks to queue
[2026-06-16T17:16:48.435+0000] {logging_mixin.py:188} INFO - [2026-06-16T17:16:48.435+0000] {dagbag.py:545} INFO - Filling up the DagBag from /opt/airflow/dags/dag_03_data_pipeline.py
[2026-06-16T17:16:48.448+0000] {processor.py:840} INFO - DAG(s) '03_getting_started_data_pipeline' retrieved from /opt/airflow/dags/dag_03_data_pipeline.py
[2026-06-16T17:16:48.495+0000] {logging_mixin.py:188} INFO - [2026-06-16T17:16:48.495+0000] {dag.py:3089} INFO - Sync 1 DAGs
[2026-06-16T17:16:48.512+0000] {logging_mixin.py:188} INFO - [2026-06-16T17:16:48.512+0000] {dag.py:3947} INFO - Setting next_dagrun for 03_getting_started_data_pipeline to None, run_after=None
[2026-06-16T17:16:48.538+0000] {processor.py:183} INFO - Processing /opt/airflow/dags/dag_03_data_pipeline.py took 0.115 seconds
[2026-06-16T17:17:19.427+0000] {processor.py:161} INFO - Started process (PID=23706) to work on /opt/airflow/dags/dag_03_data_pipeline.py
[2026-06-16T17:17:19.428+0000] {processor.py:830} INFO - Processing file /opt/airflow/dags/dag_03_data_pipeline.py for tasks to queue
[2026-06-16T17:17:19.431+0000] {logging_mixin.py:188} INFO - [2026-06-16T17:17:19.430+0000] {dagbag.py:545} INFO - Filling up the DagBag from /opt/airflow/dags/dag_03_data_pipeline.py
[2026-06-16T17:17:19.445+0000] {processor.py:840} INFO - DAG(s) '03_getting_started_data_pipeline' retrieved from /opt/airflow/dags/dag_03_data_pipeline.py
[2026-06-16T17:17:19.504+0000] {logging_mixin.py:188} INFO - [2026-06-16T17:17:19.503+0000] {dag.py:3089} INFO - Sync 1 DAGs
[2026-06-16T17:17:19.519+0000] {logging_mixin.py:188} INFO - [2026-06-16T17:17:19.519+0000] {dag.py:3947} INFO - Setting next_dagrun for 03_getting_started_data_pipeline to None, run_after=None
[2026-06-16T17:17:19.546+0000] {processor.py:183} INFO - Processing /opt/airflow/dags/dag_03_data_pipeline.py took 0.127 seconds
[2026-06-16T17:17:49.690+0000] {processor.py:161} INFO - Started process (PID=23746) to work on /opt/airflow/dags/dag_03_data_pipeline.py
[2026-06-16T17:17:49.692+0000] {processor.py:830} INFO - Processing file /opt/airflow/dags/dag_03_data_pipeline.py for tasks to queue
[2026-06-16T17:17:49.694+0000] {logging_mixin.py:188} INFO - [2026-06-16T17:17:49.694+0000] {dagbag.py:545} INFO - Filling up the DagBag from /opt/airflow/dags/dag_03_data_pipeline.py
[2026-06-16T17:17:49.707+0000] {processor.py:840} INFO - DAG(s) '03_getting_started_data_pipeline' retrieved from /opt/airflow/dags/dag_03_data_pipeline.py
[2026-06-16T17:17:49.759+0000] {logging_mixin.py:188} INFO - [2026-06-16T17:17:49.759+0000] {dag.py:3089} INFO - Sync 1 DAGs
[2026-06-16T17:17:49.778+0000] {logging_mixin.py:188} INFO - [2026-06-16T17:17:49.778+0000] {dag.py:3947} INFO - Setting next_dagrun for 03_getting_started_data_pipeline to None, run_after=None
[2026-06-16T17:17:49.970+0000] {processor.py:183} INFO - Processing /opt/airflow/dags/dag_03_data_pipeline.py took 0.294 seconds
[2026-06-16T17:18:20.296+0000] {processor.py:161} INFO - Started process (PID=23786) to work on /opt/airflow/dags/dag_03_data_pipeline.py
[2026-06-16T17:18:20.297+0000] {processor.py:830} INFO - Processing file /opt/airflow/dags/dag_03_data_pipeline.py for tasks to queue
[2026-06-16T17:18:20.300+0000] {logging_mixin.py:188} INFO - [2026-06-16T17:18:20.299+0000] {dagbag.py:545} INFO - Filling up the DagBag from /opt/airflow/dags/dag_03_data_pipeline.py
[2026-06-16T17:18:20.313+0000] {processor.py:840} INFO - DAG(s) '03_getting_started_data_pipeline' retrieved from /opt/airflow/dags/dag_03_data_pipeline.py
[2026-06-16T17:18:20.565+0000] {logging_mixin.py:188} INFO - [2026-06-16T17:18:20.564+0000] {dag.py:3089} INFO - Sync 1 DAGs
[2026-06-16T17:18:20.577+0000] {logging_mixin.py:188} INFO - [2026-06-16T17:18:20.577+0000] {dag.py:3947} INFO - Setting next_dagrun for 03_getting_started_data_pipeline to None, run_after=None
[2026-06-16T17:18:20.609+0000] {processor.py:183} INFO - Processing /opt/airflow/dags/dag_03_data_pipeline.py took 0.328 seconds
[2026-06-16T17:18:51.528+0000] {processor.py:161} INFO - Started process (PID=23826) to work on /opt/airflow/dags/dag_03_data_pipeline.py
[2026-06-16T17:18:51.529+0000] {processor.py:830} INFO - Processing file /opt/airflow/dags/dag_03_data_pipeline.py for tasks to queue
[2026-06-16T17:18:51.532+0000] {logging_mixin.py:188} INFO - [2026-06-16T17:18:51.531+0000] {dagbag.py:545} INFO - Filling up the DagBag from /opt/airflow/dags/dag_03_data_pipeline.py
[2026-06-16T17:18:51.544+0000] {processor.py:840} INFO - DAG(s) '03_getting_started_data_pipeline' retrieved from /opt/airflow/dags/dag_03_data_pipeline.py
[2026-06-16T17:18:51.593+0000] {logging_mixin.py:188} INFO - [2026-06-16T17:18:51.593+0000] {dag.py:3089} INFO - Sync 1 DAGs
[2026-06-16T17:18:51.611+0000] {logging_mixin.py:188} INFO - [2026-06-16T17:18:51.611+0000] {dag.py:3947} INFO - Setting next_dagrun for 03_getting_started_data_pipeline to None, run_after=None
[2026-06-16T17:18:51.636+0000] {processor.py:183} INFO - Processing /opt/airflow/dags/dag_03_data_pipeline.py took 0.116 seconds
[2026-06-16T17:19:22.503+0000] {processor.py:161} INFO - Started process (PID=23866) to work on /opt/airflow/dags/dag_03_data_pipeline.py
[2026-06-16T17:19:22.504+0000] {processor.py:830} INFO - Processing file /opt/airflow/dags/dag_03_data_pipeline.py for tasks to queue
[2026-06-16T17:19:22.506+0000] {logging_mixin.py:188} INFO - [2026-06-16T17:19:22.506+0000] {dagbag.py:545} INFO - Filling up the DagBag from /opt/airflow/dags/dag_03_data_pipeline.py
[2026-06-16T17:19:22.519+0000] {processor.py:840} INFO - DAG(s) '03_getting_started_data_pipeline' retrieved from /opt/airflow/dags/dag_03_data_pipeline.py
[2026-06-16T17:19:22.567+0000] {logging_mixin.py:188} INFO - [2026-06-16T17:19:22.567+0000] {dag.py:3089} INFO - Sync 1 DAGs
[2026-06-16T17:19:22.589+0000] {logging_mixin.py:188} INFO - [2026-06-16T17:19:22.589+0000] {dag.py:3947} INFO - Setting next_dagrun for 03_getting_started_data_pipeline to None, run_after=None
[2026-06-16T17:19:22.615+0000] {processor.py:183} INFO - Processing /opt/airflow/dags/dag_03_data_pipeline.py took 0.121 seconds
[2026-06-16T17:19:53.582+0000] {processor.py:161} INFO - Started process (PID=23906) to work on /opt/airflow/dags/dag_03_data_pipeline.py
[2026-06-16T17:19:53.584+0000] {processor.py:830} INFO - Processing file /opt/airflow/dags/dag_03_data_pipeline.py for tasks to queue
[2026-06-16T17:19:53.587+0000] {logging_mixin.py:188} INFO - [2026-06-16T17:19:53.587+0000] {dagbag.py:545} INFO - Filling up the DagBag from /opt/airflow/dags/dag_03_data_pipeline.py
[2026-06-16T17:19:53.602+0000] {processor.py:840} INFO - DAG(s) '03_getting_started_data_pipeline' retrieved from /opt/airflow/dags/dag_03_data_pipeline.py
[2026-06-16T17:19:53.653+0000] {logging_mixin.py:188} INFO - [2026-06-16T17:19:53.653+0000] {dag.py:3089} INFO - Sync 1 DAGs
[2026-06-16T17:19:53.673+0000] {logging_mixin.py:188} INFO - [2026-06-16T17:19:53.673+0000] {dag.py:3947} INFO - Setting next_dagrun for 03_getting_started_data_pipeline to None, run_after=None
[2026-06-16T17:19:53.700+0000] {processor.py:183} INFO - Processing /opt/airflow/dags/dag_03_data_pipeline.py took 0.128 seconds
[2026-06-16T17:20:24.554+0000] {processor.py:161} INFO - Started process (PID=23946) to work on /opt/airflow/dags/dag_03_data_pipeline.py
[2026-06-16T17:20:24.555+0000] {processor.py:830} INFO - Processing file /opt/airflow/dags/dag_03_data_pipeline.py for tasks to queue
[2026-06-16T17:20:24.557+0000] {logging_mixin.py:188} INFO - [2026-06-16T17:20:24.557+0000] {dagbag.py:545} INFO - Filling up the DagBag from /opt/airflow/dags/dag_03_data_pipeline.py
[2026-06-16T17:20:24.571+0000] {processor.py:840} INFO - DAG(s) '03_getting_started_data_pipeline' retrieved from /opt/airflow/dags/dag_03_data_pipeline.py
[2026-06-16T17:20:24.631+0000] {logging_mixin.py:188} INFO - [2026-06-16T17:20:24.630+0000] {dag.py:3089} INFO - Sync 1 DAGs
[2026-06-16T17:20:24.654+0000] {logging_mixin.py:188} INFO - [2026-06-16T17:20:24.654+0000] {dag.py:3947} INFO - Setting next_dagrun for 03_getting_started_data_pipeline to None, run_after=None
[2026-06-16T17:20:24.679+0000] {processor.py:183} INFO - Processing /opt/airflow/dags/dag_03_data_pipeline.py took 0.134 seconds
[2026-06-16T17:20:55.673+0000] {processor.py:161} INFO - Started process (PID=23986) to work on /opt/airflow/dags/dag_03_data_pipeline.py
[2026-06-16T17:20:55.674+0000] {processor.py:830} INFO - Processing file /opt/airflow/dags/dag_03_data_pipeline.py for tasks to queue
[2026-06-16T17:20:55.676+0000] {logging_mixin.py:188} INFO - [2026-06-16T17:20:55.676+0000] {dagbag.py:545} INFO - Filling up the DagBag from /opt/airflow/dags/dag_03_data_pipeline.py
[2026-06-16T17:20:55.687+0000] {processor.py:840} INFO - DAG(s) '03_getting_started_data_pipeline' retrieved from /opt/airflow/dags/dag_03_data_pipeline.py
[2026-06-16T17:20:55.733+0000] {logging_mixin.py:188} INFO - [2026-06-16T17:20:55.733+0000] {dag.py:3089} INFO - Sync 1 DAGs
[2026-06-16T17:20:55.750+0000] {logging_mixin.py:188} INFO - [2026-06-16T17:20:55.749+0000] {dag.py:3947} INFO - Setting next_dagrun for 03_getting_started_data_pipeline to None, run_after=None
[2026-06-16T17:20:55.772+0000] {processor.py:183} INFO - Processing /opt/airflow/dags/dag_03_data_pipeline.py took 0.107 seconds
[2026-06-16T17:21:26.750+0000] {processor.py:161} INFO - Started process (PID=24026) to work on /opt/airflow/dags/dag_03_data_pipeline.py
[2026-06-16T17:21:26.752+0000] {processor.py:830} INFO - Processing file /opt/airflow/dags/dag_03_data_pipeline.py for tasks to queue
[2026-06-16T17:21:26.755+0000] {logging_mixin.py:188} INFO - [2026-06-16T17:21:26.755+0000] {dagbag.py:545} INFO - Filling up the DagBag from /opt/airflow/dags/dag_03_data_pipeline.py
[2026-06-16T17:21:26.769+0000] {processor.py:840} INFO - DAG(s) '03_getting_started_data_pipeline' retrieved from /opt/airflow/dags/dag_03_data_pipeline.py
[2026-06-16T17:21:26.824+0000] {logging_mixin.py:188} INFO - [2026-06-16T17:21:26.824+0000] {dag.py:3089} INFO - Sync 1 DAGs
[2026-06-16T17:21:26.841+0000] {logging_mixin.py:188} INFO - [2026-06-16T17:21:26.841+0000] {dag.py:3947} INFO - Setting next_dagrun for 03_getting_started_data_pipeline to None, run_after=None
[2026-06-16T17:21:26.867+0000] {processor.py:183} INFO - Processing /opt/airflow/dags/dag_03_data_pipeline.py took 0.130 seconds
[2026-06-16T17:21:57.691+0000] {processor.py:161} INFO - Started process (PID=24066) to work on /opt/airflow/dags/dag_03_data_pipeline.py
[2026-06-16T17:21:57.693+0000] {processor.py:830} INFO - Processing file /opt/airflow/dags/dag_03_data_pipeline.py for tasks to queue
[2026-06-16T17:21:57.695+0000] {logging_mixin.py:188} INFO - [2026-06-16T17:21:57.695+0000] {dagbag.py:545} INFO - Filling up the DagBag from /opt/airflow/dags/dag_03_data_pipeline.py
[2026-06-16T17:21:57.708+0000] {processor.py:840} INFO - DAG(s) '03_getting_started_data_pipeline' retrieved from /opt/airflow/dags/dag_03_data_pipeline.py
[2026-06-16T17:21:57.755+0000] {logging_mixin.py:188} INFO - [2026-06-16T17:21:57.755+0000] {dag.py:3089} INFO - Sync 1 DAGs
[2026-06-16T17:21:57.775+0000] {logging_mixin.py:188} INFO - [2026-06-16T17:21:57.775+0000] {dag.py:3947} INFO - Setting next_dagrun for 03_getting_started_data_pipeline to None, run_after=None
[2026-06-16T17:21:57.800+0000] {processor.py:183} INFO - Processing /opt/airflow/dags/dag_03_data_pipeline.py took 0.117 seconds
[2026-06-16T17:22:28.766+0000] {processor.py:161} INFO - Started process (PID=24106) to work on /opt/airflow/dags/dag_03_data_pipeline.py
[2026-06-16T17:22:28.767+0000] {processor.py:830} INFO - Processing file /opt/airflow/dags/dag_03_data_pipeline.py for tasks to queue
[2026-06-16T17:22:28.769+0000] {logging_mixin.py:188} INFO - [2026-06-16T17:22:28.769+0000] {dagbag.py:545} INFO - Filling up the DagBag from /opt/airflow/dags/dag_03_data_pipeline.py
[2026-06-16T17:22:28.780+0000] {processor.py:840} INFO - DAG(s) '03_getting_started_data_pipeline' retrieved from /opt/airflow/dags/dag_03_data_pipeline.py
[2026-06-16T17:22:28.826+0000] {logging_mixin.py:188} INFO - [2026-06-16T17:22:28.826+0000] {dag.py:3089} INFO - Sync 1 DAGs
[2026-06-16T17:22:28.844+0000] {logging_mixin.py:188} INFO - [2026-06-16T17:22:28.844+0000] {dag.py:3947} INFO - Setting next_dagrun for 03_getting_started_data_pipeline to None, run_after=None
[2026-06-16T17:22:28.869+0000] {processor.py:183} INFO - Processing /opt/airflow/dags/dag_03_data_pipeline.py took 0.110 seconds
[2026-06-16T17:22:59.819+0000] {processor.py:161} INFO - Started process (PID=24146) to work on /opt/airflow/dags/dag_03_data_pipeline.py
[2026-06-16T17:22:59.821+0000] {processor.py:830} INFO - Processing file /opt/airflow/dags/dag_03_data_pipeline.py for tasks to queue
[2026-06-16T17:22:59.824+0000] {logging_mixin.py:188} INFO - [2026-06-16T17:22:59.823+0000] {dagbag.py:545} INFO - Filling up the DagBag from /opt/airflow/dags/dag_03_data_pipeline.py
[2026-06-16T17:22:59.841+0000] {processor.py:840} INFO - DAG(s) '03_getting_started_data_pipeline' retrieved from /opt/airflow/dags/dag_03_data_pipeline.py
[2026-06-16T17:22:59.891+0000] {logging_mixin.py:188} INFO - [2026-06-16T17:22:59.891+0000] {dag.py:3089} INFO - Sync 1 DAGs
[2026-06-16T17:22:59.908+0000] {logging_mixin.py:188} INFO - [2026-06-16T17:22:59.908+0000] {dag.py:3947} INFO - Setting next_dagrun for 03_getting_started_data_pipeline to None, run_after=None
[2026-06-16T17:22:59.933+0000] {processor.py:183} INFO - Processing /opt/airflow/dags/dag_03_data_pipeline.py took 0.127 seconds
[2026-06-16T17:23:30.935+0000] {processor.py:161} INFO - Started process (PID=24186) to work on /opt/airflow/dags/dag_03_data_pipeline.py
[2026-06-16T17:23:30.936+0000] {processor.py:830} INFO - Processing file /opt/airflow/dags/dag_03_data_pipeline.py for tasks to queue
[2026-06-16T17:23:30.939+0000] {logging_mixin.py:188} INFO - [2026-06-16T17:23:30.938+0000] {dagbag.py:545} INFO - Filling up the DagBag from /opt/airflow/dags/dag_03_data_pipeline.py
[2026-06-16T17:23:30.951+0000] {processor.py:840} INFO - DAG(s) '03_getting_started_data_pipeline' retrieved from /opt/airflow/dags/dag_03_data_pipeline.py
[2026-06-16T17:23:31.007+0000] {logging_mixin.py:188} INFO - [2026-06-16T17:23:31.007+0000] {dag.py:3089} INFO - Sync 1 DAGs
[2026-06-16T17:23:31.022+0000] {logging_mixin.py:188} INFO - [2026-06-16T17:23:31.022+0000] {dag.py:3947} INFO - Setting next_dagrun for 03_getting_started_data_pipeline to None, run_after=None
[2026-06-16T17:23:31.048+0000] {processor.py:183} INFO - Processing /opt/airflow/dags/dag_03_data_pipeline.py took 0.122 seconds
[2026-06-16T17:24:01.708+0000] {processor.py:161} INFO - Started process (PID=24226) to work on /opt/airflow/dags/dag_03_data_pipeline.py
[2026-06-16T17:24:01.709+0000] {processor.py:830} INFO - Processing file /opt/airflow/dags/dag_03_data_pipeline.py for tasks to queue
[2026-06-16T17:24:01.044+0000] {logging_mixin.py:188} INFO - [2026-06-16T17:24:01.043+0000] {dagbag.py:545} INFO - Filling up the DagBag from /opt/airflow/dags/dag_03_data_pipeline.py
[2026-06-16T17:24:01.054+0000] {processor.py:840} INFO - DAG(s) '03_getting_started_data_pipeline' retrieved from /opt/airflow/dags/dag_03_data_pipeline.py
[2026-06-16T17:24:01.098+0000] {logging_mixin.py:188} INFO - [2026-06-16T17:24:01.098+0000] {dag.py:3089} INFO - Sync 1 DAGs
[2026-06-16T17:24:01.113+0000] {logging_mixin.py:188} INFO - [2026-06-16T17:24:01.113+0000] {dag.py:3947} INFO - Setting next_dagrun for 03_getting_started_data_pipeline to None, run_after=None
[2026-06-16T17:24:01.139+0000] {processor.py:183} INFO - Processing /opt/airflow/dags/dag_03_data_pipeline.py took 0.106 seconds
[2026-06-16T17:24:31.805+0000] {processor.py:161} INFO - Started process (PID=24266) to work on /opt/airflow/dags/dag_03_data_pipeline.py
[2026-06-16T17:24:31.806+0000] {processor.py:830} INFO - Processing file /opt/airflow/dags/dag_03_data_pipeline.py for tasks to queue
[2026-06-16T17:24:31.809+0000] {logging_mixin.py:188} INFO - [2026-06-16T17:24:31.808+0000] {dagbag.py:545} INFO - Filling up the DagBag from /opt/airflow/dags/dag_03_data_pipeline.py
[2026-06-16T17:24:31.820+0000] {processor.py:840} INFO - DAG(s) '03_getting_started_data_pipeline' retrieved from /opt/airflow/dags/dag_03_data_pipeline.py
[2026-06-16T17:24:31.868+0000] {logging_mixin.py:188} INFO - [2026-06-16T17:24:31.867+0000] {dag.py:3089} INFO - Sync 1 DAGs
[2026-06-16T17:24:31.886+0000] {logging_mixin.py:188} INFO - [2026-06-16T17:24:31.886+0000] {dag.py:3947} INFO - Setting next_dagrun for 03_getting_started_data_pipeline to None, run_after=None
[2026-06-16T17:24:31.911+0000] {processor.py:183} INFO - Processing /opt/airflow/dags/dag_03_data_pipeline.py took 0.114 seconds
[2026-06-16T17:25:01.950+0000] {processor.py:161} INFO - Started process (PID=24303) to work on /opt/airflow/dags/dag_03_data_pipeline.py
[2026-06-16T17:25:01.951+0000] {processor.py:830} INFO - Processing file /opt/airflow/dags/dag_03_data_pipeline.py for tasks to queue
[2026-06-16T17:25:01.953+0000] {logging_mixin.py:188} INFO - [2026-06-16T17:25:01.952+0000] {dagbag.py:545} INFO - Filling up the DagBag from /opt/airflow/dags/dag_03_data_pipeline.py
[2026-06-16T17:25:01.964+0000] {processor.py:840} INFO - DAG(s) '03_getting_started_data_pipeline' retrieved from /opt/airflow/dags/dag_03_data_pipeline.py
[2026-06-16T17:25:02.007+0000] {logging_mixin.py:188} INFO - [2026-06-16T17:25:02.007+0000] {dag.py:3089} INFO - Sync 1 DAGs
[2026-06-16T17:25:02.021+0000] {logging_mixin.py:188} INFO - [2026-06-16T17:25:02.021+0000] {dag.py:3947} INFO - Setting next_dagrun for 03_getting_started_data_pipeline to None, run_after=None
[2026-06-16T17:25:02.048+0000] {processor.py:183} INFO - Processing /opt/airflow/dags/dag_03_data_pipeline.py took 0.106 seconds
[2026-06-16T17:25:33.064+0000] {processor.py:161} INFO - Started process (PID=24346) to work on /opt/airflow/dags/dag_03_data_pipeline.py
[2026-06-16T17:25:33.066+0000] {processor.py:830} INFO - Processing file /opt/airflow/dags/dag_03_data_pipeline.py for tasks to queue
[2026-06-16T17:25:33.068+0000] {logging_mixin.py:188} INFO - [2026-06-16T17:25:33.068+0000] {dagbag.py:545} INFO - Filling up the DagBag from /opt/airflow/dags/dag_03_data_pipeline.py
[2026-06-16T17:25:33.081+0000] {processor.py:840} INFO - DAG(s) '03_getting_started_data_pipeline' retrieved from /opt/airflow/dags/dag_03_data_pipeline.py
[2026-06-16T17:25:33.129+0000] {logging_mixin.py:188} INFO - [2026-06-16T17:25:33.129+0000] {dag.py:3089} INFO - Sync 1 DAGs
[2026-06-16T17:25:33.147+0000] {logging_mixin.py:188} INFO - [2026-06-16T17:25:33.146+0000] {dag.py:3947} INFO - Setting next_dagrun for 03_getting_started_data_pipeline to None, run_after=None
[2026-06-16T17:25:33.171+0000] {processor.py:183} INFO - Processing /opt/airflow/dags/dag_03_data_pipeline.py took 0.115 seconds
[2026-06-16T17:26:03.920+0000] {processor.py:161} INFO - Started process (PID=24386) to work on /opt/airflow/dags/dag_03_data_pipeline.py
[2026-06-16T17:26:03.922+0000] {processor.py:830} INFO - Processing file /opt/airflow/dags/dag_03_data_pipeline.py for tasks to queue
[2026-06-16T17:26:03.924+0000] {logging_mixin.py:188} INFO - [2026-06-16T17:26:03.923+0000] {dagbag.py:545} INFO - Filling up the DagBag from /opt/airflow/dags/dag_03_data_pipeline.py
[2026-06-16T17:26:03.937+0000] {processor.py:840} INFO - DAG(s) '03_getting_started_data_pipeline' retrieved from /opt/airflow/dags/dag_03_data_pipeline.py
[2026-06-16T17:26:03.984+0000] {logging_mixin.py:188} INFO - [2026-06-16T17:26:03.984+0000] {dag.py:3089} INFO - Sync 1 DAGs
[2026-06-16T17:26:04.001+0000] {logging_mixin.py:188} INFO - [2026-06-16T17:26:04.001+0000] {dag.py:3947} INFO - Setting next_dagrun for 03_getting_started_data_pipeline to None, run_after=None
[2026-06-16T17:26:04.026+0000] {processor.py:183} INFO - Processing /opt/airflow/dags/dag_03_data_pipeline.py took 0.115 seconds
[2026-06-16T17:26:34.954+0000] {processor.py:161} INFO - Started process (PID=24426) to work on /opt/airflow/dags/dag_03_data_pipeline.py
[2026-06-16T17:26:34.955+0000] {processor.py:830} INFO - Processing file /opt/airflow/dags/dag_03_data_pipeline.py for tasks to queue
[2026-06-16T17:26:34.957+0000] {logging_mixin.py:188} INFO - [2026-06-16T17:26:34.957+0000] {dagbag.py:545} INFO - Filling up the DagBag from /opt/airflow/dags/dag_03_data_pipeline.py
[2026-06-16T17:26:34.968+0000] {processor.py:840} INFO - DAG(s) '03_getting_started_data_pipeline' retrieved from /opt/airflow/dags/dag_03_data_pipeline.py
[2026-06-16T17:26:35.012+0000] {logging_mixin.py:188} INFO - [2026-06-16T17:26:35.012+0000] {dag.py:3089} INFO - Sync 1 DAGs
[2026-06-16T17:26:35.027+0000] {logging_mixin.py:188} INFO - [2026-06-16T17:26:35.026+0000] {dag.py:3947} INFO - Setting next_dagrun for 03_getting_started_data_pipeline to None, run_after=None
[2026-06-16T17:26:35.052+0000] {processor.py:183} INFO - Processing /opt/airflow/dags/dag_03_data_pipeline.py took 0.106 seconds
[2026-06-16T17:27:06.013+0000] {processor.py:161} INFO - Started process (PID=24466) to work on /opt/airflow/dags/dag_03_data_pipeline.py
[2026-06-16T17:27:06.014+0000] {processor.py:830} INFO - Processing file /opt/airflow/dags/dag_03_data_pipeline.py for tasks to queue
[2026-06-16T17:27:06.016+0000] {logging_mixin.py:188} INFO - [2026-06-16T17:27:06.016+0000] {dagbag.py:545} INFO - Filling up the DagBag from /opt/airflow/dags/dag_03_data_pipeline.py
[2026-06-16T17:27:06.028+0000] {processor.py:840} INFO - DAG(s) '03_getting_started_data_pipeline' retrieved from /opt/airflow/dags/dag_03_data_pipeline.py
[2026-06-16T17:27:06.073+0000] {logging_mixin.py:188} INFO - [2026-06-16T17:27:06.073+0000] {dag.py:3089} INFO - Sync 1 DAGs
[2026-06-16T17:27:06.090+0000] {logging_mixin.py:188} INFO - [2026-06-16T17:27:06.090+0000] {dag.py:3947} INFO - Setting next_dagrun for 03_getting_started_data_pipeline to None, run_after=None
[2026-06-16T17:27:06.115+0000] {processor.py:183} INFO - Processing /opt/airflow/dags/dag_03_data_pipeline.py took 0.109 seconds
[2026-06-16T17:27:37.111+0000] {processor.py:161} INFO - Started process (PID=24506) to work on /opt/airflow/dags/dag_03_data_pipeline.py
[2026-06-16T17:27:37.112+0000] {processor.py:830} INFO - Processing file /opt/airflow/dags/dag_03_data_pipeline.py for tasks to queue
[2026-06-16T17:27:37.115+0000] {logging_mixin.py:188} INFO - [2026-06-16T17:27:37.114+0000] {dagbag.py:545} INFO - Filling up the DagBag from /opt/airflow/dags/dag_03_data_pipeline.py
[2026-06-16T17:27:37.127+0000] {processor.py:840} INFO - DAG(s) '03_getting_started_data_pipeline' retrieved from /opt/airflow/dags/dag_03_data_pipeline.py
[2026-06-16T17:27:37.179+0000] {logging_mixin.py:188} INFO - [2026-06-16T17:27:37.179+0000] {dag.py:3089} INFO - Sync 1 DAGs
[2026-06-16T17:27:37.196+0000] {logging_mixin.py:188} INFO - [2026-06-16T17:27:37.196+0000] {dag.py:3947} INFO - Setting next_dagrun for 03_getting_started_data_pipeline to None, run_after=None
[2026-06-16T17:27:37.222+0000] {processor.py:183} INFO - Processing /opt/airflow/dags/dag_03_data_pipeline.py took 0.123 seconds
[2026-06-16T17:28:08.125+0000] {processor.py:161} INFO - Started process (PID=24546) to work on /opt/airflow/dags/dag_03_data_pipeline.py
[2026-06-16T17:28:08.126+0000] {processor.py:830} INFO - Processing file /opt/airflow/dags/dag_03_data_pipeline.py for tasks to queue
[2026-06-16T17:28:08.128+0000] {logging_mixin.py:188} INFO - [2026-06-16T17:28:08.128+0000] {dagbag.py:545} INFO - Filling up the DagBag from /opt/airflow/dags/dag_03_data_pipeline.py
[2026-06-16T17:28:08.139+0000] {processor.py:840} INFO - DAG(s) '03_getting_started_data_pipeline' retrieved from /opt/airflow/dags/dag_03_data_pipeline.py
[2026-06-16T17:28:08.182+0000] {logging_mixin.py:188} INFO - [2026-06-16T17:28:08.182+0000] {dag.py:3089} INFO - Sync 1 DAGs
[2026-06-16T17:28:08.198+0000] {logging_mixin.py:188} INFO - [2026-06-16T17:28:08.197+0000] {dag.py:3947} INFO - Setting next_dagrun for 03_getting_started_data_pipeline to None, run_after=None
[2026-06-16T17:28:08.221+0000] {processor.py:183} INFO - Processing /opt/airflow/dags/dag_03_data_pipeline.py took 0.103 seconds
[2026-06-16T17:28:39.186+0000] {processor.py:161} INFO - Started process (PID=24586) to work on /opt/airflow/dags/dag_03_data_pipeline.py
[2026-06-16T17:28:39.187+0000] {processor.py:830} INFO - Processing file /opt/airflow/dags/dag_03_data_pipeline.py for tasks to queue
[2026-06-16T17:28:39.190+0000] {logging_mixin.py:188} INFO - [2026-06-16T17:28:39.190+0000] {dagbag.py:545} INFO - Filling up the DagBag from /opt/airflow/dags/dag_03_data_pipeline.py
[2026-06-16T17:28:39.202+0000] {processor.py:840} INFO - DAG(s) '03_getting_started_data_pipeline' retrieved from /opt/airflow/dags/dag_03_data_pipeline.py
[2026-06-16T17:28:39.250+0000] {logging_mixin.py:188} INFO - [2026-06-16T17:28:39.250+0000] {dag.py:3089} INFO - Sync 1 DAGs
[2026-06-16T17:28:39.267+0000] {logging_mixin.py:188} INFO - [2026-06-16T17:28:39.266+0000] {dag.py:3947} INFO - Setting next_dagrun for 03_getting_started_data_pipeline to None, run_after=None
[2026-06-16T17:28:39.291+0000] {processor.py:183} INFO - Processing /opt/airflow/dags/dag_03_data_pipeline.py took 0.114 seconds
[2026-06-16T17:29:10.258+0000] {processor.py:161} INFO - Started process (PID=24626) to work on /opt/airflow/dags/dag_03_data_pipeline.py
[2026-06-16T17:29:10.260+0000] {processor.py:830} INFO - Processing file /opt/airflow/dags/dag_03_data_pipeline.py for tasks to queue
[2026-06-16T17:29:10.262+0000] {logging_mixin.py:188} INFO - [2026-06-16T17:29:10.262+0000] {dagbag.py:545} INFO - Filling up the DagBag from /opt/airflow/dags/dag_03_data_pipeline.py
[2026-06-16T17:29:10.274+0000] {processor.py:840} INFO - DAG(s) '03_getting_started_data_pipeline' retrieved from /opt/airflow/dags/dag_03_data_pipeline.py
[2026-06-16T17:29:10.340+0000] {logging_mixin.py:188} INFO - [2026-06-16T17:29:10.340+0000] {dag.py:3089} INFO - Sync 1 DAGs
[2026-06-16T17:29:10.359+0000] {logging_mixin.py:188} INFO - [2026-06-16T17:29:10.358+0000] {dag.py:3947} INFO - Setting next_dagrun for 03_getting_started_data_pipeline to None, run_after=None
[2026-06-16T17:29:10.384+0000] {processor.py:183} INFO - Processing /opt/airflow/dags/dag_03_data_pipeline.py took 0.136 seconds
[2026-06-16T17:29:41.389+0000] {processor.py:161} INFO - Started process (PID=24666) to work on /opt/airflow/dags/dag_03_data_pipeline.py
[2026-06-16T17:29:41.391+0000] {processor.py:830} INFO - Processing file /opt/airflow/dags/dag_03_data_pipeline.py for tasks to queue
[2026-06-16T17:29:41.393+0000] {logging_mixin.py:188} INFO - [2026-06-16T17:29:41.392+0000] {dagbag.py:545} INFO - Filling up the DagBag from /opt/airflow/dags/dag_03_data_pipeline.py
[2026-06-16T17:29:41.406+0000] {processor.py:840} INFO - DAG(s) '03_getting_started_data_pipeline' retrieved from /opt/airflow/dags/dag_03_data_pipeline.py
[2026-06-16T17:29:41.452+0000] {logging_mixin.py:188} INFO - [2026-06-16T17:29:41.452+0000] {dag.py:3089} INFO - Sync 1 DAGs
[2026-06-16T17:29:41.470+0000] {logging_mixin.py:188} INFO - [2026-06-16T17:29:41.470+0000] {dag.py:3947} INFO - Setting next_dagrun for 03_getting_started_data_pipeline to None, run_after=None
[2026-06-16T17:29:41.495+0000] {processor.py:183} INFO - Processing /opt/airflow/dags/dag_03_data_pipeline.py took 0.115 seconds
[2026-06-16T17:30:12.474+0000] {processor.py:161} INFO - Started process (PID=24706) to work on /opt/airflow/dags/dag_03_data_pipeline.py
[2026-06-16T17:30:12.475+0000] {processor.py:830} INFO - Processing file /opt/airflow/dags/dag_03_data_pipeline.py for tasks to queue
[2026-06-16T17:30:12.478+0000] {logging_mixin.py:188} INFO - [2026-06-16T17:30:12.478+0000] {dagbag.py:545} INFO - Filling up the DagBag from /opt/airflow/dags/dag_03_data_pipeline.py
[2026-06-16T17:30:12.492+0000] {processor.py:840} INFO - DAG(s) '03_getting_started_data_pipeline' retrieved from /opt/airflow/dags/dag_03_data_pipeline.py
[2026-06-16T17:30:12.548+0000] {logging_mixin.py:188} INFO - [2026-06-16T17:30:12.548+0000] {dag.py:3089} INFO - Sync 1 DAGs
[2026-06-16T17:30:12.565+0000] {logging_mixin.py:188} INFO - [2026-06-16T17:30:12.564+0000] {dag.py:3947} INFO - Setting next_dagrun for 03_getting_started_data_pipeline to None, run_after=None
[2026-06-16T17:30:12.592+0000] {processor.py:183} INFO - Processing /opt/airflow/dags/dag_03_data_pipeline.py took 0.127 seconds
[2026-06-16T17:30:43.446+0000] {processor.py:161} INFO - Started process (PID=24746) to work on /opt/airflow/dags/dag_03_data_pipeline.py
[2026-06-16T17:30:43.447+0000] {processor.py:830} INFO - Processing file /opt/airflow/dags/dag_03_data_pipeline.py for tasks to queue
[2026-06-16T17:30:43.449+0000] {logging_mixin.py:188} INFO - [2026-06-16T17:30:43.449+0000] {dagbag.py:545} INFO - Filling up the DagBag from /opt/airflow/dags/dag_03_data_pipeline.py
[2026-06-16T17:30:43.459+0000] {processor.py:840} INFO - DAG(s) '03_getting_started_data_pipeline' retrieved from /opt/airflow/dags/dag_03_data_pipeline.py
[2026-06-16T17:30:43.502+0000] {logging_mixin.py:188} INFO - [2026-06-16T17:30:43.502+0000] {dag.py:3089} INFO - Sync 1 DAGs
[2026-06-16T17:30:43.518+0000] {logging_mixin.py:188} INFO - [2026-06-16T17:30:43.518+0000] {dag.py:3947} INFO - Setting next_dagrun for 03_getting_started_data_pipeline to None, run_after=None
[2026-06-16T17:30:43.543+0000] {processor.py:183} INFO - Processing /opt/airflow/dags/dag_03_data_pipeline.py took 0.103 seconds
[2026-06-16T17:31:14.431+0000] {processor.py:161} INFO - Started process (PID=24786) to work on /opt/airflow/dags/dag_03_data_pipeline.py
[2026-06-16T17:31:14.432+0000] {processor.py:830} INFO - Processing file /opt/airflow/dags/dag_03_data_pipeline.py for tasks to queue
[2026-06-16T17:31:14.434+0000] {logging_mixin.py:188} INFO - [2026-06-16T17:31:14.434+0000] {dagbag.py:545} INFO - Filling up the DagBag from /opt/airflow/dags/dag_03_data_pipeline.py
[2026-06-16T17:31:14.447+0000] {processor.py:840} INFO - DAG(s) '03_getting_started_data_pipeline' retrieved from /opt/airflow/dags/dag_03_data_pipeline.py
[2026-06-16T17:31:14.498+0000] {logging_mixin.py:188} INFO - [2026-06-16T17:31:14.497+0000] {dag.py:3089} INFO - Sync 1 DAGs
[2026-06-16T17:31:14.515+0000] {logging_mixin.py:188} INFO - [2026-06-16T17:31:14.514+0000] {dag.py:3947} INFO - Setting next_dagrun for 03_getting_started_data_pipeline to None, run_after=None
[2026-06-16T17:31:14.540+0000] {processor.py:183} INFO - Processing /opt/airflow/dags/dag_03_data_pipeline.py took 0.120 seconds
[2026-06-16T17:31:45.476+0000] {processor.py:161} INFO - Started process (PID=24826) to work on /opt/airflow/dags/dag_03_data_pipeline.py
[2026-06-16T17:31:45.477+0000] {processor.py:830} INFO - Processing file /opt/airflow/dags/dag_03_data_pipeline.py for tasks to queue
[2026-06-16T17:31:45.479+0000] {logging_mixin.py:188} INFO - [2026-06-16T17:31:45.479+0000] {dagbag.py:545} INFO - Filling up the DagBag from /opt/airflow/dags/dag_03_data_pipeline.py
[2026-06-16T17:31:45.489+0000] {processor.py:840} INFO - DAG(s) '03_getting_started_data_pipeline' retrieved from /opt/airflow/dags/dag_03_data_pipeline.py
[2026-06-16T17:31:45.533+0000] {logging_mixin.py:188} INFO - [2026-06-16T17:31:45.533+0000] {dag.py:3089} INFO - Sync 1 DAGs
[2026-06-16T17:31:45.550+0000] {logging_mixin.py:188} INFO - [2026-06-16T17:31:45.549+0000] {dag.py:3947} INFO - Setting next_dagrun for 03_getting_started_data_pipeline to None, run_after=None
[2026-06-16T17:31:45.576+0000] {processor.py:183} INFO - Processing /opt/airflow/dags/dag_03_data_pipeline.py took 0.107 seconds
[2026-06-16T17:32:15.701+0000] {processor.py:161} INFO - Started process (PID=24866) to work on /opt/airflow/dags/dag_03_data_pipeline.py
[2026-06-16T17:32:15.703+0000] {processor.py:830} INFO - Processing file /opt/airflow/dags/dag_03_data_pipeline.py for tasks to queue
[2026-06-16T17:32:15.705+0000] {logging_mixin.py:188} INFO - [2026-06-16T17:32:15.704+0000] {dagbag.py:545} INFO - Filling up the DagBag from /opt/airflow/dags/dag_03_data_pipeline.py
[2026-06-16T17:32:15.718+0000] {processor.py:840} INFO - DAG(s) '03_getting_started_data_pipeline' retrieved from /opt/airflow/dags/dag_03_data_pipeline.py
[2026-06-16T17:32:15.765+0000] {logging_mixin.py:188} INFO - [2026-06-16T17:32:15.765+0000] {dag.py:3089} INFO - Sync 1 DAGs
[2026-06-16T17:32:15.786+0000] {logging_mixin.py:188} INFO - [2026-06-16T17:32:15.786+0000] {dag.py:3947} INFO - Setting next_dagrun for 03_getting_started_data_pipeline to None, run_after=None
[2026-06-16T17:32:15.812+0000] {processor.py:183} INFO - Processing /opt/airflow/dags/dag_03_data_pipeline.py took 0.120 seconds
[2026-06-16T17:32:45.881+0000] {processor.py:161} INFO - Started process (PID=24906) to work on /opt/airflow/dags/dag_03_data_pipeline.py
[2026-06-16T17:32:45.884+0000] {processor.py:830} INFO - Processing file /opt/airflow/dags/dag_03_data_pipeline.py for tasks to queue
[2026-06-16T17:32:45.886+0000] {logging_mixin.py:188} INFO - [2026-06-16T17:32:45.885+0000] {dagbag.py:545} INFO - Filling up the DagBag from /opt/airflow/dags/dag_03_data_pipeline.py
[2026-06-16T17:32:45.896+0000] {processor.py:840} INFO - DAG(s) '03_getting_started_data_pipeline' retrieved from /opt/airflow/dags/dag_03_data_pipeline.py
[2026-06-16T17:32:45.947+0000] {logging_mixin.py:188} INFO - [2026-06-16T17:32:45.946+0000] {dag.py:3089} INFO - Sync 1 DAGs
[2026-06-16T17:32:45.963+0000] {logging_mixin.py:188} INFO - [2026-06-16T17:32:45.963+0000] {dag.py:3947} INFO - Setting next_dagrun for 03_getting_started_data_pipeline to None, run_after=None
[2026-06-16T17:32:45.987+0000] {processor.py:183} INFO - Processing /opt/airflow/dags/dag_03_data_pipeline.py took 0.113 seconds
[2026-06-16T17:33:16.047+0000] {processor.py:161} INFO - Started process (PID=24946) to work on /opt/airflow/dags/dag_03_data_pipeline.py
[2026-06-16T17:33:16.048+0000] {processor.py:830} INFO - Processing file /opt/airflow/dags/dag_03_data_pipeline.py for tasks to queue
[2026-06-16T17:33:16.050+0000] {logging_mixin.py:188} INFO - [2026-06-16T17:33:16.050+0000] {dagbag.py:545} INFO - Filling up the DagBag from /opt/airflow/dags/dag_03_data_pipeline.py
[2026-06-16T17:33:16.061+0000] {processor.py:840} INFO - DAG(s) '03_getting_started_data_pipeline' retrieved from /opt/airflow/dags/dag_03_data_pipeline.py
[2026-06-16T17:33:16.104+0000] {logging_mixin.py:188} INFO - [2026-06-16T17:33:16.104+0000] {dag.py:3089} INFO - Sync 1 DAGs
[2026-06-16T17:33:16.119+0000] {logging_mixin.py:188} INFO - [2026-06-16T17:33:16.119+0000] {dag.py:3947} INFO - Setting next_dagrun for 03_getting_started_data_pipeline to None, run_after=None
[2026-06-16T17:33:16.144+0000] {processor.py:183} INFO - Processing /opt/airflow/dags/dag_03_data_pipeline.py took 0.104 seconds
[2026-06-16T17:33:46.219+0000] {processor.py:161} INFO - Started process (PID=24986) to work on /opt/airflow/dags/dag_03_data_pipeline.py
[2026-06-16T17:33:46.220+0000] {processor.py:830} INFO - Processing file /opt/airflow/dags/dag_03_data_pipeline.py for tasks to queue
[2026-06-16T17:33:46.223+0000] {logging_mixin.py:188} INFO - [2026-06-16T17:33:46.223+0000] {dagbag.py:545} INFO - Filling up the DagBag from /opt/airflow/dags/dag_03_data_pipeline.py
[2026-06-16T17:33:46.238+0000] {processor.py:840} INFO - DAG(s) '03_getting_started_data_pipeline' retrieved from /opt/airflow/dags/dag_03_data_pipeline.py
[2026-06-16T17:33:46.286+0000] {logging_mixin.py:188} INFO - [2026-06-16T17:33:46.286+0000] {dag.py:3089} INFO - Sync 1 DAGs
[2026-06-16T17:33:46.304+0000] {logging_mixin.py:188} INFO - [2026-06-16T17:33:46.304+0000] {dag.py:3947} INFO - Setting next_dagrun for 03_getting_started_data_pipeline to None, run_after=None
[2026-06-16T17:33:46.330+0000] {processor.py:183} INFO - Processing /opt/airflow/dags/dag_03_data_pipeline.py took 0.120 seconds
[2026-06-16T17:34:17.249+0000] {processor.py:161} INFO - Started process (PID=25026) to work on /opt/airflow/dags/dag_03_data_pipeline.py
[2026-06-16T17:34:17.250+0000] {processor.py:830} INFO - Processing file /opt/airflow/dags/dag_03_data_pipeline.py for tasks to queue
[2026-06-16T17:34:17.252+0000] {logging_mixin.py:188} INFO - [2026-06-16T17:34:17.252+0000] {dagbag.py:545} INFO - Filling up the DagBag from /opt/airflow/dags/dag_03_data_pipeline.py
[2026-06-16T17:34:17.262+0000] {processor.py:840} INFO - DAG(s) '03_getting_started_data_pipeline' retrieved from /opt/airflow/dags/dag_03_data_pipeline.py
[2026-06-16T17:34:17.306+0000] {logging_mixin.py:188} INFO - [2026-06-16T17:34:17.306+0000] {dag.py:3089} INFO - Sync 1 DAGs
[2026-06-16T17:34:17.323+0000] {logging_mixin.py:188} INFO - [2026-06-16T17:34:17.323+0000] {dag.py:3947} INFO - Setting next_dagrun for 03_getting_started_data_pipeline to None, run_after=None
[2026-06-16T17:34:17.347+0000] {processor.py:183} INFO - Processing /opt/airflow/dags/dag_03_data_pipeline.py took 0.106 seconds
[2026-06-16T17:34:47.500+0000] {processor.py:161} INFO - Started process (PID=25066) to work on /opt/airflow/dags/dag_03_data_pipeline.py
[2026-06-16T17:34:47.504+0000] {processor.py:830} INFO - Processing file /opt/airflow/dags/dag_03_data_pipeline.py for tasks to queue
[2026-06-16T17:34:47.506+0000] {logging_mixin.py:188} INFO - [2026-06-16T17:34:47.505+0000] {dagbag.py:545} INFO - Filling up the DagBag from /opt/airflow/dags/dag_03_data_pipeline.py
[2026-06-16T17:34:47.517+0000] {processor.py:840} INFO - DAG(s) '03_getting_started_data_pipeline' retrieved from /opt/airflow/dags/dag_03_data_pipeline.py
[2026-06-16T17:34:47.565+0000] {logging_mixin.py:188} INFO - [2026-06-16T17:34:47.564+0000] {dag.py:3089} INFO - Sync 1 DAGs
[2026-06-16T17:34:47.582+0000] {logging_mixin.py:188} INFO - [2026-06-16T17:34:47.582+0000] {dag.py:3947} INFO - Setting next_dagrun for 03_getting_started_data_pipeline to None, run_after=None
[2026-06-16T17:34:47.607+0000] {processor.py:183} INFO - Processing /opt/airflow/dags/dag_03_data_pipeline.py took 0.114 seconds
[2026-06-16T17:35:17.640+0000] {processor.py:161} INFO - Started process (PID=25103) to work on /opt/airflow/dags/dag_03_data_pipeline.py
[2026-06-16T17:35:17.640+0000] {processor.py:830} INFO - Processing file /opt/airflow/dags/dag_03_data_pipeline.py for tasks to queue
[2026-06-16T17:35:17.643+0000] {logging_mixin.py:188} INFO - [2026-06-16T17:35:17.642+0000] {dagbag.py:545} INFO - Filling up the DagBag from /opt/airflow/dags/dag_03_data_pipeline.py
[2026-06-16T17:35:17.654+0000] {processor.py:840} INFO - DAG(s) '03_getting_started_data_pipeline' retrieved from /opt/airflow/dags/dag_03_data_pipeline.py
[2026-06-16T17:35:17.695+0000] {logging_mixin.py:188} INFO - [2026-06-16T17:35:17.695+0000] {dag.py:3089} INFO - Sync 1 DAGs
[2026-06-16T17:35:17.708+0000] {logging_mixin.py:188} INFO - [2026-06-16T17:35:17.708+0000] {dag.py:3947} INFO - Setting next_dagrun for 03_getting_started_data_pipeline to None, run_after=None
[2026-06-16T17:35:17.730+0000] {processor.py:183} INFO - Processing /opt/airflow/dags/dag_03_data_pipeline.py took 0.098 seconds
[2026-06-16T17:35:47.849+0000] {processor.py:161} INFO - Started process (PID=25143) to work on /opt/airflow/dags/dag_03_data_pipeline.py
[2026-06-16T17:35:47.852+0000] {processor.py:830} INFO - Processing file /opt/airflow/dags/dag_03_data_pipeline.py for tasks to queue
[2026-06-16T17:35:47.854+0000] {logging_mixin.py:188} INFO - [2026-06-16T17:35:47.854+0000] {dagbag.py:545} INFO - Filling up the DagBag from /opt/airflow/dags/dag_03_data_pipeline.py
[2026-06-16T17:35:47.864+0000] {processor.py:840} INFO - DAG(s) '03_getting_started_data_pipeline' retrieved from /opt/airflow/dags/dag_03_data_pipeline.py
[2026-06-16T17:35:47.903+0000] {logging_mixin.py:188} INFO - [2026-06-16T17:35:47.903+0000] {dag.py:3089} INFO - Sync 1 DAGs
[2026-06-16T17:35:47.916+0000] {logging_mixin.py:188} INFO - [2026-06-16T17:35:47.916+0000] {dag.py:3947} INFO - Setting next_dagrun for 03_getting_started_data_pipeline to None, run_after=None
[2026-06-16T17:35:47.941+0000] {processor.py:183} INFO - Processing /opt/airflow/dags/dag_03_data_pipeline.py took 0.098 seconds
[2026-06-16T17:36:18.009+0000] {processor.py:161} INFO - Started process (PID=25183) to work on /opt/airflow/dags/dag_03_data_pipeline.py
[2026-06-16T17:36:18.010+0000] {processor.py:830} INFO - Processing file /opt/airflow/dags/dag_03_data_pipeline.py for tasks to queue
[2026-06-16T17:36:18.012+0000] {logging_mixin.py:188} INFO - [2026-06-16T17:36:18.011+0000] {dagbag.py:545} INFO - Filling up the DagBag from /opt/airflow/dags/dag_03_data_pipeline.py
[2026-06-16T17:36:18.021+0000] {processor.py:840} INFO - DAG(s) '03_getting_started_data_pipeline' retrieved from /opt/airflow/dags/dag_03_data_pipeline.py
[2026-06-16T17:36:18.064+0000] {logging_mixin.py:188} INFO - [2026-06-16T17:36:18.064+0000] {dag.py:3089} INFO - Sync 1 DAGs
[2026-06-16T17:36:18.078+0000] {logging_mixin.py:188} INFO - [2026-06-16T17:36:18.078+0000] {dag.py:3947} INFO - Setting next_dagrun for 03_getting_started_data_pipeline to None, run_after=None
[2026-06-16T17:36:18.103+0000] {processor.py:183} INFO - Processing /opt/airflow/dags/dag_03_data_pipeline.py took 0.100 seconds
[2026-06-16T17:36:48.275+0000] {processor.py:161} INFO - Started process (PID=25223) to work on /opt/airflow/dags/dag_03_data_pipeline.py
[2026-06-16T17:36:48.285+0000] {processor.py:830} INFO - Processing file /opt/airflow/dags/dag_03_data_pipeline.py for tasks to queue
[2026-06-16T17:36:48.287+0000] {logging_mixin.py:188} INFO - [2026-06-16T17:36:48.287+0000] {dagbag.py:545} INFO - Filling up the DagBag from /opt/airflow/dags/dag_03_data_pipeline.py
[2026-06-16T17:36:48.299+0000] {processor.py:840} INFO - DAG(s) '03_getting_started_data_pipeline' retrieved from /opt/airflow/dags/dag_03_data_pipeline.py
[2026-06-16T17:36:48.347+0000] {logging_mixin.py:188} INFO - [2026-06-16T17:36:48.347+0000] {dag.py:3089} INFO - Sync 1 DAGs
[2026-06-16T17:36:48.364+0000] {logging_mixin.py:188} INFO - [2026-06-16T17:36:48.363+0000] {dag.py:3947} INFO - Setting next_dagrun for 03_getting_started_data_pipeline to None, run_after=None
[2026-06-16T17:36:48.391+0000] {processor.py:183} INFO - Processing /opt/airflow/dags/dag_03_data_pipeline.py took 0.124 seconds
[2026-06-16T17:37:19.343+0000] {processor.py:161} INFO - Started process (PID=25266) to work on /opt/airflow/dags/dag_03_data_pipeline.py
[2026-06-16T17:37:19.344+0000] {processor.py:830} INFO - Processing file /opt/airflow/dags/dag_03_data_pipeline.py for tasks to queue
[2026-06-16T17:37:19.346+0000] {logging_mixin.py:188} INFO - [2026-06-16T17:37:19.345+0000] {dagbag.py:545} INFO - Filling up the DagBag from /opt/airflow/dags/dag_03_data_pipeline.py
[2026-06-16T17:37:19.356+0000] {processor.py:840} INFO - DAG(s) '03_getting_started_data_pipeline' retrieved from /opt/airflow/dags/dag_03_data_pipeline.py
[2026-06-16T17:37:19.404+0000] {logging_mixin.py:188} INFO - [2026-06-16T17:37:19.403+0000] {dag.py:3089} INFO - Sync 1 DAGs
[2026-06-16T17:37:19.420+0000] {logging_mixin.py:188} INFO - [2026-06-16T17:37:19.420+0000] {dag.py:3947} INFO - Setting next_dagrun for 03_getting_started_data_pipeline to None, run_after=None
[2026-06-16T17:37:19.446+0000] {processor.py:183} INFO - Processing /opt/airflow/dags/dag_03_data_pipeline.py took 0.110 seconds
[2026-06-16T17:37:49.553+0000] {processor.py:161} INFO - Started process (PID=25306) to work on /opt/airflow/dags/dag_03_data_pipeline.py
[2026-06-16T17:37:49.554+0000] {processor.py:830} INFO - Processing file /opt/airflow/dags/dag_03_data_pipeline.py for tasks to queue
[2026-06-16T17:37:49.556+0000] {logging_mixin.py:188} INFO - [2026-06-16T17:37:49.556+0000] {dagbag.py:545} INFO - Filling up the DagBag from /opt/airflow/dags/dag_03_data_pipeline.py
[2026-06-16T17:37:49.570+0000] {processor.py:840} INFO - DAG(s) '03_getting_started_data_pipeline' retrieved from /opt/airflow/dags/dag_03_data_pipeline.py
[2026-06-16T17:37:49.616+0000] {logging_mixin.py:188} INFO - [2026-06-16T17:37:49.615+0000] {dag.py:3089} INFO - Sync 1 DAGs
[2026-06-16T17:37:49.636+0000] {logging_mixin.py:188} INFO - [2026-06-16T17:37:49.636+0000] {dag.py:3947} INFO - Setting next_dagrun for 03_getting_started_data_pipeline to None, run_after=None
[2026-06-16T17:37:49.662+0000] {processor.py:183} INFO - Processing /opt/airflow/dags/dag_03_data_pipeline.py took 0.118 seconds
[2026-06-16T17:38:19.781+0000] {processor.py:161} INFO - Started process (PID=25346) to work on /opt/airflow/dags/dag_03_data_pipeline.py
[2026-06-16T17:38:19.782+0000] {processor.py:830} INFO - Processing file /opt/airflow/dags/dag_03_data_pipeline.py for tasks to queue
[2026-06-16T17:38:19.784+0000] {logging_mixin.py:188} INFO - [2026-06-16T17:38:19.784+0000] {dagbag.py:545} INFO - Filling up the DagBag from /opt/airflow/dags/dag_03_data_pipeline.py
[2026-06-16T17:38:19.802+0000] {processor.py:840} INFO - DAG(s) '03_getting_started_data_pipeline' retrieved from /opt/airflow/dags/dag_03_data_pipeline.py
[2026-06-16T17:38:19.848+0000] {logging_mixin.py:188} INFO - [2026-06-16T17:38:19.848+0000] {dag.py:3089} INFO - Sync 1 DAGs
[2026-06-16T17:38:19.866+0000] {logging_mixin.py:188} INFO - [2026-06-16T17:38:19.865+0000] {dag.py:3947} INFO - Setting next_dagrun for 03_getting_started_data_pipeline to None, run_after=None
[2026-06-16T17:38:19.891+0000] {processor.py:183} INFO - Processing /opt/airflow/dags/dag_03_data_pipeline.py took 0.118 seconds
[2026-06-16T17:38:50.884+0000] {processor.py:161} INFO - Started process (PID=25386) to work on /opt/airflow/dags/dag_03_data_pipeline.py
[2026-06-16T17:38:50.885+0000] {processor.py:830} INFO - Processing file /opt/airflow/dags/dag_03_data_pipeline.py for tasks to queue
[2026-06-16T17:38:50.888+0000] {logging_mixin.py:188} INFO - [2026-06-16T17:38:50.887+0000] {dagbag.py:545} INFO - Filling up the DagBag from /opt/airflow/dags/dag_03_data_pipeline.py
[2026-06-16T17:38:50.900+0000] {processor.py:840} INFO - DAG(s) '03_getting_started_data_pipeline' retrieved from /opt/airflow/dags/dag_03_data_pipeline.py
[2026-06-16T17:38:50.946+0000] {logging_mixin.py:188} INFO - [2026-06-16T17:38:50.946+0000] {dag.py:3089} INFO - Sync 1 DAGs
[2026-06-16T17:38:50.964+0000] {logging_mixin.py:188} INFO - [2026-06-16T17:38:50.963+0000] {dag.py:3947} INFO - Setting next_dagrun for 03_getting_started_data_pipeline to None, run_after=None
[2026-06-16T17:38:50.990+0000] {processor.py:183} INFO - Processing /opt/airflow/dags/dag_03_data_pipeline.py took 0.113 seconds
[2026-06-16T17:39:21.709+0000] {processor.py:161} INFO - Started process (PID=25426) to work on /opt/airflow/dags/dag_03_data_pipeline.py
[2026-06-16T17:39:21.710+0000] {processor.py:830} INFO - Processing file /opt/airflow/dags/dag_03_data_pipeline.py for tasks to queue
[2026-06-16T17:39:21.712+0000] {logging_mixin.py:188} INFO - [2026-06-16T17:39:21.712+0000] {dagbag.py:545} INFO - Filling up the DagBag from /opt/airflow/dags/dag_03_data_pipeline.py
[2026-06-16T17:39:21.724+0000] {processor.py:840} INFO - DAG(s) '03_getting_started_data_pipeline' retrieved from /opt/airflow/dags/dag_03_data_pipeline.py
[2026-06-16T17:39:21.771+0000] {logging_mixin.py:188} INFO - [2026-06-16T17:39:21.770+0000] {dag.py:3089} INFO - Sync 1 DAGs
[2026-06-16T17:39:21.791+0000] {logging_mixin.py:188} INFO - [2026-06-16T17:39:21.791+0000] {dag.py:3947} INFO - Setting next_dagrun for 03_getting_started_data_pipeline to None, run_after=None
[2026-06-16T17:39:21.817+0000] {processor.py:183} INFO - Processing /opt/airflow/dags/dag_03_data_pipeline.py took 0.118 seconds
[2026-06-16T17:39:52.806+0000] {processor.py:161} INFO - Started process (PID=25466) to work on /opt/airflow/dags/dag_03_data_pipeline.py
[2026-06-16T17:39:52.807+0000] {processor.py:830} INFO - Processing file /opt/airflow/dags/dag_03_data_pipeline.py for tasks to queue
[2026-06-16T17:39:52.809+0000] {logging_mixin.py:188} INFO - [2026-06-16T17:39:52.809+0000] {dagbag.py:545} INFO - Filling up the DagBag from /opt/airflow/dags/dag_03_data_pipeline.py
[2026-06-16T17:39:52.823+0000] {processor.py:840} INFO - DAG(s) '03_getting_started_data_pipeline' retrieved from /opt/airflow/dags/dag_03_data_pipeline.py
[2026-06-16T17:39:52.871+0000] {logging_mixin.py:188} INFO - [2026-06-16T17:39:52.870+0000] {dag.py:3089} INFO - Sync 1 DAGs
[2026-06-16T17:39:52.890+0000] {logging_mixin.py:188} INFO - [2026-06-16T17:39:52.890+0000] {dag.py:3947} INFO - Setting next_dagrun for 03_getting_started_data_pipeline to None, run_after=None
[2026-06-16T17:39:52.913+0000] {processor.py:183} INFO - Processing /opt/airflow/dags/dag_03_data_pipeline.py took 0.117 seconds
[2026-06-16T17:40:23.948+0000] {processor.py:161} INFO - Started process (PID=25506) to work on /opt/airflow/dags/dag_03_data_pipeline.py
[2026-06-16T17:40:23.950+0000] {processor.py:830} INFO - Processing file /opt/airflow/dags/dag_03_data_pipeline.py for tasks to queue
[2026-06-16T17:40:23.954+0000] {logging_mixin.py:188} INFO - [2026-06-16T17:40:23.954+0000] {dagbag.py:545} INFO - Filling up the DagBag from /opt/airflow/dags/dag_03_data_pipeline.py
[2026-06-16T17:40:23.974+0000] {processor.py:840} INFO - DAG(s) '03_getting_started_data_pipeline' retrieved from /opt/airflow/dags/dag_03_data_pipeline.py
[2026-06-16T17:40:24.026+0000] {logging_mixin.py:188} INFO - [2026-06-16T17:40:24.025+0000] {dag.py:3089} INFO - Sync 1 DAGs
[2026-06-16T17:40:24.044+0000] {logging_mixin.py:188} INFO - [2026-06-16T17:40:24.044+0000] {dag.py:3947} INFO - Setting next_dagrun for 03_getting_started_data_pipeline to None, run_after=None
[2026-06-16T17:40:24.068+0000] {processor.py:183} INFO - Processing /opt/airflow/dags/dag_03_data_pipeline.py took 0.131 seconds
[2026-06-16T17:40:55.041+0000] {processor.py:161} INFO - Started process (PID=25546) to work on /opt/airflow/dags/dag_03_data_pipeline.py
[2026-06-16T17:40:55.042+0000] {processor.py:830} INFO - Processing file /opt/airflow/dags/dag_03_data_pipeline.py for tasks to queue
[2026-06-16T17:40:55.044+0000] {logging_mixin.py:188} INFO - [2026-06-16T17:40:55.043+0000] {dagbag.py:545} INFO - Filling up the DagBag from /opt/airflow/dags/dag_03_data_pipeline.py
[2026-06-16T17:40:55.054+0000] {processor.py:840} INFO - DAG(s) '03_getting_started_data_pipeline' retrieved from /opt/airflow/dags/dag_03_data_pipeline.py
[2026-06-16T17:40:55.097+0000] {logging_mixin.py:188} INFO - [2026-06-16T17:40:55.096+0000] {dag.py:3089} INFO - Sync 1 DAGs
[2026-06-16T17:40:55.114+0000] {logging_mixin.py:188} INFO - [2026-06-16T17:40:55.113+0000] {dag.py:3947} INFO - Setting next_dagrun for 03_getting_started_data_pipeline to None, run_after=None
[2026-06-16T17:40:55.138+0000] {processor.py:183} INFO - Processing /opt/airflow/dags/dag_03_data_pipeline.py took 0.104 seconds
[2026-06-16T17:41:26.169+0000] {processor.py:161} INFO - Started process (PID=25586) to work on /opt/airflow/dags/dag_03_data_pipeline.py
[2026-06-16T17:41:26.170+0000] {processor.py:830} INFO - Processing file /opt/airflow/dags/dag_03_data_pipeline.py for tasks to queue
[2026-06-16T17:41:26.173+0000] {logging_mixin.py:188} INFO - [2026-06-16T17:41:26.172+0000] {dagbag.py:545} INFO - Filling up the DagBag from /opt/airflow/dags/dag_03_data_pipeline.py
[2026-06-16T17:41:26.185+0000] {processor.py:840} INFO - DAG(s) '03_getting_started_data_pipeline' retrieved from /opt/airflow/dags/dag_03_data_pipeline.py
[2026-06-16T17:41:26.235+0000] {logging_mixin.py:188} INFO - [2026-06-16T17:41:26.234+0000] {dag.py:3089} INFO - Sync 1 DAGs
[2026-06-16T17:41:26.253+0000] {logging_mixin.py:188} INFO - [2026-06-16T17:41:26.253+0000] {dag.py:3947} INFO - Setting next_dagrun for 03_getting_started_data_pipeline to None, run_after=None
[2026-06-16T17:41:26.278+0000] {processor.py:183} INFO - Processing /opt/airflow/dags/dag_03_data_pipeline.py took 0.118 seconds
[2026-06-16T17:41:57.160+0000] {processor.py:161} INFO - Started process (PID=25626) to work on /opt/airflow/dags/dag_03_data_pipeline.py
[2026-06-16T17:41:57.161+0000] {processor.py:830} INFO - Processing file /opt/airflow/dags/dag_03_data_pipeline.py for tasks to queue
[2026-06-16T17:41:57.164+0000] {logging_mixin.py:188} INFO - [2026-06-16T17:41:57.163+0000] {dagbag.py:545} INFO - Filling up the DagBag from /opt/airflow/dags/dag_03_data_pipeline.py
[2026-06-16T17:41:57.177+0000] {processor.py:840} INFO - DAG(s) '03_getting_started_data_pipeline' retrieved from /opt/airflow/dags/dag_03_data_pipeline.py
[2026-06-16T17:41:57.224+0000] {logging_mixin.py:188} INFO - [2026-06-16T17:41:57.224+0000] {dag.py:3089} INFO - Sync 1 DAGs
[2026-06-16T17:41:57.241+0000] {logging_mixin.py:188} INFO - [2026-06-16T17:41:57.241+0000] {dag.py:3947} INFO - Setting next_dagrun for 03_getting_started_data_pipeline to None, run_after=None
[2026-06-16T17:41:57.265+0000] {processor.py:183} INFO - Processing /opt/airflow/dags/dag_03_data_pipeline.py took 0.114 seconds
[2026-06-16T17:42:27.301+0000] {processor.py:161} INFO - Started process (PID=25663) to work on /opt/airflow/dags/dag_03_data_pipeline.py
[2026-06-16T17:42:27.303+0000] {processor.py:830} INFO - Processing file /opt/airflow/dags/dag_03_data_pipeline.py for tasks to queue
[2026-06-16T17:42:27.304+0000] {logging_mixin.py:188} INFO - [2026-06-16T17:42:27.304+0000] {dagbag.py:545} INFO - Filling up the DagBag from /opt/airflow/dags/dag_03_data_pipeline.py
[2026-06-16T17:42:27.315+0000] {processor.py:840} INFO - DAG(s) '03_getting_started_data_pipeline' retrieved from /opt/airflow/dags/dag_03_data_pipeline.py
[2026-06-16T17:42:27.357+0000] {logging_mixin.py:188} INFO - [2026-06-16T17:42:27.357+0000] {dag.py:3089} INFO - Sync 1 DAGs
[2026-06-16T17:42:27.372+0000] {logging_mixin.py:188} INFO - [2026-06-16T17:42:27.371+0000] {dag.py:3947} INFO - Setting next_dagrun for 03_getting_started_data_pipeline to None, run_after=None
[2026-06-16T17:42:27.399+0000] {processor.py:183} INFO - Processing /opt/airflow/dags/dag_03_data_pipeline.py took 0.105 seconds
[2026-06-16T17:42:57.527+0000] {processor.py:161} INFO - Started process (PID=25703) to work on /opt/airflow/dags/dag_03_data_pipeline.py
[2026-06-16T17:42:57.529+0000] {processor.py:830} INFO - Processing file /opt/airflow/dags/dag_03_data_pipeline.py for tasks to queue
[2026-06-16T17:42:57.531+0000] {logging_mixin.py:188} INFO - [2026-06-16T17:42:57.531+0000] {dagbag.py:545} INFO - Filling up the DagBag from /opt/airflow/dags/dag_03_data_pipeline.py
[2026-06-16T17:42:57.543+0000] {processor.py:840} INFO - DAG(s) '03_getting_started_data_pipeline' retrieved from /opt/airflow/dags/dag_03_data_pipeline.py
[2026-06-16T17:42:57.589+0000] {logging_mixin.py:188} INFO - [2026-06-16T17:42:57.588+0000] {dag.py:3089} INFO - Sync 1 DAGs
[2026-06-16T17:42:57.604+0000] {logging_mixin.py:188} INFO - [2026-06-16T17:42:57.604+0000] {dag.py:3947} INFO - Setting next_dagrun for 03_getting_started_data_pipeline to None, run_after=None
[2026-06-16T17:42:57.631+0000] {processor.py:183} INFO - Processing /opt/airflow/dags/dag_03_data_pipeline.py took 0.112 seconds
[2026-06-16T17:43:28.369+0000] {processor.py:161} INFO - Started process (PID=25746) to work on /opt/airflow/dags/dag_03_data_pipeline.py
[2026-06-16T17:43:28.371+0000] {processor.py:830} INFO - Processing file /opt/airflow/dags/dag_03_data_pipeline.py for tasks to queue
[2026-06-16T17:43:28.373+0000] {logging_mixin.py:188} INFO - [2026-06-16T17:43:28.372+0000] {dagbag.py:545} INFO - Filling up the DagBag from /opt/airflow/dags/dag_03_data_pipeline.py
[2026-06-16T17:43:28.384+0000] {processor.py:840} INFO - DAG(s) '03_getting_started_data_pipeline' retrieved from /opt/airflow/dags/dag_03_data_pipeline.py
[2026-06-16T17:43:28.431+0000] {logging_mixin.py:188} INFO - [2026-06-16T17:43:28.431+0000] {dag.py:3089} INFO - Sync 1 DAGs
[2026-06-16T17:43:28.447+0000] {logging_mixin.py:188} INFO - [2026-06-16T17:43:28.447+0000] {dag.py:3947} INFO - Setting next_dagrun for 03_getting_started_data_pipeline to None, run_after=None
[2026-06-16T17:43:28.469+0000] {processor.py:183} INFO - Processing /opt/airflow/dags/dag_03_data_pipeline.py took 0.107 seconds
[2026-06-16T17:43:59.431+0000] {processor.py:161} INFO - Started process (PID=25786) to work on /opt/airflow/dags/dag_03_data_pipeline.py
[2026-06-16T17:43:59.433+0000] {processor.py:830} INFO - Processing file /opt/airflow/dags/dag_03_data_pipeline.py for tasks to queue
[2026-06-16T17:43:59.436+0000] {logging_mixin.py:188} INFO - [2026-06-16T17:43:59.435+0000] {dagbag.py:545} INFO - Filling up the DagBag from /opt/airflow/dags/dag_03_data_pipeline.py
[2026-06-16T17:43:59.448+0000] {processor.py:840} INFO - DAG(s) '03_getting_started_data_pipeline' retrieved from /opt/airflow/dags/dag_03_data_pipeline.py
[2026-06-16T17:43:59.495+0000] {logging_mixin.py:188} INFO - [2026-06-16T17:43:59.494+0000] {dag.py:3089} INFO - Sync 1 DAGs
[2026-06-16T17:43:59.513+0000] {logging_mixin.py:188} INFO - [2026-06-16T17:43:59.512+0000] {dag.py:3947} INFO - Setting next_dagrun for 03_getting_started_data_pipeline to None, run_after=None
[2026-06-16T17:43:59.539+0000] {processor.py:183} INFO - Processing /opt/airflow/dags/dag_03_data_pipeline.py took 0.116 seconds
[2026-06-16T17:44:30.567+0000] {processor.py:161} INFO - Started process (PID=25826) to work on /opt/airflow/dags/dag_03_data_pipeline.py
[2026-06-16T17:44:30.569+0000] {processor.py:830} INFO - Processing file /opt/airflow/dags/dag_03_data_pipeline.py for tasks to queue
[2026-06-16T17:44:30.572+0000] {logging_mixin.py:188} INFO - [2026-06-16T17:44:30.572+0000] {dagbag.py:545} INFO - Filling up the DagBag from /opt/airflow/dags/dag_03_data_pipeline.py
[2026-06-16T17:44:30.591+0000] {processor.py:840} INFO - DAG(s) '03_getting_started_data_pipeline' retrieved from /opt/airflow/dags/dag_03_data_pipeline.py
[2026-06-16T17:44:30.647+0000] {logging_mixin.py:188} INFO - [2026-06-16T17:44:30.647+0000] {dag.py:3089} INFO - Sync 1 DAGs
[2026-06-16T17:44:30.665+0000] {logging_mixin.py:188} INFO - [2026-06-16T17:44:30.665+0000] {dag.py:3947} INFO - Setting next_dagrun for 03_getting_started_data_pipeline to None, run_after=None
[2026-06-16T17:44:30.692+0000] {processor.py:183} INFO - Processing /opt/airflow/dags/dag_03_data_pipeline.py took 0.138 seconds
[2026-06-16T17:45:01.558+0000] {processor.py:161} INFO - Started process (PID=25866) to work on /opt/airflow/dags/dag_03_data_pipeline.py
[2026-06-16T17:45:01.560+0000] {processor.py:830} INFO - Processing file /opt/airflow/dags/dag_03_data_pipeline.py for tasks to queue
[2026-06-16T17:45:01.561+0000] {logging_mixin.py:188} INFO - [2026-06-16T17:45:01.561+0000] {dagbag.py:545} INFO - Filling up the DagBag from /opt/airflow/dags/dag_03_data_pipeline.py
[2026-06-16T17:45:01.572+0000] {processor.py:840} INFO - DAG(s) '03_getting_started_data_pipeline' retrieved from /opt/airflow/dags/dag_03_data_pipeline.py
[2026-06-16T17:45:01.617+0000] {logging_mixin.py:188} INFO - [2026-06-16T17:45:01.617+0000] {dag.py:3089} INFO - Sync 1 DAGs
[2026-06-16T17:45:01.633+0000] {logging_mixin.py:188} INFO - [2026-06-16T17:45:01.633+0000] {dag.py:3947} INFO - Setting next_dagrun for 03_getting_started_data_pipeline to None, run_after=None
[2026-06-16T17:45:01.657+0000] {processor.py:183} INFO - Processing /opt/airflow/dags/dag_03_data_pipeline.py took 0.106 seconds
[2026-06-16T17:45:32.657+0000] {processor.py:161} INFO - Started process (PID=25906) to work on /opt/airflow/dags/dag_03_data_pipeline.py
[2026-06-16T17:45:32.658+0000] {processor.py:830} INFO - Processing file /opt/airflow/dags/dag_03_data_pipeline.py for tasks to queue
[2026-06-16T17:45:32.661+0000] {logging_mixin.py:188} INFO - [2026-06-16T17:45:32.660+0000] {dagbag.py:545} INFO - Filling up the DagBag from /opt/airflow/dags/dag_03_data_pipeline.py
[2026-06-16T17:45:32.672+0000] {processor.py:840} INFO - DAG(s) '03_getting_started_data_pipeline' retrieved from /opt/airflow/dags/dag_03_data_pipeline.py
[2026-06-16T17:45:32.722+0000] {logging_mixin.py:188} INFO - [2026-06-16T17:45:32.722+0000] {dag.py:3089} INFO - Sync 1 DAGs
[2026-06-16T17:45:32.738+0000] {logging_mixin.py:188} INFO - [2026-06-16T17:45:32.738+0000] {dag.py:3947} INFO - Setting next_dagrun for 03_getting_started_data_pipeline to None, run_after=None
[2026-06-16T17:45:32.762+0000] {processor.py:183} INFO - Processing /opt/airflow/dags/dag_03_data_pipeline.py took 0.114 seconds
[2026-06-16T17:46:02.823+0000] {processor.py:161} INFO - Started process (PID=25946) to work on /opt/airflow/dags/dag_03_data_pipeline.py
[2026-06-16T17:46:02.824+0000] {processor.py:830} INFO - Processing file /opt/airflow/dags/dag_03_data_pipeline.py for tasks to queue
[2026-06-16T17:46:02.826+0000] {logging_mixin.py:188} INFO - [2026-06-16T17:46:02.826+0000] {dagbag.py:545} INFO - Filling up the DagBag from /opt/airflow/dags/dag_03_data_pipeline.py
[2026-06-16T17:46:02.839+0000] {processor.py:840} INFO - DAG(s) '03_getting_started_data_pipeline' retrieved from /opt/airflow/dags/dag_03_data_pipeline.py
[2026-06-16T17:46:02.888+0000] {logging_mixin.py:188} INFO - [2026-06-16T17:46:02.887+0000] {dag.py:3089} INFO - Sync 1 DAGs
[2026-06-16T17:46:02.906+0000] {logging_mixin.py:188} INFO - [2026-06-16T17:46:02.906+0000] {dag.py:3947} INFO - Setting next_dagrun for 03_getting_started_data_pipeline to None, run_after=None
[2026-06-16T17:46:02.931+0000] {processor.py:183} INFO - Processing /opt/airflow/dags/dag_03_data_pipeline.py took 0.118 seconds
[2026-06-16T17:46:33.754+0000] {processor.py:161} INFO - Started process (PID=25986) to work on /opt/airflow/dags/dag_03_data_pipeline.py
[2026-06-16T17:46:33.756+0000] {processor.py:830} INFO - Processing file /opt/airflow/dags/dag_03_data_pipeline.py for tasks to queue
[2026-06-16T17:46:33.758+0000] {logging_mixin.py:188} INFO - [2026-06-16T17:46:33.758+0000] {dagbag.py:545} INFO - Filling up the DagBag from /opt/airflow/dags/dag_03_data_pipeline.py
[2026-06-16T17:46:33.770+0000] {processor.py:840} INFO - DAG(s) '03_getting_started_data_pipeline' retrieved from /opt/airflow/dags/dag_03_data_pipeline.py
[2026-06-16T17:46:33.818+0000] {logging_mixin.py:188} INFO - [2026-06-16T17:46:33.818+0000] {dag.py:3089} INFO - Sync 1 DAGs
[2026-06-16T17:46:33.835+0000] {logging_mixin.py:188} INFO - [2026-06-16T17:46:33.835+0000] {dag.py:3947} INFO - Setting next_dagrun for 03_getting_started_data_pipeline to None, run_after=None
[2026-06-16T17:46:33.860+0000] {processor.py:183} INFO - Processing /opt/airflow/dags/dag_03_data_pipeline.py took 0.114 seconds
[2026-06-16T17:47:03.979+0000] {processor.py:161} INFO - Started process (PID=26026) to work on /opt/airflow/dags/dag_03_data_pipeline.py
[2026-06-16T17:47:03.981+0000] {processor.py:830} INFO - Processing file /opt/airflow/dags/dag_03_data_pipeline.py for tasks to queue
[2026-06-16T17:47:03.985+0000] {logging_mixin.py:188} INFO - [2026-06-16T17:47:03.984+0000] {dagbag.py:545} INFO - Filling up the DagBag from /opt/airflow/dags/dag_03_data_pipeline.py
[2026-06-16T17:47:04.008+0000] {processor.py:840} INFO - DAG(s) '03_getting_started_data_pipeline' retrieved from /opt/airflow/dags/dag_03_data_pipeline.py
[2026-06-16T17:47:04.069+0000] {logging_mixin.py:188} INFO - [2026-06-16T17:47:04.069+0000] {dag.py:3089} INFO - Sync 1 DAGs
[2026-06-16T17:47:04.088+0000] {logging_mixin.py:188} INFO - [2026-06-16T17:47:04.087+0000] {dag.py:3947} INFO - Setting next_dagrun for 03_getting_started_data_pipeline to None, run_after=None
[2026-06-16T17:47:04.115+0000] {processor.py:183} INFO - Processing /opt/airflow/dags/dag_03_data_pipeline.py took 0.155 seconds
