[2026-06-16T11:42:19.201+0000] {processor.py:161} INFO - Started process (PID=186) to work on /opt/airflow/dags/dag_04_postgres_taxi.py
[2026-06-16T11:42:19.203+0000] {processor.py:830} INFO - Processing file /opt/airflow/dags/dag_04_postgres_taxi.py for tasks to queue
[2026-06-16T11:42:19.206+0000] {logging_mixin.py:188} INFO - [2026-06-16T11:42:19.205+0000] {dagbag.py:545} INFO - Filling up the DagBag from /opt/airflow/dags/dag_04_postgres_taxi.py
[2026-06-16T11:42:19.224+0000] {processor.py:840} INFO - DAG(s) '04_postgres_taxi' retrieved from /opt/airflow/dags/dag_04_postgres_taxi.py
[2026-06-16T11:42:19.618+0000] {logging_mixin.py:188} INFO - [2026-06-16T11:42:19.617+0000] {override.py:1858} INFO - Created Permission View: can read on DAG:04_postgres_taxi
[2026-06-16T11:42:19.632+0000] {logging_mixin.py:188} INFO - [2026-06-16T11:42:19.632+0000] {override.py:1858} INFO - Created Permission View: can delete on DAG:04_postgres_taxi
[2026-06-16T11:42:19.641+0000] {logging_mixin.py:188} INFO - [2026-06-16T11:42:19.641+0000] {override.py:1858} INFO - Created Permission View: can edit on DAG:04_postgres_taxi
[2026-06-16T11:42:19.642+0000] {logging_mixin.py:188} INFO - [2026-06-16T11:42:19.641+0000] {dag.py:3089} INFO - Sync 1 DAGs
[2026-06-16T11:42:19.659+0000] {logging_mixin.py:188} INFO - [2026-06-16T11:42:19.658+0000] {dag.py:3111} INFO - Creating ORM DAG for 04_postgres_taxi
[2026-06-16T11:42:19.660+0000] {logging_mixin.py:188} INFO - [2026-06-16T11:42:19.659+0000] {dag.py:3947} INFO - Setting next_dagrun for 04_postgres_taxi to None, run_after=None
[2026-06-16T11:42:19.691+0000] {processor.py:183} INFO - Processing /opt/airflow/dags/dag_04_postgres_taxi.py took 0.502 seconds
[2026-06-16T11:42:49.738+0000] {processor.py:161} INFO - Started process (PID=208) to work on /opt/airflow/dags/dag_04_postgres_taxi.py
[2026-06-16T11:42:49.740+0000] {processor.py:830} INFO - Processing file /opt/airflow/dags/dag_04_postgres_taxi.py for tasks to queue
[2026-06-16T11:42:49.744+0000] {logging_mixin.py:188} INFO - [2026-06-16T11:42:49.743+0000] {dagbag.py:545} INFO - Filling up the DagBag from /opt/airflow/dags/dag_04_postgres_taxi.py
[2026-06-16T11:42:49.763+0000] {processor.py:840} INFO - DAG(s) '04_postgres_taxi' retrieved from /opt/airflow/dags/dag_04_postgres_taxi.py
[2026-06-16T11:42:49.835+0000] {logging_mixin.py:188} INFO - [2026-06-16T11:42:49.834+0000] {dag.py:3089} INFO - Sync 1 DAGs
[2026-06-16T11:42:49.853+0000] {logging_mixin.py:188} INFO - [2026-06-16T11:42:49.853+0000] {dag.py:3947} INFO - Setting next_dagrun for 04_postgres_taxi to None, run_after=None
[2026-06-16T11:42:49.884+0000] {processor.py:183} INFO - Processing /opt/airflow/dags/dag_04_postgres_taxi.py took 0.156 seconds
[2026-06-16T11:43:19.989+0000] {processor.py:161} INFO - Started process (PID=235) to work on /opt/airflow/dags/dag_04_postgres_taxi.py
[2026-06-16T11:43:19.991+0000] {processor.py:830} INFO - Processing file /opt/airflow/dags/dag_04_postgres_taxi.py for tasks to queue
[2026-06-16T11:43:19.996+0000] {logging_mixin.py:188} INFO - [2026-06-16T11:43:19.995+0000] {dagbag.py:545} INFO - Filling up the DagBag from /opt/airflow/dags/dag_04_postgres_taxi.py
[2026-06-16T11:43:20.019+0000] {processor.py:840} INFO - DAG(s) '04_postgres_taxi' retrieved from /opt/airflow/dags/dag_04_postgres_taxi.py
[2026-06-16T11:43:20.109+0000] {logging_mixin.py:188} INFO - [2026-06-16T11:43:20.109+0000] {dag.py:3089} INFO - Sync 1 DAGs
[2026-06-16T11:43:20.143+0000] {logging_mixin.py:188} INFO - [2026-06-16T11:43:20.142+0000] {dag.py:3947} INFO - Setting next_dagrun for 04_postgres_taxi to None, run_after=None
[2026-06-16T11:43:20.175+0000] {processor.py:183} INFO - Processing /opt/airflow/dags/dag_04_postgres_taxi.py took 0.201 seconds
[2026-06-16T11:43:50.382+0000] {processor.py:161} INFO - Started process (PID=264) to work on /opt/airflow/dags/dag_04_postgres_taxi.py
[2026-06-16T11:43:50.386+0000] {processor.py:830} INFO - Processing file /opt/airflow/dags/dag_04_postgres_taxi.py for tasks to queue
[2026-06-16T11:43:50.390+0000] {logging_mixin.py:188} INFO - [2026-06-16T11:43:50.389+0000] {dagbag.py:545} INFO - Filling up the DagBag from /opt/airflow/dags/dag_04_postgres_taxi.py
[2026-06-16T11:43:50.411+0000] {processor.py:840} INFO - DAG(s) '04_postgres_taxi' retrieved from /opt/airflow/dags/dag_04_postgres_taxi.py
[2026-06-16T11:43:50.492+0000] {logging_mixin.py:188} INFO - [2026-06-16T11:43:50.491+0000] {dag.py:3089} INFO - Sync 1 DAGs
[2026-06-16T11:43:50.514+0000] {logging_mixin.py:188} INFO - [2026-06-16T11:43:50.513+0000] {dag.py:3947} INFO - Setting next_dagrun for 04_postgres_taxi to None, run_after=None
[2026-06-16T11:43:50.587+0000] {processor.py:183} INFO - Processing /opt/airflow/dags/dag_04_postgres_taxi.py took 0.216 seconds
[2026-06-16T11:44:20.649+0000] {processor.py:161} INFO - Started process (PID=289) to work on /opt/airflow/dags/dag_04_postgres_taxi.py
[2026-06-16T11:44:20.676+0000] {processor.py:830} INFO - Processing file /opt/airflow/dags/dag_04_postgres_taxi.py for tasks to queue
[2026-06-16T11:44:20.679+0000] {logging_mixin.py:188} INFO - [2026-06-16T11:44:20.678+0000] {dagbag.py:545} INFO - Filling up the DagBag from /opt/airflow/dags/dag_04_postgres_taxi.py
[2026-06-16T11:44:20.696+0000] {processor.py:840} INFO - DAG(s) '04_postgres_taxi' retrieved from /opt/airflow/dags/dag_04_postgres_taxi.py
[2026-06-16T11:44:20.771+0000] {logging_mixin.py:188} INFO - [2026-06-16T11:44:20.771+0000] {dag.py:3089} INFO - Sync 1 DAGs
[2026-06-16T11:44:20.791+0000] {logging_mixin.py:188} INFO - [2026-06-16T11:44:20.791+0000] {dag.py:3947} INFO - Setting next_dagrun for 04_postgres_taxi to None, run_after=None
[2026-06-16T11:44:20.824+0000] {processor.py:183} INFO - Processing /opt/airflow/dags/dag_04_postgres_taxi.py took 0.183 seconds
[2026-06-16T11:44:50.947+0000] {processor.py:161} INFO - Started process (PID=314) to work on /opt/airflow/dags/dag_04_postgres_taxi.py
[2026-06-16T11:44:50.951+0000] {processor.py:830} INFO - Processing file /opt/airflow/dags/dag_04_postgres_taxi.py for tasks to queue
[2026-06-16T11:44:50.955+0000] {logging_mixin.py:188} INFO - [2026-06-16T11:44:50.955+0000] {dagbag.py:545} INFO - Filling up the DagBag from /opt/airflow/dags/dag_04_postgres_taxi.py
[2026-06-16T11:44:50.977+0000] {processor.py:840} INFO - DAG(s) '04_postgres_taxi' retrieved from /opt/airflow/dags/dag_04_postgres_taxi.py
[2026-06-16T11:44:51.074+0000] {logging_mixin.py:188} INFO - [2026-06-16T11:44:51.073+0000] {dag.py:3089} INFO - Sync 1 DAGs
[2026-06-16T11:44:51.104+0000] {logging_mixin.py:188} INFO - [2026-06-16T11:44:51.104+0000] {dag.py:3947} INFO - Setting next_dagrun for 04_postgres_taxi to None, run_after=None
[2026-06-16T11:44:51.183+0000] {processor.py:183} INFO - Processing /opt/airflow/dags/dag_04_postgres_taxi.py took 0.249 seconds
[2026-06-16T11:45:21.310+0000] {processor.py:161} INFO - Started process (PID=341) to work on /opt/airflow/dags/dag_04_postgres_taxi.py
[2026-06-16T11:45:21.326+0000] {processor.py:830} INFO - Processing file /opt/airflow/dags/dag_04_postgres_taxi.py for tasks to queue
[2026-06-16T11:45:21.338+0000] {logging_mixin.py:188} INFO - [2026-06-16T11:45:21.338+0000] {dagbag.py:545} INFO - Filling up the DagBag from /opt/airflow/dags/dag_04_postgres_taxi.py
[2026-06-16T11:45:21.362+0000] {processor.py:840} INFO - DAG(s) '04_postgres_taxi' retrieved from /opt/airflow/dags/dag_04_postgres_taxi.py
[2026-06-16T11:45:21.450+0000] {logging_mixin.py:188} INFO - [2026-06-16T11:45:21.450+0000] {dag.py:3089} INFO - Sync 1 DAGs
[2026-06-16T11:45:21.503+0000] {logging_mixin.py:188} INFO - [2026-06-16T11:45:21.502+0000] {dag.py:3947} INFO - Setting next_dagrun for 04_postgres_taxi to None, run_after=None
[2026-06-16T11:45:21.577+0000] {processor.py:183} INFO - Processing /opt/airflow/dags/dag_04_postgres_taxi.py took 0.275 seconds
[2026-06-16T11:45:51.653+0000] {processor.py:161} INFO - Started process (PID=366) to work on /opt/airflow/dags/dag_04_postgres_taxi.py
[2026-06-16T11:45:51.655+0000] {processor.py:830} INFO - Processing file /opt/airflow/dags/dag_04_postgres_taxi.py for tasks to queue
[2026-06-16T11:45:51.657+0000] {logging_mixin.py:188} INFO - [2026-06-16T11:45:51.656+0000] {dagbag.py:545} INFO - Filling up the DagBag from /opt/airflow/dags/dag_04_postgres_taxi.py
[2026-06-16T11:45:51.677+0000] {processor.py:840} INFO - DAG(s) '04_postgres_taxi' retrieved from /opt/airflow/dags/dag_04_postgres_taxi.py
[2026-06-16T11:45:51.756+0000] {logging_mixin.py:188} INFO - [2026-06-16T11:45:51.756+0000] {dag.py:3089} INFO - Sync 1 DAGs
[2026-06-16T11:45:51.790+0000] {logging_mixin.py:188} INFO - [2026-06-16T11:45:51.790+0000] {dag.py:3947} INFO - Setting next_dagrun for 04_postgres_taxi to None, run_after=None
[2026-06-16T11:45:51.832+0000] {processor.py:183} INFO - Processing /opt/airflow/dags/dag_04_postgres_taxi.py took 0.188 seconds
[2026-06-16T11:46:21.932+0000] {processor.py:161} INFO - Started process (PID=397) to work on /opt/airflow/dags/dag_04_postgres_taxi.py
[2026-06-16T11:46:21.934+0000] {processor.py:830} INFO - Processing file /opt/airflow/dags/dag_04_postgres_taxi.py for tasks to queue
[2026-06-16T11:46:21.938+0000] {logging_mixin.py:188} INFO - [2026-06-16T11:46:21.937+0000] {dagbag.py:545} INFO - Filling up the DagBag from /opt/airflow/dags/dag_04_postgres_taxi.py
[2026-06-16T11:46:21.958+0000] {processor.py:840} INFO - DAG(s) '04_postgres_taxi' retrieved from /opt/airflow/dags/dag_04_postgres_taxi.py
[2026-06-16T11:46:22.031+0000] {logging_mixin.py:188} INFO - [2026-06-16T11:46:22.030+0000] {dag.py:3089} INFO - Sync 1 DAGs
[2026-06-16T11:46:22.050+0000] {logging_mixin.py:188} INFO - [2026-06-16T11:46:22.050+0000] {dag.py:3947} INFO - Setting next_dagrun for 04_postgres_taxi to None, run_after=None
[2026-06-16T11:46:22.082+0000] {processor.py:183} INFO - Processing /opt/airflow/dags/dag_04_postgres_taxi.py took 0.165 seconds
[2026-06-16T11:46:52.242+0000] {processor.py:161} INFO - Started process (PID=428) to work on /opt/airflow/dags/dag_04_postgres_taxi.py
[2026-06-16T11:46:52.244+0000] {processor.py:830} INFO - Processing file /opt/airflow/dags/dag_04_postgres_taxi.py for tasks to queue
[2026-06-16T11:46:52.247+0000] {logging_mixin.py:188} INFO - [2026-06-16T11:46:52.246+0000] {dagbag.py:545} INFO - Filling up the DagBag from /opt/airflow/dags/dag_04_postgres_taxi.py
[2026-06-16T11:46:52.271+0000] {processor.py:840} INFO - DAG(s) '04_postgres_taxi' retrieved from /opt/airflow/dags/dag_04_postgres_taxi.py
[2026-06-16T11:46:52.367+0000] {logging_mixin.py:188} INFO - [2026-06-16T11:46:52.367+0000] {dag.py:3089} INFO - Sync 1 DAGs
[2026-06-16T11:46:52.386+0000] {logging_mixin.py:188} INFO - [2026-06-16T11:46:52.385+0000] {dag.py:3947} INFO - Setting next_dagrun for 04_postgres_taxi to None, run_after=None
[2026-06-16T11:46:52.431+0000] {processor.py:183} INFO - Processing /opt/airflow/dags/dag_04_postgres_taxi.py took 0.199 seconds
[2026-06-16T11:47:22.548+0000] {processor.py:161} INFO - Started process (PID=453) to work on /opt/airflow/dags/dag_04_postgres_taxi.py
[2026-06-16T11:47:22.549+0000] {processor.py:830} INFO - Processing file /opt/airflow/dags/dag_04_postgres_taxi.py for tasks to queue
[2026-06-16T11:47:22.551+0000] {logging_mixin.py:188} INFO - [2026-06-16T11:47:22.551+0000] {dagbag.py:545} INFO - Filling up the DagBag from /opt/airflow/dags/dag_04_postgres_taxi.py
[2026-06-16T11:47:22.566+0000] {processor.py:840} INFO - DAG(s) '04_postgres_taxi' retrieved from /opt/airflow/dags/dag_04_postgres_taxi.py
[2026-06-16T11:47:22.638+0000] {logging_mixin.py:188} INFO - [2026-06-16T11:47:22.638+0000] {dag.py:3089} INFO - Sync 1 DAGs
[2026-06-16T11:47:22.655+0000] {logging_mixin.py:188} INFO - [2026-06-16T11:47:22.655+0000] {dag.py:3947} INFO - Setting next_dagrun for 04_postgres_taxi to None, run_after=None
[2026-06-16T11:47:22.712+0000] {processor.py:183} INFO - Processing /opt/airflow/dags/dag_04_postgres_taxi.py took 0.172 seconds
[2026-06-16T11:47:52.755+0000] {processor.py:161} INFO - Started process (PID=478) to work on /opt/airflow/dags/dag_04_postgres_taxi.py
[2026-06-16T11:47:52.759+0000] {processor.py:830} INFO - Processing file /opt/airflow/dags/dag_04_postgres_taxi.py for tasks to queue
[2026-06-16T11:47:52.762+0000] {logging_mixin.py:188} INFO - [2026-06-16T11:47:52.761+0000] {dagbag.py:545} INFO - Filling up the DagBag from /opt/airflow/dags/dag_04_postgres_taxi.py
[2026-06-16T11:47:52.776+0000] {processor.py:840} INFO - DAG(s) '04_postgres_taxi' retrieved from /opt/airflow/dags/dag_04_postgres_taxi.py
[2026-06-16T11:47:52.850+0000] {logging_mixin.py:188} INFO - [2026-06-16T11:47:52.849+0000] {dag.py:3089} INFO - Sync 1 DAGs
[2026-06-16T11:47:52.887+0000] {logging_mixin.py:188} INFO - [2026-06-16T11:47:52.886+0000] {dag.py:3947} INFO - Setting next_dagrun for 04_postgres_taxi to None, run_after=None
[2026-06-16T11:47:52.929+0000] {processor.py:183} INFO - Processing /opt/airflow/dags/dag_04_postgres_taxi.py took 0.181 seconds
[2026-06-16T11:48:23.614+0000] {processor.py:161} INFO - Started process (PID=506) to work on /opt/airflow/dags/dag_04_postgres_taxi.py
[2026-06-16T11:48:23.615+0000] {processor.py:830} INFO - Processing file /opt/airflow/dags/dag_04_postgres_taxi.py for tasks to queue
[2026-06-16T11:48:23.618+0000] {logging_mixin.py:188} INFO - [2026-06-16T11:48:23.617+0000] {dagbag.py:545} INFO - Filling up the DagBag from /opt/airflow/dags/dag_04_postgres_taxi.py
[2026-06-16T11:48:23.634+0000] {processor.py:840} INFO - DAG(s) '04_postgres_taxi' retrieved from /opt/airflow/dags/dag_04_postgres_taxi.py
[2026-06-16T11:48:23.697+0000] {logging_mixin.py:188} INFO - [2026-06-16T11:48:23.697+0000] {dag.py:3089} INFO - Sync 1 DAGs
[2026-06-16T11:48:23.713+0000] {logging_mixin.py:188} INFO - [2026-06-16T11:48:23.712+0000] {dag.py:3947} INFO - Setting next_dagrun for 04_postgres_taxi to None, run_after=None
[2026-06-16T11:48:23.740+0000] {processor.py:183} INFO - Processing /opt/airflow/dags/dag_04_postgres_taxi.py took 0.133 seconds
[2026-06-16T11:48:54.609+0000] {processor.py:161} INFO - Started process (PID=531) to work on /opt/airflow/dags/dag_04_postgres_taxi.py
[2026-06-16T11:48:54.611+0000] {processor.py:830} INFO - Processing file /opt/airflow/dags/dag_04_postgres_taxi.py for tasks to queue
[2026-06-16T11:48:54.615+0000] {logging_mixin.py:188} INFO - [2026-06-16T11:48:54.614+0000] {dagbag.py:545} INFO - Filling up the DagBag from /opt/airflow/dags/dag_04_postgres_taxi.py
[2026-06-16T11:48:54.635+0000] {processor.py:840} INFO - DAG(s) '04_postgres_taxi' retrieved from /opt/airflow/dags/dag_04_postgres_taxi.py
[2026-06-16T11:48:54.726+0000] {logging_mixin.py:188} INFO - [2026-06-16T11:48:54.726+0000] {dag.py:3089} INFO - Sync 1 DAGs
[2026-06-16T11:48:54.748+0000] {logging_mixin.py:188} INFO - [2026-06-16T11:48:54.747+0000] {dag.py:3947} INFO - Setting next_dagrun for 04_postgres_taxi to None, run_after=None
[2026-06-16T11:48:54.781+0000] {processor.py:183} INFO - Processing /opt/airflow/dags/dag_04_postgres_taxi.py took 0.184 seconds
[2026-06-16T11:49:24.883+0000] {processor.py:161} INFO - Started process (PID=556) to work on /opt/airflow/dags/dag_04_postgres_taxi.py
[2026-06-16T11:49:24.884+0000] {processor.py:830} INFO - Processing file /opt/airflow/dags/dag_04_postgres_taxi.py for tasks to queue
[2026-06-16T11:49:24.887+0000] {logging_mixin.py:188} INFO - [2026-06-16T11:49:24.887+0000] {dagbag.py:545} INFO - Filling up the DagBag from /opt/airflow/dags/dag_04_postgres_taxi.py
[2026-06-16T11:49:24.904+0000] {processor.py:840} INFO - DAG(s) '04_postgres_taxi' retrieved from /opt/airflow/dags/dag_04_postgres_taxi.py
[2026-06-16T11:49:24.994+0000] {logging_mixin.py:188} INFO - [2026-06-16T11:49:24.994+0000] {dag.py:3089} INFO - Sync 1 DAGs
[2026-06-16T11:49:25.015+0000] {logging_mixin.py:188} INFO - [2026-06-16T11:49:25.014+0000] {dag.py:3947} INFO - Setting next_dagrun for 04_postgres_taxi to None, run_after=None
[2026-06-16T11:49:25.049+0000] {processor.py:183} INFO - Processing /opt/airflow/dags/dag_04_postgres_taxi.py took 0.175 seconds
[2026-06-16T11:49:55.878+0000] {processor.py:161} INFO - Started process (PID=581) to work on /opt/airflow/dags/dag_04_postgres_taxi.py
[2026-06-16T11:49:55.880+0000] {processor.py:830} INFO - Processing file /opt/airflow/dags/dag_04_postgres_taxi.py for tasks to queue
[2026-06-16T11:49:55.883+0000] {logging_mixin.py:188} INFO - [2026-06-16T11:49:55.883+0000] {dagbag.py:545} INFO - Filling up the DagBag from /opt/airflow/dags/dag_04_postgres_taxi.py
[2026-06-16T11:49:55.900+0000] {processor.py:840} INFO - DAG(s) '04_postgres_taxi' retrieved from /opt/airflow/dags/dag_04_postgres_taxi.py
[2026-06-16T11:49:55.972+0000] {logging_mixin.py:188} INFO - [2026-06-16T11:49:55.972+0000] {dag.py:3089} INFO - Sync 1 DAGs
[2026-06-16T11:49:55.994+0000] {logging_mixin.py:188} INFO - [2026-06-16T11:49:55.994+0000] {dag.py:3947} INFO - Setting next_dagrun for 04_postgres_taxi to None, run_after=None
[2026-06-16T11:49:56.026+0000] {processor.py:183} INFO - Processing /opt/airflow/dags/dag_04_postgres_taxi.py took 0.162 seconds
[2026-06-16T11:53:13.184+0000] {processor.py:161} INFO - Started process (PID=186) to work on /opt/airflow/dags/dag_04_postgres_taxi.py
[2026-06-16T11:53:13.188+0000] {processor.py:830} INFO - Processing file /opt/airflow/dags/dag_04_postgres_taxi.py for tasks to queue
[2026-06-16T11:53:13.191+0000] {logging_mixin.py:188} INFO - [2026-06-16T11:53:13.190+0000] {dagbag.py:545} INFO - Filling up the DagBag from /opt/airflow/dags/dag_04_postgres_taxi.py
[2026-06-16T11:53:13.211+0000] {processor.py:840} INFO - DAG(s) '04_postgres_taxi' retrieved from /opt/airflow/dags/dag_04_postgres_taxi.py
[2026-06-16T11:53:13.638+0000] {logging_mixin.py:188} INFO - [2026-06-16T11:53:13.637+0000] {override.py:1858} INFO - Created Permission View: can edit on DAG:04_postgres_taxi
[2026-06-16T11:53:13.656+0000] {logging_mixin.py:188} INFO - [2026-06-16T11:53:13.656+0000] {override.py:1858} INFO - Created Permission View: can delete on DAG:04_postgres_taxi
[2026-06-16T11:53:13.668+0000] {logging_mixin.py:188} INFO - [2026-06-16T11:53:13.667+0000] {override.py:1858} INFO - Created Permission View: can read on DAG:04_postgres_taxi
[2026-06-16T11:53:13.668+0000] {logging_mixin.py:188} INFO - [2026-06-16T11:53:13.668+0000] {dag.py:3089} INFO - Sync 1 DAGs
[2026-06-16T11:53:13.690+0000] {logging_mixin.py:188} INFO - [2026-06-16T11:53:13.690+0000] {dag.py:3111} INFO - Creating ORM DAG for 04_postgres_taxi
[2026-06-16T11:53:13.691+0000] {logging_mixin.py:188} INFO - [2026-06-16T11:53:13.691+0000] {dag.py:3947} INFO - Setting next_dagrun for 04_postgres_taxi to None, run_after=None
[2026-06-16T11:53:13.719+0000] {processor.py:183} INFO - Processing /opt/airflow/dags/dag_04_postgres_taxi.py took 0.547 seconds
[2026-06-16T11:53:43.953+0000] {processor.py:161} INFO - Started process (PID=211) to work on /opt/airflow/dags/dag_04_postgres_taxi.py
[2026-06-16T11:53:43.955+0000] {processor.py:830} INFO - Processing file /opt/airflow/dags/dag_04_postgres_taxi.py for tasks to queue
[2026-06-16T11:53:43.958+0000] {logging_mixin.py:188} INFO - [2026-06-16T11:53:43.957+0000] {dagbag.py:545} INFO - Filling up the DagBag from /opt/airflow/dags/dag_04_postgres_taxi.py
[2026-06-16T11:53:43.976+0000] {processor.py:840} INFO - DAG(s) '04_postgres_taxi' retrieved from /opt/airflow/dags/dag_04_postgres_taxi.py
[2026-06-16T11:53:44.063+0000] {logging_mixin.py:188} INFO - [2026-06-16T11:53:44.062+0000] {dag.py:3089} INFO - Sync 1 DAGs
[2026-06-16T11:53:44.082+0000] {logging_mixin.py:188} INFO - [2026-06-16T11:53:44.081+0000] {dag.py:3947} INFO - Setting next_dagrun for 04_postgres_taxi to None, run_after=None
[2026-06-16T11:53:44.111+0000] {processor.py:183} INFO - Processing /opt/airflow/dags/dag_04_postgres_taxi.py took 0.169 seconds
[2026-06-16T11:54:14.819+0000] {processor.py:161} INFO - Started process (PID=236) to work on /opt/airflow/dags/dag_04_postgres_taxi.py
[2026-06-16T11:54:14.821+0000] {processor.py:830} INFO - Processing file /opt/airflow/dags/dag_04_postgres_taxi.py for tasks to queue
[2026-06-16T11:54:14.823+0000] {logging_mixin.py:188} INFO - [2026-06-16T11:54:14.823+0000] {dagbag.py:545} INFO - Filling up the DagBag from /opt/airflow/dags/dag_04_postgres_taxi.py
[2026-06-16T11:54:14.838+0000] {processor.py:840} INFO - DAG(s) '04_postgres_taxi' retrieved from /opt/airflow/dags/dag_04_postgres_taxi.py
[2026-06-16T11:54:14.909+0000] {logging_mixin.py:188} INFO - [2026-06-16T11:54:14.909+0000] {dag.py:3089} INFO - Sync 1 DAGs
[2026-06-16T11:54:14.926+0000] {logging_mixin.py:188} INFO - [2026-06-16T11:54:14.926+0000] {dag.py:3947} INFO - Setting next_dagrun for 04_postgres_taxi to None, run_after=None
[2026-06-16T11:54:14.955+0000] {processor.py:183} INFO - Processing /opt/airflow/dags/dag_04_postgres_taxi.py took 0.145 seconds
[2026-06-16T11:54:45.702+0000] {processor.py:161} INFO - Started process (PID=261) to work on /opt/airflow/dags/dag_04_postgres_taxi.py
[2026-06-16T11:54:45.704+0000] {processor.py:830} INFO - Processing file /opt/airflow/dags/dag_04_postgres_taxi.py for tasks to queue
[2026-06-16T11:54:45.706+0000] {logging_mixin.py:188} INFO - [2026-06-16T11:54:45.706+0000] {dagbag.py:545} INFO - Filling up the DagBag from /opt/airflow/dags/dag_04_postgres_taxi.py
[2026-06-16T11:54:45.722+0000] {processor.py:840} INFO - DAG(s) '04_postgres_taxi' retrieved from /opt/airflow/dags/dag_04_postgres_taxi.py
[2026-06-16T11:54:45.794+0000] {logging_mixin.py:188} INFO - [2026-06-16T11:54:45.794+0000] {dag.py:3089} INFO - Sync 1 DAGs
[2026-06-16T11:54:45.814+0000] {logging_mixin.py:188} INFO - [2026-06-16T11:54:45.814+0000] {dag.py:3947} INFO - Setting next_dagrun for 04_postgres_taxi to None, run_after=None
[2026-06-16T11:54:45.850+0000] {processor.py:183} INFO - Processing /opt/airflow/dags/dag_04_postgres_taxi.py took 0.157 seconds
[2026-06-16T11:55:16.589+0000] {processor.py:161} INFO - Started process (PID=286) to work on /opt/airflow/dags/dag_04_postgres_taxi.py
[2026-06-16T11:55:16.591+0000] {processor.py:830} INFO - Processing file /opt/airflow/dags/dag_04_postgres_taxi.py for tasks to queue
[2026-06-16T11:55:16.596+0000] {logging_mixin.py:188} INFO - [2026-06-16T11:55:16.595+0000] {dagbag.py:545} INFO - Filling up the DagBag from /opt/airflow/dags/dag_04_postgres_taxi.py
[2026-06-16T11:55:16.636+0000] {processor.py:840} INFO - DAG(s) '04_postgres_taxi' retrieved from /opt/airflow/dags/dag_04_postgres_taxi.py
[2026-06-16T11:55:16.789+0000] {logging_mixin.py:188} INFO - [2026-06-16T11:55:16.789+0000] {dag.py:3089} INFO - Sync 1 DAGs
[2026-06-16T11:55:16.822+0000] {logging_mixin.py:188} INFO - [2026-06-16T11:55:16.822+0000] {dag.py:3947} INFO - Setting next_dagrun for 04_postgres_taxi to None, run_after=None
[2026-06-16T11:55:16.860+0000] {processor.py:183} INFO - Processing /opt/airflow/dags/dag_04_postgres_taxi.py took 0.285 seconds
[2026-06-16T11:55:47.569+0000] {processor.py:161} INFO - Started process (PID=311) to work on /opt/airflow/dags/dag_04_postgres_taxi.py
[2026-06-16T11:55:47.573+0000] {processor.py:830} INFO - Processing file /opt/airflow/dags/dag_04_postgres_taxi.py for tasks to queue
[2026-06-16T11:55:47.575+0000] {logging_mixin.py:188} INFO - [2026-06-16T11:55:47.575+0000] {dagbag.py:545} INFO - Filling up the DagBag from /opt/airflow/dags/dag_04_postgres_taxi.py
[2026-06-16T11:55:47.593+0000] {processor.py:840} INFO - DAG(s) '04_postgres_taxi' retrieved from /opt/airflow/dags/dag_04_postgres_taxi.py
[2026-06-16T11:55:47.665+0000] {logging_mixin.py:188} INFO - [2026-06-16T11:55:47.665+0000] {dag.py:3089} INFO - Sync 1 DAGs
[2026-06-16T11:55:47.682+0000] {logging_mixin.py:188} INFO - [2026-06-16T11:55:47.682+0000] {dag.py:3947} INFO - Setting next_dagrun for 04_postgres_taxi to None, run_after=None
[2026-06-16T11:55:47.711+0000] {processor.py:183} INFO - Processing /opt/airflow/dags/dag_04_postgres_taxi.py took 0.150 seconds
[2026-06-16T11:56:18.598+0000] {processor.py:161} INFO - Started process (PID=336) to work on /opt/airflow/dags/dag_04_postgres_taxi.py
[2026-06-16T11:56:18.599+0000] {processor.py:830} INFO - Processing file /opt/airflow/dags/dag_04_postgres_taxi.py for tasks to queue
[2026-06-16T11:56:18.601+0000] {logging_mixin.py:188} INFO - [2026-06-16T11:56:18.601+0000] {dagbag.py:545} INFO - Filling up the DagBag from /opt/airflow/dags/dag_04_postgres_taxi.py
[2026-06-16T11:56:18.617+0000] {processor.py:840} INFO - DAG(s) '04_postgres_taxi' retrieved from /opt/airflow/dags/dag_04_postgres_taxi.py
[2026-06-16T11:56:18.686+0000] {logging_mixin.py:188} INFO - [2026-06-16T11:56:18.685+0000] {dag.py:3089} INFO - Sync 1 DAGs
[2026-06-16T11:56:18.703+0000] {logging_mixin.py:188} INFO - [2026-06-16T11:56:18.703+0000] {dag.py:3947} INFO - Setting next_dagrun for 04_postgres_taxi to None, run_after=None
[2026-06-16T11:56:18.735+0000] {processor.py:183} INFO - Processing /opt/airflow/dags/dag_04_postgres_taxi.py took 0.145 seconds
[2026-06-16T11:59:23.882+0000] {processor.py:161} INFO - Started process (PID=186) to work on /opt/airflow/dags/dag_04_postgres_taxi.py
[2026-06-16T11:59:23.883+0000] {processor.py:830} INFO - Processing file /opt/airflow/dags/dag_04_postgres_taxi.py for tasks to queue
[2026-06-16T11:59:23.886+0000] {logging_mixin.py:188} INFO - [2026-06-16T11:59:23.885+0000] {dagbag.py:545} INFO - Filling up the DagBag from /opt/airflow/dags/dag_04_postgres_taxi.py
[2026-06-16T11:59:23.913+0000] {processor.py:840} INFO - DAG(s) '04_postgres_taxi' retrieved from /opt/airflow/dags/dag_04_postgres_taxi.py
[2026-06-16T11:59:24.335+0000] {logging_mixin.py:188} INFO - [2026-06-16T11:59:24.333+0000] {override.py:1858} INFO - Created Permission View: can edit on DAG:04_postgres_taxi
[2026-06-16T11:59:24.363+0000] {logging_mixin.py:188} INFO - [2026-06-16T11:59:24.362+0000] {override.py:1858} INFO - Created Permission View: can delete on DAG:04_postgres_taxi
[2026-06-16T11:59:24.383+0000] {logging_mixin.py:188} INFO - [2026-06-16T11:59:24.382+0000] {override.py:1858} INFO - Created Permission View: can read on DAG:04_postgres_taxi
[2026-06-16T11:59:24.384+0000] {logging_mixin.py:188} INFO - [2026-06-16T11:59:24.383+0000] {dag.py:3089} INFO - Sync 1 DAGs
[2026-06-16T11:59:24.409+0000] {logging_mixin.py:188} INFO - [2026-06-16T11:59:24.408+0000] {dag.py:3111} INFO - Creating ORM DAG for 04_postgres_taxi
[2026-06-16T11:59:24.410+0000] {logging_mixin.py:188} INFO - [2026-06-16T11:59:24.409+0000] {dag.py:3947} INFO - Setting next_dagrun for 04_postgres_taxi to None, run_after=None
[2026-06-16T11:59:24.444+0000] {processor.py:183} INFO - Processing /opt/airflow/dags/dag_04_postgres_taxi.py took 0.572 seconds
[2026-06-16T11:59:54.641+0000] {processor.py:161} INFO - Started process (PID=211) to work on /opt/airflow/dags/dag_04_postgres_taxi.py
[2026-06-16T11:59:54.643+0000] {processor.py:830} INFO - Processing file /opt/airflow/dags/dag_04_postgres_taxi.py for tasks to queue
[2026-06-16T11:59:54.648+0000] {logging_mixin.py:188} INFO - [2026-06-16T11:59:54.647+0000] {dagbag.py:545} INFO - Filling up the DagBag from /opt/airflow/dags/dag_04_postgres_taxi.py
[2026-06-16T11:59:54.673+0000] {processor.py:840} INFO - DAG(s) '04_postgres_taxi' retrieved from /opt/airflow/dags/dag_04_postgres_taxi.py
[2026-06-16T11:59:54.796+0000] {logging_mixin.py:188} INFO - [2026-06-16T11:59:54.795+0000] {dag.py:3089} INFO - Sync 1 DAGs
[2026-06-16T11:59:54.821+0000] {logging_mixin.py:188} INFO - [2026-06-16T11:59:54.820+0000] {dag.py:3947} INFO - Setting next_dagrun for 04_postgres_taxi to None, run_after=None
[2026-06-16T11:59:54.857+0000] {processor.py:183} INFO - Processing /opt/airflow/dags/dag_04_postgres_taxi.py took 0.231 seconds
[2026-06-16T12:00:25.597+0000] {processor.py:161} INFO - Started process (PID=236) to work on /opt/airflow/dags/dag_04_postgres_taxi.py
[2026-06-16T12:00:25.599+0000] {processor.py:830} INFO - Processing file /opt/airflow/dags/dag_04_postgres_taxi.py for tasks to queue
[2026-06-16T12:00:25.601+0000] {logging_mixin.py:188} INFO - [2026-06-16T12:00:25.601+0000] {dagbag.py:545} INFO - Filling up the DagBag from /opt/airflow/dags/dag_04_postgres_taxi.py
[2026-06-16T12:00:25.615+0000] {processor.py:840} INFO - DAG(s) '04_postgres_taxi' retrieved from /opt/airflow/dags/dag_04_postgres_taxi.py
[2026-06-16T12:00:25.680+0000] {logging_mixin.py:188} INFO - [2026-06-16T12:00:25.680+0000] {dag.py:3089} INFO - Sync 1 DAGs
[2026-06-16T12:00:25.698+0000] {logging_mixin.py:188} INFO - [2026-06-16T12:00:25.698+0000] {dag.py:3947} INFO - Setting next_dagrun for 04_postgres_taxi to None, run_after=None
[2026-06-16T12:00:25.726+0000] {processor.py:183} INFO - Processing /opt/airflow/dags/dag_04_postgres_taxi.py took 0.138 seconds
[2026-06-16T12:00:56.511+0000] {processor.py:161} INFO - Started process (PID=261) to work on /opt/airflow/dags/dag_04_postgres_taxi.py
[2026-06-16T12:00:56.514+0000] {processor.py:830} INFO - Processing file /opt/airflow/dags/dag_04_postgres_taxi.py for tasks to queue
[2026-06-16T12:00:56.516+0000] {logging_mixin.py:188} INFO - [2026-06-16T12:00:56.516+0000] {dagbag.py:545} INFO - Filling up the DagBag from /opt/airflow/dags/dag_04_postgres_taxi.py
[2026-06-16T12:00:56.540+0000] {processor.py:840} INFO - DAG(s) '04_postgres_taxi' retrieved from /opt/airflow/dags/dag_04_postgres_taxi.py
[2026-06-16T12:00:56.622+0000] {logging_mixin.py:188} INFO - [2026-06-16T12:00:56.622+0000] {dag.py:3089} INFO - Sync 1 DAGs
[2026-06-16T12:00:56.643+0000] {logging_mixin.py:188} INFO - [2026-06-16T12:00:56.643+0000] {dag.py:3947} INFO - Setting next_dagrun for 04_postgres_taxi to None, run_after=None
[2026-06-16T12:00:56.672+0000] {processor.py:183} INFO - Processing /opt/airflow/dags/dag_04_postgres_taxi.py took 0.172 seconds
[2026-06-16T12:01:27.417+0000] {processor.py:161} INFO - Started process (PID=286) to work on /opt/airflow/dags/dag_04_postgres_taxi.py
[2026-06-16T12:01:27.419+0000] {processor.py:830} INFO - Processing file /opt/airflow/dags/dag_04_postgres_taxi.py for tasks to queue
[2026-06-16T12:01:27.422+0000] {logging_mixin.py:188} INFO - [2026-06-16T12:01:27.421+0000] {dagbag.py:545} INFO - Filling up the DagBag from /opt/airflow/dags/dag_04_postgres_taxi.py
[2026-06-16T12:01:27.437+0000] {processor.py:840} INFO - DAG(s) '04_postgres_taxi' retrieved from /opt/airflow/dags/dag_04_postgres_taxi.py
[2026-06-16T12:01:27.512+0000] {logging_mixin.py:188} INFO - [2026-06-16T12:01:27.512+0000] {dag.py:3089} INFO - Sync 1 DAGs
[2026-06-16T12:01:27.531+0000] {logging_mixin.py:188} INFO - [2026-06-16T12:01:27.531+0000] {dag.py:3947} INFO - Setting next_dagrun for 04_postgres_taxi to None, run_after=None
[2026-06-16T12:01:27.558+0000] {processor.py:183} INFO - Processing /opt/airflow/dags/dag_04_postgres_taxi.py took 0.152 seconds
[2026-06-16T12:01:58.053+0000] {processor.py:161} INFO - Started process (PID=311) to work on /opt/airflow/dags/dag_04_postgres_taxi.py
[2026-06-16T12:01:58.055+0000] {processor.py:830} INFO - Processing file /opt/airflow/dags/dag_04_postgres_taxi.py for tasks to queue
[2026-06-16T12:01:58.057+0000] {logging_mixin.py:188} INFO - [2026-06-16T12:01:58.057+0000] {dagbag.py:545} INFO - Filling up the DagBag from /opt/airflow/dags/dag_04_postgres_taxi.py
[2026-06-16T12:01:58.073+0000] {processor.py:840} INFO - DAG(s) '04_postgres_taxi' retrieved from /opt/airflow/dags/dag_04_postgres_taxi.py
[2026-06-16T12:01:58.142+0000] {logging_mixin.py:188} INFO - [2026-06-16T12:01:58.142+0000] {dag.py:3089} INFO - Sync 1 DAGs
[2026-06-16T12:01:58.161+0000] {logging_mixin.py:188} INFO - [2026-06-16T12:01:58.161+0000] {dag.py:3947} INFO - Setting next_dagrun for 04_postgres_taxi to None, run_after=None
[2026-06-16T12:01:58.189+0000] {processor.py:183} INFO - Processing /opt/airflow/dags/dag_04_postgres_taxi.py took 0.147 seconds
[2026-06-16T12:02:29.132+0000] {processor.py:161} INFO - Started process (PID=346) to work on /opt/airflow/dags/dag_04_postgres_taxi.py
[2026-06-16T12:02:29.133+0000] {processor.py:830} INFO - Processing file /opt/airflow/dags/dag_04_postgres_taxi.py for tasks to queue
[2026-06-16T12:02:29.136+0000] {logging_mixin.py:188} INFO - [2026-06-16T12:02:29.135+0000] {dagbag.py:545} INFO - Filling up the DagBag from /opt/airflow/dags/dag_04_postgres_taxi.py
[2026-06-16T12:02:29.149+0000] {processor.py:840} INFO - DAG(s) '04_postgres_taxi' retrieved from /opt/airflow/dags/dag_04_postgres_taxi.py
[2026-06-16T12:02:29.217+0000] {logging_mixin.py:188} INFO - [2026-06-16T12:02:29.217+0000] {dag.py:3089} INFO - Sync 1 DAGs
[2026-06-16T12:02:29.233+0000] {logging_mixin.py:188} INFO - [2026-06-16T12:02:29.233+0000] {dag.py:3947} INFO - Setting next_dagrun for 04_postgres_taxi to None, run_after=None
[2026-06-16T12:02:29.260+0000] {processor.py:183} INFO - Processing /opt/airflow/dags/dag_04_postgres_taxi.py took 0.137 seconds
[2026-06-16T12:02:59.932+0000] {processor.py:161} INFO - Started process (PID=371) to work on /opt/airflow/dags/dag_04_postgres_taxi.py
[2026-06-16T12:02:59.934+0000] {processor.py:830} INFO - Processing file /opt/airflow/dags/dag_04_postgres_taxi.py for tasks to queue
[2026-06-16T12:02:59.937+0000] {logging_mixin.py:188} INFO - [2026-06-16T12:02:59.937+0000] {dagbag.py:545} INFO - Filling up the DagBag from /opt/airflow/dags/dag_04_postgres_taxi.py
[2026-06-16T12:02:59.956+0000] {processor.py:840} INFO - DAG(s) '04_postgres_taxi' retrieved from /opt/airflow/dags/dag_04_postgres_taxi.py
[2026-06-16T12:03:00.028+0000] {logging_mixin.py:188} INFO - [2026-06-16T12:03:00.028+0000] {dag.py:3089} INFO - Sync 1 DAGs
[2026-06-16T12:03:00.053+0000] {logging_mixin.py:188} INFO - [2026-06-16T12:03:00.053+0000] {dag.py:3947} INFO - Setting next_dagrun for 04_postgres_taxi to None, run_after=None
[2026-06-16T12:03:00.082+0000] {processor.py:183} INFO - Processing /opt/airflow/dags/dag_04_postgres_taxi.py took 0.162 seconds
[2026-06-16T12:03:30.798+0000] {processor.py:161} INFO - Started process (PID=396) to work on /opt/airflow/dags/dag_04_postgres_taxi.py
[2026-06-16T12:03:30.800+0000] {processor.py:830} INFO - Processing file /opt/airflow/dags/dag_04_postgres_taxi.py for tasks to queue
[2026-06-16T12:03:30.803+0000] {logging_mixin.py:188} INFO - [2026-06-16T12:03:30.802+0000] {dagbag.py:545} INFO - Filling up the DagBag from /opt/airflow/dags/dag_04_postgres_taxi.py
[2026-06-16T12:03:30.819+0000] {processor.py:840} INFO - DAG(s) '04_postgres_taxi' retrieved from /opt/airflow/dags/dag_04_postgres_taxi.py
[2026-06-16T12:03:30.888+0000] {logging_mixin.py:188} INFO - [2026-06-16T12:03:30.888+0000] {dag.py:3089} INFO - Sync 1 DAGs
[2026-06-16T12:03:30.907+0000] {logging_mixin.py:188} INFO - [2026-06-16T12:03:30.907+0000] {dag.py:3947} INFO - Setting next_dagrun for 04_postgres_taxi to None, run_after=None
[2026-06-16T12:03:30.939+0000] {processor.py:183} INFO - Processing /opt/airflow/dags/dag_04_postgres_taxi.py took 0.150 seconds
[2026-06-16T12:04:01.729+0000] {processor.py:161} INFO - Started process (PID=421) to work on /opt/airflow/dags/dag_04_postgres_taxi.py
[2026-06-16T12:04:01.730+0000] {processor.py:830} INFO - Processing file /opt/airflow/dags/dag_04_postgres_taxi.py for tasks to queue
[2026-06-16T12:04:01.732+0000] {logging_mixin.py:188} INFO - [2026-06-16T12:04:01.732+0000] {dagbag.py:545} INFO - Filling up the DagBag from /opt/airflow/dags/dag_04_postgres_taxi.py
[2026-06-16T12:04:01.752+0000] {processor.py:840} INFO - DAG(s) '04_postgres_taxi' retrieved from /opt/airflow/dags/dag_04_postgres_taxi.py
[2026-06-16T12:04:01.814+0000] {logging_mixin.py:188} INFO - [2026-06-16T12:04:01.813+0000] {dag.py:3089} INFO - Sync 1 DAGs
[2026-06-16T12:04:01.832+0000] {logging_mixin.py:188} INFO - [2026-06-16T12:04:01.831+0000] {dag.py:3947} INFO - Setting next_dagrun for 04_postgres_taxi to None, run_after=None
[2026-06-16T12:04:01.859+0000] {processor.py:183} INFO - Processing /opt/airflow/dags/dag_04_postgres_taxi.py took 0.139 seconds
[2026-06-16T12:04:32.554+0000] {processor.py:161} INFO - Started process (PID=451) to work on /opt/airflow/dags/dag_04_postgres_taxi.py
[2026-06-16T12:04:32.556+0000] {processor.py:830} INFO - Processing file /opt/airflow/dags/dag_04_postgres_taxi.py for tasks to queue
[2026-06-16T12:04:32.559+0000] {logging_mixin.py:188} INFO - [2026-06-16T12:04:32.558+0000] {dagbag.py:545} INFO - Filling up the DagBag from /opt/airflow/dags/dag_04_postgres_taxi.py
[2026-06-16T12:04:32.574+0000] {processor.py:840} INFO - DAG(s) '04_postgres_taxi' retrieved from /opt/airflow/dags/dag_04_postgres_taxi.py
[2026-06-16T12:04:32.642+0000] {logging_mixin.py:188} INFO - [2026-06-16T12:04:32.642+0000] {dag.py:3089} INFO - Sync 1 DAGs
[2026-06-16T12:04:32.660+0000] {logging_mixin.py:188} INFO - [2026-06-16T12:04:32.659+0000] {dag.py:3947} INFO - Setting next_dagrun for 04_postgres_taxi to None, run_after=None
[2026-06-16T12:04:32.689+0000] {processor.py:183} INFO - Processing /opt/airflow/dags/dag_04_postgres_taxi.py took 0.146 seconds
[2026-06-16T12:05:03.386+0000] {processor.py:161} INFO - Started process (PID=481) to work on /opt/airflow/dags/dag_04_postgres_taxi.py
[2026-06-16T12:05:03.388+0000] {processor.py:830} INFO - Processing file /opt/airflow/dags/dag_04_postgres_taxi.py for tasks to queue
[2026-06-16T12:05:03.392+0000] {logging_mixin.py:188} INFO - [2026-06-16T12:05:03.391+0000] {dagbag.py:545} INFO - Filling up the DagBag from /opt/airflow/dags/dag_04_postgres_taxi.py
[2026-06-16T12:05:03.419+0000] {processor.py:840} INFO - DAG(s) '04_postgres_taxi' retrieved from /opt/airflow/dags/dag_04_postgres_taxi.py
[2026-06-16T12:05:03.621+0000] {logging_mixin.py:188} INFO - [2026-06-16T12:05:03.620+0000] {dag.py:3089} INFO - Sync 1 DAGs
[2026-06-16T12:05:03.642+0000] {logging_mixin.py:188} INFO - [2026-06-16T12:05:03.641+0000] {dag.py:3947} INFO - Setting next_dagrun for 04_postgres_taxi to None, run_after=None
[2026-06-16T12:05:03.680+0000] {processor.py:183} INFO - Processing /opt/airflow/dags/dag_04_postgres_taxi.py took 0.311 seconds
[2026-06-16T12:05:34.525+0000] {processor.py:161} INFO - Started process (PID=511) to work on /opt/airflow/dags/dag_04_postgres_taxi.py
[2026-06-16T12:05:34.527+0000] {processor.py:830} INFO - Processing file /opt/airflow/dags/dag_04_postgres_taxi.py for tasks to queue
[2026-06-16T12:05:34.529+0000] {logging_mixin.py:188} INFO - [2026-06-16T12:05:34.529+0000] {dagbag.py:545} INFO - Filling up the DagBag from /opt/airflow/dags/dag_04_postgres_taxi.py
[2026-06-16T12:05:34.543+0000] {processor.py:840} INFO - DAG(s) '04_postgres_taxi' retrieved from /opt/airflow/dags/dag_04_postgres_taxi.py
[2026-06-16T12:05:34.636+0000] {logging_mixin.py:188} INFO - [2026-06-16T12:05:34.635+0000] {dag.py:3089} INFO - Sync 1 DAGs
[2026-06-16T12:05:34.663+0000] {logging_mixin.py:188} INFO - [2026-06-16T12:05:34.662+0000] {dag.py:3947} INFO - Setting next_dagrun for 04_postgres_taxi to None, run_after=None
[2026-06-16T12:05:34.702+0000] {processor.py:183} INFO - Processing /opt/airflow/dags/dag_04_postgres_taxi.py took 0.184 seconds
[2026-06-16T12:06:05.512+0000] {processor.py:161} INFO - Started process (PID=541) to work on /opt/airflow/dags/dag_04_postgres_taxi.py
[2026-06-16T12:06:05.513+0000] {processor.py:830} INFO - Processing file /opt/airflow/dags/dag_04_postgres_taxi.py for tasks to queue
[2026-06-16T12:06:05.516+0000] {logging_mixin.py:188} INFO - [2026-06-16T12:06:05.515+0000] {dagbag.py:545} INFO - Filling up the DagBag from /opt/airflow/dags/dag_04_postgres_taxi.py
[2026-06-16T12:06:05.532+0000] {processor.py:840} INFO - DAG(s) '04_postgres_taxi' retrieved from /opt/airflow/dags/dag_04_postgres_taxi.py
[2026-06-16T12:06:05.610+0000] {logging_mixin.py:188} INFO - [2026-06-16T12:06:05.609+0000] {dag.py:3089} INFO - Sync 1 DAGs
[2026-06-16T12:06:05.634+0000] {logging_mixin.py:188} INFO - [2026-06-16T12:06:05.633+0000] {dag.py:3947} INFO - Setting next_dagrun for 04_postgres_taxi to None, run_after=None
[2026-06-16T12:06:05.668+0000] {processor.py:183} INFO - Processing /opt/airflow/dags/dag_04_postgres_taxi.py took 0.164 seconds
[2026-06-16T12:06:36.536+0000] {processor.py:161} INFO - Started process (PID=571) to work on /opt/airflow/dags/dag_04_postgres_taxi.py
[2026-06-16T12:06:36.539+0000] {processor.py:830} INFO - Processing file /opt/airflow/dags/dag_04_postgres_taxi.py for tasks to queue
[2026-06-16T12:06:36.547+0000] {logging_mixin.py:188} INFO - [2026-06-16T12:06:36.546+0000] {dagbag.py:545} INFO - Filling up the DagBag from /opt/airflow/dags/dag_04_postgres_taxi.py
[2026-06-16T12:06:36.573+0000] {processor.py:840} INFO - DAG(s) '04_postgres_taxi' retrieved from /opt/airflow/dags/dag_04_postgres_taxi.py
[2026-06-16T12:06:36.712+0000] {logging_mixin.py:188} INFO - [2026-06-16T12:06:36.712+0000] {dag.py:3089} INFO - Sync 1 DAGs
[2026-06-16T12:06:36.741+0000] {logging_mixin.py:188} INFO - [2026-06-16T12:06:36.741+0000] {dag.py:3947} INFO - Setting next_dagrun for 04_postgres_taxi to None, run_after=None
[2026-06-16T12:06:36.792+0000] {processor.py:183} INFO - Processing /opt/airflow/dags/dag_04_postgres_taxi.py took 0.270 seconds
[2026-06-16T12:07:07.764+0000] {processor.py:161} INFO - Started process (PID=601) to work on /opt/airflow/dags/dag_04_postgres_taxi.py
[2026-06-16T12:07:07.766+0000] {processor.py:830} INFO - Processing file /opt/airflow/dags/dag_04_postgres_taxi.py for tasks to queue
[2026-06-16T12:07:07.768+0000] {logging_mixin.py:188} INFO - [2026-06-16T12:07:07.768+0000] {dagbag.py:545} INFO - Filling up the DagBag from /opt/airflow/dags/dag_04_postgres_taxi.py
[2026-06-16T12:07:07.785+0000] {processor.py:840} INFO - DAG(s) '04_postgres_taxi' retrieved from /opt/airflow/dags/dag_04_postgres_taxi.py
[2026-06-16T12:07:07.861+0000] {logging_mixin.py:188} INFO - [2026-06-16T12:07:07.861+0000] {dag.py:3089} INFO - Sync 1 DAGs
[2026-06-16T12:07:07.883+0000] {logging_mixin.py:188} INFO - [2026-06-16T12:07:07.883+0000] {dag.py:3947} INFO - Setting next_dagrun for 04_postgres_taxi to None, run_after=None
[2026-06-16T12:07:07.912+0000] {processor.py:183} INFO - Processing /opt/airflow/dags/dag_04_postgres_taxi.py took 0.156 seconds
[2026-06-16T12:07:38.710+0000] {processor.py:161} INFO - Started process (PID=631) to work on /opt/airflow/dags/dag_04_postgres_taxi.py
[2026-06-16T12:07:38.712+0000] {processor.py:830} INFO - Processing file /opt/airflow/dags/dag_04_postgres_taxi.py for tasks to queue
[2026-06-16T12:07:38.714+0000] {logging_mixin.py:188} INFO - [2026-06-16T12:07:38.714+0000] {dagbag.py:545} INFO - Filling up the DagBag from /opt/airflow/dags/dag_04_postgres_taxi.py
[2026-06-16T12:07:38.729+0000] {processor.py:840} INFO - DAG(s) '04_postgres_taxi' retrieved from /opt/airflow/dags/dag_04_postgres_taxi.py
[2026-06-16T12:07:38.797+0000] {logging_mixin.py:188} INFO - [2026-06-16T12:07:38.797+0000] {dag.py:3089} INFO - Sync 1 DAGs
[2026-06-16T12:07:38.817+0000] {logging_mixin.py:188} INFO - [2026-06-16T12:07:38.816+0000] {dag.py:3947} INFO - Setting next_dagrun for 04_postgres_taxi to None, run_after=None
[2026-06-16T12:07:38.848+0000] {processor.py:183} INFO - Processing /opt/airflow/dags/dag_04_postgres_taxi.py took 0.147 seconds
[2026-06-16T12:16:55.224+0000] {processor.py:161} INFO - Started process (PID=198) to work on /opt/airflow/dags/dag_04_postgres_taxi.py
[2026-06-16T12:16:55.225+0000] {processor.py:830} INFO - Processing file /opt/airflow/dags/dag_04_postgres_taxi.py for tasks to queue
[2026-06-16T12:16:55.228+0000] {logging_mixin.py:188} INFO - [2026-06-16T12:16:55.227+0000] {dagbag.py:545} INFO - Filling up the DagBag from /opt/airflow/dags/dag_04_postgres_taxi.py
[2026-06-16T12:16:55.246+0000] {processor.py:840} INFO - DAG(s) '04_postgres_taxi' retrieved from /opt/airflow/dags/dag_04_postgres_taxi.py
[2026-06-16T12:16:55.468+0000] {logging_mixin.py:188} INFO - [2026-06-16T12:16:55.467+0000] {override.py:1858} INFO - Created Permission View: can edit on DAG:04_postgres_taxi
[2026-06-16T12:16:55.486+0000] {logging_mixin.py:188} INFO - [2026-06-16T12:16:55.486+0000] {override.py:1858} INFO - Created Permission View: can read on DAG:04_postgres_taxi
[2026-06-16T12:16:55.499+0000] {logging_mixin.py:188} INFO - [2026-06-16T12:16:55.499+0000] {override.py:1858} INFO - Created Permission View: can delete on DAG:04_postgres_taxi
[2026-06-16T12:16:55.500+0000] {logging_mixin.py:188} INFO - [2026-06-16T12:16:55.500+0000] {dag.py:3089} INFO - Sync 1 DAGs
[2026-06-16T12:16:55.523+0000] {logging_mixin.py:188} INFO - [2026-06-16T12:16:55.522+0000] {dag.py:3111} INFO - Creating ORM DAG for 04_postgres_taxi
[2026-06-16T12:16:55.524+0000] {logging_mixin.py:188} INFO - [2026-06-16T12:16:55.524+0000] {dag.py:3947} INFO - Setting next_dagrun for 04_postgres_taxi to None, run_after=None
[2026-06-16T12:16:55.552+0000] {processor.py:183} INFO - Processing /opt/airflow/dags/dag_04_postgres_taxi.py took 0.338 seconds
[2026-06-16T12:17:26.160+0000] {processor.py:161} INFO - Started process (PID=231) to work on /opt/airflow/dags/dag_04_postgres_taxi.py
[2026-06-16T12:17:26.161+0000] {processor.py:830} INFO - Processing file /opt/airflow/dags/dag_04_postgres_taxi.py for tasks to queue
[2026-06-16T12:17:26.163+0000] {logging_mixin.py:188} INFO - [2026-06-16T12:17:26.163+0000] {dagbag.py:545} INFO - Filling up the DagBag from /opt/airflow/dags/dag_04_postgres_taxi.py
[2026-06-16T12:17:26.183+0000] {processor.py:840} INFO - DAG(s) '04_postgres_taxi' retrieved from /opt/airflow/dags/dag_04_postgres_taxi.py
[2026-06-16T12:17:26.258+0000] {logging_mixin.py:188} INFO - [2026-06-16T12:17:26.258+0000] {dag.py:3089} INFO - Sync 1 DAGs
[2026-06-16T12:17:26.276+0000] {logging_mixin.py:188} INFO - [2026-06-16T12:17:26.276+0000] {dag.py:3947} INFO - Setting next_dagrun for 04_postgres_taxi to None, run_after=None
[2026-06-16T12:17:26.303+0000] {processor.py:183} INFO - Processing /opt/airflow/dags/dag_04_postgres_taxi.py took 0.151 seconds
[2026-06-16T12:17:56.486+0000] {processor.py:161} INFO - Started process (PID=271) to work on /opt/airflow/dags/dag_04_postgres_taxi.py
[2026-06-16T12:17:56.488+0000] {processor.py:830} INFO - Processing file /opt/airflow/dags/dag_04_postgres_taxi.py for tasks to queue
[2026-06-16T12:17:56.491+0000] {logging_mixin.py:188} INFO - [2026-06-16T12:17:56.491+0000] {dagbag.py:545} INFO - Filling up the DagBag from /opt/airflow/dags/dag_04_postgres_taxi.py
[2026-06-16T12:17:56.510+0000] {processor.py:840} INFO - DAG(s) '04_postgres_taxi' retrieved from /opt/airflow/dags/dag_04_postgres_taxi.py
[2026-06-16T12:17:56.591+0000] {logging_mixin.py:188} INFO - [2026-06-16T12:17:56.591+0000] {dag.py:3089} INFO - Sync 1 DAGs
[2026-06-16T12:17:56.613+0000] {logging_mixin.py:188} INFO - [2026-06-16T12:17:56.613+0000] {dag.py:3947} INFO - Setting next_dagrun for 04_postgres_taxi to None, run_after=None
[2026-06-16T12:17:56.649+0000] {processor.py:183} INFO - Processing /opt/airflow/dags/dag_04_postgres_taxi.py took 0.172 seconds
[2026-06-16T12:18:27.350+0000] {processor.py:161} INFO - Started process (PID=306) to work on /opt/airflow/dags/dag_04_postgres_taxi.py
[2026-06-16T12:18:27.351+0000] {processor.py:830} INFO - Processing file /opt/airflow/dags/dag_04_postgres_taxi.py for tasks to queue
[2026-06-16T12:18:27.353+0000] {logging_mixin.py:188} INFO - [2026-06-16T12:18:27.353+0000] {dagbag.py:545} INFO - Filling up the DagBag from /opt/airflow/dags/dag_04_postgres_taxi.py
[2026-06-16T12:18:27.368+0000] {processor.py:840} INFO - DAG(s) '04_postgres_taxi' retrieved from /opt/airflow/dags/dag_04_postgres_taxi.py
[2026-06-16T12:18:27.429+0000] {logging_mixin.py:188} INFO - [2026-06-16T12:18:27.428+0000] {dag.py:3089} INFO - Sync 1 DAGs
[2026-06-16T12:18:27.445+0000] {logging_mixin.py:188} INFO - [2026-06-16T12:18:27.445+0000] {dag.py:3947} INFO - Setting next_dagrun for 04_postgres_taxi to None, run_after=None
[2026-06-16T12:18:27.470+0000] {processor.py:183} INFO - Processing /opt/airflow/dags/dag_04_postgres_taxi.py took 0.126 seconds
[2026-06-16T12:18:58.069+0000] {processor.py:161} INFO - Started process (PID=341) to work on /opt/airflow/dags/dag_04_postgres_taxi.py
[2026-06-16T12:18:58.071+0000] {processor.py:830} INFO - Processing file /opt/airflow/dags/dag_04_postgres_taxi.py for tasks to queue
[2026-06-16T12:18:58.073+0000] {logging_mixin.py:188} INFO - [2026-06-16T12:18:58.073+0000] {dagbag.py:545} INFO - Filling up the DagBag from /opt/airflow/dags/dag_04_postgres_taxi.py
[2026-06-16T12:18:58.087+0000] {processor.py:840} INFO - DAG(s) '04_postgres_taxi' retrieved from /opt/airflow/dags/dag_04_postgres_taxi.py
[2026-06-16T12:18:58.149+0000] {logging_mixin.py:188} INFO - [2026-06-16T12:18:58.148+0000] {dag.py:3089} INFO - Sync 1 DAGs
[2026-06-16T12:18:58.170+0000] {logging_mixin.py:188} INFO - [2026-06-16T12:18:58.170+0000] {dag.py:3947} INFO - Setting next_dagrun for 04_postgres_taxi to None, run_after=None
[2026-06-16T12:18:58.202+0000] {processor.py:183} INFO - Processing /opt/airflow/dags/dag_04_postgres_taxi.py took 0.141 seconds
[2026-06-16T12:19:28.555+0000] {processor.py:161} INFO - Started process (PID=381) to work on /opt/airflow/dags/dag_04_postgres_taxi.py
[2026-06-16T12:19:28.556+0000] {processor.py:830} INFO - Processing file /opt/airflow/dags/dag_04_postgres_taxi.py for tasks to queue
[2026-06-16T12:19:28.558+0000] {logging_mixin.py:188} INFO - [2026-06-16T12:19:28.558+0000] {dagbag.py:545} INFO - Filling up the DagBag from /opt/airflow/dags/dag_04_postgres_taxi.py
[2026-06-16T12:19:28.571+0000] {processor.py:840} INFO - DAG(s) '04_postgres_taxi' retrieved from /opt/airflow/dags/dag_04_postgres_taxi.py
[2026-06-16T12:19:28.633+0000] {logging_mixin.py:188} INFO - [2026-06-16T12:19:28.633+0000] {dag.py:3089} INFO - Sync 1 DAGs
[2026-06-16T12:19:28.651+0000] {logging_mixin.py:188} INFO - [2026-06-16T12:19:28.650+0000] {dag.py:3947} INFO - Setting next_dagrun for 04_postgres_taxi to None, run_after=None
[2026-06-16T12:19:28.676+0000] {processor.py:183} INFO - Processing /opt/airflow/dags/dag_04_postgres_taxi.py took 0.129 seconds
[2026-06-16T12:19:59.212+0000] {processor.py:161} INFO - Started process (PID=421) to work on /opt/airflow/dags/dag_04_postgres_taxi.py
[2026-06-16T12:19:59.214+0000] {processor.py:830} INFO - Processing file /opt/airflow/dags/dag_04_postgres_taxi.py for tasks to queue
[2026-06-16T12:19:59.217+0000] {logging_mixin.py:188} INFO - [2026-06-16T12:19:59.217+0000] {dagbag.py:545} INFO - Filling up the DagBag from /opt/airflow/dags/dag_04_postgres_taxi.py
[2026-06-16T12:19:59.235+0000] {processor.py:840} INFO - DAG(s) '04_postgres_taxi' retrieved from /opt/airflow/dags/dag_04_postgres_taxi.py
[2026-06-16T12:19:59.327+0000] {logging_mixin.py:188} INFO - [2026-06-16T12:19:59.326+0000] {dag.py:3089} INFO - Sync 1 DAGs
[2026-06-16T12:19:59.347+0000] {logging_mixin.py:188} INFO - [2026-06-16T12:19:59.346+0000] {dag.py:3947} INFO - Setting next_dagrun for 04_postgres_taxi to None, run_after=None
[2026-06-16T12:19:59.375+0000] {processor.py:183} INFO - Processing /opt/airflow/dags/dag_04_postgres_taxi.py took 0.173 seconds
[2026-06-16T12:20:29.876+0000] {processor.py:161} INFO - Started process (PID=456) to work on /opt/airflow/dags/dag_04_postgres_taxi.py
[2026-06-16T12:20:29.877+0000] {processor.py:830} INFO - Processing file /opt/airflow/dags/dag_04_postgres_taxi.py for tasks to queue
[2026-06-16T12:20:29.879+0000] {logging_mixin.py:188} INFO - [2026-06-16T12:20:29.879+0000] {dagbag.py:545} INFO - Filling up the DagBag from /opt/airflow/dags/dag_04_postgres_taxi.py
[2026-06-16T12:20:29.896+0000] {processor.py:840} INFO - DAG(s) '04_postgres_taxi' retrieved from /opt/airflow/dags/dag_04_postgres_taxi.py
[2026-06-16T12:20:29.957+0000] {logging_mixin.py:188} INFO - [2026-06-16T12:20:29.956+0000] {dag.py:3089} INFO - Sync 1 DAGs
[2026-06-16T12:20:29.973+0000] {logging_mixin.py:188} INFO - [2026-06-16T12:20:29.973+0000] {dag.py:3947} INFO - Setting next_dagrun for 04_postgres_taxi to None, run_after=None
[2026-06-16T12:20:30.002+0000] {processor.py:183} INFO - Processing /opt/airflow/dags/dag_04_postgres_taxi.py took 0.138 seconds
[2026-06-16T12:21:00.116+0000] {processor.py:161} INFO - Started process (PID=491) to work on /opt/airflow/dags/dag_04_postgres_taxi.py
[2026-06-16T12:21:00.117+0000] {processor.py:830} INFO - Processing file /opt/airflow/dags/dag_04_postgres_taxi.py for tasks to queue
[2026-06-16T12:21:00.121+0000] {logging_mixin.py:188} INFO - [2026-06-16T12:21:00.120+0000] {dagbag.py:545} INFO - Filling up the DagBag from /opt/airflow/dags/dag_04_postgres_taxi.py
[2026-06-16T12:21:00.136+0000] {processor.py:840} INFO - DAG(s) '04_postgres_taxi' retrieved from /opt/airflow/dags/dag_04_postgres_taxi.py
[2026-06-16T12:21:00.217+0000] {logging_mixin.py:188} INFO - [2026-06-16T12:21:00.217+0000] {dag.py:3089} INFO - Sync 1 DAGs
[2026-06-16T12:21:00.239+0000] {logging_mixin.py:188} INFO - [2026-06-16T12:21:00.238+0000] {dag.py:3947} INFO - Setting next_dagrun for 04_postgres_taxi to None, run_after=None
[2026-06-16T12:21:00.275+0000] {processor.py:183} INFO - Processing /opt/airflow/dags/dag_04_postgres_taxi.py took 0.169 seconds
[2026-06-16T12:21:30.362+0000] {processor.py:161} INFO - Started process (PID=526) to work on /opt/airflow/dags/dag_04_postgres_taxi.py
[2026-06-16T12:21:30.364+0000] {processor.py:830} INFO - Processing file /opt/airflow/dags/dag_04_postgres_taxi.py for tasks to queue
[2026-06-16T12:21:30.367+0000] {logging_mixin.py:188} INFO - [2026-06-16T12:21:30.366+0000] {dagbag.py:545} INFO - Filling up the DagBag from /opt/airflow/dags/dag_04_postgres_taxi.py
[2026-06-16T12:21:30.389+0000] {processor.py:840} INFO - DAG(s) '04_postgres_taxi' retrieved from /opt/airflow/dags/dag_04_postgres_taxi.py
[2026-06-16T12:21:30.477+0000] {logging_mixin.py:188} INFO - [2026-06-16T12:21:30.476+0000] {dag.py:3089} INFO - Sync 1 DAGs
[2026-06-16T12:21:30.499+0000] {logging_mixin.py:188} INFO - [2026-06-16T12:21:30.499+0000] {dag.py:3947} INFO - Setting next_dagrun for 04_postgres_taxi to None, run_after=None
[2026-06-16T12:21:30.532+0000] {processor.py:183} INFO - Processing /opt/airflow/dags/dag_04_postgres_taxi.py took 0.180 seconds
[2026-06-16T12:22:00.748+0000] {processor.py:161} INFO - Started process (PID=561) to work on /opt/airflow/dags/dag_04_postgres_taxi.py
[2026-06-16T12:22:00.749+0000] {processor.py:830} INFO - Processing file /opt/airflow/dags/dag_04_postgres_taxi.py for tasks to queue
[2026-06-16T12:22:00.751+0000] {logging_mixin.py:188} INFO - [2026-06-16T12:22:00.751+0000] {dagbag.py:545} INFO - Filling up the DagBag from /opt/airflow/dags/dag_04_postgres_taxi.py
[2026-06-16T12:22:00.764+0000] {processor.py:840} INFO - DAG(s) '04_postgres_taxi' retrieved from /opt/airflow/dags/dag_04_postgres_taxi.py
[2026-06-16T12:22:00.824+0000] {logging_mixin.py:188} INFO - [2026-06-16T12:22:00.823+0000] {dag.py:3089} INFO - Sync 1 DAGs
[2026-06-16T12:22:00.838+0000] {logging_mixin.py:188} INFO - [2026-06-16T12:22:00.838+0000] {dag.py:3947} INFO - Setting next_dagrun for 04_postgres_taxi to None, run_after=None
[2026-06-16T12:22:00.863+0000] {processor.py:183} INFO - Processing /opt/airflow/dags/dag_04_postgres_taxi.py took 0.122 seconds
[2026-06-16T12:22:31.782+0000] {processor.py:161} INFO - Started process (PID=596) to work on /opt/airflow/dags/dag_04_postgres_taxi.py
[2026-06-16T12:22:31.783+0000] {processor.py:830} INFO - Processing file /opt/airflow/dags/dag_04_postgres_taxi.py for tasks to queue
[2026-06-16T12:22:31.786+0000] {logging_mixin.py:188} INFO - [2026-06-16T12:22:31.785+0000] {dagbag.py:545} INFO - Filling up the DagBag from /opt/airflow/dags/dag_04_postgres_taxi.py
[2026-06-16T12:22:31.801+0000] {processor.py:840} INFO - DAG(s) '04_postgres_taxi' retrieved from /opt/airflow/dags/dag_04_postgres_taxi.py
[2026-06-16T12:22:31.872+0000] {logging_mixin.py:188} INFO - [2026-06-16T12:22:31.871+0000] {dag.py:3089} INFO - Sync 1 DAGs
[2026-06-16T12:22:31.890+0000] {logging_mixin.py:188} INFO - [2026-06-16T12:22:31.889+0000] {dag.py:3947} INFO - Setting next_dagrun for 04_postgres_taxi to None, run_after=None
[2026-06-16T12:22:31.915+0000] {processor.py:183} INFO - Processing /opt/airflow/dags/dag_04_postgres_taxi.py took 0.142 seconds
[2026-06-16T12:23:02.037+0000] {processor.py:161} INFO - Started process (PID=631) to work on /opt/airflow/dags/dag_04_postgres_taxi.py
[2026-06-16T12:23:02.039+0000] {processor.py:830} INFO - Processing file /opt/airflow/dags/dag_04_postgres_taxi.py for tasks to queue
[2026-06-16T12:23:02.041+0000] {logging_mixin.py:188} INFO - [2026-06-16T12:23:02.041+0000] {dagbag.py:545} INFO - Filling up the DagBag from /opt/airflow/dags/dag_04_postgres_taxi.py
[2026-06-16T12:23:02.058+0000] {processor.py:840} INFO - DAG(s) '04_postgres_taxi' retrieved from /opt/airflow/dags/dag_04_postgres_taxi.py
[2026-06-16T12:23:02.130+0000] {logging_mixin.py:188} INFO - [2026-06-16T12:23:02.130+0000] {dag.py:3089} INFO - Sync 1 DAGs
[2026-06-16T12:23:02.153+0000] {logging_mixin.py:188} INFO - [2026-06-16T12:23:02.153+0000] {dag.py:3947} INFO - Setting next_dagrun for 04_postgres_taxi to None, run_after=None
[2026-06-16T12:23:02.188+0000] {processor.py:183} INFO - Processing /opt/airflow/dags/dag_04_postgres_taxi.py took 0.165 seconds
[2026-06-16T12:23:32.496+0000] {processor.py:161} INFO - Started process (PID=673) to work on /opt/airflow/dags/dag_04_postgres_taxi.py
[2026-06-16T12:23:32.498+0000] {processor.py:830} INFO - Processing file /opt/airflow/dags/dag_04_postgres_taxi.py for tasks to queue
[2026-06-16T12:23:32.501+0000] {logging_mixin.py:188} INFO - [2026-06-16T12:23:32.500+0000] {dagbag.py:545} INFO - Filling up the DagBag from /opt/airflow/dags/dag_04_postgres_taxi.py
[2026-06-16T12:23:32.520+0000] {processor.py:840} INFO - DAG(s) '04_postgres_taxi' retrieved from /opt/airflow/dags/dag_04_postgres_taxi.py
[2026-06-16T12:23:32.598+0000] {logging_mixin.py:188} INFO - [2026-06-16T12:23:32.597+0000] {dag.py:3089} INFO - Sync 1 DAGs
[2026-06-16T12:23:32.616+0000] {logging_mixin.py:188} INFO - [2026-06-16T12:23:32.616+0000] {dag.py:3947} INFO - Setting next_dagrun for 04_postgres_taxi to None, run_after=None
[2026-06-16T12:23:32.647+0000] {processor.py:183} INFO - Processing /opt/airflow/dags/dag_04_postgres_taxi.py took 0.161 seconds
[2026-06-16T12:24:02.743+0000] {processor.py:161} INFO - Started process (PID=710) to work on /opt/airflow/dags/dag_04_postgres_taxi.py
[2026-06-16T12:24:02.744+0000] {processor.py:830} INFO - Processing file /opt/airflow/dags/dag_04_postgres_taxi.py for tasks to queue
[2026-06-16T12:24:02.748+0000] {logging_mixin.py:188} INFO - [2026-06-16T12:24:02.747+0000] {dagbag.py:545} INFO - Filling up the DagBag from /opt/airflow/dags/dag_04_postgres_taxi.py
[2026-06-16T12:24:02.763+0000] {processor.py:840} INFO - DAG(s) '04_postgres_taxi' retrieved from /opt/airflow/dags/dag_04_postgres_taxi.py
[2026-06-16T12:24:02.840+0000] {logging_mixin.py:188} INFO - [2026-06-16T12:24:02.839+0000] {dag.py:3089} INFO - Sync 1 DAGs
[2026-06-16T12:24:02.859+0000] {logging_mixin.py:188} INFO - [2026-06-16T12:24:02.859+0000] {dag.py:3947} INFO - Setting next_dagrun for 04_postgres_taxi to None, run_after=None
[2026-06-16T12:24:02.888+0000] {processor.py:183} INFO - Processing /opt/airflow/dags/dag_04_postgres_taxi.py took 0.154 seconds
[2026-06-16T12:24:33.018+0000] {processor.py:161} INFO - Started process (PID=749) to work on /opt/airflow/dags/dag_04_postgres_taxi.py
[2026-06-16T12:24:33.020+0000] {processor.py:830} INFO - Processing file /opt/airflow/dags/dag_04_postgres_taxi.py for tasks to queue
[2026-06-16T12:24:33.023+0000] {logging_mixin.py:188} INFO - [2026-06-16T12:24:33.022+0000] {dagbag.py:545} INFO - Filling up the DagBag from /opt/airflow/dags/dag_04_postgres_taxi.py
[2026-06-16T12:24:33.047+0000] {processor.py:840} INFO - DAG(s) '04_postgres_taxi' retrieved from /opt/airflow/dags/dag_04_postgres_taxi.py
[2026-06-16T12:24:33.130+0000] {logging_mixin.py:188} INFO - [2026-06-16T12:24:33.130+0000] {dag.py:3089} INFO - Sync 1 DAGs
[2026-06-16T12:24:33.151+0000] {logging_mixin.py:188} INFO - [2026-06-16T12:24:33.150+0000] {dag.py:3947} INFO - Setting next_dagrun for 04_postgres_taxi to None, run_after=None
[2026-06-16T12:24:33.178+0000] {processor.py:183} INFO - Processing /opt/airflow/dags/dag_04_postgres_taxi.py took 0.175 seconds
[2026-06-16T12:25:03.275+0000] {processor.py:161} INFO - Started process (PID=787) to work on /opt/airflow/dags/dag_04_postgres_taxi.py
[2026-06-16T12:25:03.277+0000] {processor.py:830} INFO - Processing file /opt/airflow/dags/dag_04_postgres_taxi.py for tasks to queue
[2026-06-16T12:25:03.280+0000] {logging_mixin.py:188} INFO - [2026-06-16T12:25:03.279+0000] {dagbag.py:545} INFO - Filling up the DagBag from /opt/airflow/dags/dag_04_postgres_taxi.py
[2026-06-16T12:25:03.298+0000] {processor.py:840} INFO - DAG(s) '04_postgres_taxi' retrieved from /opt/airflow/dags/dag_04_postgres_taxi.py
[2026-06-16T12:25:03.382+0000] {logging_mixin.py:188} INFO - [2026-06-16T12:25:03.382+0000] {dag.py:3089} INFO - Sync 1 DAGs
[2026-06-16T12:25:03.405+0000] {logging_mixin.py:188} INFO - [2026-06-16T12:25:03.405+0000] {dag.py:3947} INFO - Setting next_dagrun for 04_postgres_taxi to None, run_after=None
[2026-06-16T12:25:03.441+0000] {processor.py:183} INFO - Processing /opt/airflow/dags/dag_04_postgres_taxi.py took 0.176 seconds
[2026-06-16T12:25:33.777+0000] {processor.py:161} INFO - Started process (PID=822) to work on /opt/airflow/dags/dag_04_postgres_taxi.py
[2026-06-16T12:25:33.779+0000] {processor.py:830} INFO - Processing file /opt/airflow/dags/dag_04_postgres_taxi.py for tasks to queue
[2026-06-16T12:25:33.782+0000] {logging_mixin.py:188} INFO - [2026-06-16T12:25:33.782+0000] {dagbag.py:545} INFO - Filling up the DagBag from /opt/airflow/dags/dag_04_postgres_taxi.py
[2026-06-16T12:25:33.807+0000] {processor.py:840} INFO - DAG(s) '04_postgres_taxi' retrieved from /opt/airflow/dags/dag_04_postgres_taxi.py
[2026-06-16T12:25:33.882+0000] {logging_mixin.py:188} INFO - [2026-06-16T12:25:33.882+0000] {dag.py:3089} INFO - Sync 1 DAGs
[2026-06-16T12:25:33.901+0000] {logging_mixin.py:188} INFO - [2026-06-16T12:25:33.900+0000] {dag.py:3947} INFO - Setting next_dagrun for 04_postgres_taxi to None, run_after=None
[2026-06-16T12:25:33.929+0000] {processor.py:183} INFO - Processing /opt/airflow/dags/dag_04_postgres_taxi.py took 0.162 seconds
[2026-06-16T12:26:03.986+0000] {processor.py:161} INFO - Started process (PID=860) to work on /opt/airflow/dags/dag_04_postgres_taxi.py
[2026-06-16T12:26:03.988+0000] {processor.py:830} INFO - Processing file /opt/airflow/dags/dag_04_postgres_taxi.py for tasks to queue
[2026-06-16T12:26:03.991+0000] {logging_mixin.py:188} INFO - [2026-06-16T12:26:03.990+0000] {dagbag.py:545} INFO - Filling up the DagBag from /opt/airflow/dags/dag_04_postgres_taxi.py
[2026-06-16T12:26:04.009+0000] {processor.py:840} INFO - DAG(s) '04_postgres_taxi' retrieved from /opt/airflow/dags/dag_04_postgres_taxi.py
[2026-06-16T12:26:04.079+0000] {logging_mixin.py:188} INFO - [2026-06-16T12:26:04.079+0000] {dag.py:3089} INFO - Sync 1 DAGs
[2026-06-16T12:26:04.100+0000] {logging_mixin.py:188} INFO - [2026-06-16T12:26:04.099+0000] {dag.py:3947} INFO - Setting next_dagrun for 04_postgres_taxi to None, run_after=None
[2026-06-16T12:26:04.129+0000] {processor.py:183} INFO - Processing /opt/airflow/dags/dag_04_postgres_taxi.py took 0.152 seconds
[2026-06-16T12:26:34.215+0000] {processor.py:161} INFO - Started process (PID=897) to work on /opt/airflow/dags/dag_04_postgres_taxi.py
[2026-06-16T12:26:34.217+0000] {processor.py:830} INFO - Processing file /opt/airflow/dags/dag_04_postgres_taxi.py for tasks to queue
[2026-06-16T12:26:34.219+0000] {logging_mixin.py:188} INFO - [2026-06-16T12:26:34.219+0000] {dagbag.py:545} INFO - Filling up the DagBag from /opt/airflow/dags/dag_04_postgres_taxi.py
[2026-06-16T12:26:34.235+0000] {processor.py:840} INFO - DAG(s) '04_postgres_taxi' retrieved from /opt/airflow/dags/dag_04_postgres_taxi.py
[2026-06-16T12:26:34.335+0000] {logging_mixin.py:188} INFO - [2026-06-16T12:26:34.335+0000] {dag.py:3089} INFO - Sync 1 DAGs
[2026-06-16T12:26:34.365+0000] {logging_mixin.py:188} INFO - [2026-06-16T12:26:34.364+0000] {dag.py:3947} INFO - Setting next_dagrun for 04_postgres_taxi to None, run_after=None
[2026-06-16T12:26:34.396+0000] {processor.py:183} INFO - Processing /opt/airflow/dags/dag_04_postgres_taxi.py took 0.189 seconds
[2026-06-16T12:27:04.793+0000] {processor.py:161} INFO - Started process (PID=932) to work on /opt/airflow/dags/dag_04_postgres_taxi.py
[2026-06-16T12:27:04.796+0000] {processor.py:830} INFO - Processing file /opt/airflow/dags/dag_04_postgres_taxi.py for tasks to queue
[2026-06-16T12:27:04.801+0000] {logging_mixin.py:188} INFO - [2026-06-16T12:27:04.800+0000] {dagbag.py:545} INFO - Filling up the DagBag from /opt/airflow/dags/dag_04_postgres_taxi.py
[2026-06-16T12:27:04.824+0000] {processor.py:840} INFO - DAG(s) '04_postgres_taxi' retrieved from /opt/airflow/dags/dag_04_postgres_taxi.py
[2026-06-16T12:27:04.917+0000] {logging_mixin.py:188} INFO - [2026-06-16T12:27:04.917+0000] {dag.py:3089} INFO - Sync 1 DAGs
[2026-06-16T12:27:04.942+0000] {logging_mixin.py:188} INFO - [2026-06-16T12:27:04.942+0000] {dag.py:3947} INFO - Setting next_dagrun for 04_postgres_taxi to None, run_after=None
[2026-06-16T12:27:04.976+0000] {processor.py:183} INFO - Processing /opt/airflow/dags/dag_04_postgres_taxi.py took 0.200 seconds
[2026-06-16T12:27:35.025+0000] {processor.py:161} INFO - Started process (PID=969) to work on /opt/airflow/dags/dag_04_postgres_taxi.py
[2026-06-16T12:27:35.026+0000] {processor.py:830} INFO - Processing file /opt/airflow/dags/dag_04_postgres_taxi.py for tasks to queue
[2026-06-16T12:27:35.029+0000] {logging_mixin.py:188} INFO - [2026-06-16T12:27:35.028+0000] {dagbag.py:545} INFO - Filling up the DagBag from /opt/airflow/dags/dag_04_postgres_taxi.py
[2026-06-16T12:27:35.042+0000] {processor.py:840} INFO - DAG(s) '04_postgres_taxi' retrieved from /opt/airflow/dags/dag_04_postgres_taxi.py
[2026-06-16T12:27:35.110+0000] {logging_mixin.py:188} INFO - [2026-06-16T12:27:35.110+0000] {dag.py:3089} INFO - Sync 1 DAGs
[2026-06-16T12:27:35.125+0000] {logging_mixin.py:188} INFO - [2026-06-16T12:27:35.125+0000] {dag.py:3947} INFO - Setting next_dagrun for 04_postgres_taxi to None, run_after=None
[2026-06-16T12:27:35.151+0000] {processor.py:183} INFO - Processing /opt/airflow/dags/dag_04_postgres_taxi.py took 0.134 seconds
[2026-06-16T12:28:05.225+0000] {processor.py:161} INFO - Started process (PID=1002) to work on /opt/airflow/dags/dag_04_postgres_taxi.py
[2026-06-16T12:28:05.228+0000] {processor.py:830} INFO - Processing file /opt/airflow/dags/dag_04_postgres_taxi.py for tasks to queue
[2026-06-16T12:28:05.231+0000] {logging_mixin.py:188} INFO - [2026-06-16T12:28:05.230+0000] {dagbag.py:545} INFO - Filling up the DagBag from /opt/airflow/dags/dag_04_postgres_taxi.py
[2026-06-16T12:28:05.250+0000] {processor.py:840} INFO - DAG(s) '04_postgres_taxi' retrieved from /opt/airflow/dags/dag_04_postgres_taxi.py
[2026-06-16T12:28:05.343+0000] {logging_mixin.py:188} INFO - [2026-06-16T12:28:05.343+0000] {dag.py:3089} INFO - Sync 1 DAGs
[2026-06-16T12:28:05.365+0000] {logging_mixin.py:188} INFO - [2026-06-16T12:28:05.364+0000] {dag.py:3947} INFO - Setting next_dagrun for 04_postgres_taxi to None, run_after=None
[2026-06-16T12:28:05.400+0000] {processor.py:183} INFO - Processing /opt/airflow/dags/dag_04_postgres_taxi.py took 0.189 seconds
[2026-06-16T12:28:35.474+0000] {processor.py:161} INFO - Started process (PID=1037) to work on /opt/airflow/dags/dag_04_postgres_taxi.py
[2026-06-16T12:28:35.476+0000] {processor.py:830} INFO - Processing file /opt/airflow/dags/dag_04_postgres_taxi.py for tasks to queue
[2026-06-16T12:28:35.478+0000] {logging_mixin.py:188} INFO - [2026-06-16T12:28:35.478+0000] {dagbag.py:545} INFO - Filling up the DagBag from /opt/airflow/dags/dag_04_postgres_taxi.py
[2026-06-16T12:28:35.492+0000] {processor.py:840} INFO - DAG(s) '04_postgres_taxi' retrieved from /opt/airflow/dags/dag_04_postgres_taxi.py
[2026-06-16T12:28:35.549+0000] {logging_mixin.py:188} INFO - [2026-06-16T12:28:35.549+0000] {dag.py:3089} INFO - Sync 1 DAGs
[2026-06-16T12:28:35.564+0000] {logging_mixin.py:188} INFO - [2026-06-16T12:28:35.564+0000] {dag.py:3947} INFO - Setting next_dagrun for 04_postgres_taxi to None, run_after=None
[2026-06-16T12:28:35.586+0000] {processor.py:183} INFO - Processing /opt/airflow/dags/dag_04_postgres_taxi.py took 0.123 seconds
[2026-06-16T12:29:05.703+0000] {processor.py:161} INFO - Started process (PID=1072) to work on /opt/airflow/dags/dag_04_postgres_taxi.py
[2026-06-16T12:29:05.721+0000] {processor.py:830} INFO - Processing file /opt/airflow/dags/dag_04_postgres_taxi.py for tasks to queue
[2026-06-16T12:29:05.725+0000] {logging_mixin.py:188} INFO - [2026-06-16T12:29:05.724+0000] {dagbag.py:545} INFO - Filling up the DagBag from /opt/airflow/dags/dag_04_postgres_taxi.py
[2026-06-16T12:29:05.777+0000] {processor.py:840} INFO - DAG(s) '04_postgres_taxi' retrieved from /opt/airflow/dags/dag_04_postgres_taxi.py
[2026-06-16T12:29:05.888+0000] {logging_mixin.py:188} INFO - [2026-06-16T12:29:05.888+0000] {dag.py:3089} INFO - Sync 1 DAGs
[2026-06-16T12:29:05.913+0000] {logging_mixin.py:188} INFO - [2026-06-16T12:29:05.913+0000] {dag.py:3947} INFO - Setting next_dagrun for 04_postgres_taxi to None, run_after=None
[2026-06-16T12:29:05.943+0000] {processor.py:183} INFO - Processing /opt/airflow/dags/dag_04_postgres_taxi.py took 0.264 seconds
[2026-06-16T12:29:36.036+0000] {processor.py:161} INFO - Started process (PID=1109) to work on /opt/airflow/dags/dag_04_postgres_taxi.py
[2026-06-16T12:29:36.038+0000] {processor.py:830} INFO - Processing file /opt/airflow/dags/dag_04_postgres_taxi.py for tasks to queue
[2026-06-16T12:29:36.041+0000] {logging_mixin.py:188} INFO - [2026-06-16T12:29:36.040+0000] {dagbag.py:545} INFO - Filling up the DagBag from /opt/airflow/dags/dag_04_postgres_taxi.py
[2026-06-16T12:29:36.057+0000] {processor.py:840} INFO - DAG(s) '04_postgres_taxi' retrieved from /opt/airflow/dags/dag_04_postgres_taxi.py
[2026-06-16T12:29:36.121+0000] {logging_mixin.py:188} INFO - [2026-06-16T12:29:36.121+0000] {dag.py:3089} INFO - Sync 1 DAGs
[2026-06-16T12:29:36.138+0000] {logging_mixin.py:188} INFO - [2026-06-16T12:29:36.137+0000] {dag.py:3947} INFO - Setting next_dagrun for 04_postgres_taxi to None, run_after=None
[2026-06-16T12:29:36.164+0000] {processor.py:183} INFO - Processing /opt/airflow/dags/dag_04_postgres_taxi.py took 0.142 seconds
[2026-06-16T12:30:06.259+0000] {processor.py:161} INFO - Started process (PID=1144) to work on /opt/airflow/dags/dag_04_postgres_taxi.py
[2026-06-16T12:30:06.260+0000] {processor.py:830} INFO - Processing file /opt/airflow/dags/dag_04_postgres_taxi.py for tasks to queue
[2026-06-16T12:30:06.262+0000] {logging_mixin.py:188} INFO - [2026-06-16T12:30:06.262+0000] {dagbag.py:545} INFO - Filling up the DagBag from /opt/airflow/dags/dag_04_postgres_taxi.py
[2026-06-16T12:30:06.277+0000] {processor.py:840} INFO - DAG(s) '04_postgres_taxi' retrieved from /opt/airflow/dags/dag_04_postgres_taxi.py
[2026-06-16T12:30:06.349+0000] {logging_mixin.py:188} INFO - [2026-06-16T12:30:06.348+0000] {dag.py:3089} INFO - Sync 1 DAGs
[2026-06-16T12:30:06.367+0000] {logging_mixin.py:188} INFO - [2026-06-16T12:30:06.367+0000] {dag.py:3947} INFO - Setting next_dagrun for 04_postgres_taxi to None, run_after=None
[2026-06-16T12:30:06.395+0000] {processor.py:183} INFO - Processing /opt/airflow/dags/dag_04_postgres_taxi.py took 0.145 seconds
[2026-06-16T12:30:37.275+0000] {processor.py:161} INFO - Started process (PID=1179) to work on /opt/airflow/dags/dag_04_postgres_taxi.py
[2026-06-16T12:30:37.283+0000] {processor.py:830} INFO - Processing file /opt/airflow/dags/dag_04_postgres_taxi.py for tasks to queue
[2026-06-16T12:30:37.286+0000] {logging_mixin.py:188} INFO - [2026-06-16T12:30:37.285+0000] {dagbag.py:545} INFO - Filling up the DagBag from /opt/airflow/dags/dag_04_postgres_taxi.py
[2026-06-16T12:30:37.302+0000] {processor.py:840} INFO - DAG(s) '04_postgres_taxi' retrieved from /opt/airflow/dags/dag_04_postgres_taxi.py
[2026-06-16T12:30:37.368+0000] {logging_mixin.py:188} INFO - [2026-06-16T12:30:37.368+0000] {dag.py:3089} INFO - Sync 1 DAGs
[2026-06-16T12:30:37.384+0000] {logging_mixin.py:188} INFO - [2026-06-16T12:30:37.384+0000] {dag.py:3947} INFO - Setting next_dagrun for 04_postgres_taxi to None, run_after=None
[2026-06-16T12:30:37.413+0000] {processor.py:183} INFO - Processing /opt/airflow/dags/dag_04_postgres_taxi.py took 0.149 seconds
[2026-06-16T12:31:08.362+0000] {processor.py:161} INFO - Started process (PID=1214) to work on /opt/airflow/dags/dag_04_postgres_taxi.py
[2026-06-16T12:31:08.363+0000] {processor.py:830} INFO - Processing file /opt/airflow/dags/dag_04_postgres_taxi.py for tasks to queue
[2026-06-16T12:31:08.366+0000] {logging_mixin.py:188} INFO - [2026-06-16T12:31:08.365+0000] {dagbag.py:545} INFO - Filling up the DagBag from /opt/airflow/dags/dag_04_postgres_taxi.py
[2026-06-16T12:31:08.386+0000] {processor.py:840} INFO - DAG(s) '04_postgres_taxi' retrieved from /opt/airflow/dags/dag_04_postgres_taxi.py
[2026-06-16T12:31:08.485+0000] {logging_mixin.py:188} INFO - [2026-06-16T12:31:08.485+0000] {dag.py:3089} INFO - Sync 1 DAGs
[2026-06-16T12:31:08.510+0000] {logging_mixin.py:188} INFO - [2026-06-16T12:31:08.509+0000] {dag.py:3947} INFO - Setting next_dagrun for 04_postgres_taxi to None, run_after=None
[2026-06-16T12:31:08.547+0000] {processor.py:183} INFO - Processing /opt/airflow/dags/dag_04_postgres_taxi.py took 0.196 seconds
[2026-06-16T12:31:39.287+0000] {processor.py:161} INFO - Started process (PID=1252) to work on /opt/airflow/dags/dag_04_postgres_taxi.py
[2026-06-16T12:31:39.289+0000] {processor.py:830} INFO - Processing file /opt/airflow/dags/dag_04_postgres_taxi.py for tasks to queue
[2026-06-16T12:31:39.292+0000] {logging_mixin.py:188} INFO - [2026-06-16T12:31:39.291+0000] {dagbag.py:545} INFO - Filling up the DagBag from /opt/airflow/dags/dag_04_postgres_taxi.py
[2026-06-16T12:31:39.306+0000] {processor.py:840} INFO - DAG(s) '04_postgres_taxi' retrieved from /opt/airflow/dags/dag_04_postgres_taxi.py
[2026-06-16T12:31:39.374+0000] {logging_mixin.py:188} INFO - [2026-06-16T12:31:39.373+0000] {dag.py:3089} INFO - Sync 1 DAGs
[2026-06-16T12:31:39.390+0000] {logging_mixin.py:188} INFO - [2026-06-16T12:31:39.390+0000] {dag.py:3947} INFO - Setting next_dagrun for 04_postgres_taxi to None, run_after=None
[2026-06-16T12:31:39.418+0000] {processor.py:183} INFO - Processing /opt/airflow/dags/dag_04_postgres_taxi.py took 0.140 seconds
[2026-06-16T12:32:09.692+0000] {processor.py:161} INFO - Started process (PID=1302) to work on /opt/airflow/dags/dag_04_postgres_taxi.py
[2026-06-16T12:32:09.694+0000] {processor.py:830} INFO - Processing file /opt/airflow/dags/dag_04_postgres_taxi.py for tasks to queue
[2026-06-16T12:32:09.697+0000] {logging_mixin.py:188} INFO - [2026-06-16T12:32:09.696+0000] {dagbag.py:545} INFO - Filling up the DagBag from /opt/airflow/dags/dag_04_postgres_taxi.py
[2026-06-16T12:32:09.713+0000] {processor.py:840} INFO - DAG(s) '04_postgres_taxi' retrieved from /opt/airflow/dags/dag_04_postgres_taxi.py
[2026-06-16T12:32:09.770+0000] {logging_mixin.py:188} INFO - [2026-06-16T12:32:09.770+0000] {dag.py:3089} INFO - Sync 1 DAGs
[2026-06-16T12:32:09.786+0000] {logging_mixin.py:188} INFO - [2026-06-16T12:32:09.786+0000] {dag.py:3947} INFO - Setting next_dagrun for 04_postgres_taxi to None, run_after=None
[2026-06-16T12:32:09.811+0000] {processor.py:183} INFO - Processing /opt/airflow/dags/dag_04_postgres_taxi.py took 0.131 seconds
[2026-06-16T12:32:40.245+0000] {processor.py:161} INFO - Started process (PID=1339) to work on /opt/airflow/dags/dag_04_postgres_taxi.py
[2026-06-16T12:32:40.247+0000] {processor.py:830} INFO - Processing file /opt/airflow/dags/dag_04_postgres_taxi.py for tasks to queue
[2026-06-16T12:32:40.249+0000] {logging_mixin.py:188} INFO - [2026-06-16T12:32:40.248+0000] {dagbag.py:545} INFO - Filling up the DagBag from /opt/airflow/dags/dag_04_postgres_taxi.py
[2026-06-16T12:32:40.262+0000] {processor.py:840} INFO - DAG(s) '04_postgres_taxi' retrieved from /opt/airflow/dags/dag_04_postgres_taxi.py
[2026-06-16T12:32:40.339+0000] {logging_mixin.py:188} INFO - [2026-06-16T12:32:40.339+0000] {dag.py:3089} INFO - Sync 1 DAGs
[2026-06-16T12:32:40.356+0000] {logging_mixin.py:188} INFO - [2026-06-16T12:32:40.356+0000] {dag.py:3947} INFO - Setting next_dagrun for 04_postgres_taxi to None, run_after=None
[2026-06-16T12:32:40.393+0000] {processor.py:183} INFO - Processing /opt/airflow/dags/dag_04_postgres_taxi.py took 0.157 seconds
[2026-06-16T12:33:11.203+0000] {processor.py:161} INFO - Started process (PID=1372) to work on /opt/airflow/dags/dag_04_postgres_taxi.py
[2026-06-16T12:33:11.204+0000] {processor.py:830} INFO - Processing file /opt/airflow/dags/dag_04_postgres_taxi.py for tasks to queue
[2026-06-16T12:33:11.206+0000] {logging_mixin.py:188} INFO - [2026-06-16T12:33:11.206+0000] {dagbag.py:545} INFO - Filling up the DagBag from /opt/airflow/dags/dag_04_postgres_taxi.py
[2026-06-16T12:33:11.224+0000] {processor.py:840} INFO - DAG(s) '04_postgres_taxi' retrieved from /opt/airflow/dags/dag_04_postgres_taxi.py
[2026-06-16T12:33:11.316+0000] {logging_mixin.py:188} INFO - [2026-06-16T12:33:11.316+0000] {dag.py:3089} INFO - Sync 1 DAGs
[2026-06-16T12:33:11.346+0000] {logging_mixin.py:188} INFO - [2026-06-16T12:33:11.345+0000] {dag.py:3947} INFO - Setting next_dagrun for 04_postgres_taxi to None, run_after=None
[2026-06-16T12:33:11.391+0000] {processor.py:183} INFO - Processing /opt/airflow/dags/dag_04_postgres_taxi.py took 0.197 seconds
[2026-06-16T12:33:41.563+0000] {processor.py:161} INFO - Started process (PID=1409) to work on /opt/airflow/dags/dag_04_postgres_taxi.py
[2026-06-16T12:33:41.564+0000] {processor.py:830} INFO - Processing file /opt/airflow/dags/dag_04_postgres_taxi.py for tasks to queue
[2026-06-16T12:33:41.566+0000] {logging_mixin.py:188} INFO - [2026-06-16T12:33:41.566+0000] {dagbag.py:545} INFO - Filling up the DagBag from /opt/airflow/dags/dag_04_postgres_taxi.py
[2026-06-16T12:33:41.577+0000] {processor.py:840} INFO - DAG(s) '04_postgres_taxi' retrieved from /opt/airflow/dags/dag_04_postgres_taxi.py
[2026-06-16T12:33:41.663+0000] {logging_mixin.py:188} INFO - [2026-06-16T12:33:41.663+0000] {dag.py:3089} INFO - Sync 1 DAGs
[2026-06-16T12:33:41.691+0000] {logging_mixin.py:188} INFO - [2026-06-16T12:33:41.691+0000] {dag.py:3947} INFO - Setting next_dagrun for 04_postgres_taxi to None, run_after=None
[2026-06-16T12:33:41.727+0000] {processor.py:183} INFO - Processing /opt/airflow/dags/dag_04_postgres_taxi.py took 0.171 seconds
[2026-06-16T12:34:11.838+0000] {processor.py:161} INFO - Started process (PID=1444) to work on /opt/airflow/dags/dag_04_postgres_taxi.py
[2026-06-16T12:34:11.840+0000] {processor.py:830} INFO - Processing file /opt/airflow/dags/dag_04_postgres_taxi.py for tasks to queue
[2026-06-16T12:34:11.842+0000] {logging_mixin.py:188} INFO - [2026-06-16T12:34:11.842+0000] {dagbag.py:545} INFO - Filling up the DagBag from /opt/airflow/dags/dag_04_postgres_taxi.py
[2026-06-16T12:34:11.857+0000] {processor.py:840} INFO - DAG(s) '04_postgres_taxi' retrieved from /opt/airflow/dags/dag_04_postgres_taxi.py
[2026-06-16T12:34:11.922+0000] {logging_mixin.py:188} INFO - [2026-06-16T12:34:11.922+0000] {dag.py:3089} INFO - Sync 1 DAGs
[2026-06-16T12:34:11.938+0000] {logging_mixin.py:188} INFO - [2026-06-16T12:34:11.938+0000] {dag.py:3947} INFO - Setting next_dagrun for 04_postgres_taxi to None, run_after=None
[2026-06-16T12:34:11.970+0000] {processor.py:183} INFO - Processing /opt/airflow/dags/dag_04_postgres_taxi.py took 0.141 seconds
[2026-06-16T12:34:42.079+0000] {processor.py:161} INFO - Started process (PID=1479) to work on /opt/airflow/dags/dag_04_postgres_taxi.py
[2026-06-16T12:34:42.081+0000] {processor.py:830} INFO - Processing file /opt/airflow/dags/dag_04_postgres_taxi.py for tasks to queue
[2026-06-16T12:34:42.083+0000] {logging_mixin.py:188} INFO - [2026-06-16T12:34:42.083+0000] {dagbag.py:545} INFO - Filling up the DagBag from /opt/airflow/dags/dag_04_postgres_taxi.py
[2026-06-16T12:34:42.098+0000] {processor.py:840} INFO - DAG(s) '04_postgres_taxi' retrieved from /opt/airflow/dags/dag_04_postgres_taxi.py
[2026-06-16T12:34:42.160+0000] {logging_mixin.py:188} INFO - [2026-06-16T12:34:42.160+0000] {dag.py:3089} INFO - Sync 1 DAGs
[2026-06-16T12:34:42.173+0000] {logging_mixin.py:188} INFO - [2026-06-16T12:34:42.173+0000] {dag.py:3947} INFO - Setting next_dagrun for 04_postgres_taxi to None, run_after=None
[2026-06-16T12:34:42.194+0000] {processor.py:183} INFO - Processing /opt/airflow/dags/dag_04_postgres_taxi.py took 0.123 seconds
[2026-06-16T12:35:12.379+0000] {processor.py:161} INFO - Started process (PID=1512) to work on /opt/airflow/dags/dag_04_postgres_taxi.py
[2026-06-16T12:35:12.382+0000] {processor.py:830} INFO - Processing file /opt/airflow/dags/dag_04_postgres_taxi.py for tasks to queue
[2026-06-16T12:35:12.387+0000] {logging_mixin.py:188} INFO - [2026-06-16T12:35:12.386+0000] {dagbag.py:545} INFO - Filling up the DagBag from /opt/airflow/dags/dag_04_postgres_taxi.py
[2026-06-16T12:35:12.415+0000] {processor.py:840} INFO - DAG(s) '04_postgres_taxi' retrieved from /opt/airflow/dags/dag_04_postgres_taxi.py
[2026-06-16T12:35:12.561+0000] {logging_mixin.py:188} INFO - [2026-06-16T12:35:12.560+0000] {dag.py:3089} INFO - Sync 1 DAGs
[2026-06-16T12:35:12.603+0000] {logging_mixin.py:188} INFO - [2026-06-16T12:35:12.602+0000] {dag.py:3947} INFO - Setting next_dagrun for 04_postgres_taxi to None, run_after=None
[2026-06-16T12:35:12.654+0000] {processor.py:183} INFO - Processing /opt/airflow/dags/dag_04_postgres_taxi.py took 0.291 seconds
[2026-06-16T12:35:43.530+0000] {processor.py:161} INFO - Started process (PID=1547) to work on /opt/airflow/dags/dag_04_postgres_taxi.py
[2026-06-16T12:35:43.531+0000] {processor.py:830} INFO - Processing file /opt/airflow/dags/dag_04_postgres_taxi.py for tasks to queue
[2026-06-16T12:35:43.534+0000] {logging_mixin.py:188} INFO - [2026-06-16T12:35:43.533+0000] {dagbag.py:545} INFO - Filling up the DagBag from /opt/airflow/dags/dag_04_postgres_taxi.py
[2026-06-16T12:35:43.547+0000] {processor.py:840} INFO - DAG(s) '04_postgres_taxi' retrieved from /opt/airflow/dags/dag_04_postgres_taxi.py
[2026-06-16T12:35:43.632+0000] {logging_mixin.py:188} INFO - [2026-06-16T12:35:43.631+0000] {dag.py:3089} INFO - Sync 1 DAGs
[2026-06-16T12:35:43.651+0000] {logging_mixin.py:188} INFO - [2026-06-16T12:35:43.651+0000] {dag.py:3947} INFO - Setting next_dagrun for 04_postgres_taxi to None, run_after=None
[2026-06-16T12:35:43.682+0000] {processor.py:183} INFO - Processing /opt/airflow/dags/dag_04_postgres_taxi.py took 0.160 seconds
[2026-06-16T12:36:14.600+0000] {processor.py:161} INFO - Started process (PID=1582) to work on /opt/airflow/dags/dag_04_postgres_taxi.py
[2026-06-16T12:36:14.602+0000] {processor.py:830} INFO - Processing file /opt/airflow/dags/dag_04_postgres_taxi.py for tasks to queue
[2026-06-16T12:36:14.605+0000] {logging_mixin.py:188} INFO - [2026-06-16T12:36:14.604+0000] {dagbag.py:545} INFO - Filling up the DagBag from /opt/airflow/dags/dag_04_postgres_taxi.py
[2026-06-16T12:36:14.622+0000] {processor.py:840} INFO - DAG(s) '04_postgres_taxi' retrieved from /opt/airflow/dags/dag_04_postgres_taxi.py
[2026-06-16T12:36:14.690+0000] {logging_mixin.py:188} INFO - [2026-06-16T12:36:14.690+0000] {dag.py:3089} INFO - Sync 1 DAGs
[2026-06-16T12:36:14.708+0000] {logging_mixin.py:188} INFO - [2026-06-16T12:36:14.708+0000] {dag.py:3947} INFO - Setting next_dagrun for 04_postgres_taxi to None, run_after=None
[2026-06-16T12:36:14.739+0000] {processor.py:183} INFO - Processing /opt/airflow/dags/dag_04_postgres_taxi.py took 0.147 seconds
[2026-06-16T12:36:45.609+0000] {processor.py:161} INFO - Started process (PID=1617) to work on /opt/airflow/dags/dag_04_postgres_taxi.py
[2026-06-16T12:36:45.612+0000] {processor.py:830} INFO - Processing file /opt/airflow/dags/dag_04_postgres_taxi.py for tasks to queue
[2026-06-16T12:36:45.617+0000] {logging_mixin.py:188} INFO - [2026-06-16T12:36:45.616+0000] {dagbag.py:545} INFO - Filling up the DagBag from /opt/airflow/dags/dag_04_postgres_taxi.py
[2026-06-16T12:36:45.639+0000] {processor.py:840} INFO - DAG(s) '04_postgres_taxi' retrieved from /opt/airflow/dags/dag_04_postgres_taxi.py
[2026-06-16T12:36:45.728+0000] {logging_mixin.py:188} INFO - [2026-06-16T12:36:45.728+0000] {dag.py:3089} INFO - Sync 1 DAGs
[2026-06-16T12:36:45.751+0000] {logging_mixin.py:188} INFO - [2026-06-16T12:36:45.750+0000] {dag.py:3947} INFO - Setting next_dagrun for 04_postgres_taxi to None, run_after=None
[2026-06-16T12:36:45.782+0000] {processor.py:183} INFO - Processing /opt/airflow/dags/dag_04_postgres_taxi.py took 0.191 seconds
[2026-06-16T12:37:16.135+0000] {processor.py:161} INFO - Started process (PID=1662) to work on /opt/airflow/dags/dag_04_postgres_taxi.py
[2026-06-16T12:37:16.137+0000] {processor.py:830} INFO - Processing file /opt/airflow/dags/dag_04_postgres_taxi.py for tasks to queue
[2026-06-16T12:37:16.141+0000] {logging_mixin.py:188} INFO - [2026-06-16T12:37:16.140+0000] {dagbag.py:545} INFO - Filling up the DagBag from /opt/airflow/dags/dag_04_postgres_taxi.py
[2026-06-16T12:37:16.162+0000] {processor.py:840} INFO - DAG(s) '04_postgres_taxi' retrieved from /opt/airflow/dags/dag_04_postgres_taxi.py
[2026-06-16T12:37:16.268+0000] {logging_mixin.py:188} INFO - [2026-06-16T12:37:16.268+0000] {dag.py:3089} INFO - Sync 1 DAGs
[2026-06-16T12:37:16.292+0000] {logging_mixin.py:188} INFO - [2026-06-16T12:37:16.292+0000] {dag.py:3947} INFO - Setting next_dagrun for 04_postgres_taxi to None, run_after=None
[2026-06-16T12:37:16.332+0000] {processor.py:183} INFO - Processing /opt/airflow/dags/dag_04_postgres_taxi.py took 0.210 seconds
[2026-06-16T12:37:46.515+0000] {processor.py:161} INFO - Started process (PID=1704) to work on /opt/airflow/dags/dag_04_postgres_taxi.py
[2026-06-16T12:37:46.516+0000] {processor.py:830} INFO - Processing file /opt/airflow/dags/dag_04_postgres_taxi.py for tasks to queue
[2026-06-16T12:37:46.519+0000] {logging_mixin.py:188} INFO - [2026-06-16T12:37:46.518+0000] {dagbag.py:545} INFO - Filling up the DagBag from /opt/airflow/dags/dag_04_postgres_taxi.py
[2026-06-16T12:37:46.533+0000] {processor.py:840} INFO - DAG(s) '04_postgres_taxi' retrieved from /opt/airflow/dags/dag_04_postgres_taxi.py
[2026-06-16T12:37:46.608+0000] {logging_mixin.py:188} INFO - [2026-06-16T12:37:46.608+0000] {dag.py:3089} INFO - Sync 1 DAGs
[2026-06-16T12:37:46.625+0000] {logging_mixin.py:188} INFO - [2026-06-16T12:37:46.625+0000] {dag.py:3947} INFO - Setting next_dagrun for 04_postgres_taxi to None, run_after=None
[2026-06-16T12:37:46.654+0000] {processor.py:183} INFO - Processing /opt/airflow/dags/dag_04_postgres_taxi.py took 0.148 seconds
[2026-06-16T12:38:16.892+0000] {processor.py:161} INFO - Started process (PID=1744) to work on /opt/airflow/dags/dag_04_postgres_taxi.py
[2026-06-16T12:38:16.894+0000] {processor.py:830} INFO - Processing file /opt/airflow/dags/dag_04_postgres_taxi.py for tasks to queue
[2026-06-16T12:38:16.897+0000] {logging_mixin.py:188} INFO - [2026-06-16T12:38:16.896+0000] {dagbag.py:545} INFO - Filling up the DagBag from /opt/airflow/dags/dag_04_postgres_taxi.py
[2026-06-16T12:38:16.923+0000] {processor.py:840} INFO - DAG(s) '04_postgres_taxi' retrieved from /opt/airflow/dags/dag_04_postgres_taxi.py
[2026-06-16T12:38:17.028+0000] {logging_mixin.py:188} INFO - [2026-06-16T12:38:17.027+0000] {dag.py:3089} INFO - Sync 1 DAGs
[2026-06-16T12:38:17.067+0000] {logging_mixin.py:188} INFO - [2026-06-16T12:38:17.067+0000] {dag.py:3947} INFO - Setting next_dagrun for 04_postgres_taxi to None, run_after=None
[2026-06-16T12:38:17.108+0000] {processor.py:183} INFO - Processing /opt/airflow/dags/dag_04_postgres_taxi.py took 0.226 seconds
[2026-06-16T12:38:47.269+0000] {processor.py:161} INFO - Started process (PID=1787) to work on /opt/airflow/dags/dag_04_postgres_taxi.py
[2026-06-16T12:38:47.271+0000] {processor.py:830} INFO - Processing file /opt/airflow/dags/dag_04_postgres_taxi.py for tasks to queue
[2026-06-16T12:38:47.275+0000] {logging_mixin.py:188} INFO - [2026-06-16T12:38:47.274+0000] {dagbag.py:545} INFO - Filling up the DagBag from /opt/airflow/dags/dag_04_postgres_taxi.py
[2026-06-16T12:38:47.298+0000] {processor.py:840} INFO - DAG(s) '04_postgres_taxi' retrieved from /opt/airflow/dags/dag_04_postgres_taxi.py
[2026-06-16T12:38:47.369+0000] {logging_mixin.py:188} INFO - [2026-06-16T12:38:47.369+0000] {dag.py:3089} INFO - Sync 1 DAGs
[2026-06-16T12:38:47.389+0000] {logging_mixin.py:188} INFO - [2026-06-16T12:38:47.389+0000] {dag.py:3947} INFO - Setting next_dagrun for 04_postgres_taxi to None, run_after=None
[2026-06-16T12:38:47.419+0000] {processor.py:183} INFO - Processing /opt/airflow/dags/dag_04_postgres_taxi.py took 0.161 seconds
[2026-06-16T12:39:17.529+0000] {processor.py:161} INFO - Started process (PID=1834) to work on /opt/airflow/dags/dag_04_postgres_taxi.py
[2026-06-16T12:39:17.532+0000] {processor.py:830} INFO - Processing file /opt/airflow/dags/dag_04_postgres_taxi.py for tasks to queue
[2026-06-16T12:39:17.535+0000] {logging_mixin.py:188} INFO - [2026-06-16T12:39:17.534+0000] {dagbag.py:545} INFO - Filling up the DagBag from /opt/airflow/dags/dag_04_postgres_taxi.py
[2026-06-16T12:39:17.556+0000] {processor.py:840} INFO - DAG(s) '04_postgres_taxi' retrieved from /opt/airflow/dags/dag_04_postgres_taxi.py
[2026-06-16T12:39:17.649+0000] {logging_mixin.py:188} INFO - [2026-06-16T12:39:17.648+0000] {dag.py:3089} INFO - Sync 1 DAGs
[2026-06-16T12:39:17.674+0000] {logging_mixin.py:188} INFO - [2026-06-16T12:39:17.674+0000] {dag.py:3947} INFO - Setting next_dagrun for 04_postgres_taxi to None, run_after=None
[2026-06-16T12:39:17.712+0000] {processor.py:183} INFO - Processing /opt/airflow/dags/dag_04_postgres_taxi.py took 0.198 seconds
[2026-06-16T12:39:47.807+0000] {processor.py:161} INFO - Started process (PID=1876) to work on /opt/airflow/dags/dag_04_postgres_taxi.py
[2026-06-16T12:39:47.809+0000] {processor.py:830} INFO - Processing file /opt/airflow/dags/dag_04_postgres_taxi.py for tasks to queue
[2026-06-16T12:39:47.812+0000] {logging_mixin.py:188} INFO - [2026-06-16T12:39:47.811+0000] {dagbag.py:545} INFO - Filling up the DagBag from /opt/airflow/dags/dag_04_postgres_taxi.py
[2026-06-16T12:39:47.827+0000] {processor.py:840} INFO - DAG(s) '04_postgres_taxi' retrieved from /opt/airflow/dags/dag_04_postgres_taxi.py
[2026-06-16T12:39:47.892+0000] {logging_mixin.py:188} INFO - [2026-06-16T12:39:47.892+0000] {dag.py:3089} INFO - Sync 1 DAGs
[2026-06-16T12:39:47.913+0000] {logging_mixin.py:188} INFO - [2026-06-16T12:39:47.912+0000] {dag.py:3947} INFO - Setting next_dagrun for 04_postgres_taxi to None, run_after=None
[2026-06-16T12:39:47.940+0000] {processor.py:183} INFO - Processing /opt/airflow/dags/dag_04_postgres_taxi.py took 0.142 seconds
[2026-06-16T12:40:18.000+0000] {processor.py:161} INFO - Started process (PID=1916) to work on /opt/airflow/dags/dag_04_postgres_taxi.py
[2026-06-16T12:40:18.003+0000] {processor.py:830} INFO - Processing file /opt/airflow/dags/dag_04_postgres_taxi.py for tasks to queue
[2026-06-16T12:40:18.009+0000] {logging_mixin.py:188} INFO - [2026-06-16T12:40:18.008+0000] {dagbag.py:545} INFO - Filling up the DagBag from /opt/airflow/dags/dag_04_postgres_taxi.py
[2026-06-16T12:40:18.043+0000] {processor.py:840} INFO - DAG(s) '04_postgres_taxi' retrieved from /opt/airflow/dags/dag_04_postgres_taxi.py
[2026-06-16T12:40:18.121+0000] {logging_mixin.py:188} INFO - [2026-06-16T12:40:18.120+0000] {dag.py:3089} INFO - Sync 1 DAGs
[2026-06-16T12:40:18.140+0000] {logging_mixin.py:188} INFO - [2026-06-16T12:40:18.139+0000] {dag.py:3947} INFO - Setting next_dagrun for 04_postgres_taxi to None, run_after=None
[2026-06-16T12:40:18.170+0000] {processor.py:183} INFO - Processing /opt/airflow/dags/dag_04_postgres_taxi.py took 0.185 seconds
[2026-06-16T12:40:48.297+0000] {processor.py:161} INFO - Started process (PID=1959) to work on /opt/airflow/dags/dag_04_postgres_taxi.py
[2026-06-16T12:40:48.299+0000] {processor.py:830} INFO - Processing file /opt/airflow/dags/dag_04_postgres_taxi.py for tasks to queue
[2026-06-16T12:40:48.303+0000] {logging_mixin.py:188} INFO - [2026-06-16T12:40:48.302+0000] {dagbag.py:545} INFO - Filling up the DagBag from /opt/airflow/dags/dag_04_postgres_taxi.py
[2026-06-16T12:40:48.334+0000] {processor.py:840} INFO - DAG(s) '04_postgres_taxi' retrieved from /opt/airflow/dags/dag_04_postgres_taxi.py
[2026-06-16T12:40:48.414+0000] {logging_mixin.py:188} INFO - [2026-06-16T12:40:48.414+0000] {dag.py:3089} INFO - Sync 1 DAGs
[2026-06-16T12:40:48.431+0000] {logging_mixin.py:188} INFO - [2026-06-16T12:40:48.430+0000] {dag.py:3947} INFO - Setting next_dagrun for 04_postgres_taxi to None, run_after=None
[2026-06-16T12:40:48.459+0000] {processor.py:183} INFO - Processing /opt/airflow/dags/dag_04_postgres_taxi.py took 0.179 seconds
[2026-06-16T12:41:18.532+0000] {processor.py:161} INFO - Started process (PID=2001) to work on /opt/airflow/dags/dag_04_postgres_taxi.py
[2026-06-16T12:41:18.534+0000] {processor.py:830} INFO - Processing file /opt/airflow/dags/dag_04_postgres_taxi.py for tasks to queue
[2026-06-16T12:41:18.538+0000] {logging_mixin.py:188} INFO - [2026-06-16T12:41:18.538+0000] {dagbag.py:545} INFO - Filling up the DagBag from /opt/airflow/dags/dag_04_postgres_taxi.py
[2026-06-16T12:41:18.556+0000] {processor.py:840} INFO - DAG(s) '04_postgres_taxi' retrieved from /opt/airflow/dags/dag_04_postgres_taxi.py
[2026-06-16T12:41:18.657+0000] {logging_mixin.py:188} INFO - [2026-06-16T12:41:18.656+0000] {dag.py:3089} INFO - Sync 1 DAGs
[2026-06-16T12:41:18.682+0000] {logging_mixin.py:188} INFO - [2026-06-16T12:41:18.681+0000] {dag.py:3947} INFO - Setting next_dagrun for 04_postgres_taxi to None, run_after=None
[2026-06-16T12:41:18.721+0000] {processor.py:183} INFO - Processing /opt/airflow/dags/dag_04_postgres_taxi.py took 0.201 seconds
[2026-06-16T12:41:49.659+0000] {processor.py:161} INFO - Started process (PID=2046) to work on /opt/airflow/dags/dag_04_postgres_taxi.py
[2026-06-16T12:41:49.660+0000] {processor.py:830} INFO - Processing file /opt/airflow/dags/dag_04_postgres_taxi.py for tasks to queue
[2026-06-16T12:41:49.663+0000] {logging_mixin.py:188} INFO - [2026-06-16T12:41:49.662+0000] {dagbag.py:545} INFO - Filling up the DagBag from /opt/airflow/dags/dag_04_postgres_taxi.py
[2026-06-16T12:41:49.677+0000] {processor.py:840} INFO - DAG(s) '04_postgres_taxi' retrieved from /opt/airflow/dags/dag_04_postgres_taxi.py
[2026-06-16T12:41:49.746+0000] {logging_mixin.py:188} INFO - [2026-06-16T12:41:49.746+0000] {dag.py:3089} INFO - Sync 1 DAGs
[2026-06-16T12:41:49.761+0000] {logging_mixin.py:188} INFO - [2026-06-16T12:41:49.761+0000] {dag.py:3947} INFO - Setting next_dagrun for 04_postgres_taxi to None, run_after=None
[2026-06-16T12:41:49.786+0000] {processor.py:183} INFO - Processing /opt/airflow/dags/dag_04_postgres_taxi.py took 0.135 seconds
[2026-06-16T12:42:19.936+0000] {processor.py:161} INFO - Started process (PID=2086) to work on /opt/airflow/dags/dag_04_postgres_taxi.py
[2026-06-16T12:42:19.940+0000] {processor.py:830} INFO - Processing file /opt/airflow/dags/dag_04_postgres_taxi.py for tasks to queue
[2026-06-16T12:42:19.943+0000] {logging_mixin.py:188} INFO - [2026-06-16T12:42:19.942+0000] {dagbag.py:545} INFO - Filling up the DagBag from /opt/airflow/dags/dag_04_postgres_taxi.py
[2026-06-16T12:42:19.962+0000] {processor.py:840} INFO - DAG(s) '04_postgres_taxi' retrieved from /opt/airflow/dags/dag_04_postgres_taxi.py
[2026-06-16T12:42:20.045+0000] {logging_mixin.py:188} INFO - [2026-06-16T12:42:20.045+0000] {dag.py:3089} INFO - Sync 1 DAGs
[2026-06-16T12:42:20.066+0000] {logging_mixin.py:188} INFO - [2026-06-16T12:42:20.066+0000] {dag.py:3947} INFO - Setting next_dagrun for 04_postgres_taxi to None, run_after=None
[2026-06-16T12:42:20.105+0000] {processor.py:183} INFO - Processing /opt/airflow/dags/dag_04_postgres_taxi.py took 0.184 seconds
[2026-06-16T12:42:50.261+0000] {processor.py:161} INFO - Started process (PID=2126) to work on /opt/airflow/dags/dag_04_postgres_taxi.py
[2026-06-16T12:42:50.263+0000] {processor.py:830} INFO - Processing file /opt/airflow/dags/dag_04_postgres_taxi.py for tasks to queue
[2026-06-16T12:42:50.265+0000] {logging_mixin.py:188} INFO - [2026-06-16T12:42:50.265+0000] {dagbag.py:545} INFO - Filling up the DagBag from /opt/airflow/dags/dag_04_postgres_taxi.py
[2026-06-16T12:42:50.279+0000] {processor.py:840} INFO - DAG(s) '04_postgres_taxi' retrieved from /opt/airflow/dags/dag_04_postgres_taxi.py
[2026-06-16T12:42:50.356+0000] {logging_mixin.py:188} INFO - [2026-06-16T12:42:50.356+0000] {dag.py:3089} INFO - Sync 1 DAGs
[2026-06-16T12:42:50.377+0000] {logging_mixin.py:188} INFO - [2026-06-16T12:42:50.377+0000] {dag.py:3947} INFO - Setting next_dagrun for 04_postgres_taxi to None, run_after=None
[2026-06-16T12:42:50.408+0000] {processor.py:183} INFO - Processing /opt/airflow/dags/dag_04_postgres_taxi.py took 0.156 seconds
[2026-06-16T12:43:20.501+0000] {processor.py:161} INFO - Started process (PID=2166) to work on /opt/airflow/dags/dag_04_postgres_taxi.py
[2026-06-16T12:43:20.503+0000] {processor.py:830} INFO - Processing file /opt/airflow/dags/dag_04_postgres_taxi.py for tasks to queue
[2026-06-16T12:43:20.506+0000] {logging_mixin.py:188} INFO - [2026-06-16T12:43:20.506+0000] {dagbag.py:545} INFO - Filling up the DagBag from /opt/airflow/dags/dag_04_postgres_taxi.py
[2026-06-16T12:43:20.523+0000] {processor.py:840} INFO - DAG(s) '04_postgres_taxi' retrieved from /opt/airflow/dags/dag_04_postgres_taxi.py
[2026-06-16T12:43:20.600+0000] {logging_mixin.py:188} INFO - [2026-06-16T12:43:20.600+0000] {dag.py:3089} INFO - Sync 1 DAGs
[2026-06-16T12:43:20.618+0000] {logging_mixin.py:188} INFO - [2026-06-16T12:43:20.617+0000] {dag.py:3947} INFO - Setting next_dagrun for 04_postgres_taxi to None, run_after=None
[2026-06-16T12:43:20.644+0000] {processor.py:183} INFO - Processing /opt/airflow/dags/dag_04_postgres_taxi.py took 0.152 seconds
[2026-06-16T12:43:50.703+0000] {processor.py:161} INFO - Started process (PID=2206) to work on /opt/airflow/dags/dag_04_postgres_taxi.py
[2026-06-16T12:43:50.706+0000] {processor.py:830} INFO - Processing file /opt/airflow/dags/dag_04_postgres_taxi.py for tasks to queue
[2026-06-16T12:43:50.708+0000] {logging_mixin.py:188} INFO - [2026-06-16T12:43:50.707+0000] {dagbag.py:545} INFO - Filling up the DagBag from /opt/airflow/dags/dag_04_postgres_taxi.py
[2026-06-16T12:43:50.722+0000] {processor.py:840} INFO - DAG(s) '04_postgres_taxi' retrieved from /opt/airflow/dags/dag_04_postgres_taxi.py
[2026-06-16T12:43:50.795+0000] {logging_mixin.py:188} INFO - [2026-06-16T12:43:50.795+0000] {dag.py:3089} INFO - Sync 1 DAGs
[2026-06-16T12:43:50.819+0000] {logging_mixin.py:188} INFO - [2026-06-16T12:43:50.818+0000] {dag.py:3947} INFO - Setting next_dagrun for 04_postgres_taxi to None, run_after=None
[2026-06-16T12:43:50.859+0000] {processor.py:183} INFO - Processing /opt/airflow/dags/dag_04_postgres_taxi.py took 0.164 seconds
[2026-06-16T12:44:21.433+0000] {processor.py:161} INFO - Started process (PID=2246) to work on /opt/airflow/dags/dag_04_postgres_taxi.py
[2026-06-16T12:44:21.434+0000] {processor.py:830} INFO - Processing file /opt/airflow/dags/dag_04_postgres_taxi.py for tasks to queue
[2026-06-16T12:44:21.437+0000] {logging_mixin.py:188} INFO - [2026-06-16T12:44:21.436+0000] {dagbag.py:545} INFO - Filling up the DagBag from /opt/airflow/dags/dag_04_postgres_taxi.py
[2026-06-16T12:44:21.457+0000] {processor.py:840} INFO - DAG(s) '04_postgres_taxi' retrieved from /opt/airflow/dags/dag_04_postgres_taxi.py
[2026-06-16T12:44:21.548+0000] {logging_mixin.py:188} INFO - [2026-06-16T12:44:21.548+0000] {dag.py:3089} INFO - Sync 1 DAGs
[2026-06-16T12:44:21.582+0000] {logging_mixin.py:188} INFO - [2026-06-16T12:44:21.582+0000] {dag.py:3947} INFO - Setting next_dagrun for 04_postgres_taxi to None, run_after=None
[2026-06-16T12:44:21.629+0000] {processor.py:183} INFO - Processing /opt/airflow/dags/dag_04_postgres_taxi.py took 0.207 seconds
[2026-06-16T12:44:52.299+0000] {processor.py:161} INFO - Started process (PID=2286) to work on /opt/airflow/dags/dag_04_postgres_taxi.py
[2026-06-16T12:44:52.300+0000] {processor.py:830} INFO - Processing file /opt/airflow/dags/dag_04_postgres_taxi.py for tasks to queue
[2026-06-16T12:44:52.303+0000] {logging_mixin.py:188} INFO - [2026-06-16T12:44:52.302+0000] {dagbag.py:545} INFO - Filling up the DagBag from /opt/airflow/dags/dag_04_postgres_taxi.py
[2026-06-16T12:44:52.323+0000] {processor.py:840} INFO - DAG(s) '04_postgres_taxi' retrieved from /opt/airflow/dags/dag_04_postgres_taxi.py
[2026-06-16T12:44:52.404+0000] {logging_mixin.py:188} INFO - [2026-06-16T12:44:52.403+0000] {dag.py:3089} INFO - Sync 1 DAGs
[2026-06-16T12:44:52.425+0000] {logging_mixin.py:188} INFO - [2026-06-16T12:44:52.425+0000] {dag.py:3947} INFO - Setting next_dagrun for 04_postgres_taxi to None, run_after=None
[2026-06-16T12:44:52.460+0000] {processor.py:183} INFO - Processing /opt/airflow/dags/dag_04_postgres_taxi.py took 0.173 seconds
[2026-06-16T12:45:22.542+0000] {processor.py:161} INFO - Started process (PID=2326) to work on /opt/airflow/dags/dag_04_postgres_taxi.py
[2026-06-16T12:45:22.543+0000] {processor.py:830} INFO - Processing file /opt/airflow/dags/dag_04_postgres_taxi.py for tasks to queue
[2026-06-16T12:45:22.545+0000] {logging_mixin.py:188} INFO - [2026-06-16T12:45:22.545+0000] {dagbag.py:545} INFO - Filling up the DagBag from /opt/airflow/dags/dag_04_postgres_taxi.py
[2026-06-16T12:45:22.561+0000] {processor.py:840} INFO - DAG(s) '04_postgres_taxi' retrieved from /opt/airflow/dags/dag_04_postgres_taxi.py
[2026-06-16T12:45:22.632+0000] {logging_mixin.py:188} INFO - [2026-06-16T12:45:22.631+0000] {dag.py:3089} INFO - Sync 1 DAGs
[2026-06-16T12:45:22.651+0000] {logging_mixin.py:188} INFO - [2026-06-16T12:45:22.650+0000] {dag.py:3947} INFO - Setting next_dagrun for 04_postgres_taxi to None, run_after=None
[2026-06-16T12:45:22.677+0000] {processor.py:183} INFO - Processing /opt/airflow/dags/dag_04_postgres_taxi.py took 0.144 seconds
[2026-06-16T12:45:52.868+0000] {processor.py:161} INFO - Started process (PID=2368) to work on /opt/airflow/dags/dag_04_postgres_taxi.py
[2026-06-16T12:45:52.869+0000] {processor.py:830} INFO - Processing file /opt/airflow/dags/dag_04_postgres_taxi.py for tasks to queue
[2026-06-16T12:45:52.871+0000] {logging_mixin.py:188} INFO - [2026-06-16T12:45:52.871+0000] {dagbag.py:545} INFO - Filling up the DagBag from /opt/airflow/dags/dag_04_postgres_taxi.py
[2026-06-16T12:45:52.886+0000] {processor.py:840} INFO - DAG(s) '04_postgres_taxi' retrieved from /opt/airflow/dags/dag_04_postgres_taxi.py
[2026-06-16T12:45:52.954+0000] {logging_mixin.py:188} INFO - [2026-06-16T12:45:52.953+0000] {dag.py:3089} INFO - Sync 1 DAGs
[2026-06-16T12:45:52.972+0000] {logging_mixin.py:188} INFO - [2026-06-16T12:45:52.972+0000] {dag.py:3947} INFO - Setting next_dagrun for 04_postgres_taxi to None, run_after=None
[2026-06-16T12:45:53.002+0000] {processor.py:183} INFO - Processing /opt/airflow/dags/dag_04_postgres_taxi.py took 0.142 seconds
[2026-06-16T12:46:23.098+0000] {processor.py:161} INFO - Started process (PID=2408) to work on /opt/airflow/dags/dag_04_postgres_taxi.py
[2026-06-16T12:46:23.099+0000] {processor.py:830} INFO - Processing file /opt/airflow/dags/dag_04_postgres_taxi.py for tasks to queue
[2026-06-16T12:46:23.102+0000] {logging_mixin.py:188} INFO - [2026-06-16T12:46:23.101+0000] {dagbag.py:545} INFO - Filling up the DagBag from /opt/airflow/dags/dag_04_postgres_taxi.py
[2026-06-16T12:46:23.116+0000] {processor.py:840} INFO - DAG(s) '04_postgres_taxi' retrieved from /opt/airflow/dags/dag_04_postgres_taxi.py
[2026-06-16T12:46:23.188+0000] {logging_mixin.py:188} INFO - [2026-06-16T12:46:23.187+0000] {dag.py:3089} INFO - Sync 1 DAGs
[2026-06-16T12:46:23.203+0000] {logging_mixin.py:188} INFO - [2026-06-16T12:46:23.203+0000] {dag.py:3947} INFO - Setting next_dagrun for 04_postgres_taxi to None, run_after=None
[2026-06-16T12:46:23.227+0000] {processor.py:183} INFO - Processing /opt/airflow/dags/dag_04_postgres_taxi.py took 0.137 seconds
[2026-06-16T12:46:53.307+0000] {processor.py:161} INFO - Started process (PID=2448) to work on /opt/airflow/dags/dag_04_postgres_taxi.py
[2026-06-16T12:46:53.309+0000] {processor.py:830} INFO - Processing file /opt/airflow/dags/dag_04_postgres_taxi.py for tasks to queue
[2026-06-16T12:46:53.312+0000] {logging_mixin.py:188} INFO - [2026-06-16T12:46:53.312+0000] {dagbag.py:545} INFO - Filling up the DagBag from /opt/airflow/dags/dag_04_postgres_taxi.py
[2026-06-16T12:46:53.327+0000] {processor.py:840} INFO - DAG(s) '04_postgres_taxi' retrieved from /opt/airflow/dags/dag_04_postgres_taxi.py
[2026-06-16T12:46:53.386+0000] {logging_mixin.py:188} INFO - [2026-06-16T12:46:53.386+0000] {dag.py:3089} INFO - Sync 1 DAGs
[2026-06-16T12:46:53.400+0000] {logging_mixin.py:188} INFO - [2026-06-16T12:46:53.400+0000] {dag.py:3947} INFO - Setting next_dagrun for 04_postgres_taxi to None, run_after=None
[2026-06-16T12:46:53.424+0000] {processor.py:183} INFO - Processing /opt/airflow/dags/dag_04_postgres_taxi.py took 0.125 seconds
[2026-06-16T12:47:23.483+0000] {processor.py:161} INFO - Started process (PID=2486) to work on /opt/airflow/dags/dag_04_postgres_taxi.py
[2026-06-16T12:47:23.484+0000] {processor.py:830} INFO - Processing file /opt/airflow/dags/dag_04_postgres_taxi.py for tasks to queue
[2026-06-16T12:47:23.487+0000] {logging_mixin.py:188} INFO - [2026-06-16T12:47:23.486+0000] {dagbag.py:545} INFO - Filling up the DagBag from /opt/airflow/dags/dag_04_postgres_taxi.py
[2026-06-16T12:47:23.509+0000] {processor.py:840} INFO - DAG(s) '04_postgres_taxi' retrieved from /opt/airflow/dags/dag_04_postgres_taxi.py
[2026-06-16T12:47:23.571+0000] {logging_mixin.py:188} INFO - [2026-06-16T12:47:23.571+0000] {dag.py:3089} INFO - Sync 1 DAGs
[2026-06-16T12:47:23.588+0000] {logging_mixin.py:188} INFO - [2026-06-16T12:47:23.587+0000] {dag.py:3947} INFO - Setting next_dagrun for 04_postgres_taxi to None, run_after=None
[2026-06-16T12:47:23.617+0000] {processor.py:183} INFO - Processing /opt/airflow/dags/dag_04_postgres_taxi.py took 0.143 seconds
[2026-06-16T12:47:53.747+0000] {processor.py:161} INFO - Started process (PID=2526) to work on /opt/airflow/dags/dag_04_postgres_taxi.py
[2026-06-16T12:47:53.749+0000] {processor.py:830} INFO - Processing file /opt/airflow/dags/dag_04_postgres_taxi.py for tasks to queue
[2026-06-16T12:47:53.751+0000] {logging_mixin.py:188} INFO - [2026-06-16T12:47:53.751+0000] {dagbag.py:545} INFO - Filling up the DagBag from /opt/airflow/dags/dag_04_postgres_taxi.py
[2026-06-16T12:47:53.765+0000] {processor.py:840} INFO - DAG(s) '04_postgres_taxi' retrieved from /opt/airflow/dags/dag_04_postgres_taxi.py
[2026-06-16T12:47:53.829+0000] {logging_mixin.py:188} INFO - [2026-06-16T12:47:53.829+0000] {dag.py:3089} INFO - Sync 1 DAGs
[2026-06-16T12:47:53.846+0000] {logging_mixin.py:188} INFO - [2026-06-16T12:47:53.846+0000] {dag.py:3947} INFO - Setting next_dagrun for 04_postgres_taxi to None, run_after=None
[2026-06-16T12:47:53.872+0000] {processor.py:183} INFO - Processing /opt/airflow/dags/dag_04_postgres_taxi.py took 0.136 seconds
[2026-06-16T12:48:24.031+0000] {processor.py:161} INFO - Started process (PID=2568) to work on /opt/airflow/dags/dag_04_postgres_taxi.py
[2026-06-16T12:48:24.033+0000] {processor.py:830} INFO - Processing file /opt/airflow/dags/dag_04_postgres_taxi.py for tasks to queue
[2026-06-16T12:48:24.035+0000] {logging_mixin.py:188} INFO - [2026-06-16T12:48:24.034+0000] {dagbag.py:545} INFO - Filling up the DagBag from /opt/airflow/dags/dag_04_postgres_taxi.py
[2026-06-16T12:48:24.047+0000] {processor.py:840} INFO - DAG(s) '04_postgres_taxi' retrieved from /opt/airflow/dags/dag_04_postgres_taxi.py
[2026-06-16T12:48:24.109+0000] {logging_mixin.py:188} INFO - [2026-06-16T12:48:24.109+0000] {dag.py:3089} INFO - Sync 1 DAGs
[2026-06-16T12:48:24.126+0000] {logging_mixin.py:188} INFO - [2026-06-16T12:48:24.125+0000] {dag.py:3947} INFO - Setting next_dagrun for 04_postgres_taxi to None, run_after=None
[2026-06-16T12:48:24.150+0000] {processor.py:183} INFO - Processing /opt/airflow/dags/dag_04_postgres_taxi.py took 0.129 seconds
[2026-06-16T12:48:54.245+0000] {processor.py:161} INFO - Started process (PID=2608) to work on /opt/airflow/dags/dag_04_postgres_taxi.py
[2026-06-16T12:48:54.246+0000] {processor.py:830} INFO - Processing file /opt/airflow/dags/dag_04_postgres_taxi.py for tasks to queue
[2026-06-16T12:48:54.248+0000] {logging_mixin.py:188} INFO - [2026-06-16T12:48:54.247+0000] {dagbag.py:545} INFO - Filling up the DagBag from /opt/airflow/dags/dag_04_postgres_taxi.py
[2026-06-16T12:48:54.259+0000] {processor.py:840} INFO - DAG(s) '04_postgres_taxi' retrieved from /opt/airflow/dags/dag_04_postgres_taxi.py
[2026-06-16T12:48:54.311+0000] {logging_mixin.py:188} INFO - [2026-06-16T12:48:54.310+0000] {dag.py:3089} INFO - Sync 1 DAGs
[2026-06-16T12:48:54.324+0000] {logging_mixin.py:188} INFO - [2026-06-16T12:48:54.324+0000] {dag.py:3947} INFO - Setting next_dagrun for 04_postgres_taxi to None, run_after=None
[2026-06-16T12:48:54.346+0000] {processor.py:183} INFO - Processing /opt/airflow/dags/dag_04_postgres_taxi.py took 0.109 seconds
[2026-06-16T12:49:24.470+0000] {processor.py:161} INFO - Started process (PID=2641) to work on /opt/airflow/dags/dag_04_postgres_taxi.py
[2026-06-16T12:49:24.472+0000] {processor.py:830} INFO - Processing file /opt/airflow/dags/dag_04_postgres_taxi.py for tasks to queue
[2026-06-16T12:49:24.478+0000] {logging_mixin.py:188} INFO - [2026-06-16T12:49:24.477+0000] {dagbag.py:545} INFO - Filling up the DagBag from /opt/airflow/dags/dag_04_postgres_taxi.py
[2026-06-16T12:49:24.508+0000] {processor.py:840} INFO - DAG(s) '04_postgres_taxi' retrieved from /opt/airflow/dags/dag_04_postgres_taxi.py
[2026-06-16T12:49:24.626+0000] {logging_mixin.py:188} INFO - [2026-06-16T12:49:24.625+0000] {dag.py:3089} INFO - Sync 1 DAGs
[2026-06-16T12:49:24.658+0000] {logging_mixin.py:188} INFO - [2026-06-16T12:49:24.658+0000] {dag.py:3947} INFO - Setting next_dagrun for 04_postgres_taxi to None, run_after=None
[2026-06-16T12:49:24.690+0000] {processor.py:183} INFO - Processing /opt/airflow/dags/dag_04_postgres_taxi.py took 0.235 seconds
[2026-06-16T12:49:54.983+0000] {processor.py:161} INFO - Started process (PID=2681) to work on /opt/airflow/dags/dag_04_postgres_taxi.py
[2026-06-16T12:49:54.984+0000] {processor.py:830} INFO - Processing file /opt/airflow/dags/dag_04_postgres_taxi.py for tasks to queue
[2026-06-16T12:49:54.985+0000] {logging_mixin.py:188} INFO - [2026-06-16T12:49:54.985+0000] {dagbag.py:545} INFO - Filling up the DagBag from /opt/airflow/dags/dag_04_postgres_taxi.py
[2026-06-16T12:49:54.998+0000] {processor.py:840} INFO - DAG(s) '04_postgres_taxi' retrieved from /opt/airflow/dags/dag_04_postgres_taxi.py
[2026-06-16T12:49:55.063+0000] {logging_mixin.py:188} INFO - [2026-06-16T12:49:55.063+0000] {dag.py:3089} INFO - Sync 1 DAGs
[2026-06-16T12:49:55.079+0000] {logging_mixin.py:188} INFO - [2026-06-16T12:49:55.079+0000] {dag.py:3947} INFO - Setting next_dagrun for 04_postgres_taxi to None, run_after=None
[2026-06-16T12:49:55.107+0000] {processor.py:183} INFO - Processing /opt/airflow/dags/dag_04_postgres_taxi.py took 0.132 seconds
[2026-06-16T12:50:25.177+0000] {processor.py:161} INFO - Started process (PID=2721) to work on /opt/airflow/dags/dag_04_postgres_taxi.py
[2026-06-16T12:50:25.178+0000] {processor.py:830} INFO - Processing file /opt/airflow/dags/dag_04_postgres_taxi.py for tasks to queue
[2026-06-16T12:50:25.181+0000] {logging_mixin.py:188} INFO - [2026-06-16T12:50:25.180+0000] {dagbag.py:545} INFO - Filling up the DagBag from /opt/airflow/dags/dag_04_postgres_taxi.py
[2026-06-16T12:50:25.196+0000] {processor.py:840} INFO - DAG(s) '04_postgres_taxi' retrieved from /opt/airflow/dags/dag_04_postgres_taxi.py
[2026-06-16T12:50:25.268+0000] {logging_mixin.py:188} INFO - [2026-06-16T12:50:25.267+0000] {dag.py:3089} INFO - Sync 1 DAGs
[2026-06-16T12:50:25.287+0000] {logging_mixin.py:188} INFO - [2026-06-16T12:50:25.287+0000] {dag.py:3947} INFO - Setting next_dagrun for 04_postgres_taxi to None, run_after=None
[2026-06-16T12:50:25.320+0000] {processor.py:183} INFO - Processing /opt/airflow/dags/dag_04_postgres_taxi.py took 0.152 seconds
[2026-06-16T12:50:55.452+0000] {processor.py:161} INFO - Started process (PID=2761) to work on /opt/airflow/dags/dag_04_postgres_taxi.py
[2026-06-16T12:50:55.453+0000] {processor.py:830} INFO - Processing file /opt/airflow/dags/dag_04_postgres_taxi.py for tasks to queue
[2026-06-16T12:50:55.455+0000] {logging_mixin.py:188} INFO - [2026-06-16T12:50:55.454+0000] {dagbag.py:545} INFO - Filling up the DagBag from /opt/airflow/dags/dag_04_postgres_taxi.py
[2026-06-16T12:50:55.468+0000] {processor.py:840} INFO - DAG(s) '04_postgres_taxi' retrieved from /opt/airflow/dags/dag_04_postgres_taxi.py
[2026-06-16T12:50:55.532+0000] {logging_mixin.py:188} INFO - [2026-06-16T12:50:55.531+0000] {dag.py:3089} INFO - Sync 1 DAGs
[2026-06-16T12:50:55.549+0000] {logging_mixin.py:188} INFO - [2026-06-16T12:50:55.549+0000] {dag.py:3947} INFO - Setting next_dagrun for 04_postgres_taxi to None, run_after=None
[2026-06-16T12:50:55.775+0000] {processor.py:183} INFO - Processing /opt/airflow/dags/dag_04_postgres_taxi.py took 0.331 seconds
[2026-06-16T12:51:25.950+0000] {processor.py:161} INFO - Started process (PID=2801) to work on /opt/airflow/dags/dag_04_postgres_taxi.py
[2026-06-16T12:51:25.952+0000] {processor.py:830} INFO - Processing file /opt/airflow/dags/dag_04_postgres_taxi.py for tasks to queue
[2026-06-16T12:51:25.955+0000] {logging_mixin.py:188} INFO - [2026-06-16T12:51:25.954+0000] {dagbag.py:545} INFO - Filling up the DagBag from /opt/airflow/dags/dag_04_postgres_taxi.py
[2026-06-16T12:51:25.974+0000] {processor.py:840} INFO - DAG(s) '04_postgres_taxi' retrieved from /opt/airflow/dags/dag_04_postgres_taxi.py
[2026-06-16T12:51:26.036+0000] {logging_mixin.py:188} INFO - [2026-06-16T12:51:26.036+0000] {dag.py:3089} INFO - Sync 1 DAGs
[2026-06-16T12:51:26.053+0000] {logging_mixin.py:188} INFO - [2026-06-16T12:51:26.052+0000] {dag.py:3947} INFO - Setting next_dagrun for 04_postgres_taxi to None, run_after=None
[2026-06-16T12:51:26.081+0000] {processor.py:183} INFO - Processing /opt/airflow/dags/dag_04_postgres_taxi.py took 0.143 seconds
[2026-06-16T12:51:57.000+0000] {processor.py:161} INFO - Started process (PID=2841) to work on /opt/airflow/dags/dag_04_postgres_taxi.py
[2026-06-16T12:51:57.001+0000] {processor.py:830} INFO - Processing file /opt/airflow/dags/dag_04_postgres_taxi.py for tasks to queue
[2026-06-16T12:51:57.004+0000] {logging_mixin.py:188} INFO - [2026-06-16T12:51:57.003+0000] {dagbag.py:545} INFO - Filling up the DagBag from /opt/airflow/dags/dag_04_postgres_taxi.py
[2026-06-16T12:51:57.028+0000] {processor.py:840} INFO - DAG(s) '04_postgres_taxi' retrieved from /opt/airflow/dags/dag_04_postgres_taxi.py
[2026-06-16T12:51:57.115+0000] {logging_mixin.py:188} INFO - [2026-06-16T12:51:57.114+0000] {dag.py:3089} INFO - Sync 1 DAGs
[2026-06-16T12:51:57.141+0000] {logging_mixin.py:188} INFO - [2026-06-16T12:51:57.141+0000] {dag.py:3947} INFO - Setting next_dagrun for 04_postgres_taxi to None, run_after=None
[2026-06-16T12:51:57.179+0000] {processor.py:183} INFO - Processing /opt/airflow/dags/dag_04_postgres_taxi.py took 0.193 seconds
[2026-06-16T12:52:27.619+0000] {processor.py:161} INFO - Started process (PID=2881) to work on /opt/airflow/dags/dag_04_postgres_taxi.py
[2026-06-16T12:52:27.621+0000] {processor.py:830} INFO - Processing file /opt/airflow/dags/dag_04_postgres_taxi.py for tasks to queue
[2026-06-16T12:52:27.623+0000] {logging_mixin.py:188} INFO - [2026-06-16T12:52:27.623+0000] {dagbag.py:545} INFO - Filling up the DagBag from /opt/airflow/dags/dag_04_postgres_taxi.py
[2026-06-16T12:52:27.638+0000] {processor.py:840} INFO - DAG(s) '04_postgres_taxi' retrieved from /opt/airflow/dags/dag_04_postgres_taxi.py
[2026-06-16T12:52:27.890+0000] {logging_mixin.py:188} INFO - [2026-06-16T12:52:27.890+0000] {dag.py:3089} INFO - Sync 1 DAGs
[2026-06-16T12:52:27.903+0000] {logging_mixin.py:188} INFO - [2026-06-16T12:52:27.903+0000] {dag.py:3947} INFO - Setting next_dagrun for 04_postgres_taxi to None, run_after=None
[2026-06-16T12:52:27.929+0000] {processor.py:183} INFO - Processing /opt/airflow/dags/dag_04_postgres_taxi.py took 0.318 seconds
[2026-06-16T12:52:58.193+0000] {processor.py:161} INFO - Started process (PID=2921) to work on /opt/airflow/dags/dag_04_postgres_taxi.py
[2026-06-16T12:52:58.194+0000] {processor.py:830} INFO - Processing file /opt/airflow/dags/dag_04_postgres_taxi.py for tasks to queue
[2026-06-16T12:52:58.197+0000] {logging_mixin.py:188} INFO - [2026-06-16T12:52:58.196+0000] {dagbag.py:545} INFO - Filling up the DagBag from /opt/airflow/dags/dag_04_postgres_taxi.py
[2026-06-16T12:52:58.211+0000] {processor.py:840} INFO - DAG(s) '04_postgres_taxi' retrieved from /opt/airflow/dags/dag_04_postgres_taxi.py
[2026-06-16T12:52:58.278+0000] {logging_mixin.py:188} INFO - [2026-06-16T12:52:58.277+0000] {dag.py:3089} INFO - Sync 1 DAGs
[2026-06-16T12:52:58.295+0000] {logging_mixin.py:188} INFO - [2026-06-16T12:52:58.294+0000] {dag.py:3947} INFO - Setting next_dagrun for 04_postgres_taxi to None, run_after=None
[2026-06-16T12:52:58.322+0000] {processor.py:183} INFO - Processing /opt/airflow/dags/dag_04_postgres_taxi.py took 0.137 seconds
[2026-06-16T12:53:29.011+0000] {processor.py:161} INFO - Started process (PID=2961) to work on /opt/airflow/dags/dag_04_postgres_taxi.py
[2026-06-16T12:53:29.013+0000] {processor.py:830} INFO - Processing file /opt/airflow/dags/dag_04_postgres_taxi.py for tasks to queue
[2026-06-16T12:53:29.015+0000] {logging_mixin.py:188} INFO - [2026-06-16T12:53:29.015+0000] {dagbag.py:545} INFO - Filling up the DagBag from /opt/airflow/dags/dag_04_postgres_taxi.py
[2026-06-16T12:53:29.034+0000] {processor.py:840} INFO - DAG(s) '04_postgres_taxi' retrieved from /opt/airflow/dags/dag_04_postgres_taxi.py
[2026-06-16T12:53:29.108+0000] {logging_mixin.py:188} INFO - [2026-06-16T12:53:29.108+0000] {dag.py:3089} INFO - Sync 1 DAGs
[2026-06-16T12:53:29.128+0000] {logging_mixin.py:188} INFO - [2026-06-16T12:53:29.128+0000] {dag.py:3947} INFO - Setting next_dagrun for 04_postgres_taxi to None, run_after=None
[2026-06-16T12:53:29.156+0000] {processor.py:183} INFO - Processing /opt/airflow/dags/dag_04_postgres_taxi.py took 0.154 seconds
[2026-06-16T12:53:59.298+0000] {processor.py:161} INFO - Started process (PID=3001) to work on /opt/airflow/dags/dag_04_postgres_taxi.py
[2026-06-16T12:53:59.300+0000] {processor.py:830} INFO - Processing file /opt/airflow/dags/dag_04_postgres_taxi.py for tasks to queue
[2026-06-16T12:53:59.303+0000] {logging_mixin.py:188} INFO - [2026-06-16T12:53:59.303+0000] {dagbag.py:545} INFO - Filling up the DagBag from /opt/airflow/dags/dag_04_postgres_taxi.py
[2026-06-16T12:53:59.320+0000] {processor.py:840} INFO - DAG(s) '04_postgres_taxi' retrieved from /opt/airflow/dags/dag_04_postgres_taxi.py
[2026-06-16T12:53:59.389+0000] {logging_mixin.py:188} INFO - [2026-06-16T12:53:59.389+0000] {dag.py:3089} INFO - Sync 1 DAGs
[2026-06-16T12:53:59.406+0000] {logging_mixin.py:188} INFO - [2026-06-16T12:53:59.406+0000] {dag.py:3947} INFO - Setting next_dagrun for 04_postgres_taxi to None, run_after=None
[2026-06-16T12:53:59.431+0000] {processor.py:183} INFO - Processing /opt/airflow/dags/dag_04_postgres_taxi.py took 0.143 seconds
[2026-06-16T12:54:29.537+0000] {processor.py:161} INFO - Started process (PID=3043) to work on /opt/airflow/dags/dag_04_postgres_taxi.py
[2026-06-16T12:54:29.539+0000] {processor.py:830} INFO - Processing file /opt/airflow/dags/dag_04_postgres_taxi.py for tasks to queue
[2026-06-16T12:54:29.544+0000] {logging_mixin.py:188} INFO - [2026-06-16T12:54:29.543+0000] {dagbag.py:545} INFO - Filling up the DagBag from /opt/airflow/dags/dag_04_postgres_taxi.py
[2026-06-16T12:54:29.563+0000] {processor.py:840} INFO - DAG(s) '04_postgres_taxi' retrieved from /opt/airflow/dags/dag_04_postgres_taxi.py
[2026-06-16T12:54:29.634+0000] {logging_mixin.py:188} INFO - [2026-06-16T12:54:29.634+0000] {dag.py:3089} INFO - Sync 1 DAGs
[2026-06-16T12:54:29.651+0000] {logging_mixin.py:188} INFO - [2026-06-16T12:54:29.650+0000] {dag.py:3947} INFO - Setting next_dagrun for 04_postgres_taxi to None, run_after=None
[2026-06-16T12:54:29.681+0000] {processor.py:183} INFO - Processing /opt/airflow/dags/dag_04_postgres_taxi.py took 0.156 seconds
[2026-06-16T12:54:59.787+0000] {processor.py:161} INFO - Started process (PID=3083) to work on /opt/airflow/dags/dag_04_postgres_taxi.py
[2026-06-16T12:54:59.789+0000] {processor.py:830} INFO - Processing file /opt/airflow/dags/dag_04_postgres_taxi.py for tasks to queue
[2026-06-16T12:54:59.792+0000] {logging_mixin.py:188} INFO - [2026-06-16T12:54:59.792+0000] {dagbag.py:545} INFO - Filling up the DagBag from /opt/airflow/dags/dag_04_postgres_taxi.py
[2026-06-16T12:54:59.806+0000] {processor.py:840} INFO - DAG(s) '04_postgres_taxi' retrieved from /opt/airflow/dags/dag_04_postgres_taxi.py
[2026-06-16T12:54:59.870+0000] {logging_mixin.py:188} INFO - [2026-06-16T12:54:59.870+0000] {dag.py:3089} INFO - Sync 1 DAGs
[2026-06-16T12:54:59.886+0000] {logging_mixin.py:188} INFO - [2026-06-16T12:54:59.886+0000] {dag.py:3947} INFO - Setting next_dagrun for 04_postgres_taxi to None, run_after=None
[2026-06-16T12:54:59.914+0000] {processor.py:183} INFO - Processing /opt/airflow/dags/dag_04_postgres_taxi.py took 0.136 seconds
[2026-06-16T12:55:29.979+0000] {processor.py:161} INFO - Started process (PID=3123) to work on /opt/airflow/dags/dag_04_postgres_taxi.py
[2026-06-16T12:55:29.980+0000] {processor.py:830} INFO - Processing file /opt/airflow/dags/dag_04_postgres_taxi.py for tasks to queue
[2026-06-16T12:55:29.982+0000] {logging_mixin.py:188} INFO - [2026-06-16T12:55:29.982+0000] {dagbag.py:545} INFO - Filling up the DagBag from /opt/airflow/dags/dag_04_postgres_taxi.py
[2026-06-16T12:55:29.995+0000] {processor.py:840} INFO - DAG(s) '04_postgres_taxi' retrieved from /opt/airflow/dags/dag_04_postgres_taxi.py
[2026-06-16T12:55:30.057+0000] {logging_mixin.py:188} INFO - [2026-06-16T12:55:30.056+0000] {dag.py:3089} INFO - Sync 1 DAGs
[2026-06-16T12:55:30.073+0000] {logging_mixin.py:188} INFO - [2026-06-16T12:55:30.073+0000] {dag.py:3947} INFO - Setting next_dagrun for 04_postgres_taxi to None, run_after=None
[2026-06-16T12:55:30.099+0000] {processor.py:183} INFO - Processing /opt/airflow/dags/dag_04_postgres_taxi.py took 0.129 seconds
[2026-06-16T12:56:00.187+0000] {processor.py:161} INFO - Started process (PID=3163) to work on /opt/airflow/dags/dag_04_postgres_taxi.py
[2026-06-16T12:56:00.189+0000] {processor.py:830} INFO - Processing file /opt/airflow/dags/dag_04_postgres_taxi.py for tasks to queue
[2026-06-16T12:56:00.191+0000] {logging_mixin.py:188} INFO - [2026-06-16T12:56:00.191+0000] {dagbag.py:545} INFO - Filling up the DagBag from /opt/airflow/dags/dag_04_postgres_taxi.py
[2026-06-16T12:56:00.205+0000] {processor.py:840} INFO - DAG(s) '04_postgres_taxi' retrieved from /opt/airflow/dags/dag_04_postgres_taxi.py
[2026-06-16T12:56:00.268+0000] {logging_mixin.py:188} INFO - [2026-06-16T12:56:00.267+0000] {dag.py:3089} INFO - Sync 1 DAGs
[2026-06-16T12:56:00.283+0000] {logging_mixin.py:188} INFO - [2026-06-16T12:56:00.283+0000] {dag.py:3947} INFO - Setting next_dagrun for 04_postgres_taxi to None, run_after=None
[2026-06-16T12:56:00.310+0000] {processor.py:183} INFO - Processing /opt/airflow/dags/dag_04_postgres_taxi.py took 0.135 seconds
[2026-06-16T12:56:30.456+0000] {processor.py:161} INFO - Started process (PID=3203) to work on /opt/airflow/dags/dag_04_postgres_taxi.py
[2026-06-16T12:56:30.457+0000] {processor.py:830} INFO - Processing file /opt/airflow/dags/dag_04_postgres_taxi.py for tasks to queue
[2026-06-16T12:56:30.461+0000] {logging_mixin.py:188} INFO - [2026-06-16T12:56:30.460+0000] {dagbag.py:545} INFO - Filling up the DagBag from /opt/airflow/dags/dag_04_postgres_taxi.py
[2026-06-16T12:56:30.481+0000] {processor.py:840} INFO - DAG(s) '04_postgres_taxi' retrieved from /opt/airflow/dags/dag_04_postgres_taxi.py
[2026-06-16T12:56:30.556+0000] {logging_mixin.py:188} INFO - [2026-06-16T12:56:30.556+0000] {dag.py:3089} INFO - Sync 1 DAGs
[2026-06-16T12:56:30.576+0000] {logging_mixin.py:188} INFO - [2026-06-16T12:56:30.576+0000] {dag.py:3947} INFO - Setting next_dagrun for 04_postgres_taxi to None, run_after=None
[2026-06-16T12:56:30.602+0000] {processor.py:183} INFO - Processing /opt/airflow/dags/dag_04_postgres_taxi.py took 0.156 seconds
[2026-06-16T12:57:00.832+0000] {processor.py:161} INFO - Started process (PID=3243) to work on /opt/airflow/dags/dag_04_postgres_taxi.py
[2026-06-16T12:57:00.834+0000] {processor.py:830} INFO - Processing file /opt/airflow/dags/dag_04_postgres_taxi.py for tasks to queue
[2026-06-16T12:57:00.836+0000] {logging_mixin.py:188} INFO - [2026-06-16T12:57:00.836+0000] {dagbag.py:545} INFO - Filling up the DagBag from /opt/airflow/dags/dag_04_postgres_taxi.py
[2026-06-16T12:57:00.854+0000] {processor.py:840} INFO - DAG(s) '04_postgres_taxi' retrieved from /opt/airflow/dags/dag_04_postgres_taxi.py
[2026-06-16T12:57:00.936+0000] {logging_mixin.py:188} INFO - [2026-06-16T12:57:00.935+0000] {dag.py:3089} INFO - Sync 1 DAGs
[2026-06-16T12:57:00.955+0000] {logging_mixin.py:188} INFO - [2026-06-16T12:57:00.955+0000] {dag.py:3947} INFO - Setting next_dagrun for 04_postgres_taxi to None, run_after=None
[2026-06-16T12:57:00.984+0000] {processor.py:183} INFO - Processing /opt/airflow/dags/dag_04_postgres_taxi.py took 0.163 seconds
[2026-06-16T12:57:31.872+0000] {processor.py:161} INFO - Started process (PID=3283) to work on /opt/airflow/dags/dag_04_postgres_taxi.py
[2026-06-16T12:57:31.873+0000] {processor.py:830} INFO - Processing file /opt/airflow/dags/dag_04_postgres_taxi.py for tasks to queue
[2026-06-16T12:57:31.875+0000] {logging_mixin.py:188} INFO - [2026-06-16T12:57:31.875+0000] {dagbag.py:545} INFO - Filling up the DagBag from /opt/airflow/dags/dag_04_postgres_taxi.py
[2026-06-16T12:57:31.888+0000] {processor.py:840} INFO - DAG(s) '04_postgres_taxi' retrieved from /opt/airflow/dags/dag_04_postgres_taxi.py
[2026-06-16T12:57:31.947+0000] {logging_mixin.py:188} INFO - [2026-06-16T12:57:31.947+0000] {dag.py:3089} INFO - Sync 1 DAGs
[2026-06-16T12:57:31.964+0000] {logging_mixin.py:188} INFO - [2026-06-16T12:57:31.964+0000] {dag.py:3947} INFO - Setting next_dagrun for 04_postgres_taxi to None, run_after=None
[2026-06-16T12:57:31.991+0000] {processor.py:183} INFO - Processing /opt/airflow/dags/dag_04_postgres_taxi.py took 0.129 seconds
[2026-06-16T12:58:02.935+0000] {processor.py:161} INFO - Started process (PID=3323) to work on /opt/airflow/dags/dag_04_postgres_taxi.py
[2026-06-16T12:58:02.937+0000] {processor.py:830} INFO - Processing file /opt/airflow/dags/dag_04_postgres_taxi.py for tasks to queue
[2026-06-16T12:58:02.939+0000] {logging_mixin.py:188} INFO - [2026-06-16T12:58:02.939+0000] {dagbag.py:545} INFO - Filling up the DagBag from /opt/airflow/dags/dag_04_postgres_taxi.py
[2026-06-16T12:58:02.952+0000] {processor.py:840} INFO - DAG(s) '04_postgres_taxi' retrieved from /opt/airflow/dags/dag_04_postgres_taxi.py
[2026-06-16T12:58:03.023+0000] {logging_mixin.py:188} INFO - [2026-06-16T12:58:03.023+0000] {dag.py:3089} INFO - Sync 1 DAGs
[2026-06-16T12:58:03.038+0000] {logging_mixin.py:188} INFO - [2026-06-16T12:58:03.038+0000] {dag.py:3947} INFO - Setting next_dagrun for 04_postgres_taxi to None, run_after=None
[2026-06-16T12:58:03.065+0000] {processor.py:183} INFO - Processing /opt/airflow/dags/dag_04_postgres_taxi.py took 0.139 seconds
[2026-06-16T12:58:33.156+0000] {processor.py:161} INFO - Started process (PID=3363) to work on /opt/airflow/dags/dag_04_postgres_taxi.py
[2026-06-16T12:58:33.157+0000] {processor.py:830} INFO - Processing file /opt/airflow/dags/dag_04_postgres_taxi.py for tasks to queue
[2026-06-16T12:58:33.159+0000] {logging_mixin.py:188} INFO - [2026-06-16T12:58:33.159+0000] {dagbag.py:545} INFO - Filling up the DagBag from /opt/airflow/dags/dag_04_postgres_taxi.py
[2026-06-16T12:58:33.173+0000] {processor.py:840} INFO - DAG(s) '04_postgres_taxi' retrieved from /opt/airflow/dags/dag_04_postgres_taxi.py
[2026-06-16T12:58:33.233+0000] {logging_mixin.py:188} INFO - [2026-06-16T12:58:33.232+0000] {dag.py:3089} INFO - Sync 1 DAGs
[2026-06-16T12:58:33.250+0000] {logging_mixin.py:188} INFO - [2026-06-16T12:58:33.250+0000] {dag.py:3947} INFO - Setting next_dagrun for 04_postgres_taxi to None, run_after=None
[2026-06-16T12:58:33.275+0000] {processor.py:183} INFO - Processing /opt/airflow/dags/dag_04_postgres_taxi.py took 0.128 seconds
[2026-06-16T12:59:03.337+0000] {processor.py:161} INFO - Started process (PID=3403) to work on /opt/airflow/dags/dag_04_postgres_taxi.py
[2026-06-16T12:59:03.339+0000] {processor.py:830} INFO - Processing file /opt/airflow/dags/dag_04_postgres_taxi.py for tasks to queue
[2026-06-16T12:59:03.341+0000] {logging_mixin.py:188} INFO - [2026-06-16T12:59:03.340+0000] {dagbag.py:545} INFO - Filling up the DagBag from /opt/airflow/dags/dag_04_postgres_taxi.py
[2026-06-16T12:59:03.354+0000] {processor.py:840} INFO - DAG(s) '04_postgres_taxi' retrieved from /opt/airflow/dags/dag_04_postgres_taxi.py
[2026-06-16T12:59:03.414+0000] {logging_mixin.py:188} INFO - [2026-06-16T12:59:03.413+0000] {dag.py:3089} INFO - Sync 1 DAGs
[2026-06-16T12:59:03.430+0000] {logging_mixin.py:188} INFO - [2026-06-16T12:59:03.430+0000] {dag.py:3947} INFO - Setting next_dagrun for 04_postgres_taxi to None, run_after=None
[2026-06-16T12:59:03.456+0000] {processor.py:183} INFO - Processing /opt/airflow/dags/dag_04_postgres_taxi.py took 0.127 seconds
[2026-06-16T12:59:33.522+0000] {processor.py:161} INFO - Started process (PID=3443) to work on /opt/airflow/dags/dag_04_postgres_taxi.py
[2026-06-16T12:59:33.523+0000] {processor.py:830} INFO - Processing file /opt/airflow/dags/dag_04_postgres_taxi.py for tasks to queue
[2026-06-16T12:59:33.525+0000] {logging_mixin.py:188} INFO - [2026-06-16T12:59:33.524+0000] {dagbag.py:545} INFO - Filling up the DagBag from /opt/airflow/dags/dag_04_postgres_taxi.py
[2026-06-16T12:59:33.537+0000] {processor.py:840} INFO - DAG(s) '04_postgres_taxi' retrieved from /opt/airflow/dags/dag_04_postgres_taxi.py
[2026-06-16T12:59:33.607+0000] {logging_mixin.py:188} INFO - [2026-06-16T12:59:33.606+0000] {dag.py:3089} INFO - Sync 1 DAGs
[2026-06-16T12:59:33.624+0000] {logging_mixin.py:188} INFO - [2026-06-16T12:59:33.624+0000] {dag.py:3947} INFO - Setting next_dagrun for 04_postgres_taxi to None, run_after=None
[2026-06-16T12:59:33.653+0000] {processor.py:183} INFO - Processing /opt/airflow/dags/dag_04_postgres_taxi.py took 0.140 seconds
[2026-06-16T13:00:03.795+0000] {processor.py:161} INFO - Started process (PID=3483) to work on /opt/airflow/dags/dag_04_postgres_taxi.py
[2026-06-16T13:00:03.797+0000] {processor.py:830} INFO - Processing file /opt/airflow/dags/dag_04_postgres_taxi.py for tasks to queue
[2026-06-16T13:00:03.800+0000] {logging_mixin.py:188} INFO - [2026-06-16T13:00:03.799+0000] {dagbag.py:545} INFO - Filling up the DagBag from /opt/airflow/dags/dag_04_postgres_taxi.py
[2026-06-16T13:00:03.812+0000] {processor.py:840} INFO - DAG(s) '04_postgres_taxi' retrieved from /opt/airflow/dags/dag_04_postgres_taxi.py
[2026-06-16T13:00:03.878+0000] {logging_mixin.py:188} INFO - [2026-06-16T13:00:03.878+0000] {dag.py:3089} INFO - Sync 1 DAGs
[2026-06-16T13:00:03.897+0000] {logging_mixin.py:188} INFO - [2026-06-16T13:00:03.897+0000] {dag.py:3947} INFO - Setting next_dagrun for 04_postgres_taxi to None, run_after=None
[2026-06-16T13:00:03.923+0000] {processor.py:183} INFO - Processing /opt/airflow/dags/dag_04_postgres_taxi.py took 0.137 seconds
[2026-06-16T13:00:33.991+0000] {processor.py:161} INFO - Started process (PID=3523) to work on /opt/airflow/dags/dag_04_postgres_taxi.py
[2026-06-16T13:00:33.993+0000] {processor.py:830} INFO - Processing file /opt/airflow/dags/dag_04_postgres_taxi.py for tasks to queue
[2026-06-16T13:00:33.996+0000] {logging_mixin.py:188} INFO - [2026-06-16T13:00:33.995+0000] {dagbag.py:545} INFO - Filling up the DagBag from /opt/airflow/dags/dag_04_postgres_taxi.py
[2026-06-16T13:00:34.010+0000] {processor.py:840} INFO - DAG(s) '04_postgres_taxi' retrieved from /opt/airflow/dags/dag_04_postgres_taxi.py
[2026-06-16T13:00:34.077+0000] {logging_mixin.py:188} INFO - [2026-06-16T13:00:34.076+0000] {dag.py:3089} INFO - Sync 1 DAGs
[2026-06-16T13:00:34.095+0000] {logging_mixin.py:188} INFO - [2026-06-16T13:00:34.095+0000] {dag.py:3947} INFO - Setting next_dagrun for 04_postgres_taxi to None, run_after=None
[2026-06-16T13:00:34.122+0000] {processor.py:183} INFO - Processing /opt/airflow/dags/dag_04_postgres_taxi.py took 0.142 seconds
[2026-06-16T13:01:04.166+0000] {processor.py:161} INFO - Started process (PID=3563) to work on /opt/airflow/dags/dag_04_postgres_taxi.py
[2026-06-16T13:01:04.176+0000] {processor.py:830} INFO - Processing file /opt/airflow/dags/dag_04_postgres_taxi.py for tasks to queue
[2026-06-16T13:01:04.178+0000] {logging_mixin.py:188} INFO - [2026-06-16T13:01:04.177+0000] {dagbag.py:545} INFO - Filling up the DagBag from /opt/airflow/dags/dag_04_postgres_taxi.py
[2026-06-16T13:01:04.196+0000] {processor.py:840} INFO - DAG(s) '04_postgres_taxi' retrieved from /opt/airflow/dags/dag_04_postgres_taxi.py
[2026-06-16T13:01:04.261+0000] {logging_mixin.py:188} INFO - [2026-06-16T13:01:04.261+0000] {dag.py:3089} INFO - Sync 1 DAGs
[2026-06-16T13:01:04.276+0000] {logging_mixin.py:188} INFO - [2026-06-16T13:01:04.276+0000] {dag.py:3947} INFO - Setting next_dagrun for 04_postgres_taxi to None, run_after=None
[2026-06-16T13:01:04.303+0000] {processor.py:183} INFO - Processing /opt/airflow/dags/dag_04_postgres_taxi.py took 0.145 seconds
[2026-06-16T13:01:34.408+0000] {processor.py:161} INFO - Started process (PID=3603) to work on /opt/airflow/dags/dag_04_postgres_taxi.py
[2026-06-16T13:01:34.409+0000] {processor.py:830} INFO - Processing file /opt/airflow/dags/dag_04_postgres_taxi.py for tasks to queue
[2026-06-16T13:01:34.411+0000] {logging_mixin.py:188} INFO - [2026-06-16T13:01:34.411+0000] {dagbag.py:545} INFO - Filling up the DagBag from /opt/airflow/dags/dag_04_postgres_taxi.py
[2026-06-16T13:01:34.425+0000] {processor.py:840} INFO - DAG(s) '04_postgres_taxi' retrieved from /opt/airflow/dags/dag_04_postgres_taxi.py
[2026-06-16T13:01:34.494+0000] {logging_mixin.py:188} INFO - [2026-06-16T13:01:34.494+0000] {dag.py:3089} INFO - Sync 1 DAGs
[2026-06-16T13:01:34.510+0000] {logging_mixin.py:188} INFO - [2026-06-16T13:01:34.510+0000] {dag.py:3947} INFO - Setting next_dagrun for 04_postgres_taxi to None, run_after=None
[2026-06-16T13:01:34.537+0000] {processor.py:183} INFO - Processing /opt/airflow/dags/dag_04_postgres_taxi.py took 0.138 seconds
[2026-06-16T13:02:04.664+0000] {processor.py:161} INFO - Started process (PID=3643) to work on /opt/airflow/dags/dag_04_postgres_taxi.py
[2026-06-16T13:02:04.665+0000] {processor.py:830} INFO - Processing file /opt/airflow/dags/dag_04_postgres_taxi.py for tasks to queue
[2026-06-16T13:02:04.667+0000] {logging_mixin.py:188} INFO - [2026-06-16T13:02:04.667+0000] {dagbag.py:545} INFO - Filling up the DagBag from /opt/airflow/dags/dag_04_postgres_taxi.py
[2026-06-16T13:02:04.679+0000] {processor.py:840} INFO - DAG(s) '04_postgres_taxi' retrieved from /opt/airflow/dags/dag_04_postgres_taxi.py
[2026-06-16T13:02:04.737+0000] {logging_mixin.py:188} INFO - [2026-06-16T13:02:04.737+0000] {dag.py:3089} INFO - Sync 1 DAGs
[2026-06-16T13:02:04.754+0000] {logging_mixin.py:188} INFO - [2026-06-16T13:02:04.754+0000] {dag.py:3947} INFO - Setting next_dagrun for 04_postgres_taxi to None, run_after=None
[2026-06-16T13:02:04.781+0000] {processor.py:183} INFO - Processing /opt/airflow/dags/dag_04_postgres_taxi.py took 0.126 seconds
[2026-06-16T13:02:34.845+0000] {processor.py:161} INFO - Started process (PID=3683) to work on /opt/airflow/dags/dag_04_postgres_taxi.py
[2026-06-16T13:02:34.847+0000] {processor.py:830} INFO - Processing file /opt/airflow/dags/dag_04_postgres_taxi.py for tasks to queue
[2026-06-16T13:02:34.849+0000] {logging_mixin.py:188} INFO - [2026-06-16T13:02:34.849+0000] {dagbag.py:545} INFO - Filling up the DagBag from /opt/airflow/dags/dag_04_postgres_taxi.py
[2026-06-16T13:02:34.862+0000] {processor.py:840} INFO - DAG(s) '04_postgres_taxi' retrieved from /opt/airflow/dags/dag_04_postgres_taxi.py
[2026-06-16T13:02:34.919+0000] {logging_mixin.py:188} INFO - [2026-06-16T13:02:34.918+0000] {dag.py:3089} INFO - Sync 1 DAGs
[2026-06-16T13:02:34.936+0000] {logging_mixin.py:188} INFO - [2026-06-16T13:02:34.935+0000] {dag.py:3947} INFO - Setting next_dagrun for 04_postgres_taxi to None, run_after=None
[2026-06-16T13:02:34.962+0000] {processor.py:183} INFO - Processing /opt/airflow/dags/dag_04_postgres_taxi.py took 0.125 seconds
[2026-06-16T13:03:05.028+0000] {processor.py:161} INFO - Started process (PID=3723) to work on /opt/airflow/dags/dag_04_postgres_taxi.py
[2026-06-16T13:03:05.040+0000] {processor.py:830} INFO - Processing file /opt/airflow/dags/dag_04_postgres_taxi.py for tasks to queue
[2026-06-16T13:03:05.042+0000] {logging_mixin.py:188} INFO - [2026-06-16T13:03:05.042+0000] {dagbag.py:545} INFO - Filling up the DagBag from /opt/airflow/dags/dag_04_postgres_taxi.py
[2026-06-16T13:03:05.054+0000] {processor.py:840} INFO - DAG(s) '04_postgres_taxi' retrieved from /opt/airflow/dags/dag_04_postgres_taxi.py
[2026-06-16T13:03:05.128+0000] {logging_mixin.py:188} INFO - [2026-06-16T13:03:05.128+0000] {dag.py:3089} INFO - Sync 1 DAGs
[2026-06-16T13:03:05.143+0000] {logging_mixin.py:188} INFO - [2026-06-16T13:03:05.143+0000] {dag.py:3947} INFO - Setting next_dagrun for 04_postgres_taxi to None, run_after=None
[2026-06-16T13:03:05.171+0000] {processor.py:183} INFO - Processing /opt/airflow/dags/dag_04_postgres_taxi.py took 0.151 seconds
[2026-06-16T13:03:35.219+0000] {processor.py:161} INFO - Started process (PID=3763) to work on /opt/airflow/dags/dag_04_postgres_taxi.py
[2026-06-16T13:03:35.230+0000] {processor.py:830} INFO - Processing file /opt/airflow/dags/dag_04_postgres_taxi.py for tasks to queue
[2026-06-16T13:03:35.232+0000] {logging_mixin.py:188} INFO - [2026-06-16T13:03:35.232+0000] {dagbag.py:545} INFO - Filling up the DagBag from /opt/airflow/dags/dag_04_postgres_taxi.py
[2026-06-16T13:03:35.245+0000] {processor.py:840} INFO - DAG(s) '04_postgres_taxi' retrieved from /opt/airflow/dags/dag_04_postgres_taxi.py
[2026-06-16T13:03:35.314+0000] {logging_mixin.py:188} INFO - [2026-06-16T13:03:35.314+0000] {dag.py:3089} INFO - Sync 1 DAGs
[2026-06-16T13:03:35.331+0000] {logging_mixin.py:188} INFO - [2026-06-16T13:03:35.330+0000] {dag.py:3947} INFO - Setting next_dagrun for 04_postgres_taxi to None, run_after=None
[2026-06-16T13:03:35.357+0000] {processor.py:183} INFO - Processing /opt/airflow/dags/dag_04_postgres_taxi.py took 0.147 seconds
[2026-06-16T13:04:05.423+0000] {processor.py:161} INFO - Started process (PID=3803) to work on /opt/airflow/dags/dag_04_postgres_taxi.py
[2026-06-16T13:04:05.433+0000] {processor.py:830} INFO - Processing file /opt/airflow/dags/dag_04_postgres_taxi.py for tasks to queue
[2026-06-16T13:04:05.435+0000] {logging_mixin.py:188} INFO - [2026-06-16T13:04:05.435+0000] {dagbag.py:545} INFO - Filling up the DagBag from /opt/airflow/dags/dag_04_postgres_taxi.py
[2026-06-16T13:04:05.448+0000] {processor.py:840} INFO - DAG(s) '04_postgres_taxi' retrieved from /opt/airflow/dags/dag_04_postgres_taxi.py
[2026-06-16T13:04:05.514+0000] {logging_mixin.py:188} INFO - [2026-06-16T13:04:05.513+0000] {dag.py:3089} INFO - Sync 1 DAGs
[2026-06-16T13:04:05.532+0000] {logging_mixin.py:188} INFO - [2026-06-16T13:04:05.532+0000] {dag.py:3947} INFO - Setting next_dagrun for 04_postgres_taxi to None, run_after=None
[2026-06-16T13:04:05.558+0000] {processor.py:183} INFO - Processing /opt/airflow/dags/dag_04_postgres_taxi.py took 0.144 seconds
[2026-06-16T13:04:35.661+0000] {processor.py:161} INFO - Started process (PID=3843) to work on /opt/airflow/dags/dag_04_postgres_taxi.py
[2026-06-16T13:04:35.664+0000] {processor.py:830} INFO - Processing file /opt/airflow/dags/dag_04_postgres_taxi.py for tasks to queue
[2026-06-16T13:04:35.666+0000] {logging_mixin.py:188} INFO - [2026-06-16T13:04:35.665+0000] {dagbag.py:545} INFO - Filling up the DagBag from /opt/airflow/dags/dag_04_postgres_taxi.py
[2026-06-16T13:04:35.678+0000] {processor.py:840} INFO - DAG(s) '04_postgres_taxi' retrieved from /opt/airflow/dags/dag_04_postgres_taxi.py
[2026-06-16T13:04:35.737+0000] {logging_mixin.py:188} INFO - [2026-06-16T13:04:35.737+0000] {dag.py:3089} INFO - Sync 1 DAGs
[2026-06-16T13:04:35.755+0000] {logging_mixin.py:188} INFO - [2026-06-16T13:04:35.755+0000] {dag.py:3947} INFO - Setting next_dagrun for 04_postgres_taxi to None, run_after=None
[2026-06-16T13:04:35.781+0000] {processor.py:183} INFO - Processing /opt/airflow/dags/dag_04_postgres_taxi.py took 0.129 seconds
[2026-06-16T13:05:05.831+0000] {processor.py:161} INFO - Started process (PID=3883) to work on /opt/airflow/dags/dag_04_postgres_taxi.py
[2026-06-16T13:05:05.832+0000] {processor.py:830} INFO - Processing file /opt/airflow/dags/dag_04_postgres_taxi.py for tasks to queue
[2026-06-16T13:05:05.834+0000] {logging_mixin.py:188} INFO - [2026-06-16T13:05:05.833+0000] {dagbag.py:545} INFO - Filling up the DagBag from /opt/airflow/dags/dag_04_postgres_taxi.py
[2026-06-16T13:05:05.846+0000] {processor.py:840} INFO - DAG(s) '04_postgres_taxi' retrieved from /opt/airflow/dags/dag_04_postgres_taxi.py
[2026-06-16T13:05:05.907+0000] {logging_mixin.py:188} INFO - [2026-06-16T13:05:05.907+0000] {dag.py:3089} INFO - Sync 1 DAGs
[2026-06-16T13:05:05.925+0000] {logging_mixin.py:188} INFO - [2026-06-16T13:05:05.925+0000] {dag.py:3947} INFO - Setting next_dagrun for 04_postgres_taxi to None, run_after=None
[2026-06-16T13:05:05.952+0000] {processor.py:183} INFO - Processing /opt/airflow/dags/dag_04_postgres_taxi.py took 0.130 seconds
[2026-06-16T13:05:35.997+0000] {processor.py:161} INFO - Started process (PID=3923) to work on /opt/airflow/dags/dag_04_postgres_taxi.py
[2026-06-16T13:05:35.998+0000] {processor.py:830} INFO - Processing file /opt/airflow/dags/dag_04_postgres_taxi.py for tasks to queue
[2026-06-16T13:05:36.001+0000] {logging_mixin.py:188} INFO - [2026-06-16T13:05:36.000+0000] {dagbag.py:545} INFO - Filling up the DagBag from /opt/airflow/dags/dag_04_postgres_taxi.py
[2026-06-16T13:05:36.013+0000] {processor.py:840} INFO - DAG(s) '04_postgres_taxi' retrieved from /opt/airflow/dags/dag_04_postgres_taxi.py
[2026-06-16T13:05:36.074+0000] {logging_mixin.py:188} INFO - [2026-06-16T13:05:36.074+0000] {dag.py:3089} INFO - Sync 1 DAGs
[2026-06-16T13:05:36.094+0000] {logging_mixin.py:188} INFO - [2026-06-16T13:05:36.093+0000] {dag.py:3947} INFO - Setting next_dagrun for 04_postgres_taxi to None, run_after=None
[2026-06-16T13:05:36.122+0000] {processor.py:183} INFO - Processing /opt/airflow/dags/dag_04_postgres_taxi.py took 0.133 seconds
[2026-06-16T13:06:07.027+0000] {processor.py:161} INFO - Started process (PID=3963) to work on /opt/airflow/dags/dag_04_postgres_taxi.py
[2026-06-16T13:06:07.028+0000] {processor.py:830} INFO - Processing file /opt/airflow/dags/dag_04_postgres_taxi.py for tasks to queue
[2026-06-16T13:06:07.031+0000] {logging_mixin.py:188} INFO - [2026-06-16T13:06:07.030+0000] {dagbag.py:545} INFO - Filling up the DagBag from /opt/airflow/dags/dag_04_postgres_taxi.py
[2026-06-16T13:06:07.043+0000] {processor.py:840} INFO - DAG(s) '04_postgres_taxi' retrieved from /opt/airflow/dags/dag_04_postgres_taxi.py
[2026-06-16T13:06:07.103+0000] {logging_mixin.py:188} INFO - [2026-06-16T13:06:07.103+0000] {dag.py:3089} INFO - Sync 1 DAGs
[2026-06-16T13:06:07.121+0000] {logging_mixin.py:188} INFO - [2026-06-16T13:06:07.121+0000] {dag.py:3947} INFO - Setting next_dagrun for 04_postgres_taxi to None, run_after=None
[2026-06-16T13:06:07.148+0000] {processor.py:183} INFO - Processing /opt/airflow/dags/dag_04_postgres_taxi.py took 0.132 seconds
[2026-06-16T13:06:37.963+0000] {processor.py:161} INFO - Started process (PID=4003) to work on /opt/airflow/dags/dag_04_postgres_taxi.py
[2026-06-16T13:06:37.965+0000] {processor.py:830} INFO - Processing file /opt/airflow/dags/dag_04_postgres_taxi.py for tasks to queue
[2026-06-16T13:06:37.967+0000] {logging_mixin.py:188} INFO - [2026-06-16T13:06:37.967+0000] {dagbag.py:545} INFO - Filling up the DagBag from /opt/airflow/dags/dag_04_postgres_taxi.py
[2026-06-16T13:06:37.980+0000] {processor.py:840} INFO - DAG(s) '04_postgres_taxi' retrieved from /opt/airflow/dags/dag_04_postgres_taxi.py
[2026-06-16T13:06:38.040+0000] {logging_mixin.py:188} INFO - [2026-06-16T13:06:38.040+0000] {dag.py:3089} INFO - Sync 1 DAGs
[2026-06-16T13:06:38.062+0000] {logging_mixin.py:188} INFO - [2026-06-16T13:06:38.062+0000] {dag.py:3947} INFO - Setting next_dagrun for 04_postgres_taxi to None, run_after=None
[2026-06-16T13:06:38.088+0000] {processor.py:183} INFO - Processing /opt/airflow/dags/dag_04_postgres_taxi.py took 0.136 seconds
[2026-06-16T13:07:08.177+0000] {processor.py:161} INFO - Started process (PID=4043) to work on /opt/airflow/dags/dag_04_postgres_taxi.py
[2026-06-16T13:07:08.178+0000] {processor.py:830} INFO - Processing file /opt/airflow/dags/dag_04_postgres_taxi.py for tasks to queue
[2026-06-16T13:07:08.181+0000] {logging_mixin.py:188} INFO - [2026-06-16T13:07:08.180+0000] {dagbag.py:545} INFO - Filling up the DagBag from /opt/airflow/dags/dag_04_postgres_taxi.py
[2026-06-16T13:07:08.196+0000] {processor.py:840} INFO - DAG(s) '04_postgres_taxi' retrieved from /opt/airflow/dags/dag_04_postgres_taxi.py
[2026-06-16T13:07:08.258+0000] {logging_mixin.py:188} INFO - [2026-06-16T13:07:08.258+0000] {dag.py:3089} INFO - Sync 1 DAGs
[2026-06-16T13:07:08.276+0000] {logging_mixin.py:188} INFO - [2026-06-16T13:07:08.276+0000] {dag.py:3947} INFO - Setting next_dagrun for 04_postgres_taxi to None, run_after=None
[2026-06-16T13:07:08.302+0000] {processor.py:183} INFO - Processing /opt/airflow/dags/dag_04_postgres_taxi.py took 0.138 seconds
[2026-06-16T13:07:38.354+0000] {processor.py:161} INFO - Started process (PID=4083) to work on /opt/airflow/dags/dag_04_postgres_taxi.py
[2026-06-16T13:07:38.355+0000] {processor.py:830} INFO - Processing file /opt/airflow/dags/dag_04_postgres_taxi.py for tasks to queue
[2026-06-16T13:07:38.358+0000] {logging_mixin.py:188} INFO - [2026-06-16T13:07:38.357+0000] {dagbag.py:545} INFO - Filling up the DagBag from /opt/airflow/dags/dag_04_postgres_taxi.py
[2026-06-16T13:07:38.372+0000] {processor.py:840} INFO - DAG(s) '04_postgres_taxi' retrieved from /opt/airflow/dags/dag_04_postgres_taxi.py
[2026-06-16T13:07:38.437+0000] {logging_mixin.py:188} INFO - [2026-06-16T13:07:38.436+0000] {dag.py:3089} INFO - Sync 1 DAGs
[2026-06-16T13:07:38.455+0000] {logging_mixin.py:188} INFO - [2026-06-16T13:07:38.454+0000] {dag.py:3947} INFO - Setting next_dagrun for 04_postgres_taxi to None, run_after=None
[2026-06-16T13:07:38.481+0000] {processor.py:183} INFO - Processing /opt/airflow/dags/dag_04_postgres_taxi.py took 0.138 seconds
[2026-06-16T13:08:08.628+0000] {processor.py:161} INFO - Started process (PID=4123) to work on /opt/airflow/dags/dag_04_postgres_taxi.py
[2026-06-16T13:08:08.630+0000] {processor.py:830} INFO - Processing file /opt/airflow/dags/dag_04_postgres_taxi.py for tasks to queue
[2026-06-16T13:08:08.632+0000] {logging_mixin.py:188} INFO - [2026-06-16T13:08:08.631+0000] {dagbag.py:545} INFO - Filling up the DagBag from /opt/airflow/dags/dag_04_postgres_taxi.py
[2026-06-16T13:08:08.645+0000] {processor.py:840} INFO - DAG(s) '04_postgres_taxi' retrieved from /opt/airflow/dags/dag_04_postgres_taxi.py
[2026-06-16T13:08:08.710+0000] {logging_mixin.py:188} INFO - [2026-06-16T13:08:08.710+0000] {dag.py:3089} INFO - Sync 1 DAGs
[2026-06-16T13:08:08.729+0000] {logging_mixin.py:188} INFO - [2026-06-16T13:08:08.729+0000] {dag.py:3947} INFO - Setting next_dagrun for 04_postgres_taxi to None, run_after=None
[2026-06-16T13:08:08.756+0000] {processor.py:183} INFO - Processing /opt/airflow/dags/dag_04_postgres_taxi.py took 0.136 seconds
[2026-06-16T13:08:38.816+0000] {processor.py:161} INFO - Started process (PID=4163) to work on /opt/airflow/dags/dag_04_postgres_taxi.py
[2026-06-16T13:08:38.817+0000] {processor.py:830} INFO - Processing file /opt/airflow/dags/dag_04_postgres_taxi.py for tasks to queue
[2026-06-16T13:08:38.819+0000] {logging_mixin.py:188} INFO - [2026-06-16T13:08:38.819+0000] {dagbag.py:545} INFO - Filling up the DagBag from /opt/airflow/dags/dag_04_postgres_taxi.py
[2026-06-16T13:08:38.831+0000] {processor.py:840} INFO - DAG(s) '04_postgres_taxi' retrieved from /opt/airflow/dags/dag_04_postgres_taxi.py
[2026-06-16T13:08:38.894+0000] {logging_mixin.py:188} INFO - [2026-06-16T13:08:38.893+0000] {dag.py:3089} INFO - Sync 1 DAGs
[2026-06-16T13:08:38.910+0000] {logging_mixin.py:188} INFO - [2026-06-16T13:08:38.910+0000] {dag.py:3947} INFO - Setting next_dagrun for 04_postgres_taxi to None, run_after=None
[2026-06-16T13:08:38.935+0000] {processor.py:183} INFO - Processing /opt/airflow/dags/dag_04_postgres_taxi.py took 0.131 seconds
[2026-06-16T13:09:08.985+0000] {processor.py:161} INFO - Started process (PID=4203) to work on /opt/airflow/dags/dag_04_postgres_taxi.py
[2026-06-16T13:09:08.987+0000] {processor.py:830} INFO - Processing file /opt/airflow/dags/dag_04_postgres_taxi.py for tasks to queue
[2026-06-16T13:09:08.990+0000] {logging_mixin.py:188} INFO - [2026-06-16T13:09:08.989+0000] {dagbag.py:545} INFO - Filling up the DagBag from /opt/airflow/dags/dag_04_postgres_taxi.py
[2026-06-16T13:09:09.004+0000] {processor.py:840} INFO - DAG(s) '04_postgres_taxi' retrieved from /opt/airflow/dags/dag_04_postgres_taxi.py
[2026-06-16T13:09:09.065+0000] {logging_mixin.py:188} INFO - [2026-06-16T13:09:09.065+0000] {dag.py:3089} INFO - Sync 1 DAGs
[2026-06-16T13:09:09.084+0000] {logging_mixin.py:188} INFO - [2026-06-16T13:09:09.083+0000] {dag.py:3947} INFO - Setting next_dagrun for 04_postgres_taxi to None, run_after=None
[2026-06-16T13:09:09.120+0000] {processor.py:183} INFO - Processing /opt/airflow/dags/dag_04_postgres_taxi.py took 0.149 seconds
[2026-06-16T13:09:39.267+0000] {processor.py:161} INFO - Started process (PID=4248) to work on /opt/airflow/dags/dag_04_postgres_taxi.py
[2026-06-16T13:09:39.268+0000] {processor.py:830} INFO - Processing file /opt/airflow/dags/dag_04_postgres_taxi.py for tasks to queue
[2026-06-16T13:09:39.270+0000] {logging_mixin.py:188} INFO - [2026-06-16T13:09:39.270+0000] {dagbag.py:545} INFO - Filling up the DagBag from /opt/airflow/dags/dag_04_postgres_taxi.py
[2026-06-16T13:09:39.281+0000] {processor.py:840} INFO - DAG(s) '04_postgres_taxi' retrieved from /opt/airflow/dags/dag_04_postgres_taxi.py
[2026-06-16T13:09:39.336+0000] {logging_mixin.py:188} INFO - [2026-06-16T13:09:39.336+0000] {dag.py:3089} INFO - Sync 1 DAGs
[2026-06-16T13:09:39.351+0000] {logging_mixin.py:188} INFO - [2026-06-16T13:09:39.351+0000] {dag.py:3947} INFO - Setting next_dagrun for 04_postgres_taxi to None, run_after=None
[2026-06-16T13:09:39.376+0000] {processor.py:183} INFO - Processing /opt/airflow/dags/dag_04_postgres_taxi.py took 0.117 seconds
[2026-06-16T13:10:09.432+0000] {processor.py:161} INFO - Started process (PID=4288) to work on /opt/airflow/dags/dag_04_postgres_taxi.py
[2026-06-16T13:10:09.434+0000] {processor.py:830} INFO - Processing file /opt/airflow/dags/dag_04_postgres_taxi.py for tasks to queue
[2026-06-16T13:10:09.436+0000] {logging_mixin.py:188} INFO - [2026-06-16T13:10:09.436+0000] {dagbag.py:545} INFO - Filling up the DagBag from /opt/airflow/dags/dag_04_postgres_taxi.py
[2026-06-16T13:10:09.452+0000] {processor.py:840} INFO - DAG(s) '04_postgres_taxi' retrieved from /opt/airflow/dags/dag_04_postgres_taxi.py
[2026-06-16T13:10:09.510+0000] {logging_mixin.py:188} INFO - [2026-06-16T13:10:09.510+0000] {dag.py:3089} INFO - Sync 1 DAGs
[2026-06-16T13:10:09.526+0000] {logging_mixin.py:188} INFO - [2026-06-16T13:10:09.526+0000] {dag.py:3947} INFO - Setting next_dagrun for 04_postgres_taxi to None, run_after=None
[2026-06-16T13:10:09.548+0000] {processor.py:183} INFO - Processing /opt/airflow/dags/dag_04_postgres_taxi.py took 0.125 seconds
[2026-06-16T13:10:39.610+0000] {processor.py:161} INFO - Started process (PID=4328) to work on /opt/airflow/dags/dag_04_postgres_taxi.py
[2026-06-16T13:10:39.612+0000] {processor.py:830} INFO - Processing file /opt/airflow/dags/dag_04_postgres_taxi.py for tasks to queue
[2026-06-16T13:10:39.614+0000] {logging_mixin.py:188} INFO - [2026-06-16T13:10:39.613+0000] {dagbag.py:545} INFO - Filling up the DagBag from /opt/airflow/dags/dag_04_postgres_taxi.py
[2026-06-16T13:10:39.625+0000] {processor.py:840} INFO - DAG(s) '04_postgres_taxi' retrieved from /opt/airflow/dags/dag_04_postgres_taxi.py
[2026-06-16T13:10:39.682+0000] {logging_mixin.py:188} INFO - [2026-06-16T13:10:39.682+0000] {dag.py:3089} INFO - Sync 1 DAGs
[2026-06-16T13:10:39.698+0000] {logging_mixin.py:188} INFO - [2026-06-16T13:10:39.698+0000] {dag.py:3947} INFO - Setting next_dagrun for 04_postgres_taxi to None, run_after=None
[2026-06-16T13:10:39.724+0000] {processor.py:183} INFO - Processing /opt/airflow/dags/dag_04_postgres_taxi.py took 0.121 seconds
[2026-06-16T13:11:09.763+0000] {processor.py:161} INFO - Started process (PID=4368) to work on /opt/airflow/dags/dag_04_postgres_taxi.py
[2026-06-16T13:11:09.764+0000] {processor.py:830} INFO - Processing file /opt/airflow/dags/dag_04_postgres_taxi.py for tasks to queue
[2026-06-16T13:11:09.766+0000] {logging_mixin.py:188} INFO - [2026-06-16T13:11:09.765+0000] {dagbag.py:545} INFO - Filling up the DagBag from /opt/airflow/dags/dag_04_postgres_taxi.py
[2026-06-16T13:11:09.777+0000] {processor.py:840} INFO - DAG(s) '04_postgres_taxi' retrieved from /opt/airflow/dags/dag_04_postgres_taxi.py
[2026-06-16T13:11:09.830+0000] {logging_mixin.py:188} INFO - [2026-06-16T13:11:09.830+0000] {dag.py:3089} INFO - Sync 1 DAGs
[2026-06-16T13:11:09.843+0000] {logging_mixin.py:188} INFO - [2026-06-16T13:11:09.843+0000] {dag.py:3947} INFO - Setting next_dagrun for 04_postgres_taxi to None, run_after=None
[2026-06-16T13:11:09.868+0000] {processor.py:183} INFO - Processing /opt/airflow/dags/dag_04_postgres_taxi.py took 0.112 seconds
[2026-06-16T13:11:39.939+0000] {processor.py:161} INFO - Started process (PID=4408) to work on /opt/airflow/dags/dag_04_postgres_taxi.py
[2026-06-16T13:11:39.941+0000] {processor.py:830} INFO - Processing file /opt/airflow/dags/dag_04_postgres_taxi.py for tasks to queue
[2026-06-16T13:11:39.943+0000] {logging_mixin.py:188} INFO - [2026-06-16T13:11:39.943+0000] {dagbag.py:545} INFO - Filling up the DagBag from /opt/airflow/dags/dag_04_postgres_taxi.py
[2026-06-16T13:11:39.954+0000] {processor.py:840} INFO - DAG(s) '04_postgres_taxi' retrieved from /opt/airflow/dags/dag_04_postgres_taxi.py
[2026-06-16T13:11:40.011+0000] {logging_mixin.py:188} INFO - [2026-06-16T13:11:40.011+0000] {dag.py:3089} INFO - Sync 1 DAGs
[2026-06-16T13:11:40.025+0000] {logging_mixin.py:188} INFO - [2026-06-16T13:11:40.024+0000] {dag.py:3947} INFO - Setting next_dagrun for 04_postgres_taxi to None, run_after=None
[2026-06-16T13:11:40.047+0000] {processor.py:183} INFO - Processing /opt/airflow/dags/dag_04_postgres_taxi.py took 0.114 seconds
[2026-06-16T13:12:10.159+0000] {processor.py:161} INFO - Started process (PID=4448) to work on /opt/airflow/dags/dag_04_postgres_taxi.py
[2026-06-16T13:12:10.160+0000] {processor.py:830} INFO - Processing file /opt/airflow/dags/dag_04_postgres_taxi.py for tasks to queue
[2026-06-16T13:12:10.162+0000] {logging_mixin.py:188} INFO - [2026-06-16T13:12:10.162+0000] {dagbag.py:545} INFO - Filling up the DagBag from /opt/airflow/dags/dag_04_postgres_taxi.py
[2026-06-16T13:12:10.173+0000] {processor.py:840} INFO - DAG(s) '04_postgres_taxi' retrieved from /opt/airflow/dags/dag_04_postgres_taxi.py
[2026-06-16T13:12:10.226+0000] {logging_mixin.py:188} INFO - [2026-06-16T13:12:10.225+0000] {dag.py:3089} INFO - Sync 1 DAGs
[2026-06-16T13:12:10.240+0000] {logging_mixin.py:188} INFO - [2026-06-16T13:12:10.239+0000] {dag.py:3947} INFO - Setting next_dagrun for 04_postgres_taxi to None, run_after=None
[2026-06-16T13:12:10.263+0000] {processor.py:183} INFO - Processing /opt/airflow/dags/dag_04_postgres_taxi.py took 0.111 seconds
[2026-06-16T13:12:40.342+0000] {processor.py:161} INFO - Started process (PID=4488) to work on /opt/airflow/dags/dag_04_postgres_taxi.py
[2026-06-16T13:12:40.344+0000] {processor.py:830} INFO - Processing file /opt/airflow/dags/dag_04_postgres_taxi.py for tasks to queue
[2026-06-16T13:12:40.346+0000] {logging_mixin.py:188} INFO - [2026-06-16T13:12:40.345+0000] {dagbag.py:545} INFO - Filling up the DagBag from /opt/airflow/dags/dag_04_postgres_taxi.py
[2026-06-16T13:12:40.357+0000] {processor.py:840} INFO - DAG(s) '04_postgres_taxi' retrieved from /opt/airflow/dags/dag_04_postgres_taxi.py
[2026-06-16T13:12:40.413+0000] {logging_mixin.py:188} INFO - [2026-06-16T13:12:40.413+0000] {dag.py:3089} INFO - Sync 1 DAGs
[2026-06-16T13:12:40.428+0000] {logging_mixin.py:188} INFO - [2026-06-16T13:12:40.428+0000] {dag.py:3947} INFO - Setting next_dagrun for 04_postgres_taxi to None, run_after=None
[2026-06-16T13:12:40.452+0000] {processor.py:183} INFO - Processing /opt/airflow/dags/dag_04_postgres_taxi.py took 0.117 seconds
[2026-06-16T13:13:10.518+0000] {processor.py:161} INFO - Started process (PID=4528) to work on /opt/airflow/dags/dag_04_postgres_taxi.py
[2026-06-16T13:13:10.520+0000] {processor.py:830} INFO - Processing file /opt/airflow/dags/dag_04_postgres_taxi.py for tasks to queue
[2026-06-16T13:13:10.522+0000] {logging_mixin.py:188} INFO - [2026-06-16T13:13:10.522+0000] {dagbag.py:545} INFO - Filling up the DagBag from /opt/airflow/dags/dag_04_postgres_taxi.py
[2026-06-16T13:13:10.534+0000] {processor.py:840} INFO - DAG(s) '04_postgres_taxi' retrieved from /opt/airflow/dags/dag_04_postgres_taxi.py
[2026-06-16T13:13:10.596+0000] {logging_mixin.py:188} INFO - [2026-06-16T13:13:10.596+0000] {dag.py:3089} INFO - Sync 1 DAGs
[2026-06-16T13:13:10.612+0000] {logging_mixin.py:188} INFO - [2026-06-16T13:13:10.611+0000] {dag.py:3947} INFO - Setting next_dagrun for 04_postgres_taxi to None, run_after=None
[2026-06-16T13:13:10.634+0000] {processor.py:183} INFO - Processing /opt/airflow/dags/dag_04_postgres_taxi.py took 0.124 seconds
[2026-06-16T13:13:40.697+0000] {processor.py:161} INFO - Started process (PID=4568) to work on /opt/airflow/dags/dag_04_postgres_taxi.py
[2026-06-16T13:13:40.698+0000] {processor.py:830} INFO - Processing file /opt/airflow/dags/dag_04_postgres_taxi.py for tasks to queue
[2026-06-16T13:13:40.700+0000] {logging_mixin.py:188} INFO - [2026-06-16T13:13:40.700+0000] {dagbag.py:545} INFO - Filling up the DagBag from /opt/airflow/dags/dag_04_postgres_taxi.py
[2026-06-16T13:13:40.711+0000] {processor.py:840} INFO - DAG(s) '04_postgres_taxi' retrieved from /opt/airflow/dags/dag_04_postgres_taxi.py
[2026-06-16T13:13:40.765+0000] {logging_mixin.py:188} INFO - [2026-06-16T13:13:40.765+0000] {dag.py:3089} INFO - Sync 1 DAGs
[2026-06-16T13:13:40.780+0000] {logging_mixin.py:188} INFO - [2026-06-16T13:13:40.779+0000] {dag.py:3947} INFO - Setting next_dagrun for 04_postgres_taxi to None, run_after=None
[2026-06-16T13:13:40.803+0000] {processor.py:183} INFO - Processing /opt/airflow/dags/dag_04_postgres_taxi.py took 0.113 seconds
[2026-06-16T13:14:10.897+0000] {processor.py:161} INFO - Started process (PID=4608) to work on /opt/airflow/dags/dag_04_postgres_taxi.py
[2026-06-16T13:14:10.899+0000] {processor.py:830} INFO - Processing file /opt/airflow/dags/dag_04_postgres_taxi.py for tasks to queue
[2026-06-16T13:14:10.901+0000] {logging_mixin.py:188} INFO - [2026-06-16T13:14:10.901+0000] {dagbag.py:545} INFO - Filling up the DagBag from /opt/airflow/dags/dag_04_postgres_taxi.py
[2026-06-16T13:14:10.912+0000] {processor.py:840} INFO - DAG(s) '04_postgres_taxi' retrieved from /opt/airflow/dags/dag_04_postgres_taxi.py
[2026-06-16T13:14:10.969+0000] {logging_mixin.py:188} INFO - [2026-06-16T13:14:10.969+0000] {dag.py:3089} INFO - Sync 1 DAGs
[2026-06-16T13:14:10.984+0000] {logging_mixin.py:188} INFO - [2026-06-16T13:14:10.983+0000] {dag.py:3947} INFO - Setting next_dagrun for 04_postgres_taxi to None, run_after=None
[2026-06-16T13:14:11.008+0000] {processor.py:183} INFO - Processing /opt/airflow/dags/dag_04_postgres_taxi.py took 0.118 seconds
[2026-06-16T13:14:41.061+0000] {processor.py:161} INFO - Started process (PID=4648) to work on /opt/airflow/dags/dag_04_postgres_taxi.py
[2026-06-16T13:14:41.062+0000] {processor.py:830} INFO - Processing file /opt/airflow/dags/dag_04_postgres_taxi.py for tasks to queue
[2026-06-16T13:14:41.064+0000] {logging_mixin.py:188} INFO - [2026-06-16T13:14:41.064+0000] {dagbag.py:545} INFO - Filling up the DagBag from /opt/airflow/dags/dag_04_postgres_taxi.py
[2026-06-16T13:14:41.076+0000] {processor.py:840} INFO - DAG(s) '04_postgres_taxi' retrieved from /opt/airflow/dags/dag_04_postgres_taxi.py
[2026-06-16T13:14:41.131+0000] {logging_mixin.py:188} INFO - [2026-06-16T13:14:41.131+0000] {dag.py:3089} INFO - Sync 1 DAGs
[2026-06-16T13:14:41.148+0000] {logging_mixin.py:188} INFO - [2026-06-16T13:14:41.147+0000] {dag.py:3947} INFO - Setting next_dagrun for 04_postgres_taxi to None, run_after=None
[2026-06-16T13:14:41.173+0000] {processor.py:183} INFO - Processing /opt/airflow/dags/dag_04_postgres_taxi.py took 0.120 seconds
[2026-06-16T13:15:11.272+0000] {processor.py:161} INFO - Started process (PID=4688) to work on /opt/airflow/dags/dag_04_postgres_taxi.py
[2026-06-16T13:15:11.273+0000] {processor.py:830} INFO - Processing file /opt/airflow/dags/dag_04_postgres_taxi.py for tasks to queue
[2026-06-16T13:15:11.276+0000] {logging_mixin.py:188} INFO - [2026-06-16T13:15:11.275+0000] {dagbag.py:545} INFO - Filling up the DagBag from /opt/airflow/dags/dag_04_postgres_taxi.py
[2026-06-16T13:15:11.290+0000] {processor.py:840} INFO - DAG(s) '04_postgres_taxi' retrieved from /opt/airflow/dags/dag_04_postgres_taxi.py
[2026-06-16T13:15:11.344+0000] {logging_mixin.py:188} INFO - [2026-06-16T13:15:11.344+0000] {dag.py:3089} INFO - Sync 1 DAGs
[2026-06-16T13:15:11.358+0000] {logging_mixin.py:188} INFO - [2026-06-16T13:15:11.358+0000] {dag.py:3947} INFO - Setting next_dagrun for 04_postgres_taxi to None, run_after=None
[2026-06-16T13:15:11.381+0000] {processor.py:183} INFO - Processing /opt/airflow/dags/dag_04_postgres_taxi.py took 0.118 seconds
[2026-06-16T13:15:41.452+0000] {processor.py:161} INFO - Started process (PID=4728) to work on /opt/airflow/dags/dag_04_postgres_taxi.py
[2026-06-16T13:15:41.453+0000] {processor.py:830} INFO - Processing file /opt/airflow/dags/dag_04_postgres_taxi.py for tasks to queue
[2026-06-16T13:15:41.456+0000] {logging_mixin.py:188} INFO - [2026-06-16T13:15:41.455+0000] {dagbag.py:545} INFO - Filling up the DagBag from /opt/airflow/dags/dag_04_postgres_taxi.py
[2026-06-16T13:15:41.469+0000] {processor.py:840} INFO - DAG(s) '04_postgres_taxi' retrieved from /opt/airflow/dags/dag_04_postgres_taxi.py
[2026-06-16T13:15:41.522+0000] {logging_mixin.py:188} INFO - [2026-06-16T13:15:41.522+0000] {dag.py:3089} INFO - Sync 1 DAGs
[2026-06-16T13:15:41.538+0000] {logging_mixin.py:188} INFO - [2026-06-16T13:15:41.538+0000] {dag.py:3947} INFO - Setting next_dagrun for 04_postgres_taxi to None, run_after=None
[2026-06-16T13:15:41.562+0000] {processor.py:183} INFO - Processing /opt/airflow/dags/dag_04_postgres_taxi.py took 0.117 seconds
[2026-06-16T13:16:11.630+0000] {processor.py:161} INFO - Started process (PID=4768) to work on /opt/airflow/dags/dag_04_postgres_taxi.py
[2026-06-16T13:16:11.631+0000] {processor.py:830} INFO - Processing file /opt/airflow/dags/dag_04_postgres_taxi.py for tasks to queue
[2026-06-16T13:16:11.633+0000] {logging_mixin.py:188} INFO - [2026-06-16T13:16:11.633+0000] {dagbag.py:545} INFO - Filling up the DagBag from /opt/airflow/dags/dag_04_postgres_taxi.py
[2026-06-16T13:16:11.645+0000] {processor.py:840} INFO - DAG(s) '04_postgres_taxi' retrieved from /opt/airflow/dags/dag_04_postgres_taxi.py
[2026-06-16T13:16:11.704+0000] {logging_mixin.py:188} INFO - [2026-06-16T13:16:11.704+0000] {dag.py:3089} INFO - Sync 1 DAGs
[2026-06-16T13:16:11.720+0000] {logging_mixin.py:188} INFO - [2026-06-16T13:16:11.720+0000] {dag.py:3947} INFO - Setting next_dagrun for 04_postgres_taxi to None, run_after=None
[2026-06-16T13:16:11.744+0000] {processor.py:183} INFO - Processing /opt/airflow/dags/dag_04_postgres_taxi.py took 0.121 seconds
[2026-06-16T13:16:41.794+0000] {processor.py:161} INFO - Started process (PID=4808) to work on /opt/airflow/dags/dag_04_postgres_taxi.py
[2026-06-16T13:16:41.795+0000] {processor.py:830} INFO - Processing file /opt/airflow/dags/dag_04_postgres_taxi.py for tasks to queue
[2026-06-16T13:16:41.797+0000] {logging_mixin.py:188} INFO - [2026-06-16T13:16:41.797+0000] {dagbag.py:545} INFO - Filling up the DagBag from /opt/airflow/dags/dag_04_postgres_taxi.py
[2026-06-16T13:16:41.808+0000] {processor.py:840} INFO - DAG(s) '04_postgres_taxi' retrieved from /opt/airflow/dags/dag_04_postgres_taxi.py
[2026-06-16T13:16:41.862+0000] {logging_mixin.py:188} INFO - [2026-06-16T13:16:41.861+0000] {dag.py:3089} INFO - Sync 1 DAGs
[2026-06-16T13:16:41.875+0000] {logging_mixin.py:188} INFO - [2026-06-16T13:16:41.875+0000] {dag.py:3947} INFO - Setting next_dagrun for 04_postgres_taxi to None, run_after=None
[2026-06-16T13:16:41.898+0000] {processor.py:183} INFO - Processing /opt/airflow/dags/dag_04_postgres_taxi.py took 0.110 seconds
[2026-06-16T13:17:11.966+0000] {processor.py:161} INFO - Started process (PID=4848) to work on /opt/airflow/dags/dag_04_postgres_taxi.py
[2026-06-16T13:17:11.967+0000] {processor.py:830} INFO - Processing file /opt/airflow/dags/dag_04_postgres_taxi.py for tasks to queue
[2026-06-16T13:17:11.969+0000] {logging_mixin.py:188} INFO - [2026-06-16T13:17:11.969+0000] {dagbag.py:545} INFO - Filling up the DagBag from /opt/airflow/dags/dag_04_postgres_taxi.py
[2026-06-16T13:17:11.982+0000] {processor.py:840} INFO - DAG(s) '04_postgres_taxi' retrieved from /opt/airflow/dags/dag_04_postgres_taxi.py
[2026-06-16T13:17:12.041+0000] {logging_mixin.py:188} INFO - [2026-06-16T13:17:12.041+0000] {dag.py:3089} INFO - Sync 1 DAGs
[2026-06-16T13:17:12.056+0000] {logging_mixin.py:188} INFO - [2026-06-16T13:17:12.056+0000] {dag.py:3947} INFO - Setting next_dagrun for 04_postgres_taxi to None, run_after=None
[2026-06-16T13:17:12.078+0000] {processor.py:183} INFO - Processing /opt/airflow/dags/dag_04_postgres_taxi.py took 0.119 seconds
[2026-06-16T13:17:42.133+0000] {processor.py:161} INFO - Started process (PID=4888) to work on /opt/airflow/dags/dag_04_postgres_taxi.py
[2026-06-16T13:17:42.134+0000] {processor.py:830} INFO - Processing file /opt/airflow/dags/dag_04_postgres_taxi.py for tasks to queue
[2026-06-16T13:17:42.135+0000] {logging_mixin.py:188} INFO - [2026-06-16T13:17:42.135+0000] {dagbag.py:545} INFO - Filling up the DagBag from /opt/airflow/dags/dag_04_postgres_taxi.py
[2026-06-16T13:17:42.147+0000] {processor.py:840} INFO - DAG(s) '04_postgres_taxi' retrieved from /opt/airflow/dags/dag_04_postgres_taxi.py
[2026-06-16T13:17:42.208+0000] {logging_mixin.py:188} INFO - [2026-06-16T13:17:42.208+0000] {dag.py:3089} INFO - Sync 1 DAGs
[2026-06-16T13:17:42.223+0000] {logging_mixin.py:188} INFO - [2026-06-16T13:17:42.223+0000] {dag.py:3947} INFO - Setting next_dagrun for 04_postgres_taxi to None, run_after=None
[2026-06-16T13:17:42.249+0000] {processor.py:183} INFO - Processing /opt/airflow/dags/dag_04_postgres_taxi.py took 0.123 seconds
[2026-06-16T13:18:12.355+0000] {processor.py:161} INFO - Started process (PID=4928) to work on /opt/airflow/dags/dag_04_postgres_taxi.py
[2026-06-16T13:18:12.357+0000] {processor.py:830} INFO - Processing file /opt/airflow/dags/dag_04_postgres_taxi.py for tasks to queue
[2026-06-16T13:18:12.360+0000] {logging_mixin.py:188} INFO - [2026-06-16T13:18:12.359+0000] {dagbag.py:545} INFO - Filling up the DagBag from /opt/airflow/dags/dag_04_postgres_taxi.py
[2026-06-16T13:18:12.372+0000] {processor.py:840} INFO - DAG(s) '04_postgres_taxi' retrieved from /opt/airflow/dags/dag_04_postgres_taxi.py
[2026-06-16T13:18:12.424+0000] {logging_mixin.py:188} INFO - [2026-06-16T13:18:12.424+0000] {dag.py:3089} INFO - Sync 1 DAGs
[2026-06-16T13:18:12.437+0000] {logging_mixin.py:188} INFO - [2026-06-16T13:18:12.437+0000] {dag.py:3947} INFO - Setting next_dagrun for 04_postgres_taxi to None, run_after=None
[2026-06-16T13:18:12.459+0000] {processor.py:183} INFO - Processing /opt/airflow/dags/dag_04_postgres_taxi.py took 0.110 seconds
[2026-06-16T13:18:43.001+0000] {processor.py:161} INFO - Started process (PID=4963) to work on /opt/airflow/dags/dag_04_postgres_taxi.py
[2026-06-16T13:18:43.002+0000] {processor.py:830} INFO - Processing file /opt/airflow/dags/dag_04_postgres_taxi.py for tasks to queue
[2026-06-16T13:18:43.005+0000] {logging_mixin.py:188} INFO - [2026-06-16T13:18:43.004+0000] {dagbag.py:545} INFO - Filling up the DagBag from /opt/airflow/dags/dag_04_postgres_taxi.py
[2026-06-16T13:18:43.017+0000] {processor.py:840} INFO - DAG(s) '04_postgres_taxi' retrieved from /opt/airflow/dags/dag_04_postgres_taxi.py
[2026-06-16T13:18:43.098+0000] {logging_mixin.py:188} INFO - [2026-06-16T13:18:43.098+0000] {dag.py:3089} INFO - Sync 1 DAGs
[2026-06-16T13:18:43.122+0000] {logging_mixin.py:188} INFO - [2026-06-16T13:18:43.122+0000] {dag.py:3947} INFO - Setting next_dagrun for 04_postgres_taxi to None, run_after=None
[2026-06-16T13:18:43.147+0000] {processor.py:183} INFO - Processing /opt/airflow/dags/dag_04_postgres_taxi.py took 0.156 seconds
[2026-06-16T13:19:14.073+0000] {processor.py:161} INFO - Started process (PID=5003) to work on /opt/airflow/dags/dag_04_postgres_taxi.py
[2026-06-16T13:19:14.074+0000] {processor.py:830} INFO - Processing file /opt/airflow/dags/dag_04_postgres_taxi.py for tasks to queue
[2026-06-16T13:19:14.077+0000] {logging_mixin.py:188} INFO - [2026-06-16T13:19:14.076+0000] {dagbag.py:545} INFO - Filling up the DagBag from /opt/airflow/dags/dag_04_postgres_taxi.py
[2026-06-16T13:19:14.093+0000] {processor.py:840} INFO - DAG(s) '04_postgres_taxi' retrieved from /opt/airflow/dags/dag_04_postgres_taxi.py
[2026-06-16T13:19:14.174+0000] {logging_mixin.py:188} INFO - [2026-06-16T13:19:14.173+0000] {dag.py:3089} INFO - Sync 1 DAGs
[2026-06-16T13:19:14.193+0000] {logging_mixin.py:188} INFO - [2026-06-16T13:19:14.192+0000] {dag.py:3947} INFO - Setting next_dagrun for 04_postgres_taxi to None, run_after=None
[2026-06-16T13:19:14.220+0000] {processor.py:183} INFO - Processing /opt/airflow/dags/dag_04_postgres_taxi.py took 0.162 seconds
[2026-06-16T13:19:45.078+0000] {processor.py:161} INFO - Started process (PID=5043) to work on /opt/airflow/dags/dag_04_postgres_taxi.py
[2026-06-16T13:19:45.080+0000] {processor.py:830} INFO - Processing file /opt/airflow/dags/dag_04_postgres_taxi.py for tasks to queue
[2026-06-16T13:19:45.082+0000] {logging_mixin.py:188} INFO - [2026-06-16T13:19:45.082+0000] {dagbag.py:545} INFO - Filling up the DagBag from /opt/airflow/dags/dag_04_postgres_taxi.py
[2026-06-16T13:19:45.098+0000] {processor.py:840} INFO - DAG(s) '04_postgres_taxi' retrieved from /opt/airflow/dags/dag_04_postgres_taxi.py
[2026-06-16T13:19:45.163+0000] {logging_mixin.py:188} INFO - [2026-06-16T13:19:45.162+0000] {dag.py:3089} INFO - Sync 1 DAGs
[2026-06-16T13:19:45.181+0000] {logging_mixin.py:188} INFO - [2026-06-16T13:19:45.181+0000] {dag.py:3947} INFO - Setting next_dagrun for 04_postgres_taxi to None, run_after=None
[2026-06-16T13:19:45.207+0000] {processor.py:183} INFO - Processing /opt/airflow/dags/dag_04_postgres_taxi.py took 0.139 seconds
[2026-06-16T13:20:16.151+0000] {processor.py:161} INFO - Started process (PID=5083) to work on /opt/airflow/dags/dag_04_postgres_taxi.py
[2026-06-16T13:20:16.152+0000] {processor.py:830} INFO - Processing file /opt/airflow/dags/dag_04_postgres_taxi.py for tasks to queue
[2026-06-16T13:20:16.155+0000] {logging_mixin.py:188} INFO - [2026-06-16T13:20:16.155+0000] {dagbag.py:545} INFO - Filling up the DagBag from /opt/airflow/dags/dag_04_postgres_taxi.py
[2026-06-16T13:20:16.169+0000] {processor.py:840} INFO - DAG(s) '04_postgres_taxi' retrieved from /opt/airflow/dags/dag_04_postgres_taxi.py
[2026-06-16T13:20:16.232+0000] {logging_mixin.py:188} INFO - [2026-06-16T13:20:16.231+0000] {dag.py:3089} INFO - Sync 1 DAGs
[2026-06-16T13:20:16.248+0000] {logging_mixin.py:188} INFO - [2026-06-16T13:20:16.248+0000] {dag.py:3947} INFO - Setting next_dagrun for 04_postgres_taxi to None, run_after=None
[2026-06-16T13:20:16.275+0000] {processor.py:183} INFO - Processing /opt/airflow/dags/dag_04_postgres_taxi.py took 0.136 seconds
[2026-06-16T13:20:46.339+0000] {processor.py:161} INFO - Started process (PID=5123) to work on /opt/airflow/dags/dag_04_postgres_taxi.py
[2026-06-16T13:20:46.340+0000] {processor.py:830} INFO - Processing file /opt/airflow/dags/dag_04_postgres_taxi.py for tasks to queue
[2026-06-16T13:20:46.343+0000] {logging_mixin.py:188} INFO - [2026-06-16T13:20:46.342+0000] {dagbag.py:545} INFO - Filling up the DagBag from /opt/airflow/dags/dag_04_postgres_taxi.py
[2026-06-16T13:20:46.355+0000] {processor.py:840} INFO - DAG(s) '04_postgres_taxi' retrieved from /opt/airflow/dags/dag_04_postgres_taxi.py
[2026-06-16T13:20:46.412+0000] {logging_mixin.py:188} INFO - [2026-06-16T13:20:46.411+0000] {dag.py:3089} INFO - Sync 1 DAGs
[2026-06-16T13:20:46.430+0000] {logging_mixin.py:188} INFO - [2026-06-16T13:20:46.430+0000] {dag.py:3947} INFO - Setting next_dagrun for 04_postgres_taxi to None, run_after=None
[2026-06-16T13:20:46.456+0000] {processor.py:183} INFO - Processing /opt/airflow/dags/dag_04_postgres_taxi.py took 0.126 seconds
[2026-06-16T13:21:16.606+0000] {processor.py:161} INFO - Started process (PID=5163) to work on /opt/airflow/dags/dag_04_postgres_taxi.py
[2026-06-16T13:21:16.608+0000] {processor.py:830} INFO - Processing file /opt/airflow/dags/dag_04_postgres_taxi.py for tasks to queue
[2026-06-16T13:21:16.611+0000] {logging_mixin.py:188} INFO - [2026-06-16T13:21:16.610+0000] {dagbag.py:545} INFO - Filling up the DagBag from /opt/airflow/dags/dag_04_postgres_taxi.py
[2026-06-16T13:21:16.628+0000] {processor.py:840} INFO - DAG(s) '04_postgres_taxi' retrieved from /opt/airflow/dags/dag_04_postgres_taxi.py
[2026-06-16T13:21:16.695+0000] {logging_mixin.py:188} INFO - [2026-06-16T13:21:16.695+0000] {dag.py:3089} INFO - Sync 1 DAGs
[2026-06-16T13:21:16.719+0000] {logging_mixin.py:188} INFO - [2026-06-16T13:21:16.718+0000] {dag.py:3947} INFO - Setting next_dagrun for 04_postgres_taxi to None, run_after=None
[2026-06-16T13:21:16.743+0000] {processor.py:183} INFO - Processing /opt/airflow/dags/dag_04_postgres_taxi.py took 0.150 seconds
[2026-06-16T13:21:46.901+0000] {processor.py:161} INFO - Started process (PID=5208) to work on /opt/airflow/dags/dag_04_postgres_taxi.py
[2026-06-16T13:21:46.903+0000] {processor.py:830} INFO - Processing file /opt/airflow/dags/dag_04_postgres_taxi.py for tasks to queue
[2026-06-16T13:21:46.905+0000] {logging_mixin.py:188} INFO - [2026-06-16T13:21:46.904+0000] {dagbag.py:545} INFO - Filling up the DagBag from /opt/airflow/dags/dag_04_postgres_taxi.py
[2026-06-16T13:21:46.916+0000] {processor.py:840} INFO - DAG(s) '04_postgres_taxi' retrieved from /opt/airflow/dags/dag_04_postgres_taxi.py
[2026-06-16T13:21:46.969+0000] {logging_mixin.py:188} INFO - [2026-06-16T13:21:46.969+0000] {dag.py:3089} INFO - Sync 1 DAGs
[2026-06-16T13:21:46.982+0000] {logging_mixin.py:188} INFO - [2026-06-16T13:21:46.982+0000] {dag.py:3947} INFO - Setting next_dagrun for 04_postgres_taxi to None, run_after=None
[2026-06-16T13:21:47.006+0000] {processor.py:183} INFO - Processing /opt/airflow/dags/dag_04_postgres_taxi.py took 0.111 seconds
[2026-06-16T13:22:17.071+0000] {processor.py:161} INFO - Started process (PID=5248) to work on /opt/airflow/dags/dag_04_postgres_taxi.py
[2026-06-16T13:22:17.073+0000] {processor.py:830} INFO - Processing file /opt/airflow/dags/dag_04_postgres_taxi.py for tasks to queue
[2026-06-16T13:22:17.075+0000] {logging_mixin.py:188} INFO - [2026-06-16T13:22:17.074+0000] {dagbag.py:545} INFO - Filling up the DagBag from /opt/airflow/dags/dag_04_postgres_taxi.py
[2026-06-16T13:22:17.086+0000] {processor.py:840} INFO - DAG(s) '04_postgres_taxi' retrieved from /opt/airflow/dags/dag_04_postgres_taxi.py
[2026-06-16T13:22:17.140+0000] {logging_mixin.py:188} INFO - [2026-06-16T13:22:17.140+0000] {dag.py:3089} INFO - Sync 1 DAGs
[2026-06-16T13:22:17.154+0000] {logging_mixin.py:188} INFO - [2026-06-16T13:22:17.154+0000] {dag.py:3947} INFO - Setting next_dagrun for 04_postgres_taxi to None, run_after=None
[2026-06-16T13:22:17.178+0000] {processor.py:183} INFO - Processing /opt/airflow/dags/dag_04_postgres_taxi.py took 0.114 seconds
[2026-06-16T13:22:47.237+0000] {processor.py:161} INFO - Started process (PID=5288) to work on /opt/airflow/dags/dag_04_postgres_taxi.py
[2026-06-16T13:22:47.239+0000] {processor.py:830} INFO - Processing file /opt/airflow/dags/dag_04_postgres_taxi.py for tasks to queue
[2026-06-16T13:22:47.241+0000] {logging_mixin.py:188} INFO - [2026-06-16T13:22:47.240+0000] {dagbag.py:545} INFO - Filling up the DagBag from /opt/airflow/dags/dag_04_postgres_taxi.py
[2026-06-16T13:22:47.253+0000] {processor.py:840} INFO - DAG(s) '04_postgres_taxi' retrieved from /opt/airflow/dags/dag_04_postgres_taxi.py
[2026-06-16T13:22:47.308+0000] {logging_mixin.py:188} INFO - [2026-06-16T13:22:47.307+0000] {dag.py:3089} INFO - Sync 1 DAGs
[2026-06-16T13:22:47.323+0000] {logging_mixin.py:188} INFO - [2026-06-16T13:22:47.323+0000] {dag.py:3947} INFO - Setting next_dagrun for 04_postgres_taxi to None, run_after=None
[2026-06-16T13:22:47.347+0000] {processor.py:183} INFO - Processing /opt/airflow/dags/dag_04_postgres_taxi.py took 0.118 seconds
[2026-06-16T13:23:17.442+0000] {processor.py:161} INFO - Started process (PID=5328) to work on /opt/airflow/dags/dag_04_postgres_taxi.py
[2026-06-16T13:23:17.444+0000] {processor.py:830} INFO - Processing file /opt/airflow/dags/dag_04_postgres_taxi.py for tasks to queue
[2026-06-16T13:23:17.446+0000] {logging_mixin.py:188} INFO - [2026-06-16T13:23:17.445+0000] {dagbag.py:545} INFO - Filling up the DagBag from /opt/airflow/dags/dag_04_postgres_taxi.py
[2026-06-16T13:23:17.457+0000] {processor.py:840} INFO - DAG(s) '04_postgres_taxi' retrieved from /opt/airflow/dags/dag_04_postgres_taxi.py
[2026-06-16T13:23:17.511+0000] {logging_mixin.py:188} INFO - [2026-06-16T13:23:17.511+0000] {dag.py:3089} INFO - Sync 1 DAGs
[2026-06-16T13:23:17.526+0000] {logging_mixin.py:188} INFO - [2026-06-16T13:23:17.525+0000] {dag.py:3947} INFO - Setting next_dagrun for 04_postgres_taxi to None, run_after=None
[2026-06-16T13:23:17.547+0000] {processor.py:183} INFO - Processing /opt/airflow/dags/dag_04_postgres_taxi.py took 0.113 seconds
[2026-06-16T13:23:47.629+0000] {processor.py:161} INFO - Started process (PID=5368) to work on /opt/airflow/dags/dag_04_postgres_taxi.py
[2026-06-16T13:23:47.630+0000] {processor.py:830} INFO - Processing file /opt/airflow/dags/dag_04_postgres_taxi.py for tasks to queue
[2026-06-16T13:23:47.632+0000] {logging_mixin.py:188} INFO - [2026-06-16T13:23:47.632+0000] {dagbag.py:545} INFO - Filling up the DagBag from /opt/airflow/dags/dag_04_postgres_taxi.py
[2026-06-16T13:23:47.644+0000] {processor.py:840} INFO - DAG(s) '04_postgres_taxi' retrieved from /opt/airflow/dags/dag_04_postgres_taxi.py
[2026-06-16T13:23:47.697+0000] {logging_mixin.py:188} INFO - [2026-06-16T13:23:47.696+0000] {dag.py:3089} INFO - Sync 1 DAGs
[2026-06-16T13:23:47.710+0000] {logging_mixin.py:188} INFO - [2026-06-16T13:23:47.710+0000] {dag.py:3947} INFO - Setting next_dagrun for 04_postgres_taxi to None, run_after=None
[2026-06-16T13:23:47.733+0000] {processor.py:183} INFO - Processing /opt/airflow/dags/dag_04_postgres_taxi.py took 0.111 seconds
[2026-06-16T13:24:17.797+0000] {processor.py:161} INFO - Started process (PID=5408) to work on /opt/airflow/dags/dag_04_postgres_taxi.py
[2026-06-16T13:24:17.799+0000] {processor.py:830} INFO - Processing file /opt/airflow/dags/dag_04_postgres_taxi.py for tasks to queue
[2026-06-16T13:24:17.801+0000] {logging_mixin.py:188} INFO - [2026-06-16T13:24:17.800+0000] {dagbag.py:545} INFO - Filling up the DagBag from /opt/airflow/dags/dag_04_postgres_taxi.py
[2026-06-16T13:24:17.812+0000] {processor.py:840} INFO - DAG(s) '04_postgres_taxi' retrieved from /opt/airflow/dags/dag_04_postgres_taxi.py
[2026-06-16T13:24:17.865+0000] {logging_mixin.py:188} INFO - [2026-06-16T13:24:17.865+0000] {dag.py:3089} INFO - Sync 1 DAGs
[2026-06-16T13:24:17.878+0000] {logging_mixin.py:188} INFO - [2026-06-16T13:24:17.878+0000] {dag.py:3947} INFO - Setting next_dagrun for 04_postgres_taxi to None, run_after=None
[2026-06-16T13:24:17.901+0000] {processor.py:183} INFO - Processing /opt/airflow/dags/dag_04_postgres_taxi.py took 0.111 seconds
[2026-06-16T13:24:47.968+0000] {processor.py:161} INFO - Started process (PID=5448) to work on /opt/airflow/dags/dag_04_postgres_taxi.py
[2026-06-16T13:24:47.969+0000] {processor.py:830} INFO - Processing file /opt/airflow/dags/dag_04_postgres_taxi.py for tasks to queue
[2026-06-16T13:24:47.971+0000] {logging_mixin.py:188} INFO - [2026-06-16T13:24:47.971+0000] {dagbag.py:545} INFO - Filling up the DagBag from /opt/airflow/dags/dag_04_postgres_taxi.py
[2026-06-16T13:24:47.985+0000] {processor.py:840} INFO - DAG(s) '04_postgres_taxi' retrieved from /opt/airflow/dags/dag_04_postgres_taxi.py
[2026-06-16T13:24:48.041+0000] {logging_mixin.py:188} INFO - [2026-06-16T13:24:48.041+0000] {dag.py:3089} INFO - Sync 1 DAGs
[2026-06-16T13:24:48.055+0000] {logging_mixin.py:188} INFO - [2026-06-16T13:24:48.054+0000] {dag.py:3947} INFO - Setting next_dagrun for 04_postgres_taxi to None, run_after=None
[2026-06-16T13:24:48.078+0000] {processor.py:183} INFO - Processing /opt/airflow/dags/dag_04_postgres_taxi.py took 0.117 seconds
[2026-06-16T13:25:18.328+0000] {processor.py:161} INFO - Started process (PID=5483) to work on /opt/airflow/dags/dag_04_postgres_taxi.py
[2026-06-16T13:25:18.335+0000] {processor.py:830} INFO - Processing file /opt/airflow/dags/dag_04_postgres_taxi.py for tasks to queue
[2026-06-16T13:25:18.338+0000] {logging_mixin.py:188} INFO - [2026-06-16T13:25:18.337+0000] {dagbag.py:545} INFO - Filling up the DagBag from /opt/airflow/dags/dag_04_postgres_taxi.py
[2026-06-16T13:25:18.350+0000] {processor.py:840} INFO - DAG(s) '04_postgres_taxi' retrieved from /opt/airflow/dags/dag_04_postgres_taxi.py
[2026-06-16T13:25:18.418+0000] {logging_mixin.py:188} INFO - [2026-06-16T13:25:18.418+0000] {dag.py:3089} INFO - Sync 1 DAGs
[2026-06-16T13:25:18.439+0000] {logging_mixin.py:188} INFO - [2026-06-16T13:25:18.438+0000] {dag.py:3947} INFO - Setting next_dagrun for 04_postgres_taxi to None, run_after=None
[2026-06-16T13:25:18.466+0000] {processor.py:183} INFO - Processing /opt/airflow/dags/dag_04_postgres_taxi.py took 0.149 seconds
[2026-06-16T13:25:49.394+0000] {processor.py:161} INFO - Started process (PID=5523) to work on /opt/airflow/dags/dag_04_postgres_taxi.py
[2026-06-16T13:25:49.396+0000] {processor.py:830} INFO - Processing file /opt/airflow/dags/dag_04_postgres_taxi.py for tasks to queue
[2026-06-16T13:25:49.398+0000] {logging_mixin.py:188} INFO - [2026-06-16T13:25:49.397+0000] {dagbag.py:545} INFO - Filling up the DagBag from /opt/airflow/dags/dag_04_postgres_taxi.py
[2026-06-16T13:25:49.411+0000] {processor.py:840} INFO - DAG(s) '04_postgres_taxi' retrieved from /opt/airflow/dags/dag_04_postgres_taxi.py
[2026-06-16T13:25:49.471+0000] {logging_mixin.py:188} INFO - [2026-06-16T13:25:49.471+0000] {dag.py:3089} INFO - Sync 1 DAGs
[2026-06-16T13:25:49.489+0000] {logging_mixin.py:188} INFO - [2026-06-16T13:25:49.489+0000] {dag.py:3947} INFO - Setting next_dagrun for 04_postgres_taxi to None, run_after=None
[2026-06-16T13:25:49.517+0000] {processor.py:183} INFO - Processing /opt/airflow/dags/dag_04_postgres_taxi.py took 0.133 seconds
[2026-06-16T13:26:19.623+0000] {processor.py:161} INFO - Started process (PID=5563) to work on /opt/airflow/dags/dag_04_postgres_taxi.py
[2026-06-16T13:26:19.630+0000] {processor.py:830} INFO - Processing file /opt/airflow/dags/dag_04_postgres_taxi.py for tasks to queue
[2026-06-16T13:26:19.633+0000] {logging_mixin.py:188} INFO - [2026-06-16T13:26:19.632+0000] {dagbag.py:545} INFO - Filling up the DagBag from /opt/airflow/dags/dag_04_postgres_taxi.py
[2026-06-16T13:26:19.644+0000] {processor.py:840} INFO - DAG(s) '04_postgres_taxi' retrieved from /opt/airflow/dags/dag_04_postgres_taxi.py
[2026-06-16T13:26:19.701+0000] {logging_mixin.py:188} INFO - [2026-06-16T13:26:19.701+0000] {dag.py:3089} INFO - Sync 1 DAGs
[2026-06-16T13:26:19.718+0000] {logging_mixin.py:188} INFO - [2026-06-16T13:26:19.718+0000] {dag.py:3947} INFO - Setting next_dagrun for 04_postgres_taxi to None, run_after=None
[2026-06-16T13:26:19.743+0000] {processor.py:183} INFO - Processing /opt/airflow/dags/dag_04_postgres_taxi.py took 0.131 seconds
[2026-06-16T13:26:49.812+0000] {processor.py:161} INFO - Started process (PID=5603) to work on /opt/airflow/dags/dag_04_postgres_taxi.py
[2026-06-16T13:26:49.813+0000] {processor.py:830} INFO - Processing file /opt/airflow/dags/dag_04_postgres_taxi.py for tasks to queue
[2026-06-16T13:26:49.816+0000] {logging_mixin.py:188} INFO - [2026-06-16T13:26:49.815+0000] {dagbag.py:545} INFO - Filling up the DagBag from /opt/airflow/dags/dag_04_postgres_taxi.py
[2026-06-16T13:26:49.828+0000] {processor.py:840} INFO - DAG(s) '04_postgres_taxi' retrieved from /opt/airflow/dags/dag_04_postgres_taxi.py
[2026-06-16T13:26:49.889+0000] {logging_mixin.py:188} INFO - [2026-06-16T13:26:49.889+0000] {dag.py:3089} INFO - Sync 1 DAGs
[2026-06-16T13:26:49.908+0000] {logging_mixin.py:188} INFO - [2026-06-16T13:26:49.908+0000] {dag.py:3947} INFO - Setting next_dagrun for 04_postgres_taxi to None, run_after=None
[2026-06-16T13:26:49.934+0000] {processor.py:183} INFO - Processing /opt/airflow/dags/dag_04_postgres_taxi.py took 0.132 seconds
[2026-06-16T13:27:20.077+0000] {processor.py:161} INFO - Started process (PID=5643) to work on /opt/airflow/dags/dag_04_postgres_taxi.py
[2026-06-16T13:27:20.078+0000] {processor.py:830} INFO - Processing file /opt/airflow/dags/dag_04_postgres_taxi.py for tasks to queue
[2026-06-16T13:27:20.080+0000] {logging_mixin.py:188} INFO - [2026-06-16T13:27:20.080+0000] {dagbag.py:545} INFO - Filling up the DagBag from /opt/airflow/dags/dag_04_postgres_taxi.py
[2026-06-16T13:27:20.094+0000] {processor.py:840} INFO - DAG(s) '04_postgres_taxi' retrieved from /opt/airflow/dags/dag_04_postgres_taxi.py
[2026-06-16T13:27:20.154+0000] {logging_mixin.py:188} INFO - [2026-06-16T13:27:20.154+0000] {dag.py:3089} INFO - Sync 1 DAGs
[2026-06-16T13:27:20.171+0000] {logging_mixin.py:188} INFO - [2026-06-16T13:27:20.171+0000] {dag.py:3947} INFO - Setting next_dagrun for 04_postgres_taxi to None, run_after=None
[2026-06-16T13:27:20.196+0000] {processor.py:183} INFO - Processing /opt/airflow/dags/dag_04_postgres_taxi.py took 0.130 seconds
[2026-06-16T13:27:50.260+0000] {processor.py:161} INFO - Started process (PID=5683) to work on /opt/airflow/dags/dag_04_postgres_taxi.py
[2026-06-16T13:27:50.261+0000] {processor.py:830} INFO - Processing file /opt/airflow/dags/dag_04_postgres_taxi.py for tasks to queue
[2026-06-16T13:27:50.263+0000] {logging_mixin.py:188} INFO - [2026-06-16T13:27:50.263+0000] {dagbag.py:545} INFO - Filling up the DagBag from /opt/airflow/dags/dag_04_postgres_taxi.py
[2026-06-16T13:27:50.277+0000] {processor.py:840} INFO - DAG(s) '04_postgres_taxi' retrieved from /opt/airflow/dags/dag_04_postgres_taxi.py
[2026-06-16T13:27:50.343+0000] {logging_mixin.py:188} INFO - [2026-06-16T13:27:50.342+0000] {dag.py:3089} INFO - Sync 1 DAGs
[2026-06-16T13:27:50.359+0000] {logging_mixin.py:188} INFO - [2026-06-16T13:27:50.359+0000] {dag.py:3947} INFO - Setting next_dagrun for 04_postgres_taxi to None, run_after=None
[2026-06-16T13:27:50.386+0000] {processor.py:183} INFO - Processing /opt/airflow/dags/dag_04_postgres_taxi.py took 0.137 seconds
[2026-06-16T13:28:20.422+0000] {processor.py:161} INFO - Started process (PID=5723) to work on /opt/airflow/dags/dag_04_postgres_taxi.py
[2026-06-16T13:28:20.423+0000] {processor.py:830} INFO - Processing file /opt/airflow/dags/dag_04_postgres_taxi.py for tasks to queue
[2026-06-16T13:28:20.425+0000] {logging_mixin.py:188} INFO - [2026-06-16T13:28:20.425+0000] {dagbag.py:545} INFO - Filling up the DagBag from /opt/airflow/dags/dag_04_postgres_taxi.py
[2026-06-16T13:28:20.438+0000] {processor.py:840} INFO - DAG(s) '04_postgres_taxi' retrieved from /opt/airflow/dags/dag_04_postgres_taxi.py
[2026-06-16T13:28:20.512+0000] {logging_mixin.py:188} INFO - [2026-06-16T13:28:20.511+0000] {dag.py:3089} INFO - Sync 1 DAGs
[2026-06-16T13:28:20.533+0000] {logging_mixin.py:188} INFO - [2026-06-16T13:28:20.533+0000] {dag.py:3947} INFO - Setting next_dagrun for 04_postgres_taxi to None, run_after=None
[2026-06-16T13:28:20.562+0000] {processor.py:183} INFO - Processing /opt/airflow/dags/dag_04_postgres_taxi.py took 0.149 seconds
[2026-06-16T13:28:50.631+0000] {processor.py:161} INFO - Started process (PID=5763) to work on /opt/airflow/dags/dag_04_postgres_taxi.py
[2026-06-16T13:28:50.632+0000] {processor.py:830} INFO - Processing file /opt/airflow/dags/dag_04_postgres_taxi.py for tasks to queue
[2026-06-16T13:28:50.635+0000] {logging_mixin.py:188} INFO - [2026-06-16T13:28:50.634+0000] {dagbag.py:545} INFO - Filling up the DagBag from /opt/airflow/dags/dag_04_postgres_taxi.py
[2026-06-16T13:28:50.650+0000] {processor.py:840} INFO - DAG(s) '04_postgres_taxi' retrieved from /opt/airflow/dags/dag_04_postgres_taxi.py
[2026-06-16T13:28:50.711+0000] {logging_mixin.py:188} INFO - [2026-06-16T13:28:50.710+0000] {dag.py:3089} INFO - Sync 1 DAGs
[2026-06-16T13:28:50.727+0000] {logging_mixin.py:188} INFO - [2026-06-16T13:28:50.727+0000] {dag.py:3947} INFO - Setting next_dagrun for 04_postgres_taxi to None, run_after=None
[2026-06-16T13:28:50.752+0000] {processor.py:183} INFO - Processing /opt/airflow/dags/dag_04_postgres_taxi.py took 0.132 seconds
[2026-06-16T13:29:20.922+0000] {processor.py:161} INFO - Started process (PID=5803) to work on /opt/airflow/dags/dag_04_postgres_taxi.py
[2026-06-16T13:29:20.923+0000] {processor.py:830} INFO - Processing file /opt/airflow/dags/dag_04_postgres_taxi.py for tasks to queue
[2026-06-16T13:29:20.925+0000] {logging_mixin.py:188} INFO - [2026-06-16T13:29:20.925+0000] {dagbag.py:545} INFO - Filling up the DagBag from /opt/airflow/dags/dag_04_postgres_taxi.py
[2026-06-16T13:29:20.938+0000] {processor.py:840} INFO - DAG(s) '04_postgres_taxi' retrieved from /opt/airflow/dags/dag_04_postgres_taxi.py
[2026-06-16T13:29:20.997+0000] {logging_mixin.py:188} INFO - [2026-06-16T13:29:20.997+0000] {dag.py:3089} INFO - Sync 1 DAGs
[2026-06-16T13:29:21.020+0000] {logging_mixin.py:188} INFO - [2026-06-16T13:29:21.019+0000] {dag.py:3947} INFO - Setting next_dagrun for 04_postgres_taxi to None, run_after=None
[2026-06-16T13:29:21.046+0000] {processor.py:183} INFO - Processing /opt/airflow/dags/dag_04_postgres_taxi.py took 0.133 seconds
[2026-06-16T13:29:51.090+0000] {processor.py:161} INFO - Started process (PID=5843) to work on /opt/airflow/dags/dag_04_postgres_taxi.py
[2026-06-16T13:29:51.091+0000] {processor.py:830} INFO - Processing file /opt/airflow/dags/dag_04_postgres_taxi.py for tasks to queue
[2026-06-16T13:29:51.093+0000] {logging_mixin.py:188} INFO - [2026-06-16T13:29:51.093+0000] {dagbag.py:545} INFO - Filling up the DagBag from /opt/airflow/dags/dag_04_postgres_taxi.py
[2026-06-16T13:29:51.107+0000] {processor.py:840} INFO - DAG(s) '04_postgres_taxi' retrieved from /opt/airflow/dags/dag_04_postgres_taxi.py
[2026-06-16T13:29:51.166+0000] {logging_mixin.py:188} INFO - [2026-06-16T13:29:51.166+0000] {dag.py:3089} INFO - Sync 1 DAGs
[2026-06-16T13:29:51.183+0000] {logging_mixin.py:188} INFO - [2026-06-16T13:29:51.183+0000] {dag.py:3947} INFO - Setting next_dagrun for 04_postgres_taxi to None, run_after=None
[2026-06-16T13:29:51.210+0000] {processor.py:183} INFO - Processing /opt/airflow/dags/dag_04_postgres_taxi.py took 0.130 seconds
[2026-06-16T13:30:22.033+0000] {processor.py:161} INFO - Started process (PID=5883) to work on /opt/airflow/dags/dag_04_postgres_taxi.py
[2026-06-16T13:30:22.040+0000] {processor.py:830} INFO - Processing file /opt/airflow/dags/dag_04_postgres_taxi.py for tasks to queue
[2026-06-16T13:30:22.042+0000] {logging_mixin.py:188} INFO - [2026-06-16T13:30:22.042+0000] {dagbag.py:545} INFO - Filling up the DagBag from /opt/airflow/dags/dag_04_postgres_taxi.py
[2026-06-16T13:30:22.058+0000] {processor.py:840} INFO - DAG(s) '04_postgres_taxi' retrieved from /opt/airflow/dags/dag_04_postgres_taxi.py
[2026-06-16T13:30:22.123+0000] {logging_mixin.py:188} INFO - [2026-06-16T13:30:22.123+0000] {dag.py:3089} INFO - Sync 1 DAGs
[2026-06-16T13:30:22.140+0000] {logging_mixin.py:188} INFO - [2026-06-16T13:30:22.140+0000] {dag.py:3947} INFO - Setting next_dagrun for 04_postgres_taxi to None, run_after=None
[2026-06-16T13:30:22.168+0000] {processor.py:183} INFO - Processing /opt/airflow/dags/dag_04_postgres_taxi.py took 0.147 seconds
[2026-06-16T13:30:53.109+0000] {processor.py:161} INFO - Started process (PID=5923) to work on /opt/airflow/dags/dag_04_postgres_taxi.py
[2026-06-16T13:30:53.120+0000] {processor.py:830} INFO - Processing file /opt/airflow/dags/dag_04_postgres_taxi.py for tasks to queue
[2026-06-16T13:30:53.122+0000] {logging_mixin.py:188} INFO - [2026-06-16T13:30:53.122+0000] {dagbag.py:545} INFO - Filling up the DagBag from /opt/airflow/dags/dag_04_postgres_taxi.py
[2026-06-16T13:30:53.134+0000] {processor.py:840} INFO - DAG(s) '04_postgres_taxi' retrieved from /opt/airflow/dags/dag_04_postgres_taxi.py
[2026-06-16T13:30:53.195+0000] {logging_mixin.py:188} INFO - [2026-06-16T13:30:53.195+0000] {dag.py:3089} INFO - Sync 1 DAGs
[2026-06-16T13:30:53.218+0000] {logging_mixin.py:188} INFO - [2026-06-16T13:30:53.217+0000] {dag.py:3947} INFO - Setting next_dagrun for 04_postgres_taxi to None, run_after=None
[2026-06-16T13:30:53.246+0000] {processor.py:183} INFO - Processing /opt/airflow/dags/dag_04_postgres_taxi.py took 0.147 seconds
[2026-06-16T13:31:23.296+0000] {processor.py:161} INFO - Started process (PID=5966) to work on /opt/airflow/dags/dag_04_postgres_taxi.py
[2026-06-16T13:31:23.297+0000] {processor.py:830} INFO - Processing file /opt/airflow/dags/dag_04_postgres_taxi.py for tasks to queue
[2026-06-16T13:31:23.299+0000] {logging_mixin.py:188} INFO - [2026-06-16T13:31:23.299+0000] {dagbag.py:545} INFO - Filling up the DagBag from /opt/airflow/dags/dag_04_postgres_taxi.py
[2026-06-16T13:31:23.311+0000] {processor.py:840} INFO - DAG(s) '04_postgres_taxi' retrieved from /opt/airflow/dags/dag_04_postgres_taxi.py
[2026-06-16T13:31:23.372+0000] {logging_mixin.py:188} INFO - [2026-06-16T13:31:23.371+0000] {dag.py:3089} INFO - Sync 1 DAGs
[2026-06-16T13:31:23.385+0000] {logging_mixin.py:188} INFO - [2026-06-16T13:31:23.385+0000] {dag.py:3947} INFO - Setting next_dagrun for 04_postgres_taxi to None, run_after=None
[2026-06-16T13:31:23.410+0000] {processor.py:183} INFO - Processing /opt/airflow/dags/dag_04_postgres_taxi.py took 0.123 seconds
[2026-06-16T13:31:53.465+0000] {processor.py:161} INFO - Started process (PID=6003) to work on /opt/airflow/dags/dag_04_postgres_taxi.py
[2026-06-16T13:31:53.476+0000] {processor.py:830} INFO - Processing file /opt/airflow/dags/dag_04_postgres_taxi.py for tasks to queue
[2026-06-16T13:31:53.478+0000] {logging_mixin.py:188} INFO - [2026-06-16T13:31:53.478+0000] {dagbag.py:545} INFO - Filling up the DagBag from /opt/airflow/dags/dag_04_postgres_taxi.py
[2026-06-16T13:31:53.490+0000] {processor.py:840} INFO - DAG(s) '04_postgres_taxi' retrieved from /opt/airflow/dags/dag_04_postgres_taxi.py
[2026-06-16T13:31:53.558+0000] {logging_mixin.py:188} INFO - [2026-06-16T13:31:53.558+0000] {dag.py:3089} INFO - Sync 1 DAGs
[2026-06-16T13:31:53.576+0000] {logging_mixin.py:188} INFO - [2026-06-16T13:31:53.576+0000] {dag.py:3947} INFO - Setting next_dagrun for 04_postgres_taxi to None, run_after=None
[2026-06-16T13:31:53.599+0000] {processor.py:183} INFO - Processing /opt/airflow/dags/dag_04_postgres_taxi.py took 0.147 seconds
[2026-06-16T13:32:23.708+0000] {processor.py:161} INFO - Started process (PID=6043) to work on /opt/airflow/dags/dag_04_postgres_taxi.py
[2026-06-16T13:32:23.709+0000] {processor.py:830} INFO - Processing file /opt/airflow/dags/dag_04_postgres_taxi.py for tasks to queue
[2026-06-16T13:32:23.712+0000] {logging_mixin.py:188} INFO - [2026-06-16T13:32:23.711+0000] {dagbag.py:545} INFO - Filling up the DagBag from /opt/airflow/dags/dag_04_postgres_taxi.py
[2026-06-16T13:32:23.725+0000] {processor.py:840} INFO - DAG(s) '04_postgres_taxi' retrieved from /opt/airflow/dags/dag_04_postgres_taxi.py
[2026-06-16T13:32:23.788+0000] {logging_mixin.py:188} INFO - [2026-06-16T13:32:23.787+0000] {dag.py:3089} INFO - Sync 1 DAGs
[2026-06-16T13:32:23.806+0000] {logging_mixin.py:188} INFO - [2026-06-16T13:32:23.805+0000] {dag.py:3947} INFO - Setting next_dagrun for 04_postgres_taxi to None, run_after=None
[2026-06-16T13:32:23.831+0000] {processor.py:183} INFO - Processing /opt/airflow/dags/dag_04_postgres_taxi.py took 0.133 seconds
[2026-06-16T13:32:54.625+0000] {processor.py:161} INFO - Started process (PID=6083) to work on /opt/airflow/dags/dag_04_postgres_taxi.py
[2026-06-16T13:32:54.627+0000] {processor.py:830} INFO - Processing file /opt/airflow/dags/dag_04_postgres_taxi.py for tasks to queue
[2026-06-16T13:32:54.629+0000] {logging_mixin.py:188} INFO - [2026-06-16T13:32:54.629+0000] {dagbag.py:545} INFO - Filling up the DagBag from /opt/airflow/dags/dag_04_postgres_taxi.py
[2026-06-16T13:32:54.642+0000] {processor.py:840} INFO - DAG(s) '04_postgres_taxi' retrieved from /opt/airflow/dags/dag_04_postgres_taxi.py
[2026-06-16T13:32:54.698+0000] {logging_mixin.py:188} INFO - [2026-06-16T13:32:54.698+0000] {dag.py:3089} INFO - Sync 1 DAGs
[2026-06-16T13:32:54.716+0000] {logging_mixin.py:188} INFO - [2026-06-16T13:32:54.716+0000] {dag.py:3947} INFO - Setting next_dagrun for 04_postgres_taxi to None, run_after=None
[2026-06-16T13:32:54.744+0000] {processor.py:183} INFO - Processing /opt/airflow/dags/dag_04_postgres_taxi.py took 0.131 seconds
[2026-06-16T13:33:24.820+0000] {processor.py:161} INFO - Started process (PID=6123) to work on /opt/airflow/dags/dag_04_postgres_taxi.py
[2026-06-16T13:33:24.821+0000] {processor.py:830} INFO - Processing file /opt/airflow/dags/dag_04_postgres_taxi.py for tasks to queue
[2026-06-16T13:33:24.823+0000] {logging_mixin.py:188} INFO - [2026-06-16T13:33:24.823+0000] {dagbag.py:545} INFO - Filling up the DagBag from /opt/airflow/dags/dag_04_postgres_taxi.py
[2026-06-16T13:33:24.836+0000] {processor.py:840} INFO - DAG(s) '04_postgres_taxi' retrieved from /opt/airflow/dags/dag_04_postgres_taxi.py
[2026-06-16T13:33:24.896+0000] {logging_mixin.py:188} INFO - [2026-06-16T13:33:24.895+0000] {dag.py:3089} INFO - Sync 1 DAGs
[2026-06-16T13:33:24.912+0000] {logging_mixin.py:188} INFO - [2026-06-16T13:33:24.912+0000] {dag.py:3947} INFO - Setting next_dagrun for 04_postgres_taxi to None, run_after=None
[2026-06-16T13:33:24.940+0000] {processor.py:183} INFO - Processing /opt/airflow/dags/dag_04_postgres_taxi.py took 0.130 seconds
[2026-06-16T13:33:54.990+0000] {processor.py:161} INFO - Started process (PID=6163) to work on /opt/airflow/dags/dag_04_postgres_taxi.py
[2026-06-16T13:33:55.000+0000] {processor.py:830} INFO - Processing file /opt/airflow/dags/dag_04_postgres_taxi.py for tasks to queue
[2026-06-16T13:33:55.002+0000] {logging_mixin.py:188} INFO - [2026-06-16T13:33:55.002+0000] {dagbag.py:545} INFO - Filling up the DagBag from /opt/airflow/dags/dag_04_postgres_taxi.py
[2026-06-16T13:33:55.015+0000] {processor.py:840} INFO - DAG(s) '04_postgres_taxi' retrieved from /opt/airflow/dags/dag_04_postgres_taxi.py
[2026-06-16T13:33:55.079+0000] {logging_mixin.py:188} INFO - [2026-06-16T13:33:55.079+0000] {dag.py:3089} INFO - Sync 1 DAGs
[2026-06-16T13:33:55.098+0000] {logging_mixin.py:188} INFO - [2026-06-16T13:33:55.098+0000] {dag.py:3947} INFO - Setting next_dagrun for 04_postgres_taxi to None, run_after=None
[2026-06-16T13:33:55.126+0000] {processor.py:183} INFO - Processing /opt/airflow/dags/dag_04_postgres_taxi.py took 0.145 seconds
[2026-06-16T13:34:25.198+0000] {processor.py:161} INFO - Started process (PID=6203) to work on /opt/airflow/dags/dag_04_postgres_taxi.py
[2026-06-16T13:34:25.200+0000] {processor.py:830} INFO - Processing file /opt/airflow/dags/dag_04_postgres_taxi.py for tasks to queue
[2026-06-16T13:34:25.202+0000] {logging_mixin.py:188} INFO - [2026-06-16T13:34:25.201+0000] {dagbag.py:545} INFO - Filling up the DagBag from /opt/airflow/dags/dag_04_postgres_taxi.py
[2026-06-16T13:34:25.214+0000] {processor.py:840} INFO - DAG(s) '04_postgres_taxi' retrieved from /opt/airflow/dags/dag_04_postgres_taxi.py
[2026-06-16T13:34:25.277+0000] {logging_mixin.py:188} INFO - [2026-06-16T13:34:25.277+0000] {dag.py:3089} INFO - Sync 1 DAGs
[2026-06-16T13:34:25.295+0000] {logging_mixin.py:188} INFO - [2026-06-16T13:34:25.294+0000] {dag.py:3947} INFO - Setting next_dagrun for 04_postgres_taxi to None, run_after=None
[2026-06-16T13:34:25.321+0000] {processor.py:183} INFO - Processing /opt/airflow/dags/dag_04_postgres_taxi.py took 0.133 seconds
[2026-06-16T13:34:55.375+0000] {processor.py:161} INFO - Started process (PID=6243) to work on /opt/airflow/dags/dag_04_postgres_taxi.py
[2026-06-16T13:34:55.377+0000] {processor.py:830} INFO - Processing file /opt/airflow/dags/dag_04_postgres_taxi.py for tasks to queue
[2026-06-16T13:34:55.380+0000] {logging_mixin.py:188} INFO - [2026-06-16T13:34:55.379+0000] {dagbag.py:545} INFO - Filling up the DagBag from /opt/airflow/dags/dag_04_postgres_taxi.py
[2026-06-16T13:34:55.395+0000] {processor.py:840} INFO - DAG(s) '04_postgres_taxi' retrieved from /opt/airflow/dags/dag_04_postgres_taxi.py
[2026-06-16T13:34:55.461+0000] {logging_mixin.py:188} INFO - [2026-06-16T13:34:55.461+0000] {dag.py:3089} INFO - Sync 1 DAGs
[2026-06-16T13:34:55.479+0000] {logging_mixin.py:188} INFO - [2026-06-16T13:34:55.479+0000] {dag.py:3947} INFO - Setting next_dagrun for 04_postgres_taxi to None, run_after=None
[2026-06-16T13:34:55.507+0000] {processor.py:183} INFO - Processing /opt/airflow/dags/dag_04_postgres_taxi.py took 0.143 seconds
[2026-06-16T13:35:25.575+0000] {processor.py:161} INFO - Started process (PID=6283) to work on /opt/airflow/dags/dag_04_postgres_taxi.py
[2026-06-16T13:35:25.576+0000] {processor.py:830} INFO - Processing file /opt/airflow/dags/dag_04_postgres_taxi.py for tasks to queue
[2026-06-16T13:35:25.578+0000] {logging_mixin.py:188} INFO - [2026-06-16T13:35:25.578+0000] {dagbag.py:545} INFO - Filling up the DagBag from /opt/airflow/dags/dag_04_postgres_taxi.py
[2026-06-16T13:35:25.590+0000] {processor.py:840} INFO - DAG(s) '04_postgres_taxi' retrieved from /opt/airflow/dags/dag_04_postgres_taxi.py
[2026-06-16T13:35:25.654+0000] {logging_mixin.py:188} INFO - [2026-06-16T13:35:25.654+0000] {dag.py:3089} INFO - Sync 1 DAGs
[2026-06-16T13:35:25.672+0000] {logging_mixin.py:188} INFO - [2026-06-16T13:35:25.672+0000] {dag.py:3947} INFO - Setting next_dagrun for 04_postgres_taxi to None, run_after=None
[2026-06-16T13:35:25.704+0000] {processor.py:183} INFO - Processing /opt/airflow/dags/dag_04_postgres_taxi.py took 0.140 seconds
[2026-06-16T13:35:55.770+0000] {processor.py:161} INFO - Started process (PID=6323) to work on /opt/airflow/dags/dag_04_postgres_taxi.py
[2026-06-16T13:35:55.781+0000] {processor.py:830} INFO - Processing file /opt/airflow/dags/dag_04_postgres_taxi.py for tasks to queue
[2026-06-16T13:35:55.783+0000] {logging_mixin.py:188} INFO - [2026-06-16T13:35:55.783+0000] {dagbag.py:545} INFO - Filling up the DagBag from /opt/airflow/dags/dag_04_postgres_taxi.py
[2026-06-16T13:35:55.796+0000] {processor.py:840} INFO - DAG(s) '04_postgres_taxi' retrieved from /opt/airflow/dags/dag_04_postgres_taxi.py
[2026-06-16T13:35:55.852+0000] {logging_mixin.py:188} INFO - [2026-06-16T13:35:55.852+0000] {dag.py:3089} INFO - Sync 1 DAGs
[2026-06-16T13:35:55.870+0000] {logging_mixin.py:188} INFO - [2026-06-16T13:35:55.869+0000] {dag.py:3947} INFO - Setting next_dagrun for 04_postgres_taxi to None, run_after=None
[2026-06-16T13:35:55.895+0000] {processor.py:183} INFO - Processing /opt/airflow/dags/dag_04_postgres_taxi.py took 0.139 seconds
[2026-06-16T13:36:25.972+0000] {processor.py:161} INFO - Started process (PID=6363) to work on /opt/airflow/dags/dag_04_postgres_taxi.py
[2026-06-16T13:36:25.974+0000] {processor.py:830} INFO - Processing file /opt/airflow/dags/dag_04_postgres_taxi.py for tasks to queue
[2026-06-16T13:36:25.979+0000] {logging_mixin.py:188} INFO - [2026-06-16T13:36:25.978+0000] {dagbag.py:545} INFO - Filling up the DagBag from /opt/airflow/dags/dag_04_postgres_taxi.py
[2026-06-16T13:36:25.995+0000] {processor.py:840} INFO - DAG(s) '04_postgres_taxi' retrieved from /opt/airflow/dags/dag_04_postgres_taxi.py
[2026-06-16T13:36:26.059+0000] {logging_mixin.py:188} INFO - [2026-06-16T13:36:26.059+0000] {dag.py:3089} INFO - Sync 1 DAGs
[2026-06-16T13:36:26.076+0000] {logging_mixin.py:188} INFO - [2026-06-16T13:36:26.076+0000] {dag.py:3947} INFO - Setting next_dagrun for 04_postgres_taxi to None, run_after=None
[2026-06-16T13:36:26.102+0000] {processor.py:183} INFO - Processing /opt/airflow/dags/dag_04_postgres_taxi.py took 0.142 seconds
[2026-06-16T13:36:56.163+0000] {processor.py:161} INFO - Started process (PID=6403) to work on /opt/airflow/dags/dag_04_postgres_taxi.py
[2026-06-16T13:36:56.174+0000] {processor.py:830} INFO - Processing file /opt/airflow/dags/dag_04_postgres_taxi.py for tasks to queue
[2026-06-16T13:36:56.177+0000] {logging_mixin.py:188} INFO - [2026-06-16T13:36:56.176+0000] {dagbag.py:545} INFO - Filling up the DagBag from /opt/airflow/dags/dag_04_postgres_taxi.py
[2026-06-16T13:36:56.191+0000] {processor.py:840} INFO - DAG(s) '04_postgres_taxi' retrieved from /opt/airflow/dags/dag_04_postgres_taxi.py
[2026-06-16T13:36:56.257+0000] {logging_mixin.py:188} INFO - [2026-06-16T13:36:56.256+0000] {dag.py:3089} INFO - Sync 1 DAGs
[2026-06-16T13:36:56.274+0000] {logging_mixin.py:188} INFO - [2026-06-16T13:36:56.273+0000] {dag.py:3947} INFO - Setting next_dagrun for 04_postgres_taxi to None, run_after=None
[2026-06-16T13:36:56.299+0000] {processor.py:183} INFO - Processing /opt/airflow/dags/dag_04_postgres_taxi.py took 0.147 seconds
[2026-06-16T13:37:26.360+0000] {processor.py:161} INFO - Started process (PID=6443) to work on /opt/airflow/dags/dag_04_postgres_taxi.py
[2026-06-16T13:37:26.361+0000] {processor.py:830} INFO - Processing file /opt/airflow/dags/dag_04_postgres_taxi.py for tasks to queue
[2026-06-16T13:37:26.363+0000] {logging_mixin.py:188} INFO - [2026-06-16T13:37:26.363+0000] {dagbag.py:545} INFO - Filling up the DagBag from /opt/airflow/dags/dag_04_postgres_taxi.py
[2026-06-16T13:37:26.377+0000] {processor.py:840} INFO - DAG(s) '04_postgres_taxi' retrieved from /opt/airflow/dags/dag_04_postgres_taxi.py
[2026-06-16T13:37:26.447+0000] {logging_mixin.py:188} INFO - [2026-06-16T13:37:26.447+0000] {dag.py:3089} INFO - Sync 1 DAGs
[2026-06-16T13:37:26.463+0000] {logging_mixin.py:188} INFO - [2026-06-16T13:37:26.463+0000] {dag.py:3947} INFO - Setting next_dagrun for 04_postgres_taxi to None, run_after=None
[2026-06-16T13:37:26.491+0000] {processor.py:183} INFO - Processing /opt/airflow/dags/dag_04_postgres_taxi.py took 0.143 seconds
[2026-06-16T13:37:56.579+0000] {processor.py:161} INFO - Started process (PID=6483) to work on /opt/airflow/dags/dag_04_postgres_taxi.py
[2026-06-16T13:37:56.590+0000] {processor.py:830} INFO - Processing file /opt/airflow/dags/dag_04_postgres_taxi.py for tasks to queue
[2026-06-16T13:37:56.592+0000] {logging_mixin.py:188} INFO - [2026-06-16T13:37:56.592+0000] {dagbag.py:545} INFO - Filling up the DagBag from /opt/airflow/dags/dag_04_postgres_taxi.py
[2026-06-16T13:37:56.605+0000] {processor.py:840} INFO - DAG(s) '04_postgres_taxi' retrieved from /opt/airflow/dags/dag_04_postgres_taxi.py
[2026-06-16T13:37:56.665+0000] {logging_mixin.py:188} INFO - [2026-06-16T13:37:56.665+0000] {dag.py:3089} INFO - Sync 1 DAGs
[2026-06-16T13:37:56.683+0000] {logging_mixin.py:188} INFO - [2026-06-16T13:37:56.683+0000] {dag.py:3947} INFO - Setting next_dagrun for 04_postgres_taxi to None, run_after=None
[2026-06-16T13:37:56.710+0000] {processor.py:183} INFO - Processing /opt/airflow/dags/dag_04_postgres_taxi.py took 0.144 seconds
[2026-06-16T13:38:26.791+0000] {processor.py:161} INFO - Started process (PID=6523) to work on /opt/airflow/dags/dag_04_postgres_taxi.py
[2026-06-16T13:38:26.792+0000] {processor.py:830} INFO - Processing file /opt/airflow/dags/dag_04_postgres_taxi.py for tasks to queue
[2026-06-16T13:38:26.795+0000] {logging_mixin.py:188} INFO - [2026-06-16T13:38:26.795+0000] {dagbag.py:545} INFO - Filling up the DagBag from /opt/airflow/dags/dag_04_postgres_taxi.py
[2026-06-16T13:38:26.809+0000] {processor.py:840} INFO - DAG(s) '04_postgres_taxi' retrieved from /opt/airflow/dags/dag_04_postgres_taxi.py
[2026-06-16T13:38:26.880+0000] {logging_mixin.py:188} INFO - [2026-06-16T13:38:26.880+0000] {dag.py:3089} INFO - Sync 1 DAGs
[2026-06-16T13:38:26.899+0000] {logging_mixin.py:188} INFO - [2026-06-16T13:38:26.899+0000] {dag.py:3947} INFO - Setting next_dagrun for 04_postgres_taxi to None, run_after=None
[2026-06-16T13:38:26.933+0000] {processor.py:183} INFO - Processing /opt/airflow/dags/dag_04_postgres_taxi.py took 0.154 seconds
[2026-06-16T13:38:57.789+0000] {processor.py:161} INFO - Started process (PID=6563) to work on /opt/airflow/dags/dag_04_postgres_taxi.py
[2026-06-16T13:38:57.791+0000] {processor.py:830} INFO - Processing file /opt/airflow/dags/dag_04_postgres_taxi.py for tasks to queue
[2026-06-16T13:38:57.794+0000] {logging_mixin.py:188} INFO - [2026-06-16T13:38:57.793+0000] {dagbag.py:545} INFO - Filling up the DagBag from /opt/airflow/dags/dag_04_postgres_taxi.py
[2026-06-16T13:38:57.808+0000] {processor.py:840} INFO - DAG(s) '04_postgres_taxi' retrieved from /opt/airflow/dags/dag_04_postgres_taxi.py
[2026-06-16T13:38:57.877+0000] {logging_mixin.py:188} INFO - [2026-06-16T13:38:57.877+0000] {dag.py:3089} INFO - Sync 1 DAGs
[2026-06-16T13:38:57.894+0000] {logging_mixin.py:188} INFO - [2026-06-16T13:38:57.894+0000] {dag.py:3947} INFO - Setting next_dagrun for 04_postgres_taxi to None, run_after=None
[2026-06-16T13:38:57.920+0000] {processor.py:183} INFO - Processing /opt/airflow/dags/dag_04_postgres_taxi.py took 0.142 seconds
[2026-06-16T13:39:28.740+0000] {processor.py:161} INFO - Started process (PID=6603) to work on /opt/airflow/dags/dag_04_postgres_taxi.py
[2026-06-16T13:39:28.742+0000] {processor.py:830} INFO - Processing file /opt/airflow/dags/dag_04_postgres_taxi.py for tasks to queue
[2026-06-16T13:39:28.746+0000] {logging_mixin.py:188} INFO - [2026-06-16T13:39:28.746+0000] {dagbag.py:545} INFO - Filling up the DagBag from /opt/airflow/dags/dag_04_postgres_taxi.py
[2026-06-16T13:39:28.765+0000] {processor.py:840} INFO - DAG(s) '04_postgres_taxi' retrieved from /opt/airflow/dags/dag_04_postgres_taxi.py
[2026-06-16T13:39:28.837+0000] {logging_mixin.py:188} INFO - [2026-06-16T13:39:28.836+0000] {dag.py:3089} INFO - Sync 1 DAGs
[2026-06-16T13:39:28.853+0000] {logging_mixin.py:188} INFO - [2026-06-16T13:39:28.853+0000] {dag.py:3947} INFO - Setting next_dagrun for 04_postgres_taxi to None, run_after=None
[2026-06-16T13:39:28.878+0000] {processor.py:183} INFO - Processing /opt/airflow/dags/dag_04_postgres_taxi.py took 0.151 seconds
[2026-06-16T13:39:59.029+0000] {processor.py:161} INFO - Started process (PID=6643) to work on /opt/airflow/dags/dag_04_postgres_taxi.py
[2026-06-16T13:39:59.039+0000] {processor.py:830} INFO - Processing file /opt/airflow/dags/dag_04_postgres_taxi.py for tasks to queue
[2026-06-16T13:39:59.041+0000] {logging_mixin.py:188} INFO - [2026-06-16T13:39:59.041+0000] {dagbag.py:545} INFO - Filling up the DagBag from /opt/airflow/dags/dag_04_postgres_taxi.py
[2026-06-16T13:39:59.060+0000] {processor.py:840} INFO - DAG(s) '04_postgres_taxi' retrieved from /opt/airflow/dags/dag_04_postgres_taxi.py
[2026-06-16T13:39:59.126+0000] {logging_mixin.py:188} INFO - [2026-06-16T13:39:59.126+0000] {dag.py:3089} INFO - Sync 1 DAGs
[2026-06-16T13:39:59.144+0000] {logging_mixin.py:188} INFO - [2026-06-16T13:39:59.144+0000] {dag.py:3947} INFO - Setting next_dagrun for 04_postgres_taxi to None, run_after=None
[2026-06-16T13:39:59.171+0000] {processor.py:183} INFO - Processing /opt/airflow/dags/dag_04_postgres_taxi.py took 0.150 seconds
[2026-06-16T13:40:30.106+0000] {processor.py:161} INFO - Started process (PID=6683) to work on /opt/airflow/dags/dag_04_postgres_taxi.py
[2026-06-16T13:40:30.108+0000] {processor.py:830} INFO - Processing file /opt/airflow/dags/dag_04_postgres_taxi.py for tasks to queue
[2026-06-16T13:40:30.111+0000] {logging_mixin.py:188} INFO - [2026-06-16T13:40:30.111+0000] {dagbag.py:545} INFO - Filling up the DagBag from /opt/airflow/dags/dag_04_postgres_taxi.py
[2026-06-16T13:40:30.124+0000] {processor.py:840} INFO - DAG(s) '04_postgres_taxi' retrieved from /opt/airflow/dags/dag_04_postgres_taxi.py
[2026-06-16T13:40:30.191+0000] {logging_mixin.py:188} INFO - [2026-06-16T13:40:30.191+0000] {dag.py:3089} INFO - Sync 1 DAGs
[2026-06-16T13:40:30.208+0000] {logging_mixin.py:188} INFO - [2026-06-16T13:40:30.207+0000] {dag.py:3947} INFO - Setting next_dagrun for 04_postgres_taxi to None, run_after=None
[2026-06-16T13:40:30.234+0000] {processor.py:183} INFO - Processing /opt/airflow/dags/dag_04_postgres_taxi.py took 0.138 seconds
[2026-06-16T13:41:00.319+0000] {processor.py:161} INFO - Started process (PID=6723) to work on /opt/airflow/dags/dag_04_postgres_taxi.py
[2026-06-16T13:41:00.320+0000] {processor.py:830} INFO - Processing file /opt/airflow/dags/dag_04_postgres_taxi.py for tasks to queue
[2026-06-16T13:41:00.323+0000] {logging_mixin.py:188} INFO - [2026-06-16T13:41:00.322+0000] {dagbag.py:545} INFO - Filling up the DagBag from /opt/airflow/dags/dag_04_postgres_taxi.py
[2026-06-16T13:41:00.335+0000] {processor.py:840} INFO - DAG(s) '04_postgres_taxi' retrieved from /opt/airflow/dags/dag_04_postgres_taxi.py
[2026-06-16T13:41:00.393+0000] {logging_mixin.py:188} INFO - [2026-06-16T13:41:00.392+0000] {dag.py:3089} INFO - Sync 1 DAGs
[2026-06-16T13:41:00.410+0000] {logging_mixin.py:188} INFO - [2026-06-16T13:41:00.410+0000] {dag.py:3947} INFO - Setting next_dagrun for 04_postgres_taxi to None, run_after=None
[2026-06-16T13:41:00.437+0000] {processor.py:183} INFO - Processing /opt/airflow/dags/dag_04_postgres_taxi.py took 0.128 seconds
[2026-06-16T13:41:30.489+0000] {processor.py:161} INFO - Started process (PID=6763) to work on /opt/airflow/dags/dag_04_postgres_taxi.py
[2026-06-16T13:41:30.490+0000] {processor.py:830} INFO - Processing file /opt/airflow/dags/dag_04_postgres_taxi.py for tasks to queue
[2026-06-16T13:41:30.493+0000] {logging_mixin.py:188} INFO - [2026-06-16T13:41:30.493+0000] {dagbag.py:545} INFO - Filling up the DagBag from /opt/airflow/dags/dag_04_postgres_taxi.py
[2026-06-16T13:41:30.507+0000] {processor.py:840} INFO - DAG(s) '04_postgres_taxi' retrieved from /opt/airflow/dags/dag_04_postgres_taxi.py
[2026-06-16T13:41:30.584+0000] {logging_mixin.py:188} INFO - [2026-06-16T13:41:30.584+0000] {dag.py:3089} INFO - Sync 1 DAGs
[2026-06-16T13:41:30.601+0000] {logging_mixin.py:188} INFO - [2026-06-16T13:41:30.601+0000] {dag.py:3947} INFO - Setting next_dagrun for 04_postgres_taxi to None, run_after=None
[2026-06-16T13:41:30.626+0000] {processor.py:183} INFO - Processing /opt/airflow/dags/dag_04_postgres_taxi.py took 0.150 seconds
[2026-06-16T13:42:01.589+0000] {processor.py:161} INFO - Started process (PID=6803) to work on /opt/airflow/dags/dag_04_postgres_taxi.py
[2026-06-16T13:42:01.590+0000] {processor.py:830} INFO - Processing file /opt/airflow/dags/dag_04_postgres_taxi.py for tasks to queue
[2026-06-16T13:42:01.593+0000] {logging_mixin.py:188} INFO - [2026-06-16T13:42:01.592+0000] {dagbag.py:545} INFO - Filling up the DagBag from /opt/airflow/dags/dag_04_postgres_taxi.py
[2026-06-16T13:42:01.607+0000] {processor.py:840} INFO - DAG(s) '04_postgres_taxi' retrieved from /opt/airflow/dags/dag_04_postgres_taxi.py
[2026-06-16T13:42:01.671+0000] {logging_mixin.py:188} INFO - [2026-06-16T13:42:01.671+0000] {dag.py:3089} INFO - Sync 1 DAGs
[2026-06-16T13:42:01.687+0000] {logging_mixin.py:188} INFO - [2026-06-16T13:42:01.687+0000] {dag.py:3947} INFO - Setting next_dagrun for 04_postgres_taxi to None, run_after=None
[2026-06-16T13:42:01.714+0000] {processor.py:183} INFO - Processing /opt/airflow/dags/dag_04_postgres_taxi.py took 0.138 seconds
[2026-06-16T13:42:32.670+0000] {processor.py:161} INFO - Started process (PID=6843) to work on /opt/airflow/dags/dag_04_postgres_taxi.py
[2026-06-16T13:42:32.672+0000] {processor.py:830} INFO - Processing file /opt/airflow/dags/dag_04_postgres_taxi.py for tasks to queue
[2026-06-16T13:42:32.675+0000] {logging_mixin.py:188} INFO - [2026-06-16T13:42:32.674+0000] {dagbag.py:545} INFO - Filling up the DagBag from /opt/airflow/dags/dag_04_postgres_taxi.py
[2026-06-16T13:42:32.695+0000] {processor.py:840} INFO - DAG(s) '04_postgres_taxi' retrieved from /opt/airflow/dags/dag_04_postgres_taxi.py
[2026-06-16T13:42:32.759+0000] {logging_mixin.py:188} INFO - [2026-06-16T13:42:32.759+0000] {dag.py:3089} INFO - Sync 1 DAGs
[2026-06-16T13:42:32.777+0000] {logging_mixin.py:188} INFO - [2026-06-16T13:42:32.777+0000] {dag.py:3947} INFO - Setting next_dagrun for 04_postgres_taxi to None, run_after=None
[2026-06-16T13:42:32.808+0000] {processor.py:183} INFO - Processing /opt/airflow/dags/dag_04_postgres_taxi.py took 0.153 seconds
[2026-06-16T13:43:02.885+0000] {processor.py:161} INFO - Started process (PID=6883) to work on /opt/airflow/dags/dag_04_postgres_taxi.py
[2026-06-16T13:43:02.886+0000] {processor.py:830} INFO - Processing file /opt/airflow/dags/dag_04_postgres_taxi.py for tasks to queue
[2026-06-16T13:43:02.889+0000] {logging_mixin.py:188} INFO - [2026-06-16T13:43:02.888+0000] {dagbag.py:545} INFO - Filling up the DagBag from /opt/airflow/dags/dag_04_postgres_taxi.py
[2026-06-16T13:43:02.903+0000] {processor.py:840} INFO - DAG(s) '04_postgres_taxi' retrieved from /opt/airflow/dags/dag_04_postgres_taxi.py
[2026-06-16T13:43:02.974+0000] {logging_mixin.py:188} INFO - [2026-06-16T13:43:02.974+0000] {dag.py:3089} INFO - Sync 1 DAGs
[2026-06-16T13:43:02.991+0000] {logging_mixin.py:188} INFO - [2026-06-16T13:43:02.991+0000] {dag.py:3947} INFO - Setting next_dagrun for 04_postgres_taxi to None, run_after=None
[2026-06-16T13:43:03.017+0000] {processor.py:183} INFO - Processing /opt/airflow/dags/dag_04_postgres_taxi.py took 0.147 seconds
[2026-06-16T13:43:33.218+0000] {processor.py:161} INFO - Started process (PID=6923) to work on /opt/airflow/dags/dag_04_postgres_taxi.py
[2026-06-16T13:43:33.219+0000] {processor.py:830} INFO - Processing file /opt/airflow/dags/dag_04_postgres_taxi.py for tasks to queue
[2026-06-16T13:43:33.221+0000] {logging_mixin.py:188} INFO - [2026-06-16T13:43:33.221+0000] {dagbag.py:545} INFO - Filling up the DagBag from /opt/airflow/dags/dag_04_postgres_taxi.py
[2026-06-16T13:43:33.233+0000] {processor.py:840} INFO - DAG(s) '04_postgres_taxi' retrieved from /opt/airflow/dags/dag_04_postgres_taxi.py
[2026-06-16T13:43:33.293+0000] {logging_mixin.py:188} INFO - [2026-06-16T13:43:33.293+0000] {dag.py:3089} INFO - Sync 1 DAGs
[2026-06-16T13:43:33.312+0000] {logging_mixin.py:188} INFO - [2026-06-16T13:43:33.311+0000] {dag.py:3947} INFO - Setting next_dagrun for 04_postgres_taxi to None, run_after=None
[2026-06-16T13:43:33.343+0000] {processor.py:183} INFO - Processing /opt/airflow/dags/dag_04_postgres_taxi.py took 0.133 seconds
[2026-06-16T13:44:04.190+0000] {processor.py:161} INFO - Started process (PID=6963) to work on /opt/airflow/dags/dag_04_postgres_taxi.py
[2026-06-16T13:44:04.201+0000] {processor.py:830} INFO - Processing file /opt/airflow/dags/dag_04_postgres_taxi.py for tasks to queue
[2026-06-16T13:44:04.204+0000] {logging_mixin.py:188} INFO - [2026-06-16T13:44:04.204+0000] {dagbag.py:545} INFO - Filling up the DagBag from /opt/airflow/dags/dag_04_postgres_taxi.py
[2026-06-16T13:44:04.224+0000] {processor.py:840} INFO - DAG(s) '04_postgres_taxi' retrieved from /opt/airflow/dags/dag_04_postgres_taxi.py
[2026-06-16T13:44:04.332+0000] {logging_mixin.py:188} INFO - [2026-06-16T13:44:04.332+0000] {dag.py:3089} INFO - Sync 1 DAGs
[2026-06-16T13:44:04.352+0000] {logging_mixin.py:188} INFO - [2026-06-16T13:44:04.351+0000] {dag.py:3947} INFO - Setting next_dagrun for 04_postgres_taxi to None, run_after=None
[2026-06-16T13:44:04.375+0000] {processor.py:183} INFO - Processing /opt/airflow/dags/dag_04_postgres_taxi.py took 0.200 seconds
[2026-06-16T13:44:34.526+0000] {processor.py:161} INFO - Started process (PID=7008) to work on /opt/airflow/dags/dag_04_postgres_taxi.py
[2026-06-16T13:44:34.528+0000] {processor.py:830} INFO - Processing file /opt/airflow/dags/dag_04_postgres_taxi.py for tasks to queue
[2026-06-16T13:44:34.530+0000] {logging_mixin.py:188} INFO - [2026-06-16T13:44:34.530+0000] {dagbag.py:545} INFO - Filling up the DagBag from /opt/airflow/dags/dag_04_postgres_taxi.py
[2026-06-16T13:44:34.548+0000] {processor.py:840} INFO - DAG(s) '04_postgres_taxi' retrieved from /opt/airflow/dags/dag_04_postgres_taxi.py
[2026-06-16T13:44:34.613+0000] {logging_mixin.py:188} INFO - [2026-06-16T13:44:34.613+0000] {dag.py:3089} INFO - Sync 1 DAGs
[2026-06-16T13:44:34.628+0000] {logging_mixin.py:188} INFO - [2026-06-16T13:44:34.628+0000] {dag.py:3947} INFO - Setting next_dagrun for 04_postgres_taxi to None, run_after=None
[2026-06-16T13:44:34.651+0000] {processor.py:183} INFO - Processing /opt/airflow/dags/dag_04_postgres_taxi.py took 0.134 seconds
[2026-06-16T13:45:04.832+0000] {processor.py:161} INFO - Started process (PID=7043) to work on /opt/airflow/dags/dag_04_postgres_taxi.py
[2026-06-16T13:45:04.834+0000] {processor.py:830} INFO - Processing file /opt/airflow/dags/dag_04_postgres_taxi.py for tasks to queue
[2026-06-16T13:45:04.839+0000] {logging_mixin.py:188} INFO - [2026-06-16T13:45:04.838+0000] {dagbag.py:545} INFO - Filling up the DagBag from /opt/airflow/dags/dag_04_postgres_taxi.py
[2026-06-16T13:45:04.860+0000] {processor.py:840} INFO - DAG(s) '04_postgres_taxi' retrieved from /opt/airflow/dags/dag_04_postgres_taxi.py
[2026-06-16T13:45:04.942+0000] {logging_mixin.py:188} INFO - [2026-06-16T13:45:04.941+0000] {dag.py:3089} INFO - Sync 1 DAGs
[2026-06-16T13:45:04.963+0000] {logging_mixin.py:188} INFO - [2026-06-16T13:45:04.963+0000] {dag.py:3947} INFO - Setting next_dagrun for 04_postgres_taxi to None, run_after=None
[2026-06-16T13:45:04.991+0000] {processor.py:183} INFO - Processing /opt/airflow/dags/dag_04_postgres_taxi.py took 0.177 seconds
[2026-06-16T13:45:35.924+0000] {processor.py:161} INFO - Started process (PID=7083) to work on /opt/airflow/dags/dag_04_postgres_taxi.py
[2026-06-16T13:45:35.930+0000] {processor.py:830} INFO - Processing file /opt/airflow/dags/dag_04_postgres_taxi.py for tasks to queue
[2026-06-16T13:45:35.932+0000] {logging_mixin.py:188} INFO - [2026-06-16T13:45:35.932+0000] {dagbag.py:545} INFO - Filling up the DagBag from /opt/airflow/dags/dag_04_postgres_taxi.py
[2026-06-16T13:45:35.947+0000] {processor.py:840} INFO - DAG(s) '04_postgres_taxi' retrieved from /opt/airflow/dags/dag_04_postgres_taxi.py
[2026-06-16T13:45:36.006+0000] {logging_mixin.py:188} INFO - [2026-06-16T13:45:36.006+0000] {dag.py:3089} INFO - Sync 1 DAGs
[2026-06-16T13:45:36.026+0000] {logging_mixin.py:188} INFO - [2026-06-16T13:45:36.026+0000] {dag.py:3947} INFO - Setting next_dagrun for 04_postgres_taxi to None, run_after=None
[2026-06-16T13:45:36.051+0000] {processor.py:183} INFO - Processing /opt/airflow/dags/dag_04_postgres_taxi.py took 0.139 seconds
[2026-06-16T13:46:06.200+0000] {processor.py:161} INFO - Started process (PID=7128) to work on /opt/airflow/dags/dag_04_postgres_taxi.py
[2026-06-16T13:46:06.201+0000] {processor.py:830} INFO - Processing file /opt/airflow/dags/dag_04_postgres_taxi.py for tasks to queue
[2026-06-16T13:46:06.203+0000] {logging_mixin.py:188} INFO - [2026-06-16T13:46:06.203+0000] {dagbag.py:545} INFO - Filling up the DagBag from /opt/airflow/dags/dag_04_postgres_taxi.py
[2026-06-16T13:46:06.214+0000] {processor.py:840} INFO - DAG(s) '04_postgres_taxi' retrieved from /opt/airflow/dags/dag_04_postgres_taxi.py
[2026-06-16T13:46:06.265+0000] {logging_mixin.py:188} INFO - [2026-06-16T13:46:06.265+0000] {dag.py:3089} INFO - Sync 1 DAGs
[2026-06-16T13:46:06.279+0000] {logging_mixin.py:188} INFO - [2026-06-16T13:46:06.278+0000] {dag.py:3947} INFO - Setting next_dagrun for 04_postgres_taxi to None, run_after=None
[2026-06-16T13:46:06.423+0000] {processor.py:183} INFO - Processing /opt/airflow/dags/dag_04_postgres_taxi.py took 0.230 seconds
[2026-06-16T13:46:36.523+0000] {processor.py:161} INFO - Started process (PID=7163) to work on /opt/airflow/dags/dag_04_postgres_taxi.py
[2026-06-16T13:46:36.532+0000] {processor.py:830} INFO - Processing file /opt/airflow/dags/dag_04_postgres_taxi.py for tasks to queue
[2026-06-16T13:46:36.535+0000] {logging_mixin.py:188} INFO - [2026-06-16T13:46:36.534+0000] {dagbag.py:545} INFO - Filling up the DagBag from /opt/airflow/dags/dag_04_postgres_taxi.py
[2026-06-16T13:46:36.548+0000] {processor.py:840} INFO - DAG(s) '04_postgres_taxi' retrieved from /opt/airflow/dags/dag_04_postgres_taxi.py
[2026-06-16T13:46:36.610+0000] {logging_mixin.py:188} INFO - [2026-06-16T13:46:36.610+0000] {dag.py:3089} INFO - Sync 1 DAGs
[2026-06-16T13:46:36.629+0000] {logging_mixin.py:188} INFO - [2026-06-16T13:46:36.629+0000] {dag.py:3947} INFO - Setting next_dagrun for 04_postgres_taxi to None, run_after=None
[2026-06-16T13:46:36.655+0000] {processor.py:183} INFO - Processing /opt/airflow/dags/dag_04_postgres_taxi.py took 0.141 seconds
[2026-06-16T13:47:06.854+0000] {processor.py:161} INFO - Started process (PID=7203) to work on /opt/airflow/dags/dag_04_postgres_taxi.py
[2026-06-16T13:47:06.855+0000] {processor.py:830} INFO - Processing file /opt/airflow/dags/dag_04_postgres_taxi.py for tasks to queue
[2026-06-16T13:47:06.858+0000] {logging_mixin.py:188} INFO - [2026-06-16T13:47:06.857+0000] {dagbag.py:545} INFO - Filling up the DagBag from /opt/airflow/dags/dag_04_postgres_taxi.py
[2026-06-16T13:47:06.871+0000] {processor.py:840} INFO - DAG(s) '04_postgres_taxi' retrieved from /opt/airflow/dags/dag_04_postgres_taxi.py
[2026-06-16T13:47:06.930+0000] {logging_mixin.py:188} INFO - [2026-06-16T13:47:06.930+0000] {dag.py:3089} INFO - Sync 1 DAGs
[2026-06-16T13:47:06.949+0000] {logging_mixin.py:188} INFO - [2026-06-16T13:47:06.949+0000] {dag.py:3947} INFO - Setting next_dagrun for 04_postgres_taxi to None, run_after=None
[2026-06-16T13:47:06.976+0000] {processor.py:183} INFO - Processing /opt/airflow/dags/dag_04_postgres_taxi.py took 0.133 seconds
[2026-06-16T13:47:37.636+0000] {processor.py:161} INFO - Started process (PID=7243) to work on /opt/airflow/dags/dag_04_postgres_taxi.py
[2026-06-16T13:47:37.644+0000] {processor.py:830} INFO - Processing file /opt/airflow/dags/dag_04_postgres_taxi.py for tasks to queue
[2026-06-16T13:47:37.646+0000] {logging_mixin.py:188} INFO - [2026-06-16T13:47:37.646+0000] {dagbag.py:545} INFO - Filling up the DagBag from /opt/airflow/dags/dag_04_postgres_taxi.py
[2026-06-16T13:47:37.658+0000] {processor.py:840} INFO - DAG(s) '04_postgres_taxi' retrieved from /opt/airflow/dags/dag_04_postgres_taxi.py
[2026-06-16T13:47:37.718+0000] {logging_mixin.py:188} INFO - [2026-06-16T13:47:37.718+0000] {dag.py:3089} INFO - Sync 1 DAGs
[2026-06-16T13:47:37.735+0000] {logging_mixin.py:188} INFO - [2026-06-16T13:47:37.734+0000] {dag.py:3947} INFO - Setting next_dagrun for 04_postgres_taxi to None, run_after=None
[2026-06-16T13:47:37.759+0000] {processor.py:183} INFO - Processing /opt/airflow/dags/dag_04_postgres_taxi.py took 0.132 seconds
[2026-06-16T13:48:07.808+0000] {processor.py:161} INFO - Started process (PID=7286) to work on /opt/airflow/dags/dag_04_postgres_taxi.py
[2026-06-16T13:48:07.809+0000] {processor.py:830} INFO - Processing file /opt/airflow/dags/dag_04_postgres_taxi.py for tasks to queue
[2026-06-16T13:48:07.811+0000] {logging_mixin.py:188} INFO - [2026-06-16T13:48:07.811+0000] {dagbag.py:545} INFO - Filling up the DagBag from /opt/airflow/dags/dag_04_postgres_taxi.py
[2026-06-16T13:48:07.826+0000] {processor.py:840} INFO - DAG(s) '04_postgres_taxi' retrieved from /opt/airflow/dags/dag_04_postgres_taxi.py
[2026-06-16T13:48:07.889+0000] {logging_mixin.py:188} INFO - [2026-06-16T13:48:07.889+0000] {dag.py:3089} INFO - Sync 1 DAGs
[2026-06-16T13:48:07.903+0000] {logging_mixin.py:188} INFO - [2026-06-16T13:48:07.903+0000] {dag.py:3947} INFO - Setting next_dagrun for 04_postgres_taxi to None, run_after=None
[2026-06-16T13:48:07.926+0000] {processor.py:183} INFO - Processing /opt/airflow/dags/dag_04_postgres_taxi.py took 0.128 seconds
[2026-06-16T13:48:38.458+0000] {processor.py:161} INFO - Started process (PID=7323) to work on /opt/airflow/dags/dag_04_postgres_taxi.py
[2026-06-16T13:48:38.459+0000] {processor.py:830} INFO - Processing file /opt/airflow/dags/dag_04_postgres_taxi.py for tasks to queue
[2026-06-16T13:48:38.462+0000] {logging_mixin.py:188} INFO - [2026-06-16T13:48:38.462+0000] {dagbag.py:545} INFO - Filling up the DagBag from /opt/airflow/dags/dag_04_postgres_taxi.py
[2026-06-16T13:48:38.475+0000] {processor.py:840} INFO - DAG(s) '04_postgres_taxi' retrieved from /opt/airflow/dags/dag_04_postgres_taxi.py
[2026-06-16T13:48:38.532+0000] {logging_mixin.py:188} INFO - [2026-06-16T13:48:38.532+0000] {dag.py:3089} INFO - Sync 1 DAGs
[2026-06-16T13:48:38.546+0000] {logging_mixin.py:188} INFO - [2026-06-16T13:48:38.546+0000] {dag.py:3947} INFO - Setting next_dagrun for 04_postgres_taxi to None, run_after=None
[2026-06-16T13:48:38.569+0000] {processor.py:183} INFO - Processing /opt/airflow/dags/dag_04_postgres_taxi.py took 0.119 seconds
[2026-06-16T13:49:09.064+0000] {processor.py:161} INFO - Started process (PID=7363) to work on /opt/airflow/dags/dag_04_postgres_taxi.py
[2026-06-16T13:49:09.065+0000] {processor.py:830} INFO - Processing file /opt/airflow/dags/dag_04_postgres_taxi.py for tasks to queue
[2026-06-16T13:49:09.067+0000] {logging_mixin.py:188} INFO - [2026-06-16T13:49:09.067+0000] {dagbag.py:545} INFO - Filling up the DagBag from /opt/airflow/dags/dag_04_postgres_taxi.py
[2026-06-16T13:49:09.078+0000] {processor.py:840} INFO - DAG(s) '04_postgres_taxi' retrieved from /opt/airflow/dags/dag_04_postgres_taxi.py
[2026-06-16T13:49:09.136+0000] {logging_mixin.py:188} INFO - [2026-06-16T13:49:09.136+0000] {dag.py:3089} INFO - Sync 1 DAGs
[2026-06-16T13:49:09.150+0000] {logging_mixin.py:188} INFO - [2026-06-16T13:49:09.150+0000] {dag.py:3947} INFO - Setting next_dagrun for 04_postgres_taxi to None, run_after=None
[2026-06-16T13:49:09.173+0000] {processor.py:183} INFO - Processing /opt/airflow/dags/dag_04_postgres_taxi.py took 0.116 seconds
[2026-06-16T13:49:39.388+0000] {processor.py:161} INFO - Started process (PID=7403) to work on /opt/airflow/dags/dag_04_postgres_taxi.py
[2026-06-16T13:49:39.389+0000] {processor.py:830} INFO - Processing file /opt/airflow/dags/dag_04_postgres_taxi.py for tasks to queue
[2026-06-16T13:49:39.391+0000] {logging_mixin.py:188} INFO - [2026-06-16T13:49:39.391+0000] {dagbag.py:545} INFO - Filling up the DagBag from /opt/airflow/dags/dag_04_postgres_taxi.py
[2026-06-16T13:49:39.403+0000] {processor.py:840} INFO - DAG(s) '04_postgres_taxi' retrieved from /opt/airflow/dags/dag_04_postgres_taxi.py
[2026-06-16T13:49:39.454+0000] {logging_mixin.py:188} INFO - [2026-06-16T13:49:39.454+0000] {dag.py:3089} INFO - Sync 1 DAGs
[2026-06-16T13:49:39.470+0000] {logging_mixin.py:188} INFO - [2026-06-16T13:49:39.470+0000] {dag.py:3947} INFO - Setting next_dagrun for 04_postgres_taxi to None, run_after=None
[2026-06-16T13:49:39.492+0000] {processor.py:183} INFO - Processing /opt/airflow/dags/dag_04_postgres_taxi.py took 0.111 seconds
[2026-06-16T13:50:09.657+0000] {processor.py:161} INFO - Started process (PID=7443) to work on /opt/airflow/dags/dag_04_postgres_taxi.py
[2026-06-16T13:50:09.658+0000] {processor.py:830} INFO - Processing file /opt/airflow/dags/dag_04_postgres_taxi.py for tasks to queue
[2026-06-16T13:50:09.660+0000] {logging_mixin.py:188} INFO - [2026-06-16T13:50:09.659+0000] {dagbag.py:545} INFO - Filling up the DagBag from /opt/airflow/dags/dag_04_postgres_taxi.py
[2026-06-16T13:50:09.671+0000] {processor.py:840} INFO - DAG(s) '04_postgres_taxi' retrieved from /opt/airflow/dags/dag_04_postgres_taxi.py
[2026-06-16T13:50:09.720+0000] {logging_mixin.py:188} INFO - [2026-06-16T13:50:09.720+0000] {dag.py:3089} INFO - Sync 1 DAGs
[2026-06-16T13:50:09.733+0000] {logging_mixin.py:188} INFO - [2026-06-16T13:50:09.733+0000] {dag.py:3947} INFO - Setting next_dagrun for 04_postgres_taxi to None, run_after=None
[2026-06-16T13:50:09.753+0000] {processor.py:183} INFO - Processing /opt/airflow/dags/dag_04_postgres_taxi.py took 0.104 seconds
[2026-06-16T13:50:39.902+0000] {processor.py:161} INFO - Started process (PID=7481) to work on /opt/airflow/dags/dag_04_postgres_taxi.py
[2026-06-16T13:50:39.903+0000] {processor.py:830} INFO - Processing file /opt/airflow/dags/dag_04_postgres_taxi.py for tasks to queue
[2026-06-16T13:50:39.906+0000] {logging_mixin.py:188} INFO - [2026-06-16T13:50:39.906+0000] {dagbag.py:545} INFO - Filling up the DagBag from /opt/airflow/dags/dag_04_postgres_taxi.py
[2026-06-16T13:50:39.924+0000] {processor.py:840} INFO - DAG(s) '04_postgres_taxi' retrieved from /opt/airflow/dags/dag_04_postgres_taxi.py
[2026-06-16T13:50:39.983+0000] {logging_mixin.py:188} INFO - [2026-06-16T13:50:39.983+0000] {dag.py:3089} INFO - Sync 1 DAGs
[2026-06-16T13:50:40.001+0000] {logging_mixin.py:188} INFO - [2026-06-16T13:50:40.001+0000] {dag.py:3947} INFO - Setting next_dagrun for 04_postgres_taxi to None, run_after=None
[2026-06-16T13:50:40.026+0000] {processor.py:183} INFO - Processing /opt/airflow/dags/dag_04_postgres_taxi.py took 0.134 seconds
[2026-06-16T13:51:10.088+0000] {processor.py:161} INFO - Started process (PID=7521) to work on /opt/airflow/dags/dag_04_postgres_taxi.py
[2026-06-16T13:51:10.090+0000] {processor.py:830} INFO - Processing file /opt/airflow/dags/dag_04_postgres_taxi.py for tasks to queue
[2026-06-16T13:51:10.092+0000] {logging_mixin.py:188} INFO - [2026-06-16T13:51:10.092+0000] {dagbag.py:545} INFO - Filling up the DagBag from /opt/airflow/dags/dag_04_postgres_taxi.py
[2026-06-16T13:51:10.111+0000] {processor.py:840} INFO - DAG(s) '04_postgres_taxi' retrieved from /opt/airflow/dags/dag_04_postgres_taxi.py
[2026-06-16T13:51:10.177+0000] {logging_mixin.py:188} INFO - [2026-06-16T13:51:10.176+0000] {dag.py:3089} INFO - Sync 1 DAGs
[2026-06-16T13:51:10.193+0000] {logging_mixin.py:188} INFO - [2026-06-16T13:51:10.192+0000] {dag.py:3947} INFO - Setting next_dagrun for 04_postgres_taxi to None, run_after=None
[2026-06-16T13:51:10.217+0000] {processor.py:183} INFO - Processing /opt/airflow/dags/dag_04_postgres_taxi.py took 0.140 seconds
[2026-06-16T13:51:40.385+0000] {processor.py:161} INFO - Started process (PID=7561) to work on /opt/airflow/dags/dag_04_postgres_taxi.py
[2026-06-16T13:51:40.386+0000] {processor.py:830} INFO - Processing file /opt/airflow/dags/dag_04_postgres_taxi.py for tasks to queue
[2026-06-16T13:51:40.389+0000] {logging_mixin.py:188} INFO - [2026-06-16T13:51:40.388+0000] {dagbag.py:545} INFO - Filling up the DagBag from /opt/airflow/dags/dag_04_postgres_taxi.py
[2026-06-16T13:51:40.402+0000] {processor.py:840} INFO - DAG(s) '04_postgres_taxi' retrieved from /opt/airflow/dags/dag_04_postgres_taxi.py
[2026-06-16T13:51:40.458+0000] {logging_mixin.py:188} INFO - [2026-06-16T13:51:40.458+0000] {dag.py:3089} INFO - Sync 1 DAGs
[2026-06-16T13:51:40.472+0000] {logging_mixin.py:188} INFO - [2026-06-16T13:51:40.472+0000] {dag.py:3947} INFO - Setting next_dagrun for 04_postgres_taxi to None, run_after=None
[2026-06-16T13:51:40.495+0000] {processor.py:183} INFO - Processing /opt/airflow/dags/dag_04_postgres_taxi.py took 0.118 seconds
[2026-06-16T13:52:10.571+0000] {processor.py:161} INFO - Started process (PID=7601) to work on /opt/airflow/dags/dag_04_postgres_taxi.py
[2026-06-16T13:52:10.573+0000] {processor.py:830} INFO - Processing file /opt/airflow/dags/dag_04_postgres_taxi.py for tasks to queue
[2026-06-16T13:52:10.575+0000] {logging_mixin.py:188} INFO - [2026-06-16T13:52:10.575+0000] {dagbag.py:545} INFO - Filling up the DagBag from /opt/airflow/dags/dag_04_postgres_taxi.py
[2026-06-16T13:52:10.589+0000] {processor.py:840} INFO - DAG(s) '04_postgres_taxi' retrieved from /opt/airflow/dags/dag_04_postgres_taxi.py
[2026-06-16T13:52:10.651+0000] {logging_mixin.py:188} INFO - [2026-06-16T13:52:10.651+0000] {dag.py:3089} INFO - Sync 1 DAGs
[2026-06-16T13:52:10.668+0000] {logging_mixin.py:188} INFO - [2026-06-16T13:52:10.667+0000] {dag.py:3947} INFO - Setting next_dagrun for 04_postgres_taxi to None, run_after=None
[2026-06-16T13:52:10.695+0000] {processor.py:183} INFO - Processing /opt/airflow/dags/dag_04_postgres_taxi.py took 0.132 seconds
[2026-06-16T13:52:40.779+0000] {processor.py:161} INFO - Started process (PID=7641) to work on /opt/airflow/dags/dag_04_postgres_taxi.py
[2026-06-16T13:52:40.781+0000] {processor.py:830} INFO - Processing file /opt/airflow/dags/dag_04_postgres_taxi.py for tasks to queue
[2026-06-16T13:52:40.783+0000] {logging_mixin.py:188} INFO - [2026-06-16T13:52:40.783+0000] {dagbag.py:545} INFO - Filling up the DagBag from /opt/airflow/dags/dag_04_postgres_taxi.py
[2026-06-16T13:52:40.797+0000] {processor.py:840} INFO - DAG(s) '04_postgres_taxi' retrieved from /opt/airflow/dags/dag_04_postgres_taxi.py
[2026-06-16T13:52:40.858+0000] {logging_mixin.py:188} INFO - [2026-06-16T13:52:40.858+0000] {dag.py:3089} INFO - Sync 1 DAGs
[2026-06-16T13:52:40.876+0000] {logging_mixin.py:188} INFO - [2026-06-16T13:52:40.876+0000] {dag.py:3947} INFO - Setting next_dagrun for 04_postgres_taxi to None, run_after=None
[2026-06-16T13:52:40.901+0000] {processor.py:183} INFO - Processing /opt/airflow/dags/dag_04_postgres_taxi.py took 0.131 seconds
[2026-06-16T13:53:11.048+0000] {processor.py:161} INFO - Started process (PID=7681) to work on /opt/airflow/dags/dag_04_postgres_taxi.py
[2026-06-16T13:53:11.049+0000] {processor.py:830} INFO - Processing file /opt/airflow/dags/dag_04_postgres_taxi.py for tasks to queue
[2026-06-16T13:53:11.051+0000] {logging_mixin.py:188} INFO - [2026-06-16T13:53:11.050+0000] {dagbag.py:545} INFO - Filling up the DagBag from /opt/airflow/dags/dag_04_postgres_taxi.py
[2026-06-16T13:53:11.063+0000] {processor.py:840} INFO - DAG(s) '04_postgres_taxi' retrieved from /opt/airflow/dags/dag_04_postgres_taxi.py
[2026-06-16T13:53:11.123+0000] {logging_mixin.py:188} INFO - [2026-06-16T13:53:11.122+0000] {dag.py:3089} INFO - Sync 1 DAGs
[2026-06-16T13:53:11.137+0000] {logging_mixin.py:188} INFO - [2026-06-16T13:53:11.137+0000] {dag.py:3947} INFO - Setting next_dagrun for 04_postgres_taxi to None, run_after=None
[2026-06-16T13:53:11.161+0000] {processor.py:183} INFO - Processing /opt/airflow/dags/dag_04_postgres_taxi.py took 0.121 seconds
[2026-06-16T13:53:41.291+0000] {processor.py:161} INFO - Started process (PID=7721) to work on /opt/airflow/dags/dag_04_postgres_taxi.py
[2026-06-16T13:53:41.292+0000] {processor.py:830} INFO - Processing file /opt/airflow/dags/dag_04_postgres_taxi.py for tasks to queue
[2026-06-16T13:53:41.295+0000] {logging_mixin.py:188} INFO - [2026-06-16T13:53:41.294+0000] {dagbag.py:545} INFO - Filling up the DagBag from /opt/airflow/dags/dag_04_postgres_taxi.py
[2026-06-16T13:53:41.313+0000] {processor.py:840} INFO - DAG(s) '04_postgres_taxi' retrieved from /opt/airflow/dags/dag_04_postgres_taxi.py
[2026-06-16T13:53:41.375+0000] {logging_mixin.py:188} INFO - [2026-06-16T13:53:41.374+0000] {dag.py:3089} INFO - Sync 1 DAGs
[2026-06-16T13:53:41.389+0000] {logging_mixin.py:188} INFO - [2026-06-16T13:53:41.389+0000] {dag.py:3947} INFO - Setting next_dagrun for 04_postgres_taxi to None, run_after=None
[2026-06-16T13:53:41.416+0000] {processor.py:183} INFO - Processing /opt/airflow/dags/dag_04_postgres_taxi.py took 0.133 seconds
[2026-06-16T13:54:11.562+0000] {processor.py:161} INFO - Started process (PID=7761) to work on /opt/airflow/dags/dag_04_postgres_taxi.py
[2026-06-16T13:54:11.563+0000] {processor.py:830} INFO - Processing file /opt/airflow/dags/dag_04_postgres_taxi.py for tasks to queue
[2026-06-16T13:54:11.566+0000] {logging_mixin.py:188} INFO - [2026-06-16T13:54:11.565+0000] {dagbag.py:545} INFO - Filling up the DagBag from /opt/airflow/dags/dag_04_postgres_taxi.py
[2026-06-16T13:54:11.581+0000] {processor.py:840} INFO - DAG(s) '04_postgres_taxi' retrieved from /opt/airflow/dags/dag_04_postgres_taxi.py
[2026-06-16T13:54:11.641+0000] {logging_mixin.py:188} INFO - [2026-06-16T13:54:11.641+0000] {dag.py:3089} INFO - Sync 1 DAGs
[2026-06-16T13:54:11.657+0000] {logging_mixin.py:188} INFO - [2026-06-16T13:54:11.656+0000] {dag.py:3947} INFO - Setting next_dagrun for 04_postgres_taxi to None, run_after=None
[2026-06-16T13:54:11.682+0000] {processor.py:183} INFO - Processing /opt/airflow/dags/dag_04_postgres_taxi.py took 0.129 seconds
[2026-06-16T13:54:41.784+0000] {processor.py:161} INFO - Started process (PID=7801) to work on /opt/airflow/dags/dag_04_postgres_taxi.py
[2026-06-16T13:54:41.786+0000] {processor.py:830} INFO - Processing file /opt/airflow/dags/dag_04_postgres_taxi.py for tasks to queue
[2026-06-16T13:54:41.788+0000] {logging_mixin.py:188} INFO - [2026-06-16T13:54:41.787+0000] {dagbag.py:545} INFO - Filling up the DagBag from /opt/airflow/dags/dag_04_postgres_taxi.py
[2026-06-16T13:54:41.801+0000] {processor.py:840} INFO - DAG(s) '04_postgres_taxi' retrieved from /opt/airflow/dags/dag_04_postgres_taxi.py
[2026-06-16T13:54:41.867+0000] {logging_mixin.py:188} INFO - [2026-06-16T13:54:41.867+0000] {dag.py:3089} INFO - Sync 1 DAGs
[2026-06-16T13:54:41.882+0000] {logging_mixin.py:188} INFO - [2026-06-16T13:54:41.881+0000] {dag.py:3947} INFO - Setting next_dagrun for 04_postgres_taxi to None, run_after=None
[2026-06-16T13:54:41.906+0000] {processor.py:183} INFO - Processing /opt/airflow/dags/dag_04_postgres_taxi.py took 0.130 seconds
[2026-06-16T13:55:11.976+0000] {processor.py:161} INFO - Started process (PID=7841) to work on /opt/airflow/dags/dag_04_postgres_taxi.py
[2026-06-16T13:55:11.977+0000] {processor.py:830} INFO - Processing file /opt/airflow/dags/dag_04_postgres_taxi.py for tasks to queue
[2026-06-16T13:55:11.980+0000] {logging_mixin.py:188} INFO - [2026-06-16T13:55:11.979+0000] {dagbag.py:545} INFO - Filling up the DagBag from /opt/airflow/dags/dag_04_postgres_taxi.py
[2026-06-16T13:55:11.997+0000] {processor.py:840} INFO - DAG(s) '04_postgres_taxi' retrieved from /opt/airflow/dags/dag_04_postgres_taxi.py
[2026-06-16T13:55:12.058+0000] {logging_mixin.py:188} INFO - [2026-06-16T13:55:12.058+0000] {dag.py:3089} INFO - Sync 1 DAGs
[2026-06-16T13:55:12.075+0000] {logging_mixin.py:188} INFO - [2026-06-16T13:55:12.075+0000] {dag.py:3947} INFO - Setting next_dagrun for 04_postgres_taxi to None, run_after=None
[2026-06-16T13:55:12.099+0000] {processor.py:183} INFO - Processing /opt/airflow/dags/dag_04_postgres_taxi.py took 0.133 seconds
[2026-06-16T13:55:42.166+0000] {processor.py:161} INFO - Started process (PID=7881) to work on /opt/airflow/dags/dag_04_postgres_taxi.py
[2026-06-16T13:55:42.168+0000] {processor.py:830} INFO - Processing file /opt/airflow/dags/dag_04_postgres_taxi.py for tasks to queue
[2026-06-16T13:55:42.171+0000] {logging_mixin.py:188} INFO - [2026-06-16T13:55:42.170+0000] {dagbag.py:545} INFO - Filling up the DagBag from /opt/airflow/dags/dag_04_postgres_taxi.py
[2026-06-16T13:55:42.186+0000] {processor.py:840} INFO - DAG(s) '04_postgres_taxi' retrieved from /opt/airflow/dags/dag_04_postgres_taxi.py
[2026-06-16T13:55:42.250+0000] {logging_mixin.py:188} INFO - [2026-06-16T13:55:42.250+0000] {dag.py:3089} INFO - Sync 1 DAGs
[2026-06-16T13:55:42.269+0000] {logging_mixin.py:188} INFO - [2026-06-16T13:55:42.269+0000] {dag.py:3947} INFO - Setting next_dagrun for 04_postgres_taxi to None, run_after=None
[2026-06-16T13:55:42.299+0000] {processor.py:183} INFO - Processing /opt/airflow/dags/dag_04_postgres_taxi.py took 0.141 seconds
[2026-06-16T13:56:12.926+0000] {processor.py:161} INFO - Started process (PID=7921) to work on /opt/airflow/dags/dag_04_postgres_taxi.py
[2026-06-16T13:56:12.927+0000] {processor.py:830} INFO - Processing file /opt/airflow/dags/dag_04_postgres_taxi.py for tasks to queue
[2026-06-16T13:56:12.930+0000] {logging_mixin.py:188} INFO - [2026-06-16T13:56:12.929+0000] {dagbag.py:545} INFO - Filling up the DagBag from /opt/airflow/dags/dag_04_postgres_taxi.py
[2026-06-16T13:56:12.945+0000] {processor.py:840} INFO - DAG(s) '04_postgres_taxi' retrieved from /opt/airflow/dags/dag_04_postgres_taxi.py
[2026-06-16T13:56:13.005+0000] {logging_mixin.py:188} INFO - [2026-06-16T13:56:13.005+0000] {dag.py:3089} INFO - Sync 1 DAGs
[2026-06-16T13:56:13.022+0000] {logging_mixin.py:188} INFO - [2026-06-16T13:56:13.021+0000] {dag.py:3947} INFO - Setting next_dagrun for 04_postgres_taxi to None, run_after=None
[2026-06-16T13:56:13.047+0000] {processor.py:183} INFO - Processing /opt/airflow/dags/dag_04_postgres_taxi.py took 0.130 seconds
[2026-06-16T13:56:43.861+0000] {processor.py:161} INFO - Started process (PID=7961) to work on /opt/airflow/dags/dag_04_postgres_taxi.py
[2026-06-16T13:56:43.864+0000] {processor.py:830} INFO - Processing file /opt/airflow/dags/dag_04_postgres_taxi.py for tasks to queue
[2026-06-16T13:56:43.867+0000] {logging_mixin.py:188} INFO - [2026-06-16T13:56:43.867+0000] {dagbag.py:545} INFO - Filling up the DagBag from /opt/airflow/dags/dag_04_postgres_taxi.py
[2026-06-16T13:56:43.883+0000] {processor.py:840} INFO - DAG(s) '04_postgres_taxi' retrieved from /opt/airflow/dags/dag_04_postgres_taxi.py
[2026-06-16T13:56:43.953+0000] {logging_mixin.py:188} INFO - [2026-06-16T13:56:43.953+0000] {dag.py:3089} INFO - Sync 1 DAGs
[2026-06-16T13:56:43.969+0000] {logging_mixin.py:188} INFO - [2026-06-16T13:56:43.969+0000] {dag.py:3947} INFO - Setting next_dagrun for 04_postgres_taxi to None, run_after=None
[2026-06-16T13:56:43.998+0000] {processor.py:183} INFO - Processing /opt/airflow/dags/dag_04_postgres_taxi.py took 0.147 seconds
[2026-06-16T13:57:14.141+0000] {processor.py:161} INFO - Started process (PID=8003) to work on /opt/airflow/dags/dag_04_postgres_taxi.py
[2026-06-16T13:57:14.142+0000] {processor.py:830} INFO - Processing file /opt/airflow/dags/dag_04_postgres_taxi.py for tasks to queue
[2026-06-16T13:57:14.145+0000] {logging_mixin.py:188} INFO - [2026-06-16T13:57:14.145+0000] {dagbag.py:545} INFO - Filling up the DagBag from /opt/airflow/dags/dag_04_postgres_taxi.py
[2026-06-16T13:57:14.163+0000] {processor.py:840} INFO - DAG(s) '04_postgres_taxi' retrieved from /opt/airflow/dags/dag_04_postgres_taxi.py
[2026-06-16T13:57:14.232+0000] {logging_mixin.py:188} INFO - [2026-06-16T13:57:14.232+0000] {dag.py:3089} INFO - Sync 1 DAGs
[2026-06-16T13:57:14.253+0000] {logging_mixin.py:188} INFO - [2026-06-16T13:57:14.252+0000] {dag.py:3947} INFO - Setting next_dagrun for 04_postgres_taxi to None, run_after=None
[2026-06-16T13:57:14.278+0000] {processor.py:183} INFO - Processing /opt/airflow/dags/dag_04_postgres_taxi.py took 0.149 seconds
[2026-06-16T13:57:44.435+0000] {processor.py:161} INFO - Started process (PID=8043) to work on /opt/airflow/dags/dag_04_postgres_taxi.py
[2026-06-16T13:57:44.436+0000] {processor.py:830} INFO - Processing file /opt/airflow/dags/dag_04_postgres_taxi.py for tasks to queue
[2026-06-16T13:57:44.439+0000] {logging_mixin.py:188} INFO - [2026-06-16T13:57:44.439+0000] {dagbag.py:545} INFO - Filling up the DagBag from /opt/airflow/dags/dag_04_postgres_taxi.py
[2026-06-16T13:57:44.454+0000] {processor.py:840} INFO - DAG(s) '04_postgres_taxi' retrieved from /opt/airflow/dags/dag_04_postgres_taxi.py
[2026-06-16T13:57:44.516+0000] {logging_mixin.py:188} INFO - [2026-06-16T13:57:44.516+0000] {dag.py:3089} INFO - Sync 1 DAGs
[2026-06-16T13:57:44.536+0000] {logging_mixin.py:188} INFO - [2026-06-16T13:57:44.536+0000] {dag.py:3947} INFO - Setting next_dagrun for 04_postgres_taxi to None, run_after=None
[2026-06-16T13:57:44.561+0000] {processor.py:183} INFO - Processing /opt/airflow/dags/dag_04_postgres_taxi.py took 0.136 seconds
[2026-06-16T13:58:14.678+0000] {processor.py:161} INFO - Started process (PID=8083) to work on /opt/airflow/dags/dag_04_postgres_taxi.py
[2026-06-16T13:58:14.679+0000] {processor.py:830} INFO - Processing file /opt/airflow/dags/dag_04_postgres_taxi.py for tasks to queue
[2026-06-16T13:58:14.681+0000] {logging_mixin.py:188} INFO - [2026-06-16T13:58:14.681+0000] {dagbag.py:545} INFO - Filling up the DagBag from /opt/airflow/dags/dag_04_postgres_taxi.py
[2026-06-16T13:58:14.692+0000] {processor.py:840} INFO - DAG(s) '04_postgres_taxi' retrieved from /opt/airflow/dags/dag_04_postgres_taxi.py
[2026-06-16T13:58:14.747+0000] {logging_mixin.py:188} INFO - [2026-06-16T13:58:14.747+0000] {dag.py:3089} INFO - Sync 1 DAGs
[2026-06-16T13:58:14.761+0000] {logging_mixin.py:188} INFO - [2026-06-16T13:58:14.761+0000] {dag.py:3947} INFO - Setting next_dagrun for 04_postgres_taxi to None, run_after=None
[2026-06-16T13:58:14.784+0000] {processor.py:183} INFO - Processing /opt/airflow/dags/dag_04_postgres_taxi.py took 0.113 seconds
[2026-06-16T13:58:44.859+0000] {processor.py:161} INFO - Started process (PID=8121) to work on /opt/airflow/dags/dag_04_postgres_taxi.py
[2026-06-16T13:58:44.861+0000] {processor.py:830} INFO - Processing file /opt/airflow/dags/dag_04_postgres_taxi.py for tasks to queue
[2026-06-16T13:58:44.863+0000] {logging_mixin.py:188} INFO - [2026-06-16T13:58:44.862+0000] {dagbag.py:545} INFO - Filling up the DagBag from /opt/airflow/dags/dag_04_postgres_taxi.py
[2026-06-16T13:58:44.876+0000] {processor.py:840} INFO - DAG(s) '04_postgres_taxi' retrieved from /opt/airflow/dags/dag_04_postgres_taxi.py
[2026-06-16T13:58:44.933+0000] {logging_mixin.py:188} INFO - [2026-06-16T13:58:44.933+0000] {dag.py:3089} INFO - Sync 1 DAGs
[2026-06-16T13:58:44.947+0000] {logging_mixin.py:188} INFO - [2026-06-16T13:58:44.947+0000] {dag.py:3947} INFO - Setting next_dagrun for 04_postgres_taxi to None, run_after=None
[2026-06-16T13:58:44.972+0000] {processor.py:183} INFO - Processing /opt/airflow/dags/dag_04_postgres_taxi.py took 0.122 seconds
[2026-06-16T13:59:15.085+0000] {processor.py:161} INFO - Started process (PID=8163) to work on /opt/airflow/dags/dag_04_postgres_taxi.py
[2026-06-16T13:59:15.086+0000] {processor.py:830} INFO - Processing file /opt/airflow/dags/dag_04_postgres_taxi.py for tasks to queue
[2026-06-16T13:59:15.088+0000] {logging_mixin.py:188} INFO - [2026-06-16T13:59:15.087+0000] {dagbag.py:545} INFO - Filling up the DagBag from /opt/airflow/dags/dag_04_postgres_taxi.py
[2026-06-16T13:59:15.101+0000] {processor.py:840} INFO - DAG(s) '04_postgres_taxi' retrieved from /opt/airflow/dags/dag_04_postgres_taxi.py
[2026-06-16T13:59:15.154+0000] {logging_mixin.py:188} INFO - [2026-06-16T13:59:15.154+0000] {dag.py:3089} INFO - Sync 1 DAGs
[2026-06-16T13:59:15.168+0000] {logging_mixin.py:188} INFO - [2026-06-16T13:59:15.168+0000] {dag.py:3947} INFO - Setting next_dagrun for 04_postgres_taxi to None, run_after=None
[2026-06-16T13:59:15.190+0000] {processor.py:183} INFO - Processing /opt/airflow/dags/dag_04_postgres_taxi.py took 0.113 seconds
[2026-06-16T13:59:45.832+0000] {processor.py:161} INFO - Started process (PID=8201) to work on /opt/airflow/dags/dag_04_postgres_taxi.py
[2026-06-16T13:59:45.834+0000] {processor.py:830} INFO - Processing file /opt/airflow/dags/dag_04_postgres_taxi.py for tasks to queue
[2026-06-16T13:59:45.836+0000] {logging_mixin.py:188} INFO - [2026-06-16T13:59:45.836+0000] {dagbag.py:545} INFO - Filling up the DagBag from /opt/airflow/dags/dag_04_postgres_taxi.py
[2026-06-16T13:59:45.850+0000] {processor.py:840} INFO - DAG(s) '04_postgres_taxi' retrieved from /opt/airflow/dags/dag_04_postgres_taxi.py
[2026-06-16T13:59:45.911+0000] {logging_mixin.py:188} INFO - [2026-06-16T13:59:45.911+0000] {dag.py:3089} INFO - Sync 1 DAGs
[2026-06-16T13:59:45.925+0000] {logging_mixin.py:188} INFO - [2026-06-16T13:59:45.925+0000] {dag.py:3947} INFO - Setting next_dagrun for 04_postgres_taxi to None, run_after=None
[2026-06-16T13:59:45.951+0000] {processor.py:183} INFO - Processing /opt/airflow/dags/dag_04_postgres_taxi.py took 0.128 seconds
[2026-06-16T14:00:16.905+0000] {processor.py:161} INFO - Started process (PID=8241) to work on /opt/airflow/dags/dag_04_postgres_taxi.py
[2026-06-16T14:00:16.906+0000] {processor.py:830} INFO - Processing file /opt/airflow/dags/dag_04_postgres_taxi.py for tasks to queue
[2026-06-16T14:00:16.909+0000] {logging_mixin.py:188} INFO - [2026-06-16T14:00:16.908+0000] {dagbag.py:545} INFO - Filling up the DagBag from /opt/airflow/dags/dag_04_postgres_taxi.py
[2026-06-16T14:00:16.924+0000] {processor.py:840} INFO - DAG(s) '04_postgres_taxi' retrieved from /opt/airflow/dags/dag_04_postgres_taxi.py
[2026-06-16T14:00:16.988+0000] {logging_mixin.py:188} INFO - [2026-06-16T14:00:16.987+0000] {dag.py:3089} INFO - Sync 1 DAGs
[2026-06-16T14:00:17.005+0000] {logging_mixin.py:188} INFO - [2026-06-16T14:00:17.005+0000] {dag.py:3947} INFO - Setting next_dagrun for 04_postgres_taxi to None, run_after=None
[2026-06-16T14:00:17.037+0000] {processor.py:183} INFO - Processing /opt/airflow/dags/dag_04_postgres_taxi.py took 0.144 seconds
[2026-06-16T14:00:47.112+0000] {processor.py:161} INFO - Started process (PID=8281) to work on /opt/airflow/dags/dag_04_postgres_taxi.py
[2026-06-16T14:00:47.114+0000] {processor.py:830} INFO - Processing file /opt/airflow/dags/dag_04_postgres_taxi.py for tasks to queue
[2026-06-16T14:00:47.117+0000] {logging_mixin.py:188} INFO - [2026-06-16T14:00:47.116+0000] {dagbag.py:545} INFO - Filling up the DagBag from /opt/airflow/dags/dag_04_postgres_taxi.py
[2026-06-16T14:00:47.134+0000] {processor.py:840} INFO - DAG(s) '04_postgres_taxi' retrieved from /opt/airflow/dags/dag_04_postgres_taxi.py
[2026-06-16T14:00:47.196+0000] {logging_mixin.py:188} INFO - [2026-06-16T14:00:47.196+0000] {dag.py:3089} INFO - Sync 1 DAGs
[2026-06-16T14:00:47.212+0000] {logging_mixin.py:188} INFO - [2026-06-16T14:00:47.212+0000] {dag.py:3947} INFO - Setting next_dagrun for 04_postgres_taxi to None, run_after=None
[2026-06-16T14:00:47.238+0000] {processor.py:183} INFO - Processing /opt/airflow/dags/dag_04_postgres_taxi.py took 0.136 seconds
[2026-06-16T14:01:17.333+0000] {processor.py:161} INFO - Started process (PID=8323) to work on /opt/airflow/dags/dag_04_postgres_taxi.py
[2026-06-16T14:01:17.334+0000] {processor.py:830} INFO - Processing file /opt/airflow/dags/dag_04_postgres_taxi.py for tasks to queue
[2026-06-16T14:01:17.336+0000] {logging_mixin.py:188} INFO - [2026-06-16T14:01:17.336+0000] {dagbag.py:545} INFO - Filling up the DagBag from /opt/airflow/dags/dag_04_postgres_taxi.py
[2026-06-16T14:01:17.350+0000] {processor.py:840} INFO - DAG(s) '04_postgres_taxi' retrieved from /opt/airflow/dags/dag_04_postgres_taxi.py
[2026-06-16T14:01:17.409+0000] {logging_mixin.py:188} INFO - [2026-06-16T14:01:17.409+0000] {dag.py:3089} INFO - Sync 1 DAGs
[2026-06-16T14:01:17.423+0000] {logging_mixin.py:188} INFO - [2026-06-16T14:01:17.423+0000] {dag.py:3947} INFO - Setting next_dagrun for 04_postgres_taxi to None, run_after=None
[2026-06-16T14:01:17.449+0000] {processor.py:183} INFO - Processing /opt/airflow/dags/dag_04_postgres_taxi.py took 0.124 seconds
[2026-06-16T14:01:47.564+0000] {processor.py:161} INFO - Started process (PID=8362) to work on /opt/airflow/dags/dag_04_postgres_taxi.py
[2026-06-16T14:01:47.565+0000] {processor.py:830} INFO - Processing file /opt/airflow/dags/dag_04_postgres_taxi.py for tasks to queue
[2026-06-16T14:01:47.568+0000] {logging_mixin.py:188} INFO - [2026-06-16T14:01:47.568+0000] {dagbag.py:545} INFO - Filling up the DagBag from /opt/airflow/dags/dag_04_postgres_taxi.py
[2026-06-16T14:01:47.583+0000] {processor.py:840} INFO - DAG(s) '04_postgres_taxi' retrieved from /opt/airflow/dags/dag_04_postgres_taxi.py
[2026-06-16T14:01:47.642+0000] {logging_mixin.py:188} INFO - [2026-06-16T14:01:47.642+0000] {dag.py:3089} INFO - Sync 1 DAGs
[2026-06-16T14:01:47.659+0000] {logging_mixin.py:188} INFO - [2026-06-16T14:01:47.659+0000] {dag.py:3947} INFO - Setting next_dagrun for 04_postgres_taxi to None, run_after=None
[2026-06-16T14:01:47.683+0000] {processor.py:183} INFO - Processing /opt/airflow/dags/dag_04_postgres_taxi.py took 0.128 seconds
[2026-06-16T14:02:17.740+0000] {processor.py:161} INFO - Started process (PID=8403) to work on /opt/airflow/dags/dag_04_postgres_taxi.py
[2026-06-16T14:02:17.742+0000] {processor.py:830} INFO - Processing file /opt/airflow/dags/dag_04_postgres_taxi.py for tasks to queue
[2026-06-16T14:02:17.744+0000] {logging_mixin.py:188} INFO - [2026-06-16T14:02:17.744+0000] {dagbag.py:545} INFO - Filling up the DagBag from /opt/airflow/dags/dag_04_postgres_taxi.py
[2026-06-16T14:02:17.756+0000] {processor.py:840} INFO - DAG(s) '04_postgres_taxi' retrieved from /opt/airflow/dags/dag_04_postgres_taxi.py
[2026-06-16T14:02:17.815+0000] {logging_mixin.py:188} INFO - [2026-06-16T14:02:17.815+0000] {dag.py:3089} INFO - Sync 1 DAGs
[2026-06-16T14:02:17.830+0000] {logging_mixin.py:188} INFO - [2026-06-16T14:02:17.830+0000] {dag.py:3947} INFO - Setting next_dagrun for 04_postgres_taxi to None, run_after=None
[2026-06-16T14:02:17.858+0000] {processor.py:183} INFO - Processing /opt/airflow/dags/dag_04_postgres_taxi.py took 0.125 seconds
[2026-06-16T14:02:47.983+0000] {processor.py:161} INFO - Started process (PID=8441) to work on /opt/airflow/dags/dag_04_postgres_taxi.py
[2026-06-16T14:02:47.984+0000] {processor.py:830} INFO - Processing file /opt/airflow/dags/dag_04_postgres_taxi.py for tasks to queue
[2026-06-16T14:02:47.987+0000] {logging_mixin.py:188} INFO - [2026-06-16T14:02:47.987+0000] {dagbag.py:545} INFO - Filling up the DagBag from /opt/airflow/dags/dag_04_postgres_taxi.py
[2026-06-16T14:02:48.004+0000] {processor.py:840} INFO - DAG(s) '04_postgres_taxi' retrieved from /opt/airflow/dags/dag_04_postgres_taxi.py
[2026-06-16T14:02:48.072+0000] {logging_mixin.py:188} INFO - [2026-06-16T14:02:48.071+0000] {dag.py:3089} INFO - Sync 1 DAGs
[2026-06-16T14:02:48.088+0000] {logging_mixin.py:188} INFO - [2026-06-16T14:02:48.088+0000] {dag.py:3947} INFO - Setting next_dagrun for 04_postgres_taxi to None, run_after=None
[2026-06-16T14:02:48.116+0000] {processor.py:183} INFO - Processing /opt/airflow/dags/dag_04_postgres_taxi.py took 0.145 seconds
[2026-06-16T14:03:18.234+0000] {processor.py:161} INFO - Started process (PID=8483) to work on /opt/airflow/dags/dag_04_postgres_taxi.py
[2026-06-16T14:03:18.235+0000] {processor.py:830} INFO - Processing file /opt/airflow/dags/dag_04_postgres_taxi.py for tasks to queue
[2026-06-16T14:03:18.237+0000] {logging_mixin.py:188} INFO - [2026-06-16T14:03:18.237+0000] {dagbag.py:545} INFO - Filling up the DagBag from /opt/airflow/dags/dag_04_postgres_taxi.py
[2026-06-16T14:03:18.252+0000] {processor.py:840} INFO - DAG(s) '04_postgres_taxi' retrieved from /opt/airflow/dags/dag_04_postgres_taxi.py
[2026-06-16T14:03:18.317+0000] {logging_mixin.py:188} INFO - [2026-06-16T14:03:18.316+0000] {dag.py:3089} INFO - Sync 1 DAGs
[2026-06-16T14:03:18.332+0000] {logging_mixin.py:188} INFO - [2026-06-16T14:03:18.332+0000] {dag.py:3947} INFO - Setting next_dagrun for 04_postgres_taxi to None, run_after=None
[2026-06-16T14:03:18.356+0000] {processor.py:183} INFO - Processing /opt/airflow/dags/dag_04_postgres_taxi.py took 0.129 seconds
[2026-06-16T14:03:48.413+0000] {processor.py:161} INFO - Started process (PID=8521) to work on /opt/airflow/dags/dag_04_postgres_taxi.py
[2026-06-16T14:03:48.415+0000] {processor.py:830} INFO - Processing file /opt/airflow/dags/dag_04_postgres_taxi.py for tasks to queue
[2026-06-16T14:03:48.417+0000] {logging_mixin.py:188} INFO - [2026-06-16T14:03:48.417+0000] {dagbag.py:545} INFO - Filling up the DagBag from /opt/airflow/dags/dag_04_postgres_taxi.py
[2026-06-16T14:03:48.430+0000] {processor.py:840} INFO - DAG(s) '04_postgres_taxi' retrieved from /opt/airflow/dags/dag_04_postgres_taxi.py
[2026-06-16T14:03:48.492+0000] {logging_mixin.py:188} INFO - [2026-06-16T14:03:48.492+0000] {dag.py:3089} INFO - Sync 1 DAGs
[2026-06-16T14:03:48.509+0000] {logging_mixin.py:188} INFO - [2026-06-16T14:03:48.508+0000] {dag.py:3947} INFO - Setting next_dagrun for 04_postgres_taxi to None, run_after=None
[2026-06-16T14:03:48.531+0000] {processor.py:183} INFO - Processing /opt/airflow/dags/dag_04_postgres_taxi.py took 0.127 seconds
[2026-06-16T14:04:18.652+0000] {processor.py:161} INFO - Started process (PID=8563) to work on /opt/airflow/dags/dag_04_postgres_taxi.py
[2026-06-16T14:04:18.653+0000] {processor.py:830} INFO - Processing file /opt/airflow/dags/dag_04_postgres_taxi.py for tasks to queue
[2026-06-16T14:04:18.655+0000] {logging_mixin.py:188} INFO - [2026-06-16T14:04:18.654+0000] {dagbag.py:545} INFO - Filling up the DagBag from /opt/airflow/dags/dag_04_postgres_taxi.py
[2026-06-16T14:04:18.668+0000] {processor.py:840} INFO - DAG(s) '04_postgres_taxi' retrieved from /opt/airflow/dags/dag_04_postgres_taxi.py
[2026-06-16T14:04:18.725+0000] {logging_mixin.py:188} INFO - [2026-06-16T14:04:18.725+0000] {dag.py:3089} INFO - Sync 1 DAGs
[2026-06-16T14:04:18.740+0000] {logging_mixin.py:188} INFO - [2026-06-16T14:04:18.739+0000] {dag.py:3947} INFO - Setting next_dagrun for 04_postgres_taxi to None, run_after=None
[2026-06-16T14:04:18.762+0000] {processor.py:183} INFO - Processing /opt/airflow/dags/dag_04_postgres_taxi.py took 0.121 seconds
[2026-06-16T14:04:48.842+0000] {processor.py:161} INFO - Started process (PID=8603) to work on /opt/airflow/dags/dag_04_postgres_taxi.py
[2026-06-16T14:04:48.844+0000] {processor.py:830} INFO - Processing file /opt/airflow/dags/dag_04_postgres_taxi.py for tasks to queue
[2026-06-16T14:04:48.847+0000] {logging_mixin.py:188} INFO - [2026-06-16T14:04:48.846+0000] {dagbag.py:545} INFO - Filling up the DagBag from /opt/airflow/dags/dag_04_postgres_taxi.py
[2026-06-16T14:04:48.861+0000] {processor.py:840} INFO - DAG(s) '04_postgres_taxi' retrieved from /opt/airflow/dags/dag_04_postgres_taxi.py
[2026-06-16T14:04:48.918+0000] {logging_mixin.py:188} INFO - [2026-06-16T14:04:48.917+0000] {dag.py:3089} INFO - Sync 1 DAGs
[2026-06-16T14:04:48.932+0000] {logging_mixin.py:188} INFO - [2026-06-16T14:04:48.932+0000] {dag.py:3947} INFO - Setting next_dagrun for 04_postgres_taxi to None, run_after=None
[2026-06-16T14:04:48.955+0000] {processor.py:183} INFO - Processing /opt/airflow/dags/dag_04_postgres_taxi.py took 0.119 seconds
[2026-06-16T14:05:19.057+0000] {processor.py:161} INFO - Started process (PID=8642) to work on /opt/airflow/dags/dag_04_postgres_taxi.py
[2026-06-16T14:05:19.059+0000] {processor.py:830} INFO - Processing file /opt/airflow/dags/dag_04_postgres_taxi.py for tasks to queue
[2026-06-16T14:05:19.061+0000] {logging_mixin.py:188} INFO - [2026-06-16T14:05:19.061+0000] {dagbag.py:545} INFO - Filling up the DagBag from /opt/airflow/dags/dag_04_postgres_taxi.py
[2026-06-16T14:05:19.073+0000] {processor.py:840} INFO - DAG(s) '04_postgres_taxi' retrieved from /opt/airflow/dags/dag_04_postgres_taxi.py
[2026-06-16T14:05:19.140+0000] {logging_mixin.py:188} INFO - [2026-06-16T14:05:19.140+0000] {dag.py:3089} INFO - Sync 1 DAGs
[2026-06-16T14:05:19.156+0000] {logging_mixin.py:188} INFO - [2026-06-16T14:05:19.156+0000] {dag.py:3947} INFO - Setting next_dagrun for 04_postgres_taxi to None, run_after=None
[2026-06-16T14:05:19.179+0000] {processor.py:183} INFO - Processing /opt/airflow/dags/dag_04_postgres_taxi.py took 0.132 seconds
[2026-06-16T14:05:49.252+0000] {processor.py:161} INFO - Started process (PID=8682) to work on /opt/airflow/dags/dag_04_postgres_taxi.py
[2026-06-16T14:05:49.254+0000] {processor.py:830} INFO - Processing file /opt/airflow/dags/dag_04_postgres_taxi.py for tasks to queue
[2026-06-16T14:05:49.256+0000] {logging_mixin.py:188} INFO - [2026-06-16T14:05:49.256+0000] {dagbag.py:545} INFO - Filling up the DagBag from /opt/airflow/dags/dag_04_postgres_taxi.py
[2026-06-16T14:05:49.269+0000] {processor.py:840} INFO - DAG(s) '04_postgres_taxi' retrieved from /opt/airflow/dags/dag_04_postgres_taxi.py
[2026-06-16T14:05:49.325+0000] {logging_mixin.py:188} INFO - [2026-06-16T14:05:49.325+0000] {dag.py:3089} INFO - Sync 1 DAGs
[2026-06-16T14:05:49.340+0000] {logging_mixin.py:188} INFO - [2026-06-16T14:05:49.340+0000] {dag.py:3947} INFO - Setting next_dagrun for 04_postgres_taxi to None, run_after=None
[2026-06-16T14:05:49.365+0000] {processor.py:183} INFO - Processing /opt/airflow/dags/dag_04_postgres_taxi.py took 0.122 seconds
[2026-06-16T14:06:19.508+0000] {processor.py:161} INFO - Started process (PID=8721) to work on /opt/airflow/dags/dag_04_postgres_taxi.py
[2026-06-16T14:06:19.509+0000] {processor.py:830} INFO - Processing file /opt/airflow/dags/dag_04_postgres_taxi.py for tasks to queue
[2026-06-16T14:06:19.512+0000] {logging_mixin.py:188} INFO - [2026-06-16T14:06:19.512+0000] {dagbag.py:545} INFO - Filling up the DagBag from /opt/airflow/dags/dag_04_postgres_taxi.py
[2026-06-16T14:06:19.528+0000] {processor.py:840} INFO - DAG(s) '04_postgres_taxi' retrieved from /opt/airflow/dags/dag_04_postgres_taxi.py
[2026-06-16T14:06:19.591+0000] {logging_mixin.py:188} INFO - [2026-06-16T14:06:19.590+0000] {dag.py:3089} INFO - Sync 1 DAGs
[2026-06-16T14:06:19.606+0000] {logging_mixin.py:188} INFO - [2026-06-16T14:06:19.605+0000] {dag.py:3947} INFO - Setting next_dagrun for 04_postgres_taxi to None, run_after=None
[2026-06-16T14:06:19.632+0000] {processor.py:183} INFO - Processing /opt/airflow/dags/dag_04_postgres_taxi.py took 0.133 seconds
[2026-06-16T14:06:50.546+0000] {processor.py:161} INFO - Started process (PID=8763) to work on /opt/airflow/dags/dag_04_postgres_taxi.py
[2026-06-16T14:06:50.547+0000] {processor.py:830} INFO - Processing file /opt/airflow/dags/dag_04_postgres_taxi.py for tasks to queue
[2026-06-16T14:06:50.549+0000] {logging_mixin.py:188} INFO - [2026-06-16T14:06:50.549+0000] {dagbag.py:545} INFO - Filling up the DagBag from /opt/airflow/dags/dag_04_postgres_taxi.py
[2026-06-16T14:06:50.562+0000] {processor.py:840} INFO - DAG(s) '04_postgres_taxi' retrieved from /opt/airflow/dags/dag_04_postgres_taxi.py
[2026-06-16T14:06:50.621+0000] {logging_mixin.py:188} INFO - [2026-06-16T14:06:50.621+0000] {dag.py:3089} INFO - Sync 1 DAGs
[2026-06-16T14:06:50.636+0000] {logging_mixin.py:188} INFO - [2026-06-16T14:06:50.636+0000] {dag.py:3947} INFO - Setting next_dagrun for 04_postgres_taxi to None, run_after=None
[2026-06-16T14:06:50.658+0000] {processor.py:183} INFO - Processing /opt/airflow/dags/dag_04_postgres_taxi.py took 0.120 seconds
[2026-06-16T14:07:20.722+0000] {processor.py:161} INFO - Started process (PID=8801) to work on /opt/airflow/dags/dag_04_postgres_taxi.py
[2026-06-16T14:07:20.723+0000] {processor.py:830} INFO - Processing file /opt/airflow/dags/dag_04_postgres_taxi.py for tasks to queue
[2026-06-16T14:07:20.726+0000] {logging_mixin.py:188} INFO - [2026-06-16T14:07:20.725+0000] {dagbag.py:545} INFO - Filling up the DagBag from /opt/airflow/dags/dag_04_postgres_taxi.py
[2026-06-16T14:07:20.739+0000] {processor.py:840} INFO - DAG(s) '04_postgres_taxi' retrieved from /opt/airflow/dags/dag_04_postgres_taxi.py
[2026-06-16T14:07:20.791+0000] {logging_mixin.py:188} INFO - [2026-06-16T14:07:20.790+0000] {dag.py:3089} INFO - Sync 1 DAGs
[2026-06-16T14:07:20.804+0000] {logging_mixin.py:188} INFO - [2026-06-16T14:07:20.803+0000] {dag.py:3947} INFO - Setting next_dagrun for 04_postgres_taxi to None, run_after=None
[2026-06-16T14:07:20.826+0000] {processor.py:183} INFO - Processing /opt/airflow/dags/dag_04_postgres_taxi.py took 0.112 seconds
[2026-06-16T14:07:50.925+0000] {processor.py:161} INFO - Started process (PID=8843) to work on /opt/airflow/dags/dag_04_postgres_taxi.py
[2026-06-16T14:07:50.926+0000] {processor.py:830} INFO - Processing file /opt/airflow/dags/dag_04_postgres_taxi.py for tasks to queue
[2026-06-16T14:07:50.928+0000] {logging_mixin.py:188} INFO - [2026-06-16T14:07:50.928+0000] {dagbag.py:545} INFO - Filling up the DagBag from /opt/airflow/dags/dag_04_postgres_taxi.py
[2026-06-16T14:07:50.939+0000] {processor.py:840} INFO - DAG(s) '04_postgres_taxi' retrieved from /opt/airflow/dags/dag_04_postgres_taxi.py
[2026-06-16T14:07:50.998+0000] {logging_mixin.py:188} INFO - [2026-06-16T14:07:50.998+0000] {dag.py:3089} INFO - Sync 1 DAGs
[2026-06-16T14:07:51.014+0000] {logging_mixin.py:188} INFO - [2026-06-16T14:07:51.014+0000] {dag.py:3947} INFO - Setting next_dagrun for 04_postgres_taxi to None, run_after=None
[2026-06-16T14:07:51.037+0000] {processor.py:183} INFO - Processing /opt/airflow/dags/dag_04_postgres_taxi.py took 0.119 seconds
[2026-06-16T14:08:21.289+0000] {processor.py:161} INFO - Started process (PID=8883) to work on /opt/airflow/dags/dag_04_postgres_taxi.py
[2026-06-16T14:08:21.290+0000] {processor.py:830} INFO - Processing file /opt/airflow/dags/dag_04_postgres_taxi.py for tasks to queue
[2026-06-16T14:08:21.292+0000] {logging_mixin.py:188} INFO - [2026-06-16T14:08:21.292+0000] {dagbag.py:545} INFO - Filling up the DagBag from /opt/airflow/dags/dag_04_postgres_taxi.py
[2026-06-16T14:08:21.305+0000] {processor.py:840} INFO - DAG(s) '04_postgres_taxi' retrieved from /opt/airflow/dags/dag_04_postgres_taxi.py
[2026-06-16T14:08:21.364+0000] {logging_mixin.py:188} INFO - [2026-06-16T14:08:21.363+0000] {dag.py:3089} INFO - Sync 1 DAGs
[2026-06-16T14:08:21.379+0000] {logging_mixin.py:188} INFO - [2026-06-16T14:08:21.379+0000] {dag.py:3947} INFO - Setting next_dagrun for 04_postgres_taxi to None, run_after=None
[2026-06-16T14:08:21.408+0000] {processor.py:183} INFO - Processing /opt/airflow/dags/dag_04_postgres_taxi.py took 0.130 seconds
[2026-06-16T14:08:52.413+0000] {processor.py:161} INFO - Started process (PID=8921) to work on /opt/airflow/dags/dag_04_postgres_taxi.py
[2026-06-16T14:08:52.414+0000] {processor.py:830} INFO - Processing file /opt/airflow/dags/dag_04_postgres_taxi.py for tasks to queue
[2026-06-16T14:08:52.417+0000] {logging_mixin.py:188} INFO - [2026-06-16T14:08:52.416+0000] {dagbag.py:545} INFO - Filling up the DagBag from /opt/airflow/dags/dag_04_postgres_taxi.py
[2026-06-16T14:08:52.431+0000] {processor.py:840} INFO - DAG(s) '04_postgres_taxi' retrieved from /opt/airflow/dags/dag_04_postgres_taxi.py
[2026-06-16T14:08:52.490+0000] {logging_mixin.py:188} INFO - [2026-06-16T14:08:52.490+0000] {dag.py:3089} INFO - Sync 1 DAGs
[2026-06-16T14:08:52.506+0000] {logging_mixin.py:188} INFO - [2026-06-16T14:08:52.506+0000] {dag.py:3947} INFO - Setting next_dagrun for 04_postgres_taxi to None, run_after=None
[2026-06-16T14:08:52.531+0000] {processor.py:183} INFO - Processing /opt/airflow/dags/dag_04_postgres_taxi.py took 0.129 seconds
[2026-06-16T14:09:23.555+0000] {processor.py:161} INFO - Started process (PID=8961) to work on /opt/airflow/dags/dag_04_postgres_taxi.py
[2026-06-16T14:09:23.556+0000] {processor.py:830} INFO - Processing file /opt/airflow/dags/dag_04_postgres_taxi.py for tasks to queue
[2026-06-16T14:09:23.558+0000] {logging_mixin.py:188} INFO - [2026-06-16T14:09:23.557+0000] {dagbag.py:545} INFO - Filling up the DagBag from /opt/airflow/dags/dag_04_postgres_taxi.py
[2026-06-16T14:09:23.571+0000] {processor.py:840} INFO - DAG(s) '04_postgres_taxi' retrieved from /opt/airflow/dags/dag_04_postgres_taxi.py
[2026-06-16T14:09:23.632+0000] {logging_mixin.py:188} INFO - [2026-06-16T14:09:23.632+0000] {dag.py:3089} INFO - Sync 1 DAGs
[2026-06-16T14:09:23.647+0000] {logging_mixin.py:188} INFO - [2026-06-16T14:09:23.647+0000] {dag.py:3947} INFO - Setting next_dagrun for 04_postgres_taxi to None, run_after=None
[2026-06-16T14:09:23.672+0000] {processor.py:183} INFO - Processing /opt/airflow/dags/dag_04_postgres_taxi.py took 0.125 seconds
[2026-06-16T14:09:53.749+0000] {processor.py:161} INFO - Started process (PID=9001) to work on /opt/airflow/dags/dag_04_postgres_taxi.py
[2026-06-16T14:09:53.750+0000] {processor.py:830} INFO - Processing file /opt/airflow/dags/dag_04_postgres_taxi.py for tasks to queue
[2026-06-16T14:09:53.752+0000] {logging_mixin.py:188} INFO - [2026-06-16T14:09:53.752+0000] {dagbag.py:545} INFO - Filling up the DagBag from /opt/airflow/dags/dag_04_postgres_taxi.py
[2026-06-16T14:09:53.766+0000] {processor.py:840} INFO - DAG(s) '04_postgres_taxi' retrieved from /opt/airflow/dags/dag_04_postgres_taxi.py
[2026-06-16T14:09:53.822+0000] {logging_mixin.py:188} INFO - [2026-06-16T14:09:53.822+0000] {dag.py:3089} INFO - Sync 1 DAGs
[2026-06-16T14:09:53.838+0000] {logging_mixin.py:188} INFO - [2026-06-16T14:09:53.838+0000] {dag.py:3947} INFO - Setting next_dagrun for 04_postgres_taxi to None, run_after=None
[2026-06-16T14:09:53.862+0000] {processor.py:183} INFO - Processing /opt/airflow/dags/dag_04_postgres_taxi.py took 0.122 seconds
[2026-06-16T14:10:23.857+0000] {processor.py:161} INFO - Started process (PID=9043) to work on /opt/airflow/dags/dag_04_postgres_taxi.py
[2026-06-16T14:10:23.858+0000] {processor.py:830} INFO - Processing file /opt/airflow/dags/dag_04_postgres_taxi.py for tasks to queue
[2026-06-16T14:10:23.860+0000] {logging_mixin.py:188} INFO - [2026-06-16T14:10:23.860+0000] {dagbag.py:545} INFO - Filling up the DagBag from /opt/airflow/dags/dag_04_postgres_taxi.py
[2026-06-16T14:10:23.873+0000] {processor.py:840} INFO - DAG(s) '04_postgres_taxi' retrieved from /opt/airflow/dags/dag_04_postgres_taxi.py
[2026-06-16T14:10:23.929+0000] {logging_mixin.py:188} INFO - [2026-06-16T14:10:23.929+0000] {dag.py:3089} INFO - Sync 1 DAGs
[2026-06-16T14:10:23.943+0000] {logging_mixin.py:188} INFO - [2026-06-16T14:10:23.943+0000] {dag.py:3947} INFO - Setting next_dagrun for 04_postgres_taxi to None, run_after=None
[2026-06-16T14:10:23.966+0000] {processor.py:183} INFO - Processing /opt/airflow/dags/dag_04_postgres_taxi.py took 0.118 seconds
[2026-06-16T14:10:54.331+0000] {processor.py:161} INFO - Started process (PID=9073) to work on /opt/airflow/dags/dag_04_postgres_taxi.py
[2026-06-16T14:10:54.332+0000] {processor.py:830} INFO - Processing file /opt/airflow/dags/dag_04_postgres_taxi.py for tasks to queue
[2026-06-16T14:10:54.334+0000] {logging_mixin.py:188} INFO - [2026-06-16T14:10:54.334+0000] {dagbag.py:545} INFO - Filling up the DagBag from /opt/airflow/dags/dag_04_postgres_taxi.py
[2026-06-16T14:10:54.354+0000] {processor.py:840} INFO - DAG(s) '04_postgres_taxi' retrieved from /opt/airflow/dags/dag_04_postgres_taxi.py
[2026-06-16T14:10:54.414+0000] {logging_mixin.py:188} INFO - [2026-06-16T14:10:54.414+0000] {dag.py:3089} INFO - Sync 1 DAGs
[2026-06-16T14:10:54.428+0000] {logging_mixin.py:188} INFO - [2026-06-16T14:10:54.428+0000] {dag.py:3947} INFO - Setting next_dagrun for 04_postgres_taxi to None, run_after=None
[2026-06-16T14:10:54.457+0000] {processor.py:183} INFO - Processing /opt/airflow/dags/dag_04_postgres_taxi.py took 0.140 seconds
[2026-06-16T14:11:24.571+0000] {processor.py:161} INFO - Started process (PID=9113) to work on /opt/airflow/dags/dag_04_postgres_taxi.py
[2026-06-16T14:11:24.573+0000] {processor.py:830} INFO - Processing file /opt/airflow/dags/dag_04_postgres_taxi.py for tasks to queue
[2026-06-16T14:11:24.574+0000] {logging_mixin.py:188} INFO - [2026-06-16T14:11:24.574+0000] {dagbag.py:545} INFO - Filling up the DagBag from /opt/airflow/dags/dag_04_postgres_taxi.py
[2026-06-16T14:11:24.589+0000] {processor.py:840} INFO - DAG(s) '04_postgres_taxi' retrieved from /opt/airflow/dags/dag_04_postgres_taxi.py
[2026-06-16T14:11:24.659+0000] {logging_mixin.py:188} INFO - [2026-06-16T14:11:24.658+0000] {dag.py:3089} INFO - Sync 1 DAGs
[2026-06-16T14:11:24.680+0000] {logging_mixin.py:188} INFO - [2026-06-16T14:11:24.680+0000] {dag.py:3947} INFO - Setting next_dagrun for 04_postgres_taxi to None, run_after=None
[2026-06-16T14:11:24.711+0000] {processor.py:183} INFO - Processing /opt/airflow/dags/dag_04_postgres_taxi.py took 0.150 seconds
[2026-06-16T14:11:54.782+0000] {processor.py:161} INFO - Started process (PID=9153) to work on /opt/airflow/dags/dag_04_postgres_taxi.py
[2026-06-16T14:11:54.791+0000] {processor.py:830} INFO - Processing file /opt/airflow/dags/dag_04_postgres_taxi.py for tasks to queue
[2026-06-16T14:11:54.793+0000] {logging_mixin.py:188} INFO - [2026-06-16T14:11:54.792+0000] {dagbag.py:545} INFO - Filling up the DagBag from /opt/airflow/dags/dag_04_postgres_taxi.py
[2026-06-16T14:11:54.805+0000] {processor.py:840} INFO - DAG(s) '04_postgres_taxi' retrieved from /opt/airflow/dags/dag_04_postgres_taxi.py
[2026-06-16T14:11:54.885+0000] {logging_mixin.py:188} INFO - [2026-06-16T14:11:54.885+0000] {dag.py:3089} INFO - Sync 1 DAGs
[2026-06-16T14:11:54.903+0000] {logging_mixin.py:188} INFO - [2026-06-16T14:11:54.903+0000] {dag.py:3947} INFO - Setting next_dagrun for 04_postgres_taxi to None, run_after=None
[2026-06-16T14:11:54.931+0000] {processor.py:183} INFO - Processing /opt/airflow/dags/dag_04_postgres_taxi.py took 0.157 seconds
[2026-06-16T14:12:24.992+0000] {processor.py:161} INFO - Started process (PID=9193) to work on /opt/airflow/dags/dag_04_postgres_taxi.py
[2026-06-16T14:12:24.993+0000] {processor.py:830} INFO - Processing file /opt/airflow/dags/dag_04_postgres_taxi.py for tasks to queue
[2026-06-16T14:12:24.996+0000] {logging_mixin.py:188} INFO - [2026-06-16T14:12:24.995+0000] {dagbag.py:545} INFO - Filling up the DagBag from /opt/airflow/dags/dag_04_postgres_taxi.py
[2026-06-16T14:12:25.008+0000] {processor.py:840} INFO - DAG(s) '04_postgres_taxi' retrieved from /opt/airflow/dags/dag_04_postgres_taxi.py
[2026-06-16T14:12:25.064+0000] {logging_mixin.py:188} INFO - [2026-06-16T14:12:25.064+0000] {dag.py:3089} INFO - Sync 1 DAGs
[2026-06-16T14:12:25.080+0000] {logging_mixin.py:188} INFO - [2026-06-16T14:12:25.080+0000] {dag.py:3947} INFO - Setting next_dagrun for 04_postgres_taxi to None, run_after=None
[2026-06-16T14:12:25.106+0000] {processor.py:183} INFO - Processing /opt/airflow/dags/dag_04_postgres_taxi.py took 0.125 seconds
[2026-06-16T14:12:55.157+0000] {processor.py:161} INFO - Started process (PID=9233) to work on /opt/airflow/dags/dag_04_postgres_taxi.py
[2026-06-16T14:12:55.159+0000] {processor.py:830} INFO - Processing file /opt/airflow/dags/dag_04_postgres_taxi.py for tasks to queue
[2026-06-16T14:12:55.161+0000] {logging_mixin.py:188} INFO - [2026-06-16T14:12:55.161+0000] {dagbag.py:545} INFO - Filling up the DagBag from /opt/airflow/dags/dag_04_postgres_taxi.py
[2026-06-16T14:12:55.176+0000] {processor.py:840} INFO - DAG(s) '04_postgres_taxi' retrieved from /opt/airflow/dags/dag_04_postgres_taxi.py
[2026-06-16T14:12:55.257+0000] {logging_mixin.py:188} INFO - [2026-06-16T14:12:55.257+0000] {dag.py:3089} INFO - Sync 1 DAGs
[2026-06-16T14:12:55.275+0000] {logging_mixin.py:188} INFO - [2026-06-16T14:12:55.274+0000] {dag.py:3947} INFO - Setting next_dagrun for 04_postgres_taxi to None, run_after=None
[2026-06-16T14:12:55.299+0000] {processor.py:183} INFO - Processing /opt/airflow/dags/dag_04_postgres_taxi.py took 0.154 seconds
[2026-06-16T14:13:25.471+0000] {processor.py:161} INFO - Started process (PID=9278) to work on /opt/airflow/dags/dag_04_postgres_taxi.py
[2026-06-16T14:13:25.472+0000] {processor.py:830} INFO - Processing file /opt/airflow/dags/dag_04_postgres_taxi.py for tasks to queue
[2026-06-16T14:13:25.476+0000] {logging_mixin.py:188} INFO - [2026-06-16T14:13:25.475+0000] {dagbag.py:545} INFO - Filling up the DagBag from /opt/airflow/dags/dag_04_postgres_taxi.py
[2026-06-16T14:13:25.489+0000] {processor.py:840} INFO - DAG(s) '04_postgres_taxi' retrieved from /opt/airflow/dags/dag_04_postgres_taxi.py
[2026-06-16T14:13:25.543+0000] {logging_mixin.py:188} INFO - [2026-06-16T14:13:25.543+0000] {dag.py:3089} INFO - Sync 1 DAGs
[2026-06-16T14:13:25.558+0000] {logging_mixin.py:188} INFO - [2026-06-16T14:13:25.558+0000] {dag.py:3947} INFO - Setting next_dagrun for 04_postgres_taxi to None, run_after=None
[2026-06-16T14:13:25.588+0000] {processor.py:183} INFO - Processing /opt/airflow/dags/dag_04_postgres_taxi.py took 0.125 seconds
[2026-06-16T14:13:55.715+0000] {processor.py:161} INFO - Started process (PID=9318) to work on /opt/airflow/dags/dag_04_postgres_taxi.py
[2026-06-16T14:13:55.717+0000] {processor.py:830} INFO - Processing file /opt/airflow/dags/dag_04_postgres_taxi.py for tasks to queue
[2026-06-16T14:13:55.719+0000] {logging_mixin.py:188} INFO - [2026-06-16T14:13:55.719+0000] {dagbag.py:545} INFO - Filling up the DagBag from /opt/airflow/dags/dag_04_postgres_taxi.py
[2026-06-16T14:13:55.732+0000] {processor.py:840} INFO - DAG(s) '04_postgres_taxi' retrieved from /opt/airflow/dags/dag_04_postgres_taxi.py
[2026-06-16T14:13:55.790+0000] {logging_mixin.py:188} INFO - [2026-06-16T14:13:55.790+0000] {dag.py:3089} INFO - Sync 1 DAGs
[2026-06-16T14:13:55.804+0000] {logging_mixin.py:188} INFO - [2026-06-16T14:13:55.804+0000] {dag.py:3947} INFO - Setting next_dagrun for 04_postgres_taxi to None, run_after=None
[2026-06-16T14:13:55.826+0000] {processor.py:183} INFO - Processing /opt/airflow/dags/dag_04_postgres_taxi.py took 0.122 seconds
[2026-06-16T14:14:25.889+0000] {processor.py:161} INFO - Started process (PID=9356) to work on /opt/airflow/dags/dag_04_postgres_taxi.py
[2026-06-16T14:14:25.891+0000] {processor.py:830} INFO - Processing file /opt/airflow/dags/dag_04_postgres_taxi.py for tasks to queue
[2026-06-16T14:14:25.894+0000] {logging_mixin.py:188} INFO - [2026-06-16T14:14:25.893+0000] {dagbag.py:545} INFO - Filling up the DagBag from /opt/airflow/dags/dag_04_postgres_taxi.py
[2026-06-16T14:14:25.908+0000] {processor.py:840} INFO - DAG(s) '04_postgres_taxi' retrieved from /opt/airflow/dags/dag_04_postgres_taxi.py
[2026-06-16T14:14:25.974+0000] {logging_mixin.py:188} INFO - [2026-06-16T14:14:25.974+0000] {dag.py:3089} INFO - Sync 1 DAGs
[2026-06-16T14:14:25.990+0000] {logging_mixin.py:188} INFO - [2026-06-16T14:14:25.990+0000] {dag.py:3947} INFO - Setting next_dagrun for 04_postgres_taxi to None, run_after=None
[2026-06-16T14:14:26.016+0000] {processor.py:183} INFO - Processing /opt/airflow/dags/dag_04_postgres_taxi.py took 0.142 seconds
[2026-06-16T14:14:56.099+0000] {processor.py:161} INFO - Started process (PID=9393) to work on /opt/airflow/dags/dag_04_postgres_taxi.py
[2026-06-16T14:14:56.101+0000] {processor.py:830} INFO - Processing file /opt/airflow/dags/dag_04_postgres_taxi.py for tasks to queue
[2026-06-16T14:14:56.103+0000] {logging_mixin.py:188} INFO - [2026-06-16T14:14:56.103+0000] {dagbag.py:545} INFO - Filling up the DagBag from /opt/airflow/dags/dag_04_postgres_taxi.py
[2026-06-16T14:14:56.116+0000] {processor.py:840} INFO - DAG(s) '04_postgres_taxi' retrieved from /opt/airflow/dags/dag_04_postgres_taxi.py
[2026-06-16T14:14:56.187+0000] {logging_mixin.py:188} INFO - [2026-06-16T14:14:56.187+0000] {dag.py:3089} INFO - Sync 1 DAGs
[2026-06-16T14:14:56.205+0000] {logging_mixin.py:188} INFO - [2026-06-16T14:14:56.204+0000] {dag.py:3947} INFO - Setting next_dagrun for 04_postgres_taxi to None, run_after=None
[2026-06-16T14:14:56.230+0000] {processor.py:183} INFO - Processing /opt/airflow/dags/dag_04_postgres_taxi.py took 0.140 seconds
[2026-06-16T14:15:27.390+0000] {processor.py:161} INFO - Started process (PID=9443) to work on /opt/airflow/dags/dag_04_postgres_taxi.py
[2026-06-16T14:15:27.391+0000] {processor.py:830} INFO - Processing file /opt/airflow/dags/dag_04_postgres_taxi.py for tasks to queue
[2026-06-16T14:15:27.393+0000] {logging_mixin.py:188} INFO - [2026-06-16T14:15:27.392+0000] {dagbag.py:545} INFO - Filling up the DagBag from /opt/airflow/dags/dag_04_postgres_taxi.py
[2026-06-16T14:15:27.403+0000] {processor.py:840} INFO - DAG(s) '04_postgres_taxi' retrieved from /opt/airflow/dags/dag_04_postgres_taxi.py
[2026-06-16T14:15:27.461+0000] {logging_mixin.py:188} INFO - [2026-06-16T14:15:27.460+0000] {dag.py:3089} INFO - Sync 1 DAGs
[2026-06-16T14:15:27.475+0000] {logging_mixin.py:188} INFO - [2026-06-16T14:15:27.475+0000] {dag.py:3947} INFO - Setting next_dagrun for 04_postgres_taxi to None, run_after=None
[2026-06-16T14:15:27.498+0000] {processor.py:183} INFO - Processing /opt/airflow/dags/dag_04_postgres_taxi.py took 0.115 seconds
[2026-06-16T14:15:57.593+0000] {processor.py:161} INFO - Started process (PID=9483) to work on /opt/airflow/dags/dag_04_postgres_taxi.py
[2026-06-16T14:15:57.594+0000] {processor.py:830} INFO - Processing file /opt/airflow/dags/dag_04_postgres_taxi.py for tasks to queue
[2026-06-16T14:15:57.596+0000] {logging_mixin.py:188} INFO - [2026-06-16T14:15:57.596+0000] {dagbag.py:545} INFO - Filling up the DagBag from /opt/airflow/dags/dag_04_postgres_taxi.py
[2026-06-16T14:15:57.607+0000] {processor.py:840} INFO - DAG(s) '04_postgres_taxi' retrieved from /opt/airflow/dags/dag_04_postgres_taxi.py
[2026-06-16T14:15:57.666+0000] {logging_mixin.py:188} INFO - [2026-06-16T14:15:57.666+0000] {dag.py:3089} INFO - Sync 1 DAGs
[2026-06-16T14:15:57.682+0000] {logging_mixin.py:188} INFO - [2026-06-16T14:15:57.682+0000] {dag.py:3947} INFO - Setting next_dagrun for 04_postgres_taxi to None, run_after=None
[2026-06-16T14:15:57.710+0000] {processor.py:183} INFO - Processing /opt/airflow/dags/dag_04_postgres_taxi.py took 0.125 seconds
[2026-06-16T14:16:27.832+0000] {processor.py:161} INFO - Started process (PID=9523) to work on /opt/airflow/dags/dag_04_postgres_taxi.py
[2026-06-16T14:16:27.833+0000] {processor.py:830} INFO - Processing file /opt/airflow/dags/dag_04_postgres_taxi.py for tasks to queue
[2026-06-16T14:16:27.835+0000] {logging_mixin.py:188} INFO - [2026-06-16T14:16:27.834+0000] {dagbag.py:545} INFO - Filling up the DagBag from /opt/airflow/dags/dag_04_postgres_taxi.py
[2026-06-16T14:16:27.850+0000] {processor.py:840} INFO - DAG(s) '04_postgres_taxi' retrieved from /opt/airflow/dags/dag_04_postgres_taxi.py
[2026-06-16T14:16:27.906+0000] {logging_mixin.py:188} INFO - [2026-06-16T14:16:27.906+0000] {dag.py:3089} INFO - Sync 1 DAGs
[2026-06-16T14:16:27.920+0000] {logging_mixin.py:188} INFO - [2026-06-16T14:16:27.919+0000] {dag.py:3947} INFO - Setting next_dagrun for 04_postgres_taxi to None, run_after=None
[2026-06-16T14:16:27.940+0000] {processor.py:183} INFO - Processing /opt/airflow/dags/dag_04_postgres_taxi.py took 0.117 seconds
[2026-06-16T14:16:58.023+0000] {processor.py:161} INFO - Started process (PID=9563) to work on /opt/airflow/dags/dag_04_postgres_taxi.py
[2026-06-16T14:16:58.025+0000] {processor.py:830} INFO - Processing file /opt/airflow/dags/dag_04_postgres_taxi.py for tasks to queue
[2026-06-16T14:16:58.027+0000] {logging_mixin.py:188} INFO - [2026-06-16T14:16:58.026+0000] {dagbag.py:545} INFO - Filling up the DagBag from /opt/airflow/dags/dag_04_postgres_taxi.py
[2026-06-16T14:16:58.038+0000] {processor.py:840} INFO - DAG(s) '04_postgres_taxi' retrieved from /opt/airflow/dags/dag_04_postgres_taxi.py
[2026-06-16T14:16:58.097+0000] {logging_mixin.py:188} INFO - [2026-06-16T14:16:58.097+0000] {dag.py:3089} INFO - Sync 1 DAGs
[2026-06-16T14:16:58.112+0000] {logging_mixin.py:188} INFO - [2026-06-16T14:16:58.112+0000] {dag.py:3947} INFO - Setting next_dagrun for 04_postgres_taxi to None, run_after=None
[2026-06-16T14:16:58.140+0000] {processor.py:183} INFO - Processing /opt/airflow/dags/dag_04_postgres_taxi.py took 0.124 seconds
[2026-06-16T14:17:28.247+0000] {processor.py:161} INFO - Started process (PID=9603) to work on /opt/airflow/dags/dag_04_postgres_taxi.py
[2026-06-16T14:17:28.248+0000] {processor.py:830} INFO - Processing file /opt/airflow/dags/dag_04_postgres_taxi.py for tasks to queue
[2026-06-16T14:17:28.250+0000] {logging_mixin.py:188} INFO - [2026-06-16T14:17:28.250+0000] {dagbag.py:545} INFO - Filling up the DagBag from /opt/airflow/dags/dag_04_postgres_taxi.py
[2026-06-16T14:17:28.267+0000] {processor.py:840} INFO - DAG(s) '04_postgres_taxi' retrieved from /opt/airflow/dags/dag_04_postgres_taxi.py
[2026-06-16T14:17:28.330+0000] {logging_mixin.py:188} INFO - [2026-06-16T14:17:28.330+0000] {dag.py:3089} INFO - Sync 1 DAGs
[2026-06-16T14:17:28.345+0000] {logging_mixin.py:188} INFO - [2026-06-16T14:17:28.345+0000] {dag.py:3947} INFO - Setting next_dagrun for 04_postgres_taxi to None, run_after=None
[2026-06-16T14:17:28.368+0000] {processor.py:183} INFO - Processing /opt/airflow/dags/dag_04_postgres_taxi.py took 0.131 seconds
[2026-06-16T14:17:58.438+0000] {processor.py:161} INFO - Started process (PID=9641) to work on /opt/airflow/dags/dag_04_postgres_taxi.py
[2026-06-16T14:17:58.440+0000] {processor.py:830} INFO - Processing file /opt/airflow/dags/dag_04_postgres_taxi.py for tasks to queue
[2026-06-16T14:17:58.444+0000] {logging_mixin.py:188} INFO - [2026-06-16T14:17:58.443+0000] {dagbag.py:545} INFO - Filling up the DagBag from /opt/airflow/dags/dag_04_postgres_taxi.py
[2026-06-16T14:17:58.460+0000] {processor.py:840} INFO - DAG(s) '04_postgres_taxi' retrieved from /opt/airflow/dags/dag_04_postgres_taxi.py
[2026-06-16T14:17:58.535+0000] {logging_mixin.py:188} INFO - [2026-06-16T14:17:58.535+0000] {dag.py:3089} INFO - Sync 1 DAGs
[2026-06-16T14:17:58.552+0000] {logging_mixin.py:188} INFO - [2026-06-16T14:17:58.551+0000] {dag.py:3947} INFO - Setting next_dagrun for 04_postgres_taxi to None, run_after=None
[2026-06-16T14:17:58.577+0000] {processor.py:183} INFO - Processing /opt/airflow/dags/dag_04_postgres_taxi.py took 0.150 seconds
[2026-06-16T14:18:28.751+0000] {processor.py:161} INFO - Started process (PID=9683) to work on /opt/airflow/dags/dag_04_postgres_taxi.py
[2026-06-16T14:18:28.752+0000] {processor.py:830} INFO - Processing file /opt/airflow/dags/dag_04_postgres_taxi.py for tasks to queue
[2026-06-16T14:18:28.754+0000] {logging_mixin.py:188} INFO - [2026-06-16T14:18:28.753+0000] {dagbag.py:545} INFO - Filling up the DagBag from /opt/airflow/dags/dag_04_postgres_taxi.py
[2026-06-16T14:18:28.768+0000] {processor.py:840} INFO - DAG(s) '04_postgres_taxi' retrieved from /opt/airflow/dags/dag_04_postgres_taxi.py
[2026-06-16T14:18:28.830+0000] {logging_mixin.py:188} INFO - [2026-06-16T14:18:28.829+0000] {dag.py:3089} INFO - Sync 1 DAGs
[2026-06-16T14:18:28.846+0000] {logging_mixin.py:188} INFO - [2026-06-16T14:18:28.845+0000] {dag.py:3947} INFO - Setting next_dagrun for 04_postgres_taxi to None, run_after=None
[2026-06-16T14:18:28.871+0000] {processor.py:183} INFO - Processing /opt/airflow/dags/dag_04_postgres_taxi.py took 0.129 seconds
[2026-06-16T14:18:59.782+0000] {processor.py:161} INFO - Started process (PID=9723) to work on /opt/airflow/dags/dag_04_postgres_taxi.py
[2026-06-16T14:18:59.783+0000] {processor.py:830} INFO - Processing file /opt/airflow/dags/dag_04_postgres_taxi.py for tasks to queue
[2026-06-16T14:18:59.785+0000] {logging_mixin.py:188} INFO - [2026-06-16T14:18:59.785+0000] {dagbag.py:545} INFO - Filling up the DagBag from /opt/airflow/dags/dag_04_postgres_taxi.py
[2026-06-16T14:18:59.797+0000] {processor.py:840} INFO - DAG(s) '04_postgres_taxi' retrieved from /opt/airflow/dags/dag_04_postgres_taxi.py
[2026-06-16T14:18:59.865+0000] {logging_mixin.py:188} INFO - [2026-06-16T14:18:59.864+0000] {dag.py:3089} INFO - Sync 1 DAGs
[2026-06-16T14:18:59.881+0000] {logging_mixin.py:188} INFO - [2026-06-16T14:18:59.881+0000] {dag.py:3947} INFO - Setting next_dagrun for 04_postgres_taxi to None, run_after=None
[2026-06-16T14:18:59.908+0000] {processor.py:183} INFO - Processing /opt/airflow/dags/dag_04_postgres_taxi.py took 0.135 seconds
[2026-06-16T14:19:30.925+0000] {processor.py:161} INFO - Started process (PID=9763) to work on /opt/airflow/dags/dag_04_postgres_taxi.py
[2026-06-16T14:19:30.926+0000] {processor.py:830} INFO - Processing file /opt/airflow/dags/dag_04_postgres_taxi.py for tasks to queue
[2026-06-16T14:19:30.928+0000] {logging_mixin.py:188} INFO - [2026-06-16T14:19:30.928+0000] {dagbag.py:545} INFO - Filling up the DagBag from /opt/airflow/dags/dag_04_postgres_taxi.py
[2026-06-16T14:19:30.940+0000] {processor.py:840} INFO - DAG(s) '04_postgres_taxi' retrieved from /opt/airflow/dags/dag_04_postgres_taxi.py
[2026-06-16T14:19:31.005+0000] {logging_mixin.py:188} INFO - [2026-06-16T14:19:31.004+0000] {dag.py:3089} INFO - Sync 1 DAGs
[2026-06-16T14:19:31.021+0000] {logging_mixin.py:188} INFO - [2026-06-16T14:19:31.021+0000] {dag.py:3947} INFO - Setting next_dagrun for 04_postgres_taxi to None, run_after=None
[2026-06-16T14:19:31.046+0000] {processor.py:183} INFO - Processing /opt/airflow/dags/dag_04_postgres_taxi.py took 0.130 seconds
[2026-06-16T14:20:01.145+0000] {processor.py:161} INFO - Started process (PID=9803) to work on /opt/airflow/dags/dag_04_postgres_taxi.py
[2026-06-16T14:20:01.147+0000] {processor.py:830} INFO - Processing file /opt/airflow/dags/dag_04_postgres_taxi.py for tasks to queue
[2026-06-16T14:20:01.150+0000] {logging_mixin.py:188} INFO - [2026-06-16T14:20:01.149+0000] {dagbag.py:545} INFO - Filling up the DagBag from /opt/airflow/dags/dag_04_postgres_taxi.py
[2026-06-16T14:20:01.164+0000] {processor.py:840} INFO - DAG(s) '04_postgres_taxi' retrieved from /opt/airflow/dags/dag_04_postgres_taxi.py
[2026-06-16T14:20:01.229+0000] {logging_mixin.py:188} INFO - [2026-06-16T14:20:01.229+0000] {dag.py:3089} INFO - Sync 1 DAGs
[2026-06-16T14:20:01.245+0000] {logging_mixin.py:188} INFO - [2026-06-16T14:20:01.245+0000] {dag.py:3947} INFO - Setting next_dagrun for 04_postgres_taxi to None, run_after=None
[2026-06-16T14:20:01.269+0000] {processor.py:183} INFO - Processing /opt/airflow/dags/dag_04_postgres_taxi.py took 0.133 seconds
[2026-06-16T14:20:31.342+0000] {processor.py:161} INFO - Started process (PID=9841) to work on /opt/airflow/dags/dag_04_postgres_taxi.py
[2026-06-16T14:20:31.344+0000] {processor.py:830} INFO - Processing file /opt/airflow/dags/dag_04_postgres_taxi.py for tasks to queue
[2026-06-16T14:20:31.346+0000] {logging_mixin.py:188} INFO - [2026-06-16T14:20:31.346+0000] {dagbag.py:545} INFO - Filling up the DagBag from /opt/airflow/dags/dag_04_postgres_taxi.py
[2026-06-16T14:20:31.361+0000] {processor.py:840} INFO - DAG(s) '04_postgres_taxi' retrieved from /opt/airflow/dags/dag_04_postgres_taxi.py
[2026-06-16T14:20:31.420+0000] {logging_mixin.py:188} INFO - [2026-06-16T14:20:31.419+0000] {dag.py:3089} INFO - Sync 1 DAGs
[2026-06-16T14:20:31.436+0000] {logging_mixin.py:188} INFO - [2026-06-16T14:20:31.436+0000] {dag.py:3947} INFO - Setting next_dagrun for 04_postgres_taxi to None, run_after=None
[2026-06-16T14:20:31.461+0000] {processor.py:183} INFO - Processing /opt/airflow/dags/dag_04_postgres_taxi.py took 0.128 seconds
[2026-06-16T14:21:01.633+0000] {processor.py:161} INFO - Started process (PID=9883) to work on /opt/airflow/dags/dag_04_postgres_taxi.py
[2026-06-16T14:21:01.635+0000] {processor.py:830} INFO - Processing file /opt/airflow/dags/dag_04_postgres_taxi.py for tasks to queue
[2026-06-16T14:21:01.637+0000] {logging_mixin.py:188} INFO - [2026-06-16T14:21:01.636+0000] {dagbag.py:545} INFO - Filling up the DagBag from /opt/airflow/dags/dag_04_postgres_taxi.py
[2026-06-16T14:21:01.649+0000] {processor.py:840} INFO - DAG(s) '04_postgres_taxi' retrieved from /opt/airflow/dags/dag_04_postgres_taxi.py
[2026-06-16T14:21:01.705+0000] {logging_mixin.py:188} INFO - [2026-06-16T14:21:01.705+0000] {dag.py:3089} INFO - Sync 1 DAGs
[2026-06-16T14:21:01.720+0000] {logging_mixin.py:188} INFO - [2026-06-16T14:21:01.720+0000] {dag.py:3947} INFO - Setting next_dagrun for 04_postgres_taxi to None, run_after=None
[2026-06-16T14:21:01.746+0000] {processor.py:183} INFO - Processing /opt/airflow/dags/dag_04_postgres_taxi.py took 0.122 seconds
[2026-06-16T14:21:31.859+0000] {processor.py:161} INFO - Started process (PID=9923) to work on /opt/airflow/dags/dag_04_postgres_taxi.py
[2026-06-16T14:21:31.861+0000] {processor.py:830} INFO - Processing file /opt/airflow/dags/dag_04_postgres_taxi.py for tasks to queue
[2026-06-16T14:21:31.863+0000] {logging_mixin.py:188} INFO - [2026-06-16T14:21:31.863+0000] {dagbag.py:545} INFO - Filling up the DagBag from /opt/airflow/dags/dag_04_postgres_taxi.py
[2026-06-16T14:21:31.876+0000] {processor.py:840} INFO - DAG(s) '04_postgres_taxi' retrieved from /opt/airflow/dags/dag_04_postgres_taxi.py
[2026-06-16T14:21:31.938+0000] {logging_mixin.py:188} INFO - [2026-06-16T14:21:31.938+0000] {dag.py:3089} INFO - Sync 1 DAGs
[2026-06-16T14:21:31.954+0000] {logging_mixin.py:188} INFO - [2026-06-16T14:21:31.954+0000] {dag.py:3947} INFO - Setting next_dagrun for 04_postgres_taxi to None, run_after=None
[2026-06-16T14:21:31.979+0000] {processor.py:183} INFO - Processing /opt/airflow/dags/dag_04_postgres_taxi.py took 0.130 seconds
[2026-06-16T14:22:02.031+0000] {processor.py:161} INFO - Started process (PID=9966) to work on /opt/airflow/dags/dag_04_postgres_taxi.py
[2026-06-16T14:22:02.032+0000] {processor.py:830} INFO - Processing file /opt/airflow/dags/dag_04_postgres_taxi.py for tasks to queue
[2026-06-16T14:22:02.035+0000] {logging_mixin.py:188} INFO - [2026-06-16T14:22:02.034+0000] {dagbag.py:545} INFO - Filling up the DagBag from /opt/airflow/dags/dag_04_postgres_taxi.py
[2026-06-16T14:22:02.048+0000] {processor.py:840} INFO - DAG(s) '04_postgres_taxi' retrieved from /opt/airflow/dags/dag_04_postgres_taxi.py
[2026-06-16T14:22:02.112+0000] {logging_mixin.py:188} INFO - [2026-06-16T14:22:02.112+0000] {dag.py:3089} INFO - Sync 1 DAGs
[2026-06-16T14:22:02.128+0000] {logging_mixin.py:188} INFO - [2026-06-16T14:22:02.128+0000] {dag.py:3947} INFO - Setting next_dagrun for 04_postgres_taxi to None, run_after=None
[2026-06-16T14:22:02.152+0000] {processor.py:183} INFO - Processing /opt/airflow/dags/dag_04_postgres_taxi.py took 0.130 seconds
[2026-06-16T14:22:32.991+0000] {processor.py:161} INFO - Started process (PID=10003) to work on /opt/airflow/dags/dag_04_postgres_taxi.py
[2026-06-16T14:22:32.992+0000] {processor.py:830} INFO - Processing file /opt/airflow/dags/dag_04_postgres_taxi.py for tasks to queue
[2026-06-16T14:22:32.994+0000] {logging_mixin.py:188} INFO - [2026-06-16T14:22:32.994+0000] {dagbag.py:545} INFO - Filling up the DagBag from /opt/airflow/dags/dag_04_postgres_taxi.py
[2026-06-16T14:22:33.008+0000] {processor.py:840} INFO - DAG(s) '04_postgres_taxi' retrieved from /opt/airflow/dags/dag_04_postgres_taxi.py
[2026-06-16T14:22:33.068+0000] {logging_mixin.py:188} INFO - [2026-06-16T14:22:33.068+0000] {dag.py:3089} INFO - Sync 1 DAGs
[2026-06-16T14:22:33.088+0000] {logging_mixin.py:188} INFO - [2026-06-16T14:22:33.088+0000] {dag.py:3947} INFO - Setting next_dagrun for 04_postgres_taxi to None, run_after=None
[2026-06-16T14:22:33.121+0000] {processor.py:183} INFO - Processing /opt/airflow/dags/dag_04_postgres_taxi.py took 0.138 seconds
[2026-06-16T14:23:03.247+0000] {processor.py:161} INFO - Started process (PID=10041) to work on /opt/airflow/dags/dag_04_postgres_taxi.py
[2026-06-16T14:23:03.248+0000] {processor.py:830} INFO - Processing file /opt/airflow/dags/dag_04_postgres_taxi.py for tasks to queue
[2026-06-16T14:23:03.251+0000] {logging_mixin.py:188} INFO - [2026-06-16T14:23:03.250+0000] {dagbag.py:545} INFO - Filling up the DagBag from /opt/airflow/dags/dag_04_postgres_taxi.py
[2026-06-16T14:23:03.265+0000] {processor.py:840} INFO - DAG(s) '04_postgres_taxi' retrieved from /opt/airflow/dags/dag_04_postgres_taxi.py
[2026-06-16T14:23:03.322+0000] {logging_mixin.py:188} INFO - [2026-06-16T14:23:03.322+0000] {dag.py:3089} INFO - Sync 1 DAGs
[2026-06-16T14:23:03.336+0000] {logging_mixin.py:188} INFO - [2026-06-16T14:23:03.336+0000] {dag.py:3947} INFO - Setting next_dagrun for 04_postgres_taxi to None, run_after=None
[2026-06-16T14:23:03.359+0000] {processor.py:183} INFO - Processing /opt/airflow/dags/dag_04_postgres_taxi.py took 0.119 seconds
[2026-06-16T14:23:34.049+0000] {processor.py:161} INFO - Started process (PID=10083) to work on /opt/airflow/dags/dag_04_postgres_taxi.py
[2026-06-16T14:23:34.051+0000] {processor.py:830} INFO - Processing file /opt/airflow/dags/dag_04_postgres_taxi.py for tasks to queue
[2026-06-16T14:23:34.053+0000] {logging_mixin.py:188} INFO - [2026-06-16T14:23:34.053+0000] {dagbag.py:545} INFO - Filling up the DagBag from /opt/airflow/dags/dag_04_postgres_taxi.py
[2026-06-16T14:23:34.065+0000] {processor.py:840} INFO - DAG(s) '04_postgres_taxi' retrieved from /opt/airflow/dags/dag_04_postgres_taxi.py
[2026-06-16T14:23:34.124+0000] {logging_mixin.py:188} INFO - [2026-06-16T14:23:34.124+0000] {dag.py:3089} INFO - Sync 1 DAGs
[2026-06-16T14:23:34.139+0000] {logging_mixin.py:188} INFO - [2026-06-16T14:23:34.139+0000] {dag.py:3947} INFO - Setting next_dagrun for 04_postgres_taxi to None, run_after=None
[2026-06-16T14:23:34.165+0000] {processor.py:183} INFO - Processing /opt/airflow/dags/dag_04_postgres_taxi.py took 0.125 seconds
[2026-06-16T14:24:05.023+0000] {processor.py:161} INFO - Started process (PID=10121) to work on /opt/airflow/dags/dag_04_postgres_taxi.py
[2026-06-16T14:24:05.024+0000] {processor.py:830} INFO - Processing file /opt/airflow/dags/dag_04_postgres_taxi.py for tasks to queue
[2026-06-16T14:24:05.026+0000] {logging_mixin.py:188} INFO - [2026-06-16T14:24:05.026+0000] {dagbag.py:545} INFO - Filling up the DagBag from /opt/airflow/dags/dag_04_postgres_taxi.py
[2026-06-16T14:24:05.041+0000] {processor.py:840} INFO - DAG(s) '04_postgres_taxi' retrieved from /opt/airflow/dags/dag_04_postgres_taxi.py
[2026-06-16T14:24:05.105+0000] {logging_mixin.py:188} INFO - [2026-06-16T14:24:05.105+0000] {dag.py:3089} INFO - Sync 1 DAGs
[2026-06-16T14:24:05.122+0000] {logging_mixin.py:188} INFO - [2026-06-16T14:24:05.121+0000] {dag.py:3947} INFO - Setting next_dagrun for 04_postgres_taxi to None, run_after=None
[2026-06-16T14:24:05.146+0000] {processor.py:183} INFO - Processing /opt/airflow/dags/dag_04_postgres_taxi.py took 0.133 seconds
[2026-06-16T14:24:35.226+0000] {processor.py:161} INFO - Started process (PID=10161) to work on /opt/airflow/dags/dag_04_postgres_taxi.py
[2026-06-16T14:24:35.227+0000] {processor.py:830} INFO - Processing file /opt/airflow/dags/dag_04_postgres_taxi.py for tasks to queue
[2026-06-16T14:24:35.229+0000] {logging_mixin.py:188} INFO - [2026-06-16T14:24:35.229+0000] {dagbag.py:545} INFO - Filling up the DagBag from /opt/airflow/dags/dag_04_postgres_taxi.py
[2026-06-16T14:24:35.242+0000] {processor.py:840} INFO - DAG(s) '04_postgres_taxi' retrieved from /opt/airflow/dags/dag_04_postgres_taxi.py
[2026-06-16T14:24:35.299+0000] {logging_mixin.py:188} INFO - [2026-06-16T14:24:35.298+0000] {dag.py:3089} INFO - Sync 1 DAGs
[2026-06-16T14:24:35.314+0000] {logging_mixin.py:188} INFO - [2026-06-16T14:24:35.314+0000] {dag.py:3947} INFO - Setting next_dagrun for 04_postgres_taxi to None, run_after=None
[2026-06-16T14:24:35.340+0000] {processor.py:183} INFO - Processing /opt/airflow/dags/dag_04_postgres_taxi.py took 0.122 seconds
[2026-06-16T14:25:06.266+0000] {processor.py:161} INFO - Started process (PID=10201) to work on /opt/airflow/dags/dag_04_postgres_taxi.py
[2026-06-16T14:25:06.267+0000] {processor.py:830} INFO - Processing file /opt/airflow/dags/dag_04_postgres_taxi.py for tasks to queue
[2026-06-16T14:25:06.269+0000] {logging_mixin.py:188} INFO - [2026-06-16T14:25:06.269+0000] {dagbag.py:545} INFO - Filling up the DagBag from /opt/airflow/dags/dag_04_postgres_taxi.py
[2026-06-16T14:25:06.284+0000] {processor.py:840} INFO - DAG(s) '04_postgres_taxi' retrieved from /opt/airflow/dags/dag_04_postgres_taxi.py
[2026-06-16T14:25:06.340+0000] {logging_mixin.py:188} INFO - [2026-06-16T14:25:06.340+0000] {dag.py:3089} INFO - Sync 1 DAGs
[2026-06-16T14:25:06.354+0000] {logging_mixin.py:188} INFO - [2026-06-16T14:25:06.354+0000] {dag.py:3947} INFO - Setting next_dagrun for 04_postgres_taxi to None, run_after=None
[2026-06-16T14:25:06.378+0000] {processor.py:183} INFO - Processing /opt/airflow/dags/dag_04_postgres_taxi.py took 0.121 seconds
[2026-06-16T14:25:37.312+0000] {processor.py:161} INFO - Started process (PID=10243) to work on /opt/airflow/dags/dag_04_postgres_taxi.py
[2026-06-16T14:25:37.313+0000] {processor.py:830} INFO - Processing file /opt/airflow/dags/dag_04_postgres_taxi.py for tasks to queue
[2026-06-16T14:25:37.316+0000] {logging_mixin.py:188} INFO - [2026-06-16T14:25:37.315+0000] {dagbag.py:545} INFO - Filling up the DagBag from /opt/airflow/dags/dag_04_postgres_taxi.py
[2026-06-16T14:25:37.330+0000] {processor.py:840} INFO - DAG(s) '04_postgres_taxi' retrieved from /opt/airflow/dags/dag_04_postgres_taxi.py
[2026-06-16T14:25:37.391+0000] {logging_mixin.py:188} INFO - [2026-06-16T14:25:37.390+0000] {dag.py:3089} INFO - Sync 1 DAGs
[2026-06-16T14:25:37.406+0000] {logging_mixin.py:188} INFO - [2026-06-16T14:25:37.406+0000] {dag.py:3947} INFO - Setting next_dagrun for 04_postgres_taxi to None, run_after=None
[2026-06-16T14:25:37.434+0000] {processor.py:183} INFO - Processing /opt/airflow/dags/dag_04_postgres_taxi.py took 0.131 seconds
[2026-06-16T14:26:08.309+0000] {processor.py:161} INFO - Started process (PID=10283) to work on /opt/airflow/dags/dag_04_postgres_taxi.py
[2026-06-16T14:26:08.310+0000] {processor.py:830} INFO - Processing file /opt/airflow/dags/dag_04_postgres_taxi.py for tasks to queue
[2026-06-16T14:26:08.312+0000] {logging_mixin.py:188} INFO - [2026-06-16T14:26:08.311+0000] {dagbag.py:545} INFO - Filling up the DagBag from /opt/airflow/dags/dag_04_postgres_taxi.py
[2026-06-16T14:26:08.324+0000] {processor.py:840} INFO - DAG(s) '04_postgres_taxi' retrieved from /opt/airflow/dags/dag_04_postgres_taxi.py
[2026-06-16T14:26:08.380+0000] {logging_mixin.py:188} INFO - [2026-06-16T14:26:08.380+0000] {dag.py:3089} INFO - Sync 1 DAGs
[2026-06-16T14:26:08.395+0000] {logging_mixin.py:188} INFO - [2026-06-16T14:26:08.395+0000] {dag.py:3947} INFO - Setting next_dagrun for 04_postgres_taxi to None, run_after=None
[2026-06-16T14:26:08.418+0000] {processor.py:183} INFO - Processing /opt/airflow/dags/dag_04_postgres_taxi.py took 0.116 seconds
[2026-06-16T14:26:38.547+0000] {processor.py:161} INFO - Started process (PID=10323) to work on /opt/airflow/dags/dag_04_postgres_taxi.py
[2026-06-16T14:26:38.548+0000] {processor.py:830} INFO - Processing file /opt/airflow/dags/dag_04_postgres_taxi.py for tasks to queue
[2026-06-16T14:26:38.550+0000] {logging_mixin.py:188} INFO - [2026-06-16T14:26:38.549+0000] {dagbag.py:545} INFO - Filling up the DagBag from /opt/airflow/dags/dag_04_postgres_taxi.py
[2026-06-16T14:26:38.561+0000] {processor.py:840} INFO - DAG(s) '04_postgres_taxi' retrieved from /opt/airflow/dags/dag_04_postgres_taxi.py
[2026-06-16T14:26:38.613+0000] {logging_mixin.py:188} INFO - [2026-06-16T14:26:38.612+0000] {dag.py:3089} INFO - Sync 1 DAGs
[2026-06-16T14:26:38.625+0000] {logging_mixin.py:188} INFO - [2026-06-16T14:26:38.625+0000] {dag.py:3947} INFO - Setting next_dagrun for 04_postgres_taxi to None, run_after=None
[2026-06-16T14:26:38.648+0000] {processor.py:183} INFO - Processing /opt/airflow/dags/dag_04_postgres_taxi.py took 0.108 seconds
[2026-06-16T14:27:08.753+0000] {processor.py:161} INFO - Started process (PID=10361) to work on /opt/airflow/dags/dag_04_postgres_taxi.py
[2026-06-16T14:27:08.755+0000] {processor.py:830} INFO - Processing file /opt/airflow/dags/dag_04_postgres_taxi.py for tasks to queue
[2026-06-16T14:27:08.757+0000] {logging_mixin.py:188} INFO - [2026-06-16T14:27:08.757+0000] {dagbag.py:545} INFO - Filling up the DagBag from /opt/airflow/dags/dag_04_postgres_taxi.py
[2026-06-16T14:27:08.772+0000] {processor.py:840} INFO - DAG(s) '04_postgres_taxi' retrieved from /opt/airflow/dags/dag_04_postgres_taxi.py
[2026-06-16T14:27:08.832+0000] {logging_mixin.py:188} INFO - [2026-06-16T14:27:08.832+0000] {dag.py:3089} INFO - Sync 1 DAGs
[2026-06-16T14:27:08.848+0000] {logging_mixin.py:188} INFO - [2026-06-16T14:27:08.848+0000] {dag.py:3947} INFO - Setting next_dagrun for 04_postgres_taxi to None, run_after=None
[2026-06-16T14:27:08.871+0000] {processor.py:183} INFO - Processing /opt/airflow/dags/dag_04_postgres_taxi.py took 0.128 seconds
[2026-06-16T14:27:38.967+0000] {processor.py:161} INFO - Started process (PID=10403) to work on /opt/airflow/dags/dag_04_postgres_taxi.py
[2026-06-16T14:27:38.968+0000] {processor.py:830} INFO - Processing file /opt/airflow/dags/dag_04_postgres_taxi.py for tasks to queue
[2026-06-16T14:27:38.971+0000] {logging_mixin.py:188} INFO - [2026-06-16T14:27:38.970+0000] {dagbag.py:545} INFO - Filling up the DagBag from /opt/airflow/dags/dag_04_postgres_taxi.py
[2026-06-16T14:27:38.986+0000] {processor.py:840} INFO - DAG(s) '04_postgres_taxi' retrieved from /opt/airflow/dags/dag_04_postgres_taxi.py
[2026-06-16T14:27:39.068+0000] {logging_mixin.py:188} INFO - [2026-06-16T14:27:39.067+0000] {dag.py:3089} INFO - Sync 1 DAGs
[2026-06-16T14:27:39.088+0000] {logging_mixin.py:188} INFO - [2026-06-16T14:27:39.088+0000] {dag.py:3947} INFO - Setting next_dagrun for 04_postgres_taxi to None, run_after=None
[2026-06-16T14:27:39.111+0000] {processor.py:183} INFO - Processing /opt/airflow/dags/dag_04_postgres_taxi.py took 0.153 seconds
[2026-06-16T14:28:09.216+0000] {processor.py:161} INFO - Started process (PID=10441) to work on /opt/airflow/dags/dag_04_postgres_taxi.py
[2026-06-16T14:28:09.219+0000] {processor.py:830} INFO - Processing file /opt/airflow/dags/dag_04_postgres_taxi.py for tasks to queue
[2026-06-16T14:28:09.222+0000] {logging_mixin.py:188} INFO - [2026-06-16T14:28:09.222+0000] {dagbag.py:545} INFO - Filling up the DagBag from /opt/airflow/dags/dag_04_postgres_taxi.py
[2026-06-16T14:28:09.242+0000] {processor.py:840} INFO - DAG(s) '04_postgres_taxi' retrieved from /opt/airflow/dags/dag_04_postgres_taxi.py
[2026-06-16T14:28:09.307+0000] {logging_mixin.py:188} INFO - [2026-06-16T14:28:09.307+0000] {dag.py:3089} INFO - Sync 1 DAGs
[2026-06-16T14:28:09.324+0000] {logging_mixin.py:188} INFO - [2026-06-16T14:28:09.324+0000] {dag.py:3947} INFO - Setting next_dagrun for 04_postgres_taxi to None, run_after=None
[2026-06-16T14:28:09.347+0000] {processor.py:183} INFO - Processing /opt/airflow/dags/dag_04_postgres_taxi.py took 0.144 seconds
[2026-06-16T14:28:39.532+0000] {processor.py:161} INFO - Started process (PID=10482) to work on /opt/airflow/dags/dag_04_postgres_taxi.py
[2026-06-16T14:28:39.533+0000] {processor.py:830} INFO - Processing file /opt/airflow/dags/dag_04_postgres_taxi.py for tasks to queue
[2026-06-16T14:28:39.536+0000] {logging_mixin.py:188} INFO - [2026-06-16T14:28:39.535+0000] {dagbag.py:545} INFO - Filling up the DagBag from /opt/airflow/dags/dag_04_postgres_taxi.py
[2026-06-16T14:28:39.552+0000] {processor.py:840} INFO - DAG(s) '04_postgres_taxi' retrieved from /opt/airflow/dags/dag_04_postgres_taxi.py
[2026-06-16T14:28:39.617+0000] {logging_mixin.py:188} INFO - [2026-06-16T14:28:39.617+0000] {dag.py:3089} INFO - Sync 1 DAGs
[2026-06-16T14:28:39.632+0000] {logging_mixin.py:188} INFO - [2026-06-16T14:28:39.632+0000] {dag.py:3947} INFO - Setting next_dagrun for 04_postgres_taxi to None, run_after=None
[2026-06-16T14:28:39.655+0000] {processor.py:183} INFO - Processing /opt/airflow/dags/dag_04_postgres_taxi.py took 0.132 seconds
[2026-06-16T14:29:10.680+0000] {processor.py:161} INFO - Started process (PID=10521) to work on /opt/airflow/dags/dag_04_postgres_taxi.py
[2026-06-16T14:29:10.681+0000] {processor.py:830} INFO - Processing file /opt/airflow/dags/dag_04_postgres_taxi.py for tasks to queue
[2026-06-16T14:29:10.684+0000] {logging_mixin.py:188} INFO - [2026-06-16T14:29:10.683+0000] {dagbag.py:545} INFO - Filling up the DagBag from /opt/airflow/dags/dag_04_postgres_taxi.py
[2026-06-16T14:29:10.700+0000] {processor.py:840} INFO - DAG(s) '04_postgres_taxi' retrieved from /opt/airflow/dags/dag_04_postgres_taxi.py
[2026-06-16T14:29:10.762+0000] {logging_mixin.py:188} INFO - [2026-06-16T14:29:10.762+0000] {dag.py:3089} INFO - Sync 1 DAGs
[2026-06-16T14:29:10.778+0000] {logging_mixin.py:188} INFO - [2026-06-16T14:29:10.778+0000] {dag.py:3947} INFO - Setting next_dagrun for 04_postgres_taxi to None, run_after=None
[2026-06-16T14:29:10.804+0000] {processor.py:183} INFO - Processing /opt/airflow/dags/dag_04_postgres_taxi.py took 0.133 seconds
[2026-06-16T14:29:41.804+0000] {processor.py:161} INFO - Started process (PID=10563) to work on /opt/airflow/dags/dag_04_postgres_taxi.py
[2026-06-16T14:29:41.805+0000] {processor.py:830} INFO - Processing file /opt/airflow/dags/dag_04_postgres_taxi.py for tasks to queue
[2026-06-16T14:29:41.807+0000] {logging_mixin.py:188} INFO - [2026-06-16T14:29:41.807+0000] {dagbag.py:545} INFO - Filling up the DagBag from /opt/airflow/dags/dag_04_postgres_taxi.py
[2026-06-16T14:29:41.823+0000] {processor.py:840} INFO - DAG(s) '04_postgres_taxi' retrieved from /opt/airflow/dags/dag_04_postgres_taxi.py
[2026-06-16T14:29:41.882+0000] {logging_mixin.py:188} INFO - [2026-06-16T14:29:41.882+0000] {dag.py:3089} INFO - Sync 1 DAGs
[2026-06-16T14:29:41.896+0000] {logging_mixin.py:188} INFO - [2026-06-16T14:29:41.896+0000] {dag.py:3947} INFO - Setting next_dagrun for 04_postgres_taxi to None, run_after=None
[2026-06-16T14:29:41.920+0000] {processor.py:183} INFO - Processing /opt/airflow/dags/dag_04_postgres_taxi.py took 0.124 seconds
[2026-06-16T14:30:12.013+0000] {processor.py:161} INFO - Started process (PID=10603) to work on /opt/airflow/dags/dag_04_postgres_taxi.py
[2026-06-16T14:30:12.014+0000] {processor.py:830} INFO - Processing file /opt/airflow/dags/dag_04_postgres_taxi.py for tasks to queue
[2026-06-16T14:30:12.016+0000] {logging_mixin.py:188} INFO - [2026-06-16T14:30:12.016+0000] {dagbag.py:545} INFO - Filling up the DagBag from /opt/airflow/dags/dag_04_postgres_taxi.py
[2026-06-16T14:30:12.028+0000] {processor.py:840} INFO - DAG(s) '04_postgres_taxi' retrieved from /opt/airflow/dags/dag_04_postgres_taxi.py
[2026-06-16T14:30:12.081+0000] {logging_mixin.py:188} INFO - [2026-06-16T14:30:12.080+0000] {dag.py:3089} INFO - Sync 1 DAGs
[2026-06-16T14:30:12.094+0000] {logging_mixin.py:188} INFO - [2026-06-16T14:30:12.093+0000] {dag.py:3947} INFO - Setting next_dagrun for 04_postgres_taxi to None, run_after=None
[2026-06-16T14:30:12.114+0000] {processor.py:183} INFO - Processing /opt/airflow/dags/dag_04_postgres_taxi.py took 0.109 seconds
[2026-06-16T14:30:42.224+0000] {processor.py:161} INFO - Started process (PID=10641) to work on /opt/airflow/dags/dag_04_postgres_taxi.py
[2026-06-16T14:30:42.225+0000] {processor.py:830} INFO - Processing file /opt/airflow/dags/dag_04_postgres_taxi.py for tasks to queue
[2026-06-16T14:30:42.227+0000] {logging_mixin.py:188} INFO - [2026-06-16T14:30:42.227+0000] {dagbag.py:545} INFO - Filling up the DagBag from /opt/airflow/dags/dag_04_postgres_taxi.py
[2026-06-16T14:30:42.240+0000] {processor.py:840} INFO - DAG(s) '04_postgres_taxi' retrieved from /opt/airflow/dags/dag_04_postgres_taxi.py
[2026-06-16T14:30:42.299+0000] {logging_mixin.py:188} INFO - [2026-06-16T14:30:42.299+0000] {dag.py:3089} INFO - Sync 1 DAGs
[2026-06-16T14:30:42.316+0000] {logging_mixin.py:188} INFO - [2026-06-16T14:30:42.316+0000] {dag.py:3947} INFO - Setting next_dagrun for 04_postgres_taxi to None, run_after=None
[2026-06-16T14:30:42.340+0000] {processor.py:183} INFO - Processing /opt/airflow/dags/dag_04_postgres_taxi.py took 0.126 seconds
[2026-06-16T14:31:13.328+0000] {processor.py:161} INFO - Started process (PID=10681) to work on /opt/airflow/dags/dag_04_postgres_taxi.py
[2026-06-16T14:31:13.329+0000] {processor.py:830} INFO - Processing file /opt/airflow/dags/dag_04_postgres_taxi.py for tasks to queue
[2026-06-16T14:31:13.331+0000] {logging_mixin.py:188} INFO - [2026-06-16T14:31:13.331+0000] {dagbag.py:545} INFO - Filling up the DagBag from /opt/airflow/dags/dag_04_postgres_taxi.py
[2026-06-16T14:31:13.346+0000] {processor.py:840} INFO - DAG(s) '04_postgres_taxi' retrieved from /opt/airflow/dags/dag_04_postgres_taxi.py
[2026-06-16T14:31:13.408+0000] {logging_mixin.py:188} INFO - [2026-06-16T14:31:13.408+0000] {dag.py:3089} INFO - Sync 1 DAGs
[2026-06-16T14:31:13.423+0000] {logging_mixin.py:188} INFO - [2026-06-16T14:31:13.423+0000] {dag.py:3947} INFO - Setting next_dagrun for 04_postgres_taxi to None, run_after=None
[2026-06-16T14:31:13.450+0000] {processor.py:183} INFO - Processing /opt/airflow/dags/dag_04_postgres_taxi.py took 0.132 seconds
[2026-06-16T14:31:44.317+0000] {processor.py:161} INFO - Started process (PID=10723) to work on /opt/airflow/dags/dag_04_postgres_taxi.py
[2026-06-16T14:31:44.319+0000] {processor.py:830} INFO - Processing file /opt/airflow/dags/dag_04_postgres_taxi.py for tasks to queue
[2026-06-16T14:31:44.321+0000] {logging_mixin.py:188} INFO - [2026-06-16T14:31:44.321+0000] {dagbag.py:545} INFO - Filling up the DagBag from /opt/airflow/dags/dag_04_postgres_taxi.py
[2026-06-16T14:31:44.334+0000] {processor.py:840} INFO - DAG(s) '04_postgres_taxi' retrieved from /opt/airflow/dags/dag_04_postgres_taxi.py
[2026-06-16T14:31:44.396+0000] {logging_mixin.py:188} INFO - [2026-06-16T14:31:44.396+0000] {dag.py:3089} INFO - Sync 1 DAGs
[2026-06-16T14:31:44.411+0000] {logging_mixin.py:188} INFO - [2026-06-16T14:31:44.411+0000] {dag.py:3947} INFO - Setting next_dagrun for 04_postgres_taxi to None, run_after=None
[2026-06-16T14:31:44.435+0000] {processor.py:183} INFO - Processing /opt/airflow/dags/dag_04_postgres_taxi.py took 0.125 seconds
[2026-06-16T14:32:14.957+0000] {processor.py:161} INFO - Started process (PID=10761) to work on /opt/airflow/dags/dag_04_postgres_taxi.py
[2026-06-16T14:32:14.958+0000] {processor.py:830} INFO - Processing file /opt/airflow/dags/dag_04_postgres_taxi.py for tasks to queue
[2026-06-16T14:32:14.960+0000] {logging_mixin.py:188} INFO - [2026-06-16T14:32:14.960+0000] {dagbag.py:545} INFO - Filling up the DagBag from /opt/airflow/dags/dag_04_postgres_taxi.py
[2026-06-16T14:32:14.974+0000] {processor.py:840} INFO - DAG(s) '04_postgres_taxi' retrieved from /opt/airflow/dags/dag_04_postgres_taxi.py
[2026-06-16T14:32:15.048+0000] {logging_mixin.py:188} INFO - [2026-06-16T14:32:15.048+0000] {dag.py:3089} INFO - Sync 1 DAGs
[2026-06-16T14:32:15.074+0000] {logging_mixin.py:188} INFO - [2026-06-16T14:32:15.074+0000] {dag.py:3947} INFO - Setting next_dagrun for 04_postgres_taxi to None, run_after=None
[2026-06-16T14:32:14.187+0000] {processor.py:183} INFO - Processing /opt/airflow/dags/dag_04_postgres_taxi.py took 0.158 seconds
[2026-06-16T14:32:44.731+0000] {processor.py:161} INFO - Started process (PID=10793) to work on /opt/airflow/dags/dag_04_postgres_taxi.py
[2026-06-16T14:32:44.733+0000] {processor.py:830} INFO - Processing file /opt/airflow/dags/dag_04_postgres_taxi.py for tasks to queue
[2026-06-16T14:32:44.735+0000] {logging_mixin.py:188} INFO - [2026-06-16T14:32:44.734+0000] {dagbag.py:545} INFO - Filling up the DagBag from /opt/airflow/dags/dag_04_postgres_taxi.py
[2026-06-16T14:32:44.747+0000] {processor.py:840} INFO - DAG(s) '04_postgres_taxi' retrieved from /opt/airflow/dags/dag_04_postgres_taxi.py
[2026-06-16T14:32:44.803+0000] {logging_mixin.py:188} INFO - [2026-06-16T14:32:44.803+0000] {dag.py:3089} INFO - Sync 1 DAGs
[2026-06-16T14:32:44.819+0000] {logging_mixin.py:188} INFO - [2026-06-16T14:32:44.819+0000] {dag.py:3947} INFO - Setting next_dagrun for 04_postgres_taxi to None, run_after=None
[2026-06-16T14:32:44.843+0000] {processor.py:183} INFO - Processing /opt/airflow/dags/dag_04_postgres_taxi.py took 0.122 seconds
[2026-06-16T14:33:14.883+0000] {processor.py:161} INFO - Started process (PID=10836) to work on /opt/airflow/dags/dag_04_postgres_taxi.py
[2026-06-16T14:33:14.884+0000] {processor.py:830} INFO - Processing file /opt/airflow/dags/dag_04_postgres_taxi.py for tasks to queue
[2026-06-16T14:33:14.886+0000] {logging_mixin.py:188} INFO - [2026-06-16T14:33:14.886+0000] {dagbag.py:545} INFO - Filling up the DagBag from /opt/airflow/dags/dag_04_postgres_taxi.py
[2026-06-16T14:33:14.899+0000] {processor.py:840} INFO - DAG(s) '04_postgres_taxi' retrieved from /opt/airflow/dags/dag_04_postgres_taxi.py
[2026-06-16T14:33:14.959+0000] {logging_mixin.py:188} INFO - [2026-06-16T14:33:14.959+0000] {dag.py:3089} INFO - Sync 1 DAGs
[2026-06-16T14:33:14.974+0000] {logging_mixin.py:188} INFO - [2026-06-16T14:33:14.974+0000] {dag.py:3947} INFO - Setting next_dagrun for 04_postgres_taxi to None, run_after=None
[2026-06-16T14:33:14.997+0000] {processor.py:183} INFO - Processing /opt/airflow/dags/dag_04_postgres_taxi.py took 0.122 seconds
[2026-06-16T14:33:45.086+0000] {processor.py:161} INFO - Started process (PID=10873) to work on /opt/airflow/dags/dag_04_postgres_taxi.py
[2026-06-16T14:33:45.096+0000] {processor.py:830} INFO - Processing file /opt/airflow/dags/dag_04_postgres_taxi.py for tasks to queue
[2026-06-16T14:33:45.098+0000] {logging_mixin.py:188} INFO - [2026-06-16T14:33:45.098+0000] {dagbag.py:545} INFO - Filling up the DagBag from /opt/airflow/dags/dag_04_postgres_taxi.py
[2026-06-16T14:33:45.110+0000] {processor.py:840} INFO - DAG(s) '04_postgres_taxi' retrieved from /opt/airflow/dags/dag_04_postgres_taxi.py
[2026-06-16T14:33:45.166+0000] {logging_mixin.py:188} INFO - [2026-06-16T14:33:45.165+0000] {dag.py:3089} INFO - Sync 1 DAGs
[2026-06-16T14:33:45.182+0000] {logging_mixin.py:188} INFO - [2026-06-16T14:33:45.182+0000] {dag.py:3947} INFO - Setting next_dagrun for 04_postgres_taxi to None, run_after=None
[2026-06-16T14:33:45.206+0000] {processor.py:183} INFO - Processing /opt/airflow/dags/dag_04_postgres_taxi.py took 0.131 seconds
[2026-06-16T14:34:15.291+0000] {processor.py:161} INFO - Started process (PID=10913) to work on /opt/airflow/dags/dag_04_postgres_taxi.py
[2026-06-16T14:34:15.293+0000] {processor.py:830} INFO - Processing file /opt/airflow/dags/dag_04_postgres_taxi.py for tasks to queue
[2026-06-16T14:34:15.295+0000] {logging_mixin.py:188} INFO - [2026-06-16T14:34:15.294+0000] {dagbag.py:545} INFO - Filling up the DagBag from /opt/airflow/dags/dag_04_postgres_taxi.py
[2026-06-16T14:34:15.310+0000] {processor.py:840} INFO - DAG(s) '04_postgres_taxi' retrieved from /opt/airflow/dags/dag_04_postgres_taxi.py
[2026-06-16T14:34:15.376+0000] {logging_mixin.py:188} INFO - [2026-06-16T14:34:15.376+0000] {dag.py:3089} INFO - Sync 1 DAGs
[2026-06-16T14:34:15.394+0000] {logging_mixin.py:188} INFO - [2026-06-16T14:34:15.394+0000] {dag.py:3947} INFO - Setting next_dagrun for 04_postgres_taxi to None, run_after=None
[2026-06-16T14:34:15.420+0000] {processor.py:183} INFO - Processing /opt/airflow/dags/dag_04_postgres_taxi.py took 0.140 seconds
[2026-06-16T14:34:45.496+0000] {processor.py:161} INFO - Started process (PID=10953) to work on /opt/airflow/dags/dag_04_postgres_taxi.py
[2026-06-16T14:34:45.499+0000] {processor.py:830} INFO - Processing file /opt/airflow/dags/dag_04_postgres_taxi.py for tasks to queue
[2026-06-16T14:34:45.502+0000] {logging_mixin.py:188} INFO - [2026-06-16T14:34:45.501+0000] {dagbag.py:545} INFO - Filling up the DagBag from /opt/airflow/dags/dag_04_postgres_taxi.py
[2026-06-16T14:34:45.514+0000] {processor.py:840} INFO - DAG(s) '04_postgres_taxi' retrieved from /opt/airflow/dags/dag_04_postgres_taxi.py
[2026-06-16T14:34:45.570+0000] {logging_mixin.py:188} INFO - [2026-06-16T14:34:45.570+0000] {dag.py:3089} INFO - Sync 1 DAGs
[2026-06-16T14:34:45.586+0000] {logging_mixin.py:188} INFO - [2026-06-16T14:34:45.586+0000] {dag.py:3947} INFO - Setting next_dagrun for 04_postgres_taxi to None, run_after=None
[2026-06-16T14:34:45.611+0000] {processor.py:183} INFO - Processing /opt/airflow/dags/dag_04_postgres_taxi.py took 0.126 seconds
[2026-06-16T14:35:15.689+0000] {processor.py:161} INFO - Started process (PID=10993) to work on /opt/airflow/dags/dag_04_postgres_taxi.py
[2026-06-16T14:35:15.690+0000] {processor.py:830} INFO - Processing file /opt/airflow/dags/dag_04_postgres_taxi.py for tasks to queue
[2026-06-16T14:35:15.692+0000] {logging_mixin.py:188} INFO - [2026-06-16T14:35:15.692+0000] {dagbag.py:545} INFO - Filling up the DagBag from /opt/airflow/dags/dag_04_postgres_taxi.py
[2026-06-16T14:35:15.712+0000] {processor.py:840} INFO - DAG(s) '04_postgres_taxi' retrieved from /opt/airflow/dags/dag_04_postgres_taxi.py
[2026-06-16T14:35:15.770+0000] {logging_mixin.py:188} INFO - [2026-06-16T14:35:15.769+0000] {dag.py:3089} INFO - Sync 1 DAGs
[2026-06-16T14:35:15.786+0000] {logging_mixin.py:188} INFO - [2026-06-16T14:35:15.786+0000] {dag.py:3947} INFO - Setting next_dagrun for 04_postgres_taxi to None, run_after=None
[2026-06-16T14:35:15.811+0000] {processor.py:183} INFO - Processing /opt/airflow/dags/dag_04_postgres_taxi.py took 0.132 seconds
[2026-06-16T14:35:45.925+0000] {processor.py:161} INFO - Started process (PID=11033) to work on /opt/airflow/dags/dag_04_postgres_taxi.py
[2026-06-16T14:35:45.926+0000] {processor.py:830} INFO - Processing file /opt/airflow/dags/dag_04_postgres_taxi.py for tasks to queue
[2026-06-16T14:35:45.929+0000] {logging_mixin.py:188} INFO - [2026-06-16T14:35:45.928+0000] {dagbag.py:545} INFO - Filling up the DagBag from /opt/airflow/dags/dag_04_postgres_taxi.py
[2026-06-16T14:35:45.944+0000] {processor.py:840} INFO - DAG(s) '04_postgres_taxi' retrieved from /opt/airflow/dags/dag_04_postgres_taxi.py
[2026-06-16T14:35:46.008+0000] {logging_mixin.py:188} INFO - [2026-06-16T14:35:46.007+0000] {dag.py:3089} INFO - Sync 1 DAGs
[2026-06-16T14:35:46.024+0000] {logging_mixin.py:188} INFO - [2026-06-16T14:35:46.024+0000] {dag.py:3947} INFO - Setting next_dagrun for 04_postgres_taxi to None, run_after=None
[2026-06-16T14:35:46.049+0000] {processor.py:183} INFO - Processing /opt/airflow/dags/dag_04_postgres_taxi.py took 0.137 seconds
[2026-06-16T14:36:16.167+0000] {processor.py:161} INFO - Started process (PID=11073) to work on /opt/airflow/dags/dag_04_postgres_taxi.py
[2026-06-16T14:36:16.168+0000] {processor.py:830} INFO - Processing file /opt/airflow/dags/dag_04_postgres_taxi.py for tasks to queue
[2026-06-16T14:36:16.170+0000] {logging_mixin.py:188} INFO - [2026-06-16T14:36:16.169+0000] {dagbag.py:545} INFO - Filling up the DagBag from /opt/airflow/dags/dag_04_postgres_taxi.py
[2026-06-16T14:36:16.182+0000] {processor.py:840} INFO - DAG(s) '04_postgres_taxi' retrieved from /opt/airflow/dags/dag_04_postgres_taxi.py
[2026-06-16T14:36:16.241+0000] {logging_mixin.py:188} INFO - [2026-06-16T14:36:16.241+0000] {dag.py:3089} INFO - Sync 1 DAGs
[2026-06-16T14:36:16.260+0000] {logging_mixin.py:188} INFO - [2026-06-16T14:36:16.259+0000] {dag.py:3947} INFO - Setting next_dagrun for 04_postgres_taxi to None, run_after=None
[2026-06-16T14:36:16.285+0000] {processor.py:183} INFO - Processing /opt/airflow/dags/dag_04_postgres_taxi.py took 0.130 seconds
[2026-06-16T14:36:46.354+0000] {processor.py:161} INFO - Started process (PID=11113) to work on /opt/airflow/dags/dag_04_postgres_taxi.py
[2026-06-16T14:36:46.364+0000] {processor.py:830} INFO - Processing file /opt/airflow/dags/dag_04_postgres_taxi.py for tasks to queue
[2026-06-16T14:36:46.366+0000] {logging_mixin.py:188} INFO - [2026-06-16T14:36:46.366+0000] {dagbag.py:545} INFO - Filling up the DagBag from /opt/airflow/dags/dag_04_postgres_taxi.py
[2026-06-16T14:36:46.378+0000] {processor.py:840} INFO - DAG(s) '04_postgres_taxi' retrieved from /opt/airflow/dags/dag_04_postgres_taxi.py
[2026-06-16T14:36:46.435+0000] {logging_mixin.py:188} INFO - [2026-06-16T14:36:46.434+0000] {dag.py:3089} INFO - Sync 1 DAGs
[2026-06-16T14:36:46.452+0000] {logging_mixin.py:188} INFO - [2026-06-16T14:36:46.452+0000] {dag.py:3947} INFO - Setting next_dagrun for 04_postgres_taxi to None, run_after=None
[2026-06-16T14:36:46.476+0000] {processor.py:183} INFO - Processing /opt/airflow/dags/dag_04_postgres_taxi.py took 0.132 seconds
[2026-06-16T14:37:16.557+0000] {processor.py:161} INFO - Started process (PID=11153) to work on /opt/airflow/dags/dag_04_postgres_taxi.py
[2026-06-16T14:37:16.558+0000] {processor.py:830} INFO - Processing file /opt/airflow/dags/dag_04_postgres_taxi.py for tasks to queue
[2026-06-16T14:37:16.560+0000] {logging_mixin.py:188} INFO - [2026-06-16T14:37:16.559+0000] {dagbag.py:545} INFO - Filling up the DagBag from /opt/airflow/dags/dag_04_postgres_taxi.py
[2026-06-16T14:37:16.572+0000] {processor.py:840} INFO - DAG(s) '04_postgres_taxi' retrieved from /opt/airflow/dags/dag_04_postgres_taxi.py
[2026-06-16T14:37:16.630+0000] {logging_mixin.py:188} INFO - [2026-06-16T14:37:16.630+0000] {dag.py:3089} INFO - Sync 1 DAGs
[2026-06-16T14:37:16.648+0000] {logging_mixin.py:188} INFO - [2026-06-16T14:37:16.648+0000] {dag.py:3947} INFO - Setting next_dagrun for 04_postgres_taxi to None, run_after=None
[2026-06-16T14:37:16.673+0000] {processor.py:183} INFO - Processing /opt/airflow/dags/dag_04_postgres_taxi.py took 0.125 seconds
[2026-06-16T14:37:46.752+0000] {processor.py:161} INFO - Started process (PID=11193) to work on /opt/airflow/dags/dag_04_postgres_taxi.py
[2026-06-16T14:37:46.755+0000] {processor.py:830} INFO - Processing file /opt/airflow/dags/dag_04_postgres_taxi.py for tasks to queue
[2026-06-16T14:37:46.758+0000] {logging_mixin.py:188} INFO - [2026-06-16T14:37:46.757+0000] {dagbag.py:545} INFO - Filling up the DagBag from /opt/airflow/dags/dag_04_postgres_taxi.py
[2026-06-16T14:37:46.771+0000] {processor.py:840} INFO - DAG(s) '04_postgres_taxi' retrieved from /opt/airflow/dags/dag_04_postgres_taxi.py
[2026-06-16T14:37:46.828+0000] {logging_mixin.py:188} INFO - [2026-06-16T14:37:46.828+0000] {dag.py:3089} INFO - Sync 1 DAGs
[2026-06-16T14:37:46.847+0000] {logging_mixin.py:188} INFO - [2026-06-16T14:37:46.847+0000] {dag.py:3947} INFO - Setting next_dagrun for 04_postgres_taxi to None, run_after=None
[2026-06-16T14:37:46.873+0000] {processor.py:183} INFO - Processing /opt/airflow/dags/dag_04_postgres_taxi.py took 0.132 seconds
[2026-06-16T14:38:16.919+0000] {processor.py:161} INFO - Started process (PID=11233) to work on /opt/airflow/dags/dag_04_postgres_taxi.py
[2026-06-16T14:38:16.920+0000] {processor.py:830} INFO - Processing file /opt/airflow/dags/dag_04_postgres_taxi.py for tasks to queue
[2026-06-16T14:38:16.922+0000] {logging_mixin.py:188} INFO - [2026-06-16T14:38:16.922+0000] {dagbag.py:545} INFO - Filling up the DagBag from /opt/airflow/dags/dag_04_postgres_taxi.py
[2026-06-16T14:38:16.934+0000] {processor.py:840} INFO - DAG(s) '04_postgres_taxi' retrieved from /opt/airflow/dags/dag_04_postgres_taxi.py
[2026-06-16T14:38:16.994+0000] {logging_mixin.py:188} INFO - [2026-06-16T14:38:16.994+0000] {dag.py:3089} INFO - Sync 1 DAGs
[2026-06-16T14:38:17.012+0000] {logging_mixin.py:188} INFO - [2026-06-16T14:38:17.012+0000] {dag.py:3947} INFO - Setting next_dagrun for 04_postgres_taxi to None, run_after=None
[2026-06-16T14:38:17.038+0000] {processor.py:183} INFO - Processing /opt/airflow/dags/dag_04_postgres_taxi.py took 0.130 seconds
[2026-06-16T14:38:48.005+0000] {processor.py:161} INFO - Started process (PID=11273) to work on /opt/airflow/dags/dag_04_postgres_taxi.py
[2026-06-16T14:38:48.015+0000] {processor.py:830} INFO - Processing file /opt/airflow/dags/dag_04_postgres_taxi.py for tasks to queue
[2026-06-16T14:38:48.018+0000] {logging_mixin.py:188} INFO - [2026-06-16T14:38:48.017+0000] {dagbag.py:545} INFO - Filling up the DagBag from /opt/airflow/dags/dag_04_postgres_taxi.py
[2026-06-16T14:38:48.032+0000] {processor.py:840} INFO - DAG(s) '04_postgres_taxi' retrieved from /opt/airflow/dags/dag_04_postgres_taxi.py
[2026-06-16T14:38:48.114+0000] {logging_mixin.py:188} INFO - [2026-06-16T14:38:48.114+0000] {dag.py:3089} INFO - Sync 1 DAGs
[2026-06-16T14:38:48.134+0000] {logging_mixin.py:188} INFO - [2026-06-16T14:38:48.133+0000] {dag.py:3947} INFO - Setting next_dagrun for 04_postgres_taxi to None, run_after=None
[2026-06-16T14:38:48.158+0000] {processor.py:183} INFO - Processing /opt/airflow/dags/dag_04_postgres_taxi.py took 0.164 seconds
[2026-06-16T14:39:19.134+0000] {processor.py:161} INFO - Started process (PID=11313) to work on /opt/airflow/dags/dag_04_postgres_taxi.py
[2026-06-16T14:39:19.135+0000] {processor.py:830} INFO - Processing file /opt/airflow/dags/dag_04_postgres_taxi.py for tasks to queue
[2026-06-16T14:39:19.137+0000] {logging_mixin.py:188} INFO - [2026-06-16T14:39:19.137+0000] {dagbag.py:545} INFO - Filling up the DagBag from /opt/airflow/dags/dag_04_postgres_taxi.py
[2026-06-16T14:39:19.150+0000] {processor.py:840} INFO - DAG(s) '04_postgres_taxi' retrieved from /opt/airflow/dags/dag_04_postgres_taxi.py
[2026-06-16T14:39:19.209+0000] {logging_mixin.py:188} INFO - [2026-06-16T14:39:19.209+0000] {dag.py:3089} INFO - Sync 1 DAGs
[2026-06-16T14:39:19.228+0000] {logging_mixin.py:188} INFO - [2026-06-16T14:39:19.228+0000] {dag.py:3947} INFO - Setting next_dagrun for 04_postgres_taxi to None, run_after=None
[2026-06-16T14:39:19.255+0000] {processor.py:183} INFO - Processing /opt/airflow/dags/dag_04_postgres_taxi.py took 0.131 seconds
[2026-06-16T14:39:49.721+0000] {processor.py:161} INFO - Started process (PID=11353) to work on /opt/airflow/dags/dag_04_postgres_taxi.py
[2026-06-16T14:39:49.732+0000] {processor.py:830} INFO - Processing file /opt/airflow/dags/dag_04_postgres_taxi.py for tasks to queue
[2026-06-16T14:39:49.734+0000] {logging_mixin.py:188} INFO - [2026-06-16T14:39:49.734+0000] {dagbag.py:545} INFO - Filling up the DagBag from /opt/airflow/dags/dag_04_postgres_taxi.py
[2026-06-16T14:39:49.747+0000] {processor.py:840} INFO - DAG(s) '04_postgres_taxi' retrieved from /opt/airflow/dags/dag_04_postgres_taxi.py
[2026-06-16T14:39:49.805+0000] {logging_mixin.py:188} INFO - [2026-06-16T14:39:49.805+0000] {dag.py:3089} INFO - Sync 1 DAGs
[2026-06-16T14:39:49.824+0000] {logging_mixin.py:188} INFO - [2026-06-16T14:39:49.824+0000] {dag.py:3947} INFO - Setting next_dagrun for 04_postgres_taxi to None, run_after=None
[2026-06-16T14:39:49.848+0000] {processor.py:183} INFO - Processing /opt/airflow/dags/dag_04_postgres_taxi.py took 0.138 seconds
[2026-06-16T14:40:20.852+0000] {processor.py:161} INFO - Started process (PID=11393) to work on /opt/airflow/dags/dag_04_postgres_taxi.py
[2026-06-16T14:40:20.854+0000] {processor.py:830} INFO - Processing file /opt/airflow/dags/dag_04_postgres_taxi.py for tasks to queue
[2026-06-16T14:40:20.857+0000] {logging_mixin.py:188} INFO - [2026-06-16T14:40:20.857+0000] {dagbag.py:545} INFO - Filling up the DagBag from /opt/airflow/dags/dag_04_postgres_taxi.py
[2026-06-16T14:40:20.880+0000] {processor.py:840} INFO - DAG(s) '04_postgres_taxi' retrieved from /opt/airflow/dags/dag_04_postgres_taxi.py
[2026-06-16T14:40:20.946+0000] {logging_mixin.py:188} INFO - [2026-06-16T14:40:20.946+0000] {dag.py:3089} INFO - Sync 1 DAGs
[2026-06-16T14:40:20.966+0000] {logging_mixin.py:188} INFO - [2026-06-16T14:40:20.966+0000] {dag.py:3947} INFO - Setting next_dagrun for 04_postgres_taxi to None, run_after=None
[2026-06-16T14:40:20.990+0000] {processor.py:183} INFO - Processing /opt/airflow/dags/dag_04_postgres_taxi.py took 0.151 seconds
[2026-06-16T14:40:51.264+0000] {processor.py:161} INFO - Started process (PID=11433) to work on /opt/airflow/dags/dag_04_postgres_taxi.py
[2026-06-16T14:40:51.264+0000] {processor.py:830} INFO - Processing file /opt/airflow/dags/dag_04_postgres_taxi.py for tasks to queue
[2026-06-16T14:40:51.266+0000] {logging_mixin.py:188} INFO - [2026-06-16T14:40:51.266+0000] {dagbag.py:545} INFO - Filling up the DagBag from /opt/airflow/dags/dag_04_postgres_taxi.py
[2026-06-16T14:40:51.279+0000] {processor.py:840} INFO - DAG(s) '04_postgres_taxi' retrieved from /opt/airflow/dags/dag_04_postgres_taxi.py
[2026-06-16T14:40:51.336+0000] {logging_mixin.py:188} INFO - [2026-06-16T14:40:51.336+0000] {dag.py:3089} INFO - Sync 1 DAGs
[2026-06-16T14:40:51.490+0000] {logging_mixin.py:188} INFO - [2026-06-16T14:40:51.490+0000] {dag.py:3947} INFO - Setting next_dagrun for 04_postgres_taxi to None, run_after=None
[2026-06-16T14:40:51.516+0000] {processor.py:183} INFO - Processing /opt/airflow/dags/dag_04_postgres_taxi.py took 0.261 seconds
[2026-06-16T14:41:22.019+0000] {processor.py:161} INFO - Started process (PID=11473) to work on /opt/airflow/dags/dag_04_postgres_taxi.py
[2026-06-16T14:41:22.020+0000] {processor.py:830} INFO - Processing file /opt/airflow/dags/dag_04_postgres_taxi.py for tasks to queue
[2026-06-16T14:41:22.023+0000] {logging_mixin.py:188} INFO - [2026-06-16T14:41:22.022+0000] {dagbag.py:545} INFO - Filling up the DagBag from /opt/airflow/dags/dag_04_postgres_taxi.py
[2026-06-16T14:41:22.038+0000] {processor.py:840} INFO - DAG(s) '04_postgres_taxi' retrieved from /opt/airflow/dags/dag_04_postgres_taxi.py
[2026-06-16T14:41:22.098+0000] {logging_mixin.py:188} INFO - [2026-06-16T14:41:22.097+0000] {dag.py:3089} INFO - Sync 1 DAGs
[2026-06-16T14:41:22.115+0000] {logging_mixin.py:188} INFO - [2026-06-16T14:41:22.115+0000] {dag.py:3947} INFO - Setting next_dagrun for 04_postgres_taxi to None, run_after=None
[2026-06-16T14:41:22.142+0000] {processor.py:183} INFO - Processing /opt/airflow/dags/dag_04_postgres_taxi.py took 0.135 seconds
[2026-06-16T14:41:52.324+0000] {processor.py:161} INFO - Started process (PID=11513) to work on /opt/airflow/dags/dag_04_postgres_taxi.py
[2026-06-16T14:41:52.325+0000] {processor.py:830} INFO - Processing file /opt/airflow/dags/dag_04_postgres_taxi.py for tasks to queue
[2026-06-16T14:41:52.328+0000] {logging_mixin.py:188} INFO - [2026-06-16T14:41:52.327+0000] {dagbag.py:545} INFO - Filling up the DagBag from /opt/airflow/dags/dag_04_postgres_taxi.py
[2026-06-16T14:41:52.348+0000] {processor.py:840} INFO - DAG(s) '04_postgres_taxi' retrieved from /opt/airflow/dags/dag_04_postgres_taxi.py
[2026-06-16T14:41:52.419+0000] {logging_mixin.py:188} INFO - [2026-06-16T14:41:52.418+0000] {dag.py:3089} INFO - Sync 1 DAGs
[2026-06-16T14:41:52.437+0000] {logging_mixin.py:188} INFO - [2026-06-16T14:41:52.436+0000] {dag.py:3947} INFO - Setting next_dagrun for 04_postgres_taxi to None, run_after=None
[2026-06-16T14:41:52.614+0000] {processor.py:183} INFO - Processing /opt/airflow/dags/dag_04_postgres_taxi.py took 0.301 seconds
[2026-06-16T14:42:22.769+0000] {processor.py:161} INFO - Started process (PID=11553) to work on /opt/airflow/dags/dag_04_postgres_taxi.py
[2026-06-16T14:42:22.779+0000] {processor.py:830} INFO - Processing file /opt/airflow/dags/dag_04_postgres_taxi.py for tasks to queue
[2026-06-16T14:42:22.781+0000] {logging_mixin.py:188} INFO - [2026-06-16T14:42:22.780+0000] {dagbag.py:545} INFO - Filling up the DagBag from /opt/airflow/dags/dag_04_postgres_taxi.py
[2026-06-16T14:42:22.793+0000] {processor.py:840} INFO - DAG(s) '04_postgres_taxi' retrieved from /opt/airflow/dags/dag_04_postgres_taxi.py
[2026-06-16T14:42:22.996+0000] {logging_mixin.py:188} INFO - [2026-06-16T14:42:22.996+0000] {dag.py:3089} INFO - Sync 1 DAGs
[2026-06-16T14:42:23.009+0000] {logging_mixin.py:188} INFO - [2026-06-16T14:42:23.008+0000] {dag.py:3947} INFO - Setting next_dagrun for 04_postgres_taxi to None, run_after=None
[2026-06-16T14:42:23.040+0000] {processor.py:183} INFO - Processing /opt/airflow/dags/dag_04_postgres_taxi.py took 0.280 seconds
[2026-06-16T14:42:53.142+0000] {processor.py:161} INFO - Started process (PID=11593) to work on /opt/airflow/dags/dag_04_postgres_taxi.py
[2026-06-16T14:42:53.143+0000] {processor.py:830} INFO - Processing file /opt/airflow/dags/dag_04_postgres_taxi.py for tasks to queue
[2026-06-16T14:42:53.145+0000] {logging_mixin.py:188} INFO - [2026-06-16T14:42:53.145+0000] {dagbag.py:545} INFO - Filling up the DagBag from /opt/airflow/dags/dag_04_postgres_taxi.py
[2026-06-16T14:42:53.157+0000] {processor.py:840} INFO - DAG(s) '04_postgres_taxi' retrieved from /opt/airflow/dags/dag_04_postgres_taxi.py
[2026-06-16T14:42:53.217+0000] {logging_mixin.py:188} INFO - [2026-06-16T14:42:53.217+0000] {dag.py:3089} INFO - Sync 1 DAGs
[2026-06-16T14:42:53.235+0000] {logging_mixin.py:188} INFO - [2026-06-16T14:42:53.235+0000] {dag.py:3947} INFO - Setting next_dagrun for 04_postgres_taxi to None, run_after=None
[2026-06-16T14:42:53.262+0000] {processor.py:183} INFO - Processing /opt/airflow/dags/dag_04_postgres_taxi.py took 0.131 seconds
[2026-06-16T14:43:24.217+0000] {processor.py:161} INFO - Started process (PID=11633) to work on /opt/airflow/dags/dag_04_postgres_taxi.py
[2026-06-16T14:43:24.219+0000] {processor.py:830} INFO - Processing file /opt/airflow/dags/dag_04_postgres_taxi.py for tasks to queue
[2026-06-16T14:43:24.221+0000] {logging_mixin.py:188} INFO - [2026-06-16T14:43:24.221+0000] {dagbag.py:545} INFO - Filling up the DagBag from /opt/airflow/dags/dag_04_postgres_taxi.py
[2026-06-16T14:43:24.237+0000] {processor.py:840} INFO - DAG(s) '04_postgres_taxi' retrieved from /opt/airflow/dags/dag_04_postgres_taxi.py
[2026-06-16T14:43:24.295+0000] {logging_mixin.py:188} INFO - [2026-06-16T14:43:24.295+0000] {dag.py:3089} INFO - Sync 1 DAGs
[2026-06-16T14:43:24.312+0000] {logging_mixin.py:188} INFO - [2026-06-16T14:43:24.311+0000] {dag.py:3947} INFO - Setting next_dagrun for 04_postgres_taxi to None, run_after=None
[2026-06-16T14:43:24.337+0000] {processor.py:183} INFO - Processing /opt/airflow/dags/dag_04_postgres_taxi.py took 0.131 seconds
[2026-06-16T14:43:55.315+0000] {processor.py:161} INFO - Started process (PID=11673) to work on /opt/airflow/dags/dag_04_postgres_taxi.py
[2026-06-16T14:43:55.316+0000] {processor.py:830} INFO - Processing file /opt/airflow/dags/dag_04_postgres_taxi.py for tasks to queue
[2026-06-16T14:43:55.319+0000] {logging_mixin.py:188} INFO - [2026-06-16T14:43:55.319+0000] {dagbag.py:545} INFO - Filling up the DagBag from /opt/airflow/dags/dag_04_postgres_taxi.py
[2026-06-16T14:43:55.333+0000] {processor.py:840} INFO - DAG(s) '04_postgres_taxi' retrieved from /opt/airflow/dags/dag_04_postgres_taxi.py
[2026-06-16T14:43:55.398+0000] {logging_mixin.py:188} INFO - [2026-06-16T14:43:55.398+0000] {dag.py:3089} INFO - Sync 1 DAGs
[2026-06-16T14:43:55.414+0000] {logging_mixin.py:188} INFO - [2026-06-16T14:43:55.414+0000] {dag.py:3947} INFO - Setting next_dagrun for 04_postgres_taxi to None, run_after=None
[2026-06-16T14:43:55.439+0000] {processor.py:183} INFO - Processing /opt/airflow/dags/dag_04_postgres_taxi.py took 0.136 seconds
[2026-06-16T14:44:26.393+0000] {processor.py:161} INFO - Started process (PID=11713) to work on /opt/airflow/dags/dag_04_postgres_taxi.py
[2026-06-16T14:44:26.396+0000] {processor.py:830} INFO - Processing file /opt/airflow/dags/dag_04_postgres_taxi.py for tasks to queue
[2026-06-16T14:44:26.399+0000] {logging_mixin.py:188} INFO - [2026-06-16T14:44:26.398+0000] {dagbag.py:545} INFO - Filling up the DagBag from /opt/airflow/dags/dag_04_postgres_taxi.py
[2026-06-16T14:44:26.414+0000] {processor.py:840} INFO - DAG(s) '04_postgres_taxi' retrieved from /opt/airflow/dags/dag_04_postgres_taxi.py
[2026-06-16T14:44:26.511+0000] {logging_mixin.py:188} INFO - [2026-06-16T14:44:26.511+0000] {dag.py:3089} INFO - Sync 1 DAGs
[2026-06-16T14:44:26.530+0000] {logging_mixin.py:188} INFO - [2026-06-16T14:44:26.530+0000] {dag.py:3947} INFO - Setting next_dagrun for 04_postgres_taxi to None, run_after=None
[2026-06-16T14:44:26.556+0000] {processor.py:183} INFO - Processing /opt/airflow/dags/dag_04_postgres_taxi.py took 0.180 seconds
[2026-06-16T14:44:57.550+0000] {processor.py:161} INFO - Started process (PID=11753) to work on /opt/airflow/dags/dag_04_postgres_taxi.py
[2026-06-16T14:44:57.551+0000] {processor.py:830} INFO - Processing file /opt/airflow/dags/dag_04_postgres_taxi.py for tasks to queue
[2026-06-16T14:44:57.554+0000] {logging_mixin.py:188} INFO - [2026-06-16T14:44:57.553+0000] {dagbag.py:545} INFO - Filling up the DagBag from /opt/airflow/dags/dag_04_postgres_taxi.py
[2026-06-16T14:44:57.566+0000] {processor.py:840} INFO - DAG(s) '04_postgres_taxi' retrieved from /opt/airflow/dags/dag_04_postgres_taxi.py
[2026-06-16T14:44:57.622+0000] {logging_mixin.py:188} INFO - [2026-06-16T14:44:57.622+0000] {dag.py:3089} INFO - Sync 1 DAGs
[2026-06-16T14:44:57.639+0000] {logging_mixin.py:188} INFO - [2026-06-16T14:44:57.638+0000] {dag.py:3947} INFO - Setting next_dagrun for 04_postgres_taxi to None, run_after=None
[2026-06-16T14:44:57.664+0000] {processor.py:183} INFO - Processing /opt/airflow/dags/dag_04_postgres_taxi.py took 0.126 seconds
[2026-06-16T14:45:28.670+0000] {processor.py:161} INFO - Started process (PID=11793) to work on /opt/airflow/dags/dag_04_postgres_taxi.py
[2026-06-16T14:45:28.672+0000] {processor.py:830} INFO - Processing file /opt/airflow/dags/dag_04_postgres_taxi.py for tasks to queue
[2026-06-16T14:45:28.674+0000] {logging_mixin.py:188} INFO - [2026-06-16T14:45:28.674+0000] {dagbag.py:545} INFO - Filling up the DagBag from /opt/airflow/dags/dag_04_postgres_taxi.py
[2026-06-16T14:45:28.691+0000] {processor.py:840} INFO - DAG(s) '04_postgres_taxi' retrieved from /opt/airflow/dags/dag_04_postgres_taxi.py
[2026-06-16T14:45:28.755+0000] {logging_mixin.py:188} INFO - [2026-06-16T14:45:28.755+0000] {dag.py:3089} INFO - Sync 1 DAGs
[2026-06-16T14:45:28.775+0000] {logging_mixin.py:188} INFO - [2026-06-16T14:45:28.775+0000] {dag.py:3947} INFO - Setting next_dagrun for 04_postgres_taxi to None, run_after=None
[2026-06-16T14:45:28.800+0000] {processor.py:183} INFO - Processing /opt/airflow/dags/dag_04_postgres_taxi.py took 0.141 seconds
[2026-06-16T14:45:59.775+0000] {processor.py:161} INFO - Started process (PID=11833) to work on /opt/airflow/dags/dag_04_postgres_taxi.py
[2026-06-16T14:45:59.776+0000] {processor.py:830} INFO - Processing file /opt/airflow/dags/dag_04_postgres_taxi.py for tasks to queue
[2026-06-16T14:45:59.778+0000] {logging_mixin.py:188} INFO - [2026-06-16T14:45:59.778+0000] {dagbag.py:545} INFO - Filling up the DagBag from /opt/airflow/dags/dag_04_postgres_taxi.py
[2026-06-16T14:45:59.790+0000] {processor.py:840} INFO - DAG(s) '04_postgres_taxi' retrieved from /opt/airflow/dags/dag_04_postgres_taxi.py
[2026-06-16T14:45:59.853+0000] {logging_mixin.py:188} INFO - [2026-06-16T14:45:59.852+0000] {dag.py:3089} INFO - Sync 1 DAGs
[2026-06-16T14:45:59.871+0000] {logging_mixin.py:188} INFO - [2026-06-16T14:45:59.870+0000] {dag.py:3947} INFO - Setting next_dagrun for 04_postgres_taxi to None, run_after=None
[2026-06-16T14:45:59.896+0000] {processor.py:183} INFO - Processing /opt/airflow/dags/dag_04_postgres_taxi.py took 0.132 seconds
[2026-06-16T14:46:30.846+0000] {processor.py:161} INFO - Started process (PID=11873) to work on /opt/airflow/dags/dag_04_postgres_taxi.py
[2026-06-16T14:46:30.857+0000] {processor.py:830} INFO - Processing file /opt/airflow/dags/dag_04_postgres_taxi.py for tasks to queue
[2026-06-16T14:46:30.859+0000] {logging_mixin.py:188} INFO - [2026-06-16T14:46:30.858+0000] {dagbag.py:545} INFO - Filling up the DagBag from /opt/airflow/dags/dag_04_postgres_taxi.py
[2026-06-16T14:46:30.870+0000] {processor.py:840} INFO - DAG(s) '04_postgres_taxi' retrieved from /opt/airflow/dags/dag_04_postgres_taxi.py
[2026-06-16T14:46:30.929+0000] {logging_mixin.py:188} INFO - [2026-06-16T14:46:30.929+0000] {dag.py:3089} INFO - Sync 1 DAGs
[2026-06-16T14:46:30.949+0000] {logging_mixin.py:188} INFO - [2026-06-16T14:46:30.949+0000] {dag.py:3947} INFO - Setting next_dagrun for 04_postgres_taxi to None, run_after=None
[2026-06-16T14:46:30.975+0000] {processor.py:183} INFO - Processing /opt/airflow/dags/dag_04_postgres_taxi.py took 0.141 seconds
[2026-06-16T14:47:01.936+0000] {processor.py:161} INFO - Started process (PID=11913) to work on /opt/airflow/dags/dag_04_postgres_taxi.py
[2026-06-16T14:47:01.938+0000] {processor.py:830} INFO - Processing file /opt/airflow/dags/dag_04_postgres_taxi.py for tasks to queue
[2026-06-16T14:47:01.940+0000] {logging_mixin.py:188} INFO - [2026-06-16T14:47:01.940+0000] {dagbag.py:545} INFO - Filling up the DagBag from /opt/airflow/dags/dag_04_postgres_taxi.py
[2026-06-16T14:47:01.953+0000] {processor.py:840} INFO - DAG(s) '04_postgres_taxi' retrieved from /opt/airflow/dags/dag_04_postgres_taxi.py
[2026-06-16T14:47:02.010+0000] {logging_mixin.py:188} INFO - [2026-06-16T14:47:02.010+0000] {dag.py:3089} INFO - Sync 1 DAGs
[2026-06-16T14:47:02.029+0000] {logging_mixin.py:188} INFO - [2026-06-16T14:47:02.029+0000] {dag.py:3947} INFO - Setting next_dagrun for 04_postgres_taxi to None, run_after=None
[2026-06-16T14:47:02.054+0000] {processor.py:183} INFO - Processing /opt/airflow/dags/dag_04_postgres_taxi.py took 0.128 seconds
[2026-06-16T14:47:33.041+0000] {processor.py:161} INFO - Started process (PID=11953) to work on /opt/airflow/dags/dag_04_postgres_taxi.py
[2026-06-16T14:47:33.042+0000] {processor.py:830} INFO - Processing file /opt/airflow/dags/dag_04_postgres_taxi.py for tasks to queue
[2026-06-16T14:47:33.044+0000] {logging_mixin.py:188} INFO - [2026-06-16T14:47:33.044+0000] {dagbag.py:545} INFO - Filling up the DagBag from /opt/airflow/dags/dag_04_postgres_taxi.py
[2026-06-16T14:47:33.058+0000] {processor.py:840} INFO - DAG(s) '04_postgres_taxi' retrieved from /opt/airflow/dags/dag_04_postgres_taxi.py
[2026-06-16T14:47:33.116+0000] {logging_mixin.py:188} INFO - [2026-06-16T14:47:33.116+0000] {dag.py:3089} INFO - Sync 1 DAGs
[2026-06-16T14:47:33.133+0000] {logging_mixin.py:188} INFO - [2026-06-16T14:47:33.133+0000] {dag.py:3947} INFO - Setting next_dagrun for 04_postgres_taxi to None, run_after=None
[2026-06-16T14:47:33.164+0000] {processor.py:183} INFO - Processing /opt/airflow/dags/dag_04_postgres_taxi.py took 0.136 seconds
[2026-06-16T14:48:04.123+0000] {processor.py:161} INFO - Started process (PID=11993) to work on /opt/airflow/dags/dag_04_postgres_taxi.py
[2026-06-16T14:48:04.135+0000] {processor.py:830} INFO - Processing file /opt/airflow/dags/dag_04_postgres_taxi.py for tasks to queue
[2026-06-16T14:48:04.137+0000] {logging_mixin.py:188} INFO - [2026-06-16T14:48:04.137+0000] {dagbag.py:545} INFO - Filling up the DagBag from /opt/airflow/dags/dag_04_postgres_taxi.py
[2026-06-16T14:48:04.149+0000] {processor.py:840} INFO - DAG(s) '04_postgres_taxi' retrieved from /opt/airflow/dags/dag_04_postgres_taxi.py
[2026-06-16T14:48:04.206+0000] {logging_mixin.py:188} INFO - [2026-06-16T14:48:04.206+0000] {dag.py:3089} INFO - Sync 1 DAGs
[2026-06-16T14:48:04.225+0000] {logging_mixin.py:188} INFO - [2026-06-16T14:48:04.225+0000] {dag.py:3947} INFO - Setting next_dagrun for 04_postgres_taxi to None, run_after=None
[2026-06-16T14:48:04.250+0000] {processor.py:183} INFO - Processing /opt/airflow/dags/dag_04_postgres_taxi.py took 0.137 seconds
[2026-06-16T14:48:35.236+0000] {processor.py:161} INFO - Started process (PID=12033) to work on /opt/airflow/dags/dag_04_postgres_taxi.py
[2026-06-16T14:48:35.238+0000] {processor.py:830} INFO - Processing file /opt/airflow/dags/dag_04_postgres_taxi.py for tasks to queue
[2026-06-16T14:48:35.240+0000] {logging_mixin.py:188} INFO - [2026-06-16T14:48:35.239+0000] {dagbag.py:545} INFO - Filling up the DagBag from /opt/airflow/dags/dag_04_postgres_taxi.py
[2026-06-16T14:48:35.252+0000] {processor.py:840} INFO - DAG(s) '04_postgres_taxi' retrieved from /opt/airflow/dags/dag_04_postgres_taxi.py
[2026-06-16T14:48:35.312+0000] {logging_mixin.py:188} INFO - [2026-06-16T14:48:35.312+0000] {dag.py:3089} INFO - Sync 1 DAGs
[2026-06-16T14:48:35.329+0000] {logging_mixin.py:188} INFO - [2026-06-16T14:48:35.329+0000] {dag.py:3947} INFO - Setting next_dagrun for 04_postgres_taxi to None, run_after=None
[2026-06-16T14:48:35.355+0000] {processor.py:183} INFO - Processing /opt/airflow/dags/dag_04_postgres_taxi.py took 0.129 seconds
[2026-06-16T14:49:06.326+0000] {processor.py:161} INFO - Started process (PID=12073) to work on /opt/airflow/dags/dag_04_postgres_taxi.py
[2026-06-16T14:49:06.327+0000] {processor.py:830} INFO - Processing file /opt/airflow/dags/dag_04_postgres_taxi.py for tasks to queue
[2026-06-16T14:49:06.330+0000] {logging_mixin.py:188} INFO - [2026-06-16T14:49:06.329+0000] {dagbag.py:545} INFO - Filling up the DagBag from /opt/airflow/dags/dag_04_postgres_taxi.py
[2026-06-16T14:49:06.342+0000] {processor.py:840} INFO - DAG(s) '04_postgres_taxi' retrieved from /opt/airflow/dags/dag_04_postgres_taxi.py
[2026-06-16T14:49:06.407+0000] {logging_mixin.py:188} INFO - [2026-06-16T14:49:06.407+0000] {dag.py:3089} INFO - Sync 1 DAGs
[2026-06-16T14:49:06.425+0000] {logging_mixin.py:188} INFO - [2026-06-16T14:49:06.424+0000] {dag.py:3947} INFO - Setting next_dagrun for 04_postgres_taxi to None, run_after=None
[2026-06-16T14:49:06.452+0000] {processor.py:183} INFO - Processing /opt/airflow/dags/dag_04_postgres_taxi.py took 0.136 seconds
[2026-06-16T14:49:37.442+0000] {processor.py:161} INFO - Started process (PID=12113) to work on /opt/airflow/dags/dag_04_postgres_taxi.py
[2026-06-16T14:49:37.454+0000] {processor.py:830} INFO - Processing file /opt/airflow/dags/dag_04_postgres_taxi.py for tasks to queue
[2026-06-16T14:49:37.457+0000] {logging_mixin.py:188} INFO - [2026-06-16T14:49:37.456+0000] {dagbag.py:545} INFO - Filling up the DagBag from /opt/airflow/dags/dag_04_postgres_taxi.py
[2026-06-16T14:49:37.472+0000] {processor.py:840} INFO - DAG(s) '04_postgres_taxi' retrieved from /opt/airflow/dags/dag_04_postgres_taxi.py
[2026-06-16T14:49:37.535+0000] {logging_mixin.py:188} INFO - [2026-06-16T14:49:37.534+0000] {dag.py:3089} INFO - Sync 1 DAGs
[2026-06-16T14:49:37.552+0000] {logging_mixin.py:188} INFO - [2026-06-16T14:49:37.551+0000] {dag.py:3947} INFO - Setting next_dagrun for 04_postgres_taxi to None, run_after=None
[2026-06-16T14:49:37.576+0000] {processor.py:183} INFO - Processing /opt/airflow/dags/dag_04_postgres_taxi.py took 0.146 seconds
[2026-06-16T14:50:08.228+0000] {processor.py:161} INFO - Started process (PID=12153) to work on /opt/airflow/dags/dag_04_postgres_taxi.py
[2026-06-16T14:50:08.229+0000] {processor.py:830} INFO - Processing file /opt/airflow/dags/dag_04_postgres_taxi.py for tasks to queue
[2026-06-16T14:50:08.231+0000] {logging_mixin.py:188} INFO - [2026-06-16T14:50:08.230+0000] {dagbag.py:545} INFO - Filling up the DagBag from /opt/airflow/dags/dag_04_postgres_taxi.py
[2026-06-16T14:50:08.250+0000] {processor.py:840} INFO - DAG(s) '04_postgres_taxi' retrieved from /opt/airflow/dags/dag_04_postgres_taxi.py
[2026-06-16T14:50:08.312+0000] {logging_mixin.py:188} INFO - [2026-06-16T14:50:08.312+0000] {dag.py:3089} INFO - Sync 1 DAGs
[2026-06-16T14:50:08.329+0000] {logging_mixin.py:188} INFO - [2026-06-16T14:50:08.329+0000] {dag.py:3947} INFO - Setting next_dagrun for 04_postgres_taxi to None, run_after=None
[2026-06-16T14:50:08.355+0000] {processor.py:183} INFO - Processing /opt/airflow/dags/dag_04_postgres_taxi.py took 0.138 seconds
[2026-06-16T14:50:39.307+0000] {processor.py:161} INFO - Started process (PID=12193) to work on /opt/airflow/dags/dag_04_postgres_taxi.py
[2026-06-16T14:50:39.318+0000] {processor.py:830} INFO - Processing file /opt/airflow/dags/dag_04_postgres_taxi.py for tasks to queue
[2026-06-16T14:50:39.320+0000] {logging_mixin.py:188} INFO - [2026-06-16T14:50:39.319+0000] {dagbag.py:545} INFO - Filling up the DagBag from /opt/airflow/dags/dag_04_postgres_taxi.py
[2026-06-16T14:50:39.331+0000] {processor.py:840} INFO - DAG(s) '04_postgres_taxi' retrieved from /opt/airflow/dags/dag_04_postgres_taxi.py
[2026-06-16T14:50:39.392+0000] {logging_mixin.py:188} INFO - [2026-06-16T14:50:39.392+0000] {dag.py:3089} INFO - Sync 1 DAGs
[2026-06-16T14:50:39.411+0000] {logging_mixin.py:188} INFO - [2026-06-16T14:50:39.411+0000] {dag.py:3947} INFO - Setting next_dagrun for 04_postgres_taxi to None, run_after=None
[2026-06-16T14:50:39.436+0000] {processor.py:183} INFO - Processing /opt/airflow/dags/dag_04_postgres_taxi.py took 0.141 seconds
[2026-06-16T14:51:10.408+0000] {processor.py:161} INFO - Started process (PID=12233) to work on /opt/airflow/dags/dag_04_postgres_taxi.py
[2026-06-16T14:51:10.409+0000] {processor.py:830} INFO - Processing file /opt/airflow/dags/dag_04_postgres_taxi.py for tasks to queue
[2026-06-16T14:51:10.411+0000] {logging_mixin.py:188} INFO - [2026-06-16T14:51:10.411+0000] {dagbag.py:545} INFO - Filling up the DagBag from /opt/airflow/dags/dag_04_postgres_taxi.py
[2026-06-16T14:51:10.423+0000] {processor.py:840} INFO - DAG(s) '04_postgres_taxi' retrieved from /opt/airflow/dags/dag_04_postgres_taxi.py
[2026-06-16T14:51:10.479+0000] {logging_mixin.py:188} INFO - [2026-06-16T14:51:10.479+0000] {dag.py:3089} INFO - Sync 1 DAGs
[2026-06-16T14:51:10.496+0000] {logging_mixin.py:188} INFO - [2026-06-16T14:51:10.496+0000] {dag.py:3947} INFO - Setting next_dagrun for 04_postgres_taxi to None, run_after=None
[2026-06-16T14:51:10.521+0000] {processor.py:183} INFO - Processing /opt/airflow/dags/dag_04_postgres_taxi.py took 0.124 seconds
[2026-06-16T14:51:40.654+0000] {processor.py:161} INFO - Started process (PID=12273) to work on /opt/airflow/dags/dag_04_postgres_taxi.py
[2026-06-16T14:51:40.668+0000] {processor.py:830} INFO - Processing file /opt/airflow/dags/dag_04_postgres_taxi.py for tasks to queue
[2026-06-16T14:51:40.670+0000] {logging_mixin.py:188} INFO - [2026-06-16T14:51:40.669+0000] {dagbag.py:545} INFO - Filling up the DagBag from /opt/airflow/dags/dag_04_postgres_taxi.py
[2026-06-16T14:51:40.681+0000] {processor.py:840} INFO - DAG(s) '04_postgres_taxi' retrieved from /opt/airflow/dags/dag_04_postgres_taxi.py
[2026-06-16T14:51:40.737+0000] {logging_mixin.py:188} INFO - [2026-06-16T14:51:40.737+0000] {dag.py:3089} INFO - Sync 1 DAGs
[2026-06-16T14:51:40.753+0000] {logging_mixin.py:188} INFO - [2026-06-16T14:51:40.753+0000] {dag.py:3947} INFO - Setting next_dagrun for 04_postgres_taxi to None, run_after=None
[2026-06-16T14:51:40.778+0000] {processor.py:183} INFO - Processing /opt/airflow/dags/dag_04_postgres_taxi.py took 0.133 seconds
[2026-06-16T14:52:10.899+0000] {processor.py:161} INFO - Started process (PID=12313) to work on /opt/airflow/dags/dag_04_postgres_taxi.py
[2026-06-16T14:52:10.900+0000] {processor.py:830} INFO - Processing file /opt/airflow/dags/dag_04_postgres_taxi.py for tasks to queue
[2026-06-16T14:52:10.902+0000] {logging_mixin.py:188} INFO - [2026-06-16T14:52:10.901+0000] {dagbag.py:545} INFO - Filling up the DagBag from /opt/airflow/dags/dag_04_postgres_taxi.py
[2026-06-16T14:52:10.919+0000] {processor.py:840} INFO - DAG(s) '04_postgres_taxi' retrieved from /opt/airflow/dags/dag_04_postgres_taxi.py
[2026-06-16T14:52:10.987+0000] {logging_mixin.py:188} INFO - [2026-06-16T14:52:10.987+0000] {dag.py:3089} INFO - Sync 1 DAGs
[2026-06-16T14:52:11.002+0000] {logging_mixin.py:188} INFO - [2026-06-16T14:52:11.002+0000] {dag.py:3947} INFO - Setting next_dagrun for 04_postgres_taxi to None, run_after=None
[2026-06-16T14:52:11.028+0000] {processor.py:183} INFO - Processing /opt/airflow/dags/dag_04_postgres_taxi.py took 0.139 seconds
[2026-06-16T14:52:42.032+0000] {processor.py:161} INFO - Started process (PID=12353) to work on /opt/airflow/dags/dag_04_postgres_taxi.py
[2026-06-16T14:52:42.042+0000] {processor.py:830} INFO - Processing file /opt/airflow/dags/dag_04_postgres_taxi.py for tasks to queue
[2026-06-16T14:52:42.044+0000] {logging_mixin.py:188} INFO - [2026-06-16T14:52:42.044+0000] {dagbag.py:545} INFO - Filling up the DagBag from /opt/airflow/dags/dag_04_postgres_taxi.py
[2026-06-16T14:52:42.056+0000] {processor.py:840} INFO - DAG(s) '04_postgres_taxi' retrieved from /opt/airflow/dags/dag_04_postgres_taxi.py
[2026-06-16T14:52:42.113+0000] {logging_mixin.py:188} INFO - [2026-06-16T14:52:42.113+0000] {dag.py:3089} INFO - Sync 1 DAGs
[2026-06-16T14:52:42.130+0000] {logging_mixin.py:188} INFO - [2026-06-16T14:52:42.130+0000] {dag.py:3947} INFO - Setting next_dagrun for 04_postgres_taxi to None, run_after=None
[2026-06-16T14:52:42.153+0000] {processor.py:183} INFO - Processing /opt/airflow/dags/dag_04_postgres_taxi.py took 0.131 seconds
[2026-06-16T14:53:13.109+0000] {processor.py:161} INFO - Started process (PID=12393) to work on /opt/airflow/dags/dag_04_postgres_taxi.py
[2026-06-16T14:53:13.112+0000] {processor.py:830} INFO - Processing file /opt/airflow/dags/dag_04_postgres_taxi.py for tasks to queue
[2026-06-16T14:53:13.114+0000] {logging_mixin.py:188} INFO - [2026-06-16T14:53:13.114+0000] {dagbag.py:545} INFO - Filling up the DagBag from /opt/airflow/dags/dag_04_postgres_taxi.py
[2026-06-16T14:53:13.126+0000] {processor.py:840} INFO - DAG(s) '04_postgres_taxi' retrieved from /opt/airflow/dags/dag_04_postgres_taxi.py
[2026-06-16T14:53:13.188+0000] {logging_mixin.py:188} INFO - [2026-06-16T14:53:13.188+0000] {dag.py:3089} INFO - Sync 1 DAGs
[2026-06-16T14:53:13.205+0000] {logging_mixin.py:188} INFO - [2026-06-16T14:53:13.204+0000] {dag.py:3947} INFO - Setting next_dagrun for 04_postgres_taxi to None, run_after=None
[2026-06-16T14:53:13.230+0000] {processor.py:183} INFO - Processing /opt/airflow/dags/dag_04_postgres_taxi.py took 0.131 seconds
[2026-06-16T14:53:44.177+0000] {processor.py:161} INFO - Started process (PID=12433) to work on /opt/airflow/dags/dag_04_postgres_taxi.py
[2026-06-16T14:53:44.179+0000] {processor.py:830} INFO - Processing file /opt/airflow/dags/dag_04_postgres_taxi.py for tasks to queue
[2026-06-16T14:53:44.181+0000] {logging_mixin.py:188} INFO - [2026-06-16T14:53:44.180+0000] {dagbag.py:545} INFO - Filling up the DagBag from /opt/airflow/dags/dag_04_postgres_taxi.py
[2026-06-16T14:53:44.193+0000] {processor.py:840} INFO - DAG(s) '04_postgres_taxi' retrieved from /opt/airflow/dags/dag_04_postgres_taxi.py
[2026-06-16T14:53:44.254+0000] {logging_mixin.py:188} INFO - [2026-06-16T14:53:44.253+0000] {dag.py:3089} INFO - Sync 1 DAGs
[2026-06-16T14:53:44.271+0000] {logging_mixin.py:188} INFO - [2026-06-16T14:53:44.271+0000] {dag.py:3947} INFO - Setting next_dagrun for 04_postgres_taxi to None, run_after=None
[2026-06-16T14:53:44.297+0000] {processor.py:183} INFO - Processing /opt/airflow/dags/dag_04_postgres_taxi.py took 0.129 seconds
[2026-06-16T14:54:14.351+0000] {processor.py:161} INFO - Started process (PID=12473) to work on /opt/airflow/dags/dag_04_postgres_taxi.py
[2026-06-16T14:54:14.363+0000] {processor.py:830} INFO - Processing file /opt/airflow/dags/dag_04_postgres_taxi.py for tasks to queue
[2026-06-16T14:54:14.365+0000] {logging_mixin.py:188} INFO - [2026-06-16T14:54:14.364+0000] {dagbag.py:545} INFO - Filling up the DagBag from /opt/airflow/dags/dag_04_postgres_taxi.py
[2026-06-16T14:54:14.377+0000] {processor.py:840} INFO - DAG(s) '04_postgres_taxi' retrieved from /opt/airflow/dags/dag_04_postgres_taxi.py
[2026-06-16T14:54:14.436+0000] {logging_mixin.py:188} INFO - [2026-06-16T14:54:14.436+0000] {dag.py:3089} INFO - Sync 1 DAGs
[2026-06-16T14:54:14.454+0000] {logging_mixin.py:188} INFO - [2026-06-16T14:54:14.453+0000] {dag.py:3947} INFO - Setting next_dagrun for 04_postgres_taxi to None, run_after=None
[2026-06-16T14:54:14.479+0000] {processor.py:183} INFO - Processing /opt/airflow/dags/dag_04_postgres_taxi.py took 0.137 seconds
[2026-06-16T14:54:45.419+0000] {processor.py:161} INFO - Started process (PID=12513) to work on /opt/airflow/dags/dag_04_postgres_taxi.py
[2026-06-16T14:54:45.420+0000] {processor.py:830} INFO - Processing file /opt/airflow/dags/dag_04_postgres_taxi.py for tasks to queue
[2026-06-16T14:54:45.423+0000] {logging_mixin.py:188} INFO - [2026-06-16T14:54:45.422+0000] {dagbag.py:545} INFO - Filling up the DagBag from /opt/airflow/dags/dag_04_postgres_taxi.py
[2026-06-16T14:54:45.437+0000] {processor.py:840} INFO - DAG(s) '04_postgres_taxi' retrieved from /opt/airflow/dags/dag_04_postgres_taxi.py
[2026-06-16T14:54:45.502+0000] {logging_mixin.py:188} INFO - [2026-06-16T14:54:45.501+0000] {dag.py:3089} INFO - Sync 1 DAGs
[2026-06-16T14:54:45.517+0000] {logging_mixin.py:188} INFO - [2026-06-16T14:54:45.517+0000] {dag.py:3947} INFO - Setting next_dagrun for 04_postgres_taxi to None, run_after=None
[2026-06-16T14:54:45.543+0000] {processor.py:183} INFO - Processing /opt/airflow/dags/dag_04_postgres_taxi.py took 0.135 seconds
[2026-06-16T14:55:16.518+0000] {processor.py:161} INFO - Started process (PID=12553) to work on /opt/airflow/dags/dag_04_postgres_taxi.py
[2026-06-16T14:55:16.529+0000] {processor.py:830} INFO - Processing file /opt/airflow/dags/dag_04_postgres_taxi.py for tasks to queue
[2026-06-16T14:55:16.532+0000] {logging_mixin.py:188} INFO - [2026-06-16T14:55:16.531+0000] {dagbag.py:545} INFO - Filling up the DagBag from /opt/airflow/dags/dag_04_postgres_taxi.py
[2026-06-16T14:55:16.546+0000] {processor.py:840} INFO - DAG(s) '04_postgres_taxi' retrieved from /opt/airflow/dags/dag_04_postgres_taxi.py
[2026-06-16T14:55:16.621+0000] {logging_mixin.py:188} INFO - [2026-06-16T14:55:16.621+0000] {dag.py:3089} INFO - Sync 1 DAGs
[2026-06-16T14:55:16.641+0000] {logging_mixin.py:188} INFO - [2026-06-16T14:55:16.640+0000] {dag.py:3947} INFO - Setting next_dagrun for 04_postgres_taxi to None, run_after=None
[2026-06-16T14:55:16.670+0000] {processor.py:183} INFO - Processing /opt/airflow/dags/dag_04_postgres_taxi.py took 0.163 seconds
[2026-06-16T14:55:47.606+0000] {processor.py:161} INFO - Started process (PID=12593) to work on /opt/airflow/dags/dag_04_postgres_taxi.py
[2026-06-16T14:55:47.608+0000] {processor.py:830} INFO - Processing file /opt/airflow/dags/dag_04_postgres_taxi.py for tasks to queue
[2026-06-16T14:55:47.610+0000] {logging_mixin.py:188} INFO - [2026-06-16T14:55:47.609+0000] {dagbag.py:545} INFO - Filling up the DagBag from /opt/airflow/dags/dag_04_postgres_taxi.py
[2026-06-16T14:55:47.622+0000] {processor.py:840} INFO - DAG(s) '04_postgres_taxi' retrieved from /opt/airflow/dags/dag_04_postgres_taxi.py
[2026-06-16T14:55:47.681+0000] {logging_mixin.py:188} INFO - [2026-06-16T14:55:47.681+0000] {dag.py:3089} INFO - Sync 1 DAGs
[2026-06-16T14:55:47.699+0000] {logging_mixin.py:188} INFO - [2026-06-16T14:55:47.699+0000] {dag.py:3947} INFO - Setting next_dagrun for 04_postgres_taxi to None, run_after=None
[2026-06-16T14:55:47.725+0000] {processor.py:183} INFO - Processing /opt/airflow/dags/dag_04_postgres_taxi.py took 0.128 seconds
[2026-06-16T14:56:18.681+0000] {processor.py:161} INFO - Started process (PID=12633) to work on /opt/airflow/dags/dag_04_postgres_taxi.py
[2026-06-16T14:56:18.691+0000] {processor.py:830} INFO - Processing file /opt/airflow/dags/dag_04_postgres_taxi.py for tasks to queue
[2026-06-16T14:56:18.693+0000] {logging_mixin.py:188} INFO - [2026-06-16T14:56:18.692+0000] {dagbag.py:545} INFO - Filling up the DagBag from /opt/airflow/dags/dag_04_postgres_taxi.py
[2026-06-16T14:56:18.705+0000] {processor.py:840} INFO - DAG(s) '04_postgres_taxi' retrieved from /opt/airflow/dags/dag_04_postgres_taxi.py
[2026-06-16T14:56:18.760+0000] {logging_mixin.py:188} INFO - [2026-06-16T14:56:18.760+0000] {dag.py:3089} INFO - Sync 1 DAGs
[2026-06-16T14:56:18.777+0000] {logging_mixin.py:188} INFO - [2026-06-16T14:56:18.777+0000] {dag.py:3947} INFO - Setting next_dagrun for 04_postgres_taxi to None, run_after=None
[2026-06-16T14:56:18.802+0000] {processor.py:183} INFO - Processing /opt/airflow/dags/dag_04_postgres_taxi.py took 0.131 seconds
[2026-06-16T14:56:49.753+0000] {processor.py:161} INFO - Started process (PID=12673) to work on /opt/airflow/dags/dag_04_postgres_taxi.py
[2026-06-16T14:56:49.755+0000] {processor.py:830} INFO - Processing file /opt/airflow/dags/dag_04_postgres_taxi.py for tasks to queue
[2026-06-16T14:56:49.757+0000] {logging_mixin.py:188} INFO - [2026-06-16T14:56:49.757+0000] {dagbag.py:545} INFO - Filling up the DagBag from /opt/airflow/dags/dag_04_postgres_taxi.py
[2026-06-16T14:56:49.772+0000] {processor.py:840} INFO - DAG(s) '04_postgres_taxi' retrieved from /opt/airflow/dags/dag_04_postgres_taxi.py
[2026-06-16T14:56:49.833+0000] {logging_mixin.py:188} INFO - [2026-06-16T14:56:49.833+0000] {dag.py:3089} INFO - Sync 1 DAGs
[2026-06-16T14:56:49.850+0000] {logging_mixin.py:188} INFO - [2026-06-16T14:56:49.850+0000] {dag.py:3947} INFO - Setting next_dagrun for 04_postgres_taxi to None, run_after=None
[2026-06-16T14:56:49.875+0000] {processor.py:183} INFO - Processing /opt/airflow/dags/dag_04_postgres_taxi.py took 0.133 seconds
[2026-06-16T14:57:20.847+0000] {processor.py:161} INFO - Started process (PID=12713) to work on /opt/airflow/dags/dag_04_postgres_taxi.py
[2026-06-16T14:57:20.848+0000] {processor.py:830} INFO - Processing file /opt/airflow/dags/dag_04_postgres_taxi.py for tasks to queue
[2026-06-16T14:57:20.851+0000] {logging_mixin.py:188} INFO - [2026-06-16T14:57:20.850+0000] {dagbag.py:545} INFO - Filling up the DagBag from /opt/airflow/dags/dag_04_postgres_taxi.py
[2026-06-16T14:57:20.866+0000] {processor.py:840} INFO - DAG(s) '04_postgres_taxi' retrieved from /opt/airflow/dags/dag_04_postgres_taxi.py
[2026-06-16T14:57:20.929+0000] {logging_mixin.py:188} INFO - [2026-06-16T14:57:20.929+0000] {dag.py:3089} INFO - Sync 1 DAGs
[2026-06-16T14:57:20.946+0000] {logging_mixin.py:188} INFO - [2026-06-16T14:57:20.945+0000] {dag.py:3947} INFO - Setting next_dagrun for 04_postgres_taxi to None, run_after=None
[2026-06-16T14:57:20.973+0000] {processor.py:183} INFO - Processing /opt/airflow/dags/dag_04_postgres_taxi.py took 0.136 seconds
[2026-06-16T14:57:51.941+0000] {processor.py:161} INFO - Started process (PID=12753) to work on /opt/airflow/dags/dag_04_postgres_taxi.py
[2026-06-16T14:57:51.942+0000] {processor.py:830} INFO - Processing file /opt/airflow/dags/dag_04_postgres_taxi.py for tasks to queue
[2026-06-16T14:57:51.944+0000] {logging_mixin.py:188} INFO - [2026-06-16T14:57:51.943+0000] {dagbag.py:545} INFO - Filling up the DagBag from /opt/airflow/dags/dag_04_postgres_taxi.py
[2026-06-16T14:57:51.956+0000] {processor.py:840} INFO - DAG(s) '04_postgres_taxi' retrieved from /opt/airflow/dags/dag_04_postgres_taxi.py
[2026-06-16T14:57:52.012+0000] {logging_mixin.py:188} INFO - [2026-06-16T14:57:52.012+0000] {dag.py:3089} INFO - Sync 1 DAGs
[2026-06-16T14:57:52.029+0000] {logging_mixin.py:188} INFO - [2026-06-16T14:57:52.028+0000] {dag.py:3947} INFO - Setting next_dagrun for 04_postgres_taxi to None, run_after=None
[2026-06-16T14:57:52.053+0000] {processor.py:183} INFO - Processing /opt/airflow/dags/dag_04_postgres_taxi.py took 0.125 seconds
[2026-06-16T14:58:23.001+0000] {processor.py:161} INFO - Started process (PID=12793) to work on /opt/airflow/dags/dag_04_postgres_taxi.py
[2026-06-16T14:58:23.003+0000] {processor.py:830} INFO - Processing file /opt/airflow/dags/dag_04_postgres_taxi.py for tasks to queue
[2026-06-16T14:58:23.006+0000] {logging_mixin.py:188} INFO - [2026-06-16T14:58:23.005+0000] {dagbag.py:545} INFO - Filling up the DagBag from /opt/airflow/dags/dag_04_postgres_taxi.py
[2026-06-16T14:58:23.018+0000] {processor.py:840} INFO - DAG(s) '04_postgres_taxi' retrieved from /opt/airflow/dags/dag_04_postgres_taxi.py
[2026-06-16T14:58:23.075+0000] {logging_mixin.py:188} INFO - [2026-06-16T14:58:23.075+0000] {dag.py:3089} INFO - Sync 1 DAGs
[2026-06-16T14:58:23.092+0000] {logging_mixin.py:188} INFO - [2026-06-16T14:58:23.091+0000] {dag.py:3947} INFO - Setting next_dagrun for 04_postgres_taxi to None, run_after=None
[2026-06-16T14:58:23.117+0000] {processor.py:183} INFO - Processing /opt/airflow/dags/dag_04_postgres_taxi.py took 0.127 seconds
[2026-06-16T14:58:54.042+0000] {processor.py:161} INFO - Started process (PID=12833) to work on /opt/airflow/dags/dag_04_postgres_taxi.py
[2026-06-16T14:58:54.044+0000] {processor.py:830} INFO - Processing file /opt/airflow/dags/dag_04_postgres_taxi.py for tasks to queue
[2026-06-16T14:58:54.046+0000] {logging_mixin.py:188} INFO - [2026-06-16T14:58:54.046+0000] {dagbag.py:545} INFO - Filling up the DagBag from /opt/airflow/dags/dag_04_postgres_taxi.py
[2026-06-16T14:58:54.060+0000] {processor.py:840} INFO - DAG(s) '04_postgres_taxi' retrieved from /opt/airflow/dags/dag_04_postgres_taxi.py
[2026-06-16T14:58:54.121+0000] {logging_mixin.py:188} INFO - [2026-06-16T14:58:54.120+0000] {dag.py:3089} INFO - Sync 1 DAGs
[2026-06-16T14:58:54.138+0000] {logging_mixin.py:188} INFO - [2026-06-16T14:58:54.138+0000] {dag.py:3947} INFO - Setting next_dagrun for 04_postgres_taxi to None, run_after=None
[2026-06-16T14:58:54.164+0000] {processor.py:183} INFO - Processing /opt/airflow/dags/dag_04_postgres_taxi.py took 0.131 seconds
[2026-06-16T14:59:24.247+0000] {processor.py:161} INFO - Started process (PID=12873) to work on /opt/airflow/dags/dag_04_postgres_taxi.py
[2026-06-16T14:59:24.248+0000] {processor.py:830} INFO - Processing file /opt/airflow/dags/dag_04_postgres_taxi.py for tasks to queue
[2026-06-16T14:59:24.250+0000] {logging_mixin.py:188} INFO - [2026-06-16T14:59:24.250+0000] {dagbag.py:545} INFO - Filling up the DagBag from /opt/airflow/dags/dag_04_postgres_taxi.py
[2026-06-16T14:59:24.264+0000] {processor.py:840} INFO - DAG(s) '04_postgres_taxi' retrieved from /opt/airflow/dags/dag_04_postgres_taxi.py
[2026-06-16T14:59:24.324+0000] {logging_mixin.py:188} INFO - [2026-06-16T14:59:24.323+0000] {dag.py:3089} INFO - Sync 1 DAGs
[2026-06-16T14:59:24.340+0000] {logging_mixin.py:188} INFO - [2026-06-16T14:59:24.340+0000] {dag.py:3947} INFO - Setting next_dagrun for 04_postgres_taxi to None, run_after=None
[2026-06-16T14:59:24.367+0000] {processor.py:183} INFO - Processing /opt/airflow/dags/dag_04_postgres_taxi.py took 0.129 seconds
[2026-06-16T14:59:54.451+0000] {processor.py:161} INFO - Started process (PID=12913) to work on /opt/airflow/dags/dag_04_postgres_taxi.py
[2026-06-16T14:59:54.461+0000] {processor.py:830} INFO - Processing file /opt/airflow/dags/dag_04_postgres_taxi.py for tasks to queue
[2026-06-16T14:59:54.463+0000] {logging_mixin.py:188} INFO - [2026-06-16T14:59:54.463+0000] {dagbag.py:545} INFO - Filling up the DagBag from /opt/airflow/dags/dag_04_postgres_taxi.py
[2026-06-16T14:59:54.475+0000] {processor.py:840} INFO - DAG(s) '04_postgres_taxi' retrieved from /opt/airflow/dags/dag_04_postgres_taxi.py
[2026-06-16T14:59:54.538+0000] {logging_mixin.py:188} INFO - [2026-06-16T14:59:54.538+0000] {dag.py:3089} INFO - Sync 1 DAGs
[2026-06-16T14:59:54.558+0000] {logging_mixin.py:188} INFO - [2026-06-16T14:59:54.558+0000] {dag.py:3947} INFO - Setting next_dagrun for 04_postgres_taxi to None, run_after=None
[2026-06-16T14:59:54.584+0000] {processor.py:183} INFO - Processing /opt/airflow/dags/dag_04_postgres_taxi.py took 0.141 seconds
[2026-06-16T15:00:24.658+0000] {processor.py:161} INFO - Started process (PID=12953) to work on /opt/airflow/dags/dag_04_postgres_taxi.py
[2026-06-16T15:00:24.659+0000] {processor.py:830} INFO - Processing file /opt/airflow/dags/dag_04_postgres_taxi.py for tasks to queue
[2026-06-16T15:00:24.661+0000] {logging_mixin.py:188} INFO - [2026-06-16T15:00:24.660+0000] {dagbag.py:545} INFO - Filling up the DagBag from /opt/airflow/dags/dag_04_postgres_taxi.py
[2026-06-16T15:00:24.673+0000] {processor.py:840} INFO - DAG(s) '04_postgres_taxi' retrieved from /opt/airflow/dags/dag_04_postgres_taxi.py
[2026-06-16T15:00:24.731+0000] {logging_mixin.py:188} INFO - [2026-06-16T15:00:24.731+0000] {dag.py:3089} INFO - Sync 1 DAGs
[2026-06-16T15:00:24.750+0000] {logging_mixin.py:188} INFO - [2026-06-16T15:00:24.749+0000] {dag.py:3947} INFO - Setting next_dagrun for 04_postgres_taxi to None, run_after=None
[2026-06-16T15:00:24.774+0000] {processor.py:183} INFO - Processing /opt/airflow/dags/dag_04_postgres_taxi.py took 0.125 seconds
[2026-06-16T15:00:55.685+0000] {processor.py:161} INFO - Started process (PID=12993) to work on /opt/airflow/dags/dag_04_postgres_taxi.py
[2026-06-16T15:00:55.696+0000] {processor.py:830} INFO - Processing file /opt/airflow/dags/dag_04_postgres_taxi.py for tasks to queue
[2026-06-16T15:00:55.698+0000] {logging_mixin.py:188} INFO - [2026-06-16T15:00:55.698+0000] {dagbag.py:545} INFO - Filling up the DagBag from /opt/airflow/dags/dag_04_postgres_taxi.py
[2026-06-16T15:00:55.718+0000] {processor.py:840} INFO - DAG(s) '04_postgres_taxi' retrieved from /opt/airflow/dags/dag_04_postgres_taxi.py
[2026-06-16T15:00:55.779+0000] {logging_mixin.py:188} INFO - [2026-06-16T15:00:55.779+0000] {dag.py:3089} INFO - Sync 1 DAGs
[2026-06-16T15:00:55.795+0000] {logging_mixin.py:188} INFO - [2026-06-16T15:00:55.795+0000] {dag.py:3947} INFO - Setting next_dagrun for 04_postgres_taxi to None, run_after=None
[2026-06-16T15:00:55.821+0000] {processor.py:183} INFO - Processing /opt/airflow/dags/dag_04_postgres_taxi.py took 0.144 seconds
[2026-06-16T15:01:25.871+0000] {processor.py:161} INFO - Started process (PID=13033) to work on /opt/airflow/dags/dag_04_postgres_taxi.py
[2026-06-16T15:01:25.872+0000] {processor.py:830} INFO - Processing file /opt/airflow/dags/dag_04_postgres_taxi.py for tasks to queue
[2026-06-16T15:01:25.874+0000] {logging_mixin.py:188} INFO - [2026-06-16T15:01:25.874+0000] {dagbag.py:545} INFO - Filling up the DagBag from /opt/airflow/dags/dag_04_postgres_taxi.py
[2026-06-16T15:01:25.886+0000] {processor.py:840} INFO - DAG(s) '04_postgres_taxi' retrieved from /opt/airflow/dags/dag_04_postgres_taxi.py
[2026-06-16T15:01:25.949+0000] {logging_mixin.py:188} INFO - [2026-06-16T15:01:25.948+0000] {dag.py:3089} INFO - Sync 1 DAGs
[2026-06-16T15:01:25.966+0000] {logging_mixin.py:188} INFO - [2026-06-16T15:01:25.966+0000] {dag.py:3947} INFO - Setting next_dagrun for 04_postgres_taxi to None, run_after=None
[2026-06-16T15:01:25.993+0000] {processor.py:183} INFO - Processing /opt/airflow/dags/dag_04_postgres_taxi.py took 0.132 seconds
[2026-06-16T15:01:57.011+0000] {processor.py:161} INFO - Started process (PID=13073) to work on /opt/airflow/dags/dag_04_postgres_taxi.py
[2026-06-16T15:01:57.021+0000] {processor.py:830} INFO - Processing file /opt/airflow/dags/dag_04_postgres_taxi.py for tasks to queue
[2026-06-16T15:01:57.023+0000] {logging_mixin.py:188} INFO - [2026-06-16T15:01:57.023+0000] {dagbag.py:545} INFO - Filling up the DagBag from /opt/airflow/dags/dag_04_postgres_taxi.py
[2026-06-16T15:01:57.035+0000] {processor.py:840} INFO - DAG(s) '04_postgres_taxi' retrieved from /opt/airflow/dags/dag_04_postgres_taxi.py
[2026-06-16T15:01:57.099+0000] {logging_mixin.py:188} INFO - [2026-06-16T15:01:57.098+0000] {dag.py:3089} INFO - Sync 1 DAGs
[2026-06-16T15:01:57.115+0000] {logging_mixin.py:188} INFO - [2026-06-16T15:01:57.115+0000] {dag.py:3947} INFO - Setting next_dagrun for 04_postgres_taxi to None, run_after=None
[2026-06-16T15:01:57.139+0000] {processor.py:183} INFO - Processing /opt/airflow/dags/dag_04_postgres_taxi.py took 0.138 seconds
[2026-06-16T15:02:28.127+0000] {processor.py:161} INFO - Started process (PID=13113) to work on /opt/airflow/dags/dag_04_postgres_taxi.py
[2026-06-16T15:02:28.128+0000] {processor.py:830} INFO - Processing file /opt/airflow/dags/dag_04_postgres_taxi.py for tasks to queue
[2026-06-16T15:02:28.130+0000] {logging_mixin.py:188} INFO - [2026-06-16T15:02:28.130+0000] {dagbag.py:545} INFO - Filling up the DagBag from /opt/airflow/dags/dag_04_postgres_taxi.py
[2026-06-16T15:02:28.143+0000] {processor.py:840} INFO - DAG(s) '04_postgres_taxi' retrieved from /opt/airflow/dags/dag_04_postgres_taxi.py
[2026-06-16T15:02:28.200+0000] {logging_mixin.py:188} INFO - [2026-06-16T15:02:28.200+0000] {dag.py:3089} INFO - Sync 1 DAGs
[2026-06-16T15:02:28.217+0000] {logging_mixin.py:188} INFO - [2026-06-16T15:02:28.216+0000] {dag.py:3947} INFO - Setting next_dagrun for 04_postgres_taxi to None, run_after=None
[2026-06-16T15:02:28.241+0000] {processor.py:183} INFO - Processing /opt/airflow/dags/dag_04_postgres_taxi.py took 0.123 seconds
[2026-06-16T15:02:59.131+0000] {processor.py:161} INFO - Started process (PID=13153) to work on /opt/airflow/dags/dag_04_postgres_taxi.py
[2026-06-16T15:02:59.141+0000] {processor.py:830} INFO - Processing file /opt/airflow/dags/dag_04_postgres_taxi.py for tasks to queue
[2026-06-16T15:02:59.143+0000] {logging_mixin.py:188} INFO - [2026-06-16T15:02:59.143+0000] {dagbag.py:545} INFO - Filling up the DagBag from /opt/airflow/dags/dag_04_postgres_taxi.py
[2026-06-16T15:02:59.156+0000] {processor.py:840} INFO - DAG(s) '04_postgres_taxi' retrieved from /opt/airflow/dags/dag_04_postgres_taxi.py
[2026-06-16T15:02:59.217+0000] {logging_mixin.py:188} INFO - [2026-06-16T15:02:59.217+0000] {dag.py:3089} INFO - Sync 1 DAGs
[2026-06-16T15:02:59.235+0000] {logging_mixin.py:188} INFO - [2026-06-16T15:02:59.235+0000] {dag.py:3947} INFO - Setting next_dagrun for 04_postgres_taxi to None, run_after=None
[2026-06-16T15:02:59.260+0000] {processor.py:183} INFO - Processing /opt/airflow/dags/dag_04_postgres_taxi.py took 0.138 seconds
[2026-06-16T15:03:30.227+0000] {processor.py:161} INFO - Started process (PID=13193) to work on /opt/airflow/dags/dag_04_postgres_taxi.py
[2026-06-16T15:03:30.229+0000] {processor.py:830} INFO - Processing file /opt/airflow/dags/dag_04_postgres_taxi.py for tasks to queue
[2026-06-16T15:03:30.231+0000] {logging_mixin.py:188} INFO - [2026-06-16T15:03:30.231+0000] {dagbag.py:545} INFO - Filling up the DagBag from /opt/airflow/dags/dag_04_postgres_taxi.py
[2026-06-16T15:03:30.245+0000] {processor.py:840} INFO - DAG(s) '04_postgres_taxi' retrieved from /opt/airflow/dags/dag_04_postgres_taxi.py
[2026-06-16T15:03:30.310+0000] {logging_mixin.py:188} INFO - [2026-06-16T15:03:30.310+0000] {dag.py:3089} INFO - Sync 1 DAGs
[2026-06-16T15:03:30.327+0000] {logging_mixin.py:188} INFO - [2026-06-16T15:03:30.327+0000] {dag.py:3947} INFO - Setting next_dagrun for 04_postgres_taxi to None, run_after=None
[2026-06-16T15:03:30.352+0000] {processor.py:183} INFO - Processing /opt/airflow/dags/dag_04_postgres_taxi.py took 0.136 seconds
[2026-06-16T15:04:01.338+0000] {processor.py:161} INFO - Started process (PID=13233) to work on /opt/airflow/dags/dag_04_postgres_taxi.py
[2026-06-16T15:04:01.339+0000] {processor.py:830} INFO - Processing file /opt/airflow/dags/dag_04_postgres_taxi.py for tasks to queue
[2026-06-16T15:04:01.341+0000] {logging_mixin.py:188} INFO - [2026-06-16T15:04:01.341+0000] {dagbag.py:545} INFO - Filling up the DagBag from /opt/airflow/dags/dag_04_postgres_taxi.py
[2026-06-16T15:04:01.353+0000] {processor.py:840} INFO - DAG(s) '04_postgres_taxi' retrieved from /opt/airflow/dags/dag_04_postgres_taxi.py
[2026-06-16T15:04:01.415+0000] {logging_mixin.py:188} INFO - [2026-06-16T15:04:01.415+0000] {dag.py:3089} INFO - Sync 1 DAGs
[2026-06-16T15:04:01.434+0000] {logging_mixin.py:188} INFO - [2026-06-16T15:04:01.434+0000] {dag.py:3947} INFO - Setting next_dagrun for 04_postgres_taxi to None, run_after=None
[2026-06-16T15:04:01.460+0000] {processor.py:183} INFO - Processing /opt/airflow/dags/dag_04_postgres_taxi.py took 0.132 seconds
[2026-06-16T15:04:32.414+0000] {processor.py:161} INFO - Started process (PID=13273) to work on /opt/airflow/dags/dag_04_postgres_taxi.py
[2026-06-16T15:04:32.415+0000] {processor.py:830} INFO - Processing file /opt/airflow/dags/dag_04_postgres_taxi.py for tasks to queue
[2026-06-16T15:04:32.418+0000] {logging_mixin.py:188} INFO - [2026-06-16T15:04:32.417+0000] {dagbag.py:545} INFO - Filling up the DagBag from /opt/airflow/dags/dag_04_postgres_taxi.py
[2026-06-16T15:04:32.431+0000] {processor.py:840} INFO - DAG(s) '04_postgres_taxi' retrieved from /opt/airflow/dags/dag_04_postgres_taxi.py
[2026-06-16T15:04:32.489+0000] {logging_mixin.py:188} INFO - [2026-06-16T15:04:32.488+0000] {dag.py:3089} INFO - Sync 1 DAGs
[2026-06-16T15:04:32.505+0000] {logging_mixin.py:188} INFO - [2026-06-16T15:04:32.504+0000] {dag.py:3947} INFO - Setting next_dagrun for 04_postgres_taxi to None, run_after=None
[2026-06-16T15:04:32.531+0000] {processor.py:183} INFO - Processing /opt/airflow/dags/dag_04_postgres_taxi.py took 0.128 seconds
[2026-06-16T15:05:03.361+0000] {processor.py:161} INFO - Started process (PID=13313) to work on /opt/airflow/dags/dag_04_postgres_taxi.py
[2026-06-16T15:05:03.362+0000] {processor.py:830} INFO - Processing file /opt/airflow/dags/dag_04_postgres_taxi.py for tasks to queue
[2026-06-16T15:05:03.364+0000] {logging_mixin.py:188} INFO - [2026-06-16T15:05:03.364+0000] {dagbag.py:545} INFO - Filling up the DagBag from /opt/airflow/dags/dag_04_postgres_taxi.py
[2026-06-16T15:05:03.379+0000] {processor.py:840} INFO - DAG(s) '04_postgres_taxi' retrieved from /opt/airflow/dags/dag_04_postgres_taxi.py
[2026-06-16T15:05:03.437+0000] {logging_mixin.py:188} INFO - [2026-06-16T15:05:03.436+0000] {dag.py:3089} INFO - Sync 1 DAGs
[2026-06-16T15:05:03.452+0000] {logging_mixin.py:188} INFO - [2026-06-16T15:05:03.451+0000] {dag.py:3947} INFO - Setting next_dagrun for 04_postgres_taxi to None, run_after=None
[2026-06-16T15:05:03.476+0000] {processor.py:183} INFO - Processing /opt/airflow/dags/dag_04_postgres_taxi.py took 0.124 seconds
[2026-06-16T15:05:33.533+0000] {processor.py:161} INFO - Started process (PID=13353) to work on /opt/airflow/dags/dag_04_postgres_taxi.py
[2026-06-16T15:05:33.535+0000] {processor.py:830} INFO - Processing file /opt/airflow/dags/dag_04_postgres_taxi.py for tasks to queue
[2026-06-16T15:05:33.538+0000] {logging_mixin.py:188} INFO - [2026-06-16T15:05:33.537+0000] {dagbag.py:545} INFO - Filling up the DagBag from /opt/airflow/dags/dag_04_postgres_taxi.py
[2026-06-16T15:05:33.552+0000] {processor.py:840} INFO - DAG(s) '04_postgres_taxi' retrieved from /opt/airflow/dags/dag_04_postgres_taxi.py
[2026-06-16T15:05:33.616+0000] {logging_mixin.py:188} INFO - [2026-06-16T15:05:33.615+0000] {dag.py:3089} INFO - Sync 1 DAGs
[2026-06-16T15:05:33.634+0000] {logging_mixin.py:188} INFO - [2026-06-16T15:05:33.634+0000] {dag.py:3947} INFO - Setting next_dagrun for 04_postgres_taxi to None, run_after=None
[2026-06-16T15:05:33.660+0000] {processor.py:183} INFO - Processing /opt/airflow/dags/dag_04_postgres_taxi.py took 0.138 seconds
[2026-06-16T15:06:04.660+0000] {processor.py:161} INFO - Started process (PID=13393) to work on /opt/airflow/dags/dag_04_postgres_taxi.py
[2026-06-16T15:06:04.670+0000] {processor.py:830} INFO - Processing file /opt/airflow/dags/dag_04_postgres_taxi.py for tasks to queue
[2026-06-16T15:06:04.672+0000] {logging_mixin.py:188} INFO - [2026-06-16T15:06:04.672+0000] {dagbag.py:545} INFO - Filling up the DagBag from /opt/airflow/dags/dag_04_postgres_taxi.py
[2026-06-16T15:06:04.684+0000] {processor.py:840} INFO - DAG(s) '04_postgres_taxi' retrieved from /opt/airflow/dags/dag_04_postgres_taxi.py
[2026-06-16T15:06:04.740+0000] {logging_mixin.py:188} INFO - [2026-06-16T15:06:04.740+0000] {dag.py:3089} INFO - Sync 1 DAGs
[2026-06-16T15:06:04.757+0000] {logging_mixin.py:188} INFO - [2026-06-16T15:06:04.757+0000] {dag.py:3947} INFO - Setting next_dagrun for 04_postgres_taxi to None, run_after=None
[2026-06-16T15:06:04.782+0000] {processor.py:183} INFO - Processing /opt/airflow/dags/dag_04_postgres_taxi.py took 0.132 seconds
[2026-06-16T15:06:34.820+0000] {processor.py:161} INFO - Started process (PID=13433) to work on /opt/airflow/dags/dag_04_postgres_taxi.py
[2026-06-16T15:06:34.821+0000] {processor.py:830} INFO - Processing file /opt/airflow/dags/dag_04_postgres_taxi.py for tasks to queue
[2026-06-16T15:06:34.823+0000] {logging_mixin.py:188} INFO - [2026-06-16T15:06:34.823+0000] {dagbag.py:545} INFO - Filling up the DagBag from /opt/airflow/dags/dag_04_postgres_taxi.py
[2026-06-16T15:06:34.835+0000] {processor.py:840} INFO - DAG(s) '04_postgres_taxi' retrieved from /opt/airflow/dags/dag_04_postgres_taxi.py
[2026-06-16T15:06:34.894+0000] {logging_mixin.py:188} INFO - [2026-06-16T15:06:34.894+0000] {dag.py:3089} INFO - Sync 1 DAGs
[2026-06-16T15:06:34.919+0000] {logging_mixin.py:188} INFO - [2026-06-16T15:06:34.919+0000] {dag.py:3947} INFO - Setting next_dagrun for 04_postgres_taxi to None, run_after=None
[2026-06-16T15:06:34.950+0000] {processor.py:183} INFO - Processing /opt/airflow/dags/dag_04_postgres_taxi.py took 0.140 seconds
[2026-06-16T15:07:05.925+0000] {processor.py:161} INFO - Started process (PID=13473) to work on /opt/airflow/dags/dag_04_postgres_taxi.py
[2026-06-16T15:07:05.927+0000] {processor.py:830} INFO - Processing file /opt/airflow/dags/dag_04_postgres_taxi.py for tasks to queue
[2026-06-16T15:07:05.929+0000] {logging_mixin.py:188} INFO - [2026-06-16T15:07:05.929+0000] {dagbag.py:545} INFO - Filling up the DagBag from /opt/airflow/dags/dag_04_postgres_taxi.py
[2026-06-16T15:07:05.944+0000] {processor.py:840} INFO - DAG(s) '04_postgres_taxi' retrieved from /opt/airflow/dags/dag_04_postgres_taxi.py
[2026-06-16T15:07:06.007+0000] {logging_mixin.py:188} INFO - [2026-06-16T15:07:06.006+0000] {dag.py:3089} INFO - Sync 1 DAGs
[2026-06-16T15:07:06.023+0000] {logging_mixin.py:188} INFO - [2026-06-16T15:07:06.022+0000] {dag.py:3947} INFO - Setting next_dagrun for 04_postgres_taxi to None, run_after=None
[2026-06-16T15:07:06.049+0000] {processor.py:183} INFO - Processing /opt/airflow/dags/dag_04_postgres_taxi.py took 0.134 seconds
[2026-06-16T15:07:37.059+0000] {processor.py:161} INFO - Started process (PID=13513) to work on /opt/airflow/dags/dag_04_postgres_taxi.py
[2026-06-16T15:07:37.060+0000] {processor.py:830} INFO - Processing file /opt/airflow/dags/dag_04_postgres_taxi.py for tasks to queue
[2026-06-16T15:07:37.062+0000] {logging_mixin.py:188} INFO - [2026-06-16T15:07:37.062+0000] {dagbag.py:545} INFO - Filling up the DagBag from /opt/airflow/dags/dag_04_postgres_taxi.py
[2026-06-16T15:07:37.075+0000] {processor.py:840} INFO - DAG(s) '04_postgres_taxi' retrieved from /opt/airflow/dags/dag_04_postgres_taxi.py
[2026-06-16T15:07:37.134+0000] {logging_mixin.py:188} INFO - [2026-06-16T15:07:37.134+0000] {dag.py:3089} INFO - Sync 1 DAGs
[2026-06-16T15:07:37.153+0000] {logging_mixin.py:188} INFO - [2026-06-16T15:07:37.153+0000] {dag.py:3947} INFO - Setting next_dagrun for 04_postgres_taxi to None, run_after=None
[2026-06-16T15:07:37.179+0000] {processor.py:183} INFO - Processing /opt/airflow/dags/dag_04_postgres_taxi.py took 0.130 seconds
[2026-06-16T15:08:08.037+0000] {processor.py:161} INFO - Started process (PID=13553) to work on /opt/airflow/dags/dag_04_postgres_taxi.py
[2026-06-16T15:08:08.048+0000] {processor.py:830} INFO - Processing file /opt/airflow/dags/dag_04_postgres_taxi.py for tasks to queue
[2026-06-16T15:08:08.050+0000] {logging_mixin.py:188} INFO - [2026-06-16T15:08:08.050+0000] {dagbag.py:545} INFO - Filling up the DagBag from /opt/airflow/dags/dag_04_postgres_taxi.py
[2026-06-16T15:08:08.062+0000] {processor.py:840} INFO - DAG(s) '04_postgres_taxi' retrieved from /opt/airflow/dags/dag_04_postgres_taxi.py
[2026-06-16T15:08:08.122+0000] {logging_mixin.py:188} INFO - [2026-06-16T15:08:08.122+0000] {dag.py:3089} INFO - Sync 1 DAGs
[2026-06-16T15:08:08.141+0000] {logging_mixin.py:188} INFO - [2026-06-16T15:08:08.140+0000] {dag.py:3947} INFO - Setting next_dagrun for 04_postgres_taxi to None, run_after=None
[2026-06-16T15:08:08.165+0000] {processor.py:183} INFO - Processing /opt/airflow/dags/dag_04_postgres_taxi.py took 0.137 seconds
[2026-06-16T15:08:39.170+0000] {processor.py:161} INFO - Started process (PID=13593) to work on /opt/airflow/dags/dag_04_postgres_taxi.py
[2026-06-16T15:08:39.172+0000] {processor.py:830} INFO - Processing file /opt/airflow/dags/dag_04_postgres_taxi.py for tasks to queue
[2026-06-16T15:08:39.174+0000] {logging_mixin.py:188} INFO - [2026-06-16T15:08:39.173+0000] {dagbag.py:545} INFO - Filling up the DagBag from /opt/airflow/dags/dag_04_postgres_taxi.py
[2026-06-16T15:08:39.186+0000] {processor.py:840} INFO - DAG(s) '04_postgres_taxi' retrieved from /opt/airflow/dags/dag_04_postgres_taxi.py
[2026-06-16T15:08:39.270+0000] {logging_mixin.py:188} INFO - [2026-06-16T15:08:39.270+0000] {dag.py:3089} INFO - Sync 1 DAGs
[2026-06-16T15:08:39.291+0000] {logging_mixin.py:188} INFO - [2026-06-16T15:08:39.291+0000] {dag.py:3947} INFO - Setting next_dagrun for 04_postgres_taxi to None, run_after=None
[2026-06-16T15:08:39.318+0000] {processor.py:183} INFO - Processing /opt/airflow/dags/dag_04_postgres_taxi.py took 0.158 seconds
[2026-06-16T15:09:09.380+0000] {processor.py:161} INFO - Started process (PID=13633) to work on /opt/airflow/dags/dag_04_postgres_taxi.py
[2026-06-16T15:09:09.381+0000] {processor.py:830} INFO - Processing file /opt/airflow/dags/dag_04_postgres_taxi.py for tasks to queue
[2026-06-16T15:09:09.384+0000] {logging_mixin.py:188} INFO - [2026-06-16T15:09:09.383+0000] {dagbag.py:545} INFO - Filling up the DagBag from /opt/airflow/dags/dag_04_postgres_taxi.py
[2026-06-16T15:09:09.398+0000] {processor.py:840} INFO - DAG(s) '04_postgres_taxi' retrieved from /opt/airflow/dags/dag_04_postgres_taxi.py
[2026-06-16T15:09:09.463+0000] {logging_mixin.py:188} INFO - [2026-06-16T15:09:09.462+0000] {dag.py:3089} INFO - Sync 1 DAGs
[2026-06-16T15:09:09.479+0000] {logging_mixin.py:188} INFO - [2026-06-16T15:09:09.479+0000] {dag.py:3947} INFO - Setting next_dagrun for 04_postgres_taxi to None, run_after=None
[2026-06-16T15:09:09.504+0000] {processor.py:183} INFO - Processing /opt/airflow/dags/dag_04_postgres_taxi.py took 0.137 seconds
[2026-06-16T15:09:39.597+0000] {processor.py:161} INFO - Started process (PID=13673) to work on /opt/airflow/dags/dag_04_postgres_taxi.py
[2026-06-16T15:09:39.598+0000] {processor.py:830} INFO - Processing file /opt/airflow/dags/dag_04_postgres_taxi.py for tasks to queue
[2026-06-16T15:09:39.600+0000] {logging_mixin.py:188} INFO - [2026-06-16T15:09:39.600+0000] {dagbag.py:545} INFO - Filling up the DagBag from /opt/airflow/dags/dag_04_postgres_taxi.py
[2026-06-16T15:09:39.612+0000] {processor.py:840} INFO - DAG(s) '04_postgres_taxi' retrieved from /opt/airflow/dags/dag_04_postgres_taxi.py
[2026-06-16T15:09:39.675+0000] {logging_mixin.py:188} INFO - [2026-06-16T15:09:39.675+0000] {dag.py:3089} INFO - Sync 1 DAGs
[2026-06-16T15:09:39.693+0000] {logging_mixin.py:188} INFO - [2026-06-16T15:09:39.693+0000] {dag.py:3947} INFO - Setting next_dagrun for 04_postgres_taxi to None, run_after=None
[2026-06-16T15:09:39.720+0000] {processor.py:183} INFO - Processing /opt/airflow/dags/dag_04_postgres_taxi.py took 0.132 seconds
[2026-06-16T15:10:09.892+0000] {processor.py:161} INFO - Started process (PID=13718) to work on /opt/airflow/dags/dag_04_postgres_taxi.py
[2026-06-16T15:10:09.894+0000] {processor.py:830} INFO - Processing file /opt/airflow/dags/dag_04_postgres_taxi.py for tasks to queue
[2026-06-16T15:10:09.896+0000] {logging_mixin.py:188} INFO - [2026-06-16T15:10:09.896+0000] {dagbag.py:545} INFO - Filling up the DagBag from /opt/airflow/dags/dag_04_postgres_taxi.py
[2026-06-16T15:10:09.913+0000] {processor.py:840} INFO - DAG(s) '04_postgres_taxi' retrieved from /opt/airflow/dags/dag_04_postgres_taxi.py
[2026-06-16T15:10:09.966+0000] {logging_mixin.py:188} INFO - [2026-06-16T15:10:09.966+0000] {dag.py:3089} INFO - Sync 1 DAGs
[2026-06-16T15:10:09.979+0000] {logging_mixin.py:188} INFO - [2026-06-16T15:10:09.979+0000] {dag.py:3947} INFO - Setting next_dagrun for 04_postgres_taxi to None, run_after=None
[2026-06-16T15:10:09.999+0000] {processor.py:183} INFO - Processing /opt/airflow/dags/dag_04_postgres_taxi.py took 0.114 seconds
[2026-06-16T15:10:40.063+0000] {processor.py:161} INFO - Started process (PID=13758) to work on /opt/airflow/dags/dag_04_postgres_taxi.py
[2026-06-16T15:10:40.064+0000] {processor.py:830} INFO - Processing file /opt/airflow/dags/dag_04_postgres_taxi.py for tasks to queue
[2026-06-16T15:10:40.066+0000] {logging_mixin.py:188} INFO - [2026-06-16T15:10:40.066+0000] {dagbag.py:545} INFO - Filling up the DagBag from /opt/airflow/dags/dag_04_postgres_taxi.py
[2026-06-16T15:10:40.077+0000] {processor.py:840} INFO - DAG(s) '04_postgres_taxi' retrieved from /opt/airflow/dags/dag_04_postgres_taxi.py
[2026-06-16T15:10:40.131+0000] {logging_mixin.py:188} INFO - [2026-06-16T15:10:40.131+0000] {dag.py:3089} INFO - Sync 1 DAGs
[2026-06-16T15:10:40.144+0000] {logging_mixin.py:188} INFO - [2026-06-16T15:10:40.144+0000] {dag.py:3947} INFO - Setting next_dagrun for 04_postgres_taxi to None, run_after=None
[2026-06-16T15:10:40.167+0000] {processor.py:183} INFO - Processing /opt/airflow/dags/dag_04_postgres_taxi.py took 0.111 seconds
[2026-06-16T15:11:10.943+0000] {processor.py:161} INFO - Started process (PID=13793) to work on /opt/airflow/dags/dag_04_postgres_taxi.py
[2026-06-16T15:11:10.944+0000] {processor.py:830} INFO - Processing file /opt/airflow/dags/dag_04_postgres_taxi.py for tasks to queue
[2026-06-16T15:11:10.947+0000] {logging_mixin.py:188} INFO - [2026-06-16T15:11:10.946+0000] {dagbag.py:545} INFO - Filling up the DagBag from /opt/airflow/dags/dag_04_postgres_taxi.py
[2026-06-16T15:11:10.959+0000] {processor.py:840} INFO - DAG(s) '04_postgres_taxi' retrieved from /opt/airflow/dags/dag_04_postgres_taxi.py
[2026-06-16T15:11:11.018+0000] {logging_mixin.py:188} INFO - [2026-06-16T15:11:11.018+0000] {dag.py:3089} INFO - Sync 1 DAGs
[2026-06-16T15:11:11.038+0000] {logging_mixin.py:188} INFO - [2026-06-16T15:11:11.037+0000] {dag.py:3947} INFO - Setting next_dagrun for 04_postgres_taxi to None, run_after=None
[2026-06-16T15:11:11.062+0000] {processor.py:183} INFO - Processing /opt/airflow/dags/dag_04_postgres_taxi.py took 0.130 seconds
[2026-06-16T15:11:41.124+0000] {processor.py:161} INFO - Started process (PID=13833) to work on /opt/airflow/dags/dag_04_postgres_taxi.py
[2026-06-16T15:11:41.125+0000] {processor.py:830} INFO - Processing file /opt/airflow/dags/dag_04_postgres_taxi.py for tasks to queue
[2026-06-16T15:11:41.127+0000] {logging_mixin.py:188} INFO - [2026-06-16T15:11:41.127+0000] {dagbag.py:545} INFO - Filling up the DagBag from /opt/airflow/dags/dag_04_postgres_taxi.py
[2026-06-16T15:11:41.139+0000] {processor.py:840} INFO - DAG(s) '04_postgres_taxi' retrieved from /opt/airflow/dags/dag_04_postgres_taxi.py
[2026-06-16T15:11:41.199+0000] {logging_mixin.py:188} INFO - [2026-06-16T15:11:41.198+0000] {dag.py:3089} INFO - Sync 1 DAGs
[2026-06-16T15:11:41.216+0000] {logging_mixin.py:188} INFO - [2026-06-16T15:11:41.216+0000] {dag.py:3947} INFO - Setting next_dagrun for 04_postgres_taxi to None, run_after=None
[2026-06-16T15:11:41.242+0000] {processor.py:183} INFO - Processing /opt/airflow/dags/dag_04_postgres_taxi.py took 0.128 seconds
[2026-06-16T15:12:11.308+0000] {processor.py:161} INFO - Started process (PID=13873) to work on /opt/airflow/dags/dag_04_postgres_taxi.py
[2026-06-16T15:12:11.310+0000] {processor.py:830} INFO - Processing file /opt/airflow/dags/dag_04_postgres_taxi.py for tasks to queue
[2026-06-16T15:12:11.312+0000] {logging_mixin.py:188} INFO - [2026-06-16T15:12:11.311+0000] {dagbag.py:545} INFO - Filling up the DagBag from /opt/airflow/dags/dag_04_postgres_taxi.py
[2026-06-16T15:12:11.324+0000] {processor.py:840} INFO - DAG(s) '04_postgres_taxi' retrieved from /opt/airflow/dags/dag_04_postgres_taxi.py
[2026-06-16T15:12:11.387+0000] {logging_mixin.py:188} INFO - [2026-06-16T15:12:11.386+0000] {dag.py:3089} INFO - Sync 1 DAGs
[2026-06-16T15:12:11.404+0000] {logging_mixin.py:188} INFO - [2026-06-16T15:12:11.404+0000] {dag.py:3947} INFO - Setting next_dagrun for 04_postgres_taxi to None, run_after=None
[2026-06-16T15:12:11.429+0000] {processor.py:183} INFO - Processing /opt/airflow/dags/dag_04_postgres_taxi.py took 0.131 seconds
[2026-06-16T15:12:41.469+0000] {processor.py:161} INFO - Started process (PID=13913) to work on /opt/airflow/dags/dag_04_postgres_taxi.py
[2026-06-16T15:12:41.470+0000] {processor.py:830} INFO - Processing file /opt/airflow/dags/dag_04_postgres_taxi.py for tasks to queue
[2026-06-16T15:12:41.472+0000] {logging_mixin.py:188} INFO - [2026-06-16T15:12:41.472+0000] {dagbag.py:545} INFO - Filling up the DagBag from /opt/airflow/dags/dag_04_postgres_taxi.py
[2026-06-16T15:12:41.484+0000] {processor.py:840} INFO - DAG(s) '04_postgres_taxi' retrieved from /opt/airflow/dags/dag_04_postgres_taxi.py
[2026-06-16T15:12:41.545+0000] {logging_mixin.py:188} INFO - [2026-06-16T15:12:41.544+0000] {dag.py:3089} INFO - Sync 1 DAGs
[2026-06-16T15:12:41.562+0000] {logging_mixin.py:188} INFO - [2026-06-16T15:12:41.562+0000] {dag.py:3947} INFO - Setting next_dagrun for 04_postgres_taxi to None, run_after=None
[2026-06-16T15:12:41.591+0000] {processor.py:183} INFO - Processing /opt/airflow/dags/dag_04_postgres_taxi.py took 0.132 seconds
[2026-06-16T15:13:11.698+0000] {processor.py:161} INFO - Started process (PID=13953) to work on /opt/airflow/dags/dag_04_postgres_taxi.py
[2026-06-16T15:13:11.708+0000] {processor.py:830} INFO - Processing file /opt/airflow/dags/dag_04_postgres_taxi.py for tasks to queue
[2026-06-16T15:13:11.710+0000] {logging_mixin.py:188} INFO - [2026-06-16T15:13:11.710+0000] {dagbag.py:545} INFO - Filling up the DagBag from /opt/airflow/dags/dag_04_postgres_taxi.py
[2026-06-16T15:13:11.723+0000] {processor.py:840} INFO - DAG(s) '04_postgres_taxi' retrieved from /opt/airflow/dags/dag_04_postgres_taxi.py
[2026-06-16T15:13:11.778+0000] {logging_mixin.py:188} INFO - [2026-06-16T15:13:11.778+0000] {dag.py:3089} INFO - Sync 1 DAGs
[2026-06-16T15:13:11.795+0000] {logging_mixin.py:188} INFO - [2026-06-16T15:13:11.795+0000] {dag.py:3947} INFO - Setting next_dagrun for 04_postgres_taxi to None, run_after=None
[2026-06-16T15:13:11.818+0000] {processor.py:183} INFO - Processing /opt/airflow/dags/dag_04_postgres_taxi.py took 0.130 seconds
[2026-06-16T15:13:41.866+0000] {processor.py:161} INFO - Started process (PID=13993) to work on /opt/airflow/dags/dag_04_postgres_taxi.py
[2026-06-16T15:13:41.867+0000] {processor.py:830} INFO - Processing file /opt/airflow/dags/dag_04_postgres_taxi.py for tasks to queue
[2026-06-16T15:13:41.869+0000] {logging_mixin.py:188} INFO - [2026-06-16T15:13:41.869+0000] {dagbag.py:545} INFO - Filling up the DagBag from /opt/airflow/dags/dag_04_postgres_taxi.py
[2026-06-16T15:13:41.881+0000] {processor.py:840} INFO - DAG(s) '04_postgres_taxi' retrieved from /opt/airflow/dags/dag_04_postgres_taxi.py
[2026-06-16T15:13:41.938+0000] {logging_mixin.py:188} INFO - [2026-06-16T15:13:41.937+0000] {dag.py:3089} INFO - Sync 1 DAGs
[2026-06-16T15:13:41.954+0000] {logging_mixin.py:188} INFO - [2026-06-16T15:13:41.954+0000] {dag.py:3947} INFO - Setting next_dagrun for 04_postgres_taxi to None, run_after=None
[2026-06-16T15:13:41.979+0000] {processor.py:183} INFO - Processing /opt/airflow/dags/dag_04_postgres_taxi.py took 0.121 seconds
[2026-06-16T15:14:12.086+0000] {processor.py:161} INFO - Started process (PID=14033) to work on /opt/airflow/dags/dag_04_postgres_taxi.py
[2026-06-16T15:14:12.097+0000] {processor.py:830} INFO - Processing file /opt/airflow/dags/dag_04_postgres_taxi.py for tasks to queue
[2026-06-16T15:14:12.099+0000] {logging_mixin.py:188} INFO - [2026-06-16T15:14:12.099+0000] {dagbag.py:545} INFO - Filling up the DagBag from /opt/airflow/dags/dag_04_postgres_taxi.py
[2026-06-16T15:14:12.112+0000] {processor.py:840} INFO - DAG(s) '04_postgres_taxi' retrieved from /opt/airflow/dags/dag_04_postgres_taxi.py
[2026-06-16T15:14:12.175+0000] {logging_mixin.py:188} INFO - [2026-06-16T15:14:12.174+0000] {dag.py:3089} INFO - Sync 1 DAGs
[2026-06-16T15:14:12.193+0000] {logging_mixin.py:188} INFO - [2026-06-16T15:14:12.192+0000] {dag.py:3947} INFO - Setting next_dagrun for 04_postgres_taxi to None, run_after=None
[2026-06-16T15:14:12.218+0000] {processor.py:183} INFO - Processing /opt/airflow/dags/dag_04_postgres_taxi.py took 0.141 seconds
[2026-06-16T15:14:42.270+0000] {processor.py:161} INFO - Started process (PID=14073) to work on /opt/airflow/dags/dag_04_postgres_taxi.py
[2026-06-16T15:14:42.271+0000] {processor.py:830} INFO - Processing file /opt/airflow/dags/dag_04_postgres_taxi.py for tasks to queue
[2026-06-16T15:14:42.273+0000] {logging_mixin.py:188} INFO - [2026-06-16T15:14:42.273+0000] {dagbag.py:545} INFO - Filling up the DagBag from /opt/airflow/dags/dag_04_postgres_taxi.py
[2026-06-16T15:14:42.286+0000] {processor.py:840} INFO - DAG(s) '04_postgres_taxi' retrieved from /opt/airflow/dags/dag_04_postgres_taxi.py
[2026-06-16T15:14:42.354+0000] {logging_mixin.py:188} INFO - [2026-06-16T15:14:42.353+0000] {dag.py:3089} INFO - Sync 1 DAGs
[2026-06-16T15:14:42.372+0000] {logging_mixin.py:188} INFO - [2026-06-16T15:14:42.372+0000] {dag.py:3947} INFO - Setting next_dagrun for 04_postgres_taxi to None, run_after=None
[2026-06-16T15:14:42.402+0000] {processor.py:183} INFO - Processing /opt/airflow/dags/dag_04_postgres_taxi.py took 0.141 seconds
[2026-06-16T15:15:12.488+0000] {processor.py:161} INFO - Started process (PID=14113) to work on /opt/airflow/dags/dag_04_postgres_taxi.py
[2026-06-16T15:15:12.490+0000] {processor.py:830} INFO - Processing file /opt/airflow/dags/dag_04_postgres_taxi.py for tasks to queue
[2026-06-16T15:15:12.492+0000] {logging_mixin.py:188} INFO - [2026-06-16T15:15:12.492+0000] {dagbag.py:545} INFO - Filling up the DagBag from /opt/airflow/dags/dag_04_postgres_taxi.py
[2026-06-16T15:15:12.506+0000] {processor.py:840} INFO - DAG(s) '04_postgres_taxi' retrieved from /opt/airflow/dags/dag_04_postgres_taxi.py
[2026-06-16T15:15:12.569+0000] {logging_mixin.py:188} INFO - [2026-06-16T15:15:12.569+0000] {dag.py:3089} INFO - Sync 1 DAGs
[2026-06-16T15:15:12.588+0000] {logging_mixin.py:188} INFO - [2026-06-16T15:15:12.587+0000] {dag.py:3947} INFO - Setting next_dagrun for 04_postgres_taxi to None, run_after=None
[2026-06-16T15:15:12.614+0000] {processor.py:183} INFO - Processing /opt/airflow/dags/dag_04_postgres_taxi.py took 0.135 seconds
[2026-06-16T15:15:42.697+0000] {processor.py:161} INFO - Started process (PID=14153) to work on /opt/airflow/dags/dag_04_postgres_taxi.py
[2026-06-16T15:15:42.698+0000] {processor.py:830} INFO - Processing file /opt/airflow/dags/dag_04_postgres_taxi.py for tasks to queue
[2026-06-16T15:15:42.700+0000] {logging_mixin.py:188} INFO - [2026-06-16T15:15:42.700+0000] {dagbag.py:545} INFO - Filling up the DagBag from /opt/airflow/dags/dag_04_postgres_taxi.py
[2026-06-16T15:15:42.713+0000] {processor.py:840} INFO - DAG(s) '04_postgres_taxi' retrieved from /opt/airflow/dags/dag_04_postgres_taxi.py
[2026-06-16T15:15:42.772+0000] {logging_mixin.py:188} INFO - [2026-06-16T15:15:42.772+0000] {dag.py:3089} INFO - Sync 1 DAGs
[2026-06-16T15:15:42.788+0000] {logging_mixin.py:188} INFO - [2026-06-16T15:15:42.788+0000] {dag.py:3947} INFO - Setting next_dagrun for 04_postgres_taxi to None, run_after=None
[2026-06-16T15:15:42.812+0000] {processor.py:183} INFO - Processing /opt/airflow/dags/dag_04_postgres_taxi.py took 0.124 seconds
[2026-06-16T15:16:12.856+0000] {processor.py:161} INFO - Started process (PID=14193) to work on /opt/airflow/dags/dag_04_postgres_taxi.py
[2026-06-16T15:16:12.866+0000] {processor.py:830} INFO - Processing file /opt/airflow/dags/dag_04_postgres_taxi.py for tasks to queue
[2026-06-16T15:16:12.868+0000] {logging_mixin.py:188} INFO - [2026-06-16T15:16:12.868+0000] {dagbag.py:545} INFO - Filling up the DagBag from /opt/airflow/dags/dag_04_postgres_taxi.py
[2026-06-16T15:16:12.880+0000] {processor.py:840} INFO - DAG(s) '04_postgres_taxi' retrieved from /opt/airflow/dags/dag_04_postgres_taxi.py
[2026-06-16T15:16:12.936+0000] {logging_mixin.py:188} INFO - [2026-06-16T15:16:12.936+0000] {dag.py:3089} INFO - Sync 1 DAGs
[2026-06-16T15:16:12.952+0000] {logging_mixin.py:188} INFO - [2026-06-16T15:16:12.952+0000] {dag.py:3947} INFO - Setting next_dagrun for 04_postgres_taxi to None, run_after=None
[2026-06-16T15:16:12.977+0000] {processor.py:183} INFO - Processing /opt/airflow/dags/dag_04_postgres_taxi.py took 0.129 seconds
[2026-06-16T15:16:43.931+0000] {processor.py:161} INFO - Started process (PID=14233) to work on /opt/airflow/dags/dag_04_postgres_taxi.py
[2026-06-16T15:16:43.932+0000] {processor.py:830} INFO - Processing file /opt/airflow/dags/dag_04_postgres_taxi.py for tasks to queue
[2026-06-16T15:16:43.934+0000] {logging_mixin.py:188} INFO - [2026-06-16T15:16:43.934+0000] {dagbag.py:545} INFO - Filling up the DagBag from /opt/airflow/dags/dag_04_postgres_taxi.py
[2026-06-16T15:16:43.948+0000] {processor.py:840} INFO - DAG(s) '04_postgres_taxi' retrieved from /opt/airflow/dags/dag_04_postgres_taxi.py
[2026-06-16T15:16:44.027+0000] {logging_mixin.py:188} INFO - [2026-06-16T15:16:44.026+0000] {dag.py:3089} INFO - Sync 1 DAGs
[2026-06-16T15:16:44.044+0000] {logging_mixin.py:188} INFO - [2026-06-16T15:16:44.043+0000] {dag.py:3947} INFO - Setting next_dagrun for 04_postgres_taxi to None, run_after=None
[2026-06-16T15:16:44.072+0000] {processor.py:183} INFO - Processing /opt/airflow/dags/dag_04_postgres_taxi.py took 0.151 seconds
[2026-06-16T15:17:14.969+0000] {processor.py:161} INFO - Started process (PID=14273) to work on /opt/airflow/dags/dag_04_postgres_taxi.py
[2026-06-16T15:17:14.971+0000] {processor.py:830} INFO - Processing file /opt/airflow/dags/dag_04_postgres_taxi.py for tasks to queue
[2026-06-16T15:17:14.973+0000] {logging_mixin.py:188} INFO - [2026-06-16T15:17:14.973+0000] {dagbag.py:545} INFO - Filling up the DagBag from /opt/airflow/dags/dag_04_postgres_taxi.py
[2026-06-16T15:17:14.985+0000] {processor.py:840} INFO - DAG(s) '04_postgres_taxi' retrieved from /opt/airflow/dags/dag_04_postgres_taxi.py
[2026-06-16T15:17:15.046+0000] {logging_mixin.py:188} INFO - [2026-06-16T15:17:15.046+0000] {dag.py:3089} INFO - Sync 1 DAGs
[2026-06-16T15:17:15.064+0000] {logging_mixin.py:188} INFO - [2026-06-16T15:17:15.064+0000] {dag.py:3947} INFO - Setting next_dagrun for 04_postgres_taxi to None, run_after=None
[2026-06-16T15:17:15.091+0000] {processor.py:183} INFO - Processing /opt/airflow/dags/dag_04_postgres_taxi.py took 0.130 seconds
[2026-06-16T15:17:46.066+0000] {processor.py:161} INFO - Started process (PID=14313) to work on /opt/airflow/dags/dag_04_postgres_taxi.py
[2026-06-16T15:17:46.068+0000] {processor.py:830} INFO - Processing file /opt/airflow/dags/dag_04_postgres_taxi.py for tasks to queue
[2026-06-16T15:17:46.070+0000] {logging_mixin.py:188} INFO - [2026-06-16T15:17:46.069+0000] {dagbag.py:545} INFO - Filling up the DagBag from /opt/airflow/dags/dag_04_postgres_taxi.py
[2026-06-16T15:17:46.082+0000] {processor.py:840} INFO - DAG(s) '04_postgres_taxi' retrieved from /opt/airflow/dags/dag_04_postgres_taxi.py
[2026-06-16T15:17:46.138+0000] {logging_mixin.py:188} INFO - [2026-06-16T15:17:46.138+0000] {dag.py:3089} INFO - Sync 1 DAGs
[2026-06-16T15:17:46.155+0000] {logging_mixin.py:188} INFO - [2026-06-16T15:17:46.155+0000] {dag.py:3947} INFO - Setting next_dagrun for 04_postgres_taxi to None, run_after=None
[2026-06-16T15:17:46.181+0000] {processor.py:183} INFO - Processing /opt/airflow/dags/dag_04_postgres_taxi.py took 0.125 seconds
[2026-06-16T15:18:17.025+0000] {processor.py:161} INFO - Started process (PID=14353) to work on /opt/airflow/dags/dag_04_postgres_taxi.py
[2026-06-16T15:18:17.027+0000] {processor.py:830} INFO - Processing file /opt/airflow/dags/dag_04_postgres_taxi.py for tasks to queue
[2026-06-16T15:18:17.029+0000] {logging_mixin.py:188} INFO - [2026-06-16T15:18:17.028+0000] {dagbag.py:545} INFO - Filling up the DagBag from /opt/airflow/dags/dag_04_postgres_taxi.py
[2026-06-16T15:18:17.041+0000] {processor.py:840} INFO - DAG(s) '04_postgres_taxi' retrieved from /opt/airflow/dags/dag_04_postgres_taxi.py
[2026-06-16T15:18:17.109+0000] {logging_mixin.py:188} INFO - [2026-06-16T15:18:17.109+0000] {dag.py:3089} INFO - Sync 1 DAGs
[2026-06-16T15:18:17.127+0000] {logging_mixin.py:188} INFO - [2026-06-16T15:18:17.127+0000] {dag.py:3947} INFO - Setting next_dagrun for 04_postgres_taxi to None, run_after=None
[2026-06-16T15:18:17.154+0000] {processor.py:183} INFO - Processing /opt/airflow/dags/dag_04_postgres_taxi.py took 0.137 seconds
[2026-06-16T15:18:48.094+0000] {processor.py:161} INFO - Started process (PID=14393) to work on /opt/airflow/dags/dag_04_postgres_taxi.py
[2026-06-16T15:18:48.095+0000] {processor.py:830} INFO - Processing file /opt/airflow/dags/dag_04_postgres_taxi.py for tasks to queue
[2026-06-16T15:18:48.098+0000] {logging_mixin.py:188} INFO - [2026-06-16T15:18:48.097+0000] {dagbag.py:545} INFO - Filling up the DagBag from /opt/airflow/dags/dag_04_postgres_taxi.py
[2026-06-16T15:18:48.111+0000] {processor.py:840} INFO - DAG(s) '04_postgres_taxi' retrieved from /opt/airflow/dags/dag_04_postgres_taxi.py
[2026-06-16T15:18:48.185+0000] {logging_mixin.py:188} INFO - [2026-06-16T15:18:48.184+0000] {dag.py:3089} INFO - Sync 1 DAGs
[2026-06-16T15:18:48.204+0000] {logging_mixin.py:188} INFO - [2026-06-16T15:18:48.203+0000] {dag.py:3947} INFO - Setting next_dagrun for 04_postgres_taxi to None, run_after=None
[2026-06-16T15:18:48.236+0000] {processor.py:183} INFO - Processing /opt/airflow/dags/dag_04_postgres_taxi.py took 0.151 seconds
[2026-06-16T15:19:18.274+0000] {processor.py:161} INFO - Started process (PID=14433) to work on /opt/airflow/dags/dag_04_postgres_taxi.py
[2026-06-16T15:19:18.276+0000] {processor.py:830} INFO - Processing file /opt/airflow/dags/dag_04_postgres_taxi.py for tasks to queue
[2026-06-16T15:19:18.278+0000] {logging_mixin.py:188} INFO - [2026-06-16T15:19:18.278+0000] {dagbag.py:545} INFO - Filling up the DagBag from /opt/airflow/dags/dag_04_postgres_taxi.py
[2026-06-16T15:19:18.290+0000] {processor.py:840} INFO - DAG(s) '04_postgres_taxi' retrieved from /opt/airflow/dags/dag_04_postgres_taxi.py
[2026-06-16T15:19:18.350+0000] {logging_mixin.py:188} INFO - [2026-06-16T15:19:18.350+0000] {dag.py:3089} INFO - Sync 1 DAGs
[2026-06-16T15:19:18.370+0000] {logging_mixin.py:188} INFO - [2026-06-16T15:19:18.370+0000] {dag.py:3947} INFO - Setting next_dagrun for 04_postgres_taxi to None, run_after=None
[2026-06-16T15:19:18.397+0000] {processor.py:183} INFO - Processing /opt/airflow/dags/dag_04_postgres_taxi.py took 0.132 seconds
[2026-06-16T15:19:48.540+0000] {processor.py:161} INFO - Started process (PID=14478) to work on /opt/airflow/dags/dag_04_postgres_taxi.py
[2026-06-16T15:19:48.541+0000] {processor.py:830} INFO - Processing file /opt/airflow/dags/dag_04_postgres_taxi.py for tasks to queue
[2026-06-16T15:19:48.543+0000] {logging_mixin.py:188} INFO - [2026-06-16T15:19:48.543+0000] {dagbag.py:545} INFO - Filling up the DagBag from /opt/airflow/dags/dag_04_postgres_taxi.py
[2026-06-16T15:19:48.554+0000] {processor.py:840} INFO - DAG(s) '04_postgres_taxi' retrieved from /opt/airflow/dags/dag_04_postgres_taxi.py
[2026-06-16T15:19:48.606+0000] {logging_mixin.py:188} INFO - [2026-06-16T15:19:48.605+0000] {dag.py:3089} INFO - Sync 1 DAGs
[2026-06-16T15:19:48.618+0000] {logging_mixin.py:188} INFO - [2026-06-16T15:19:48.618+0000] {dag.py:3947} INFO - Setting next_dagrun for 04_postgres_taxi to None, run_after=None
[2026-06-16T15:19:48.640+0000] {processor.py:183} INFO - Processing /opt/airflow/dags/dag_04_postgres_taxi.py took 0.107 seconds
[2026-06-16T15:20:18.766+0000] {processor.py:161} INFO - Started process (PID=14518) to work on /opt/airflow/dags/dag_04_postgres_taxi.py
[2026-06-16T15:20:18.767+0000] {processor.py:830} INFO - Processing file /opt/airflow/dags/dag_04_postgres_taxi.py for tasks to queue
[2026-06-16T15:20:18.769+0000] {logging_mixin.py:188} INFO - [2026-06-16T15:20:18.768+0000] {dagbag.py:545} INFO - Filling up the DagBag from /opt/airflow/dags/dag_04_postgres_taxi.py
[2026-06-16T15:20:18.780+0000] {processor.py:840} INFO - DAG(s) '04_postgres_taxi' retrieved from /opt/airflow/dags/dag_04_postgres_taxi.py
[2026-06-16T15:20:18.842+0000] {logging_mixin.py:188} INFO - [2026-06-16T15:20:18.841+0000] {dag.py:3089} INFO - Sync 1 DAGs
[2026-06-16T15:20:18.863+0000] {logging_mixin.py:188} INFO - [2026-06-16T15:20:18.863+0000] {dag.py:3947} INFO - Setting next_dagrun for 04_postgres_taxi to None, run_after=None
[2026-06-16T15:20:18.889+0000] {processor.py:183} INFO - Processing /opt/airflow/dags/dag_04_postgres_taxi.py took 0.130 seconds
[2026-06-16T15:20:48.982+0000] {processor.py:161} INFO - Started process (PID=14558) to work on /opt/airflow/dags/dag_04_postgres_taxi.py
[2026-06-16T15:20:48.983+0000] {processor.py:830} INFO - Processing file /opt/airflow/dags/dag_04_postgres_taxi.py for tasks to queue
[2026-06-16T15:20:48.985+0000] {logging_mixin.py:188} INFO - [2026-06-16T15:20:48.985+0000] {dagbag.py:545} INFO - Filling up the DagBag from /opt/airflow/dags/dag_04_postgres_taxi.py
[2026-06-16T15:20:48.996+0000] {processor.py:840} INFO - DAG(s) '04_postgres_taxi' retrieved from /opt/airflow/dags/dag_04_postgres_taxi.py
[2026-06-16T15:20:49.048+0000] {logging_mixin.py:188} INFO - [2026-06-16T15:20:49.048+0000] {dag.py:3089} INFO - Sync 1 DAGs
[2026-06-16T15:20:49.061+0000] {logging_mixin.py:188} INFO - [2026-06-16T15:20:49.060+0000] {dag.py:3947} INFO - Setting next_dagrun for 04_postgres_taxi to None, run_after=None
[2026-06-16T15:20:49.082+0000] {processor.py:183} INFO - Processing /opt/airflow/dags/dag_04_postgres_taxi.py took 0.108 seconds
[2026-06-16T15:21:19.190+0000] {processor.py:161} INFO - Started process (PID=14598) to work on /opt/airflow/dags/dag_04_postgres_taxi.py
[2026-06-16T15:21:19.191+0000] {processor.py:830} INFO - Processing file /opt/airflow/dags/dag_04_postgres_taxi.py for tasks to queue
[2026-06-16T15:21:19.194+0000] {logging_mixin.py:188} INFO - [2026-06-16T15:21:19.193+0000] {dagbag.py:545} INFO - Filling up the DagBag from /opt/airflow/dags/dag_04_postgres_taxi.py
[2026-06-16T15:21:19.205+0000] {processor.py:840} INFO - DAG(s) '04_postgres_taxi' retrieved from /opt/airflow/dags/dag_04_postgres_taxi.py
[2026-06-16T15:21:19.260+0000] {logging_mixin.py:188} INFO - [2026-06-16T15:21:19.260+0000] {dag.py:3089} INFO - Sync 1 DAGs
[2026-06-16T15:21:19.275+0000] {logging_mixin.py:188} INFO - [2026-06-16T15:21:19.275+0000] {dag.py:3947} INFO - Setting next_dagrun for 04_postgres_taxi to None, run_after=None
[2026-06-16T15:21:19.298+0000] {processor.py:183} INFO - Processing /opt/airflow/dags/dag_04_postgres_taxi.py took 0.115 seconds
[2026-06-16T15:21:49.368+0000] {processor.py:161} INFO - Started process (PID=14638) to work on /opt/airflow/dags/dag_04_postgres_taxi.py
[2026-06-16T15:21:49.369+0000] {processor.py:830} INFO - Processing file /opt/airflow/dags/dag_04_postgres_taxi.py for tasks to queue
[2026-06-16T15:21:49.371+0000] {logging_mixin.py:188} INFO - [2026-06-16T15:21:49.370+0000] {dagbag.py:545} INFO - Filling up the DagBag from /opt/airflow/dags/dag_04_postgres_taxi.py
[2026-06-16T15:21:49.382+0000] {processor.py:840} INFO - DAG(s) '04_postgres_taxi' retrieved from /opt/airflow/dags/dag_04_postgres_taxi.py
[2026-06-16T15:21:49.442+0000] {logging_mixin.py:188} INFO - [2026-06-16T15:21:49.442+0000] {dag.py:3089} INFO - Sync 1 DAGs
[2026-06-16T15:21:49.458+0000] {logging_mixin.py:188} INFO - [2026-06-16T15:21:49.458+0000] {dag.py:3947} INFO - Setting next_dagrun for 04_postgres_taxi to None, run_after=None
[2026-06-16T15:21:49.482+0000] {processor.py:183} INFO - Processing /opt/airflow/dags/dag_04_postgres_taxi.py took 0.121 seconds
[2026-06-16T15:22:19.571+0000] {processor.py:161} INFO - Started process (PID=14678) to work on /opt/airflow/dags/dag_04_postgres_taxi.py
[2026-06-16T15:22:19.572+0000] {processor.py:830} INFO - Processing file /opt/airflow/dags/dag_04_postgres_taxi.py for tasks to queue
[2026-06-16T15:22:19.574+0000] {logging_mixin.py:188} INFO - [2026-06-16T15:22:19.574+0000] {dagbag.py:545} INFO - Filling up the DagBag from /opt/airflow/dags/dag_04_postgres_taxi.py
[2026-06-16T15:22:19.585+0000] {processor.py:840} INFO - DAG(s) '04_postgres_taxi' retrieved from /opt/airflow/dags/dag_04_postgres_taxi.py
[2026-06-16T15:22:19.639+0000] {logging_mixin.py:188} INFO - [2026-06-16T15:22:19.639+0000] {dag.py:3089} INFO - Sync 1 DAGs
[2026-06-16T15:22:19.654+0000] {logging_mixin.py:188} INFO - [2026-06-16T15:22:19.653+0000] {dag.py:3947} INFO - Setting next_dagrun for 04_postgres_taxi to None, run_after=None
[2026-06-16T15:22:19.676+0000] {processor.py:183} INFO - Processing /opt/airflow/dags/dag_04_postgres_taxi.py took 0.112 seconds
[2026-06-16T15:22:49.782+0000] {processor.py:161} INFO - Started process (PID=14718) to work on /opt/airflow/dags/dag_04_postgres_taxi.py
[2026-06-16T15:22:49.782+0000] {processor.py:830} INFO - Processing file /opt/airflow/dags/dag_04_postgres_taxi.py for tasks to queue
[2026-06-16T15:22:49.784+0000] {logging_mixin.py:188} INFO - [2026-06-16T15:22:49.784+0000] {dagbag.py:545} INFO - Filling up the DagBag from /opt/airflow/dags/dag_04_postgres_taxi.py
[2026-06-16T15:22:49.796+0000] {processor.py:840} INFO - DAG(s) '04_postgres_taxi' retrieved from /opt/airflow/dags/dag_04_postgres_taxi.py
[2026-06-16T15:22:49.848+0000] {logging_mixin.py:188} INFO - [2026-06-16T15:22:49.847+0000] {dag.py:3089} INFO - Sync 1 DAGs
[2026-06-16T15:22:49.861+0000] {logging_mixin.py:188} INFO - [2026-06-16T15:22:49.861+0000] {dag.py:3947} INFO - Setting next_dagrun for 04_postgres_taxi to None, run_after=None
[2026-06-16T15:22:49.883+0000] {processor.py:183} INFO - Processing /opt/airflow/dags/dag_04_postgres_taxi.py took 0.108 seconds
[2026-06-16T15:23:19.959+0000] {processor.py:161} INFO - Started process (PID=14758) to work on /opt/airflow/dags/dag_04_postgres_taxi.py
[2026-06-16T15:23:19.961+0000] {processor.py:830} INFO - Processing file /opt/airflow/dags/dag_04_postgres_taxi.py for tasks to queue
[2026-06-16T15:23:19.963+0000] {logging_mixin.py:188} INFO - [2026-06-16T15:23:19.962+0000] {dagbag.py:545} INFO - Filling up the DagBag from /opt/airflow/dags/dag_04_postgres_taxi.py
[2026-06-16T15:23:19.974+0000] {processor.py:840} INFO - DAG(s) '04_postgres_taxi' retrieved from /opt/airflow/dags/dag_04_postgres_taxi.py
[2026-06-16T15:23:20.030+0000] {logging_mixin.py:188} INFO - [2026-06-16T15:23:20.030+0000] {dag.py:3089} INFO - Sync 1 DAGs
[2026-06-16T15:23:20.044+0000] {logging_mixin.py:188} INFO - [2026-06-16T15:23:20.044+0000] {dag.py:3947} INFO - Setting next_dagrun for 04_postgres_taxi to None, run_after=None
[2026-06-16T15:23:20.067+0000] {processor.py:183} INFO - Processing /opt/airflow/dags/dag_04_postgres_taxi.py took 0.115 seconds
[2026-06-16T15:23:50.174+0000] {processor.py:161} INFO - Started process (PID=14798) to work on /opt/airflow/dags/dag_04_postgres_taxi.py
[2026-06-16T15:23:50.175+0000] {processor.py:830} INFO - Processing file /opt/airflow/dags/dag_04_postgres_taxi.py for tasks to queue
[2026-06-16T15:23:50.177+0000] {logging_mixin.py:188} INFO - [2026-06-16T15:23:50.177+0000] {dagbag.py:545} INFO - Filling up the DagBag from /opt/airflow/dags/dag_04_postgres_taxi.py
[2026-06-16T15:23:50.188+0000] {processor.py:840} INFO - DAG(s) '04_postgres_taxi' retrieved from /opt/airflow/dags/dag_04_postgres_taxi.py
[2026-06-16T15:23:50.250+0000] {logging_mixin.py:188} INFO - [2026-06-16T15:23:50.250+0000] {dag.py:3089} INFO - Sync 1 DAGs
[2026-06-16T15:23:50.265+0000] {logging_mixin.py:188} INFO - [2026-06-16T15:23:50.265+0000] {dag.py:3947} INFO - Setting next_dagrun for 04_postgres_taxi to None, run_after=None
[2026-06-16T15:23:50.290+0000] {processor.py:183} INFO - Processing /opt/airflow/dags/dag_04_postgres_taxi.py took 0.124 seconds
[2026-06-16T15:24:20.917+0000] {processor.py:161} INFO - Started process (PID=14833) to work on /opt/airflow/dags/dag_04_postgres_taxi.py
[2026-06-16T15:24:20.927+0000] {processor.py:830} INFO - Processing file /opt/airflow/dags/dag_04_postgres_taxi.py for tasks to queue
[2026-06-16T15:24:20.929+0000] {logging_mixin.py:188} INFO - [2026-06-16T15:24:20.929+0000] {dagbag.py:545} INFO - Filling up the DagBag from /opt/airflow/dags/dag_04_postgres_taxi.py
[2026-06-16T15:24:20.941+0000] {processor.py:840} INFO - DAG(s) '04_postgres_taxi' retrieved from /opt/airflow/dags/dag_04_postgres_taxi.py
[2026-06-16T15:24:21.001+0000] {logging_mixin.py:188} INFO - [2026-06-16T15:24:21.000+0000] {dag.py:3089} INFO - Sync 1 DAGs
[2026-06-16T15:24:21.019+0000] {logging_mixin.py:188} INFO - [2026-06-16T15:24:21.019+0000] {dag.py:3947} INFO - Setting next_dagrun for 04_postgres_taxi to None, run_after=None
[2026-06-16T15:24:21.044+0000] {processor.py:183} INFO - Processing /opt/airflow/dags/dag_04_postgres_taxi.py took 0.137 seconds
[2026-06-16T15:24:51.859+0000] {processor.py:161} INFO - Started process (PID=14873) to work on /opt/airflow/dags/dag_04_postgres_taxi.py
[2026-06-16T15:24:51.860+0000] {processor.py:830} INFO - Processing file /opt/airflow/dags/dag_04_postgres_taxi.py for tasks to queue
[2026-06-16T15:24:51.862+0000] {logging_mixin.py:188} INFO - [2026-06-16T15:24:51.861+0000] {dagbag.py:545} INFO - Filling up the DagBag from /opt/airflow/dags/dag_04_postgres_taxi.py
[2026-06-16T15:24:51.874+0000] {processor.py:840} INFO - DAG(s) '04_postgres_taxi' retrieved from /opt/airflow/dags/dag_04_postgres_taxi.py
[2026-06-16T15:24:51.935+0000] {logging_mixin.py:188} INFO - [2026-06-16T15:24:51.935+0000] {dag.py:3089} INFO - Sync 1 DAGs
[2026-06-16T15:24:51.953+0000] {logging_mixin.py:188} INFO - [2026-06-16T15:24:51.953+0000] {dag.py:3947} INFO - Setting next_dagrun for 04_postgres_taxi to None, run_after=None
[2026-06-16T15:24:51.980+0000] {processor.py:183} INFO - Processing /opt/airflow/dags/dag_04_postgres_taxi.py took 0.131 seconds
[2026-06-16T15:25:22.146+0000] {processor.py:161} INFO - Started process (PID=14918) to work on /opt/airflow/dags/dag_04_postgres_taxi.py
[2026-06-16T15:25:22.148+0000] {processor.py:830} INFO - Processing file /opt/airflow/dags/dag_04_postgres_taxi.py for tasks to queue
[2026-06-16T15:25:22.150+0000] {logging_mixin.py:188} INFO - [2026-06-16T15:25:22.150+0000] {dagbag.py:545} INFO - Filling up the DagBag from /opt/airflow/dags/dag_04_postgres_taxi.py
[2026-06-16T15:25:22.166+0000] {processor.py:840} INFO - DAG(s) '04_postgres_taxi' retrieved from /opt/airflow/dags/dag_04_postgres_taxi.py
[2026-06-16T15:25:22.224+0000] {logging_mixin.py:188} INFO - [2026-06-16T15:25:22.224+0000] {dag.py:3089} INFO - Sync 1 DAGs
[2026-06-16T15:25:22.240+0000] {logging_mixin.py:188} INFO - [2026-06-16T15:25:22.239+0000] {dag.py:3947} INFO - Setting next_dagrun for 04_postgres_taxi to None, run_after=None
[2026-06-16T15:25:22.262+0000] {processor.py:183} INFO - Processing /opt/airflow/dags/dag_04_postgres_taxi.py took 0.125 seconds
[2026-06-16T15:25:52.329+0000] {processor.py:161} INFO - Started process (PID=14958) to work on /opt/airflow/dags/dag_04_postgres_taxi.py
[2026-06-16T15:25:52.329+0000] {processor.py:830} INFO - Processing file /opt/airflow/dags/dag_04_postgres_taxi.py for tasks to queue
[2026-06-16T15:25:52.331+0000] {logging_mixin.py:188} INFO - [2026-06-16T15:25:52.331+0000] {dagbag.py:545} INFO - Filling up the DagBag from /opt/airflow/dags/dag_04_postgres_taxi.py
[2026-06-16T15:25:52.343+0000] {processor.py:840} INFO - DAG(s) '04_postgres_taxi' retrieved from /opt/airflow/dags/dag_04_postgres_taxi.py
[2026-06-16T15:25:52.399+0000] {logging_mixin.py:188} INFO - [2026-06-16T15:25:52.399+0000] {dag.py:3089} INFO - Sync 1 DAGs
[2026-06-16T15:25:52.414+0000] {logging_mixin.py:188} INFO - [2026-06-16T15:25:52.413+0000] {dag.py:3947} INFO - Setting next_dagrun for 04_postgres_taxi to None, run_after=None
[2026-06-16T15:25:52.436+0000] {processor.py:183} INFO - Processing /opt/airflow/dags/dag_04_postgres_taxi.py took 0.115 seconds
[2026-06-16T15:26:22.552+0000] {processor.py:161} INFO - Started process (PID=14998) to work on /opt/airflow/dags/dag_04_postgres_taxi.py
[2026-06-16T15:26:22.554+0000] {processor.py:830} INFO - Processing file /opt/airflow/dags/dag_04_postgres_taxi.py for tasks to queue
[2026-06-16T15:26:22.556+0000] {logging_mixin.py:188} INFO - [2026-06-16T15:26:22.555+0000] {dagbag.py:545} INFO - Filling up the DagBag from /opt/airflow/dags/dag_04_postgres_taxi.py
[2026-06-16T15:26:22.567+0000] {processor.py:840} INFO - DAG(s) '04_postgres_taxi' retrieved from /opt/airflow/dags/dag_04_postgres_taxi.py
[2026-06-16T15:26:22.623+0000] {logging_mixin.py:188} INFO - [2026-06-16T15:26:22.623+0000] {dag.py:3089} INFO - Sync 1 DAGs
[2026-06-16T15:26:22.637+0000] {logging_mixin.py:188} INFO - [2026-06-16T15:26:22.637+0000] {dag.py:3947} INFO - Setting next_dagrun for 04_postgres_taxi to None, run_after=None
[2026-06-16T15:26:22.660+0000] {processor.py:183} INFO - Processing /opt/airflow/dags/dag_04_postgres_taxi.py took 0.115 seconds
[2026-06-16T15:26:53.532+0000] {processor.py:161} INFO - Started process (PID=15033) to work on /opt/airflow/dags/dag_04_postgres_taxi.py
[2026-06-16T15:26:53.534+0000] {processor.py:830} INFO - Processing file /opt/airflow/dags/dag_04_postgres_taxi.py for tasks to queue
[2026-06-16T15:26:53.536+0000] {logging_mixin.py:188} INFO - [2026-06-16T15:26:53.536+0000] {dagbag.py:545} INFO - Filling up the DagBag from /opt/airflow/dags/dag_04_postgres_taxi.py
[2026-06-16T15:26:53.548+0000] {processor.py:840} INFO - DAG(s) '04_postgres_taxi' retrieved from /opt/airflow/dags/dag_04_postgres_taxi.py
[2026-06-16T15:26:53.609+0000] {logging_mixin.py:188} INFO - [2026-06-16T15:26:53.609+0000] {dag.py:3089} INFO - Sync 1 DAGs
[2026-06-16T15:26:53.627+0000] {logging_mixin.py:188} INFO - [2026-06-16T15:26:53.627+0000] {dag.py:3947} INFO - Setting next_dagrun for 04_postgres_taxi to None, run_after=None
[2026-06-16T15:26:53.653+0000] {processor.py:183} INFO - Processing /opt/airflow/dags/dag_04_postgres_taxi.py took 0.131 seconds
[2026-06-16T15:27:24.632+0000] {processor.py:161} INFO - Started process (PID=15073) to work on /opt/airflow/dags/dag_04_postgres_taxi.py
[2026-06-16T15:27:24.633+0000] {processor.py:830} INFO - Processing file /opt/airflow/dags/dag_04_postgres_taxi.py for tasks to queue
[2026-06-16T15:27:24.635+0000] {logging_mixin.py:188} INFO - [2026-06-16T15:27:24.635+0000] {dagbag.py:545} INFO - Filling up the DagBag from /opt/airflow/dags/dag_04_postgres_taxi.py
[2026-06-16T15:27:24.647+0000] {processor.py:840} INFO - DAG(s) '04_postgres_taxi' retrieved from /opt/airflow/dags/dag_04_postgres_taxi.py
[2026-06-16T15:27:24.706+0000] {logging_mixin.py:188} INFO - [2026-06-16T15:27:24.706+0000] {dag.py:3089} INFO - Sync 1 DAGs
[2026-06-16T15:27:24.725+0000] {logging_mixin.py:188} INFO - [2026-06-16T15:27:24.725+0000] {dag.py:3947} INFO - Setting next_dagrun for 04_postgres_taxi to None, run_after=None
[2026-06-16T15:27:24.753+0000] {processor.py:183} INFO - Processing /opt/airflow/dags/dag_04_postgres_taxi.py took 0.131 seconds
[2026-06-16T15:27:55.653+0000] {processor.py:161} INFO - Started process (PID=15113) to work on /opt/airflow/dags/dag_04_postgres_taxi.py
[2026-06-16T15:27:55.654+0000] {processor.py:830} INFO - Processing file /opt/airflow/dags/dag_04_postgres_taxi.py for tasks to queue
[2026-06-16T15:27:55.656+0000] {logging_mixin.py:188} INFO - [2026-06-16T15:27:55.656+0000] {dagbag.py:545} INFO - Filling up the DagBag from /opt/airflow/dags/dag_04_postgres_taxi.py
[2026-06-16T15:27:55.669+0000] {processor.py:840} INFO - DAG(s) '04_postgres_taxi' retrieved from /opt/airflow/dags/dag_04_postgres_taxi.py
[2026-06-16T15:27:55.728+0000] {logging_mixin.py:188} INFO - [2026-06-16T15:27:55.728+0000] {dag.py:3089} INFO - Sync 1 DAGs
[2026-06-16T15:27:55.746+0000] {logging_mixin.py:188} INFO - [2026-06-16T15:27:55.745+0000] {dag.py:3947} INFO - Setting next_dagrun for 04_postgres_taxi to None, run_after=None
[2026-06-16T15:27:55.773+0000] {processor.py:183} INFO - Processing /opt/airflow/dags/dag_04_postgres_taxi.py took 0.128 seconds
[2026-06-16T15:28:26.687+0000] {processor.py:161} INFO - Started process (PID=15153) to work on /opt/airflow/dags/dag_04_postgres_taxi.py
[2026-06-16T15:28:26.688+0000] {processor.py:830} INFO - Processing file /opt/airflow/dags/dag_04_postgres_taxi.py for tasks to queue
[2026-06-16T15:28:26.690+0000] {logging_mixin.py:188} INFO - [2026-06-16T15:28:26.690+0000] {dagbag.py:545} INFO - Filling up the DagBag from /opt/airflow/dags/dag_04_postgres_taxi.py
[2026-06-16T15:28:26.702+0000] {processor.py:840} INFO - DAG(s) '04_postgres_taxi' retrieved from /opt/airflow/dags/dag_04_postgres_taxi.py
[2026-06-16T15:28:26.759+0000] {logging_mixin.py:188} INFO - [2026-06-16T15:28:26.758+0000] {dag.py:3089} INFO - Sync 1 DAGs
[2026-06-16T15:28:26.776+0000] {logging_mixin.py:188} INFO - [2026-06-16T15:28:26.776+0000] {dag.py:3947} INFO - Setting next_dagrun for 04_postgres_taxi to None, run_after=None
[2026-06-16T15:28:26.801+0000] {processor.py:183} INFO - Processing /opt/airflow/dags/dag_04_postgres_taxi.py took 0.123 seconds
[2026-06-16T15:28:57.648+0000] {processor.py:161} INFO - Started process (PID=15193) to work on /opt/airflow/dags/dag_04_postgres_taxi.py
[2026-06-16T15:28:57.651+0000] {processor.py:830} INFO - Processing file /opt/airflow/dags/dag_04_postgres_taxi.py for tasks to queue
[2026-06-16T15:28:57.653+0000] {logging_mixin.py:188} INFO - [2026-06-16T15:28:57.653+0000] {dagbag.py:545} INFO - Filling up the DagBag from /opt/airflow/dags/dag_04_postgres_taxi.py
[2026-06-16T15:28:57.665+0000] {processor.py:840} INFO - DAG(s) '04_postgres_taxi' retrieved from /opt/airflow/dags/dag_04_postgres_taxi.py
[2026-06-16T15:28:57.723+0000] {logging_mixin.py:188} INFO - [2026-06-16T15:28:57.723+0000] {dag.py:3089} INFO - Sync 1 DAGs
[2026-06-16T15:28:57.740+0000] {logging_mixin.py:188} INFO - [2026-06-16T15:28:57.739+0000] {dag.py:3947} INFO - Setting next_dagrun for 04_postgres_taxi to None, run_after=None
[2026-06-16T15:28:57.765+0000] {processor.py:183} INFO - Processing /opt/airflow/dags/dag_04_postgres_taxi.py took 0.125 seconds
[2026-06-16T15:29:28.754+0000] {processor.py:161} INFO - Started process (PID=15233) to work on /opt/airflow/dags/dag_04_postgres_taxi.py
[2026-06-16T15:29:28.764+0000] {processor.py:830} INFO - Processing file /opt/airflow/dags/dag_04_postgres_taxi.py for tasks to queue
[2026-06-16T15:29:28.767+0000] {logging_mixin.py:188} INFO - [2026-06-16T15:29:28.766+0000] {dagbag.py:545} INFO - Filling up the DagBag from /opt/airflow/dags/dag_04_postgres_taxi.py
[2026-06-16T15:29:28.780+0000] {processor.py:840} INFO - DAG(s) '04_postgres_taxi' retrieved from /opt/airflow/dags/dag_04_postgres_taxi.py
[2026-06-16T15:29:28.841+0000] {logging_mixin.py:188} INFO - [2026-06-16T15:29:28.840+0000] {dag.py:3089} INFO - Sync 1 DAGs
[2026-06-16T15:29:28.860+0000] {logging_mixin.py:188} INFO - [2026-06-16T15:29:28.859+0000] {dag.py:3947} INFO - Setting next_dagrun for 04_postgres_taxi to None, run_after=None
[2026-06-16T15:29:28.886+0000] {processor.py:183} INFO - Processing /opt/airflow/dags/dag_04_postgres_taxi.py took 0.143 seconds
[2026-06-16T15:29:59.893+0000] {processor.py:161} INFO - Started process (PID=15273) to work on /opt/airflow/dags/dag_04_postgres_taxi.py
[2026-06-16T15:29:59.894+0000] {processor.py:830} INFO - Processing file /opt/airflow/dags/dag_04_postgres_taxi.py for tasks to queue
[2026-06-16T15:29:59.896+0000] {logging_mixin.py:188} INFO - [2026-06-16T15:29:59.896+0000] {dagbag.py:545} INFO - Filling up the DagBag from /opt/airflow/dags/dag_04_postgres_taxi.py
[2026-06-16T15:29:59.908+0000] {processor.py:840} INFO - DAG(s) '04_postgres_taxi' retrieved from /opt/airflow/dags/dag_04_postgres_taxi.py
[2026-06-16T15:29:59.971+0000] {logging_mixin.py:188} INFO - [2026-06-16T15:29:59.971+0000] {dag.py:3089} INFO - Sync 1 DAGs
[2026-06-16T15:29:59.989+0000] {logging_mixin.py:188} INFO - [2026-06-16T15:29:59.989+0000] {dag.py:3947} INFO - Setting next_dagrun for 04_postgres_taxi to None, run_after=None
[2026-06-16T15:30:00.016+0000] {processor.py:183} INFO - Processing /opt/airflow/dags/dag_04_postgres_taxi.py took 0.133 seconds
[2026-06-16T15:30:30.096+0000] {processor.py:161} INFO - Started process (PID=15313) to work on /opt/airflow/dags/dag_04_postgres_taxi.py
[2026-06-16T15:30:30.108+0000] {processor.py:830} INFO - Processing file /opt/airflow/dags/dag_04_postgres_taxi.py for tasks to queue
[2026-06-16T15:30:30.110+0000] {logging_mixin.py:188} INFO - [2026-06-16T15:30:30.109+0000] {dagbag.py:545} INFO - Filling up the DagBag from /opt/airflow/dags/dag_04_postgres_taxi.py
[2026-06-16T15:30:30.123+0000] {processor.py:840} INFO - DAG(s) '04_postgres_taxi' retrieved from /opt/airflow/dags/dag_04_postgres_taxi.py
[2026-06-16T15:30:30.188+0000] {logging_mixin.py:188} INFO - [2026-06-16T15:30:30.188+0000] {dag.py:3089} INFO - Sync 1 DAGs
[2026-06-16T15:30:30.207+0000] {logging_mixin.py:188} INFO - [2026-06-16T15:30:30.207+0000] {dag.py:3947} INFO - Setting next_dagrun for 04_postgres_taxi to None, run_after=None
[2026-06-16T15:30:30.232+0000] {processor.py:183} INFO - Processing /opt/airflow/dags/dag_04_postgres_taxi.py took 0.145 seconds
[2026-06-16T15:31:00.305+0000] {processor.py:161} INFO - Started process (PID=15353) to work on /opt/airflow/dags/dag_04_postgres_taxi.py
[2026-06-16T15:31:00.306+0000] {processor.py:830} INFO - Processing file /opt/airflow/dags/dag_04_postgres_taxi.py for tasks to queue
[2026-06-16T15:31:00.308+0000] {logging_mixin.py:188} INFO - [2026-06-16T15:31:00.307+0000] {dagbag.py:545} INFO - Filling up the DagBag from /opt/airflow/dags/dag_04_postgres_taxi.py
[2026-06-16T15:31:00.320+0000] {processor.py:840} INFO - DAG(s) '04_postgres_taxi' retrieved from /opt/airflow/dags/dag_04_postgres_taxi.py
[2026-06-16T15:31:00.382+0000] {logging_mixin.py:188} INFO - [2026-06-16T15:31:00.382+0000] {dag.py:3089} INFO - Sync 1 DAGs
[2026-06-16T15:31:00.401+0000] {logging_mixin.py:188} INFO - [2026-06-16T15:31:00.401+0000] {dag.py:3947} INFO - Setting next_dagrun for 04_postgres_taxi to None, run_after=None
[2026-06-16T15:31:00.429+0000] {processor.py:183} INFO - Processing /opt/airflow/dags/dag_04_postgres_taxi.py took 0.132 seconds
[2026-06-16T15:31:31.224+0000] {processor.py:161} INFO - Started process (PID=15393) to work on /opt/airflow/dags/dag_04_postgres_taxi.py
[2026-06-16T15:31:31.235+0000] {processor.py:830} INFO - Processing file /opt/airflow/dags/dag_04_postgres_taxi.py for tasks to queue
[2026-06-16T15:31:31.237+0000] {logging_mixin.py:188} INFO - [2026-06-16T15:31:31.237+0000] {dagbag.py:545} INFO - Filling up the DagBag from /opt/airflow/dags/dag_04_postgres_taxi.py
[2026-06-16T15:31:31.250+0000] {processor.py:840} INFO - DAG(s) '04_postgres_taxi' retrieved from /opt/airflow/dags/dag_04_postgres_taxi.py
[2026-06-16T15:31:31.308+0000] {logging_mixin.py:188} INFO - [2026-06-16T15:31:31.308+0000] {dag.py:3089} INFO - Sync 1 DAGs
[2026-06-16T15:31:31.324+0000] {logging_mixin.py:188} INFO - [2026-06-16T15:31:31.324+0000] {dag.py:3947} INFO - Setting next_dagrun for 04_postgres_taxi to None, run_after=None
[2026-06-16T15:31:31.349+0000] {processor.py:183} INFO - Processing /opt/airflow/dags/dag_04_postgres_taxi.py took 0.133 seconds
[2026-06-16T15:32:02.303+0000] {processor.py:161} INFO - Started process (PID=15433) to work on /opt/airflow/dags/dag_04_postgres_taxi.py
[2026-06-16T15:32:02.304+0000] {processor.py:830} INFO - Processing file /opt/airflow/dags/dag_04_postgres_taxi.py for tasks to queue
[2026-06-16T15:32:02.306+0000] {logging_mixin.py:188} INFO - [2026-06-16T15:32:02.306+0000] {dagbag.py:545} INFO - Filling up the DagBag from /opt/airflow/dags/dag_04_postgres_taxi.py
[2026-06-16T15:32:02.319+0000] {processor.py:840} INFO - DAG(s) '04_postgres_taxi' retrieved from /opt/airflow/dags/dag_04_postgres_taxi.py
[2026-06-16T15:32:02.380+0000] {logging_mixin.py:188} INFO - [2026-06-16T15:32:02.379+0000] {dag.py:3089} INFO - Sync 1 DAGs
[2026-06-16T15:32:02.396+0000] {logging_mixin.py:188} INFO - [2026-06-16T15:32:02.396+0000] {dag.py:3947} INFO - Setting next_dagrun for 04_postgres_taxi to None, run_after=None
[2026-06-16T15:32:02.421+0000] {processor.py:183} INFO - Processing /opt/airflow/dags/dag_04_postgres_taxi.py took 0.129 seconds
[2026-06-16T15:32:32.485+0000] {processor.py:161} INFO - Started process (PID=15473) to work on /opt/airflow/dags/dag_04_postgres_taxi.py
[2026-06-16T15:32:32.488+0000] {processor.py:830} INFO - Processing file /opt/airflow/dags/dag_04_postgres_taxi.py for tasks to queue
[2026-06-16T15:32:32.490+0000] {logging_mixin.py:188} INFO - [2026-06-16T15:32:32.489+0000] {dagbag.py:545} INFO - Filling up the DagBag from /opt/airflow/dags/dag_04_postgres_taxi.py
[2026-06-16T15:32:32.502+0000] {processor.py:840} INFO - DAG(s) '04_postgres_taxi' retrieved from /opt/airflow/dags/dag_04_postgres_taxi.py
[2026-06-16T15:32:32.565+0000] {logging_mixin.py:188} INFO - [2026-06-16T15:32:32.564+0000] {dag.py:3089} INFO - Sync 1 DAGs
[2026-06-16T15:32:32.582+0000] {logging_mixin.py:188} INFO - [2026-06-16T15:32:32.582+0000] {dag.py:3947} INFO - Setting next_dagrun for 04_postgres_taxi to None, run_after=None
[2026-06-16T15:32:32.609+0000] {processor.py:183} INFO - Processing /opt/airflow/dags/dag_04_postgres_taxi.py took 0.133 seconds
[2026-06-16T15:33:03.454+0000] {processor.py:161} INFO - Started process (PID=15513) to work on /opt/airflow/dags/dag_04_postgres_taxi.py
[2026-06-16T15:33:03.455+0000] {processor.py:830} INFO - Processing file /opt/airflow/dags/dag_04_postgres_taxi.py for tasks to queue
[2026-06-16T15:33:03.457+0000] {logging_mixin.py:188} INFO - [2026-06-16T15:33:03.457+0000] {dagbag.py:545} INFO - Filling up the DagBag from /opt/airflow/dags/dag_04_postgres_taxi.py
[2026-06-16T15:33:03.469+0000] {processor.py:840} INFO - DAG(s) '04_postgres_taxi' retrieved from /opt/airflow/dags/dag_04_postgres_taxi.py
[2026-06-16T15:33:03.527+0000] {logging_mixin.py:188} INFO - [2026-06-16T15:33:03.527+0000] {dag.py:3089} INFO - Sync 1 DAGs
[2026-06-16T15:33:03.543+0000] {logging_mixin.py:188} INFO - [2026-06-16T15:33:03.543+0000] {dag.py:3947} INFO - Setting next_dagrun for 04_postgres_taxi to None, run_after=None
[2026-06-16T15:33:03.567+0000] {processor.py:183} INFO - Processing /opt/airflow/dags/dag_04_postgres_taxi.py took 0.121 seconds
[2026-06-16T15:33:33.632+0000] {processor.py:161} INFO - Started process (PID=15553) to work on /opt/airflow/dags/dag_04_postgres_taxi.py
[2026-06-16T15:33:33.633+0000] {processor.py:830} INFO - Processing file /opt/airflow/dags/dag_04_postgres_taxi.py for tasks to queue
[2026-06-16T15:33:33.635+0000] {logging_mixin.py:188} INFO - [2026-06-16T15:33:33.635+0000] {dagbag.py:545} INFO - Filling up the DagBag from /opt/airflow/dags/dag_04_postgres_taxi.py
[2026-06-16T15:33:33.647+0000] {processor.py:840} INFO - DAG(s) '04_postgres_taxi' retrieved from /opt/airflow/dags/dag_04_postgres_taxi.py
[2026-06-16T15:33:33.719+0000] {logging_mixin.py:188} INFO - [2026-06-16T15:33:33.718+0000] {dag.py:3089} INFO - Sync 1 DAGs
[2026-06-16T15:33:33.906+0000] {logging_mixin.py:188} INFO - [2026-06-16T15:33:33.906+0000] {dag.py:3947} INFO - Setting next_dagrun for 04_postgres_taxi to None, run_after=None
[2026-06-16T15:33:33.938+0000] {processor.py:183} INFO - Processing /opt/airflow/dags/dag_04_postgres_taxi.py took 0.315 seconds
[2026-06-16T15:34:03.989+0000] {processor.py:161} INFO - Started process (PID=15593) to work on /opt/airflow/dags/dag_04_postgres_taxi.py
[2026-06-16T15:34:03.990+0000] {processor.py:830} INFO - Processing file /opt/airflow/dags/dag_04_postgres_taxi.py for tasks to queue
[2026-06-16T15:34:03.993+0000] {logging_mixin.py:188} INFO - [2026-06-16T15:34:03.992+0000] {dagbag.py:545} INFO - Filling up the DagBag from /opt/airflow/dags/dag_04_postgres_taxi.py
[2026-06-16T15:34:04.005+0000] {processor.py:840} INFO - DAG(s) '04_postgres_taxi' retrieved from /opt/airflow/dags/dag_04_postgres_taxi.py
[2026-06-16T15:34:04.062+0000] {logging_mixin.py:188} INFO - [2026-06-16T15:34:04.061+0000] {dag.py:3089} INFO - Sync 1 DAGs
[2026-06-16T15:34:04.078+0000] {logging_mixin.py:188} INFO - [2026-06-16T15:34:04.078+0000] {dag.py:3947} INFO - Setting next_dagrun for 04_postgres_taxi to None, run_after=None
[2026-06-16T15:34:04.104+0000] {processor.py:183} INFO - Processing /opt/airflow/dags/dag_04_postgres_taxi.py took 0.123 seconds
[2026-06-16T15:34:34.170+0000] {processor.py:161} INFO - Started process (PID=15633) to work on /opt/airflow/dags/dag_04_postgres_taxi.py
[2026-06-16T15:34:34.171+0000] {processor.py:830} INFO - Processing file /opt/airflow/dags/dag_04_postgres_taxi.py for tasks to queue
[2026-06-16T15:34:34.174+0000] {logging_mixin.py:188} INFO - [2026-06-16T15:34:34.174+0000] {dagbag.py:545} INFO - Filling up the DagBag from /opt/airflow/dags/dag_04_postgres_taxi.py
[2026-06-16T15:34:34.191+0000] {processor.py:840} INFO - DAG(s) '04_postgres_taxi' retrieved from /opt/airflow/dags/dag_04_postgres_taxi.py
[2026-06-16T15:34:34.260+0000] {logging_mixin.py:188} INFO - [2026-06-16T15:34:34.260+0000] {dag.py:3089} INFO - Sync 1 DAGs
[2026-06-16T15:34:34.277+0000] {logging_mixin.py:188} INFO - [2026-06-16T15:34:34.276+0000] {dag.py:3947} INFO - Setting next_dagrun for 04_postgres_taxi to None, run_after=None
[2026-06-16T15:34:34.303+0000] {processor.py:183} INFO - Processing /opt/airflow/dags/dag_04_postgres_taxi.py took 0.146 seconds
[2026-06-16T15:35:04.770+0000] {processor.py:161} INFO - Started process (PID=15673) to work on /opt/airflow/dags/dag_04_postgres_taxi.py
[2026-06-16T15:35:04.772+0000] {processor.py:830} INFO - Processing file /opt/airflow/dags/dag_04_postgres_taxi.py for tasks to queue
[2026-06-16T15:35:04.774+0000] {logging_mixin.py:188} INFO - [2026-06-16T15:35:04.773+0000] {dagbag.py:545} INFO - Filling up the DagBag from /opt/airflow/dags/dag_04_postgres_taxi.py
[2026-06-16T15:35:04.786+0000] {processor.py:840} INFO - DAG(s) '04_postgres_taxi' retrieved from /opt/airflow/dags/dag_04_postgres_taxi.py
[2026-06-16T15:35:05.026+0000] {logging_mixin.py:188} INFO - [2026-06-16T15:35:05.025+0000] {dag.py:3089} INFO - Sync 1 DAGs
[2026-06-16T15:35:05.039+0000] {logging_mixin.py:188} INFO - [2026-06-16T15:35:05.039+0000] {dag.py:3947} INFO - Setting next_dagrun for 04_postgres_taxi to None, run_after=None
[2026-06-16T15:35:05.061+0000] {processor.py:183} INFO - Processing /opt/airflow/dags/dag_04_postgres_taxi.py took 0.300 seconds
[2026-06-16T15:35:35.106+0000] {processor.py:161} INFO - Started process (PID=15716) to work on /opt/airflow/dags/dag_04_postgres_taxi.py
[2026-06-16T15:35:35.108+0000] {processor.py:830} INFO - Processing file /opt/airflow/dags/dag_04_postgres_taxi.py for tasks to queue
[2026-06-16T15:35:35.111+0000] {logging_mixin.py:188} INFO - [2026-06-16T15:35:35.110+0000] {dagbag.py:545} INFO - Filling up the DagBag from /opt/airflow/dags/dag_04_postgres_taxi.py
[2026-06-16T15:35:35.127+0000] {processor.py:840} INFO - DAG(s) '04_postgres_taxi' retrieved from /opt/airflow/dags/dag_04_postgres_taxi.py
[2026-06-16T15:35:35.193+0000] {logging_mixin.py:188} INFO - [2026-06-16T15:35:35.192+0000] {dag.py:3089} INFO - Sync 1 DAGs
[2026-06-16T15:35:35.208+0000] {logging_mixin.py:188} INFO - [2026-06-16T15:35:35.208+0000] {dag.py:3947} INFO - Setting next_dagrun for 04_postgres_taxi to None, run_after=None
[2026-06-16T15:35:35.230+0000] {processor.py:183} INFO - Processing /opt/airflow/dags/dag_04_postgres_taxi.py took 0.133 seconds
[2026-06-16T15:36:06.182+0000] {processor.py:161} INFO - Started process (PID=15753) to work on /opt/airflow/dags/dag_04_postgres_taxi.py
[2026-06-16T15:36:06.183+0000] {processor.py:830} INFO - Processing file /opt/airflow/dags/dag_04_postgres_taxi.py for tasks to queue
[2026-06-16T15:36:06.187+0000] {logging_mixin.py:188} INFO - [2026-06-16T15:36:06.186+0000] {dagbag.py:545} INFO - Filling up the DagBag from /opt/airflow/dags/dag_04_postgres_taxi.py
[2026-06-16T15:36:06.200+0000] {processor.py:840} INFO - DAG(s) '04_postgres_taxi' retrieved from /opt/airflow/dags/dag_04_postgres_taxi.py
[2026-06-16T15:36:06.258+0000] {logging_mixin.py:188} INFO - [2026-06-16T15:36:06.258+0000] {dag.py:3089} INFO - Sync 1 DAGs
[2026-06-16T15:36:06.274+0000] {logging_mixin.py:188} INFO - [2026-06-16T15:36:06.274+0000] {dag.py:3947} INFO - Setting next_dagrun for 04_postgres_taxi to None, run_after=None
[2026-06-16T15:36:06.300+0000] {processor.py:183} INFO - Processing /opt/airflow/dags/dag_04_postgres_taxi.py took 0.128 seconds
[2026-06-16T15:36:36.337+0000] {processor.py:161} INFO - Started process (PID=15793) to work on /opt/airflow/dags/dag_04_postgres_taxi.py
[2026-06-16T15:36:36.347+0000] {processor.py:830} INFO - Processing file /opt/airflow/dags/dag_04_postgres_taxi.py for tasks to queue
[2026-06-16T15:36:36.349+0000] {logging_mixin.py:188} INFO - [2026-06-16T15:36:36.349+0000] {dagbag.py:545} INFO - Filling up the DagBag from /opt/airflow/dags/dag_04_postgres_taxi.py
[2026-06-16T15:36:36.361+0000] {processor.py:840} INFO - DAG(s) '04_postgres_taxi' retrieved from /opt/airflow/dags/dag_04_postgres_taxi.py
[2026-06-16T15:36:36.420+0000] {logging_mixin.py:188} INFO - [2026-06-16T15:36:36.420+0000] {dag.py:3089} INFO - Sync 1 DAGs
[2026-06-16T15:36:36.435+0000] {logging_mixin.py:188} INFO - [2026-06-16T15:36:36.435+0000] {dag.py:3947} INFO - Setting next_dagrun for 04_postgres_taxi to None, run_after=None
[2026-06-16T15:36:36.458+0000] {processor.py:183} INFO - Processing /opt/airflow/dags/dag_04_postgres_taxi.py took 0.130 seconds
[2026-06-16T15:37:06.590+0000] {processor.py:161} INFO - Started process (PID=15836) to work on /opt/airflow/dags/dag_04_postgres_taxi.py
[2026-06-16T15:37:06.591+0000] {processor.py:830} INFO - Processing file /opt/airflow/dags/dag_04_postgres_taxi.py for tasks to queue
[2026-06-16T15:37:06.593+0000] {logging_mixin.py:188} INFO - [2026-06-16T15:37:06.593+0000] {dagbag.py:545} INFO - Filling up the DagBag from /opt/airflow/dags/dag_04_postgres_taxi.py
[2026-06-16T15:37:06.606+0000] {processor.py:840} INFO - DAG(s) '04_postgres_taxi' retrieved from /opt/airflow/dags/dag_04_postgres_taxi.py
[2026-06-16T15:37:06.657+0000] {logging_mixin.py:188} INFO - [2026-06-16T15:37:06.657+0000] {dag.py:3089} INFO - Sync 1 DAGs
[2026-06-16T15:37:06.670+0000] {logging_mixin.py:188} INFO - [2026-06-16T15:37:06.670+0000] {dag.py:3947} INFO - Setting next_dagrun for 04_postgres_taxi to None, run_after=None
[2026-06-16T15:37:06.693+0000] {processor.py:183} INFO - Processing /opt/airflow/dags/dag_04_postgres_taxi.py took 0.111 seconds
[2026-06-16T15:37:37.528+0000] {processor.py:161} INFO - Started process (PID=15873) to work on /opt/airflow/dags/dag_04_postgres_taxi.py
[2026-06-16T15:37:37.530+0000] {processor.py:830} INFO - Processing file /opt/airflow/dags/dag_04_postgres_taxi.py for tasks to queue
[2026-06-16T15:37:37.532+0000] {logging_mixin.py:188} INFO - [2026-06-16T15:37:37.532+0000] {dagbag.py:545} INFO - Filling up the DagBag from /opt/airflow/dags/dag_04_postgres_taxi.py
[2026-06-16T15:37:37.547+0000] {processor.py:840} INFO - DAG(s) '04_postgres_taxi' retrieved from /opt/airflow/dags/dag_04_postgres_taxi.py
[2026-06-16T15:37:37.619+0000] {logging_mixin.py:188} INFO - [2026-06-16T15:37:37.619+0000] {dag.py:3089} INFO - Sync 1 DAGs
[2026-06-16T15:37:37.638+0000] {logging_mixin.py:188} INFO - [2026-06-16T15:37:37.638+0000] {dag.py:3947} INFO - Setting next_dagrun for 04_postgres_taxi to None, run_after=None
[2026-06-16T15:37:37.663+0000] {processor.py:183} INFO - Processing /opt/airflow/dags/dag_04_postgres_taxi.py took 0.147 seconds
[2026-06-16T15:38:08.618+0000] {processor.py:161} INFO - Started process (PID=15913) to work on /opt/airflow/dags/dag_04_postgres_taxi.py
[2026-06-16T15:38:08.620+0000] {processor.py:830} INFO - Processing file /opt/airflow/dags/dag_04_postgres_taxi.py for tasks to queue
[2026-06-16T15:38:08.622+0000] {logging_mixin.py:188} INFO - [2026-06-16T15:38:08.622+0000] {dagbag.py:545} INFO - Filling up the DagBag from /opt/airflow/dags/dag_04_postgres_taxi.py
[2026-06-16T15:38:08.638+0000] {processor.py:840} INFO - DAG(s) '04_postgres_taxi' retrieved from /opt/airflow/dags/dag_04_postgres_taxi.py
[2026-06-16T15:38:08.706+0000] {logging_mixin.py:188} INFO - [2026-06-16T15:38:08.705+0000] {dag.py:3089} INFO - Sync 1 DAGs
[2026-06-16T15:38:08.721+0000] {logging_mixin.py:188} INFO - [2026-06-16T15:38:08.721+0000] {dag.py:3947} INFO - Setting next_dagrun for 04_postgres_taxi to None, run_after=None
[2026-06-16T15:38:08.747+0000] {processor.py:183} INFO - Processing /opt/airflow/dags/dag_04_postgres_taxi.py took 0.138 seconds
[2026-06-16T15:38:38.813+0000] {processor.py:161} INFO - Started process (PID=15953) to work on /opt/airflow/dags/dag_04_postgres_taxi.py
[2026-06-16T15:38:38.814+0000] {processor.py:830} INFO - Processing file /opt/airflow/dags/dag_04_postgres_taxi.py for tasks to queue
[2026-06-16T15:38:38.816+0000] {logging_mixin.py:188} INFO - [2026-06-16T15:38:38.816+0000] {dagbag.py:545} INFO - Filling up the DagBag from /opt/airflow/dags/dag_04_postgres_taxi.py
[2026-06-16T15:38:38.828+0000] {processor.py:840} INFO - DAG(s) '04_postgres_taxi' retrieved from /opt/airflow/dags/dag_04_postgres_taxi.py
[2026-06-16T15:38:38.890+0000] {logging_mixin.py:188} INFO - [2026-06-16T15:38:38.890+0000] {dag.py:3089} INFO - Sync 1 DAGs
[2026-06-16T15:38:38.910+0000] {logging_mixin.py:188} INFO - [2026-06-16T15:38:38.910+0000] {dag.py:3947} INFO - Setting next_dagrun for 04_postgres_taxi to None, run_after=None
[2026-06-16T15:38:38.935+0000] {processor.py:183} INFO - Processing /opt/airflow/dags/dag_04_postgres_taxi.py took 0.131 seconds
[2026-06-16T15:39:09.002+0000] {processor.py:161} INFO - Started process (PID=15993) to work on /opt/airflow/dags/dag_04_postgres_taxi.py
[2026-06-16T15:39:09.012+0000] {processor.py:830} INFO - Processing file /opt/airflow/dags/dag_04_postgres_taxi.py for tasks to queue
[2026-06-16T15:39:09.014+0000] {logging_mixin.py:188} INFO - [2026-06-16T15:39:09.014+0000] {dagbag.py:545} INFO - Filling up the DagBag from /opt/airflow/dags/dag_04_postgres_taxi.py
[2026-06-16T15:39:09.026+0000] {processor.py:840} INFO - DAG(s) '04_postgres_taxi' retrieved from /opt/airflow/dags/dag_04_postgres_taxi.py
[2026-06-16T15:39:09.086+0000] {logging_mixin.py:188} INFO - [2026-06-16T15:39:09.086+0000] {dag.py:3089} INFO - Sync 1 DAGs
[2026-06-16T15:39:09.104+0000] {logging_mixin.py:188} INFO - [2026-06-16T15:39:09.103+0000] {dag.py:3947} INFO - Setting next_dagrun for 04_postgres_taxi to None, run_after=None
[2026-06-16T15:39:09.130+0000] {processor.py:183} INFO - Processing /opt/airflow/dags/dag_04_postgres_taxi.py took 0.136 seconds
[2026-06-16T15:39:39.192+0000] {processor.py:161} INFO - Started process (PID=16033) to work on /opt/airflow/dags/dag_04_postgres_taxi.py
[2026-06-16T15:39:39.193+0000] {processor.py:830} INFO - Processing file /opt/airflow/dags/dag_04_postgres_taxi.py for tasks to queue
[2026-06-16T15:39:39.195+0000] {logging_mixin.py:188} INFO - [2026-06-16T15:39:39.195+0000] {dagbag.py:545} INFO - Filling up the DagBag from /opt/airflow/dags/dag_04_postgres_taxi.py
[2026-06-16T15:39:39.208+0000] {processor.py:840} INFO - DAG(s) '04_postgres_taxi' retrieved from /opt/airflow/dags/dag_04_postgres_taxi.py
[2026-06-16T15:39:39.276+0000] {logging_mixin.py:188} INFO - [2026-06-16T15:39:39.276+0000] {dag.py:3089} INFO - Sync 1 DAGs
[2026-06-16T15:39:39.291+0000] {logging_mixin.py:188} INFO - [2026-06-16T15:39:39.291+0000] {dag.py:3947} INFO - Setting next_dagrun for 04_postgres_taxi to None, run_after=None
[2026-06-16T15:39:39.316+0000] {processor.py:183} INFO - Processing /opt/airflow/dags/dag_04_postgres_taxi.py took 0.133 seconds
[2026-06-16T15:40:09.369+0000] {processor.py:161} INFO - Started process (PID=16073) to work on /opt/airflow/dags/dag_04_postgres_taxi.py
[2026-06-16T15:40:09.370+0000] {processor.py:830} INFO - Processing file /opt/airflow/dags/dag_04_postgres_taxi.py for tasks to queue
[2026-06-16T15:40:09.372+0000] {logging_mixin.py:188} INFO - [2026-06-16T15:40:09.372+0000] {dagbag.py:545} INFO - Filling up the DagBag from /opt/airflow/dags/dag_04_postgres_taxi.py
[2026-06-16T15:40:09.388+0000] {processor.py:840} INFO - DAG(s) '04_postgres_taxi' retrieved from /opt/airflow/dags/dag_04_postgres_taxi.py
[2026-06-16T15:40:09.445+0000] {logging_mixin.py:188} INFO - [2026-06-16T15:40:09.445+0000] {dag.py:3089} INFO - Sync 1 DAGs
[2026-06-16T15:40:09.462+0000] {logging_mixin.py:188} INFO - [2026-06-16T15:40:09.462+0000] {dag.py:3947} INFO - Setting next_dagrun for 04_postgres_taxi to None, run_after=None
[2026-06-16T15:40:09.485+0000] {processor.py:183} INFO - Processing /opt/airflow/dags/dag_04_postgres_taxi.py took 0.125 seconds
[2026-06-16T15:40:39.587+0000] {processor.py:161} INFO - Started process (PID=16113) to work on /opt/airflow/dags/dag_04_postgres_taxi.py
[2026-06-16T15:40:39.589+0000] {processor.py:830} INFO - Processing file /opt/airflow/dags/dag_04_postgres_taxi.py for tasks to queue
[2026-06-16T15:40:39.591+0000] {logging_mixin.py:188} INFO - [2026-06-16T15:40:39.591+0000] {dagbag.py:545} INFO - Filling up the DagBag from /opt/airflow/dags/dag_04_postgres_taxi.py
[2026-06-16T15:40:39.603+0000] {processor.py:840} INFO - DAG(s) '04_postgres_taxi' retrieved from /opt/airflow/dags/dag_04_postgres_taxi.py
[2026-06-16T15:40:39.661+0000] {logging_mixin.py:188} INFO - [2026-06-16T15:40:39.661+0000] {dag.py:3089} INFO - Sync 1 DAGs
[2026-06-16T15:40:39.678+0000] {logging_mixin.py:188} INFO - [2026-06-16T15:40:39.677+0000] {dag.py:3947} INFO - Setting next_dagrun for 04_postgres_taxi to None, run_after=None
[2026-06-16T15:40:39.702+0000] {processor.py:183} INFO - Processing /opt/airflow/dags/dag_04_postgres_taxi.py took 0.123 seconds
[2026-06-16T15:41:10.481+0000] {processor.py:161} INFO - Started process (PID=16153) to work on /opt/airflow/dags/dag_04_postgres_taxi.py
[2026-06-16T15:41:10.491+0000] {processor.py:830} INFO - Processing file /opt/airflow/dags/dag_04_postgres_taxi.py for tasks to queue
[2026-06-16T15:41:10.494+0000] {logging_mixin.py:188} INFO - [2026-06-16T15:41:10.493+0000] {dagbag.py:545} INFO - Filling up the DagBag from /opt/airflow/dags/dag_04_postgres_taxi.py
[2026-06-16T15:41:10.506+0000] {processor.py:840} INFO - DAG(s) '04_postgres_taxi' retrieved from /opt/airflow/dags/dag_04_postgres_taxi.py
[2026-06-16T15:41:10.565+0000] {logging_mixin.py:188} INFO - [2026-06-16T15:41:10.565+0000] {dag.py:3089} INFO - Sync 1 DAGs
[2026-06-16T15:41:10.584+0000] {logging_mixin.py:188} INFO - [2026-06-16T15:41:10.584+0000] {dag.py:3947} INFO - Setting next_dagrun for 04_postgres_taxi to None, run_after=None
[2026-06-16T15:41:10.608+0000] {processor.py:183} INFO - Processing /opt/airflow/dags/dag_04_postgres_taxi.py took 0.136 seconds
[2026-06-16T15:41:40.653+0000] {processor.py:161} INFO - Started process (PID=16193) to work on /opt/airflow/dags/dag_04_postgres_taxi.py
[2026-06-16T15:41:40.654+0000] {processor.py:830} INFO - Processing file /opt/airflow/dags/dag_04_postgres_taxi.py for tasks to queue
[2026-06-16T15:41:40.657+0000] {logging_mixin.py:188} INFO - [2026-06-16T15:41:40.656+0000] {dagbag.py:545} INFO - Filling up the DagBag from /opt/airflow/dags/dag_04_postgres_taxi.py
[2026-06-16T15:41:40.670+0000] {processor.py:840} INFO - DAG(s) '04_postgres_taxi' retrieved from /opt/airflow/dags/dag_04_postgres_taxi.py
[2026-06-16T15:41:40.729+0000] {logging_mixin.py:188} INFO - [2026-06-16T15:41:40.729+0000] {dag.py:3089} INFO - Sync 1 DAGs
[2026-06-16T15:41:40.747+0000] {logging_mixin.py:188} INFO - [2026-06-16T15:41:40.747+0000] {dag.py:3947} INFO - Setting next_dagrun for 04_postgres_taxi to None, run_after=None
[2026-06-16T15:41:40.771+0000] {processor.py:183} INFO - Processing /opt/airflow/dags/dag_04_postgres_taxi.py took 0.129 seconds
[2026-06-16T15:42:10.880+0000] {processor.py:161} INFO - Started process (PID=16233) to work on /opt/airflow/dags/dag_04_postgres_taxi.py
[2026-06-16T15:42:10.882+0000] {processor.py:830} INFO - Processing file /opt/airflow/dags/dag_04_postgres_taxi.py for tasks to queue
[2026-06-16T15:42:10.884+0000] {logging_mixin.py:188} INFO - [2026-06-16T15:42:10.884+0000] {dagbag.py:545} INFO - Filling up the DagBag from /opt/airflow/dags/dag_04_postgres_taxi.py
[2026-06-16T15:42:10.897+0000] {processor.py:840} INFO - DAG(s) '04_postgres_taxi' retrieved from /opt/airflow/dags/dag_04_postgres_taxi.py
[2026-06-16T15:42:10.963+0000] {logging_mixin.py:188} INFO - [2026-06-16T15:42:10.963+0000] {dag.py:3089} INFO - Sync 1 DAGs
[2026-06-16T15:42:10.985+0000] {logging_mixin.py:188} INFO - [2026-06-16T15:42:10.985+0000] {dag.py:3947} INFO - Setting next_dagrun for 04_postgres_taxi to None, run_after=None
[2026-06-16T15:42:11.013+0000] {processor.py:183} INFO - Processing /opt/airflow/dags/dag_04_postgres_taxi.py took 0.143 seconds
[2026-06-16T15:42:41.072+0000] {processor.py:161} INFO - Started process (PID=16273) to work on /opt/airflow/dags/dag_04_postgres_taxi.py
[2026-06-16T15:42:41.074+0000] {processor.py:830} INFO - Processing file /opt/airflow/dags/dag_04_postgres_taxi.py for tasks to queue
[2026-06-16T15:42:41.076+0000] {logging_mixin.py:188} INFO - [2026-06-16T15:42:41.076+0000] {dagbag.py:545} INFO - Filling up the DagBag from /opt/airflow/dags/dag_04_postgres_taxi.py
[2026-06-16T15:42:41.091+0000] {processor.py:840} INFO - DAG(s) '04_postgres_taxi' retrieved from /opt/airflow/dags/dag_04_postgres_taxi.py
[2026-06-16T15:42:41.152+0000] {logging_mixin.py:188} INFO - [2026-06-16T15:42:41.151+0000] {dag.py:3089} INFO - Sync 1 DAGs
[2026-06-16T15:42:41.171+0000] {logging_mixin.py:188} INFO - [2026-06-16T15:42:41.171+0000] {dag.py:3947} INFO - Setting next_dagrun for 04_postgres_taxi to None, run_after=None
[2026-06-16T15:42:41.197+0000] {processor.py:183} INFO - Processing /opt/airflow/dags/dag_04_postgres_taxi.py took 0.136 seconds
[2026-06-16T15:43:11.267+0000] {processor.py:161} INFO - Started process (PID=16313) to work on /opt/airflow/dags/dag_04_postgres_taxi.py
[2026-06-16T15:43:11.270+0000] {processor.py:830} INFO - Processing file /opt/airflow/dags/dag_04_postgres_taxi.py for tasks to queue
[2026-06-16T15:43:11.272+0000] {logging_mixin.py:188} INFO - [2026-06-16T15:43:11.272+0000] {dagbag.py:545} INFO - Filling up the DagBag from /opt/airflow/dags/dag_04_postgres_taxi.py
[2026-06-16T15:43:11.285+0000] {processor.py:840} INFO - DAG(s) '04_postgres_taxi' retrieved from /opt/airflow/dags/dag_04_postgres_taxi.py
[2026-06-16T15:43:11.354+0000] {logging_mixin.py:188} INFO - [2026-06-16T15:43:11.354+0000] {dag.py:3089} INFO - Sync 1 DAGs
[2026-06-16T15:43:11.373+0000] {logging_mixin.py:188} INFO - [2026-06-16T15:43:11.372+0000] {dag.py:3947} INFO - Setting next_dagrun for 04_postgres_taxi to None, run_after=None
[2026-06-16T15:43:11.399+0000] {processor.py:183} INFO - Processing /opt/airflow/dags/dag_04_postgres_taxi.py took 0.140 seconds
[2026-06-16T15:43:42.300+0000] {processor.py:161} INFO - Started process (PID=16353) to work on /opt/airflow/dags/dag_04_postgres_taxi.py
[2026-06-16T15:43:42.300+0000] {processor.py:830} INFO - Processing file /opt/airflow/dags/dag_04_postgres_taxi.py for tasks to queue
[2026-06-16T15:43:42.303+0000] {logging_mixin.py:188} INFO - [2026-06-16T15:43:42.302+0000] {dagbag.py:545} INFO - Filling up the DagBag from /opt/airflow/dags/dag_04_postgres_taxi.py
[2026-06-16T15:43:42.315+0000] {processor.py:840} INFO - DAG(s) '04_postgres_taxi' retrieved from /opt/airflow/dags/dag_04_postgres_taxi.py
[2026-06-16T15:43:42.376+0000] {logging_mixin.py:188} INFO - [2026-06-16T15:43:42.376+0000] {dag.py:3089} INFO - Sync 1 DAGs
[2026-06-16T15:43:42.396+0000] {logging_mixin.py:188} INFO - [2026-06-16T15:43:42.395+0000] {dag.py:3947} INFO - Setting next_dagrun for 04_postgres_taxi to None, run_after=None
[2026-06-16T15:43:42.423+0000] {processor.py:183} INFO - Processing /opt/airflow/dags/dag_04_postgres_taxi.py took 0.132 seconds
[2026-06-16T15:44:12.465+0000] {processor.py:161} INFO - Started process (PID=16393) to work on /opt/airflow/dags/dag_04_postgres_taxi.py
[2026-06-16T15:44:12.467+0000] {processor.py:830} INFO - Processing file /opt/airflow/dags/dag_04_postgres_taxi.py for tasks to queue
[2026-06-16T15:44:12.469+0000] {logging_mixin.py:188} INFO - [2026-06-16T15:44:12.468+0000] {dagbag.py:545} INFO - Filling up the DagBag from /opt/airflow/dags/dag_04_postgres_taxi.py
[2026-06-16T15:44:12.483+0000] {processor.py:840} INFO - DAG(s) '04_postgres_taxi' retrieved from /opt/airflow/dags/dag_04_postgres_taxi.py
[2026-06-16T15:44:12.547+0000] {logging_mixin.py:188} INFO - [2026-06-16T15:44:12.547+0000] {dag.py:3089} INFO - Sync 1 DAGs
[2026-06-16T15:44:12.564+0000] {logging_mixin.py:188} INFO - [2026-06-16T15:44:12.564+0000] {dag.py:3947} INFO - Setting next_dagrun for 04_postgres_taxi to None, run_after=None
[2026-06-16T15:44:12.589+0000] {processor.py:183} INFO - Processing /opt/airflow/dags/dag_04_postgres_taxi.py took 0.135 seconds
[2026-06-16T15:44:43.377+0000] {processor.py:161} INFO - Started process (PID=16433) to work on /opt/airflow/dags/dag_04_postgres_taxi.py
[2026-06-16T15:44:43.378+0000] {processor.py:830} INFO - Processing file /opt/airflow/dags/dag_04_postgres_taxi.py for tasks to queue
[2026-06-16T15:44:43.380+0000] {logging_mixin.py:188} INFO - [2026-06-16T15:44:43.380+0000] {dagbag.py:545} INFO - Filling up the DagBag from /opt/airflow/dags/dag_04_postgres_taxi.py
[2026-06-16T15:44:43.393+0000] {processor.py:840} INFO - DAG(s) '04_postgres_taxi' retrieved from /opt/airflow/dags/dag_04_postgres_taxi.py
[2026-06-16T15:44:43.459+0000] {logging_mixin.py:188} INFO - [2026-06-16T15:44:43.459+0000] {dag.py:3089} INFO - Sync 1 DAGs
[2026-06-16T15:44:43.476+0000] {logging_mixin.py:188} INFO - [2026-06-16T15:44:43.476+0000] {dag.py:3947} INFO - Setting next_dagrun for 04_postgres_taxi to None, run_after=None
[2026-06-16T15:44:43.501+0000] {processor.py:183} INFO - Processing /opt/airflow/dags/dag_04_postgres_taxi.py took 0.134 seconds
[2026-06-16T15:45:13.567+0000] {processor.py:161} INFO - Started process (PID=16473) to work on /opt/airflow/dags/dag_04_postgres_taxi.py
[2026-06-16T15:45:13.578+0000] {processor.py:830} INFO - Processing file /opt/airflow/dags/dag_04_postgres_taxi.py for tasks to queue
[2026-06-16T15:45:13.581+0000] {logging_mixin.py:188} INFO - [2026-06-16T15:45:13.580+0000] {dagbag.py:545} INFO - Filling up the DagBag from /opt/airflow/dags/dag_04_postgres_taxi.py
[2026-06-16T15:45:13.593+0000] {processor.py:840} INFO - DAG(s) '04_postgres_taxi' retrieved from /opt/airflow/dags/dag_04_postgres_taxi.py
[2026-06-16T15:45:13.650+0000] {logging_mixin.py:188} INFO - [2026-06-16T15:45:13.650+0000] {dag.py:3089} INFO - Sync 1 DAGs
[2026-06-16T15:45:13.667+0000] {logging_mixin.py:188} INFO - [2026-06-16T15:45:13.666+0000] {dag.py:3947} INFO - Setting next_dagrun for 04_postgres_taxi to None, run_after=None
[2026-06-16T15:45:13.691+0000] {processor.py:183} INFO - Processing /opt/airflow/dags/dag_04_postgres_taxi.py took 0.133 seconds
[2026-06-16T15:45:43.824+0000] {processor.py:161} INFO - Started process (PID=16518) to work on /opt/airflow/dags/dag_04_postgres_taxi.py
[2026-06-16T15:45:43.825+0000] {processor.py:830} INFO - Processing file /opt/airflow/dags/dag_04_postgres_taxi.py for tasks to queue
[2026-06-16T15:45:43.827+0000] {logging_mixin.py:188} INFO - [2026-06-16T15:45:43.826+0000] {dagbag.py:545} INFO - Filling up the DagBag from /opt/airflow/dags/dag_04_postgres_taxi.py
[2026-06-16T15:45:43.838+0000] {processor.py:840} INFO - DAG(s) '04_postgres_taxi' retrieved from /opt/airflow/dags/dag_04_postgres_taxi.py
[2026-06-16T15:45:43.889+0000] {logging_mixin.py:188} INFO - [2026-06-16T15:45:43.889+0000] {dag.py:3089} INFO - Sync 1 DAGs
[2026-06-16T15:45:43.902+0000] {logging_mixin.py:188} INFO - [2026-06-16T15:45:43.902+0000] {dag.py:3947} INFO - Setting next_dagrun for 04_postgres_taxi to None, run_after=None
[2026-06-16T15:45:43.923+0000] {processor.py:183} INFO - Processing /opt/airflow/dags/dag_04_postgres_taxi.py took 0.106 seconds
[2026-06-16T15:46:14.021+0000] {processor.py:161} INFO - Started process (PID=16558) to work on /opt/airflow/dags/dag_04_postgres_taxi.py
[2026-06-16T15:46:14.023+0000] {processor.py:830} INFO - Processing file /opt/airflow/dags/dag_04_postgres_taxi.py for tasks to queue
[2026-06-16T15:46:14.025+0000] {logging_mixin.py:188} INFO - [2026-06-16T15:46:14.024+0000] {dagbag.py:545} INFO - Filling up the DagBag from /opt/airflow/dags/dag_04_postgres_taxi.py
[2026-06-16T15:46:14.036+0000] {processor.py:840} INFO - DAG(s) '04_postgres_taxi' retrieved from /opt/airflow/dags/dag_04_postgres_taxi.py
[2026-06-16T15:46:14.090+0000] {logging_mixin.py:188} INFO - [2026-06-16T15:46:14.090+0000] {dag.py:3089} INFO - Sync 1 DAGs
[2026-06-16T15:46:14.104+0000] {logging_mixin.py:188} INFO - [2026-06-16T15:46:14.104+0000] {dag.py:3947} INFO - Setting next_dagrun for 04_postgres_taxi to None, run_after=None
[2026-06-16T15:46:14.127+0000] {processor.py:183} INFO - Processing /opt/airflow/dags/dag_04_postgres_taxi.py took 0.113 seconds
[2026-06-16T15:46:44.175+0000] {processor.py:161} INFO - Started process (PID=16598) to work on /opt/airflow/dags/dag_04_postgres_taxi.py
[2026-06-16T15:46:44.175+0000] {processor.py:830} INFO - Processing file /opt/airflow/dags/dag_04_postgres_taxi.py for tasks to queue
[2026-06-16T15:46:44.177+0000] {logging_mixin.py:188} INFO - [2026-06-16T15:46:44.177+0000] {dagbag.py:545} INFO - Filling up the DagBag from /opt/airflow/dags/dag_04_postgres_taxi.py
[2026-06-16T15:46:44.188+0000] {processor.py:840} INFO - DAG(s) '04_postgres_taxi' retrieved from /opt/airflow/dags/dag_04_postgres_taxi.py
[2026-06-16T15:46:44.255+0000] {logging_mixin.py:188} INFO - [2026-06-16T15:46:44.254+0000] {dag.py:3089} INFO - Sync 1 DAGs
[2026-06-16T15:46:44.273+0000] {logging_mixin.py:188} INFO - [2026-06-16T15:46:44.272+0000] {dag.py:3947} INFO - Setting next_dagrun for 04_postgres_taxi to None, run_after=None
[2026-06-16T15:46:44.298+0000] {processor.py:183} INFO - Processing /opt/airflow/dags/dag_04_postgres_taxi.py took 0.130 seconds
[2026-06-16T15:47:14.336+0000] {processor.py:161} INFO - Started process (PID=16638) to work on /opt/airflow/dags/dag_04_postgres_taxi.py
[2026-06-16T15:47:14.338+0000] {processor.py:830} INFO - Processing file /opt/airflow/dags/dag_04_postgres_taxi.py for tasks to queue
[2026-06-16T15:47:14.340+0000] {logging_mixin.py:188} INFO - [2026-06-16T15:47:14.340+0000] {dagbag.py:545} INFO - Filling up the DagBag from /opt/airflow/dags/dag_04_postgres_taxi.py
[2026-06-16T15:47:14.352+0000] {processor.py:840} INFO - DAG(s) '04_postgres_taxi' retrieved from /opt/airflow/dags/dag_04_postgres_taxi.py
[2026-06-16T15:47:14.408+0000] {logging_mixin.py:188} INFO - [2026-06-16T15:47:14.408+0000] {dag.py:3089} INFO - Sync 1 DAGs
[2026-06-16T15:47:14.423+0000] {logging_mixin.py:188} INFO - [2026-06-16T15:47:14.422+0000] {dag.py:3947} INFO - Setting next_dagrun for 04_postgres_taxi to None, run_after=None
[2026-06-16T15:47:14.444+0000] {processor.py:183} INFO - Processing /opt/airflow/dags/dag_04_postgres_taxi.py took 0.114 seconds
[2026-06-16T15:47:45.145+0000] {processor.py:161} INFO - Started process (PID=16673) to work on /opt/airflow/dags/dag_04_postgres_taxi.py
[2026-06-16T15:47:45.146+0000] {processor.py:830} INFO - Processing file /opt/airflow/dags/dag_04_postgres_taxi.py for tasks to queue
[2026-06-16T15:47:45.148+0000] {logging_mixin.py:188} INFO - [2026-06-16T15:47:45.148+0000] {dagbag.py:545} INFO - Filling up the DagBag from /opt/airflow/dags/dag_04_postgres_taxi.py
[2026-06-16T15:47:45.161+0000] {processor.py:840} INFO - DAG(s) '04_postgres_taxi' retrieved from /opt/airflow/dags/dag_04_postgres_taxi.py
[2026-06-16T15:47:45.218+0000] {logging_mixin.py:188} INFO - [2026-06-16T15:47:45.218+0000] {dag.py:3089} INFO - Sync 1 DAGs
[2026-06-16T15:47:45.234+0000] {logging_mixin.py:188} INFO - [2026-06-16T15:47:45.234+0000] {dag.py:3947} INFO - Setting next_dagrun for 04_postgres_taxi to None, run_after=None
[2026-06-16T15:47:45.257+0000] {processor.py:183} INFO - Processing /opt/airflow/dags/dag_04_postgres_taxi.py took 0.121 seconds
[2026-06-16T15:48:15.350+0000] {processor.py:161} INFO - Started process (PID=16713) to work on /opt/airflow/dags/dag_04_postgres_taxi.py
[2026-06-16T15:48:15.353+0000] {processor.py:830} INFO - Processing file /opt/airflow/dags/dag_04_postgres_taxi.py for tasks to queue
[2026-06-16T15:48:15.356+0000] {logging_mixin.py:188} INFO - [2026-06-16T15:48:15.355+0000] {dagbag.py:545} INFO - Filling up the DagBag from /opt/airflow/dags/dag_04_postgres_taxi.py
[2026-06-16T15:48:15.370+0000] {processor.py:840} INFO - DAG(s) '04_postgres_taxi' retrieved from /opt/airflow/dags/dag_04_postgres_taxi.py
[2026-06-16T15:48:15.433+0000] {logging_mixin.py:188} INFO - [2026-06-16T15:48:15.432+0000] {dag.py:3089} INFO - Sync 1 DAGs
[2026-06-16T15:48:15.453+0000] {logging_mixin.py:188} INFO - [2026-06-16T15:48:15.453+0000] {dag.py:3947} INFO - Setting next_dagrun for 04_postgres_taxi to None, run_after=None
[2026-06-16T15:48:15.486+0000] {processor.py:183} INFO - Processing /opt/airflow/dags/dag_04_postgres_taxi.py took 0.146 seconds
[2026-06-16T15:48:45.650+0000] {processor.py:161} INFO - Started process (PID=16758) to work on /opt/airflow/dags/dag_04_postgres_taxi.py
[2026-06-16T15:48:45.652+0000] {processor.py:830} INFO - Processing file /opt/airflow/dags/dag_04_postgres_taxi.py for tasks to queue
[2026-06-16T15:48:45.654+0000] {logging_mixin.py:188} INFO - [2026-06-16T15:48:45.654+0000] {dagbag.py:545} INFO - Filling up the DagBag from /opt/airflow/dags/dag_04_postgres_taxi.py
[2026-06-16T15:48:45.665+0000] {processor.py:840} INFO - DAG(s) '04_postgres_taxi' retrieved from /opt/airflow/dags/dag_04_postgres_taxi.py
[2026-06-16T15:48:45.717+0000] {logging_mixin.py:188} INFO - [2026-06-16T15:48:45.716+0000] {dag.py:3089} INFO - Sync 1 DAGs
[2026-06-16T15:48:45.730+0000] {logging_mixin.py:188} INFO - [2026-06-16T15:48:45.730+0000] {dag.py:3947} INFO - Setting next_dagrun for 04_postgres_taxi to None, run_after=None
[2026-06-16T15:48:45.751+0000] {processor.py:183} INFO - Processing /opt/airflow/dags/dag_04_postgres_taxi.py took 0.107 seconds
[2026-06-16T15:49:15.798+0000] {processor.py:161} INFO - Started process (PID=16798) to work on /opt/airflow/dags/dag_04_postgres_taxi.py
[2026-06-16T15:49:15.799+0000] {processor.py:830} INFO - Processing file /opt/airflow/dags/dag_04_postgres_taxi.py for tasks to queue
[2026-06-16T15:49:15.801+0000] {logging_mixin.py:188} INFO - [2026-06-16T15:49:15.801+0000] {dagbag.py:545} INFO - Filling up the DagBag from /opt/airflow/dags/dag_04_postgres_taxi.py
[2026-06-16T15:49:15.812+0000] {processor.py:840} INFO - DAG(s) '04_postgres_taxi' retrieved from /opt/airflow/dags/dag_04_postgres_taxi.py
[2026-06-16T15:49:15.867+0000] {logging_mixin.py:188} INFO - [2026-06-16T15:49:15.867+0000] {dag.py:3089} INFO - Sync 1 DAGs
[2026-06-16T15:49:15.882+0000] {logging_mixin.py:188} INFO - [2026-06-16T15:49:15.881+0000] {dag.py:3947} INFO - Setting next_dagrun for 04_postgres_taxi to None, run_after=None
[2026-06-16T15:49:15.905+0000] {processor.py:183} INFO - Processing /opt/airflow/dags/dag_04_postgres_taxi.py took 0.114 seconds
[2026-06-16T15:49:46.709+0000] {processor.py:161} INFO - Started process (PID=16833) to work on /opt/airflow/dags/dag_04_postgres_taxi.py
[2026-06-16T15:49:46.711+0000] {processor.py:830} INFO - Processing file /opt/airflow/dags/dag_04_postgres_taxi.py for tasks to queue
[2026-06-16T15:49:46.713+0000] {logging_mixin.py:188} INFO - [2026-06-16T15:49:46.713+0000] {dagbag.py:545} INFO - Filling up the DagBag from /opt/airflow/dags/dag_04_postgres_taxi.py
[2026-06-16T15:49:46.725+0000] {processor.py:840} INFO - DAG(s) '04_postgres_taxi' retrieved from /opt/airflow/dags/dag_04_postgres_taxi.py
[2026-06-16T15:49:46.782+0000] {logging_mixin.py:188} INFO - [2026-06-16T15:49:46.782+0000] {dag.py:3089} INFO - Sync 1 DAGs
[2026-06-16T15:49:46.799+0000] {logging_mixin.py:188} INFO - [2026-06-16T15:49:46.798+0000] {dag.py:3947} INFO - Setting next_dagrun for 04_postgres_taxi to None, run_after=None
[2026-06-16T15:49:46.822+0000] {processor.py:183} INFO - Processing /opt/airflow/dags/dag_04_postgres_taxi.py took 0.123 seconds
[2026-06-16T15:50:17.679+0000] {processor.py:161} INFO - Started process (PID=16873) to work on /opt/airflow/dags/dag_04_postgres_taxi.py
[2026-06-16T15:50:17.680+0000] {processor.py:830} INFO - Processing file /opt/airflow/dags/dag_04_postgres_taxi.py for tasks to queue
[2026-06-16T15:50:17.682+0000] {logging_mixin.py:188} INFO - [2026-06-16T15:50:17.682+0000] {dagbag.py:545} INFO - Filling up the DagBag from /opt/airflow/dags/dag_04_postgres_taxi.py
[2026-06-16T15:50:17.695+0000] {processor.py:840} INFO - DAG(s) '04_postgres_taxi' retrieved from /opt/airflow/dags/dag_04_postgres_taxi.py
[2026-06-16T15:50:17.759+0000] {logging_mixin.py:188} INFO - [2026-06-16T15:50:17.758+0000] {dag.py:3089} INFO - Sync 1 DAGs
[2026-06-16T15:50:17.777+0000] {logging_mixin.py:188} INFO - [2026-06-16T15:50:17.777+0000] {dag.py:3947} INFO - Setting next_dagrun for 04_postgres_taxi to None, run_after=None
[2026-06-16T15:50:17.803+0000] {processor.py:183} INFO - Processing /opt/airflow/dags/dag_04_postgres_taxi.py took 0.135 seconds
[2026-06-16T15:50:48.593+0000] {processor.py:161} INFO - Started process (PID=16913) to work on /opt/airflow/dags/dag_04_postgres_taxi.py
[2026-06-16T15:50:48.595+0000] {processor.py:830} INFO - Processing file /opt/airflow/dags/dag_04_postgres_taxi.py for tasks to queue
[2026-06-16T15:50:48.597+0000] {logging_mixin.py:188} INFO - [2026-06-16T15:50:48.597+0000] {dagbag.py:545} INFO - Filling up the DagBag from /opt/airflow/dags/dag_04_postgres_taxi.py
[2026-06-16T15:50:48.613+0000] {processor.py:840} INFO - DAG(s) '04_postgres_taxi' retrieved from /opt/airflow/dags/dag_04_postgres_taxi.py
[2026-06-16T15:50:48.678+0000] {logging_mixin.py:188} INFO - [2026-06-16T15:50:48.678+0000] {dag.py:3089} INFO - Sync 1 DAGs
[2026-06-16T15:50:48.695+0000] {logging_mixin.py:188} INFO - [2026-06-16T15:50:48.695+0000] {dag.py:3947} INFO - Setting next_dagrun for 04_postgres_taxi to None, run_after=None
[2026-06-16T15:50:48.722+0000] {processor.py:183} INFO - Processing /opt/airflow/dags/dag_04_postgres_taxi.py took 0.139 seconds
[2026-06-16T15:51:19.551+0000] {processor.py:161} INFO - Started process (PID=16953) to work on /opt/airflow/dags/dag_04_postgres_taxi.py
[2026-06-16T15:51:19.552+0000] {processor.py:830} INFO - Processing file /opt/airflow/dags/dag_04_postgres_taxi.py for tasks to queue
[2026-06-16T15:51:19.554+0000] {logging_mixin.py:188} INFO - [2026-06-16T15:51:19.554+0000] {dagbag.py:545} INFO - Filling up the DagBag from /opt/airflow/dags/dag_04_postgres_taxi.py
[2026-06-16T15:51:19.566+0000] {processor.py:840} INFO - DAG(s) '04_postgres_taxi' retrieved from /opt/airflow/dags/dag_04_postgres_taxi.py
[2026-06-16T15:51:19.623+0000] {logging_mixin.py:188} INFO - [2026-06-16T15:51:19.623+0000] {dag.py:3089} INFO - Sync 1 DAGs
[2026-06-16T15:51:19.639+0000] {logging_mixin.py:188} INFO - [2026-06-16T15:51:19.639+0000] {dag.py:3947} INFO - Setting next_dagrun for 04_postgres_taxi to None, run_after=None
[2026-06-16T15:51:19.663+0000] {processor.py:183} INFO - Processing /opt/airflow/dags/dag_04_postgres_taxi.py took 0.121 seconds
[2026-06-16T15:51:50.619+0000] {processor.py:161} INFO - Started process (PID=16993) to work on /opt/airflow/dags/dag_04_postgres_taxi.py
[2026-06-16T15:51:50.621+0000] {processor.py:830} INFO - Processing file /opt/airflow/dags/dag_04_postgres_taxi.py for tasks to queue
[2026-06-16T15:51:50.625+0000] {logging_mixin.py:188} INFO - [2026-06-16T15:51:50.624+0000] {dagbag.py:545} INFO - Filling up the DagBag from /opt/airflow/dags/dag_04_postgres_taxi.py
[2026-06-16T15:51:50.642+0000] {processor.py:840} INFO - DAG(s) '04_postgres_taxi' retrieved from /opt/airflow/dags/dag_04_postgres_taxi.py
[2026-06-16T15:51:50.719+0000] {logging_mixin.py:188} INFO - [2026-06-16T15:51:50.719+0000] {dag.py:3089} INFO - Sync 1 DAGs
[2026-06-16T15:51:50.737+0000] {logging_mixin.py:188} INFO - [2026-06-16T15:51:50.737+0000] {dag.py:3947} INFO - Setting next_dagrun for 04_postgres_taxi to None, run_after=None
[2026-06-16T15:51:50.761+0000] {processor.py:183} INFO - Processing /opt/airflow/dags/dag_04_postgres_taxi.py took 0.158 seconds
[2026-06-16T15:52:20.876+0000] {processor.py:161} INFO - Started process (PID=17036) to work on /opt/airflow/dags/dag_04_postgres_taxi.py
[2026-06-16T15:52:20.877+0000] {processor.py:830} INFO - Processing file /opt/airflow/dags/dag_04_postgres_taxi.py for tasks to queue
[2026-06-16T15:52:20.880+0000] {logging_mixin.py:188} INFO - [2026-06-16T15:52:20.880+0000] {dagbag.py:545} INFO - Filling up the DagBag from /opt/airflow/dags/dag_04_postgres_taxi.py
[2026-06-16T15:52:20.896+0000] {processor.py:840} INFO - DAG(s) '04_postgres_taxi' retrieved from /opt/airflow/dags/dag_04_postgres_taxi.py
[2026-06-16T15:52:20.959+0000] {logging_mixin.py:188} INFO - [2026-06-16T15:52:20.959+0000] {dag.py:3089} INFO - Sync 1 DAGs
[2026-06-16T15:52:20.974+0000] {logging_mixin.py:188} INFO - [2026-06-16T15:52:20.974+0000] {dag.py:3947} INFO - Setting next_dagrun for 04_postgres_taxi to None, run_after=None
[2026-06-16T15:52:20.998+0000] {processor.py:183} INFO - Processing /opt/airflow/dags/dag_04_postgres_taxi.py took 0.132 seconds
[2026-06-16T15:52:51.084+0000] {processor.py:161} INFO - Started process (PID=17078) to work on /opt/airflow/dags/dag_04_postgres_taxi.py
[2026-06-16T15:52:51.085+0000] {processor.py:830} INFO - Processing file /opt/airflow/dags/dag_04_postgres_taxi.py for tasks to queue
[2026-06-16T15:52:51.087+0000] {logging_mixin.py:188} INFO - [2026-06-16T15:52:51.086+0000] {dagbag.py:545} INFO - Filling up the DagBag from /opt/airflow/dags/dag_04_postgres_taxi.py
[2026-06-16T15:52:51.098+0000] {processor.py:840} INFO - DAG(s) '04_postgres_taxi' retrieved from /opt/airflow/dags/dag_04_postgres_taxi.py
[2026-06-16T15:52:51.150+0000] {logging_mixin.py:188} INFO - [2026-06-16T15:52:51.149+0000] {dag.py:3089} INFO - Sync 1 DAGs
[2026-06-16T15:52:51.163+0000] {logging_mixin.py:188} INFO - [2026-06-16T15:52:51.162+0000] {dag.py:3947} INFO - Setting next_dagrun for 04_postgres_taxi to None, run_after=None
[2026-06-16T15:52:51.185+0000] {processor.py:183} INFO - Processing /opt/airflow/dags/dag_04_postgres_taxi.py took 0.108 seconds
[2026-06-16T15:53:21.279+0000] {processor.py:161} INFO - Started process (PID=17118) to work on /opt/airflow/dags/dag_04_postgres_taxi.py
[2026-06-16T15:53:21.280+0000] {processor.py:830} INFO - Processing file /opt/airflow/dags/dag_04_postgres_taxi.py for tasks to queue
[2026-06-16T15:53:21.282+0000] {logging_mixin.py:188} INFO - [2026-06-16T15:53:21.282+0000] {dagbag.py:545} INFO - Filling up the DagBag from /opt/airflow/dags/dag_04_postgres_taxi.py
[2026-06-16T15:53:21.294+0000] {processor.py:840} INFO - DAG(s) '04_postgres_taxi' retrieved from /opt/airflow/dags/dag_04_postgres_taxi.py
[2026-06-16T15:53:21.345+0000] {logging_mixin.py:188} INFO - [2026-06-16T15:53:21.344+0000] {dag.py:3089} INFO - Sync 1 DAGs
[2026-06-16T15:53:21.359+0000] {logging_mixin.py:188} INFO - [2026-06-16T15:53:21.359+0000] {dag.py:3947} INFO - Setting next_dagrun for 04_postgres_taxi to None, run_after=None
[2026-06-16T15:53:21.382+0000] {processor.py:183} INFO - Processing /opt/airflow/dags/dag_04_postgres_taxi.py took 0.110 seconds
[2026-06-16T15:53:51.441+0000] {processor.py:161} INFO - Started process (PID=17156) to work on /opt/airflow/dags/dag_04_postgres_taxi.py
[2026-06-16T15:53:51.442+0000] {processor.py:830} INFO - Processing file /opt/airflow/dags/dag_04_postgres_taxi.py for tasks to queue
[2026-06-16T15:53:51.445+0000] {logging_mixin.py:188} INFO - [2026-06-16T15:53:51.444+0000] {dagbag.py:545} INFO - Filling up the DagBag from /opt/airflow/dags/dag_04_postgres_taxi.py
[2026-06-16T15:53:51.458+0000] {processor.py:840} INFO - DAG(s) '04_postgres_taxi' retrieved from /opt/airflow/dags/dag_04_postgres_taxi.py
[2026-06-16T15:53:51.516+0000] {logging_mixin.py:188} INFO - [2026-06-16T15:53:51.515+0000] {dag.py:3089} INFO - Sync 1 DAGs
[2026-06-16T15:53:51.530+0000] {logging_mixin.py:188} INFO - [2026-06-16T15:53:51.530+0000] {dag.py:3947} INFO - Setting next_dagrun for 04_postgres_taxi to None, run_after=None
[2026-06-16T15:53:51.553+0000] {processor.py:183} INFO - Processing /opt/airflow/dags/dag_04_postgres_taxi.py took 0.122 seconds
[2026-06-16T15:54:21.607+0000] {processor.py:161} INFO - Started process (PID=17196) to work on /opt/airflow/dags/dag_04_postgres_taxi.py
[2026-06-16T15:54:21.609+0000] {processor.py:830} INFO - Processing file /opt/airflow/dags/dag_04_postgres_taxi.py for tasks to queue
[2026-06-16T15:54:21.612+0000] {logging_mixin.py:188} INFO - [2026-06-16T15:54:21.611+0000] {dagbag.py:545} INFO - Filling up the DagBag from /opt/airflow/dags/dag_04_postgres_taxi.py
[2026-06-16T15:54:21.630+0000] {processor.py:840} INFO - DAG(s) '04_postgres_taxi' retrieved from /opt/airflow/dags/dag_04_postgres_taxi.py
[2026-06-16T15:54:21.687+0000] {logging_mixin.py:188} INFO - [2026-06-16T15:54:21.687+0000] {dag.py:3089} INFO - Sync 1 DAGs
[2026-06-16T15:54:21.701+0000] {logging_mixin.py:188} INFO - [2026-06-16T15:54:21.701+0000] {dag.py:3947} INFO - Setting next_dagrun for 04_postgres_taxi to None, run_after=None
[2026-06-16T15:54:21.724+0000] {processor.py:183} INFO - Processing /opt/airflow/dags/dag_04_postgres_taxi.py took 0.126 seconds
[2026-06-16T15:54:51.796+0000] {processor.py:161} INFO - Started process (PID=17233) to work on /opt/airflow/dags/dag_04_postgres_taxi.py
[2026-06-16T15:54:51.797+0000] {processor.py:830} INFO - Processing file /opt/airflow/dags/dag_04_postgres_taxi.py for tasks to queue
[2026-06-16T15:54:51.799+0000] {logging_mixin.py:188} INFO - [2026-06-16T15:54:51.798+0000] {dagbag.py:545} INFO - Filling up the DagBag from /opt/airflow/dags/dag_04_postgres_taxi.py
[2026-06-16T15:54:51.813+0000] {processor.py:840} INFO - DAG(s) '04_postgres_taxi' retrieved from /opt/airflow/dags/dag_04_postgres_taxi.py
[2026-06-16T15:54:51.870+0000] {logging_mixin.py:188} INFO - [2026-06-16T15:54:51.869+0000] {dag.py:3089} INFO - Sync 1 DAGs
[2026-06-16T15:54:51.886+0000] {logging_mixin.py:188} INFO - [2026-06-16T15:54:51.886+0000] {dag.py:3947} INFO - Setting next_dagrun for 04_postgres_taxi to None, run_after=None
[2026-06-16T15:54:51.911+0000] {processor.py:183} INFO - Processing /opt/airflow/dags/dag_04_postgres_taxi.py took 0.126 seconds
[2026-06-16T15:55:22.678+0000] {processor.py:161} INFO - Started process (PID=17273) to work on /opt/airflow/dags/dag_04_postgres_taxi.py
[2026-06-16T15:55:22.688+0000] {processor.py:830} INFO - Processing file /opt/airflow/dags/dag_04_postgres_taxi.py for tasks to queue
[2026-06-16T15:55:22.690+0000] {logging_mixin.py:188} INFO - [2026-06-16T15:55:22.690+0000] {dagbag.py:545} INFO - Filling up the DagBag from /opt/airflow/dags/dag_04_postgres_taxi.py
[2026-06-16T15:55:22.702+0000] {processor.py:840} INFO - DAG(s) '04_postgres_taxi' retrieved from /opt/airflow/dags/dag_04_postgres_taxi.py
[2026-06-16T15:55:22.760+0000] {logging_mixin.py:188} INFO - [2026-06-16T15:55:22.759+0000] {dag.py:3089} INFO - Sync 1 DAGs
[2026-06-16T15:55:22.778+0000] {logging_mixin.py:188} INFO - [2026-06-16T15:55:22.777+0000] {dag.py:3947} INFO - Setting next_dagrun for 04_postgres_taxi to None, run_after=None
[2026-06-16T15:55:22.801+0000] {processor.py:183} INFO - Processing /opt/airflow/dags/dag_04_postgres_taxi.py took 0.131 seconds
[2026-06-16T15:55:52.890+0000] {processor.py:161} INFO - Started process (PID=17313) to work on /opt/airflow/dags/dag_04_postgres_taxi.py
[2026-06-16T15:55:52.891+0000] {processor.py:830} INFO - Processing file /opt/airflow/dags/dag_04_postgres_taxi.py for tasks to queue
[2026-06-16T15:55:52.893+0000] {logging_mixin.py:188} INFO - [2026-06-16T15:55:52.893+0000] {dagbag.py:545} INFO - Filling up the DagBag from /opt/airflow/dags/dag_04_postgres_taxi.py
[2026-06-16T15:55:52.905+0000] {processor.py:840} INFO - DAG(s) '04_postgres_taxi' retrieved from /opt/airflow/dags/dag_04_postgres_taxi.py
[2026-06-16T15:55:52.966+0000] {logging_mixin.py:188} INFO - [2026-06-16T15:55:52.966+0000] {dag.py:3089} INFO - Sync 1 DAGs
[2026-06-16T15:55:52.983+0000] {logging_mixin.py:188} INFO - [2026-06-16T15:55:52.983+0000] {dag.py:3947} INFO - Setting next_dagrun for 04_postgres_taxi to None, run_after=None
[2026-06-16T15:55:53.009+0000] {processor.py:183} INFO - Processing /opt/airflow/dags/dag_04_postgres_taxi.py took 0.129 seconds
[2026-06-16T15:56:23.083+0000] {processor.py:161} INFO - Started process (PID=17353) to work on /opt/airflow/dags/dag_04_postgres_taxi.py
[2026-06-16T15:56:23.092+0000] {processor.py:830} INFO - Processing file /opt/airflow/dags/dag_04_postgres_taxi.py for tasks to queue
[2026-06-16T15:56:23.095+0000] {logging_mixin.py:188} INFO - [2026-06-16T15:56:23.094+0000] {dagbag.py:545} INFO - Filling up the DagBag from /opt/airflow/dags/dag_04_postgres_taxi.py
[2026-06-16T15:56:23.106+0000] {processor.py:840} INFO - DAG(s) '04_postgres_taxi' retrieved from /opt/airflow/dags/dag_04_postgres_taxi.py
[2026-06-16T15:56:23.164+0000] {logging_mixin.py:188} INFO - [2026-06-16T15:56:23.163+0000] {dag.py:3089} INFO - Sync 1 DAGs
[2026-06-16T15:56:23.182+0000] {logging_mixin.py:188} INFO - [2026-06-16T15:56:23.181+0000] {dag.py:3947} INFO - Setting next_dagrun for 04_postgres_taxi to None, run_after=None
[2026-06-16T15:56:23.205+0000] {processor.py:183} INFO - Processing /opt/airflow/dags/dag_04_postgres_taxi.py took 0.132 seconds
[2026-06-16T15:56:53.248+0000] {processor.py:161} INFO - Started process (PID=17393) to work on /opt/airflow/dags/dag_04_postgres_taxi.py
[2026-06-16T15:56:53.249+0000] {processor.py:830} INFO - Processing file /opt/airflow/dags/dag_04_postgres_taxi.py for tasks to queue
[2026-06-16T15:56:53.251+0000] {logging_mixin.py:188} INFO - [2026-06-16T15:56:53.251+0000] {dagbag.py:545} INFO - Filling up the DagBag from /opt/airflow/dags/dag_04_postgres_taxi.py
[2026-06-16T15:56:53.264+0000] {processor.py:840} INFO - DAG(s) '04_postgres_taxi' retrieved from /opt/airflow/dags/dag_04_postgres_taxi.py
[2026-06-16T15:56:53.325+0000] {logging_mixin.py:188} INFO - [2026-06-16T15:56:53.325+0000] {dag.py:3089} INFO - Sync 1 DAGs
[2026-06-16T15:56:53.343+0000] {logging_mixin.py:188} INFO - [2026-06-16T15:56:53.343+0000] {dag.py:3947} INFO - Setting next_dagrun for 04_postgres_taxi to None, run_after=None
[2026-06-16T15:56:53.368+0000] {processor.py:183} INFO - Processing /opt/airflow/dags/dag_04_postgres_taxi.py took 0.130 seconds
[2026-06-16T15:57:23.434+0000] {processor.py:161} INFO - Started process (PID=17433) to work on /opt/airflow/dags/dag_04_postgres_taxi.py
[2026-06-16T15:57:23.441+0000] {processor.py:830} INFO - Processing file /opt/airflow/dags/dag_04_postgres_taxi.py for tasks to queue
[2026-06-16T15:57:23.444+0000] {logging_mixin.py:188} INFO - [2026-06-16T15:57:23.444+0000] {dagbag.py:545} INFO - Filling up the DagBag from /opt/airflow/dags/dag_04_postgres_taxi.py
[2026-06-16T15:57:23.460+0000] {processor.py:840} INFO - DAG(s) '04_postgres_taxi' retrieved from /opt/airflow/dags/dag_04_postgres_taxi.py
[2026-06-16T15:57:23.534+0000] {logging_mixin.py:188} INFO - [2026-06-16T15:57:23.534+0000] {dag.py:3089} INFO - Sync 1 DAGs
[2026-06-16T15:57:23.555+0000] {logging_mixin.py:188} INFO - [2026-06-16T15:57:23.555+0000] {dag.py:3947} INFO - Setting next_dagrun for 04_postgres_taxi to None, run_after=None
[2026-06-16T15:57:23.582+0000] {processor.py:183} INFO - Processing /opt/airflow/dags/dag_04_postgres_taxi.py took 0.160 seconds
[2026-06-16T15:57:54.497+0000] {processor.py:161} INFO - Started process (PID=17473) to work on /opt/airflow/dags/dag_04_postgres_taxi.py
[2026-06-16T15:57:54.498+0000] {processor.py:830} INFO - Processing file /opt/airflow/dags/dag_04_postgres_taxi.py for tasks to queue
[2026-06-16T15:57:54.500+0000] {logging_mixin.py:188} INFO - [2026-06-16T15:57:54.500+0000] {dagbag.py:545} INFO - Filling up the DagBag from /opt/airflow/dags/dag_04_postgres_taxi.py
[2026-06-16T15:57:54.512+0000] {processor.py:840} INFO - DAG(s) '04_postgres_taxi' retrieved from /opt/airflow/dags/dag_04_postgres_taxi.py
[2026-06-16T15:57:54.572+0000] {logging_mixin.py:188} INFO - [2026-06-16T15:57:54.572+0000] {dag.py:3089} INFO - Sync 1 DAGs
[2026-06-16T15:57:54.589+0000] {logging_mixin.py:188} INFO - [2026-06-16T15:57:54.589+0000] {dag.py:3947} INFO - Setting next_dagrun for 04_postgres_taxi to None, run_after=None
[2026-06-16T15:57:54.615+0000] {processor.py:183} INFO - Processing /opt/airflow/dags/dag_04_postgres_taxi.py took 0.129 seconds
[2026-06-16T15:58:24.718+0000] {processor.py:161} INFO - Started process (PID=17513) to work on /opt/airflow/dags/dag_04_postgres_taxi.py
[2026-06-16T15:58:24.728+0000] {processor.py:830} INFO - Processing file /opt/airflow/dags/dag_04_postgres_taxi.py for tasks to queue
[2026-06-16T15:58:24.730+0000] {logging_mixin.py:188} INFO - [2026-06-16T15:58:24.730+0000] {dagbag.py:545} INFO - Filling up the DagBag from /opt/airflow/dags/dag_04_postgres_taxi.py
[2026-06-16T15:58:24.742+0000] {processor.py:840} INFO - DAG(s) '04_postgres_taxi' retrieved from /opt/airflow/dags/dag_04_postgres_taxi.py
[2026-06-16T15:58:24.802+0000] {logging_mixin.py:188} INFO - [2026-06-16T15:58:24.801+0000] {dag.py:3089} INFO - Sync 1 DAGs
[2026-06-16T15:58:24.820+0000] {logging_mixin.py:188} INFO - [2026-06-16T15:58:24.820+0000] {dag.py:3947} INFO - Setting next_dagrun for 04_postgres_taxi to None, run_after=None
[2026-06-16T15:58:24.845+0000] {processor.py:183} INFO - Processing /opt/airflow/dags/dag_04_postgres_taxi.py took 0.135 seconds
[2026-06-16T15:58:54.932+0000] {processor.py:161} INFO - Started process (PID=17553) to work on /opt/airflow/dags/dag_04_postgres_taxi.py
[2026-06-16T15:58:54.934+0000] {processor.py:830} INFO - Processing file /opt/airflow/dags/dag_04_postgres_taxi.py for tasks to queue
[2026-06-16T15:58:54.936+0000] {logging_mixin.py:188} INFO - [2026-06-16T15:58:54.935+0000] {dagbag.py:545} INFO - Filling up the DagBag from /opt/airflow/dags/dag_04_postgres_taxi.py
[2026-06-16T15:58:54.948+0000] {processor.py:840} INFO - DAG(s) '04_postgres_taxi' retrieved from /opt/airflow/dags/dag_04_postgres_taxi.py
[2026-06-16T15:58:55.005+0000] {logging_mixin.py:188} INFO - [2026-06-16T15:58:55.005+0000] {dag.py:3089} INFO - Sync 1 DAGs
[2026-06-16T15:58:55.023+0000] {logging_mixin.py:188} INFO - [2026-06-16T15:58:55.022+0000] {dag.py:3947} INFO - Setting next_dagrun for 04_postgres_taxi to None, run_after=None
[2026-06-16T15:58:55.050+0000] {processor.py:183} INFO - Processing /opt/airflow/dags/dag_04_postgres_taxi.py took 0.127 seconds
[2026-06-16T15:59:25.143+0000] {processor.py:161} INFO - Started process (PID=17593) to work on /opt/airflow/dags/dag_04_postgres_taxi.py
[2026-06-16T15:59:25.145+0000] {processor.py:830} INFO - Processing file /opt/airflow/dags/dag_04_postgres_taxi.py for tasks to queue
[2026-06-16T15:59:25.147+0000] {logging_mixin.py:188} INFO - [2026-06-16T15:59:25.146+0000] {dagbag.py:545} INFO - Filling up the DagBag from /opt/airflow/dags/dag_04_postgres_taxi.py
[2026-06-16T15:59:25.159+0000] {processor.py:840} INFO - DAG(s) '04_postgres_taxi' retrieved from /opt/airflow/dags/dag_04_postgres_taxi.py
[2026-06-16T15:59:25.223+0000] {logging_mixin.py:188} INFO - [2026-06-16T15:59:25.223+0000] {dag.py:3089} INFO - Sync 1 DAGs
[2026-06-16T15:59:25.241+0000] {logging_mixin.py:188} INFO - [2026-06-16T15:59:25.241+0000] {dag.py:3947} INFO - Setting next_dagrun for 04_postgres_taxi to None, run_after=None
[2026-06-16T15:59:25.268+0000] {processor.py:183} INFO - Processing /opt/airflow/dags/dag_04_postgres_taxi.py took 0.136 seconds
[2026-06-16T15:59:55.366+0000] {processor.py:161} INFO - Started process (PID=17633) to work on /opt/airflow/dags/dag_04_postgres_taxi.py
[2026-06-16T15:59:55.367+0000] {processor.py:830} INFO - Processing file /opt/airflow/dags/dag_04_postgres_taxi.py for tasks to queue
[2026-06-16T15:59:55.369+0000] {logging_mixin.py:188} INFO - [2026-06-16T15:59:55.368+0000] {dagbag.py:545} INFO - Filling up the DagBag from /opt/airflow/dags/dag_04_postgres_taxi.py
[2026-06-16T15:59:55.385+0000] {processor.py:840} INFO - DAG(s) '04_postgres_taxi' retrieved from /opt/airflow/dags/dag_04_postgres_taxi.py
[2026-06-16T15:59:55.464+0000] {logging_mixin.py:188} INFO - [2026-06-16T15:59:55.464+0000] {dag.py:3089} INFO - Sync 1 DAGs
[2026-06-16T15:59:55.485+0000] {logging_mixin.py:188} INFO - [2026-06-16T15:59:55.484+0000] {dag.py:3947} INFO - Setting next_dagrun for 04_postgres_taxi to None, run_after=None
[2026-06-16T15:59:55.515+0000] {processor.py:183} INFO - Processing /opt/airflow/dags/dag_04_postgres_taxi.py took 0.158 seconds
[2026-06-16T16:00:25.569+0000] {processor.py:161} INFO - Started process (PID=17673) to work on /opt/airflow/dags/dag_04_postgres_taxi.py
[2026-06-16T16:00:25.570+0000] {processor.py:830} INFO - Processing file /opt/airflow/dags/dag_04_postgres_taxi.py for tasks to queue
[2026-06-16T16:00:25.572+0000] {logging_mixin.py:188} INFO - [2026-06-16T16:00:25.572+0000] {dagbag.py:545} INFO - Filling up the DagBag from /opt/airflow/dags/dag_04_postgres_taxi.py
[2026-06-16T16:00:25.585+0000] {processor.py:840} INFO - DAG(s) '04_postgres_taxi' retrieved from /opt/airflow/dags/dag_04_postgres_taxi.py
[2026-06-16T16:00:25.645+0000] {logging_mixin.py:188} INFO - [2026-06-16T16:00:25.645+0000] {dag.py:3089} INFO - Sync 1 DAGs
[2026-06-16T16:00:25.663+0000] {logging_mixin.py:188} INFO - [2026-06-16T16:00:25.663+0000] {dag.py:3947} INFO - Setting next_dagrun for 04_postgres_taxi to None, run_after=None
[2026-06-16T16:00:25.688+0000] {processor.py:183} INFO - Processing /opt/airflow/dags/dag_04_postgres_taxi.py took 0.130 seconds
[2026-06-16T16:00:55.726+0000] {processor.py:161} INFO - Started process (PID=17713) to work on /opt/airflow/dags/dag_04_postgres_taxi.py
[2026-06-16T16:00:55.727+0000] {processor.py:830} INFO - Processing file /opt/airflow/dags/dag_04_postgres_taxi.py for tasks to queue
[2026-06-16T16:00:55.729+0000] {logging_mixin.py:188} INFO - [2026-06-16T16:00:55.729+0000] {dagbag.py:545} INFO - Filling up the DagBag from /opt/airflow/dags/dag_04_postgres_taxi.py
[2026-06-16T16:00:55.741+0000] {processor.py:840} INFO - DAG(s) '04_postgres_taxi' retrieved from /opt/airflow/dags/dag_04_postgres_taxi.py
[2026-06-16T16:00:55.798+0000] {logging_mixin.py:188} INFO - [2026-06-16T16:00:55.798+0000] {dag.py:3089} INFO - Sync 1 DAGs
[2026-06-16T16:00:55.814+0000] {logging_mixin.py:188} INFO - [2026-06-16T16:00:55.814+0000] {dag.py:3947} INFO - Setting next_dagrun for 04_postgres_taxi to None, run_after=None
[2026-06-16T16:00:55.838+0000] {processor.py:183} INFO - Processing /opt/airflow/dags/dag_04_postgres_taxi.py took 0.121 seconds
[2026-06-16T16:01:25.894+0000] {processor.py:161} INFO - Started process (PID=17753) to work on /opt/airflow/dags/dag_04_postgres_taxi.py
[2026-06-16T16:01:25.904+0000] {processor.py:830} INFO - Processing file /opt/airflow/dags/dag_04_postgres_taxi.py for tasks to queue
[2026-06-16T16:01:25.906+0000] {logging_mixin.py:188} INFO - [2026-06-16T16:01:25.906+0000] {dagbag.py:545} INFO - Filling up the DagBag from /opt/airflow/dags/dag_04_postgres_taxi.py
[2026-06-16T16:01:25.918+0000] {processor.py:840} INFO - DAG(s) '04_postgres_taxi' retrieved from /opt/airflow/dags/dag_04_postgres_taxi.py
[2026-06-16T16:01:25.974+0000] {logging_mixin.py:188} INFO - [2026-06-16T16:01:25.974+0000] {dag.py:3089} INFO - Sync 1 DAGs
[2026-06-16T16:01:25.991+0000] {logging_mixin.py:188} INFO - [2026-06-16T16:01:25.991+0000] {dag.py:3947} INFO - Setting next_dagrun for 04_postgres_taxi to None, run_after=None
[2026-06-16T16:01:26.016+0000] {processor.py:183} INFO - Processing /opt/airflow/dags/dag_04_postgres_taxi.py took 0.130 seconds
[2026-06-16T16:01:56.078+0000] {processor.py:161} INFO - Started process (PID=17793) to work on /opt/airflow/dags/dag_04_postgres_taxi.py
[2026-06-16T16:01:56.079+0000] {processor.py:830} INFO - Processing file /opt/airflow/dags/dag_04_postgres_taxi.py for tasks to queue
[2026-06-16T16:01:56.082+0000] {logging_mixin.py:188} INFO - [2026-06-16T16:01:56.081+0000] {dagbag.py:545} INFO - Filling up the DagBag from /opt/airflow/dags/dag_04_postgres_taxi.py
[2026-06-16T16:01:56.097+0000] {processor.py:840} INFO - DAG(s) '04_postgres_taxi' retrieved from /opt/airflow/dags/dag_04_postgres_taxi.py
[2026-06-16T16:01:56.176+0000] {logging_mixin.py:188} INFO - [2026-06-16T16:01:56.176+0000] {dag.py:3089} INFO - Sync 1 DAGs
[2026-06-16T16:01:56.201+0000] {logging_mixin.py:188} INFO - [2026-06-16T16:01:56.200+0000] {dag.py:3947} INFO - Setting next_dagrun for 04_postgres_taxi to None, run_after=None
[2026-06-16T16:01:56.234+0000] {processor.py:183} INFO - Processing /opt/airflow/dags/dag_04_postgres_taxi.py took 0.167 seconds
[2026-06-16T16:02:26.384+0000] {processor.py:161} INFO - Started process (PID=17838) to work on /opt/airflow/dags/dag_04_postgres_taxi.py
[2026-06-16T16:02:26.385+0000] {processor.py:830} INFO - Processing file /opt/airflow/dags/dag_04_postgres_taxi.py for tasks to queue
[2026-06-16T16:02:26.387+0000] {logging_mixin.py:188} INFO - [2026-06-16T16:02:26.387+0000] {dagbag.py:545} INFO - Filling up the DagBag from /opt/airflow/dags/dag_04_postgres_taxi.py
[2026-06-16T16:02:26.399+0000] {processor.py:840} INFO - DAG(s) '04_postgres_taxi' retrieved from /opt/airflow/dags/dag_04_postgres_taxi.py
[2026-06-16T16:02:26.450+0000] {logging_mixin.py:188} INFO - [2026-06-16T16:02:26.450+0000] {dag.py:3089} INFO - Sync 1 DAGs
[2026-06-16T16:02:26.463+0000] {logging_mixin.py:188} INFO - [2026-06-16T16:02:26.463+0000] {dag.py:3947} INFO - Setting next_dagrun for 04_postgres_taxi to None, run_after=None
[2026-06-16T16:02:26.486+0000] {processor.py:183} INFO - Processing /opt/airflow/dags/dag_04_postgres_taxi.py took 0.109 seconds
[2026-06-16T16:02:56.521+0000] {processor.py:161} INFO - Started process (PID=17878) to work on /opt/airflow/dags/dag_04_postgres_taxi.py
[2026-06-16T16:02:56.522+0000] {processor.py:830} INFO - Processing file /opt/airflow/dags/dag_04_postgres_taxi.py for tasks to queue
[2026-06-16T16:02:56.524+0000] {logging_mixin.py:188} INFO - [2026-06-16T16:02:56.523+0000] {dagbag.py:545} INFO - Filling up the DagBag from /opt/airflow/dags/dag_04_postgres_taxi.py
[2026-06-16T16:02:56.535+0000] {processor.py:840} INFO - DAG(s) '04_postgres_taxi' retrieved from /opt/airflow/dags/dag_04_postgres_taxi.py
[2026-06-16T16:02:56.587+0000] {logging_mixin.py:188} INFO - [2026-06-16T16:02:56.587+0000] {dag.py:3089} INFO - Sync 1 DAGs
[2026-06-16T16:02:56.600+0000] {logging_mixin.py:188} INFO - [2026-06-16T16:02:56.600+0000] {dag.py:3947} INFO - Setting next_dagrun for 04_postgres_taxi to None, run_after=None
[2026-06-16T16:02:56.620+0000] {processor.py:183} INFO - Processing /opt/airflow/dags/dag_04_postgres_taxi.py took 0.107 seconds
[2026-06-16T16:03:27.443+0000] {processor.py:161} INFO - Started process (PID=17913) to work on /opt/airflow/dags/dag_04_postgres_taxi.py
[2026-06-16T16:03:27.444+0000] {processor.py:830} INFO - Processing file /opt/airflow/dags/dag_04_postgres_taxi.py for tasks to queue
[2026-06-16T16:03:27.446+0000] {logging_mixin.py:188} INFO - [2026-06-16T16:03:27.446+0000] {dagbag.py:545} INFO - Filling up the DagBag from /opt/airflow/dags/dag_04_postgres_taxi.py
[2026-06-16T16:03:27.459+0000] {processor.py:840} INFO - DAG(s) '04_postgres_taxi' retrieved from /opt/airflow/dags/dag_04_postgres_taxi.py
[2026-06-16T16:03:27.519+0000] {logging_mixin.py:188} INFO - [2026-06-16T16:03:27.519+0000] {dag.py:3089} INFO - Sync 1 DAGs
[2026-06-16T16:03:27.538+0000] {logging_mixin.py:188} INFO - [2026-06-16T16:03:27.538+0000] {dag.py:3947} INFO - Setting next_dagrun for 04_postgres_taxi to None, run_after=None
[2026-06-16T16:03:27.564+0000] {processor.py:183} INFO - Processing /opt/airflow/dags/dag_04_postgres_taxi.py took 0.130 seconds
[2026-06-16T16:03:58.423+0000] {processor.py:161} INFO - Started process (PID=17953) to work on /opt/airflow/dags/dag_04_postgres_taxi.py
[2026-06-16T16:03:58.425+0000] {processor.py:830} INFO - Processing file /opt/airflow/dags/dag_04_postgres_taxi.py for tasks to queue
[2026-06-16T16:03:58.428+0000] {logging_mixin.py:188} INFO - [2026-06-16T16:03:58.427+0000] {dagbag.py:545} INFO - Filling up the DagBag from /opt/airflow/dags/dag_04_postgres_taxi.py
[2026-06-16T16:03:58.442+0000] {processor.py:840} INFO - DAG(s) '04_postgres_taxi' retrieved from /opt/airflow/dags/dag_04_postgres_taxi.py
[2026-06-16T16:03:58.508+0000] {logging_mixin.py:188} INFO - [2026-06-16T16:03:58.507+0000] {dag.py:3089} INFO - Sync 1 DAGs
[2026-06-16T16:03:58.523+0000] {logging_mixin.py:188} INFO - [2026-06-16T16:03:58.523+0000] {dag.py:3947} INFO - Setting next_dagrun for 04_postgres_taxi to None, run_after=None
[2026-06-16T16:03:58.551+0000] {processor.py:183} INFO - Processing /opt/airflow/dags/dag_04_postgres_taxi.py took 0.138 seconds
[2026-06-16T16:04:29.431+0000] {processor.py:161} INFO - Started process (PID=17993) to work on /opt/airflow/dags/dag_04_postgres_taxi.py
[2026-06-16T16:04:29.432+0000] {processor.py:830} INFO - Processing file /opt/airflow/dags/dag_04_postgres_taxi.py for tasks to queue
[2026-06-16T16:04:29.434+0000] {logging_mixin.py:188} INFO - [2026-06-16T16:04:29.434+0000] {dagbag.py:545} INFO - Filling up the DagBag from /opt/airflow/dags/dag_04_postgres_taxi.py
[2026-06-16T16:04:29.449+0000] {processor.py:840} INFO - DAG(s) '04_postgres_taxi' retrieved from /opt/airflow/dags/dag_04_postgres_taxi.py
[2026-06-16T16:04:29.507+0000] {logging_mixin.py:188} INFO - [2026-06-16T16:04:29.506+0000] {dag.py:3089} INFO - Sync 1 DAGs
[2026-06-16T16:04:29.526+0000] {logging_mixin.py:188} INFO - [2026-06-16T16:04:29.526+0000] {dag.py:3947} INFO - Setting next_dagrun for 04_postgres_taxi to None, run_after=None
[2026-06-16T16:04:29.552+0000] {processor.py:183} INFO - Processing /opt/airflow/dags/dag_04_postgres_taxi.py took 0.131 seconds
[2026-06-16T16:05:00.378+0000] {processor.py:161} INFO - Started process (PID=18033) to work on /opt/airflow/dags/dag_04_postgres_taxi.py
[2026-06-16T16:05:00.380+0000] {processor.py:830} INFO - Processing file /opt/airflow/dags/dag_04_postgres_taxi.py for tasks to queue
[2026-06-16T16:05:00.382+0000] {logging_mixin.py:188} INFO - [2026-06-16T16:05:00.382+0000] {dagbag.py:545} INFO - Filling up the DagBag from /opt/airflow/dags/dag_04_postgres_taxi.py
[2026-06-16T16:05:00.395+0000] {processor.py:840} INFO - DAG(s) '04_postgres_taxi' retrieved from /opt/airflow/dags/dag_04_postgres_taxi.py
[2026-06-16T16:05:00.457+0000] {logging_mixin.py:188} INFO - [2026-06-16T16:05:00.457+0000] {dag.py:3089} INFO - Sync 1 DAGs
[2026-06-16T16:05:00.474+0000] {logging_mixin.py:188} INFO - [2026-06-16T16:05:00.474+0000] {dag.py:3947} INFO - Setting next_dagrun for 04_postgres_taxi to None, run_after=None
[2026-06-16T16:05:00.500+0000] {processor.py:183} INFO - Processing /opt/airflow/dags/dag_04_postgres_taxi.py took 0.130 seconds
[2026-06-16T16:05:30.539+0000] {processor.py:161} INFO - Started process (PID=18073) to work on /opt/airflow/dags/dag_04_postgres_taxi.py
[2026-06-16T16:05:30.540+0000] {processor.py:830} INFO - Processing file /opt/airflow/dags/dag_04_postgres_taxi.py for tasks to queue
[2026-06-16T16:05:30.543+0000] {logging_mixin.py:188} INFO - [2026-06-16T16:05:30.542+0000] {dagbag.py:545} INFO - Filling up the DagBag from /opt/airflow/dags/dag_04_postgres_taxi.py
[2026-06-16T16:05:30.560+0000] {processor.py:840} INFO - DAG(s) '04_postgres_taxi' retrieved from /opt/airflow/dags/dag_04_postgres_taxi.py
[2026-06-16T16:05:30.639+0000] {logging_mixin.py:188} INFO - [2026-06-16T16:05:30.639+0000] {dag.py:3089} INFO - Sync 1 DAGs
[2026-06-16T16:05:30.657+0000] {logging_mixin.py:188} INFO - [2026-06-16T16:05:30.656+0000] {dag.py:3947} INFO - Setting next_dagrun for 04_postgres_taxi to None, run_after=None
[2026-06-16T16:05:30.685+0000] {processor.py:183} INFO - Processing /opt/airflow/dags/dag_04_postgres_taxi.py took 0.156 seconds
[2026-06-16T16:06:00.726+0000] {processor.py:161} INFO - Started process (PID=18113) to work on /opt/airflow/dags/dag_04_postgres_taxi.py
[2026-06-16T16:06:00.736+0000] {processor.py:830} INFO - Processing file /opt/airflow/dags/dag_04_postgres_taxi.py for tasks to queue
[2026-06-16T16:06:00.739+0000] {logging_mixin.py:188} INFO - [2026-06-16T16:06:00.738+0000] {dagbag.py:545} INFO - Filling up the DagBag from /opt/airflow/dags/dag_04_postgres_taxi.py
[2026-06-16T16:06:00.750+0000] {processor.py:840} INFO - DAG(s) '04_postgres_taxi' retrieved from /opt/airflow/dags/dag_04_postgres_taxi.py
[2026-06-16T16:06:00.811+0000] {logging_mixin.py:188} INFO - [2026-06-16T16:06:00.811+0000] {dag.py:3089} INFO - Sync 1 DAGs
[2026-06-16T16:06:00.832+0000] {logging_mixin.py:188} INFO - [2026-06-16T16:06:00.831+0000] {dag.py:3947} INFO - Setting next_dagrun for 04_postgres_taxi to None, run_after=None
[2026-06-16T16:06:00.859+0000] {processor.py:183} INFO - Processing /opt/airflow/dags/dag_04_postgres_taxi.py took 0.142 seconds
[2026-06-16T16:06:31.017+0000] {processor.py:161} INFO - Started process (PID=18158) to work on /opt/airflow/dags/dag_04_postgres_taxi.py
[2026-06-16T16:06:31.018+0000] {processor.py:830} INFO - Processing file /opt/airflow/dags/dag_04_postgres_taxi.py for tasks to queue
[2026-06-16T16:06:31.020+0000] {logging_mixin.py:188} INFO - [2026-06-16T16:06:31.020+0000] {dagbag.py:545} INFO - Filling up the DagBag from /opt/airflow/dags/dag_04_postgres_taxi.py
[2026-06-16T16:06:31.036+0000] {processor.py:840} INFO - DAG(s) '04_postgres_taxi' retrieved from /opt/airflow/dags/dag_04_postgres_taxi.py
[2026-06-16T16:06:31.094+0000] {logging_mixin.py:188} INFO - [2026-06-16T16:06:31.094+0000] {dag.py:3089} INFO - Sync 1 DAGs
[2026-06-16T16:06:31.109+0000] {logging_mixin.py:188} INFO - [2026-06-16T16:06:31.109+0000] {dag.py:3947} INFO - Setting next_dagrun for 04_postgres_taxi to None, run_after=None
[2026-06-16T16:06:31.136+0000] {processor.py:183} INFO - Processing /opt/airflow/dags/dag_04_postgres_taxi.py took 0.130 seconds
[2026-06-16T16:07:02.038+0000] {processor.py:161} INFO - Started process (PID=18198) to work on /opt/airflow/dags/dag_04_postgres_taxi.py
[2026-06-16T16:07:02.040+0000] {processor.py:830} INFO - Processing file /opt/airflow/dags/dag_04_postgres_taxi.py for tasks to queue
[2026-06-16T16:07:02.042+0000] {logging_mixin.py:188} INFO - [2026-06-16T16:07:02.041+0000] {dagbag.py:545} INFO - Filling up the DagBag from /opt/airflow/dags/dag_04_postgres_taxi.py
[2026-06-16T16:07:02.057+0000] {processor.py:840} INFO - DAG(s) '04_postgres_taxi' retrieved from /opt/airflow/dags/dag_04_postgres_taxi.py
[2026-06-16T16:07:02.112+0000] {logging_mixin.py:188} INFO - [2026-06-16T16:07:02.111+0000] {dag.py:3089} INFO - Sync 1 DAGs
[2026-06-16T16:07:02.127+0000] {logging_mixin.py:188} INFO - [2026-06-16T16:07:02.127+0000] {dag.py:3947} INFO - Setting next_dagrun for 04_postgres_taxi to None, run_after=None
[2026-06-16T16:07:02.151+0000] {processor.py:183} INFO - Processing /opt/airflow/dags/dag_04_postgres_taxi.py took 0.119 seconds
[2026-06-16T16:07:33.101+0000] {processor.py:161} INFO - Started process (PID=18238) to work on /opt/airflow/dags/dag_04_postgres_taxi.py
[2026-06-16T16:07:33.103+0000] {processor.py:830} INFO - Processing file /opt/airflow/dags/dag_04_postgres_taxi.py for tasks to queue
[2026-06-16T16:07:33.106+0000] {logging_mixin.py:188} INFO - [2026-06-16T16:07:33.105+0000] {dagbag.py:545} INFO - Filling up the DagBag from /opt/airflow/dags/dag_04_postgres_taxi.py
[2026-06-16T16:07:33.117+0000] {processor.py:840} INFO - DAG(s) '04_postgres_taxi' retrieved from /opt/airflow/dags/dag_04_postgres_taxi.py
[2026-06-16T16:07:33.169+0000] {logging_mixin.py:188} INFO - [2026-06-16T16:07:33.168+0000] {dag.py:3089} INFO - Sync 1 DAGs
[2026-06-16T16:07:33.183+0000] {logging_mixin.py:188} INFO - [2026-06-16T16:07:33.182+0000] {dag.py:3947} INFO - Setting next_dagrun for 04_postgres_taxi to None, run_after=None
[2026-06-16T16:07:33.206+0000] {processor.py:183} INFO - Processing /opt/airflow/dags/dag_04_postgres_taxi.py took 0.112 seconds
[2026-06-16T16:08:04.051+0000] {processor.py:161} INFO - Started process (PID=18278) to work on /opt/airflow/dags/dag_04_postgres_taxi.py
[2026-06-16T16:08:04.052+0000] {processor.py:830} INFO - Processing file /opt/airflow/dags/dag_04_postgres_taxi.py for tasks to queue
[2026-06-16T16:08:04.054+0000] {logging_mixin.py:188} INFO - [2026-06-16T16:08:04.054+0000] {dagbag.py:545} INFO - Filling up the DagBag from /opt/airflow/dags/dag_04_postgres_taxi.py
[2026-06-16T16:08:04.065+0000] {processor.py:840} INFO - DAG(s) '04_postgres_taxi' retrieved from /opt/airflow/dags/dag_04_postgres_taxi.py
[2026-06-16T16:08:04.117+0000] {logging_mixin.py:188} INFO - [2026-06-16T16:08:04.117+0000] {dag.py:3089} INFO - Sync 1 DAGs
[2026-06-16T16:08:04.131+0000] {logging_mixin.py:188} INFO - [2026-06-16T16:08:04.131+0000] {dag.py:3947} INFO - Setting next_dagrun for 04_postgres_taxi to None, run_after=None
[2026-06-16T16:08:04.155+0000] {processor.py:183} INFO - Processing /opt/airflow/dags/dag_04_postgres_taxi.py took 0.111 seconds
[2026-06-16T16:08:35.055+0000] {processor.py:161} INFO - Started process (PID=18318) to work on /opt/airflow/dags/dag_04_postgres_taxi.py
[2026-06-16T16:08:35.056+0000] {processor.py:830} INFO - Processing file /opt/airflow/dags/dag_04_postgres_taxi.py for tasks to queue
[2026-06-16T16:08:35.058+0000] {logging_mixin.py:188} INFO - [2026-06-16T16:08:35.058+0000] {dagbag.py:545} INFO - Filling up the DagBag from /opt/airflow/dags/dag_04_postgres_taxi.py
[2026-06-16T16:08:35.069+0000] {processor.py:840} INFO - DAG(s) '04_postgres_taxi' retrieved from /opt/airflow/dags/dag_04_postgres_taxi.py
[2026-06-16T16:08:35.123+0000] {logging_mixin.py:188} INFO - [2026-06-16T16:08:35.123+0000] {dag.py:3089} INFO - Sync 1 DAGs
[2026-06-16T16:08:35.137+0000] {logging_mixin.py:188} INFO - [2026-06-16T16:08:35.137+0000] {dag.py:3947} INFO - Setting next_dagrun for 04_postgres_taxi to None, run_after=None
[2026-06-16T16:08:35.160+0000] {processor.py:183} INFO - Processing /opt/airflow/dags/dag_04_postgres_taxi.py took 0.112 seconds
[2026-06-16T16:09:06.002+0000] {processor.py:161} INFO - Started process (PID=18358) to work on /opt/airflow/dags/dag_04_postgres_taxi.py
[2026-06-16T16:09:06.003+0000] {processor.py:830} INFO - Processing file /opt/airflow/dags/dag_04_postgres_taxi.py for tasks to queue
[2026-06-16T16:09:06.005+0000] {logging_mixin.py:188} INFO - [2026-06-16T16:09:06.004+0000] {dagbag.py:545} INFO - Filling up the DagBag from /opt/airflow/dags/dag_04_postgres_taxi.py
[2026-06-16T16:09:06.016+0000] {processor.py:840} INFO - DAG(s) '04_postgres_taxi' retrieved from /opt/airflow/dags/dag_04_postgres_taxi.py
[2026-06-16T16:09:06.071+0000] {logging_mixin.py:188} INFO - [2026-06-16T16:09:06.071+0000] {dag.py:3089} INFO - Sync 1 DAGs
[2026-06-16T16:09:06.085+0000] {logging_mixin.py:188} INFO - [2026-06-16T16:09:06.085+0000] {dag.py:3947} INFO - Setting next_dagrun for 04_postgres_taxi to None, run_after=None
[2026-06-16T16:09:06.106+0000] {processor.py:183} INFO - Processing /opt/airflow/dags/dag_04_postgres_taxi.py took 0.112 seconds
[2026-06-16T16:09:36.643+0000] {processor.py:161} INFO - Started process (PID=18398) to work on /opt/airflow/dags/dag_04_postgres_taxi.py
[2026-06-16T16:09:36.654+0000] {processor.py:830} INFO - Processing file /opt/airflow/dags/dag_04_postgres_taxi.py for tasks to queue
[2026-06-16T16:09:36.656+0000] {logging_mixin.py:188} INFO - [2026-06-16T16:09:36.656+0000] {dagbag.py:545} INFO - Filling up the DagBag from /opt/airflow/dags/dag_04_postgres_taxi.py
[2026-06-16T16:09:36.668+0000] {processor.py:840} INFO - DAG(s) '04_postgres_taxi' retrieved from /opt/airflow/dags/dag_04_postgres_taxi.py
[2026-06-16T16:09:36.722+0000] {logging_mixin.py:188} INFO - [2026-06-16T16:09:36.721+0000] {dag.py:3089} INFO - Sync 1 DAGs
[2026-06-16T16:09:36.742+0000] {logging_mixin.py:188} INFO - [2026-06-16T16:09:36.742+0000] {dag.py:3947} INFO - Setting next_dagrun for 04_postgres_taxi to None, run_after=None
[2026-06-16T16:09:36.765+0000] {processor.py:183} INFO - Processing /opt/airflow/dags/dag_04_postgres_taxi.py took 0.128 seconds
[2026-06-16T16:10:07.458+0000] {processor.py:161} INFO - Started process (PID=18438) to work on /opt/airflow/dags/dag_04_postgres_taxi.py
[2026-06-16T16:10:07.459+0000] {processor.py:830} INFO - Processing file /opt/airflow/dags/dag_04_postgres_taxi.py for tasks to queue
[2026-06-16T16:10:07.462+0000] {logging_mixin.py:188} INFO - [2026-06-16T16:10:07.461+0000] {dagbag.py:545} INFO - Filling up the DagBag from /opt/airflow/dags/dag_04_postgres_taxi.py
[2026-06-16T16:10:07.475+0000] {processor.py:840} INFO - DAG(s) '04_postgres_taxi' retrieved from /opt/airflow/dags/dag_04_postgres_taxi.py
[2026-06-16T16:10:07.531+0000] {logging_mixin.py:188} INFO - [2026-06-16T16:10:07.531+0000] {dag.py:3089} INFO - Sync 1 DAGs
[2026-06-16T16:10:07.547+0000] {logging_mixin.py:188} INFO - [2026-06-16T16:10:07.547+0000] {dag.py:3947} INFO - Setting next_dagrun for 04_postgres_taxi to None, run_after=None
[2026-06-16T16:10:07.569+0000] {processor.py:183} INFO - Processing /opt/airflow/dags/dag_04_postgres_taxi.py took 0.120 seconds
[2026-06-16T16:10:38.337+0000] {processor.py:161} INFO - Started process (PID=18478) to work on /opt/airflow/dags/dag_04_postgres_taxi.py
[2026-06-16T16:10:38.342+0000] {processor.py:830} INFO - Processing file /opt/airflow/dags/dag_04_postgres_taxi.py for tasks to queue
[2026-06-16T16:10:38.344+0000] {logging_mixin.py:188} INFO - [2026-06-16T16:10:38.344+0000] {dagbag.py:545} INFO - Filling up the DagBag from /opt/airflow/dags/dag_04_postgres_taxi.py
[2026-06-16T16:10:38.358+0000] {processor.py:840} INFO - DAG(s) '04_postgres_taxi' retrieved from /opt/airflow/dags/dag_04_postgres_taxi.py
[2026-06-16T16:10:38.416+0000] {logging_mixin.py:188} INFO - [2026-06-16T16:10:38.416+0000] {dag.py:3089} INFO - Sync 1 DAGs
[2026-06-16T16:10:38.430+0000] {logging_mixin.py:188} INFO - [2026-06-16T16:10:38.430+0000] {dag.py:3947} INFO - Setting next_dagrun for 04_postgres_taxi to None, run_after=None
[2026-06-16T16:10:38.454+0000] {processor.py:183} INFO - Processing /opt/airflow/dags/dag_04_postgres_taxi.py took 0.124 seconds
[2026-06-16T16:11:09.313+0000] {processor.py:161} INFO - Started process (PID=18518) to work on /opt/airflow/dags/dag_04_postgres_taxi.py
[2026-06-16T16:11:09.315+0000] {processor.py:830} INFO - Processing file /opt/airflow/dags/dag_04_postgres_taxi.py for tasks to queue
[2026-06-16T16:11:09.317+0000] {logging_mixin.py:188} INFO - [2026-06-16T16:11:09.316+0000] {dagbag.py:545} INFO - Filling up the DagBag from /opt/airflow/dags/dag_04_postgres_taxi.py
[2026-06-16T16:11:09.328+0000] {processor.py:840} INFO - DAG(s) '04_postgres_taxi' retrieved from /opt/airflow/dags/dag_04_postgres_taxi.py
[2026-06-16T16:11:09.388+0000] {logging_mixin.py:188} INFO - [2026-06-16T16:11:09.388+0000] {dag.py:3089} INFO - Sync 1 DAGs
[2026-06-16T16:11:09.404+0000] {logging_mixin.py:188} INFO - [2026-06-16T16:11:09.404+0000] {dag.py:3947} INFO - Setting next_dagrun for 04_postgres_taxi to None, run_after=None
[2026-06-16T16:11:09.426+0000] {processor.py:183} INFO - Processing /opt/airflow/dags/dag_04_postgres_taxi.py took 0.121 seconds
[2026-06-16T16:11:40.278+0000] {processor.py:161} INFO - Started process (PID=18558) to work on /opt/airflow/dags/dag_04_postgres_taxi.py
[2026-06-16T16:11:40.279+0000] {processor.py:830} INFO - Processing file /opt/airflow/dags/dag_04_postgres_taxi.py for tasks to queue
[2026-06-16T16:11:40.282+0000] {logging_mixin.py:188} INFO - [2026-06-16T16:11:40.281+0000] {dagbag.py:545} INFO - Filling up the DagBag from /opt/airflow/dags/dag_04_postgres_taxi.py
[2026-06-16T16:11:40.293+0000] {processor.py:840} INFO - DAG(s) '04_postgres_taxi' retrieved from /opt/airflow/dags/dag_04_postgres_taxi.py
[2026-06-16T16:11:40.349+0000] {logging_mixin.py:188} INFO - [2026-06-16T16:11:40.348+0000] {dag.py:3089} INFO - Sync 1 DAGs
[2026-06-16T16:11:40.365+0000] {logging_mixin.py:188} INFO - [2026-06-16T16:11:40.365+0000] {dag.py:3947} INFO - Setting next_dagrun for 04_postgres_taxi to None, run_after=None
[2026-06-16T16:11:40.387+0000] {processor.py:183} INFO - Processing /opt/airflow/dags/dag_04_postgres_taxi.py took 0.116 seconds
[2026-06-16T16:12:11.287+0000] {processor.py:161} INFO - Started process (PID=18598) to work on /opt/airflow/dags/dag_04_postgres_taxi.py
[2026-06-16T16:12:11.297+0000] {processor.py:830} INFO - Processing file /opt/airflow/dags/dag_04_postgres_taxi.py for tasks to queue
[2026-06-16T16:12:11.299+0000] {logging_mixin.py:188} INFO - [2026-06-16T16:12:11.299+0000] {dagbag.py:545} INFO - Filling up the DagBag from /opt/airflow/dags/dag_04_postgres_taxi.py
[2026-06-16T16:12:11.311+0000] {processor.py:840} INFO - DAG(s) '04_postgres_taxi' retrieved from /opt/airflow/dags/dag_04_postgres_taxi.py
[2026-06-16T16:12:11.361+0000] {logging_mixin.py:188} INFO - [2026-06-16T16:12:11.361+0000] {dag.py:3089} INFO - Sync 1 DAGs
[2026-06-16T16:12:11.376+0000] {logging_mixin.py:188} INFO - [2026-06-16T16:12:11.376+0000] {dag.py:3947} INFO - Setting next_dagrun for 04_postgres_taxi to None, run_after=None
[2026-06-16T16:12:11.398+0000] {processor.py:183} INFO - Processing /opt/airflow/dags/dag_04_postgres_taxi.py took 0.118 seconds
[2026-06-16T16:12:42.258+0000] {processor.py:161} INFO - Started process (PID=18638) to work on /opt/airflow/dags/dag_04_postgres_taxi.py
[2026-06-16T16:12:42.259+0000] {processor.py:830} INFO - Processing file /opt/airflow/dags/dag_04_postgres_taxi.py for tasks to queue
[2026-06-16T16:12:42.262+0000] {logging_mixin.py:188} INFO - [2026-06-16T16:12:42.261+0000] {dagbag.py:545} INFO - Filling up the DagBag from /opt/airflow/dags/dag_04_postgres_taxi.py
[2026-06-16T16:12:42.274+0000] {processor.py:840} INFO - DAG(s) '04_postgres_taxi' retrieved from /opt/airflow/dags/dag_04_postgres_taxi.py
[2026-06-16T16:12:42.326+0000] {logging_mixin.py:188} INFO - [2026-06-16T16:12:42.325+0000] {dag.py:3089} INFO - Sync 1 DAGs
[2026-06-16T16:12:42.340+0000] {logging_mixin.py:188} INFO - [2026-06-16T16:12:42.339+0000] {dag.py:3947} INFO - Setting next_dagrun for 04_postgres_taxi to None, run_after=None
[2026-06-16T16:12:42.363+0000] {processor.py:183} INFO - Processing /opt/airflow/dags/dag_04_postgres_taxi.py took 0.113 seconds
[2026-06-16T16:13:13.201+0000] {processor.py:161} INFO - Started process (PID=18678) to work on /opt/airflow/dags/dag_04_postgres_taxi.py
[2026-06-16T16:13:13.212+0000] {processor.py:830} INFO - Processing file /opt/airflow/dags/dag_04_postgres_taxi.py for tasks to queue
[2026-06-16T16:13:13.214+0000] {logging_mixin.py:188} INFO - [2026-06-16T16:13:13.214+0000] {dagbag.py:545} INFO - Filling up the DagBag from /opt/airflow/dags/dag_04_postgres_taxi.py
[2026-06-16T16:13:13.226+0000] {processor.py:840} INFO - DAG(s) '04_postgres_taxi' retrieved from /opt/airflow/dags/dag_04_postgres_taxi.py
[2026-06-16T16:13:13.279+0000] {logging_mixin.py:188} INFO - [2026-06-16T16:13:13.279+0000] {dag.py:3089} INFO - Sync 1 DAGs
[2026-06-16T16:13:13.293+0000] {logging_mixin.py:188} INFO - [2026-06-16T16:13:13.292+0000] {dag.py:3947} INFO - Setting next_dagrun for 04_postgres_taxi to None, run_after=None
[2026-06-16T16:13:13.316+0000] {processor.py:183} INFO - Processing /opt/airflow/dags/dag_04_postgres_taxi.py took 0.122 seconds
[2026-06-16T16:13:44.177+0000] {processor.py:161} INFO - Started process (PID=18718) to work on /opt/airflow/dags/dag_04_postgres_taxi.py
[2026-06-16T16:13:44.187+0000] {processor.py:830} INFO - Processing file /opt/airflow/dags/dag_04_postgres_taxi.py for tasks to queue
[2026-06-16T16:13:44.190+0000] {logging_mixin.py:188} INFO - [2026-06-16T16:13:44.189+0000] {dagbag.py:545} INFO - Filling up the DagBag from /opt/airflow/dags/dag_04_postgres_taxi.py
[2026-06-16T16:13:44.203+0000] {processor.py:840} INFO - DAG(s) '04_postgres_taxi' retrieved from /opt/airflow/dags/dag_04_postgres_taxi.py
[2026-06-16T16:13:44.257+0000] {logging_mixin.py:188} INFO - [2026-06-16T16:13:44.257+0000] {dag.py:3089} INFO - Sync 1 DAGs
[2026-06-16T16:13:44.273+0000] {logging_mixin.py:188} INFO - [2026-06-16T16:13:44.272+0000] {dag.py:3947} INFO - Setting next_dagrun for 04_postgres_taxi to None, run_after=None
[2026-06-16T16:13:44.294+0000] {processor.py:183} INFO - Processing /opt/airflow/dags/dag_04_postgres_taxi.py took 0.124 seconds
[2026-06-16T16:14:15.151+0000] {processor.py:161} INFO - Started process (PID=18758) to work on /opt/airflow/dags/dag_04_postgres_taxi.py
[2026-06-16T16:14:15.152+0000] {processor.py:830} INFO - Processing file /opt/airflow/dags/dag_04_postgres_taxi.py for tasks to queue
[2026-06-16T16:14:15.154+0000] {logging_mixin.py:188} INFO - [2026-06-16T16:14:15.154+0000] {dagbag.py:545} INFO - Filling up the DagBag from /opt/airflow/dags/dag_04_postgres_taxi.py
[2026-06-16T16:14:15.165+0000] {processor.py:840} INFO - DAG(s) '04_postgres_taxi' retrieved from /opt/airflow/dags/dag_04_postgres_taxi.py
[2026-06-16T16:14:15.219+0000] {logging_mixin.py:188} INFO - [2026-06-16T16:14:15.219+0000] {dag.py:3089} INFO - Sync 1 DAGs
[2026-06-16T16:14:15.235+0000] {logging_mixin.py:188} INFO - [2026-06-16T16:14:15.235+0000] {dag.py:3947} INFO - Setting next_dagrun for 04_postgres_taxi to None, run_after=None
[2026-06-16T16:14:15.259+0000] {processor.py:183} INFO - Processing /opt/airflow/dags/dag_04_postgres_taxi.py took 0.114 seconds
[2026-06-16T16:14:46.152+0000] {processor.py:161} INFO - Started process (PID=18798) to work on /opt/airflow/dags/dag_04_postgres_taxi.py
[2026-06-16T16:14:46.155+0000] {processor.py:830} INFO - Processing file /opt/airflow/dags/dag_04_postgres_taxi.py for tasks to queue
[2026-06-16T16:14:46.157+0000] {logging_mixin.py:188} INFO - [2026-06-16T16:14:46.156+0000] {dagbag.py:545} INFO - Filling up the DagBag from /opt/airflow/dags/dag_04_postgres_taxi.py
[2026-06-16T16:14:46.170+0000] {processor.py:840} INFO - DAG(s) '04_postgres_taxi' retrieved from /opt/airflow/dags/dag_04_postgres_taxi.py
[2026-06-16T16:14:46.240+0000] {logging_mixin.py:188} INFO - [2026-06-16T16:14:46.239+0000] {dag.py:3089} INFO - Sync 1 DAGs
[2026-06-16T16:14:46.254+0000] {logging_mixin.py:188} INFO - [2026-06-16T16:14:46.254+0000] {dag.py:3947} INFO - Setting next_dagrun for 04_postgres_taxi to None, run_after=None
[2026-06-16T16:14:46.277+0000] {processor.py:183} INFO - Processing /opt/airflow/dags/dag_04_postgres_taxi.py took 0.133 seconds
[2026-06-16T16:15:17.155+0000] {processor.py:161} INFO - Started process (PID=18838) to work on /opt/airflow/dags/dag_04_postgres_taxi.py
[2026-06-16T16:15:17.156+0000] {processor.py:830} INFO - Processing file /opt/airflow/dags/dag_04_postgres_taxi.py for tasks to queue
[2026-06-16T16:15:17.159+0000] {logging_mixin.py:188} INFO - [2026-06-16T16:15:17.158+0000] {dagbag.py:545} INFO - Filling up the DagBag from /opt/airflow/dags/dag_04_postgres_taxi.py
[2026-06-16T16:15:17.172+0000] {processor.py:840} INFO - DAG(s) '04_postgres_taxi' retrieved from /opt/airflow/dags/dag_04_postgres_taxi.py
[2026-06-16T16:15:17.228+0000] {logging_mixin.py:188} INFO - [2026-06-16T16:15:17.228+0000] {dag.py:3089} INFO - Sync 1 DAGs
[2026-06-16T16:15:17.243+0000] {logging_mixin.py:188} INFO - [2026-06-16T16:15:17.243+0000] {dag.py:3947} INFO - Setting next_dagrun for 04_postgres_taxi to None, run_after=None
[2026-06-16T16:15:17.267+0000] {processor.py:183} INFO - Processing /opt/airflow/dags/dag_04_postgres_taxi.py took 0.120 seconds
[2026-06-16T16:15:47.324+0000] {processor.py:161} INFO - Started process (PID=18878) to work on /opt/airflow/dags/dag_04_postgres_taxi.py
[2026-06-16T16:15:47.335+0000] {processor.py:830} INFO - Processing file /opt/airflow/dags/dag_04_postgres_taxi.py for tasks to queue
[2026-06-16T16:15:47.337+0000] {logging_mixin.py:188} INFO - [2026-06-16T16:15:47.337+0000] {dagbag.py:545} INFO - Filling up the DagBag from /opt/airflow/dags/dag_04_postgres_taxi.py
[2026-06-16T16:15:47.349+0000] {processor.py:840} INFO - DAG(s) '04_postgres_taxi' retrieved from /opt/airflow/dags/dag_04_postgres_taxi.py
[2026-06-16T16:15:47.400+0000] {logging_mixin.py:188} INFO - [2026-06-16T16:15:47.400+0000] {dag.py:3089} INFO - Sync 1 DAGs
[2026-06-16T16:15:47.417+0000] {logging_mixin.py:188} INFO - [2026-06-16T16:15:47.416+0000] {dag.py:3947} INFO - Setting next_dagrun for 04_postgres_taxi to None, run_after=None
[2026-06-16T16:15:47.441+0000] {processor.py:183} INFO - Processing /opt/airflow/dags/dag_04_postgres_taxi.py took 0.123 seconds
[2026-06-16T16:16:18.338+0000] {processor.py:161} INFO - Started process (PID=18918) to work on /opt/airflow/dags/dag_04_postgres_taxi.py
[2026-06-16T16:16:18.339+0000] {processor.py:830} INFO - Processing file /opt/airflow/dags/dag_04_postgres_taxi.py for tasks to queue
[2026-06-16T16:16:18.340+0000] {logging_mixin.py:188} INFO - [2026-06-16T16:16:18.340+0000] {dagbag.py:545} INFO - Filling up the DagBag from /opt/airflow/dags/dag_04_postgres_taxi.py
[2026-06-16T16:16:18.352+0000] {processor.py:840} INFO - DAG(s) '04_postgres_taxi' retrieved from /opt/airflow/dags/dag_04_postgres_taxi.py
[2026-06-16T16:16:18.403+0000] {logging_mixin.py:188} INFO - [2026-06-16T16:16:18.403+0000] {dag.py:3089} INFO - Sync 1 DAGs
[2026-06-16T16:16:18.417+0000] {logging_mixin.py:188} INFO - [2026-06-16T16:16:18.417+0000] {dag.py:3947} INFO - Setting next_dagrun for 04_postgres_taxi to None, run_after=None
[2026-06-16T16:16:18.442+0000] {processor.py:183} INFO - Processing /opt/airflow/dags/dag_04_postgres_taxi.py took 0.112 seconds
[2026-06-16T16:16:48.484+0000] {processor.py:161} INFO - Started process (PID=18958) to work on /opt/airflow/dags/dag_04_postgres_taxi.py
[2026-06-16T16:16:48.486+0000] {processor.py:830} INFO - Processing file /opt/airflow/dags/dag_04_postgres_taxi.py for tasks to queue
[2026-06-16T16:16:48.488+0000] {logging_mixin.py:188} INFO - [2026-06-16T16:16:48.488+0000] {dagbag.py:545} INFO - Filling up the DagBag from /opt/airflow/dags/dag_04_postgres_taxi.py
[2026-06-16T16:16:48.500+0000] {processor.py:840} INFO - DAG(s) '04_postgres_taxi' retrieved from /opt/airflow/dags/dag_04_postgres_taxi.py
[2026-06-16T16:16:48.553+0000] {logging_mixin.py:188} INFO - [2026-06-16T16:16:48.552+0000] {dag.py:3089} INFO - Sync 1 DAGs
[2026-06-16T16:16:48.567+0000] {logging_mixin.py:188} INFO - [2026-06-16T16:16:48.567+0000] {dag.py:3947} INFO - Setting next_dagrun for 04_postgres_taxi to None, run_after=None
[2026-06-16T16:16:48.590+0000] {processor.py:183} INFO - Processing /opt/airflow/dags/dag_04_postgres_taxi.py took 0.113 seconds
[2026-06-16T16:17:18.704+0000] {processor.py:161} INFO - Started process (PID=18998) to work on /opt/airflow/dags/dag_04_postgres_taxi.py
[2026-06-16T16:17:18.705+0000] {processor.py:830} INFO - Processing file /opt/airflow/dags/dag_04_postgres_taxi.py for tasks to queue
[2026-06-16T16:17:18.707+0000] {logging_mixin.py:188} INFO - [2026-06-16T16:17:18.706+0000] {dagbag.py:545} INFO - Filling up the DagBag from /opt/airflow/dags/dag_04_postgres_taxi.py
[2026-06-16T16:17:18.718+0000] {processor.py:840} INFO - DAG(s) '04_postgres_taxi' retrieved from /opt/airflow/dags/dag_04_postgres_taxi.py
[2026-06-16T16:17:18.772+0000] {logging_mixin.py:188} INFO - [2026-06-16T16:17:18.772+0000] {dag.py:3089} INFO - Sync 1 DAGs
[2026-06-16T16:17:18.788+0000] {logging_mixin.py:188} INFO - [2026-06-16T16:17:18.787+0000] {dag.py:3947} INFO - Setting next_dagrun for 04_postgres_taxi to None, run_after=None
[2026-06-16T16:17:18.809+0000] {processor.py:183} INFO - Processing /opt/airflow/dags/dag_04_postgres_taxi.py took 0.113 seconds
[2026-06-16T16:17:48.897+0000] {processor.py:161} INFO - Started process (PID=19038) to work on /opt/airflow/dags/dag_04_postgres_taxi.py
[2026-06-16T16:17:48.907+0000] {processor.py:830} INFO - Processing file /opt/airflow/dags/dag_04_postgres_taxi.py for tasks to queue
[2026-06-16T16:17:48.909+0000] {logging_mixin.py:188} INFO - [2026-06-16T16:17:48.909+0000] {dagbag.py:545} INFO - Filling up the DagBag from /opt/airflow/dags/dag_04_postgres_taxi.py
[2026-06-16T16:17:48.920+0000] {processor.py:840} INFO - DAG(s) '04_postgres_taxi' retrieved from /opt/airflow/dags/dag_04_postgres_taxi.py
[2026-06-16T16:17:48.985+0000] {logging_mixin.py:188} INFO - [2026-06-16T16:17:48.985+0000] {dag.py:3089} INFO - Sync 1 DAGs
[2026-06-16T16:17:49.007+0000] {logging_mixin.py:188} INFO - [2026-06-16T16:17:49.007+0000] {dag.py:3947} INFO - Setting next_dagrun for 04_postgres_taxi to None, run_after=None
[2026-06-16T16:17:49.037+0000] {processor.py:183} INFO - Processing /opt/airflow/dags/dag_04_postgres_taxi.py took 0.147 seconds
[2026-06-16T16:18:19.109+0000] {processor.py:161} INFO - Started process (PID=19078) to work on /opt/airflow/dags/dag_04_postgres_taxi.py
[2026-06-16T16:18:19.111+0000] {processor.py:830} INFO - Processing file /opt/airflow/dags/dag_04_postgres_taxi.py for tasks to queue
[2026-06-16T16:18:19.113+0000] {logging_mixin.py:188} INFO - [2026-06-16T16:18:19.113+0000] {dagbag.py:545} INFO - Filling up the DagBag from /opt/airflow/dags/dag_04_postgres_taxi.py
[2026-06-16T16:18:19.124+0000] {processor.py:840} INFO - DAG(s) '04_postgres_taxi' retrieved from /opt/airflow/dags/dag_04_postgres_taxi.py
[2026-06-16T16:18:19.176+0000] {logging_mixin.py:188} INFO - [2026-06-16T16:18:19.176+0000] {dag.py:3089} INFO - Sync 1 DAGs
[2026-06-16T16:18:19.191+0000] {logging_mixin.py:188} INFO - [2026-06-16T16:18:19.191+0000] {dag.py:3947} INFO - Setting next_dagrun for 04_postgres_taxi to None, run_after=None
[2026-06-16T16:18:19.214+0000] {processor.py:183} INFO - Processing /opt/airflow/dags/dag_04_postgres_taxi.py took 0.112 seconds
[2026-06-16T16:18:49.292+0000] {processor.py:161} INFO - Started process (PID=19118) to work on /opt/airflow/dags/dag_04_postgres_taxi.py
[2026-06-16T16:18:49.294+0000] {processor.py:830} INFO - Processing file /opt/airflow/dags/dag_04_postgres_taxi.py for tasks to queue
[2026-06-16T16:18:49.296+0000] {logging_mixin.py:188} INFO - [2026-06-16T16:18:49.296+0000] {dagbag.py:545} INFO - Filling up the DagBag from /opt/airflow/dags/dag_04_postgres_taxi.py
[2026-06-16T16:18:49.307+0000] {processor.py:840} INFO - DAG(s) '04_postgres_taxi' retrieved from /opt/airflow/dags/dag_04_postgres_taxi.py
[2026-06-16T16:18:49.361+0000] {logging_mixin.py:188} INFO - [2026-06-16T16:18:49.360+0000] {dag.py:3089} INFO - Sync 1 DAGs
[2026-06-16T16:18:49.377+0000] {logging_mixin.py:188} INFO - [2026-06-16T16:18:49.377+0000] {dag.py:3947} INFO - Setting next_dagrun for 04_postgres_taxi to None, run_after=None
[2026-06-16T16:18:49.400+0000] {processor.py:183} INFO - Processing /opt/airflow/dags/dag_04_postgres_taxi.py took 0.115 seconds
[2026-06-16T16:19:19.534+0000] {processor.py:161} INFO - Started process (PID=19158) to work on /opt/airflow/dags/dag_04_postgres_taxi.py
[2026-06-16T16:19:19.544+0000] {processor.py:830} INFO - Processing file /opt/airflow/dags/dag_04_postgres_taxi.py for tasks to queue
[2026-06-16T16:19:19.546+0000] {logging_mixin.py:188} INFO - [2026-06-16T16:19:19.546+0000] {dagbag.py:545} INFO - Filling up the DagBag from /opt/airflow/dags/dag_04_postgres_taxi.py
[2026-06-16T16:19:19.557+0000] {processor.py:840} INFO - DAG(s) '04_postgres_taxi' retrieved from /opt/airflow/dags/dag_04_postgres_taxi.py
[2026-06-16T16:19:19.611+0000] {logging_mixin.py:188} INFO - [2026-06-16T16:19:19.611+0000] {dag.py:3089} INFO - Sync 1 DAGs
[2026-06-16T16:19:19.629+0000] {logging_mixin.py:188} INFO - [2026-06-16T16:19:19.629+0000] {dag.py:3947} INFO - Setting next_dagrun for 04_postgres_taxi to None, run_after=None
[2026-06-16T16:19:19.651+0000] {processor.py:183} INFO - Processing /opt/airflow/dags/dag_04_postgres_taxi.py took 0.125 seconds
[2026-06-16T16:19:50.348+0000] {processor.py:161} INFO - Started process (PID=19198) to work on /opt/airflow/dags/dag_04_postgres_taxi.py
[2026-06-16T16:19:50.359+0000] {processor.py:830} INFO - Processing file /opt/airflow/dags/dag_04_postgres_taxi.py for tasks to queue
[2026-06-16T16:19:50.361+0000] {logging_mixin.py:188} INFO - [2026-06-16T16:19:50.361+0000] {dagbag.py:545} INFO - Filling up the DagBag from /opt/airflow/dags/dag_04_postgres_taxi.py
[2026-06-16T16:19:50.372+0000] {processor.py:840} INFO - DAG(s) '04_postgres_taxi' retrieved from /opt/airflow/dags/dag_04_postgres_taxi.py
[2026-06-16T16:19:49.747+0000] {logging_mixin.py:188} INFO - [2026-06-16T16:19:49.747+0000] {dag.py:3089} INFO - Sync 1 DAGs
[2026-06-16T16:19:49.764+0000] {logging_mixin.py:188} INFO - [2026-06-16T16:19:49.763+0000] {dag.py:3947} INFO - Setting next_dagrun for 04_postgres_taxi to None, run_after=None
[2026-06-16T16:19:49.785+0000] {processor.py:183} INFO - Processing /opt/airflow/dags/dag_04_postgres_taxi.py took 0.128 seconds
[2026-06-16T16:20:20.545+0000] {processor.py:161} INFO - Started process (PID=19238) to work on /opt/airflow/dags/dag_04_postgres_taxi.py
[2026-06-16T16:20:20.546+0000] {processor.py:830} INFO - Processing file /opt/airflow/dags/dag_04_postgres_taxi.py for tasks to queue
[2026-06-16T16:20:20.548+0000] {logging_mixin.py:188} INFO - [2026-06-16T16:20:20.547+0000] {dagbag.py:545} INFO - Filling up the DagBag from /opt/airflow/dags/dag_04_postgres_taxi.py
[2026-06-16T16:20:20.559+0000] {processor.py:840} INFO - DAG(s) '04_postgres_taxi' retrieved from /opt/airflow/dags/dag_04_postgres_taxi.py
[2026-06-16T16:20:20.611+0000] {logging_mixin.py:188} INFO - [2026-06-16T16:20:20.610+0000] {dag.py:3089} INFO - Sync 1 DAGs
[2026-06-16T16:20:20.625+0000] {logging_mixin.py:188} INFO - [2026-06-16T16:20:20.625+0000] {dag.py:3947} INFO - Setting next_dagrun for 04_postgres_taxi to None, run_after=None
[2026-06-16T16:20:20.649+0000] {processor.py:183} INFO - Processing /opt/airflow/dags/dag_04_postgres_taxi.py took 0.113 seconds
[2026-06-16T16:20:50.685+0000] {processor.py:161} INFO - Started process (PID=19278) to work on /opt/airflow/dags/dag_04_postgres_taxi.py
[2026-06-16T16:20:50.686+0000] {processor.py:830} INFO - Processing file /opt/airflow/dags/dag_04_postgres_taxi.py for tasks to queue
[2026-06-16T16:20:50.688+0000] {logging_mixin.py:188} INFO - [2026-06-16T16:20:50.688+0000] {dagbag.py:545} INFO - Filling up the DagBag from /opt/airflow/dags/dag_04_postgres_taxi.py
[2026-06-16T16:20:50.699+0000] {processor.py:840} INFO - DAG(s) '04_postgres_taxi' retrieved from /opt/airflow/dags/dag_04_postgres_taxi.py
[2026-06-16T16:20:50.751+0000] {logging_mixin.py:188} INFO - [2026-06-16T16:20:50.750+0000] {dag.py:3089} INFO - Sync 1 DAGs
[2026-06-16T16:20:50.764+0000] {logging_mixin.py:188} INFO - [2026-06-16T16:20:50.764+0000] {dag.py:3947} INFO - Setting next_dagrun for 04_postgres_taxi to None, run_after=None
[2026-06-16T16:20:50.789+0000] {processor.py:183} INFO - Processing /opt/airflow/dags/dag_04_postgres_taxi.py took 0.111 seconds
[2026-06-16T16:21:20.837+0000] {processor.py:161} INFO - Started process (PID=19318) to work on /opt/airflow/dags/dag_04_postgres_taxi.py
[2026-06-16T16:21:20.839+0000] {processor.py:830} INFO - Processing file /opt/airflow/dags/dag_04_postgres_taxi.py for tasks to queue
[2026-06-16T16:21:20.840+0000] {logging_mixin.py:188} INFO - [2026-06-16T16:21:20.840+0000] {dagbag.py:545} INFO - Filling up the DagBag from /opt/airflow/dags/dag_04_postgres_taxi.py
[2026-06-16T16:21:20.852+0000] {processor.py:840} INFO - DAG(s) '04_postgres_taxi' retrieved from /opt/airflow/dags/dag_04_postgres_taxi.py
[2026-06-16T16:21:20.904+0000] {logging_mixin.py:188} INFO - [2026-06-16T16:21:20.903+0000] {dag.py:3089} INFO - Sync 1 DAGs
[2026-06-16T16:21:20.918+0000] {logging_mixin.py:188} INFO - [2026-06-16T16:21:20.918+0000] {dag.py:3947} INFO - Setting next_dagrun for 04_postgres_taxi to None, run_after=None
[2026-06-16T16:21:20.942+0000] {processor.py:183} INFO - Processing /opt/airflow/dags/dag_04_postgres_taxi.py took 0.111 seconds
[2026-06-16T16:21:51.861+0000] {processor.py:161} INFO - Started process (PID=19358) to work on /opt/airflow/dags/dag_04_postgres_taxi.py
[2026-06-16T16:21:51.862+0000] {processor.py:830} INFO - Processing file /opt/airflow/dags/dag_04_postgres_taxi.py for tasks to queue
[2026-06-16T16:21:51.864+0000] {logging_mixin.py:188} INFO - [2026-06-16T16:21:51.864+0000] {dagbag.py:545} INFO - Filling up the DagBag from /opt/airflow/dags/dag_04_postgres_taxi.py
[2026-06-16T16:21:51.875+0000] {processor.py:840} INFO - DAG(s) '04_postgres_taxi' retrieved from /opt/airflow/dags/dag_04_postgres_taxi.py
[2026-06-16T16:21:51.929+0000] {logging_mixin.py:188} INFO - [2026-06-16T16:21:51.929+0000] {dag.py:3089} INFO - Sync 1 DAGs
[2026-06-16T16:21:51.947+0000] {logging_mixin.py:188} INFO - [2026-06-16T16:21:51.946+0000] {dag.py:3947} INFO - Setting next_dagrun for 04_postgres_taxi to None, run_after=None
[2026-06-16T16:21:51.970+0000] {processor.py:183} INFO - Processing /opt/airflow/dags/dag_04_postgres_taxi.py took 0.116 seconds
[2026-06-16T16:22:22.878+0000] {processor.py:161} INFO - Started process (PID=19398) to work on /opt/airflow/dags/dag_04_postgres_taxi.py
[2026-06-16T16:22:22.889+0000] {processor.py:830} INFO - Processing file /opt/airflow/dags/dag_04_postgres_taxi.py for tasks to queue
[2026-06-16T16:22:22.891+0000] {logging_mixin.py:188} INFO - [2026-06-16T16:22:22.890+0000] {dagbag.py:545} INFO - Filling up the DagBag from /opt/airflow/dags/dag_04_postgres_taxi.py
[2026-06-16T16:22:22.902+0000] {processor.py:840} INFO - DAG(s) '04_postgres_taxi' retrieved from /opt/airflow/dags/dag_04_postgres_taxi.py
[2026-06-16T16:22:22.957+0000] {logging_mixin.py:188} INFO - [2026-06-16T16:22:22.957+0000] {dag.py:3089} INFO - Sync 1 DAGs
[2026-06-16T16:22:22.973+0000] {logging_mixin.py:188} INFO - [2026-06-16T16:22:22.973+0000] {dag.py:3947} INFO - Setting next_dagrun for 04_postgres_taxi to None, run_after=None
[2026-06-16T16:22:22.996+0000] {processor.py:183} INFO - Processing /opt/airflow/dags/dag_04_postgres_taxi.py took 0.125 seconds
[2026-06-16T16:22:53.264+0000] {processor.py:161} INFO - Started process (PID=19438) to work on /opt/airflow/dags/dag_04_postgres_taxi.py
[2026-06-16T16:22:53.265+0000] {processor.py:830} INFO - Processing file /opt/airflow/dags/dag_04_postgres_taxi.py for tasks to queue
[2026-06-16T16:22:53.267+0000] {logging_mixin.py:188} INFO - [2026-06-16T16:22:53.267+0000] {dagbag.py:545} INFO - Filling up the DagBag from /opt/airflow/dags/dag_04_postgres_taxi.py
[2026-06-16T16:22:53.278+0000] {processor.py:840} INFO - DAG(s) '04_postgres_taxi' retrieved from /opt/airflow/dags/dag_04_postgres_taxi.py
[2026-06-16T16:22:53.334+0000] {logging_mixin.py:188} INFO - [2026-06-16T16:22:53.334+0000] {dag.py:3089} INFO - Sync 1 DAGs
[2026-06-16T16:22:53.350+0000] {logging_mixin.py:188} INFO - [2026-06-16T16:22:53.349+0000] {dag.py:3947} INFO - Setting next_dagrun for 04_postgres_taxi to None, run_after=None
[2026-06-16T16:22:53.373+0000] {processor.py:183} INFO - Processing /opt/airflow/dags/dag_04_postgres_taxi.py took 0.116 seconds
[2026-06-16T16:23:23.481+0000] {processor.py:161} INFO - Started process (PID=19478) to work on /opt/airflow/dags/dag_04_postgres_taxi.py
[2026-06-16T16:23:23.491+0000] {processor.py:830} INFO - Processing file /opt/airflow/dags/dag_04_postgres_taxi.py for tasks to queue
[2026-06-16T16:23:23.493+0000] {logging_mixin.py:188} INFO - [2026-06-16T16:23:23.493+0000] {dagbag.py:545} INFO - Filling up the DagBag from /opt/airflow/dags/dag_04_postgres_taxi.py
[2026-06-16T16:23:23.504+0000] {processor.py:840} INFO - DAG(s) '04_postgres_taxi' retrieved from /opt/airflow/dags/dag_04_postgres_taxi.py
[2026-06-16T16:23:23.555+0000] {logging_mixin.py:188} INFO - [2026-06-16T16:23:23.555+0000] {dag.py:3089} INFO - Sync 1 DAGs
[2026-06-16T16:23:23.568+0000] {logging_mixin.py:188} INFO - [2026-06-16T16:23:23.568+0000] {dag.py:3947} INFO - Setting next_dagrun for 04_postgres_taxi to None, run_after=None
[2026-06-16T16:23:23.591+0000] {processor.py:183} INFO - Processing /opt/airflow/dags/dag_04_postgres_taxi.py took 0.116 seconds
[2026-06-16T16:23:53.682+0000] {processor.py:161} INFO - Started process (PID=19518) to work on /opt/airflow/dags/dag_04_postgres_taxi.py
[2026-06-16T16:23:53.683+0000] {processor.py:830} INFO - Processing file /opt/airflow/dags/dag_04_postgres_taxi.py for tasks to queue
[2026-06-16T16:23:53.685+0000] {logging_mixin.py:188} INFO - [2026-06-16T16:23:53.685+0000] {dagbag.py:545} INFO - Filling up the DagBag from /opt/airflow/dags/dag_04_postgres_taxi.py
[2026-06-16T16:23:53.698+0000] {processor.py:840} INFO - DAG(s) '04_postgres_taxi' retrieved from /opt/airflow/dags/dag_04_postgres_taxi.py
[2026-06-16T16:23:53.755+0000] {logging_mixin.py:188} INFO - [2026-06-16T16:23:53.754+0000] {dag.py:3089} INFO - Sync 1 DAGs
[2026-06-16T16:23:53.772+0000] {logging_mixin.py:188} INFO - [2026-06-16T16:23:53.771+0000] {dag.py:3947} INFO - Setting next_dagrun for 04_postgres_taxi to None, run_after=None
[2026-06-16T16:23:53.794+0000] {processor.py:183} INFO - Processing /opt/airflow/dags/dag_04_postgres_taxi.py took 0.121 seconds
[2026-06-16T16:24:24.190+0000] {processor.py:161} INFO - Started process (PID=19558) to work on /opt/airflow/dags/dag_04_postgres_taxi.py
[2026-06-16T16:24:24.192+0000] {processor.py:830} INFO - Processing file /opt/airflow/dags/dag_04_postgres_taxi.py for tasks to queue
[2026-06-16T16:24:24.194+0000] {logging_mixin.py:188} INFO - [2026-06-16T16:24:24.194+0000] {dagbag.py:545} INFO - Filling up the DagBag from /opt/airflow/dags/dag_04_postgres_taxi.py
[2026-06-16T16:24:24.205+0000] {processor.py:840} INFO - DAG(s) '04_postgres_taxi' retrieved from /opt/airflow/dags/dag_04_postgres_taxi.py
[2026-06-16T16:24:24.258+0000] {logging_mixin.py:188} INFO - [2026-06-16T16:24:24.257+0000] {dag.py:3089} INFO - Sync 1 DAGs
[2026-06-16T16:24:24.397+0000] {logging_mixin.py:188} INFO - [2026-06-16T16:24:24.396+0000] {dag.py:3947} INFO - Setting next_dagrun for 04_postgres_taxi to None, run_after=None
[2026-06-16T16:24:24.426+0000] {processor.py:183} INFO - Processing /opt/airflow/dags/dag_04_postgres_taxi.py took 0.242 seconds
[2026-06-16T16:24:54.470+0000] {processor.py:161} INFO - Started process (PID=19598) to work on /opt/airflow/dags/dag_04_postgres_taxi.py
[2026-06-16T16:24:54.471+0000] {processor.py:830} INFO - Processing file /opt/airflow/dags/dag_04_postgres_taxi.py for tasks to queue
[2026-06-16T16:24:54.473+0000] {logging_mixin.py:188} INFO - [2026-06-16T16:24:54.472+0000] {dagbag.py:545} INFO - Filling up the DagBag from /opt/airflow/dags/dag_04_postgres_taxi.py
[2026-06-16T16:24:54.484+0000] {processor.py:840} INFO - DAG(s) '04_postgres_taxi' retrieved from /opt/airflow/dags/dag_04_postgres_taxi.py
[2026-06-16T16:24:54.535+0000] {logging_mixin.py:188} INFO - [2026-06-16T16:24:54.535+0000] {dag.py:3089} INFO - Sync 1 DAGs
[2026-06-16T16:24:54.548+0000] {logging_mixin.py:188} INFO - [2026-06-16T16:24:54.548+0000] {dag.py:3947} INFO - Setting next_dagrun for 04_postgres_taxi to None, run_after=None
[2026-06-16T16:24:54.572+0000] {processor.py:183} INFO - Processing /opt/airflow/dags/dag_04_postgres_taxi.py took 0.110 seconds
[2026-06-16T16:25:24.676+0000] {processor.py:161} INFO - Started process (PID=19638) to work on /opt/airflow/dags/dag_04_postgres_taxi.py
[2026-06-16T16:25:24.687+0000] {processor.py:830} INFO - Processing file /opt/airflow/dags/dag_04_postgres_taxi.py for tasks to queue
[2026-06-16T16:25:24.689+0000] {logging_mixin.py:188} INFO - [2026-06-16T16:25:24.689+0000] {dagbag.py:545} INFO - Filling up the DagBag from /opt/airflow/dags/dag_04_postgres_taxi.py
[2026-06-16T16:25:24.700+0000] {processor.py:840} INFO - DAG(s) '04_postgres_taxi' retrieved from /opt/airflow/dags/dag_04_postgres_taxi.py
[2026-06-16T16:25:24.758+0000] {logging_mixin.py:188} INFO - [2026-06-16T16:25:24.757+0000] {dag.py:3089} INFO - Sync 1 DAGs
[2026-06-16T16:25:24.777+0000] {logging_mixin.py:188} INFO - [2026-06-16T16:25:24.777+0000] {dag.py:3947} INFO - Setting next_dagrun for 04_postgres_taxi to None, run_after=None
[2026-06-16T16:25:24.966+0000] {processor.py:183} INFO - Processing /opt/airflow/dags/dag_04_postgres_taxi.py took 0.297 seconds
[2026-06-16T16:25:55.074+0000] {processor.py:161} INFO - Started process (PID=19678) to work on /opt/airflow/dags/dag_04_postgres_taxi.py
[2026-06-16T16:25:55.075+0000] {processor.py:830} INFO - Processing file /opt/airflow/dags/dag_04_postgres_taxi.py for tasks to queue
[2026-06-16T16:25:55.077+0000] {logging_mixin.py:188} INFO - [2026-06-16T16:25:55.076+0000] {dagbag.py:545} INFO - Filling up the DagBag from /opt/airflow/dags/dag_04_postgres_taxi.py
[2026-06-16T16:25:55.089+0000] {processor.py:840} INFO - DAG(s) '04_postgres_taxi' retrieved from /opt/airflow/dags/dag_04_postgres_taxi.py
[2026-06-16T16:25:55.142+0000] {logging_mixin.py:188} INFO - [2026-06-16T16:25:55.142+0000] {dag.py:3089} INFO - Sync 1 DAGs
[2026-06-16T16:25:55.158+0000] {logging_mixin.py:188} INFO - [2026-06-16T16:25:55.158+0000] {dag.py:3947} INFO - Setting next_dagrun for 04_postgres_taxi to None, run_after=None
[2026-06-16T16:25:55.182+0000] {processor.py:183} INFO - Processing /opt/airflow/dags/dag_04_postgres_taxi.py took 0.116 seconds
[2026-06-16T16:26:25.329+0000] {processor.py:161} INFO - Started process (PID=19718) to work on /opt/airflow/dags/dag_04_postgres_taxi.py
[2026-06-16T16:26:25.330+0000] {processor.py:830} INFO - Processing file /opt/airflow/dags/dag_04_postgres_taxi.py for tasks to queue
[2026-06-16T16:26:25.333+0000] {logging_mixin.py:188} INFO - [2026-06-16T16:26:25.332+0000] {dagbag.py:545} INFO - Filling up the DagBag from /opt/airflow/dags/dag_04_postgres_taxi.py
[2026-06-16T16:26:25.347+0000] {processor.py:840} INFO - DAG(s) '04_postgres_taxi' retrieved from /opt/airflow/dags/dag_04_postgres_taxi.py
[2026-06-16T16:26:25.402+0000] {logging_mixin.py:188} INFO - [2026-06-16T16:26:25.401+0000] {dag.py:3089} INFO - Sync 1 DAGs
[2026-06-16T16:26:25.419+0000] {logging_mixin.py:188} INFO - [2026-06-16T16:26:25.419+0000] {dag.py:3947} INFO - Setting next_dagrun for 04_postgres_taxi to None, run_after=None
[2026-06-16T16:26:25.444+0000] {processor.py:183} INFO - Processing /opt/airflow/dags/dag_04_postgres_taxi.py took 0.125 seconds
[2026-06-16T16:26:55.527+0000] {processor.py:161} INFO - Started process (PID=19758) to work on /opt/airflow/dags/dag_04_postgres_taxi.py
[2026-06-16T16:26:55.530+0000] {processor.py:830} INFO - Processing file /opt/airflow/dags/dag_04_postgres_taxi.py for tasks to queue
[2026-06-16T16:26:55.532+0000] {logging_mixin.py:188} INFO - [2026-06-16T16:26:55.531+0000] {dagbag.py:545} INFO - Filling up the DagBag from /opt/airflow/dags/dag_04_postgres_taxi.py
[2026-06-16T16:26:55.543+0000] {processor.py:840} INFO - DAG(s) '04_postgres_taxi' retrieved from /opt/airflow/dags/dag_04_postgres_taxi.py
[2026-06-16T16:26:55.596+0000] {logging_mixin.py:188} INFO - [2026-06-16T16:26:55.595+0000] {dag.py:3089} INFO - Sync 1 DAGs
[2026-06-16T16:26:55.610+0000] {logging_mixin.py:188} INFO - [2026-06-16T16:26:55.610+0000] {dag.py:3947} INFO - Setting next_dagrun for 04_postgres_taxi to None, run_after=None
[2026-06-16T16:26:55.632+0000] {processor.py:183} INFO - Processing /opt/airflow/dags/dag_04_postgres_taxi.py took 0.114 seconds
[2026-06-16T16:27:25.689+0000] {processor.py:161} INFO - Started process (PID=19798) to work on /opt/airflow/dags/dag_04_postgres_taxi.py
[2026-06-16T16:27:25.692+0000] {processor.py:830} INFO - Processing file /opt/airflow/dags/dag_04_postgres_taxi.py for tasks to queue
[2026-06-16T16:27:25.693+0000] {logging_mixin.py:188} INFO - [2026-06-16T16:27:25.693+0000] {dagbag.py:545} INFO - Filling up the DagBag from /opt/airflow/dags/dag_04_postgres_taxi.py
[2026-06-16T16:27:25.704+0000] {processor.py:840} INFO - DAG(s) '04_postgres_taxi' retrieved from /opt/airflow/dags/dag_04_postgres_taxi.py
[2026-06-16T16:27:25.756+0000] {logging_mixin.py:188} INFO - [2026-06-16T16:27:25.756+0000] {dag.py:3089} INFO - Sync 1 DAGs
[2026-06-16T16:27:25.776+0000] {logging_mixin.py:188} INFO - [2026-06-16T16:27:25.775+0000] {dag.py:3947} INFO - Setting next_dagrun for 04_postgres_taxi to None, run_after=None
[2026-06-16T16:27:25.801+0000] {processor.py:183} INFO - Processing /opt/airflow/dags/dag_04_postgres_taxi.py took 0.118 seconds
[2026-06-16T16:27:55.893+0000] {processor.py:161} INFO - Started process (PID=19838) to work on /opt/airflow/dags/dag_04_postgres_taxi.py
[2026-06-16T16:27:55.903+0000] {processor.py:830} INFO - Processing file /opt/airflow/dags/dag_04_postgres_taxi.py for tasks to queue
[2026-06-16T16:27:55.905+0000] {logging_mixin.py:188} INFO - [2026-06-16T16:27:55.905+0000] {dagbag.py:545} INFO - Filling up the DagBag from /opt/airflow/dags/dag_04_postgres_taxi.py
[2026-06-16T16:27:55.916+0000] {processor.py:840} INFO - DAG(s) '04_postgres_taxi' retrieved from /opt/airflow/dags/dag_04_postgres_taxi.py
[2026-06-16T16:27:55.970+0000] {logging_mixin.py:188} INFO - [2026-06-16T16:27:55.970+0000] {dag.py:3089} INFO - Sync 1 DAGs
[2026-06-16T16:27:55.988+0000] {logging_mixin.py:188} INFO - [2026-06-16T16:27:55.988+0000] {dag.py:3947} INFO - Setting next_dagrun for 04_postgres_taxi to None, run_after=None
[2026-06-16T16:27:56.012+0000] {processor.py:183} INFO - Processing /opt/airflow/dags/dag_04_postgres_taxi.py took 0.126 seconds
[2026-06-16T16:28:26.100+0000] {processor.py:161} INFO - Started process (PID=19878) to work on /opt/airflow/dags/dag_04_postgres_taxi.py
[2026-06-16T16:28:26.101+0000] {processor.py:830} INFO - Processing file /opt/airflow/dags/dag_04_postgres_taxi.py for tasks to queue
[2026-06-16T16:28:26.103+0000] {logging_mixin.py:188} INFO - [2026-06-16T16:28:26.103+0000] {dagbag.py:545} INFO - Filling up the DagBag from /opt/airflow/dags/dag_04_postgres_taxi.py
[2026-06-16T16:28:26.114+0000] {processor.py:840} INFO - DAG(s) '04_postgres_taxi' retrieved from /opt/airflow/dags/dag_04_postgres_taxi.py
[2026-06-16T16:28:26.165+0000] {logging_mixin.py:188} INFO - [2026-06-16T16:28:26.165+0000] {dag.py:3089} INFO - Sync 1 DAGs
[2026-06-16T16:28:26.179+0000] {logging_mixin.py:188} INFO - [2026-06-16T16:28:26.178+0000] {dag.py:3947} INFO - Setting next_dagrun for 04_postgres_taxi to None, run_after=None
[2026-06-16T16:28:26.201+0000] {processor.py:183} INFO - Processing /opt/airflow/dags/dag_04_postgres_taxi.py took 0.108 seconds
[2026-06-16T16:28:57.134+0000] {processor.py:161} INFO - Started process (PID=19918) to work on /opt/airflow/dags/dag_04_postgres_taxi.py
[2026-06-16T16:28:57.136+0000] {processor.py:830} INFO - Processing file /opt/airflow/dags/dag_04_postgres_taxi.py for tasks to queue
[2026-06-16T16:28:57.138+0000] {logging_mixin.py:188} INFO - [2026-06-16T16:28:57.138+0000] {dagbag.py:545} INFO - Filling up the DagBag from /opt/airflow/dags/dag_04_postgres_taxi.py
[2026-06-16T16:28:57.150+0000] {processor.py:840} INFO - DAG(s) '04_postgres_taxi' retrieved from /opt/airflow/dags/dag_04_postgres_taxi.py
[2026-06-16T16:28:57.204+0000] {logging_mixin.py:188} INFO - [2026-06-16T16:28:57.204+0000] {dag.py:3089} INFO - Sync 1 DAGs
[2026-06-16T16:28:57.221+0000] {logging_mixin.py:188} INFO - [2026-06-16T16:28:57.221+0000] {dag.py:3947} INFO - Setting next_dagrun for 04_postgres_taxi to None, run_after=None
[2026-06-16T16:28:57.244+0000] {processor.py:183} INFO - Processing /opt/airflow/dags/dag_04_postgres_taxi.py took 0.117 seconds
[2026-06-16T16:29:28.160+0000] {processor.py:161} INFO - Started process (PID=19958) to work on /opt/airflow/dags/dag_04_postgres_taxi.py
[2026-06-16T16:29:28.161+0000] {processor.py:830} INFO - Processing file /opt/airflow/dags/dag_04_postgres_taxi.py for tasks to queue
[2026-06-16T16:29:28.163+0000] {logging_mixin.py:188} INFO - [2026-06-16T16:29:28.163+0000] {dagbag.py:545} INFO - Filling up the DagBag from /opt/airflow/dags/dag_04_postgres_taxi.py
[2026-06-16T16:29:28.175+0000] {processor.py:840} INFO - DAG(s) '04_postgres_taxi' retrieved from /opt/airflow/dags/dag_04_postgres_taxi.py
[2026-06-16T16:29:28.228+0000] {logging_mixin.py:188} INFO - [2026-06-16T16:29:28.228+0000] {dag.py:3089} INFO - Sync 1 DAGs
[2026-06-16T16:29:28.243+0000] {logging_mixin.py:188} INFO - [2026-06-16T16:29:28.243+0000] {dag.py:3947} INFO - Setting next_dagrun for 04_postgres_taxi to None, run_after=None
[2026-06-16T16:29:28.266+0000] {processor.py:183} INFO - Processing /opt/airflow/dags/dag_04_postgres_taxi.py took 0.113 seconds
[2026-06-16T16:29:59.207+0000] {processor.py:161} INFO - Started process (PID=19998) to work on /opt/airflow/dags/dag_04_postgres_taxi.py
[2026-06-16T16:29:59.209+0000] {processor.py:830} INFO - Processing file /opt/airflow/dags/dag_04_postgres_taxi.py for tasks to queue
[2026-06-16T16:29:59.211+0000] {logging_mixin.py:188} INFO - [2026-06-16T16:29:59.211+0000] {dagbag.py:545} INFO - Filling up the DagBag from /opt/airflow/dags/dag_04_postgres_taxi.py
[2026-06-16T16:29:59.222+0000] {processor.py:840} INFO - DAG(s) '04_postgres_taxi' retrieved from /opt/airflow/dags/dag_04_postgres_taxi.py
[2026-06-16T16:29:59.298+0000] {logging_mixin.py:188} INFO - [2026-06-16T16:29:59.298+0000] {dag.py:3089} INFO - Sync 1 DAGs
[2026-06-16T16:29:59.318+0000] {logging_mixin.py:188} INFO - [2026-06-16T16:29:59.317+0000] {dag.py:3947} INFO - Setting next_dagrun for 04_postgres_taxi to None, run_after=None
[2026-06-16T16:29:59.340+0000] {processor.py:183} INFO - Processing /opt/airflow/dags/dag_04_postgres_taxi.py took 0.140 seconds
[2026-06-16T16:30:30.243+0000] {processor.py:161} INFO - Started process (PID=20038) to work on /opt/airflow/dags/dag_04_postgres_taxi.py
[2026-06-16T16:30:30.245+0000] {processor.py:830} INFO - Processing file /opt/airflow/dags/dag_04_postgres_taxi.py for tasks to queue
[2026-06-16T16:30:30.247+0000] {logging_mixin.py:188} INFO - [2026-06-16T16:30:30.246+0000] {dagbag.py:545} INFO - Filling up the DagBag from /opt/airflow/dags/dag_04_postgres_taxi.py
[2026-06-16T16:30:30.258+0000] {processor.py:840} INFO - DAG(s) '04_postgres_taxi' retrieved from /opt/airflow/dags/dag_04_postgres_taxi.py
[2026-06-16T16:30:30.311+0000] {logging_mixin.py:188} INFO - [2026-06-16T16:30:30.311+0000] {dag.py:3089} INFO - Sync 1 DAGs
[2026-06-16T16:30:30.327+0000] {logging_mixin.py:188} INFO - [2026-06-16T16:30:30.327+0000] {dag.py:3947} INFO - Setting next_dagrun for 04_postgres_taxi to None, run_after=None
[2026-06-16T16:30:30.349+0000] {processor.py:183} INFO - Processing /opt/airflow/dags/dag_04_postgres_taxi.py took 0.112 seconds
[2026-06-16T16:31:01.166+0000] {processor.py:161} INFO - Started process (PID=20078) to work on /opt/airflow/dags/dag_04_postgres_taxi.py
[2026-06-16T16:31:01.169+0000] {processor.py:830} INFO - Processing file /opt/airflow/dags/dag_04_postgres_taxi.py for tasks to queue
[2026-06-16T16:31:01.171+0000] {logging_mixin.py:188} INFO - [2026-06-16T16:31:01.171+0000] {dagbag.py:545} INFO - Filling up the DagBag from /opt/airflow/dags/dag_04_postgres_taxi.py
[2026-06-16T16:31:01.182+0000] {processor.py:840} INFO - DAG(s) '04_postgres_taxi' retrieved from /opt/airflow/dags/dag_04_postgres_taxi.py
[2026-06-16T16:31:01.235+0000] {logging_mixin.py:188} INFO - [2026-06-16T16:31:01.235+0000] {dag.py:3089} INFO - Sync 1 DAGs
[2026-06-16T16:31:01.250+0000] {logging_mixin.py:188} INFO - [2026-06-16T16:31:01.249+0000] {dag.py:3947} INFO - Setting next_dagrun for 04_postgres_taxi to None, run_after=None
[2026-06-16T16:31:01.272+0000] {processor.py:183} INFO - Processing /opt/airflow/dags/dag_04_postgres_taxi.py took 0.114 seconds
[2026-06-16T16:31:32.146+0000] {processor.py:161} INFO - Started process (PID=20118) to work on /opt/airflow/dags/dag_04_postgres_taxi.py
[2026-06-16T16:31:32.157+0000] {processor.py:830} INFO - Processing file /opt/airflow/dags/dag_04_postgres_taxi.py for tasks to queue
[2026-06-16T16:31:32.159+0000] {logging_mixin.py:188} INFO - [2026-06-16T16:31:32.158+0000] {dagbag.py:545} INFO - Filling up the DagBag from /opt/airflow/dags/dag_04_postgres_taxi.py
[2026-06-16T16:31:32.170+0000] {processor.py:840} INFO - DAG(s) '04_postgres_taxi' retrieved from /opt/airflow/dags/dag_04_postgres_taxi.py
[2026-06-16T16:31:32.227+0000] {logging_mixin.py:188} INFO - [2026-06-16T16:31:32.227+0000] {dag.py:3089} INFO - Sync 1 DAGs
[2026-06-16T16:31:32.244+0000] {logging_mixin.py:188} INFO - [2026-06-16T16:31:32.244+0000] {dag.py:3947} INFO - Setting next_dagrun for 04_postgres_taxi to None, run_after=None
[2026-06-16T16:31:32.265+0000] {processor.py:183} INFO - Processing /opt/airflow/dags/dag_04_postgres_taxi.py took 0.126 seconds
[2026-06-16T16:32:02.405+0000] {processor.py:161} INFO - Started process (PID=20158) to work on /opt/airflow/dags/dag_04_postgres_taxi.py
[2026-06-16T16:32:02.407+0000] {processor.py:830} INFO - Processing file /opt/airflow/dags/dag_04_postgres_taxi.py for tasks to queue
[2026-06-16T16:32:02.409+0000] {logging_mixin.py:188} INFO - [2026-06-16T16:32:02.408+0000] {dagbag.py:545} INFO - Filling up the DagBag from /opt/airflow/dags/dag_04_postgres_taxi.py
[2026-06-16T16:32:02.421+0000] {processor.py:840} INFO - DAG(s) '04_postgres_taxi' retrieved from /opt/airflow/dags/dag_04_postgres_taxi.py
[2026-06-16T16:32:02.474+0000] {logging_mixin.py:188} INFO - [2026-06-16T16:32:02.473+0000] {dag.py:3089} INFO - Sync 1 DAGs
[2026-06-16T16:32:02.489+0000] {logging_mixin.py:188} INFO - [2026-06-16T16:32:02.489+0000] {dag.py:3947} INFO - Setting next_dagrun for 04_postgres_taxi to None, run_after=None
[2026-06-16T16:32:02.510+0000] {processor.py:183} INFO - Processing /opt/airflow/dags/dag_04_postgres_taxi.py took 0.113 seconds
[2026-06-16T16:32:32.617+0000] {processor.py:161} INFO - Started process (PID=20198) to work on /opt/airflow/dags/dag_04_postgres_taxi.py
[2026-06-16T16:32:32.619+0000] {processor.py:830} INFO - Processing file /opt/airflow/dags/dag_04_postgres_taxi.py for tasks to queue
[2026-06-16T16:32:32.621+0000] {logging_mixin.py:188} INFO - [2026-06-16T16:32:32.621+0000] {dagbag.py:545} INFO - Filling up the DagBag from /opt/airflow/dags/dag_04_postgres_taxi.py
[2026-06-16T16:32:32.632+0000] {processor.py:840} INFO - DAG(s) '04_postgres_taxi' retrieved from /opt/airflow/dags/dag_04_postgres_taxi.py
[2026-06-16T16:32:32.688+0000] {logging_mixin.py:188} INFO - [2026-06-16T16:32:32.687+0000] {dag.py:3089} INFO - Sync 1 DAGs
[2026-06-16T16:32:32.703+0000] {logging_mixin.py:188} INFO - [2026-06-16T16:32:32.703+0000] {dag.py:3947} INFO - Setting next_dagrun for 04_postgres_taxi to None, run_after=None
[2026-06-16T16:32:32.729+0000] {processor.py:183} INFO - Processing /opt/airflow/dags/dag_04_postgres_taxi.py took 0.119 seconds
[2026-06-16T16:33:02.779+0000] {processor.py:161} INFO - Started process (PID=20238) to work on /opt/airflow/dags/dag_04_postgres_taxi.py
[2026-06-16T16:33:02.780+0000] {processor.py:830} INFO - Processing file /opt/airflow/dags/dag_04_postgres_taxi.py for tasks to queue
[2026-06-16T16:33:02.782+0000] {logging_mixin.py:188} INFO - [2026-06-16T16:33:02.781+0000] {dagbag.py:545} INFO - Filling up the DagBag from /opt/airflow/dags/dag_04_postgres_taxi.py
[2026-06-16T16:33:02.793+0000] {processor.py:840} INFO - DAG(s) '04_postgres_taxi' retrieved from /opt/airflow/dags/dag_04_postgres_taxi.py
[2026-06-16T16:33:02.848+0000] {logging_mixin.py:188} INFO - [2026-06-16T16:33:02.847+0000] {dag.py:3089} INFO - Sync 1 DAGs
[2026-06-16T16:33:02.864+0000] {logging_mixin.py:188} INFO - [2026-06-16T16:33:02.863+0000] {dag.py:3947} INFO - Setting next_dagrun for 04_postgres_taxi to None, run_after=None
[2026-06-16T16:33:02.887+0000] {processor.py:183} INFO - Processing /opt/airflow/dags/dag_04_postgres_taxi.py took 0.115 seconds
[2026-06-16T16:33:32.946+0000] {processor.py:161} INFO - Started process (PID=20278) to work on /opt/airflow/dags/dag_04_postgres_taxi.py
[2026-06-16T16:33:32.949+0000] {processor.py:830} INFO - Processing file /opt/airflow/dags/dag_04_postgres_taxi.py for tasks to queue
[2026-06-16T16:33:32.951+0000] {logging_mixin.py:188} INFO - [2026-06-16T16:33:32.950+0000] {dagbag.py:545} INFO - Filling up the DagBag from /opt/airflow/dags/dag_04_postgres_taxi.py
[2026-06-16T16:33:32.962+0000] {processor.py:840} INFO - DAG(s) '04_postgres_taxi' retrieved from /opt/airflow/dags/dag_04_postgres_taxi.py
[2026-06-16T16:33:33.015+0000] {logging_mixin.py:188} INFO - [2026-06-16T16:33:33.015+0000] {dag.py:3089} INFO - Sync 1 DAGs
[2026-06-16T16:33:33.030+0000] {logging_mixin.py:188} INFO - [2026-06-16T16:33:33.030+0000] {dag.py:3947} INFO - Setting next_dagrun for 04_postgres_taxi to None, run_after=None
[2026-06-16T16:33:33.052+0000] {processor.py:183} INFO - Processing /opt/airflow/dags/dag_04_postgres_taxi.py took 0.113 seconds
[2026-06-16T16:34:03.161+0000] {processor.py:161} INFO - Started process (PID=20318) to work on /opt/airflow/dags/dag_04_postgres_taxi.py
[2026-06-16T16:34:03.162+0000] {processor.py:830} INFO - Processing file /opt/airflow/dags/dag_04_postgres_taxi.py for tasks to queue
[2026-06-16T16:34:03.164+0000] {logging_mixin.py:188} INFO - [2026-06-16T16:34:03.164+0000] {dagbag.py:545} INFO - Filling up the DagBag from /opt/airflow/dags/dag_04_postgres_taxi.py
[2026-06-16T16:34:03.175+0000] {processor.py:840} INFO - DAG(s) '04_postgres_taxi' retrieved from /opt/airflow/dags/dag_04_postgres_taxi.py
[2026-06-16T16:34:03.228+0000] {logging_mixin.py:188} INFO - [2026-06-16T16:34:03.228+0000] {dag.py:3089} INFO - Sync 1 DAGs
[2026-06-16T16:34:03.245+0000] {logging_mixin.py:188} INFO - [2026-06-16T16:34:03.245+0000] {dag.py:3947} INFO - Setting next_dagrun for 04_postgres_taxi to None, run_after=None
[2026-06-16T16:34:03.268+0000] {processor.py:183} INFO - Processing /opt/airflow/dags/dag_04_postgres_taxi.py took 0.114 seconds
[2026-06-16T16:34:34.034+0000] {processor.py:161} INFO - Started process (PID=20358) to work on /opt/airflow/dags/dag_04_postgres_taxi.py
[2026-06-16T16:34:34.044+0000] {processor.py:830} INFO - Processing file /opt/airflow/dags/dag_04_postgres_taxi.py for tasks to queue
[2026-06-16T16:34:34.046+0000] {logging_mixin.py:188} INFO - [2026-06-16T16:34:34.046+0000] {dagbag.py:545} INFO - Filling up the DagBag from /opt/airflow/dags/dag_04_postgres_taxi.py
[2026-06-16T16:34:34.057+0000] {processor.py:840} INFO - DAG(s) '04_postgres_taxi' retrieved from /opt/airflow/dags/dag_04_postgres_taxi.py
[2026-06-16T16:34:34.108+0000] {logging_mixin.py:188} INFO - [2026-06-16T16:34:34.107+0000] {dag.py:3089} INFO - Sync 1 DAGs
[2026-06-16T16:34:34.121+0000] {logging_mixin.py:188} INFO - [2026-06-16T16:34:34.121+0000] {dag.py:3947} INFO - Setting next_dagrun for 04_postgres_taxi to None, run_after=None
[2026-06-16T16:34:34.144+0000] {processor.py:183} INFO - Processing /opt/airflow/dags/dag_04_postgres_taxi.py took 0.117 seconds
[2026-06-16T16:35:04.240+0000] {processor.py:161} INFO - Started process (PID=20398) to work on /opt/airflow/dags/dag_04_postgres_taxi.py
[2026-06-16T16:35:04.241+0000] {processor.py:830} INFO - Processing file /opt/airflow/dags/dag_04_postgres_taxi.py for tasks to queue
[2026-06-16T16:35:04.243+0000] {logging_mixin.py:188} INFO - [2026-06-16T16:35:04.242+0000] {dagbag.py:545} INFO - Filling up the DagBag from /opt/airflow/dags/dag_04_postgres_taxi.py
[2026-06-16T16:35:04.253+0000] {processor.py:840} INFO - DAG(s) '04_postgres_taxi' retrieved from /opt/airflow/dags/dag_04_postgres_taxi.py
[2026-06-16T16:35:04.303+0000] {logging_mixin.py:188} INFO - [2026-06-16T16:35:04.303+0000] {dag.py:3089} INFO - Sync 1 DAGs
[2026-06-16T16:35:04.316+0000] {logging_mixin.py:188} INFO - [2026-06-16T16:35:04.316+0000] {dag.py:3947} INFO - Setting next_dagrun for 04_postgres_taxi to None, run_after=None
[2026-06-16T16:35:04.342+0000] {processor.py:183} INFO - Processing /opt/airflow/dags/dag_04_postgres_taxi.py took 0.108 seconds
[2026-06-16T16:35:34.420+0000] {processor.py:161} INFO - Started process (PID=20438) to work on /opt/airflow/dags/dag_04_postgres_taxi.py
[2026-06-16T16:35:34.431+0000] {processor.py:830} INFO - Processing file /opt/airflow/dags/dag_04_postgres_taxi.py for tasks to queue
[2026-06-16T16:35:34.433+0000] {logging_mixin.py:188} INFO - [2026-06-16T16:35:34.433+0000] {dagbag.py:545} INFO - Filling up the DagBag from /opt/airflow/dags/dag_04_postgres_taxi.py
[2026-06-16T16:35:34.444+0000] {processor.py:840} INFO - DAG(s) '04_postgres_taxi' retrieved from /opt/airflow/dags/dag_04_postgres_taxi.py
[2026-06-16T16:35:34.495+0000] {logging_mixin.py:188} INFO - [2026-06-16T16:35:34.495+0000] {dag.py:3089} INFO - Sync 1 DAGs
[2026-06-16T16:35:34.509+0000] {logging_mixin.py:188} INFO - [2026-06-16T16:35:34.509+0000] {dag.py:3947} INFO - Setting next_dagrun for 04_postgres_taxi to None, run_after=None
[2026-06-16T16:35:34.533+0000] {processor.py:183} INFO - Processing /opt/airflow/dags/dag_04_postgres_taxi.py took 0.119 seconds
[2026-06-16T16:36:04.582+0000] {processor.py:161} INFO - Started process (PID=20478) to work on /opt/airflow/dags/dag_04_postgres_taxi.py
[2026-06-16T16:36:04.584+0000] {processor.py:830} INFO - Processing file /opt/airflow/dags/dag_04_postgres_taxi.py for tasks to queue
[2026-06-16T16:36:04.586+0000] {logging_mixin.py:188} INFO - [2026-06-16T16:36:04.585+0000] {dagbag.py:545} INFO - Filling up the DagBag from /opt/airflow/dags/dag_04_postgres_taxi.py
[2026-06-16T16:36:04.597+0000] {processor.py:840} INFO - DAG(s) '04_postgres_taxi' retrieved from /opt/airflow/dags/dag_04_postgres_taxi.py
[2026-06-16T16:36:04.647+0000] {logging_mixin.py:188} INFO - [2026-06-16T16:36:04.647+0000] {dag.py:3089} INFO - Sync 1 DAGs
[2026-06-16T16:36:04.660+0000] {logging_mixin.py:188} INFO - [2026-06-16T16:36:04.660+0000] {dag.py:3947} INFO - Setting next_dagrun for 04_postgres_taxi to None, run_after=None
[2026-06-16T16:36:04.683+0000] {processor.py:183} INFO - Processing /opt/airflow/dags/dag_04_postgres_taxi.py took 0.109 seconds
[2026-06-16T16:36:34.792+0000] {processor.py:161} INFO - Started process (PID=20518) to work on /opt/airflow/dags/dag_04_postgres_taxi.py
[2026-06-16T16:36:34.794+0000] {processor.py:830} INFO - Processing file /opt/airflow/dags/dag_04_postgres_taxi.py for tasks to queue
[2026-06-16T16:36:34.796+0000] {logging_mixin.py:188} INFO - [2026-06-16T16:36:34.796+0000] {dagbag.py:545} INFO - Filling up the DagBag from /opt/airflow/dags/dag_04_postgres_taxi.py
[2026-06-16T16:36:34.809+0000] {processor.py:840} INFO - DAG(s) '04_postgres_taxi' retrieved from /opt/airflow/dags/dag_04_postgres_taxi.py
[2026-06-16T16:36:34.872+0000] {logging_mixin.py:188} INFO - [2026-06-16T16:36:34.872+0000] {dag.py:3089} INFO - Sync 1 DAGs
[2026-06-16T16:36:34.889+0000] {logging_mixin.py:188} INFO - [2026-06-16T16:36:34.889+0000] {dag.py:3947} INFO - Setting next_dagrun for 04_postgres_taxi to None, run_after=None
[2026-06-16T16:36:34.911+0000] {processor.py:183} INFO - Processing /opt/airflow/dags/dag_04_postgres_taxi.py took 0.128 seconds
[2026-06-16T16:37:04.978+0000] {processor.py:161} INFO - Started process (PID=20558) to work on /opt/airflow/dags/dag_04_postgres_taxi.py
[2026-06-16T16:37:04.979+0000] {processor.py:830} INFO - Processing file /opt/airflow/dags/dag_04_postgres_taxi.py for tasks to queue
[2026-06-16T16:37:04.981+0000] {logging_mixin.py:188} INFO - [2026-06-16T16:37:04.981+0000] {dagbag.py:545} INFO - Filling up the DagBag from /opt/airflow/dags/dag_04_postgres_taxi.py
[2026-06-16T16:37:04.993+0000] {processor.py:840} INFO - DAG(s) '04_postgres_taxi' retrieved from /opt/airflow/dags/dag_04_postgres_taxi.py
[2026-06-16T16:37:05.045+0000] {logging_mixin.py:188} INFO - [2026-06-16T16:37:05.045+0000] {dag.py:3089} INFO - Sync 1 DAGs
[2026-06-16T16:37:05.060+0000] {logging_mixin.py:188} INFO - [2026-06-16T16:37:05.059+0000] {dag.py:3947} INFO - Setting next_dagrun for 04_postgres_taxi to None, run_after=None
[2026-06-16T16:37:05.088+0000] {processor.py:183} INFO - Processing /opt/airflow/dags/dag_04_postgres_taxi.py took 0.118 seconds
[2026-06-16T16:37:35.220+0000] {processor.py:161} INFO - Started process (PID=20598) to work on /opt/airflow/dags/dag_04_postgres_taxi.py
[2026-06-16T16:37:35.221+0000] {processor.py:830} INFO - Processing file /opt/airflow/dags/dag_04_postgres_taxi.py for tasks to queue
[2026-06-16T16:37:35.224+0000] {logging_mixin.py:188} INFO - [2026-06-16T16:37:35.224+0000] {dagbag.py:545} INFO - Filling up the DagBag from /opt/airflow/dags/dag_04_postgres_taxi.py
[2026-06-16T16:37:35.236+0000] {processor.py:840} INFO - DAG(s) '04_postgres_taxi' retrieved from /opt/airflow/dags/dag_04_postgres_taxi.py
[2026-06-16T16:37:35.293+0000] {logging_mixin.py:188} INFO - [2026-06-16T16:37:35.292+0000] {dag.py:3089} INFO - Sync 1 DAGs
[2026-06-16T16:37:35.309+0000] {logging_mixin.py:188} INFO - [2026-06-16T16:37:35.309+0000] {dag.py:3947} INFO - Setting next_dagrun for 04_postgres_taxi to None, run_after=None
[2026-06-16T16:37:35.331+0000] {processor.py:183} INFO - Processing /opt/airflow/dags/dag_04_postgres_taxi.py took 0.119 seconds
[2026-06-16T16:38:05.389+0000] {processor.py:161} INFO - Started process (PID=20638) to work on /opt/airflow/dags/dag_04_postgres_taxi.py
[2026-06-16T16:38:05.390+0000] {processor.py:830} INFO - Processing file /opt/airflow/dags/dag_04_postgres_taxi.py for tasks to queue
[2026-06-16T16:38:05.394+0000] {logging_mixin.py:188} INFO - [2026-06-16T16:38:05.394+0000] {dagbag.py:545} INFO - Filling up the DagBag from /opt/airflow/dags/dag_04_postgres_taxi.py
[2026-06-16T16:38:05.407+0000] {processor.py:840} INFO - DAG(s) '04_postgres_taxi' retrieved from /opt/airflow/dags/dag_04_postgres_taxi.py
[2026-06-16T16:38:05.459+0000] {logging_mixin.py:188} INFO - [2026-06-16T16:38:05.458+0000] {dag.py:3089} INFO - Sync 1 DAGs
[2026-06-16T16:38:05.474+0000] {logging_mixin.py:188} INFO - [2026-06-16T16:38:05.474+0000] {dag.py:3947} INFO - Setting next_dagrun for 04_postgres_taxi to None, run_after=None
[2026-06-16T16:38:05.496+0000] {processor.py:183} INFO - Processing /opt/airflow/dags/dag_04_postgres_taxi.py took 0.114 seconds
[2026-06-16T16:38:35.597+0000] {processor.py:161} INFO - Started process (PID=20678) to work on /opt/airflow/dags/dag_04_postgres_taxi.py
[2026-06-16T16:38:35.599+0000] {processor.py:830} INFO - Processing file /opt/airflow/dags/dag_04_postgres_taxi.py for tasks to queue
[2026-06-16T16:38:35.601+0000] {logging_mixin.py:188} INFO - [2026-06-16T16:38:35.601+0000] {dagbag.py:545} INFO - Filling up the DagBag from /opt/airflow/dags/dag_04_postgres_taxi.py
[2026-06-16T16:38:35.613+0000] {processor.py:840} INFO - DAG(s) '04_postgres_taxi' retrieved from /opt/airflow/dags/dag_04_postgres_taxi.py
[2026-06-16T16:38:35.665+0000] {logging_mixin.py:188} INFO - [2026-06-16T16:38:35.664+0000] {dag.py:3089} INFO - Sync 1 DAGs
[2026-06-16T16:38:35.682+0000] {logging_mixin.py:188} INFO - [2026-06-16T16:38:35.682+0000] {dag.py:3947} INFO - Setting next_dagrun for 04_postgres_taxi to None, run_after=None
[2026-06-16T16:38:35.705+0000] {processor.py:183} INFO - Processing /opt/airflow/dags/dag_04_postgres_taxi.py took 0.115 seconds
[2026-06-16T16:39:05.749+0000] {processor.py:161} INFO - Started process (PID=20718) to work on /opt/airflow/dags/dag_04_postgres_taxi.py
[2026-06-16T16:39:05.750+0000] {processor.py:830} INFO - Processing file /opt/airflow/dags/dag_04_postgres_taxi.py for tasks to queue
[2026-06-16T16:39:05.752+0000] {logging_mixin.py:188} INFO - [2026-06-16T16:39:05.752+0000] {dagbag.py:545} INFO - Filling up the DagBag from /opt/airflow/dags/dag_04_postgres_taxi.py
[2026-06-16T16:39:05.763+0000] {processor.py:840} INFO - DAG(s) '04_postgres_taxi' retrieved from /opt/airflow/dags/dag_04_postgres_taxi.py
[2026-06-16T16:39:05.815+0000] {logging_mixin.py:188} INFO - [2026-06-16T16:39:05.814+0000] {dag.py:3089} INFO - Sync 1 DAGs
[2026-06-16T16:39:05.829+0000] {logging_mixin.py:188} INFO - [2026-06-16T16:39:05.829+0000] {dag.py:3947} INFO - Setting next_dagrun for 04_postgres_taxi to None, run_after=None
[2026-06-16T16:39:05.852+0000] {processor.py:183} INFO - Processing /opt/airflow/dags/dag_04_postgres_taxi.py took 0.109 seconds
[2026-06-16T16:39:35.907+0000] {processor.py:161} INFO - Started process (PID=20758) to work on /opt/airflow/dags/dag_04_postgres_taxi.py
[2026-06-16T16:39:35.908+0000] {processor.py:830} INFO - Processing file /opt/airflow/dags/dag_04_postgres_taxi.py for tasks to queue
[2026-06-16T16:39:35.910+0000] {logging_mixin.py:188} INFO - [2026-06-16T16:39:35.910+0000] {dagbag.py:545} INFO - Filling up the DagBag from /opt/airflow/dags/dag_04_postgres_taxi.py
[2026-06-16T16:39:35.921+0000] {processor.py:840} INFO - DAG(s) '04_postgres_taxi' retrieved from /opt/airflow/dags/dag_04_postgres_taxi.py
[2026-06-16T16:39:35.972+0000] {logging_mixin.py:188} INFO - [2026-06-16T16:39:35.972+0000] {dag.py:3089} INFO - Sync 1 DAGs
[2026-06-16T16:39:35.987+0000] {logging_mixin.py:188} INFO - [2026-06-16T16:39:35.987+0000] {dag.py:3947} INFO - Setting next_dagrun for 04_postgres_taxi to None, run_after=None
[2026-06-16T16:39:36.013+0000] {processor.py:183} INFO - Processing /opt/airflow/dags/dag_04_postgres_taxi.py took 0.114 seconds
[2026-06-16T16:40:06.054+0000] {processor.py:161} INFO - Started process (PID=20798) to work on /opt/airflow/dags/dag_04_postgres_taxi.py
[2026-06-16T16:40:06.055+0000] {processor.py:830} INFO - Processing file /opt/airflow/dags/dag_04_postgres_taxi.py for tasks to queue
[2026-06-16T16:40:06.057+0000] {logging_mixin.py:188} INFO - [2026-06-16T16:40:06.056+0000] {dagbag.py:545} INFO - Filling up the DagBag from /opt/airflow/dags/dag_04_postgres_taxi.py
[2026-06-16T16:40:06.068+0000] {processor.py:840} INFO - DAG(s) '04_postgres_taxi' retrieved from /opt/airflow/dags/dag_04_postgres_taxi.py
[2026-06-16T16:40:06.138+0000] {logging_mixin.py:188} INFO - [2026-06-16T16:40:06.137+0000] {dag.py:3089} INFO - Sync 1 DAGs
[2026-06-16T16:40:06.155+0000] {logging_mixin.py:188} INFO - [2026-06-16T16:40:06.154+0000] {dag.py:3947} INFO - Setting next_dagrun for 04_postgres_taxi to None, run_after=None
[2026-06-16T16:40:06.181+0000] {processor.py:183} INFO - Processing /opt/airflow/dags/dag_04_postgres_taxi.py took 0.135 seconds
[2026-06-16T16:40:36.251+0000] {processor.py:161} INFO - Started process (PID=20838) to work on /opt/airflow/dags/dag_04_postgres_taxi.py
[2026-06-16T16:40:36.262+0000] {processor.py:830} INFO - Processing file /opt/airflow/dags/dag_04_postgres_taxi.py for tasks to queue
[2026-06-16T16:40:36.264+0000] {logging_mixin.py:188} INFO - [2026-06-16T16:40:36.263+0000] {dagbag.py:545} INFO - Filling up the DagBag from /opt/airflow/dags/dag_04_postgres_taxi.py
[2026-06-16T16:40:36.275+0000] {processor.py:840} INFO - DAG(s) '04_postgres_taxi' retrieved from /opt/airflow/dags/dag_04_postgres_taxi.py
[2026-06-16T16:40:36.328+0000] {logging_mixin.py:188} INFO - [2026-06-16T16:40:36.327+0000] {dag.py:3089} INFO - Sync 1 DAGs
[2026-06-16T16:40:36.343+0000] {logging_mixin.py:188} INFO - [2026-06-16T16:40:36.342+0000] {dag.py:3947} INFO - Setting next_dagrun for 04_postgres_taxi to None, run_after=None
[2026-06-16T16:40:36.364+0000] {processor.py:183} INFO - Processing /opt/airflow/dags/dag_04_postgres_taxi.py took 0.119 seconds
[2026-06-16T16:41:06.472+0000] {processor.py:161} INFO - Started process (PID=20878) to work on /opt/airflow/dags/dag_04_postgres_taxi.py
[2026-06-16T16:41:06.473+0000] {processor.py:830} INFO - Processing file /opt/airflow/dags/dag_04_postgres_taxi.py for tasks to queue
[2026-06-16T16:41:06.475+0000] {logging_mixin.py:188} INFO - [2026-06-16T16:41:06.475+0000] {dagbag.py:545} INFO - Filling up the DagBag from /opt/airflow/dags/dag_04_postgres_taxi.py
[2026-06-16T16:41:06.486+0000] {processor.py:840} INFO - DAG(s) '04_postgres_taxi' retrieved from /opt/airflow/dags/dag_04_postgres_taxi.py
[2026-06-16T16:41:06.538+0000] {logging_mixin.py:188} INFO - [2026-06-16T16:41:06.538+0000] {dag.py:3089} INFO - Sync 1 DAGs
[2026-06-16T16:41:06.552+0000] {logging_mixin.py:188} INFO - [2026-06-16T16:41:06.551+0000] {dag.py:3947} INFO - Setting next_dagrun for 04_postgres_taxi to None, run_after=None
[2026-06-16T16:41:06.577+0000] {processor.py:183} INFO - Processing /opt/airflow/dags/dag_04_postgres_taxi.py took 0.111 seconds
[2026-06-16T16:41:36.644+0000] {processor.py:161} INFO - Started process (PID=20918) to work on /opt/airflow/dags/dag_04_postgres_taxi.py
[2026-06-16T16:41:36.656+0000] {processor.py:830} INFO - Processing file /opt/airflow/dags/dag_04_postgres_taxi.py for tasks to queue
[2026-06-16T16:41:36.657+0000] {logging_mixin.py:188} INFO - [2026-06-16T16:41:36.657+0000] {dagbag.py:545} INFO - Filling up the DagBag from /opt/airflow/dags/dag_04_postgres_taxi.py
[2026-06-16T16:41:36.669+0000] {processor.py:840} INFO - DAG(s) '04_postgres_taxi' retrieved from /opt/airflow/dags/dag_04_postgres_taxi.py
[2026-06-16T16:41:36.725+0000] {logging_mixin.py:188} INFO - [2026-06-16T16:41:36.725+0000] {dag.py:3089} INFO - Sync 1 DAGs
[2026-06-16T16:41:36.741+0000] {logging_mixin.py:188} INFO - [2026-06-16T16:41:36.741+0000] {dag.py:3947} INFO - Setting next_dagrun for 04_postgres_taxi to None, run_after=None
[2026-06-16T16:41:36.768+0000] {processor.py:183} INFO - Processing /opt/airflow/dags/dag_04_postgres_taxi.py took 0.131 seconds
[2026-06-16T16:42:06.836+0000] {processor.py:161} INFO - Started process (PID=20958) to work on /opt/airflow/dags/dag_04_postgres_taxi.py
[2026-06-16T16:42:06.837+0000] {processor.py:830} INFO - Processing file /opt/airflow/dags/dag_04_postgres_taxi.py for tasks to queue
[2026-06-16T16:42:06.839+0000] {logging_mixin.py:188} INFO - [2026-06-16T16:42:06.839+0000] {dagbag.py:545} INFO - Filling up the DagBag from /opt/airflow/dags/dag_04_postgres_taxi.py
[2026-06-16T16:42:06.851+0000] {processor.py:840} INFO - DAG(s) '04_postgres_taxi' retrieved from /opt/airflow/dags/dag_04_postgres_taxi.py
[2026-06-16T16:42:06.903+0000] {logging_mixin.py:188} INFO - [2026-06-16T16:42:06.902+0000] {dag.py:3089} INFO - Sync 1 DAGs
[2026-06-16T16:42:06.917+0000] {logging_mixin.py:188} INFO - [2026-06-16T16:42:06.917+0000] {dag.py:3947} INFO - Setting next_dagrun for 04_postgres_taxi to None, run_after=None
[2026-06-16T16:42:06.939+0000] {processor.py:183} INFO - Processing /opt/airflow/dags/dag_04_postgres_taxi.py took 0.111 seconds
[2026-06-16T16:42:36.982+0000] {processor.py:161} INFO - Started process (PID=20998) to work on /opt/airflow/dags/dag_04_postgres_taxi.py
[2026-06-16T16:42:36.986+0000] {processor.py:830} INFO - Processing file /opt/airflow/dags/dag_04_postgres_taxi.py for tasks to queue
[2026-06-16T16:42:36.988+0000] {logging_mixin.py:188} INFO - [2026-06-16T16:42:36.988+0000] {dagbag.py:545} INFO - Filling up the DagBag from /opt/airflow/dags/dag_04_postgres_taxi.py
[2026-06-16T16:42:36.999+0000] {processor.py:840} INFO - DAG(s) '04_postgres_taxi' retrieved from /opt/airflow/dags/dag_04_postgres_taxi.py
[2026-06-16T16:42:37.054+0000] {logging_mixin.py:188} INFO - [2026-06-16T16:42:37.054+0000] {dag.py:3089} INFO - Sync 1 DAGs
[2026-06-16T16:42:37.070+0000] {logging_mixin.py:188} INFO - [2026-06-16T16:42:37.070+0000] {dag.py:3947} INFO - Setting next_dagrun for 04_postgres_taxi to None, run_after=None
[2026-06-16T16:42:37.092+0000] {processor.py:183} INFO - Processing /opt/airflow/dags/dag_04_postgres_taxi.py took 0.116 seconds
[2026-06-16T16:43:07.196+0000] {processor.py:161} INFO - Started process (PID=21038) to work on /opt/airflow/dags/dag_04_postgres_taxi.py
[2026-06-16T16:43:07.197+0000] {processor.py:830} INFO - Processing file /opt/airflow/dags/dag_04_postgres_taxi.py for tasks to queue
[2026-06-16T16:43:07.199+0000] {logging_mixin.py:188} INFO - [2026-06-16T16:43:07.199+0000] {dagbag.py:545} INFO - Filling up the DagBag from /opt/airflow/dags/dag_04_postgres_taxi.py
[2026-06-16T16:43:07.211+0000] {processor.py:840} INFO - DAG(s) '04_postgres_taxi' retrieved from /opt/airflow/dags/dag_04_postgres_taxi.py
[2026-06-16T16:43:07.263+0000] {logging_mixin.py:188} INFO - [2026-06-16T16:43:07.263+0000] {dag.py:3089} INFO - Sync 1 DAGs
[2026-06-16T16:43:07.278+0000] {logging_mixin.py:188} INFO - [2026-06-16T16:43:07.277+0000] {dag.py:3947} INFO - Setting next_dagrun for 04_postgres_taxi to None, run_after=None
[2026-06-16T16:43:07.301+0000] {processor.py:183} INFO - Processing /opt/airflow/dags/dag_04_postgres_taxi.py took 0.113 seconds
[2026-06-16T16:43:37.435+0000] {processor.py:161} INFO - Started process (PID=21078) to work on /opt/airflow/dags/dag_04_postgres_taxi.py
[2026-06-16T16:43:37.446+0000] {processor.py:830} INFO - Processing file /opt/airflow/dags/dag_04_postgres_taxi.py for tasks to queue
[2026-06-16T16:43:37.448+0000] {logging_mixin.py:188} INFO - [2026-06-16T16:43:37.448+0000] {dagbag.py:545} INFO - Filling up the DagBag from /opt/airflow/dags/dag_04_postgres_taxi.py
[2026-06-16T16:43:37.459+0000] {processor.py:840} INFO - DAG(s) '04_postgres_taxi' retrieved from /opt/airflow/dags/dag_04_postgres_taxi.py
[2026-06-16T16:43:37.513+0000] {logging_mixin.py:188} INFO - [2026-06-16T16:43:37.512+0000] {dag.py:3089} INFO - Sync 1 DAGs
[2026-06-16T16:43:37.531+0000] {logging_mixin.py:188} INFO - [2026-06-16T16:43:37.531+0000] {dag.py:3947} INFO - Setting next_dagrun for 04_postgres_taxi to None, run_after=None
[2026-06-16T16:43:37.564+0000] {processor.py:183} INFO - Processing /opt/airflow/dags/dag_04_postgres_taxi.py took 0.135 seconds
[2026-06-16T16:44:07.670+0000] {processor.py:161} INFO - Started process (PID=21118) to work on /opt/airflow/dags/dag_04_postgres_taxi.py
[2026-06-16T16:44:07.671+0000] {processor.py:830} INFO - Processing file /opt/airflow/dags/dag_04_postgres_taxi.py for tasks to queue
[2026-06-16T16:44:07.673+0000] {logging_mixin.py:188} INFO - [2026-06-16T16:44:07.673+0000] {dagbag.py:545} INFO - Filling up the DagBag from /opt/airflow/dags/dag_04_postgres_taxi.py
[2026-06-16T16:44:07.684+0000] {processor.py:840} INFO - DAG(s) '04_postgres_taxi' retrieved from /opt/airflow/dags/dag_04_postgres_taxi.py
[2026-06-16T16:44:07.735+0000] {logging_mixin.py:188} INFO - [2026-06-16T16:44:07.735+0000] {dag.py:3089} INFO - Sync 1 DAGs
[2026-06-16T16:44:07.748+0000] {logging_mixin.py:188} INFO - [2026-06-16T16:44:07.748+0000] {dag.py:3947} INFO - Setting next_dagrun for 04_postgres_taxi to None, run_after=None
[2026-06-16T16:44:07.772+0000] {processor.py:183} INFO - Processing /opt/airflow/dags/dag_04_postgres_taxi.py took 0.109 seconds
[2026-06-16T16:44:37.845+0000] {processor.py:161} INFO - Started process (PID=21158) to work on /opt/airflow/dags/dag_04_postgres_taxi.py
[2026-06-16T16:44:37.847+0000] {processor.py:830} INFO - Processing file /opt/airflow/dags/dag_04_postgres_taxi.py for tasks to queue
[2026-06-16T16:44:37.849+0000] {logging_mixin.py:188} INFO - [2026-06-16T16:44:37.849+0000] {dagbag.py:545} INFO - Filling up the DagBag from /opt/airflow/dags/dag_04_postgres_taxi.py
[2026-06-16T16:44:37.861+0000] {processor.py:840} INFO - DAG(s) '04_postgres_taxi' retrieved from /opt/airflow/dags/dag_04_postgres_taxi.py
[2026-06-16T16:44:37.916+0000] {logging_mixin.py:188} INFO - [2026-06-16T16:44:37.916+0000] {dag.py:3089} INFO - Sync 1 DAGs
[2026-06-16T16:44:37.933+0000] {logging_mixin.py:188} INFO - [2026-06-16T16:44:37.932+0000] {dag.py:3947} INFO - Setting next_dagrun for 04_postgres_taxi to None, run_after=None
[2026-06-16T16:44:37.956+0000] {processor.py:183} INFO - Processing /opt/airflow/dags/dag_04_postgres_taxi.py took 0.118 seconds
[2026-06-16T16:45:08.041+0000] {processor.py:161} INFO - Started process (PID=21198) to work on /opt/airflow/dags/dag_04_postgres_taxi.py
[2026-06-16T16:45:08.051+0000] {processor.py:830} INFO - Processing file /opt/airflow/dags/dag_04_postgres_taxi.py for tasks to queue
[2026-06-16T16:45:08.053+0000] {logging_mixin.py:188} INFO - [2026-06-16T16:45:08.052+0000] {dagbag.py:545} INFO - Filling up the DagBag from /opt/airflow/dags/dag_04_postgres_taxi.py
[2026-06-16T16:45:08.064+0000] {processor.py:840} INFO - DAG(s) '04_postgres_taxi' retrieved from /opt/airflow/dags/dag_04_postgres_taxi.py
[2026-06-16T16:45:08.119+0000] {logging_mixin.py:188} INFO - [2026-06-16T16:45:08.119+0000] {dag.py:3089} INFO - Sync 1 DAGs
[2026-06-16T16:45:08.134+0000] {logging_mixin.py:188} INFO - [2026-06-16T16:45:08.134+0000] {dag.py:3947} INFO - Setting next_dagrun for 04_postgres_taxi to None, run_after=None
[2026-06-16T16:45:08.156+0000] {processor.py:183} INFO - Processing /opt/airflow/dags/dag_04_postgres_taxi.py took 0.123 seconds
[2026-06-16T16:45:38.238+0000] {processor.py:161} INFO - Started process (PID=21238) to work on /opt/airflow/dags/dag_04_postgres_taxi.py
[2026-06-16T16:45:38.249+0000] {processor.py:830} INFO - Processing file /opt/airflow/dags/dag_04_postgres_taxi.py for tasks to queue
[2026-06-16T16:45:38.252+0000] {logging_mixin.py:188} INFO - [2026-06-16T16:45:38.251+0000] {dagbag.py:545} INFO - Filling up the DagBag from /opt/airflow/dags/dag_04_postgres_taxi.py
[2026-06-16T16:45:38.265+0000] {processor.py:840} INFO - DAG(s) '04_postgres_taxi' retrieved from /opt/airflow/dags/dag_04_postgres_taxi.py
[2026-06-16T16:45:38.320+0000] {logging_mixin.py:188} INFO - [2026-06-16T16:45:38.320+0000] {dag.py:3089} INFO - Sync 1 DAGs
[2026-06-16T16:45:38.337+0000] {logging_mixin.py:188} INFO - [2026-06-16T16:45:38.337+0000] {dag.py:3947} INFO - Setting next_dagrun for 04_postgres_taxi to None, run_after=None
[2026-06-16T16:45:38.360+0000] {processor.py:183} INFO - Processing /opt/airflow/dags/dag_04_postgres_taxi.py took 0.130 seconds
[2026-06-16T16:46:08.433+0000] {processor.py:161} INFO - Started process (PID=21278) to work on /opt/airflow/dags/dag_04_postgres_taxi.py
[2026-06-16T16:46:08.436+0000] {processor.py:830} INFO - Processing file /opt/airflow/dags/dag_04_postgres_taxi.py for tasks to queue
[2026-06-16T16:46:08.438+0000] {logging_mixin.py:188} INFO - [2026-06-16T16:46:08.438+0000] {dagbag.py:545} INFO - Filling up the DagBag from /opt/airflow/dags/dag_04_postgres_taxi.py
[2026-06-16T16:46:08.452+0000] {processor.py:840} INFO - DAG(s) '04_postgres_taxi' retrieved from /opt/airflow/dags/dag_04_postgres_taxi.py
[2026-06-16T16:46:08.506+0000] {logging_mixin.py:188} INFO - [2026-06-16T16:46:08.506+0000] {dag.py:3089} INFO - Sync 1 DAGs
[2026-06-16T16:46:08.524+0000] {logging_mixin.py:188} INFO - [2026-06-16T16:46:08.523+0000] {dag.py:3947} INFO - Setting next_dagrun for 04_postgres_taxi to None, run_after=None
[2026-06-16T16:46:08.553+0000] {processor.py:183} INFO - Processing /opt/airflow/dags/dag_04_postgres_taxi.py took 0.130 seconds
[2026-06-16T16:46:39.196+0000] {processor.py:161} INFO - Started process (PID=21318) to work on /opt/airflow/dags/dag_04_postgres_taxi.py
[2026-06-16T16:46:39.199+0000] {processor.py:830} INFO - Processing file /opt/airflow/dags/dag_04_postgres_taxi.py for tasks to queue
[2026-06-16T16:46:39.200+0000] {logging_mixin.py:188} INFO - [2026-06-16T16:46:39.200+0000] {dagbag.py:545} INFO - Filling up the DagBag from /opt/airflow/dags/dag_04_postgres_taxi.py
[2026-06-16T16:46:39.211+0000] {processor.py:840} INFO - DAG(s) '04_postgres_taxi' retrieved from /opt/airflow/dags/dag_04_postgres_taxi.py
[2026-06-16T16:46:39.269+0000] {logging_mixin.py:188} INFO - [2026-06-16T16:46:39.269+0000] {dag.py:3089} INFO - Sync 1 DAGs
[2026-06-16T16:46:39.283+0000] {logging_mixin.py:188} INFO - [2026-06-16T16:46:39.282+0000] {dag.py:3947} INFO - Setting next_dagrun for 04_postgres_taxi to None, run_after=None
[2026-06-16T16:46:39.305+0000] {processor.py:183} INFO - Processing /opt/airflow/dags/dag_04_postgres_taxi.py took 0.115 seconds
[2026-06-16T16:47:09.435+0000] {processor.py:161} INFO - Started process (PID=21358) to work on /opt/airflow/dags/dag_04_postgres_taxi.py
[2026-06-16T16:47:09.436+0000] {processor.py:830} INFO - Processing file /opt/airflow/dags/dag_04_postgres_taxi.py for tasks to queue
[2026-06-16T16:47:09.438+0000] {logging_mixin.py:188} INFO - [2026-06-16T16:47:09.437+0000] {dagbag.py:545} INFO - Filling up the DagBag from /opt/airflow/dags/dag_04_postgres_taxi.py
[2026-06-16T16:47:09.449+0000] {processor.py:840} INFO - DAG(s) '04_postgres_taxi' retrieved from /opt/airflow/dags/dag_04_postgres_taxi.py
[2026-06-16T16:47:09.504+0000] {logging_mixin.py:188} INFO - [2026-06-16T16:47:09.504+0000] {dag.py:3089} INFO - Sync 1 DAGs
[2026-06-16T16:47:09.517+0000] {logging_mixin.py:188} INFO - [2026-06-16T16:47:09.517+0000] {dag.py:3947} INFO - Setting next_dagrun for 04_postgres_taxi to None, run_after=None
[2026-06-16T16:47:09.538+0000] {processor.py:183} INFO - Processing /opt/airflow/dags/dag_04_postgres_taxi.py took 0.111 seconds
[2026-06-16T16:47:39.661+0000] {processor.py:161} INFO - Started process (PID=21398) to work on /opt/airflow/dags/dag_04_postgres_taxi.py
[2026-06-16T16:47:39.662+0000] {processor.py:830} INFO - Processing file /opt/airflow/dags/dag_04_postgres_taxi.py for tasks to queue
[2026-06-16T16:47:39.664+0000] {logging_mixin.py:188} INFO - [2026-06-16T16:47:39.663+0000] {dagbag.py:545} INFO - Filling up the DagBag from /opt/airflow/dags/dag_04_postgres_taxi.py
[2026-06-16T16:47:39.676+0000] {processor.py:840} INFO - DAG(s) '04_postgres_taxi' retrieved from /opt/airflow/dags/dag_04_postgres_taxi.py
[2026-06-16T16:47:39.730+0000] {logging_mixin.py:188} INFO - [2026-06-16T16:47:39.730+0000] {dag.py:3089} INFO - Sync 1 DAGs
[2026-06-16T16:47:39.743+0000] {logging_mixin.py:188} INFO - [2026-06-16T16:47:39.743+0000] {dag.py:3947} INFO - Setting next_dagrun for 04_postgres_taxi to None, run_after=None
[2026-06-16T16:47:39.764+0000] {processor.py:183} INFO - Processing /opt/airflow/dags/dag_04_postgres_taxi.py took 0.109 seconds
[2026-06-16T16:48:09.883+0000] {processor.py:161} INFO - Started process (PID=21438) to work on /opt/airflow/dags/dag_04_postgres_taxi.py
[2026-06-16T16:48:09.884+0000] {processor.py:830} INFO - Processing file /opt/airflow/dags/dag_04_postgres_taxi.py for tasks to queue
[2026-06-16T16:48:09.887+0000] {logging_mixin.py:188} INFO - [2026-06-16T16:48:09.886+0000] {dagbag.py:545} INFO - Filling up the DagBag from /opt/airflow/dags/dag_04_postgres_taxi.py
[2026-06-16T16:48:09.900+0000] {processor.py:840} INFO - DAG(s) '04_postgres_taxi' retrieved from /opt/airflow/dags/dag_04_postgres_taxi.py
[2026-06-16T16:48:09.954+0000] {logging_mixin.py:188} INFO - [2026-06-16T16:48:09.954+0000] {dag.py:3089} INFO - Sync 1 DAGs
[2026-06-16T16:48:09.968+0000] {logging_mixin.py:188} INFO - [2026-06-16T16:48:09.968+0000] {dag.py:3947} INFO - Setting next_dagrun for 04_postgres_taxi to None, run_after=None
[2026-06-16T16:48:09.992+0000] {processor.py:183} INFO - Processing /opt/airflow/dags/dag_04_postgres_taxi.py took 0.117 seconds
[2026-06-16T16:48:40.088+0000] {processor.py:161} INFO - Started process (PID=21478) to work on /opt/airflow/dags/dag_04_postgres_taxi.py
[2026-06-16T16:48:40.089+0000] {processor.py:830} INFO - Processing file /opt/airflow/dags/dag_04_postgres_taxi.py for tasks to queue
[2026-06-16T16:48:40.091+0000] {logging_mixin.py:188} INFO - [2026-06-16T16:48:40.090+0000] {dagbag.py:545} INFO - Filling up the DagBag from /opt/airflow/dags/dag_04_postgres_taxi.py
[2026-06-16T16:48:40.102+0000] {processor.py:840} INFO - DAG(s) '04_postgres_taxi' retrieved from /opt/airflow/dags/dag_04_postgres_taxi.py
[2026-06-16T16:48:40.154+0000] {logging_mixin.py:188} INFO - [2026-06-16T16:48:40.154+0000] {dag.py:3089} INFO - Sync 1 DAGs
[2026-06-16T16:48:40.167+0000] {logging_mixin.py:188} INFO - [2026-06-16T16:48:40.167+0000] {dag.py:3947} INFO - Setting next_dagrun for 04_postgres_taxi to None, run_after=None
[2026-06-16T16:48:40.188+0000] {processor.py:183} INFO - Processing /opt/airflow/dags/dag_04_postgres_taxi.py took 0.108 seconds
[2026-06-16T16:49:10.243+0000] {processor.py:161} INFO - Started process (PID=21518) to work on /opt/airflow/dags/dag_04_postgres_taxi.py
[2026-06-16T16:49:10.244+0000] {processor.py:830} INFO - Processing file /opt/airflow/dags/dag_04_postgres_taxi.py for tasks to queue
[2026-06-16T16:49:10.246+0000] {logging_mixin.py:188} INFO - [2026-06-16T16:49:10.246+0000] {dagbag.py:545} INFO - Filling up the DagBag from /opt/airflow/dags/dag_04_postgres_taxi.py
[2026-06-16T16:49:10.258+0000] {processor.py:840} INFO - DAG(s) '04_postgres_taxi' retrieved from /opt/airflow/dags/dag_04_postgres_taxi.py
[2026-06-16T16:49:10.309+0000] {logging_mixin.py:188} INFO - [2026-06-16T16:49:10.309+0000] {dag.py:3089} INFO - Sync 1 DAGs
[2026-06-16T16:49:10.323+0000] {logging_mixin.py:188} INFO - [2026-06-16T16:49:10.323+0000] {dag.py:3947} INFO - Setting next_dagrun for 04_postgres_taxi to None, run_after=None
[2026-06-16T16:49:10.345+0000] {processor.py:183} INFO - Processing /opt/airflow/dags/dag_04_postgres_taxi.py took 0.109 seconds
[2026-06-16T16:49:41.165+0000] {processor.py:161} INFO - Started process (PID=21553) to work on /opt/airflow/dags/dag_04_postgres_taxi.py
[2026-06-16T16:49:41.166+0000] {processor.py:830} INFO - Processing file /opt/airflow/dags/dag_04_postgres_taxi.py for tasks to queue
[2026-06-16T16:49:41.168+0000] {logging_mixin.py:188} INFO - [2026-06-16T16:49:41.168+0000] {dagbag.py:545} INFO - Filling up the DagBag from /opt/airflow/dags/dag_04_postgres_taxi.py
[2026-06-16T16:49:41.181+0000] {processor.py:840} INFO - DAG(s) '04_postgres_taxi' retrieved from /opt/airflow/dags/dag_04_postgres_taxi.py
[2026-06-16T16:49:41.258+0000] {logging_mixin.py:188} INFO - [2026-06-16T16:49:41.258+0000] {dag.py:3089} INFO - Sync 1 DAGs
[2026-06-16T16:49:41.277+0000] {logging_mixin.py:188} INFO - [2026-06-16T16:49:41.276+0000] {dag.py:3947} INFO - Setting next_dagrun for 04_postgres_taxi to None, run_after=None
[2026-06-16T16:49:41.303+0000] {processor.py:183} INFO - Processing /opt/airflow/dags/dag_04_postgres_taxi.py took 0.148 seconds
[2026-06-16T16:50:12.175+0000] {processor.py:161} INFO - Started process (PID=21593) to work on /opt/airflow/dags/dag_04_postgres_taxi.py
[2026-06-16T16:50:12.177+0000] {processor.py:830} INFO - Processing file /opt/airflow/dags/dag_04_postgres_taxi.py for tasks to queue
[2026-06-16T16:50:12.179+0000] {logging_mixin.py:188} INFO - [2026-06-16T16:50:12.179+0000] {dagbag.py:545} INFO - Filling up the DagBag from /opt/airflow/dags/dag_04_postgres_taxi.py
[2026-06-16T16:50:12.194+0000] {processor.py:840} INFO - DAG(s) '04_postgres_taxi' retrieved from /opt/airflow/dags/dag_04_postgres_taxi.py
[2026-06-16T16:50:12.257+0000] {logging_mixin.py:188} INFO - [2026-06-16T16:50:12.257+0000] {dag.py:3089} INFO - Sync 1 DAGs
[2026-06-16T16:50:12.281+0000] {logging_mixin.py:188} INFO - [2026-06-16T16:50:12.281+0000] {dag.py:3947} INFO - Setting next_dagrun for 04_postgres_taxi to None, run_after=None
[2026-06-16T16:50:12.306+0000] {processor.py:183} INFO - Processing /opt/airflow/dags/dag_04_postgres_taxi.py took 0.147 seconds
[2026-06-16T16:50:43.142+0000] {processor.py:161} INFO - Started process (PID=21633) to work on /opt/airflow/dags/dag_04_postgres_taxi.py
[2026-06-16T16:50:43.143+0000] {processor.py:830} INFO - Processing file /opt/airflow/dags/dag_04_postgres_taxi.py for tasks to queue
[2026-06-16T16:50:43.145+0000] {logging_mixin.py:188} INFO - [2026-06-16T16:50:43.144+0000] {dagbag.py:545} INFO - Filling up the DagBag from /opt/airflow/dags/dag_04_postgres_taxi.py
[2026-06-16T16:50:43.158+0000] {processor.py:840} INFO - DAG(s) '04_postgres_taxi' retrieved from /opt/airflow/dags/dag_04_postgres_taxi.py
[2026-06-16T16:50:43.237+0000] {logging_mixin.py:188} INFO - [2026-06-16T16:50:43.237+0000] {dag.py:3089} INFO - Sync 1 DAGs
[2026-06-16T16:50:43.253+0000] {logging_mixin.py:188} INFO - [2026-06-16T16:50:43.253+0000] {dag.py:3947} INFO - Setting next_dagrun for 04_postgres_taxi to None, run_after=None
[2026-06-16T16:50:43.280+0000] {processor.py:183} INFO - Processing /opt/airflow/dags/dag_04_postgres_taxi.py took 0.150 seconds
[2026-06-16T16:51:14.250+0000] {processor.py:161} INFO - Started process (PID=21673) to work on /opt/airflow/dags/dag_04_postgres_taxi.py
[2026-06-16T16:51:14.251+0000] {processor.py:830} INFO - Processing file /opt/airflow/dags/dag_04_postgres_taxi.py for tasks to queue
[2026-06-16T16:51:14.254+0000] {logging_mixin.py:188} INFO - [2026-06-16T16:51:14.253+0000] {dagbag.py:545} INFO - Filling up the DagBag from /opt/airflow/dags/dag_04_postgres_taxi.py
[2026-06-16T16:51:14.267+0000] {processor.py:840} INFO - DAG(s) '04_postgres_taxi' retrieved from /opt/airflow/dags/dag_04_postgres_taxi.py
[2026-06-16T16:51:14.327+0000] {logging_mixin.py:188} INFO - [2026-06-16T16:51:14.327+0000] {dag.py:3089} INFO - Sync 1 DAGs
[2026-06-16T16:51:14.346+0000] {logging_mixin.py:188} INFO - [2026-06-16T16:51:14.346+0000] {dag.py:3947} INFO - Setting next_dagrun for 04_postgres_taxi to None, run_after=None
[2026-06-16T16:51:14.375+0000] {processor.py:183} INFO - Processing /opt/airflow/dags/dag_04_postgres_taxi.py took 0.138 seconds
[2026-06-16T16:51:45.191+0000] {processor.py:161} INFO - Started process (PID=21713) to work on /opt/airflow/dags/dag_04_postgres_taxi.py
[2026-06-16T16:51:45.193+0000] {processor.py:830} INFO - Processing file /opt/airflow/dags/dag_04_postgres_taxi.py for tasks to queue
[2026-06-16T16:51:45.195+0000] {logging_mixin.py:188} INFO - [2026-06-16T16:51:45.195+0000] {dagbag.py:545} INFO - Filling up the DagBag from /opt/airflow/dags/dag_04_postgres_taxi.py
[2026-06-16T16:51:45.207+0000] {processor.py:840} INFO - DAG(s) '04_postgres_taxi' retrieved from /opt/airflow/dags/dag_04_postgres_taxi.py
[2026-06-16T16:51:45.266+0000] {logging_mixin.py:188} INFO - [2026-06-16T16:51:45.266+0000] {dag.py:3089} INFO - Sync 1 DAGs
[2026-06-16T16:51:45.287+0000] {logging_mixin.py:188} INFO - [2026-06-16T16:51:45.286+0000] {dag.py:3947} INFO - Setting next_dagrun for 04_postgres_taxi to None, run_after=None
[2026-06-16T16:51:45.314+0000] {processor.py:183} INFO - Processing /opt/airflow/dags/dag_04_postgres_taxi.py took 0.131 seconds
[2026-06-16T16:52:16.185+0000] {processor.py:161} INFO - Started process (PID=21753) to work on /opt/airflow/dags/dag_04_postgres_taxi.py
[2026-06-16T16:52:16.187+0000] {processor.py:830} INFO - Processing file /opt/airflow/dags/dag_04_postgres_taxi.py for tasks to queue
[2026-06-16T16:52:16.189+0000] {logging_mixin.py:188} INFO - [2026-06-16T16:52:16.188+0000] {dagbag.py:545} INFO - Filling up the DagBag from /opt/airflow/dags/dag_04_postgres_taxi.py
[2026-06-16T16:52:16.201+0000] {processor.py:840} INFO - DAG(s) '04_postgres_taxi' retrieved from /opt/airflow/dags/dag_04_postgres_taxi.py
[2026-06-16T16:52:16.267+0000] {logging_mixin.py:188} INFO - [2026-06-16T16:52:16.267+0000] {dag.py:3089} INFO - Sync 1 DAGs
[2026-06-16T16:52:16.283+0000] {logging_mixin.py:188} INFO - [2026-06-16T16:52:16.283+0000] {dag.py:3947} INFO - Setting next_dagrun for 04_postgres_taxi to None, run_after=None
[2026-06-16T16:52:16.308+0000] {processor.py:183} INFO - Processing /opt/airflow/dags/dag_04_postgres_taxi.py took 0.133 seconds
[2026-06-16T16:52:47.197+0000] {processor.py:161} INFO - Started process (PID=21793) to work on /opt/airflow/dags/dag_04_postgres_taxi.py
[2026-06-16T16:52:47.199+0000] {processor.py:830} INFO - Processing file /opt/airflow/dags/dag_04_postgres_taxi.py for tasks to queue
[2026-06-16T16:52:47.201+0000] {logging_mixin.py:188} INFO - [2026-06-16T16:52:47.201+0000] {dagbag.py:545} INFO - Filling up the DagBag from /opt/airflow/dags/dag_04_postgres_taxi.py
[2026-06-16T16:52:47.218+0000] {processor.py:840} INFO - DAG(s) '04_postgres_taxi' retrieved from /opt/airflow/dags/dag_04_postgres_taxi.py
[2026-06-16T16:52:47.293+0000] {logging_mixin.py:188} INFO - [2026-06-16T16:52:47.292+0000] {dag.py:3089} INFO - Sync 1 DAGs
[2026-06-16T16:52:47.309+0000] {logging_mixin.py:188} INFO - [2026-06-16T16:52:47.308+0000] {dag.py:3947} INFO - Setting next_dagrun for 04_postgres_taxi to None, run_after=None
[2026-06-16T16:52:47.334+0000] {processor.py:183} INFO - Processing /opt/airflow/dags/dag_04_postgres_taxi.py took 0.147 seconds
[2026-06-16T16:53:18.260+0000] {processor.py:161} INFO - Started process (PID=21833) to work on /opt/airflow/dags/dag_04_postgres_taxi.py
[2026-06-16T16:53:18.261+0000] {processor.py:830} INFO - Processing file /opt/airflow/dags/dag_04_postgres_taxi.py for tasks to queue
[2026-06-16T16:53:18.263+0000] {logging_mixin.py:188} INFO - [2026-06-16T16:53:18.262+0000] {dagbag.py:545} INFO - Filling up the DagBag from /opt/airflow/dags/dag_04_postgres_taxi.py
[2026-06-16T16:53:18.275+0000] {processor.py:840} INFO - DAG(s) '04_postgres_taxi' retrieved from /opt/airflow/dags/dag_04_postgres_taxi.py
[2026-06-16T16:53:18.334+0000] {logging_mixin.py:188} INFO - [2026-06-16T16:53:18.333+0000] {dag.py:3089} INFO - Sync 1 DAGs
[2026-06-16T16:53:18.351+0000] {logging_mixin.py:188} INFO - [2026-06-16T16:53:18.350+0000] {dag.py:3947} INFO - Setting next_dagrun for 04_postgres_taxi to None, run_after=None
[2026-06-16T16:53:18.377+0000] {processor.py:183} INFO - Processing /opt/airflow/dags/dag_04_postgres_taxi.py took 0.128 seconds
[2026-06-16T16:53:49.229+0000] {processor.py:161} INFO - Started process (PID=21873) to work on /opt/airflow/dags/dag_04_postgres_taxi.py
[2026-06-16T16:53:49.230+0000] {processor.py:830} INFO - Processing file /opt/airflow/dags/dag_04_postgres_taxi.py for tasks to queue
[2026-06-16T16:53:49.232+0000] {logging_mixin.py:188} INFO - [2026-06-16T16:53:49.232+0000] {dagbag.py:545} INFO - Filling up the DagBag from /opt/airflow/dags/dag_04_postgres_taxi.py
[2026-06-16T16:53:49.247+0000] {processor.py:840} INFO - DAG(s) '04_postgres_taxi' retrieved from /opt/airflow/dags/dag_04_postgres_taxi.py
[2026-06-16T16:53:49.308+0000] {logging_mixin.py:188} INFO - [2026-06-16T16:53:49.307+0000] {dag.py:3089} INFO - Sync 1 DAGs
[2026-06-16T16:53:49.331+0000] {logging_mixin.py:188} INFO - [2026-06-16T16:53:49.331+0000] {dag.py:3947} INFO - Setting next_dagrun for 04_postgres_taxi to None, run_after=None
[2026-06-16T16:53:49.360+0000] {processor.py:183} INFO - Processing /opt/airflow/dags/dag_04_postgres_taxi.py took 0.141 seconds
[2026-06-16T16:54:20.208+0000] {processor.py:161} INFO - Started process (PID=21913) to work on /opt/airflow/dags/dag_04_postgres_taxi.py
[2026-06-16T16:54:20.210+0000] {processor.py:830} INFO - Processing file /opt/airflow/dags/dag_04_postgres_taxi.py for tasks to queue
[2026-06-16T16:54:20.212+0000] {logging_mixin.py:188} INFO - [2026-06-16T16:54:20.212+0000] {dagbag.py:545} INFO - Filling up the DagBag from /opt/airflow/dags/dag_04_postgres_taxi.py
[2026-06-16T16:54:20.224+0000] {processor.py:840} INFO - DAG(s) '04_postgres_taxi' retrieved from /opt/airflow/dags/dag_04_postgres_taxi.py
[2026-06-16T16:54:20.280+0000] {logging_mixin.py:188} INFO - [2026-06-16T16:54:20.280+0000] {dag.py:3089} INFO - Sync 1 DAGs
[2026-06-16T16:54:20.297+0000] {logging_mixin.py:188} INFO - [2026-06-16T16:54:20.297+0000] {dag.py:3947} INFO - Setting next_dagrun for 04_postgres_taxi to None, run_after=None
[2026-06-16T16:54:20.323+0000] {processor.py:183} INFO - Processing /opt/airflow/dags/dag_04_postgres_taxi.py took 0.123 seconds
[2026-06-16T16:54:51.340+0000] {processor.py:161} INFO - Started process (PID=21953) to work on /opt/airflow/dags/dag_04_postgres_taxi.py
[2026-06-16T16:54:51.341+0000] {processor.py:830} INFO - Processing file /opt/airflow/dags/dag_04_postgres_taxi.py for tasks to queue
[2026-06-16T16:54:51.343+0000] {logging_mixin.py:188} INFO - [2026-06-16T16:54:51.343+0000] {dagbag.py:545} INFO - Filling up the DagBag from /opt/airflow/dags/dag_04_postgres_taxi.py
[2026-06-16T16:54:51.355+0000] {processor.py:840} INFO - DAG(s) '04_postgres_taxi' retrieved from /opt/airflow/dags/dag_04_postgres_taxi.py
[2026-06-16T16:54:51.413+0000] {logging_mixin.py:188} INFO - [2026-06-16T16:54:51.413+0000] {dag.py:3089} INFO - Sync 1 DAGs
[2026-06-16T16:54:51.430+0000] {logging_mixin.py:188} INFO - [2026-06-16T16:54:51.429+0000] {dag.py:3947} INFO - Setting next_dagrun for 04_postgres_taxi to None, run_after=None
[2026-06-16T16:54:51.454+0000] {processor.py:183} INFO - Processing /opt/airflow/dags/dag_04_postgres_taxi.py took 0.124 seconds
[2026-06-16T16:55:22.328+0000] {processor.py:161} INFO - Started process (PID=21993) to work on /opt/airflow/dags/dag_04_postgres_taxi.py
[2026-06-16T16:55:22.338+0000] {processor.py:830} INFO - Processing file /opt/airflow/dags/dag_04_postgres_taxi.py for tasks to queue
[2026-06-16T16:55:22.341+0000] {logging_mixin.py:188} INFO - [2026-06-16T16:55:22.340+0000] {dagbag.py:545} INFO - Filling up the DagBag from /opt/airflow/dags/dag_04_postgres_taxi.py
[2026-06-16T16:55:22.353+0000] {processor.py:840} INFO - DAG(s) '04_postgres_taxi' retrieved from /opt/airflow/dags/dag_04_postgres_taxi.py
[2026-06-16T16:55:22.417+0000] {logging_mixin.py:188} INFO - [2026-06-16T16:55:22.416+0000] {dag.py:3089} INFO - Sync 1 DAGs
[2026-06-16T16:55:22.435+0000] {logging_mixin.py:188} INFO - [2026-06-16T16:55:22.435+0000] {dag.py:3947} INFO - Setting next_dagrun for 04_postgres_taxi to None, run_after=None
[2026-06-16T16:55:22.460+0000] {processor.py:183} INFO - Processing /opt/airflow/dags/dag_04_postgres_taxi.py took 0.143 seconds
[2026-06-16T16:55:52.504+0000] {processor.py:161} INFO - Started process (PID=22033) to work on /opt/airflow/dags/dag_04_postgres_taxi.py
[2026-06-16T16:55:52.505+0000] {processor.py:830} INFO - Processing file /opt/airflow/dags/dag_04_postgres_taxi.py for tasks to queue
[2026-06-16T16:55:52.507+0000] {logging_mixin.py:188} INFO - [2026-06-16T16:55:52.507+0000] {dagbag.py:545} INFO - Filling up the DagBag from /opt/airflow/dags/dag_04_postgres_taxi.py
[2026-06-16T16:55:52.521+0000] {processor.py:840} INFO - DAG(s) '04_postgres_taxi' retrieved from /opt/airflow/dags/dag_04_postgres_taxi.py
[2026-06-16T16:55:52.590+0000] {logging_mixin.py:188} INFO - [2026-06-16T16:55:52.590+0000] {dag.py:3089} INFO - Sync 1 DAGs
[2026-06-16T16:55:52.607+0000] {logging_mixin.py:188} INFO - [2026-06-16T16:55:52.606+0000] {dag.py:3947} INFO - Setting next_dagrun for 04_postgres_taxi to None, run_after=None
[2026-06-16T16:55:52.632+0000] {processor.py:183} INFO - Processing /opt/airflow/dags/dag_04_postgres_taxi.py took 0.139 seconds
[2026-06-16T16:56:23.569+0000] {processor.py:161} INFO - Started process (PID=22073) to work on /opt/airflow/dags/dag_04_postgres_taxi.py
[2026-06-16T16:56:23.580+0000] {processor.py:830} INFO - Processing file /opt/airflow/dags/dag_04_postgres_taxi.py for tasks to queue
[2026-06-16T16:56:23.583+0000] {logging_mixin.py:188} INFO - [2026-06-16T16:56:23.583+0000] {dagbag.py:545} INFO - Filling up the DagBag from /opt/airflow/dags/dag_04_postgres_taxi.py
[2026-06-16T16:56:23.596+0000] {processor.py:840} INFO - DAG(s) '04_postgres_taxi' retrieved from /opt/airflow/dags/dag_04_postgres_taxi.py
[2026-06-16T16:56:23.666+0000] {logging_mixin.py:188} INFO - [2026-06-16T16:56:23.666+0000] {dag.py:3089} INFO - Sync 1 DAGs
[2026-06-16T16:56:23.688+0000] {logging_mixin.py:188} INFO - [2026-06-16T16:56:23.687+0000] {dag.py:3947} INFO - Setting next_dagrun for 04_postgres_taxi to None, run_after=None
[2026-06-16T16:56:23.716+0000] {processor.py:183} INFO - Processing /opt/airflow/dags/dag_04_postgres_taxi.py took 0.158 seconds
[2026-06-16T16:56:54.717+0000] {processor.py:161} INFO - Started process (PID=22113) to work on /opt/airflow/dags/dag_04_postgres_taxi.py
[2026-06-16T16:56:54.720+0000] {processor.py:830} INFO - Processing file /opt/airflow/dags/dag_04_postgres_taxi.py for tasks to queue
[2026-06-16T16:56:54.722+0000] {logging_mixin.py:188} INFO - [2026-06-16T16:56:54.722+0000] {dagbag.py:545} INFO - Filling up the DagBag from /opt/airflow/dags/dag_04_postgres_taxi.py
[2026-06-16T16:56:54.737+0000] {processor.py:840} INFO - DAG(s) '04_postgres_taxi' retrieved from /opt/airflow/dags/dag_04_postgres_taxi.py
[2026-06-16T16:56:54.797+0000] {logging_mixin.py:188} INFO - [2026-06-16T16:56:54.797+0000] {dag.py:3089} INFO - Sync 1 DAGs
[2026-06-16T16:56:54.814+0000] {logging_mixin.py:188} INFO - [2026-06-16T16:56:54.814+0000] {dag.py:3947} INFO - Setting next_dagrun for 04_postgres_taxi to None, run_after=None
[2026-06-16T16:56:54.841+0000] {processor.py:183} INFO - Processing /opt/airflow/dags/dag_04_postgres_taxi.py took 0.135 seconds
[2026-06-16T16:57:24.890+0000] {processor.py:161} INFO - Started process (PID=22156) to work on /opt/airflow/dags/dag_04_postgres_taxi.py
[2026-06-16T16:57:24.892+0000] {processor.py:830} INFO - Processing file /opt/airflow/dags/dag_04_postgres_taxi.py for tasks to queue
[2026-06-16T16:57:24.894+0000] {logging_mixin.py:188} INFO - [2026-06-16T16:57:24.893+0000] {dagbag.py:545} INFO - Filling up the DagBag from /opt/airflow/dags/dag_04_postgres_taxi.py
[2026-06-16T16:57:24.907+0000] {processor.py:840} INFO - DAG(s) '04_postgres_taxi' retrieved from /opt/airflow/dags/dag_04_postgres_taxi.py
[2026-06-16T16:57:24.966+0000] {logging_mixin.py:188} INFO - [2026-06-16T16:57:24.966+0000] {dag.py:3089} INFO - Sync 1 DAGs
[2026-06-16T16:57:24.982+0000] {logging_mixin.py:188} INFO - [2026-06-16T16:57:24.982+0000] {dag.py:3947} INFO - Setting next_dagrun for 04_postgres_taxi to None, run_after=None
[2026-06-16T16:57:25.003+0000] {processor.py:183} INFO - Processing /opt/airflow/dags/dag_04_postgres_taxi.py took 0.120 seconds
[2026-06-16T16:57:55.955+0000] {processor.py:161} INFO - Started process (PID=22193) to work on /opt/airflow/dags/dag_04_postgres_taxi.py
[2026-06-16T16:57:55.957+0000] {processor.py:830} INFO - Processing file /opt/airflow/dags/dag_04_postgres_taxi.py for tasks to queue
[2026-06-16T16:57:55.959+0000] {logging_mixin.py:188} INFO - [2026-06-16T16:57:55.959+0000] {dagbag.py:545} INFO - Filling up the DagBag from /opt/airflow/dags/dag_04_postgres_taxi.py
[2026-06-16T16:57:55.971+0000] {processor.py:840} INFO - DAG(s) '04_postgres_taxi' retrieved from /opt/airflow/dags/dag_04_postgres_taxi.py
[2026-06-16T16:57:56.027+0000] {logging_mixin.py:188} INFO - [2026-06-16T16:57:56.027+0000] {dag.py:3089} INFO - Sync 1 DAGs
[2026-06-16T16:57:56.043+0000] {logging_mixin.py:188} INFO - [2026-06-16T16:57:56.043+0000] {dag.py:3947} INFO - Setting next_dagrun for 04_postgres_taxi to None, run_after=None
[2026-06-16T16:57:56.068+0000] {processor.py:183} INFO - Processing /opt/airflow/dags/dag_04_postgres_taxi.py took 0.122 seconds
[2026-06-16T16:58:27.063+0000] {processor.py:161} INFO - Started process (PID=22233) to work on /opt/airflow/dags/dag_04_postgres_taxi.py
[2026-06-16T16:58:27.064+0000] {processor.py:830} INFO - Processing file /opt/airflow/dags/dag_04_postgres_taxi.py for tasks to queue
[2026-06-16T16:58:27.066+0000] {logging_mixin.py:188} INFO - [2026-06-16T16:58:27.066+0000] {dagbag.py:545} INFO - Filling up the DagBag from /opt/airflow/dags/dag_04_postgres_taxi.py
[2026-06-16T16:58:27.078+0000] {processor.py:840} INFO - DAG(s) '04_postgres_taxi' retrieved from /opt/airflow/dags/dag_04_postgres_taxi.py
[2026-06-16T16:58:27.134+0000] {logging_mixin.py:188} INFO - [2026-06-16T16:58:27.134+0000] {dag.py:3089} INFO - Sync 1 DAGs
[2026-06-16T16:58:27.151+0000] {logging_mixin.py:188} INFO - [2026-06-16T16:58:27.151+0000] {dag.py:3947} INFO - Setting next_dagrun for 04_postgres_taxi to None, run_after=None
[2026-06-16T16:58:27.176+0000] {processor.py:183} INFO - Processing /opt/airflow/dags/dag_04_postgres_taxi.py took 0.123 seconds
[2026-06-16T16:58:58.159+0000] {processor.py:161} INFO - Started process (PID=22273) to work on /opt/airflow/dags/dag_04_postgres_taxi.py
[2026-06-16T16:58:58.161+0000] {processor.py:830} INFO - Processing file /opt/airflow/dags/dag_04_postgres_taxi.py for tasks to queue
[2026-06-16T16:58:58.163+0000] {logging_mixin.py:188} INFO - [2026-06-16T16:58:58.163+0000] {dagbag.py:545} INFO - Filling up the DagBag from /opt/airflow/dags/dag_04_postgres_taxi.py
[2026-06-16T16:58:58.175+0000] {processor.py:840} INFO - DAG(s) '04_postgres_taxi' retrieved from /opt/airflow/dags/dag_04_postgres_taxi.py
[2026-06-16T16:58:58.241+0000] {logging_mixin.py:188} INFO - [2026-06-16T16:58:58.241+0000] {dag.py:3089} INFO - Sync 1 DAGs
[2026-06-16T16:58:58.257+0000] {logging_mixin.py:188} INFO - [2026-06-16T16:58:58.257+0000] {dag.py:3947} INFO - Setting next_dagrun for 04_postgres_taxi to None, run_after=None
[2026-06-16T16:58:58.281+0000] {processor.py:183} INFO - Processing /opt/airflow/dags/dag_04_postgres_taxi.py took 0.132 seconds
[2026-06-16T16:59:29.108+0000] {processor.py:161} INFO - Started process (PID=22313) to work on /opt/airflow/dags/dag_04_postgres_taxi.py
[2026-06-16T16:59:29.109+0000] {processor.py:830} INFO - Processing file /opt/airflow/dags/dag_04_postgres_taxi.py for tasks to queue
[2026-06-16T16:59:29.111+0000] {logging_mixin.py:188} INFO - [2026-06-16T16:59:29.111+0000] {dagbag.py:545} INFO - Filling up the DagBag from /opt/airflow/dags/dag_04_postgres_taxi.py
[2026-06-16T16:59:29.123+0000] {processor.py:840} INFO - DAG(s) '04_postgres_taxi' retrieved from /opt/airflow/dags/dag_04_postgres_taxi.py
[2026-06-16T16:59:29.186+0000] {logging_mixin.py:188} INFO - [2026-06-16T16:59:29.185+0000] {dag.py:3089} INFO - Sync 1 DAGs
[2026-06-16T16:59:29.202+0000] {logging_mixin.py:188} INFO - [2026-06-16T16:59:29.202+0000] {dag.py:3947} INFO - Setting next_dagrun for 04_postgres_taxi to None, run_after=None
[2026-06-16T16:59:29.229+0000] {processor.py:183} INFO - Processing /opt/airflow/dags/dag_04_postgres_taxi.py took 0.130 seconds
[2026-06-16T17:00:00.206+0000] {processor.py:161} INFO - Started process (PID=22353) to work on /opt/airflow/dags/dag_04_postgres_taxi.py
[2026-06-16T17:00:00.208+0000] {processor.py:830} INFO - Processing file /opt/airflow/dags/dag_04_postgres_taxi.py for tasks to queue
[2026-06-16T17:00:00.210+0000] {logging_mixin.py:188} INFO - [2026-06-16T17:00:00.209+0000] {dagbag.py:545} INFO - Filling up the DagBag from /opt/airflow/dags/dag_04_postgres_taxi.py
[2026-06-16T17:00:00.223+0000] {processor.py:840} INFO - DAG(s) '04_postgres_taxi' retrieved from /opt/airflow/dags/dag_04_postgres_taxi.py
[2026-06-16T17:00:00.285+0000] {logging_mixin.py:188} INFO - [2026-06-16T17:00:00.285+0000] {dag.py:3089} INFO - Sync 1 DAGs
[2026-06-16T17:00:00.303+0000] {logging_mixin.py:188} INFO - [2026-06-16T17:00:00.303+0000] {dag.py:3947} INFO - Setting next_dagrun for 04_postgres_taxi to None, run_after=None
[2026-06-16T17:00:00.328+0000] {processor.py:183} INFO - Processing /opt/airflow/dags/dag_04_postgres_taxi.py took 0.133 seconds
[2026-06-16T17:00:31.164+0000] {processor.py:161} INFO - Started process (PID=22393) to work on /opt/airflow/dags/dag_04_postgres_taxi.py
[2026-06-16T17:00:31.174+0000] {processor.py:830} INFO - Processing file /opt/airflow/dags/dag_04_postgres_taxi.py for tasks to queue
[2026-06-16T17:00:31.176+0000] {logging_mixin.py:188} INFO - [2026-06-16T17:00:31.176+0000] {dagbag.py:545} INFO - Filling up the DagBag from /opt/airflow/dags/dag_04_postgres_taxi.py
[2026-06-16T17:00:31.188+0000] {processor.py:840} INFO - DAG(s) '04_postgres_taxi' retrieved from /opt/airflow/dags/dag_04_postgres_taxi.py
[2026-06-16T17:00:31.246+0000] {logging_mixin.py:188} INFO - [2026-06-16T17:00:31.246+0000] {dag.py:3089} INFO - Sync 1 DAGs
[2026-06-16T17:00:31.264+0000] {logging_mixin.py:188} INFO - [2026-06-16T17:00:31.264+0000] {dag.py:3947} INFO - Setting next_dagrun for 04_postgres_taxi to None, run_after=None
[2026-06-16T17:00:31.288+0000] {processor.py:183} INFO - Processing /opt/airflow/dags/dag_04_postgres_taxi.py took 0.134 seconds
[2026-06-16T17:01:02.106+0000] {processor.py:161} INFO - Started process (PID=22433) to work on /opt/airflow/dags/dag_04_postgres_taxi.py
[2026-06-16T17:01:02.107+0000] {processor.py:830} INFO - Processing file /opt/airflow/dags/dag_04_postgres_taxi.py for tasks to queue
[2026-06-16T17:01:02.109+0000] {logging_mixin.py:188} INFO - [2026-06-16T17:01:02.109+0000] {dagbag.py:545} INFO - Filling up the DagBag from /opt/airflow/dags/dag_04_postgres_taxi.py
[2026-06-16T17:01:02.121+0000] {processor.py:840} INFO - DAG(s) '04_postgres_taxi' retrieved from /opt/airflow/dags/dag_04_postgres_taxi.py
[2026-06-16T17:01:02.187+0000] {logging_mixin.py:188} INFO - [2026-06-16T17:01:02.187+0000] {dag.py:3089} INFO - Sync 1 DAGs
[2026-06-16T17:01:02.205+0000] {logging_mixin.py:188} INFO - [2026-06-16T17:01:02.205+0000] {dag.py:3947} INFO - Setting next_dagrun for 04_postgres_taxi to None, run_after=None
[2026-06-16T17:01:02.230+0000] {processor.py:183} INFO - Processing /opt/airflow/dags/dag_04_postgres_taxi.py took 0.135 seconds
[2026-06-16T17:01:33.210+0000] {processor.py:161} INFO - Started process (PID=22473) to work on /opt/airflow/dags/dag_04_postgres_taxi.py
[2026-06-16T17:01:33.212+0000] {processor.py:830} INFO - Processing file /opt/airflow/dags/dag_04_postgres_taxi.py for tasks to queue
[2026-06-16T17:01:33.214+0000] {logging_mixin.py:188} INFO - [2026-06-16T17:01:33.213+0000] {dagbag.py:545} INFO - Filling up the DagBag from /opt/airflow/dags/dag_04_postgres_taxi.py
[2026-06-16T17:01:33.226+0000] {processor.py:840} INFO - DAG(s) '04_postgres_taxi' retrieved from /opt/airflow/dags/dag_04_postgres_taxi.py
[2026-06-16T17:01:33.284+0000] {logging_mixin.py:188} INFO - [2026-06-16T17:01:33.284+0000] {dag.py:3089} INFO - Sync 1 DAGs
[2026-06-16T17:01:33.302+0000] {logging_mixin.py:188} INFO - [2026-06-16T17:01:33.302+0000] {dag.py:3947} INFO - Setting next_dagrun for 04_postgres_taxi to None, run_after=None
[2026-06-16T17:01:33.327+0000] {processor.py:183} INFO - Processing /opt/airflow/dags/dag_04_postgres_taxi.py took 0.127 seconds
[2026-06-16T17:02:04.141+0000] {processor.py:161} INFO - Started process (PID=22513) to work on /opt/airflow/dags/dag_04_postgres_taxi.py
[2026-06-16T17:02:04.142+0000] {processor.py:830} INFO - Processing file /opt/airflow/dags/dag_04_postgres_taxi.py for tasks to queue
[2026-06-16T17:02:04.144+0000] {logging_mixin.py:188} INFO - [2026-06-16T17:02:04.144+0000] {dagbag.py:545} INFO - Filling up the DagBag from /opt/airflow/dags/dag_04_postgres_taxi.py
[2026-06-16T17:02:04.156+0000] {processor.py:840} INFO - DAG(s) '04_postgres_taxi' retrieved from /opt/airflow/dags/dag_04_postgres_taxi.py
[2026-06-16T17:02:04.213+0000] {logging_mixin.py:188} INFO - [2026-06-16T17:02:04.213+0000] {dag.py:3089} INFO - Sync 1 DAGs
[2026-06-16T17:02:04.230+0000] {logging_mixin.py:188} INFO - [2026-06-16T17:02:04.230+0000] {dag.py:3947} INFO - Setting next_dagrun for 04_postgres_taxi to None, run_after=None
[2026-06-16T17:02:04.255+0000] {processor.py:183} INFO - Processing /opt/airflow/dags/dag_04_postgres_taxi.py took 0.123 seconds
[2026-06-16T17:02:35.094+0000] {processor.py:161} INFO - Started process (PID=22553) to work on /opt/airflow/dags/dag_04_postgres_taxi.py
[2026-06-16T17:02:35.104+0000] {processor.py:830} INFO - Processing file /opt/airflow/dags/dag_04_postgres_taxi.py for tasks to queue
[2026-06-16T17:02:35.106+0000] {logging_mixin.py:188} INFO - [2026-06-16T17:02:35.106+0000] {dagbag.py:545} INFO - Filling up the DagBag from /opt/airflow/dags/dag_04_postgres_taxi.py
[2026-06-16T17:02:35.118+0000] {processor.py:840} INFO - DAG(s) '04_postgres_taxi' retrieved from /opt/airflow/dags/dag_04_postgres_taxi.py
[2026-06-16T17:02:35.174+0000] {logging_mixin.py:188} INFO - [2026-06-16T17:02:35.174+0000] {dag.py:3089} INFO - Sync 1 DAGs
[2026-06-16T17:02:35.192+0000] {logging_mixin.py:188} INFO - [2026-06-16T17:02:35.192+0000] {dag.py:3947} INFO - Setting next_dagrun for 04_postgres_taxi to None, run_after=None
[2026-06-16T17:02:35.217+0000] {processor.py:183} INFO - Processing /opt/airflow/dags/dag_04_postgres_taxi.py took 0.131 seconds
[2026-06-16T17:03:06.155+0000] {processor.py:161} INFO - Started process (PID=22593) to work on /opt/airflow/dags/dag_04_postgres_taxi.py
[2026-06-16T17:03:06.165+0000] {processor.py:830} INFO - Processing file /opt/airflow/dags/dag_04_postgres_taxi.py for tasks to queue
[2026-06-16T17:03:06.167+0000] {logging_mixin.py:188} INFO - [2026-06-16T17:03:06.167+0000] {dagbag.py:545} INFO - Filling up the DagBag from /opt/airflow/dags/dag_04_postgres_taxi.py
[2026-06-16T17:03:06.179+0000] {processor.py:840} INFO - DAG(s) '04_postgres_taxi' retrieved from /opt/airflow/dags/dag_04_postgres_taxi.py
[2026-06-16T17:03:06.234+0000] {logging_mixin.py:188} INFO - [2026-06-16T17:03:06.233+0000] {dag.py:3089} INFO - Sync 1 DAGs
[2026-06-16T17:03:06.251+0000] {logging_mixin.py:188} INFO - [2026-06-16T17:03:06.251+0000] {dag.py:3947} INFO - Setting next_dagrun for 04_postgres_taxi to None, run_after=None
[2026-06-16T17:03:06.274+0000] {processor.py:183} INFO - Processing /opt/airflow/dags/dag_04_postgres_taxi.py took 0.129 seconds
[2026-06-16T17:03:37.237+0000] {processor.py:161} INFO - Started process (PID=22633) to work on /opt/airflow/dags/dag_04_postgres_taxi.py
[2026-06-16T17:03:37.238+0000] {processor.py:830} INFO - Processing file /opt/airflow/dags/dag_04_postgres_taxi.py for tasks to queue
[2026-06-16T17:03:37.240+0000] {logging_mixin.py:188} INFO - [2026-06-16T17:03:37.240+0000] {dagbag.py:545} INFO - Filling up the DagBag from /opt/airflow/dags/dag_04_postgres_taxi.py
[2026-06-16T17:03:37.253+0000] {processor.py:840} INFO - DAG(s) '04_postgres_taxi' retrieved from /opt/airflow/dags/dag_04_postgres_taxi.py
[2026-06-16T17:03:37.309+0000] {logging_mixin.py:188} INFO - [2026-06-16T17:03:37.309+0000] {dag.py:3089} INFO - Sync 1 DAGs
[2026-06-16T17:03:37.325+0000] {logging_mixin.py:188} INFO - [2026-06-16T17:03:37.325+0000] {dag.py:3947} INFO - Setting next_dagrun for 04_postgres_taxi to None, run_after=None
[2026-06-16T17:03:37.349+0000] {processor.py:183} INFO - Processing /opt/airflow/dags/dag_04_postgres_taxi.py took 0.123 seconds
[2026-06-16T17:04:07.399+0000] {processor.py:161} INFO - Started process (PID=22676) to work on /opt/airflow/dags/dag_04_postgres_taxi.py
[2026-06-16T17:04:07.400+0000] {processor.py:830} INFO - Processing file /opt/airflow/dags/dag_04_postgres_taxi.py for tasks to queue
[2026-06-16T17:04:07.402+0000] {logging_mixin.py:188} INFO - [2026-06-16T17:04:07.402+0000] {dagbag.py:545} INFO - Filling up the DagBag from /opt/airflow/dags/dag_04_postgres_taxi.py
[2026-06-16T17:04:07.415+0000] {processor.py:840} INFO - DAG(s) '04_postgres_taxi' retrieved from /opt/airflow/dags/dag_04_postgres_taxi.py
[2026-06-16T17:04:07.473+0000] {logging_mixin.py:188} INFO - [2026-06-16T17:04:07.473+0000] {dag.py:3089} INFO - Sync 1 DAGs
[2026-06-16T17:04:07.489+0000] {logging_mixin.py:188} INFO - [2026-06-16T17:04:07.488+0000] {dag.py:3947} INFO - Setting next_dagrun for 04_postgres_taxi to None, run_after=None
[2026-06-16T17:04:07.510+0000] {processor.py:183} INFO - Processing /opt/airflow/dags/dag_04_postgres_taxi.py took 0.119 seconds
[2026-06-16T17:04:37.605+0000] {processor.py:161} INFO - Started process (PID=22713) to work on /opt/airflow/dags/dag_04_postgres_taxi.py
[2026-06-16T17:04:37.606+0000] {processor.py:830} INFO - Processing file /opt/airflow/dags/dag_04_postgres_taxi.py for tasks to queue
[2026-06-16T17:04:37.608+0000] {logging_mixin.py:188} INFO - [2026-06-16T17:04:37.607+0000] {dagbag.py:545} INFO - Filling up the DagBag from /opt/airflow/dags/dag_04_postgres_taxi.py
[2026-06-16T17:04:37.620+0000] {processor.py:840} INFO - DAG(s) '04_postgres_taxi' retrieved from /opt/airflow/dags/dag_04_postgres_taxi.py
[2026-06-16T17:04:37.676+0000] {logging_mixin.py:188} INFO - [2026-06-16T17:04:37.676+0000] {dag.py:3089} INFO - Sync 1 DAGs
[2026-06-16T17:04:37.693+0000] {logging_mixin.py:188} INFO - [2026-06-16T17:04:37.693+0000] {dag.py:3947} INFO - Setting next_dagrun for 04_postgres_taxi to None, run_after=None
[2026-06-16T17:04:37.718+0000] {processor.py:183} INFO - Processing /opt/airflow/dags/dag_04_postgres_taxi.py took 0.122 seconds
[2026-06-16T17:05:07.821+0000] {processor.py:161} INFO - Started process (PID=22753) to work on /opt/airflow/dags/dag_04_postgres_taxi.py
[2026-06-16T17:05:07.831+0000] {processor.py:830} INFO - Processing file /opt/airflow/dags/dag_04_postgres_taxi.py for tasks to queue
[2026-06-16T17:05:07.833+0000] {logging_mixin.py:188} INFO - [2026-06-16T17:05:07.833+0000] {dagbag.py:545} INFO - Filling up the DagBag from /opt/airflow/dags/dag_04_postgres_taxi.py
[2026-06-16T17:05:07.845+0000] {processor.py:840} INFO - DAG(s) '04_postgres_taxi' retrieved from /opt/airflow/dags/dag_04_postgres_taxi.py
[2026-06-16T17:05:07.906+0000] {logging_mixin.py:188} INFO - [2026-06-16T17:05:07.905+0000] {dag.py:3089} INFO - Sync 1 DAGs
[2026-06-16T17:05:07.926+0000] {logging_mixin.py:188} INFO - [2026-06-16T17:05:07.925+0000] {dag.py:3947} INFO - Setting next_dagrun for 04_postgres_taxi to None, run_after=None
[2026-06-16T17:05:07.956+0000] {processor.py:183} INFO - Processing /opt/airflow/dags/dag_04_postgres_taxi.py took 0.143 seconds
[2026-06-16T17:05:38.050+0000] {processor.py:161} INFO - Started process (PID=22793) to work on /opt/airflow/dags/dag_04_postgres_taxi.py
[2026-06-16T17:05:38.051+0000] {processor.py:830} INFO - Processing file /opt/airflow/dags/dag_04_postgres_taxi.py for tasks to queue
[2026-06-16T17:05:38.053+0000] {logging_mixin.py:188} INFO - [2026-06-16T17:05:38.052+0000] {dagbag.py:545} INFO - Filling up the DagBag from /opt/airflow/dags/dag_04_postgres_taxi.py
[2026-06-16T17:05:38.065+0000] {processor.py:840} INFO - DAG(s) '04_postgres_taxi' retrieved from /opt/airflow/dags/dag_04_postgres_taxi.py
[2026-06-16T17:05:38.121+0000] {logging_mixin.py:188} INFO - [2026-06-16T17:05:38.120+0000] {dag.py:3089} INFO - Sync 1 DAGs
[2026-06-16T17:05:38.137+0000] {logging_mixin.py:188} INFO - [2026-06-16T17:05:38.137+0000] {dag.py:3947} INFO - Setting next_dagrun for 04_postgres_taxi to None, run_after=None
[2026-06-16T17:05:38.163+0000] {processor.py:183} INFO - Processing /opt/airflow/dags/dag_04_postgres_taxi.py took 0.123 seconds
[2026-06-16T17:06:08.264+0000] {processor.py:161} INFO - Started process (PID=22833) to work on /opt/airflow/dags/dag_04_postgres_taxi.py
[2026-06-16T17:06:08.275+0000] {processor.py:830} INFO - Processing file /opt/airflow/dags/dag_04_postgres_taxi.py for tasks to queue
[2026-06-16T17:06:08.277+0000] {logging_mixin.py:188} INFO - [2026-06-16T17:06:08.277+0000] {dagbag.py:545} INFO - Filling up the DagBag from /opt/airflow/dags/dag_04_postgres_taxi.py
[2026-06-16T17:06:08.291+0000] {processor.py:840} INFO - DAG(s) '04_postgres_taxi' retrieved from /opt/airflow/dags/dag_04_postgres_taxi.py
[2026-06-16T17:06:08.348+0000] {logging_mixin.py:188} INFO - [2026-06-16T17:06:08.347+0000] {dag.py:3089} INFO - Sync 1 DAGs
[2026-06-16T17:06:08.363+0000] {logging_mixin.py:188} INFO - [2026-06-16T17:06:08.363+0000] {dag.py:3947} INFO - Setting next_dagrun for 04_postgres_taxi to None, run_after=None
[2026-06-16T17:06:08.386+0000] {processor.py:183} INFO - Processing /opt/airflow/dags/dag_04_postgres_taxi.py took 0.132 seconds
[2026-06-16T17:06:39.030+0000] {processor.py:161} INFO - Started process (PID=22873) to work on /opt/airflow/dags/dag_04_postgres_taxi.py
[2026-06-16T17:06:39.031+0000] {processor.py:830} INFO - Processing file /opt/airflow/dags/dag_04_postgres_taxi.py for tasks to queue
[2026-06-16T17:06:39.033+0000] {logging_mixin.py:188} INFO - [2026-06-16T17:06:39.033+0000] {dagbag.py:545} INFO - Filling up the DagBag from /opt/airflow/dags/dag_04_postgres_taxi.py
[2026-06-16T17:06:39.045+0000] {processor.py:840} INFO - DAG(s) '04_postgres_taxi' retrieved from /opt/airflow/dags/dag_04_postgres_taxi.py
[2026-06-16T17:06:39.108+0000] {logging_mixin.py:188} INFO - [2026-06-16T17:06:39.108+0000] {dag.py:3089} INFO - Sync 1 DAGs
[2026-06-16T17:06:39.127+0000] {logging_mixin.py:188} INFO - [2026-06-16T17:06:39.127+0000] {dag.py:3947} INFO - Setting next_dagrun for 04_postgres_taxi to None, run_after=None
[2026-06-16T17:06:39.155+0000] {processor.py:183} INFO - Processing /opt/airflow/dags/dag_04_postgres_taxi.py took 0.134 seconds
[2026-06-16T17:07:10.118+0000] {processor.py:161} INFO - Started process (PID=22913) to work on /opt/airflow/dags/dag_04_postgres_taxi.py
[2026-06-16T17:07:10.120+0000] {processor.py:830} INFO - Processing file /opt/airflow/dags/dag_04_postgres_taxi.py for tasks to queue
[2026-06-16T17:07:10.123+0000] {logging_mixin.py:188} INFO - [2026-06-16T17:07:10.122+0000] {dagbag.py:545} INFO - Filling up the DagBag from /opt/airflow/dags/dag_04_postgres_taxi.py
[2026-06-16T17:07:10.142+0000] {processor.py:840} INFO - DAG(s) '04_postgres_taxi' retrieved from /opt/airflow/dags/dag_04_postgres_taxi.py
[2026-06-16T17:07:10.206+0000] {logging_mixin.py:188} INFO - [2026-06-16T17:07:10.205+0000] {dag.py:3089} INFO - Sync 1 DAGs
[2026-06-16T17:07:10.221+0000] {logging_mixin.py:188} INFO - [2026-06-16T17:07:10.221+0000] {dag.py:3947} INFO - Setting next_dagrun for 04_postgres_taxi to None, run_after=None
[2026-06-16T17:07:10.246+0000] {processor.py:183} INFO - Processing /opt/airflow/dags/dag_04_postgres_taxi.py took 0.140 seconds
[2026-06-16T17:07:41.112+0000] {processor.py:161} INFO - Started process (PID=22953) to work on /opt/airflow/dags/dag_04_postgres_taxi.py
[2026-06-16T17:07:41.113+0000] {processor.py:830} INFO - Processing file /opt/airflow/dags/dag_04_postgres_taxi.py for tasks to queue
[2026-06-16T17:07:41.116+0000] {logging_mixin.py:188} INFO - [2026-06-16T17:07:41.115+0000] {dagbag.py:545} INFO - Filling up the DagBag from /opt/airflow/dags/dag_04_postgres_taxi.py
[2026-06-16T17:07:41.129+0000] {processor.py:840} INFO - DAG(s) '04_postgres_taxi' retrieved from /opt/airflow/dags/dag_04_postgres_taxi.py
[2026-06-16T17:07:41.218+0000] {logging_mixin.py:188} INFO - [2026-06-16T17:07:41.217+0000] {dag.py:3089} INFO - Sync 1 DAGs
[2026-06-16T17:07:41.240+0000] {logging_mixin.py:188} INFO - [2026-06-16T17:07:41.240+0000] {dag.py:3947} INFO - Setting next_dagrun for 04_postgres_taxi to None, run_after=None
[2026-06-16T17:07:41.276+0000] {processor.py:183} INFO - Processing /opt/airflow/dags/dag_04_postgres_taxi.py took 0.174 seconds
[2026-06-16T17:08:12.243+0000] {processor.py:161} INFO - Started process (PID=22993) to work on /opt/airflow/dags/dag_04_postgres_taxi.py
[2026-06-16T17:08:12.254+0000] {processor.py:830} INFO - Processing file /opt/airflow/dags/dag_04_postgres_taxi.py for tasks to queue
[2026-06-16T17:08:12.256+0000] {logging_mixin.py:188} INFO - [2026-06-16T17:08:12.255+0000] {dagbag.py:545} INFO - Filling up the DagBag from /opt/airflow/dags/dag_04_postgres_taxi.py
[2026-06-16T17:08:12.269+0000] {processor.py:840} INFO - DAG(s) '04_postgres_taxi' retrieved from /opt/airflow/dags/dag_04_postgres_taxi.py
[2026-06-16T17:08:12.323+0000] {logging_mixin.py:188} INFO - [2026-06-16T17:08:12.323+0000] {dag.py:3089} INFO - Sync 1 DAGs
[2026-06-16T17:08:12.341+0000] {logging_mixin.py:188} INFO - [2026-06-16T17:08:12.341+0000] {dag.py:3947} INFO - Setting next_dagrun for 04_postgres_taxi to None, run_after=None
[2026-06-16T17:08:12.365+0000] {processor.py:183} INFO - Processing /opt/airflow/dags/dag_04_postgres_taxi.py took 0.132 seconds
[2026-06-16T17:08:43.355+0000] {processor.py:161} INFO - Started process (PID=23033) to work on /opt/airflow/dags/dag_04_postgres_taxi.py
[2026-06-16T17:08:43.357+0000] {processor.py:830} INFO - Processing file /opt/airflow/dags/dag_04_postgres_taxi.py for tasks to queue
[2026-06-16T17:08:43.359+0000] {logging_mixin.py:188} INFO - [2026-06-16T17:08:43.359+0000] {dagbag.py:545} INFO - Filling up the DagBag from /opt/airflow/dags/dag_04_postgres_taxi.py
[2026-06-16T17:08:43.372+0000] {processor.py:840} INFO - DAG(s) '04_postgres_taxi' retrieved from /opt/airflow/dags/dag_04_postgres_taxi.py
[2026-06-16T17:08:43.431+0000] {logging_mixin.py:188} INFO - [2026-06-16T17:08:43.431+0000] {dag.py:3089} INFO - Sync 1 DAGs
[2026-06-16T17:08:43.447+0000] {logging_mixin.py:188} INFO - [2026-06-16T17:08:43.447+0000] {dag.py:3947} INFO - Setting next_dagrun for 04_postgres_taxi to None, run_after=None
[2026-06-16T17:08:43.474+0000] {processor.py:183} INFO - Processing /opt/airflow/dags/dag_04_postgres_taxi.py took 0.129 seconds
[2026-06-16T17:09:14.302+0000] {processor.py:161} INFO - Started process (PID=23073) to work on /opt/airflow/dags/dag_04_postgres_taxi.py
[2026-06-16T17:09:14.314+0000] {processor.py:830} INFO - Processing file /opt/airflow/dags/dag_04_postgres_taxi.py for tasks to queue
[2026-06-16T17:09:14.317+0000] {logging_mixin.py:188} INFO - [2026-06-16T17:09:14.316+0000] {dagbag.py:545} INFO - Filling up the DagBag from /opt/airflow/dags/dag_04_postgres_taxi.py
[2026-06-16T17:09:14.330+0000] {processor.py:840} INFO - DAG(s) '04_postgres_taxi' retrieved from /opt/airflow/dags/dag_04_postgres_taxi.py
[2026-06-16T17:09:14.401+0000] {logging_mixin.py:188} INFO - [2026-06-16T17:09:14.401+0000] {dag.py:3089} INFO - Sync 1 DAGs
[2026-06-16T17:09:14.417+0000] {logging_mixin.py:188} INFO - [2026-06-16T17:09:14.417+0000] {dag.py:3947} INFO - Setting next_dagrun for 04_postgres_taxi to None, run_after=None
[2026-06-16T17:09:14.444+0000] {processor.py:183} INFO - Processing /opt/airflow/dags/dag_04_postgres_taxi.py took 0.153 seconds
[2026-06-16T17:09:45.464+0000] {processor.py:161} INFO - Started process (PID=23113) to work on /opt/airflow/dags/dag_04_postgres_taxi.py
[2026-06-16T17:09:45.465+0000] {processor.py:830} INFO - Processing file /opt/airflow/dags/dag_04_postgres_taxi.py for tasks to queue
[2026-06-16T17:09:45.467+0000] {logging_mixin.py:188} INFO - [2026-06-16T17:09:45.467+0000] {dagbag.py:545} INFO - Filling up the DagBag from /opt/airflow/dags/dag_04_postgres_taxi.py
[2026-06-16T17:09:45.482+0000] {processor.py:840} INFO - DAG(s) '04_postgres_taxi' retrieved from /opt/airflow/dags/dag_04_postgres_taxi.py
[2026-06-16T17:09:45.570+0000] {logging_mixin.py:188} INFO - [2026-06-16T17:09:45.570+0000] {dag.py:3089} INFO - Sync 1 DAGs
[2026-06-16T17:09:45.587+0000] {logging_mixin.py:188} INFO - [2026-06-16T17:09:45.587+0000] {dag.py:3947} INFO - Setting next_dagrun for 04_postgres_taxi to None, run_after=None
[2026-06-16T17:09:45.613+0000] {processor.py:183} INFO - Processing /opt/airflow/dags/dag_04_postgres_taxi.py took 0.161 seconds
[2026-06-16T17:10:16.545+0000] {processor.py:161} INFO - Started process (PID=23153) to work on /opt/airflow/dags/dag_04_postgres_taxi.py
[2026-06-16T17:10:16.546+0000] {processor.py:830} INFO - Processing file /opt/airflow/dags/dag_04_postgres_taxi.py for tasks to queue
[2026-06-16T17:10:16.549+0000] {logging_mixin.py:188} INFO - [2026-06-16T17:10:16.548+0000] {dagbag.py:545} INFO - Filling up the DagBag from /opt/airflow/dags/dag_04_postgres_taxi.py
[2026-06-16T17:10:16.561+0000] {processor.py:840} INFO - DAG(s) '04_postgres_taxi' retrieved from /opt/airflow/dags/dag_04_postgres_taxi.py
[2026-06-16T17:10:16.627+0000] {logging_mixin.py:188} INFO - [2026-06-16T17:10:16.627+0000] {dag.py:3089} INFO - Sync 1 DAGs
[2026-06-16T17:10:16.642+0000] {logging_mixin.py:188} INFO - [2026-06-16T17:10:16.642+0000] {dag.py:3947} INFO - Setting next_dagrun for 04_postgres_taxi to None, run_after=None
[2026-06-16T17:10:16.671+0000] {processor.py:183} INFO - Processing /opt/airflow/dags/dag_04_postgres_taxi.py took 0.136 seconds
[2026-06-16T17:10:47.655+0000] {processor.py:161} INFO - Started process (PID=23193) to work on /opt/airflow/dags/dag_04_postgres_taxi.py
[2026-06-16T17:10:47.658+0000] {processor.py:830} INFO - Processing file /opt/airflow/dags/dag_04_postgres_taxi.py for tasks to queue
[2026-06-16T17:10:47.660+0000] {logging_mixin.py:188} INFO - [2026-06-16T17:10:47.660+0000] {dagbag.py:545} INFO - Filling up the DagBag from /opt/airflow/dags/dag_04_postgres_taxi.py
[2026-06-16T17:10:47.674+0000] {processor.py:840} INFO - DAG(s) '04_postgres_taxi' retrieved from /opt/airflow/dags/dag_04_postgres_taxi.py
[2026-06-16T17:10:47.733+0000] {logging_mixin.py:188} INFO - [2026-06-16T17:10:47.732+0000] {dag.py:3089} INFO - Sync 1 DAGs
[2026-06-16T17:10:47.752+0000] {logging_mixin.py:188} INFO - [2026-06-16T17:10:47.752+0000] {dag.py:3947} INFO - Setting next_dagrun for 04_postgres_taxi to None, run_after=None
[2026-06-16T17:10:47.779+0000] {processor.py:183} INFO - Processing /opt/airflow/dags/dag_04_postgres_taxi.py took 0.134 seconds
[2026-06-16T17:11:18.766+0000] {processor.py:161} INFO - Started process (PID=23233) to work on /opt/airflow/dags/dag_04_postgres_taxi.py
[2026-06-16T17:11:18.768+0000] {processor.py:830} INFO - Processing file /opt/airflow/dags/dag_04_postgres_taxi.py for tasks to queue
[2026-06-16T17:11:18.770+0000] {logging_mixin.py:188} INFO - [2026-06-16T17:11:18.769+0000] {dagbag.py:545} INFO - Filling up the DagBag from /opt/airflow/dags/dag_04_postgres_taxi.py
[2026-06-16T17:11:18.784+0000] {processor.py:840} INFO - DAG(s) '04_postgres_taxi' retrieved from /opt/airflow/dags/dag_04_postgres_taxi.py
[2026-06-16T17:11:18.844+0000] {logging_mixin.py:188} INFO - [2026-06-16T17:11:18.843+0000] {dag.py:3089} INFO - Sync 1 DAGs
[2026-06-16T17:11:18.863+0000] {logging_mixin.py:188} INFO - [2026-06-16T17:11:18.862+0000] {dag.py:3947} INFO - Setting next_dagrun for 04_postgres_taxi to None, run_after=None
[2026-06-16T17:11:18.889+0000] {processor.py:183} INFO - Processing /opt/airflow/dags/dag_04_postgres_taxi.py took 0.135 seconds
[2026-06-16T17:11:49.867+0000] {processor.py:161} INFO - Started process (PID=23273) to work on /opt/airflow/dags/dag_04_postgres_taxi.py
[2026-06-16T17:11:49.870+0000] {processor.py:830} INFO - Processing file /opt/airflow/dags/dag_04_postgres_taxi.py for tasks to queue
[2026-06-16T17:11:49.872+0000] {logging_mixin.py:188} INFO - [2026-06-16T17:11:49.871+0000] {dagbag.py:545} INFO - Filling up the DagBag from /opt/airflow/dags/dag_04_postgres_taxi.py
[2026-06-16T17:11:49.884+0000] {processor.py:840} INFO - DAG(s) '04_postgres_taxi' retrieved from /opt/airflow/dags/dag_04_postgres_taxi.py
[2026-06-16T17:11:49.944+0000] {logging_mixin.py:188} INFO - [2026-06-16T17:11:49.943+0000] {dag.py:3089} INFO - Sync 1 DAGs
[2026-06-16T17:11:49.961+0000] {logging_mixin.py:188} INFO - [2026-06-16T17:11:49.961+0000] {dag.py:3947} INFO - Setting next_dagrun for 04_postgres_taxi to None, run_after=None
[2026-06-16T17:11:49.986+0000] {processor.py:183} INFO - Processing /opt/airflow/dags/dag_04_postgres_taxi.py took 0.130 seconds
[2026-06-16T17:12:20.941+0000] {processor.py:161} INFO - Started process (PID=23313) to work on /opt/airflow/dags/dag_04_postgres_taxi.py
[2026-06-16T17:12:20.942+0000] {processor.py:830} INFO - Processing file /opt/airflow/dags/dag_04_postgres_taxi.py for tasks to queue
[2026-06-16T17:12:20.944+0000] {logging_mixin.py:188} INFO - [2026-06-16T17:12:20.944+0000] {dagbag.py:545} INFO - Filling up the DagBag from /opt/airflow/dags/dag_04_postgres_taxi.py
[2026-06-16T17:12:20.957+0000] {processor.py:840} INFO - DAG(s) '04_postgres_taxi' retrieved from /opt/airflow/dags/dag_04_postgres_taxi.py
[2026-06-16T17:12:21.025+0000] {logging_mixin.py:188} INFO - [2026-06-16T17:12:21.025+0000] {dag.py:3089} INFO - Sync 1 DAGs
[2026-06-16T17:12:21.048+0000] {logging_mixin.py:188} INFO - [2026-06-16T17:12:21.047+0000] {dag.py:3947} INFO - Setting next_dagrun for 04_postgres_taxi to None, run_after=None
[2026-06-16T17:12:21.076+0000] {processor.py:183} INFO - Processing /opt/airflow/dags/dag_04_postgres_taxi.py took 0.145 seconds
[2026-06-16T17:12:52.040+0000] {processor.py:161} INFO - Started process (PID=23353) to work on /opt/airflow/dags/dag_04_postgres_taxi.py
[2026-06-16T17:12:52.042+0000] {processor.py:830} INFO - Processing file /opt/airflow/dags/dag_04_postgres_taxi.py for tasks to queue
[2026-06-16T17:12:52.044+0000] {logging_mixin.py:188} INFO - [2026-06-16T17:12:52.044+0000] {dagbag.py:545} INFO - Filling up the DagBag from /opt/airflow/dags/dag_04_postgres_taxi.py
[2026-06-16T17:12:52.056+0000] {processor.py:840} INFO - DAG(s) '04_postgres_taxi' retrieved from /opt/airflow/dags/dag_04_postgres_taxi.py
[2026-06-16T17:12:52.117+0000] {logging_mixin.py:188} INFO - [2026-06-16T17:12:52.116+0000] {dag.py:3089} INFO - Sync 1 DAGs
[2026-06-16T17:12:52.135+0000] {logging_mixin.py:188} INFO - [2026-06-16T17:12:52.135+0000] {dag.py:3947} INFO - Setting next_dagrun for 04_postgres_taxi to None, run_after=None
[2026-06-16T17:12:52.160+0000] {processor.py:183} INFO - Processing /opt/airflow/dags/dag_04_postgres_taxi.py took 0.129 seconds
[2026-06-16T17:13:22.291+0000] {processor.py:161} INFO - Started process (PID=23393) to work on /opt/airflow/dags/dag_04_postgres_taxi.py
[2026-06-16T17:13:22.293+0000] {processor.py:830} INFO - Processing file /opt/airflow/dags/dag_04_postgres_taxi.py for tasks to queue
[2026-06-16T17:13:22.295+0000] {logging_mixin.py:188} INFO - [2026-06-16T17:13:22.295+0000] {dagbag.py:545} INFO - Filling up the DagBag from /opt/airflow/dags/dag_04_postgres_taxi.py
[2026-06-16T17:13:22.309+0000] {processor.py:840} INFO - DAG(s) '04_postgres_taxi' retrieved from /opt/airflow/dags/dag_04_postgres_taxi.py
[2026-06-16T17:13:22.387+0000] {logging_mixin.py:188} INFO - [2026-06-16T17:13:22.386+0000] {dag.py:3089} INFO - Sync 1 DAGs
[2026-06-16T17:13:22.404+0000] {logging_mixin.py:188} INFO - [2026-06-16T17:13:22.404+0000] {dag.py:3947} INFO - Setting next_dagrun for 04_postgres_taxi to None, run_after=None
[2026-06-16T17:13:22.434+0000] {processor.py:183} INFO - Processing /opt/airflow/dags/dag_04_postgres_taxi.py took 0.153 seconds
[2026-06-16T17:13:52.535+0000] {processor.py:161} INFO - Started process (PID=23433) to work on /opt/airflow/dags/dag_04_postgres_taxi.py
[2026-06-16T17:13:52.537+0000] {processor.py:830} INFO - Processing file /opt/airflow/dags/dag_04_postgres_taxi.py for tasks to queue
[2026-06-16T17:13:52.539+0000] {logging_mixin.py:188} INFO - [2026-06-16T17:13:52.539+0000] {dagbag.py:545} INFO - Filling up the DagBag from /opt/airflow/dags/dag_04_postgres_taxi.py
[2026-06-16T17:13:52.551+0000] {processor.py:840} INFO - DAG(s) '04_postgres_taxi' retrieved from /opt/airflow/dags/dag_04_postgres_taxi.py
[2026-06-16T17:13:52.609+0000] {logging_mixin.py:188} INFO - [2026-06-16T17:13:52.608+0000] {dag.py:3089} INFO - Sync 1 DAGs
[2026-06-16T17:13:52.626+0000] {logging_mixin.py:188} INFO - [2026-06-16T17:13:52.626+0000] {dag.py:3947} INFO - Setting next_dagrun for 04_postgres_taxi to None, run_after=None
[2026-06-16T17:13:52.653+0000] {processor.py:183} INFO - Processing /opt/airflow/dags/dag_04_postgres_taxi.py took 0.128 seconds
[2026-06-16T17:14:22.714+0000] {processor.py:161} INFO - Started process (PID=23473) to work on /opt/airflow/dags/dag_04_postgres_taxi.py
[2026-06-16T17:14:22.725+0000] {processor.py:830} INFO - Processing file /opt/airflow/dags/dag_04_postgres_taxi.py for tasks to queue
[2026-06-16T17:14:22.727+0000] {logging_mixin.py:188} INFO - [2026-06-16T17:14:22.727+0000] {dagbag.py:545} INFO - Filling up the DagBag from /opt/airflow/dags/dag_04_postgres_taxi.py
[2026-06-16T17:14:22.744+0000] {processor.py:840} INFO - DAG(s) '04_postgres_taxi' retrieved from /opt/airflow/dags/dag_04_postgres_taxi.py
[2026-06-16T17:14:22.800+0000] {logging_mixin.py:188} INFO - [2026-06-16T17:14:22.800+0000] {dag.py:3089} INFO - Sync 1 DAGs
[2026-06-16T17:14:22.818+0000] {logging_mixin.py:188} INFO - [2026-06-16T17:14:22.817+0000] {dag.py:3947} INFO - Setting next_dagrun for 04_postgres_taxi to None, run_after=None
[2026-06-16T17:14:22.842+0000] {processor.py:183} INFO - Processing /opt/airflow/dags/dag_04_postgres_taxi.py took 0.138 seconds
[2026-06-16T17:14:53.244+0000] {processor.py:161} INFO - Started process (PID=23513) to work on /opt/airflow/dags/dag_04_postgres_taxi.py
[2026-06-16T17:14:53.246+0000] {processor.py:830} INFO - Processing file /opt/airflow/dags/dag_04_postgres_taxi.py for tasks to queue
[2026-06-16T17:14:53.249+0000] {logging_mixin.py:188} INFO - [2026-06-16T17:14:53.248+0000] {dagbag.py:545} INFO - Filling up the DagBag from /opt/airflow/dags/dag_04_postgres_taxi.py
[2026-06-16T17:14:53.261+0000] {processor.py:840} INFO - DAG(s) '04_postgres_taxi' retrieved from /opt/airflow/dags/dag_04_postgres_taxi.py
[2026-06-16T17:14:53.319+0000] {logging_mixin.py:188} INFO - [2026-06-16T17:14:53.319+0000] {dag.py:3089} INFO - Sync 1 DAGs
[2026-06-16T17:14:53.336+0000] {logging_mixin.py:188} INFO - [2026-06-16T17:14:53.336+0000] {dag.py:3947} INFO - Setting next_dagrun for 04_postgres_taxi to None, run_after=None
[2026-06-16T17:14:53.503+0000] {processor.py:183} INFO - Processing /opt/airflow/dags/dag_04_postgres_taxi.py took 0.269 seconds
[2026-06-16T17:15:23.647+0000] {processor.py:161} INFO - Started process (PID=23553) to work on /opt/airflow/dags/dag_04_postgres_taxi.py
[2026-06-16T17:15:23.648+0000] {processor.py:830} INFO - Processing file /opt/airflow/dags/dag_04_postgres_taxi.py for tasks to queue
[2026-06-16T17:15:23.650+0000] {logging_mixin.py:188} INFO - [2026-06-16T17:15:23.650+0000] {dagbag.py:545} INFO - Filling up the DagBag from /opt/airflow/dags/dag_04_postgres_taxi.py
[2026-06-16T17:15:23.662+0000] {processor.py:840} INFO - DAG(s) '04_postgres_taxi' retrieved from /opt/airflow/dags/dag_04_postgres_taxi.py
[2026-06-16T17:15:23.719+0000] {logging_mixin.py:188} INFO - [2026-06-16T17:15:23.718+0000] {dag.py:3089} INFO - Sync 1 DAGs
[2026-06-16T17:15:23.735+0000] {logging_mixin.py:188} INFO - [2026-06-16T17:15:23.735+0000] {dag.py:3947} INFO - Setting next_dagrun for 04_postgres_taxi to None, run_after=None
[2026-06-16T17:15:23.759+0000] {processor.py:183} INFO - Processing /opt/airflow/dags/dag_04_postgres_taxi.py took 0.122 seconds
[2026-06-16T17:15:54.725+0000] {processor.py:161} INFO - Started process (PID=23593) to work on /opt/airflow/dags/dag_04_postgres_taxi.py
[2026-06-16T17:15:54.728+0000] {processor.py:830} INFO - Processing file /opt/airflow/dags/dag_04_postgres_taxi.py for tasks to queue
[2026-06-16T17:15:54.730+0000] {logging_mixin.py:188} INFO - [2026-06-16T17:15:54.730+0000] {dagbag.py:545} INFO - Filling up the DagBag from /opt/airflow/dags/dag_04_postgres_taxi.py
[2026-06-16T17:15:54.745+0000] {processor.py:840} INFO - DAG(s) '04_postgres_taxi' retrieved from /opt/airflow/dags/dag_04_postgres_taxi.py
[2026-06-16T17:15:54.805+0000] {logging_mixin.py:188} INFO - [2026-06-16T17:15:54.805+0000] {dag.py:3089} INFO - Sync 1 DAGs
[2026-06-16T17:15:54.823+0000] {logging_mixin.py:188} INFO - [2026-06-16T17:15:54.822+0000] {dag.py:3947} INFO - Setting next_dagrun for 04_postgres_taxi to None, run_after=None
[2026-06-16T17:15:54.849+0000] {processor.py:183} INFO - Processing /opt/airflow/dags/dag_04_postgres_taxi.py took 0.136 seconds
[2026-06-16T17:16:25.079+0000] {processor.py:161} INFO - Started process (PID=23633) to work on /opt/airflow/dags/dag_04_postgres_taxi.py
[2026-06-16T17:16:25.081+0000] {processor.py:830} INFO - Processing file /opt/airflow/dags/dag_04_postgres_taxi.py for tasks to queue
[2026-06-16T17:16:25.083+0000] {logging_mixin.py:188} INFO - [2026-06-16T17:16:25.082+0000] {dagbag.py:545} INFO - Filling up the DagBag from /opt/airflow/dags/dag_04_postgres_taxi.py
[2026-06-16T17:16:25.096+0000] {processor.py:840} INFO - DAG(s) '04_postgres_taxi' retrieved from /opt/airflow/dags/dag_04_postgres_taxi.py
[2026-06-16T17:16:25.154+0000] {logging_mixin.py:188} INFO - [2026-06-16T17:16:25.153+0000] {dag.py:3089} INFO - Sync 1 DAGs
[2026-06-16T17:16:25.307+0000] {logging_mixin.py:188} INFO - [2026-06-16T17:16:25.306+0000] {dag.py:3947} INFO - Setting next_dagrun for 04_postgres_taxi to None, run_after=None
[2026-06-16T17:16:25.337+0000] {processor.py:183} INFO - Processing /opt/airflow/dags/dag_04_postgres_taxi.py took 0.267 seconds
[2026-06-16T17:16:55.489+0000] {processor.py:161} INFO - Started process (PID=23673) to work on /opt/airflow/dags/dag_04_postgres_taxi.py
[2026-06-16T17:16:55.491+0000] {processor.py:830} INFO - Processing file /opt/airflow/dags/dag_04_postgres_taxi.py for tasks to queue
[2026-06-16T17:16:55.493+0000] {logging_mixin.py:188} INFO - [2026-06-16T17:16:55.492+0000] {dagbag.py:545} INFO - Filling up the DagBag from /opt/airflow/dags/dag_04_postgres_taxi.py
[2026-06-16T17:16:55.505+0000] {processor.py:840} INFO - DAG(s) '04_postgres_taxi' retrieved from /opt/airflow/dags/dag_04_postgres_taxi.py
[2026-06-16T17:16:55.566+0000] {logging_mixin.py:188} INFO - [2026-06-16T17:16:55.565+0000] {dag.py:3089} INFO - Sync 1 DAGs
[2026-06-16T17:16:55.583+0000] {logging_mixin.py:188} INFO - [2026-06-16T17:16:55.583+0000] {dag.py:3947} INFO - Setting next_dagrun for 04_postgres_taxi to None, run_after=None
[2026-06-16T17:16:55.609+0000] {processor.py:183} INFO - Processing /opt/airflow/dags/dag_04_postgres_taxi.py took 0.129 seconds
[2026-06-16T17:17:26.634+0000] {processor.py:161} INFO - Started process (PID=23713) to work on /opt/airflow/dags/dag_04_postgres_taxi.py
[2026-06-16T17:17:26.635+0000] {processor.py:830} INFO - Processing file /opt/airflow/dags/dag_04_postgres_taxi.py for tasks to queue
[2026-06-16T17:17:26.638+0000] {logging_mixin.py:188} INFO - [2026-06-16T17:17:26.637+0000] {dagbag.py:545} INFO - Filling up the DagBag from /opt/airflow/dags/dag_04_postgres_taxi.py
[2026-06-16T17:17:26.650+0000] {processor.py:840} INFO - DAG(s) '04_postgres_taxi' retrieved from /opt/airflow/dags/dag_04_postgres_taxi.py
[2026-06-16T17:17:26.707+0000] {logging_mixin.py:188} INFO - [2026-06-16T17:17:26.707+0000] {dag.py:3089} INFO - Sync 1 DAGs
[2026-06-16T17:17:26.727+0000] {logging_mixin.py:188} INFO - [2026-06-16T17:17:26.726+0000] {dag.py:3947} INFO - Setting next_dagrun for 04_postgres_taxi to None, run_after=None
[2026-06-16T17:17:26.751+0000] {processor.py:183} INFO - Processing /opt/airflow/dags/dag_04_postgres_taxi.py took 0.127 seconds
[2026-06-16T17:17:56.850+0000] {processor.py:161} INFO - Started process (PID=23753) to work on /opt/airflow/dags/dag_04_postgres_taxi.py
[2026-06-16T17:17:56.860+0000] {processor.py:830} INFO - Processing file /opt/airflow/dags/dag_04_postgres_taxi.py for tasks to queue
[2026-06-16T17:17:56.863+0000] {logging_mixin.py:188} INFO - [2026-06-16T17:17:56.863+0000] {dagbag.py:545} INFO - Filling up the DagBag from /opt/airflow/dags/dag_04_postgres_taxi.py
[2026-06-16T17:17:56.878+0000] {processor.py:840} INFO - DAG(s) '04_postgres_taxi' retrieved from /opt/airflow/dags/dag_04_postgres_taxi.py
[2026-06-16T17:17:56.947+0000] {logging_mixin.py:188} INFO - [2026-06-16T17:17:56.946+0000] {dag.py:3089} INFO - Sync 1 DAGs
[2026-06-16T17:17:57.132+0000] {logging_mixin.py:188} INFO - [2026-06-16T17:17:57.132+0000] {dag.py:3947} INFO - Setting next_dagrun for 04_postgres_taxi to None, run_after=None
[2026-06-16T17:17:57.155+0000] {processor.py:183} INFO - Processing /opt/airflow/dags/dag_04_postgres_taxi.py took 0.317 seconds
[2026-06-16T17:18:27.343+0000] {processor.py:161} INFO - Started process (PID=23793) to work on /opt/airflow/dags/dag_04_postgres_taxi.py
[2026-06-16T17:18:27.344+0000] {processor.py:830} INFO - Processing file /opt/airflow/dags/dag_04_postgres_taxi.py for tasks to queue
[2026-06-16T17:18:27.346+0000] {logging_mixin.py:188} INFO - [2026-06-16T17:18:27.345+0000] {dagbag.py:545} INFO - Filling up the DagBag from /opt/airflow/dags/dag_04_postgres_taxi.py
[2026-06-16T17:18:27.358+0000] {processor.py:840} INFO - DAG(s) '04_postgres_taxi' retrieved from /opt/airflow/dags/dag_04_postgres_taxi.py
[2026-06-16T17:18:27.556+0000] {logging_mixin.py:188} INFO - [2026-06-16T17:18:27.555+0000] {dag.py:3089} INFO - Sync 1 DAGs
[2026-06-16T17:18:27.568+0000] {logging_mixin.py:188} INFO - [2026-06-16T17:18:27.568+0000] {dag.py:3947} INFO - Setting next_dagrun for 04_postgres_taxi to None, run_after=None
[2026-06-16T17:18:27.590+0000] {processor.py:183} INFO - Processing /opt/airflow/dags/dag_04_postgres_taxi.py took 0.256 seconds
[2026-06-16T17:18:57.700+0000] {processor.py:161} INFO - Started process (PID=23833) to work on /opt/airflow/dags/dag_04_postgres_taxi.py
[2026-06-16T17:18:57.701+0000] {processor.py:830} INFO - Processing file /opt/airflow/dags/dag_04_postgres_taxi.py for tasks to queue
[2026-06-16T17:18:57.704+0000] {logging_mixin.py:188} INFO - [2026-06-16T17:18:57.703+0000] {dagbag.py:545} INFO - Filling up the DagBag from /opt/airflow/dags/dag_04_postgres_taxi.py
[2026-06-16T17:18:57.716+0000] {processor.py:840} INFO - DAG(s) '04_postgres_taxi' retrieved from /opt/airflow/dags/dag_04_postgres_taxi.py
[2026-06-16T17:18:57.777+0000] {logging_mixin.py:188} INFO - [2026-06-16T17:18:57.776+0000] {dag.py:3089} INFO - Sync 1 DAGs
[2026-06-16T17:18:57.795+0000] {logging_mixin.py:188} INFO - [2026-06-16T17:18:57.795+0000] {dag.py:3947} INFO - Setting next_dagrun for 04_postgres_taxi to None, run_after=None
[2026-06-16T17:18:57.821+0000] {processor.py:183} INFO - Processing /opt/airflow/dags/dag_04_postgres_taxi.py took 0.130 seconds
[2026-06-16T17:19:28.683+0000] {processor.py:161} INFO - Started process (PID=23873) to work on /opt/airflow/dags/dag_04_postgres_taxi.py
[2026-06-16T17:19:28.685+0000] {processor.py:830} INFO - Processing file /opt/airflow/dags/dag_04_postgres_taxi.py for tasks to queue
[2026-06-16T17:19:28.687+0000] {logging_mixin.py:188} INFO - [2026-06-16T17:19:28.687+0000] {dagbag.py:545} INFO - Filling up the DagBag from /opt/airflow/dags/dag_04_postgres_taxi.py
[2026-06-16T17:19:28.701+0000] {processor.py:840} INFO - DAG(s) '04_postgres_taxi' retrieved from /opt/airflow/dags/dag_04_postgres_taxi.py
[2026-06-16T17:19:28.767+0000] {logging_mixin.py:188} INFO - [2026-06-16T17:19:28.767+0000] {dag.py:3089} INFO - Sync 1 DAGs
[2026-06-16T17:19:28.783+0000] {logging_mixin.py:188} INFO - [2026-06-16T17:19:28.783+0000] {dag.py:3947} INFO - Setting next_dagrun for 04_postgres_taxi to None, run_after=None
[2026-06-16T17:19:28.808+0000] {processor.py:183} INFO - Processing /opt/airflow/dags/dag_04_postgres_taxi.py took 0.136 seconds
[2026-06-16T17:19:59.765+0000] {processor.py:161} INFO - Started process (PID=23913) to work on /opt/airflow/dags/dag_04_postgres_taxi.py
[2026-06-16T17:19:59.767+0000] {processor.py:830} INFO - Processing file /opt/airflow/dags/dag_04_postgres_taxi.py for tasks to queue
[2026-06-16T17:19:59.769+0000] {logging_mixin.py:188} INFO - [2026-06-16T17:19:59.769+0000] {dagbag.py:545} INFO - Filling up the DagBag from /opt/airflow/dags/dag_04_postgres_taxi.py
[2026-06-16T17:19:59.783+0000] {processor.py:840} INFO - DAG(s) '04_postgres_taxi' retrieved from /opt/airflow/dags/dag_04_postgres_taxi.py
[2026-06-16T17:19:59.844+0000] {logging_mixin.py:188} INFO - [2026-06-16T17:19:59.844+0000] {dag.py:3089} INFO - Sync 1 DAGs
[2026-06-16T17:19:59.861+0000] {logging_mixin.py:188} INFO - [2026-06-16T17:19:59.860+0000] {dag.py:3947} INFO - Setting next_dagrun for 04_postgres_taxi to None, run_after=None
[2026-06-16T17:19:59.890+0000] {processor.py:183} INFO - Processing /opt/airflow/dags/dag_04_postgres_taxi.py took 0.135 seconds
[2026-06-16T17:20:30.755+0000] {processor.py:161} INFO - Started process (PID=23953) to work on /opt/airflow/dags/dag_04_postgres_taxi.py
[2026-06-16T17:20:30.766+0000] {processor.py:830} INFO - Processing file /opt/airflow/dags/dag_04_postgres_taxi.py for tasks to queue
[2026-06-16T17:20:30.768+0000] {logging_mixin.py:188} INFO - [2026-06-16T17:20:30.768+0000] {dagbag.py:545} INFO - Filling up the DagBag from /opt/airflow/dags/dag_04_postgres_taxi.py
[2026-06-16T17:20:30.780+0000] {processor.py:840} INFO - DAG(s) '04_postgres_taxi' retrieved from /opt/airflow/dags/dag_04_postgres_taxi.py
[2026-06-16T17:20:30.842+0000] {logging_mixin.py:188} INFO - [2026-06-16T17:20:30.842+0000] {dag.py:3089} INFO - Sync 1 DAGs
[2026-06-16T17:20:30.859+0000] {logging_mixin.py:188} INFO - [2026-06-16T17:20:30.859+0000] {dag.py:3947} INFO - Setting next_dagrun for 04_postgres_taxi to None, run_after=None
[2026-06-16T17:20:30.882+0000] {processor.py:183} INFO - Processing /opt/airflow/dags/dag_04_postgres_taxi.py took 0.140 seconds
[2026-06-16T17:21:01.843+0000] {processor.py:161} INFO - Started process (PID=23993) to work on /opt/airflow/dags/dag_04_postgres_taxi.py
[2026-06-16T17:21:01.844+0000] {processor.py:830} INFO - Processing file /opt/airflow/dags/dag_04_postgres_taxi.py for tasks to queue
[2026-06-16T17:21:01.846+0000] {logging_mixin.py:188} INFO - [2026-06-16T17:21:01.846+0000] {dagbag.py:545} INFO - Filling up the DagBag from /opt/airflow/dags/dag_04_postgres_taxi.py
[2026-06-16T17:21:01.858+0000] {processor.py:840} INFO - DAG(s) '04_postgres_taxi' retrieved from /opt/airflow/dags/dag_04_postgres_taxi.py
[2026-06-16T17:21:01.918+0000] {logging_mixin.py:188} INFO - [2026-06-16T17:21:01.918+0000] {dag.py:3089} INFO - Sync 1 DAGs
[2026-06-16T17:21:01.935+0000] {logging_mixin.py:188} INFO - [2026-06-16T17:21:01.934+0000] {dag.py:3947} INFO - Setting next_dagrun for 04_postgres_taxi to None, run_after=None
[2026-06-16T17:21:01.958+0000] {processor.py:183} INFO - Processing /opt/airflow/dags/dag_04_postgres_taxi.py took 0.126 seconds
[2026-06-16T17:21:32.952+0000] {processor.py:161} INFO - Started process (PID=24033) to work on /opt/airflow/dags/dag_04_postgres_taxi.py
[2026-06-16T17:21:32.962+0000] {processor.py:830} INFO - Processing file /opt/airflow/dags/dag_04_postgres_taxi.py for tasks to queue
[2026-06-16T17:21:32.964+0000] {logging_mixin.py:188} INFO - [2026-06-16T17:21:32.964+0000] {dagbag.py:545} INFO - Filling up the DagBag from /opt/airflow/dags/dag_04_postgres_taxi.py
[2026-06-16T17:21:32.976+0000] {processor.py:840} INFO - DAG(s) '04_postgres_taxi' retrieved from /opt/airflow/dags/dag_04_postgres_taxi.py
[2026-06-16T17:21:33.031+0000] {logging_mixin.py:188} INFO - [2026-06-16T17:21:33.031+0000] {dag.py:3089} INFO - Sync 1 DAGs
[2026-06-16T17:21:33.048+0000] {logging_mixin.py:188} INFO - [2026-06-16T17:21:33.048+0000] {dag.py:3947} INFO - Setting next_dagrun for 04_postgres_taxi to None, run_after=None
[2026-06-16T17:21:33.071+0000] {processor.py:183} INFO - Processing /opt/airflow/dags/dag_04_postgres_taxi.py took 0.130 seconds
[2026-06-16T17:22:03.869+0000] {processor.py:161} INFO - Started process (PID=24073) to work on /opt/airflow/dags/dag_04_postgres_taxi.py
[2026-06-16T17:22:03.870+0000] {processor.py:830} INFO - Processing file /opt/airflow/dags/dag_04_postgres_taxi.py for tasks to queue
[2026-06-16T17:22:03.872+0000] {logging_mixin.py:188} INFO - [2026-06-16T17:22:03.872+0000] {dagbag.py:545} INFO - Filling up the DagBag from /opt/airflow/dags/dag_04_postgres_taxi.py
[2026-06-16T17:22:03.885+0000] {processor.py:840} INFO - DAG(s) '04_postgres_taxi' retrieved from /opt/airflow/dags/dag_04_postgres_taxi.py
[2026-06-16T17:22:03.944+0000] {logging_mixin.py:188} INFO - [2026-06-16T17:22:03.944+0000] {dag.py:3089} INFO - Sync 1 DAGs
[2026-06-16T17:22:03.962+0000] {logging_mixin.py:188} INFO - [2026-06-16T17:22:03.962+0000] {dag.py:3947} INFO - Setting next_dagrun for 04_postgres_taxi to None, run_after=None
[2026-06-16T17:22:03.988+0000] {processor.py:183} INFO - Processing /opt/airflow/dags/dag_04_postgres_taxi.py took 0.129 seconds
[2026-06-16T17:22:34.939+0000] {processor.py:161} INFO - Started process (PID=24113) to work on /opt/airflow/dags/dag_04_postgres_taxi.py
[2026-06-16T17:22:34.941+0000] {processor.py:830} INFO - Processing file /opt/airflow/dags/dag_04_postgres_taxi.py for tasks to queue
[2026-06-16T17:22:34.943+0000] {logging_mixin.py:188} INFO - [2026-06-16T17:22:34.943+0000] {dagbag.py:545} INFO - Filling up the DagBag from /opt/airflow/dags/dag_04_postgres_taxi.py
[2026-06-16T17:22:34.955+0000] {processor.py:840} INFO - DAG(s) '04_postgres_taxi' retrieved from /opt/airflow/dags/dag_04_postgres_taxi.py
[2026-06-16T17:22:35.015+0000] {logging_mixin.py:188} INFO - [2026-06-16T17:22:35.015+0000] {dag.py:3089} INFO - Sync 1 DAGs
[2026-06-16T17:22:35.032+0000] {logging_mixin.py:188} INFO - [2026-06-16T17:22:35.032+0000] {dag.py:3947} INFO - Setting next_dagrun for 04_postgres_taxi to None, run_after=None
[2026-06-16T17:22:35.056+0000] {processor.py:183} INFO - Processing /opt/airflow/dags/dag_04_postgres_taxi.py took 0.127 seconds
[2026-06-16T17:23:06.015+0000] {processor.py:161} INFO - Started process (PID=24153) to work on /opt/airflow/dags/dag_04_postgres_taxi.py
[2026-06-16T17:23:06.025+0000] {processor.py:830} INFO - Processing file /opt/airflow/dags/dag_04_postgres_taxi.py for tasks to queue
[2026-06-16T17:23:06.027+0000] {logging_mixin.py:188} INFO - [2026-06-16T17:23:06.027+0000] {dagbag.py:545} INFO - Filling up the DagBag from /opt/airflow/dags/dag_04_postgres_taxi.py
[2026-06-16T17:23:06.039+0000] {processor.py:840} INFO - DAG(s) '04_postgres_taxi' retrieved from /opt/airflow/dags/dag_04_postgres_taxi.py
[2026-06-16T17:23:06.094+0000] {logging_mixin.py:188} INFO - [2026-06-16T17:23:06.094+0000] {dag.py:3089} INFO - Sync 1 DAGs
[2026-06-16T17:23:06.111+0000] {logging_mixin.py:188} INFO - [2026-06-16T17:23:06.110+0000] {dag.py:3947} INFO - Setting next_dagrun for 04_postgres_taxi to None, run_after=None
[2026-06-16T17:23:06.134+0000] {processor.py:183} INFO - Processing /opt/airflow/dags/dag_04_postgres_taxi.py took 0.129 seconds
[2026-06-16T17:23:37.116+0000] {processor.py:161} INFO - Started process (PID=24193) to work on /opt/airflow/dags/dag_04_postgres_taxi.py
[2026-06-16T17:23:37.117+0000] {processor.py:830} INFO - Processing file /opt/airflow/dags/dag_04_postgres_taxi.py for tasks to queue
[2026-06-16T17:23:37.119+0000] {logging_mixin.py:188} INFO - [2026-06-16T17:23:37.119+0000] {dagbag.py:545} INFO - Filling up the DagBag from /opt/airflow/dags/dag_04_postgres_taxi.py
[2026-06-16T17:23:37.132+0000] {processor.py:840} INFO - DAG(s) '04_postgres_taxi' retrieved from /opt/airflow/dags/dag_04_postgres_taxi.py
[2026-06-16T17:23:37.191+0000] {logging_mixin.py:188} INFO - [2026-06-16T17:23:37.191+0000] {dag.py:3089} INFO - Sync 1 DAGs
[2026-06-16T17:23:37.209+0000] {logging_mixin.py:188} INFO - [2026-06-16T17:23:37.208+0000] {dag.py:3947} INFO - Setting next_dagrun for 04_postgres_taxi to None, run_after=None
[2026-06-16T17:23:37.235+0000] {processor.py:183} INFO - Processing /opt/airflow/dags/dag_04_postgres_taxi.py took 0.129 seconds
[2026-06-16T17:24:08.248+0000] {processor.py:161} INFO - Started process (PID=24233) to work on /opt/airflow/dags/dag_04_postgres_taxi.py
[2026-06-16T17:24:08.249+0000] {processor.py:830} INFO - Processing file /opt/airflow/dags/dag_04_postgres_taxi.py for tasks to queue
[2026-06-16T17:24:08.251+0000] {logging_mixin.py:188} INFO - [2026-06-16T17:24:08.251+0000] {dagbag.py:545} INFO - Filling up the DagBag from /opt/airflow/dags/dag_04_postgres_taxi.py
[2026-06-16T17:24:08.263+0000] {processor.py:840} INFO - DAG(s) '04_postgres_taxi' retrieved from /opt/airflow/dags/dag_04_postgres_taxi.py
[2026-06-16T17:24:08.323+0000] {logging_mixin.py:188} INFO - [2026-06-16T17:24:08.323+0000] {dag.py:3089} INFO - Sync 1 DAGs
[2026-06-16T17:24:08.340+0000] {logging_mixin.py:188} INFO - [2026-06-16T17:24:08.340+0000] {dag.py:3947} INFO - Setting next_dagrun for 04_postgres_taxi to None, run_after=None
[2026-06-16T17:24:08.369+0000] {processor.py:183} INFO - Processing /opt/airflow/dags/dag_04_postgres_taxi.py took 0.131 seconds
[2026-06-16T17:24:39.311+0000] {processor.py:161} INFO - Started process (PID=24273) to work on /opt/airflow/dags/dag_04_postgres_taxi.py
[2026-06-16T17:24:39.313+0000] {processor.py:830} INFO - Processing file /opt/airflow/dags/dag_04_postgres_taxi.py for tasks to queue
[2026-06-16T17:24:39.315+0000] {logging_mixin.py:188} INFO - [2026-06-16T17:24:39.315+0000] {dagbag.py:545} INFO - Filling up the DagBag from /opt/airflow/dags/dag_04_postgres_taxi.py
[2026-06-16T17:24:39.339+0000] {processor.py:840} INFO - DAG(s) '04_postgres_taxi' retrieved from /opt/airflow/dags/dag_04_postgres_taxi.py
[2026-06-16T17:24:39.408+0000] {logging_mixin.py:188} INFO - [2026-06-16T17:24:39.408+0000] {dag.py:3089} INFO - Sync 1 DAGs
[2026-06-16T17:24:39.422+0000] {logging_mixin.py:188} INFO - [2026-06-16T17:24:39.422+0000] {dag.py:3947} INFO - Setting next_dagrun for 04_postgres_taxi to None, run_after=None
[2026-06-16T17:24:39.455+0000] {processor.py:183} INFO - Processing /opt/airflow/dags/dag_04_postgres_taxi.py took 0.151 seconds
[2026-06-16T17:25:10.462+0000] {processor.py:161} INFO - Started process (PID=24313) to work on /opt/airflow/dags/dag_04_postgres_taxi.py
[2026-06-16T17:25:10.463+0000] {processor.py:830} INFO - Processing file /opt/airflow/dags/dag_04_postgres_taxi.py for tasks to queue
[2026-06-16T17:25:10.466+0000] {logging_mixin.py:188} INFO - [2026-06-16T17:25:10.465+0000] {dagbag.py:545} INFO - Filling up the DagBag from /opt/airflow/dags/dag_04_postgres_taxi.py
[2026-06-16T17:25:10.477+0000] {processor.py:840} INFO - DAG(s) '04_postgres_taxi' retrieved from /opt/airflow/dags/dag_04_postgres_taxi.py
[2026-06-16T17:25:10.537+0000] {logging_mixin.py:188} INFO - [2026-06-16T17:25:10.537+0000] {dag.py:3089} INFO - Sync 1 DAGs
[2026-06-16T17:25:10.556+0000] {logging_mixin.py:188} INFO - [2026-06-16T17:25:10.556+0000] {dag.py:3947} INFO - Setting next_dagrun for 04_postgres_taxi to None, run_after=None
[2026-06-16T17:25:10.585+0000] {processor.py:183} INFO - Processing /opt/airflow/dags/dag_04_postgres_taxi.py took 0.133 seconds
[2026-06-16T17:25:41.457+0000] {processor.py:161} INFO - Started process (PID=24353) to work on /opt/airflow/dags/dag_04_postgres_taxi.py
[2026-06-16T17:25:41.467+0000] {processor.py:830} INFO - Processing file /opt/airflow/dags/dag_04_postgres_taxi.py for tasks to queue
[2026-06-16T17:25:41.469+0000] {logging_mixin.py:188} INFO - [2026-06-16T17:25:41.469+0000] {dagbag.py:545} INFO - Filling up the DagBag from /opt/airflow/dags/dag_04_postgres_taxi.py
[2026-06-16T17:25:41.481+0000] {processor.py:840} INFO - DAG(s) '04_postgres_taxi' retrieved from /opt/airflow/dags/dag_04_postgres_taxi.py
[2026-06-16T17:25:41.537+0000] {logging_mixin.py:188} INFO - [2026-06-16T17:25:41.537+0000] {dag.py:3089} INFO - Sync 1 DAGs
[2026-06-16T17:25:41.556+0000] {logging_mixin.py:188} INFO - [2026-06-16T17:25:41.556+0000] {dag.py:3947} INFO - Setting next_dagrun for 04_postgres_taxi to None, run_after=None
[2026-06-16T17:25:41.578+0000] {processor.py:183} INFO - Processing /opt/airflow/dags/dag_04_postgres_taxi.py took 0.130 seconds
[2026-06-16T17:26:12.375+0000] {processor.py:161} INFO - Started process (PID=24393) to work on /opt/airflow/dags/dag_04_postgres_taxi.py
[2026-06-16T17:26:12.376+0000] {processor.py:830} INFO - Processing file /opt/airflow/dags/dag_04_postgres_taxi.py for tasks to queue
[2026-06-16T17:26:12.378+0000] {logging_mixin.py:188} INFO - [2026-06-16T17:26:12.378+0000] {dagbag.py:545} INFO - Filling up the DagBag from /opt/airflow/dags/dag_04_postgres_taxi.py
[2026-06-16T17:26:12.394+0000] {processor.py:840} INFO - DAG(s) '04_postgres_taxi' retrieved from /opt/airflow/dags/dag_04_postgres_taxi.py
[2026-06-16T17:26:12.465+0000] {logging_mixin.py:188} INFO - [2026-06-16T17:26:12.464+0000] {dag.py:3089} INFO - Sync 1 DAGs
[2026-06-16T17:26:12.486+0000] {logging_mixin.py:188} INFO - [2026-06-16T17:26:12.486+0000] {dag.py:3947} INFO - Setting next_dagrun for 04_postgres_taxi to None, run_after=None
[2026-06-16T17:26:12.514+0000] {processor.py:183} INFO - Processing /opt/airflow/dags/dag_04_postgres_taxi.py took 0.148 seconds
[2026-06-16T17:26:43.455+0000] {processor.py:161} INFO - Started process (PID=24433) to work on /opt/airflow/dags/dag_04_postgres_taxi.py
[2026-06-16T17:26:43.457+0000] {processor.py:830} INFO - Processing file /opt/airflow/dags/dag_04_postgres_taxi.py for tasks to queue
[2026-06-16T17:26:43.460+0000] {logging_mixin.py:188} INFO - [2026-06-16T17:26:43.459+0000] {dagbag.py:545} INFO - Filling up the DagBag from /opt/airflow/dags/dag_04_postgres_taxi.py
[2026-06-16T17:26:43.472+0000] {processor.py:840} INFO - DAG(s) '04_postgres_taxi' retrieved from /opt/airflow/dags/dag_04_postgres_taxi.py
[2026-06-16T17:26:43.531+0000] {logging_mixin.py:188} INFO - [2026-06-16T17:26:43.531+0000] {dag.py:3089} INFO - Sync 1 DAGs
[2026-06-16T17:26:43.551+0000] {logging_mixin.py:188} INFO - [2026-06-16T17:26:43.551+0000] {dag.py:3947} INFO - Setting next_dagrun for 04_postgres_taxi to None, run_after=None
[2026-06-16T17:26:43.576+0000] {processor.py:183} INFO - Processing /opt/airflow/dags/dag_04_postgres_taxi.py took 0.130 seconds
[2026-06-16T17:27:14.518+0000] {processor.py:161} INFO - Started process (PID=24473) to work on /opt/airflow/dags/dag_04_postgres_taxi.py
[2026-06-16T17:27:14.519+0000] {processor.py:830} INFO - Processing file /opt/airflow/dags/dag_04_postgres_taxi.py for tasks to queue
[2026-06-16T17:27:14.521+0000] {logging_mixin.py:188} INFO - [2026-06-16T17:27:14.521+0000] {dagbag.py:545} INFO - Filling up the DagBag from /opt/airflow/dags/dag_04_postgres_taxi.py
[2026-06-16T17:27:14.534+0000] {processor.py:840} INFO - DAG(s) '04_postgres_taxi' retrieved from /opt/airflow/dags/dag_04_postgres_taxi.py
[2026-06-16T17:27:14.603+0000] {logging_mixin.py:188} INFO - [2026-06-16T17:27:14.602+0000] {dag.py:3089} INFO - Sync 1 DAGs
[2026-06-16T17:27:14.621+0000] {logging_mixin.py:188} INFO - [2026-06-16T17:27:14.620+0000] {dag.py:3947} INFO - Setting next_dagrun for 04_postgres_taxi to None, run_after=None
[2026-06-16T17:27:14.646+0000] {processor.py:183} INFO - Processing /opt/airflow/dags/dag_04_postgres_taxi.py took 0.138 seconds
[2026-06-16T17:27:45.512+0000] {processor.py:161} INFO - Started process (PID=24513) to work on /opt/airflow/dags/dag_04_postgres_taxi.py
[2026-06-16T17:27:45.514+0000] {processor.py:830} INFO - Processing file /opt/airflow/dags/dag_04_postgres_taxi.py for tasks to queue
[2026-06-16T17:27:45.517+0000] {logging_mixin.py:188} INFO - [2026-06-16T17:27:45.516+0000] {dagbag.py:545} INFO - Filling up the DagBag from /opt/airflow/dags/dag_04_postgres_taxi.py
[2026-06-16T17:27:45.535+0000] {processor.py:840} INFO - DAG(s) '04_postgres_taxi' retrieved from /opt/airflow/dags/dag_04_postgres_taxi.py
[2026-06-16T17:27:45.618+0000] {logging_mixin.py:188} INFO - [2026-06-16T17:27:45.618+0000] {dag.py:3089} INFO - Sync 1 DAGs
[2026-06-16T17:27:45.635+0000] {logging_mixin.py:188} INFO - [2026-06-16T17:27:45.635+0000] {dag.py:3947} INFO - Setting next_dagrun for 04_postgres_taxi to None, run_after=None
[2026-06-16T17:27:45.660+0000] {processor.py:183} INFO - Processing /opt/airflow/dags/dag_04_postgres_taxi.py took 0.159 seconds
[2026-06-16T17:28:16.617+0000] {processor.py:161} INFO - Started process (PID=24553) to work on /opt/airflow/dags/dag_04_postgres_taxi.py
[2026-06-16T17:28:16.620+0000] {processor.py:830} INFO - Processing file /opt/airflow/dags/dag_04_postgres_taxi.py for tasks to queue
[2026-06-16T17:28:16.623+0000] {logging_mixin.py:188} INFO - [2026-06-16T17:28:16.622+0000] {dagbag.py:545} INFO - Filling up the DagBag from /opt/airflow/dags/dag_04_postgres_taxi.py
[2026-06-16T17:28:16.636+0000] {processor.py:840} INFO - DAG(s) '04_postgres_taxi' retrieved from /opt/airflow/dags/dag_04_postgres_taxi.py
[2026-06-16T17:28:16.696+0000] {logging_mixin.py:188} INFO - [2026-06-16T17:28:16.696+0000] {dag.py:3089} INFO - Sync 1 DAGs
[2026-06-16T17:28:16.714+0000] {logging_mixin.py:188} INFO - [2026-06-16T17:28:16.714+0000] {dag.py:3947} INFO - Setting next_dagrun for 04_postgres_taxi to None, run_after=None
[2026-06-16T17:28:16.740+0000] {processor.py:183} INFO - Processing /opt/airflow/dags/dag_04_postgres_taxi.py took 0.134 seconds
[2026-06-16T17:28:47.683+0000] {processor.py:161} INFO - Started process (PID=24593) to work on /opt/airflow/dags/dag_04_postgres_taxi.py
[2026-06-16T17:28:47.684+0000] {processor.py:830} INFO - Processing file /opt/airflow/dags/dag_04_postgres_taxi.py for tasks to queue
[2026-06-16T17:28:47.686+0000] {logging_mixin.py:188} INFO - [2026-06-16T17:28:47.686+0000] {dagbag.py:545} INFO - Filling up the DagBag from /opt/airflow/dags/dag_04_postgres_taxi.py
[2026-06-16T17:28:47.699+0000] {processor.py:840} INFO - DAG(s) '04_postgres_taxi' retrieved from /opt/airflow/dags/dag_04_postgres_taxi.py
[2026-06-16T17:28:47.758+0000] {logging_mixin.py:188} INFO - [2026-06-16T17:28:47.758+0000] {dag.py:3089} INFO - Sync 1 DAGs
[2026-06-16T17:28:47.775+0000] {logging_mixin.py:188} INFO - [2026-06-16T17:28:47.775+0000] {dag.py:3947} INFO - Setting next_dagrun for 04_postgres_taxi to None, run_after=None
[2026-06-16T17:28:47.802+0000] {processor.py:183} INFO - Processing /opt/airflow/dags/dag_04_postgres_taxi.py took 0.129 seconds
[2026-06-16T17:29:18.773+0000] {processor.py:161} INFO - Started process (PID=24633) to work on /opt/airflow/dags/dag_04_postgres_taxi.py
[2026-06-16T17:29:18.775+0000] {processor.py:830} INFO - Processing file /opt/airflow/dags/dag_04_postgres_taxi.py for tasks to queue
[2026-06-16T17:29:18.777+0000] {logging_mixin.py:188} INFO - [2026-06-16T17:29:18.777+0000] {dagbag.py:545} INFO - Filling up the DagBag from /opt/airflow/dags/dag_04_postgres_taxi.py
[2026-06-16T17:29:18.790+0000] {processor.py:840} INFO - DAG(s) '04_postgres_taxi' retrieved from /opt/airflow/dags/dag_04_postgres_taxi.py
[2026-06-16T17:29:18.846+0000] {logging_mixin.py:188} INFO - [2026-06-16T17:29:18.845+0000] {dag.py:3089} INFO - Sync 1 DAGs
[2026-06-16T17:29:18.862+0000] {logging_mixin.py:188} INFO - [2026-06-16T17:29:18.861+0000] {dag.py:3947} INFO - Setting next_dagrun for 04_postgres_taxi to None, run_after=None
[2026-06-16T17:29:18.887+0000] {processor.py:183} INFO - Processing /opt/airflow/dags/dag_04_postgres_taxi.py took 0.124 seconds
[2026-06-16T17:29:49.855+0000] {processor.py:161} INFO - Started process (PID=24673) to work on /opt/airflow/dags/dag_04_postgres_taxi.py
[2026-06-16T17:29:49.857+0000] {processor.py:830} INFO - Processing file /opt/airflow/dags/dag_04_postgres_taxi.py for tasks to queue
[2026-06-16T17:29:49.860+0000] {logging_mixin.py:188} INFO - [2026-06-16T17:29:49.859+0000] {dagbag.py:545} INFO - Filling up the DagBag from /opt/airflow/dags/dag_04_postgres_taxi.py
[2026-06-16T17:29:49.875+0000] {processor.py:840} INFO - DAG(s) '04_postgres_taxi' retrieved from /opt/airflow/dags/dag_04_postgres_taxi.py
[2026-06-16T17:29:49.938+0000] {logging_mixin.py:188} INFO - [2026-06-16T17:29:49.937+0000] {dag.py:3089} INFO - Sync 1 DAGs
[2026-06-16T17:29:49.954+0000] {logging_mixin.py:188} INFO - [2026-06-16T17:29:49.954+0000] {dag.py:3947} INFO - Setting next_dagrun for 04_postgres_taxi to None, run_after=None
[2026-06-16T17:29:49.979+0000] {processor.py:183} INFO - Processing /opt/airflow/dags/dag_04_postgres_taxi.py took 0.133 seconds
[2026-06-16T17:30:20.883+0000] {processor.py:161} INFO - Started process (PID=24713) to work on /opt/airflow/dags/dag_04_postgres_taxi.py
[2026-06-16T17:30:20.884+0000] {processor.py:830} INFO - Processing file /opt/airflow/dags/dag_04_postgres_taxi.py for tasks to queue
[2026-06-16T17:30:20.886+0000] {logging_mixin.py:188} INFO - [2026-06-16T17:30:20.886+0000] {dagbag.py:545} INFO - Filling up the DagBag from /opt/airflow/dags/dag_04_postgres_taxi.py
[2026-06-16T17:30:20.898+0000] {processor.py:840} INFO - DAG(s) '04_postgres_taxi' retrieved from /opt/airflow/dags/dag_04_postgres_taxi.py
[2026-06-16T17:30:20.961+0000] {logging_mixin.py:188} INFO - [2026-06-16T17:30:20.961+0000] {dag.py:3089} INFO - Sync 1 DAGs
[2026-06-16T17:30:20.981+0000] {logging_mixin.py:188} INFO - [2026-06-16T17:30:20.981+0000] {dag.py:3947} INFO - Setting next_dagrun for 04_postgres_taxi to None, run_after=None
[2026-06-16T17:30:21.005+0000] {processor.py:183} INFO - Processing /opt/airflow/dags/dag_04_postgres_taxi.py took 0.131 seconds
[2026-06-16T17:30:51.626+0000] {processor.py:161} INFO - Started process (PID=24753) to work on /opt/airflow/dags/dag_04_postgres_taxi.py
[2026-06-16T17:30:51.628+0000] {processor.py:830} INFO - Processing file /opt/airflow/dags/dag_04_postgres_taxi.py for tasks to queue
[2026-06-16T17:30:51.630+0000] {logging_mixin.py:188} INFO - [2026-06-16T17:30:51.630+0000] {dagbag.py:545} INFO - Filling up the DagBag from /opt/airflow/dags/dag_04_postgres_taxi.py
[2026-06-16T17:30:51.643+0000] {processor.py:840} INFO - DAG(s) '04_postgres_taxi' retrieved from /opt/airflow/dags/dag_04_postgres_taxi.py
[2026-06-16T17:30:51.699+0000] {logging_mixin.py:188} INFO - [2026-06-16T17:30:51.698+0000] {dag.py:3089} INFO - Sync 1 DAGs
[2026-06-16T17:30:51.714+0000] {logging_mixin.py:188} INFO - [2026-06-16T17:30:51.714+0000] {dag.py:3947} INFO - Setting next_dagrun for 04_postgres_taxi to None, run_after=None
[2026-06-16T17:30:51.738+0000] {processor.py:183} INFO - Processing /opt/airflow/dags/dag_04_postgres_taxi.py took 0.122 seconds
[2026-06-16T17:31:22.559+0000] {processor.py:161} INFO - Started process (PID=24793) to work on /opt/airflow/dags/dag_04_postgres_taxi.py
[2026-06-16T17:31:22.560+0000] {processor.py:830} INFO - Processing file /opt/airflow/dags/dag_04_postgres_taxi.py for tasks to queue
[2026-06-16T17:31:22.563+0000] {logging_mixin.py:188} INFO - [2026-06-16T17:31:22.562+0000] {dagbag.py:545} INFO - Filling up the DagBag from /opt/airflow/dags/dag_04_postgres_taxi.py
[2026-06-16T17:31:22.579+0000] {processor.py:840} INFO - DAG(s) '04_postgres_taxi' retrieved from /opt/airflow/dags/dag_04_postgres_taxi.py
[2026-06-16T17:31:22.663+0000] {logging_mixin.py:188} INFO - [2026-06-16T17:31:22.663+0000] {dag.py:3089} INFO - Sync 1 DAGs
[2026-06-16T17:31:22.684+0000] {logging_mixin.py:188} INFO - [2026-06-16T17:31:22.684+0000] {dag.py:3947} INFO - Setting next_dagrun for 04_postgres_taxi to None, run_after=None
[2026-06-16T17:31:22.708+0000] {processor.py:183} INFO - Processing /opt/airflow/dags/dag_04_postgres_taxi.py took 0.159 seconds
[2026-06-16T17:31:53.690+0000] {processor.py:161} INFO - Started process (PID=24833) to work on /opt/airflow/dags/dag_04_postgres_taxi.py
[2026-06-16T17:31:53.691+0000] {processor.py:830} INFO - Processing file /opt/airflow/dags/dag_04_postgres_taxi.py for tasks to queue
[2026-06-16T17:31:53.694+0000] {logging_mixin.py:188} INFO - [2026-06-16T17:31:53.693+0000] {dagbag.py:545} INFO - Filling up the DagBag from /opt/airflow/dags/dag_04_postgres_taxi.py
[2026-06-16T17:31:53.709+0000] {processor.py:840} INFO - DAG(s) '04_postgres_taxi' retrieved from /opt/airflow/dags/dag_04_postgres_taxi.py
[2026-06-16T17:31:53.771+0000] {logging_mixin.py:188} INFO - [2026-06-16T17:31:53.771+0000] {dag.py:3089} INFO - Sync 1 DAGs
[2026-06-16T17:31:53.788+0000] {logging_mixin.py:188} INFO - [2026-06-16T17:31:53.788+0000] {dag.py:3947} INFO - Setting next_dagrun for 04_postgres_taxi to None, run_after=None
[2026-06-16T17:31:53.814+0000] {processor.py:183} INFO - Processing /opt/airflow/dags/dag_04_postgres_taxi.py took 0.135 seconds
[2026-06-16T17:32:23.907+0000] {processor.py:161} INFO - Started process (PID=24873) to work on /opt/airflow/dags/dag_04_postgres_taxi.py
[2026-06-16T17:32:23.908+0000] {processor.py:830} INFO - Processing file /opt/airflow/dags/dag_04_postgres_taxi.py for tasks to queue
[2026-06-16T17:32:23.910+0000] {logging_mixin.py:188} INFO - [2026-06-16T17:32:23.910+0000] {dagbag.py:545} INFO - Filling up the DagBag from /opt/airflow/dags/dag_04_postgres_taxi.py
[2026-06-16T17:32:23.922+0000] {processor.py:840} INFO - DAG(s) '04_postgres_taxi' retrieved from /opt/airflow/dags/dag_04_postgres_taxi.py
[2026-06-16T17:32:23.986+0000] {logging_mixin.py:188} INFO - [2026-06-16T17:32:23.986+0000] {dag.py:3089} INFO - Sync 1 DAGs
[2026-06-16T17:32:24.003+0000] {logging_mixin.py:188} INFO - [2026-06-16T17:32:24.002+0000] {dag.py:3947} INFO - Setting next_dagrun for 04_postgres_taxi to None, run_after=None
[2026-06-16T17:32:24.028+0000] {processor.py:183} INFO - Processing /opt/airflow/dags/dag_04_postgres_taxi.py took 0.131 seconds
[2026-06-16T17:32:54.070+0000] {processor.py:161} INFO - Started process (PID=24913) to work on /opt/airflow/dags/dag_04_postgres_taxi.py
[2026-06-16T17:32:54.072+0000] {processor.py:830} INFO - Processing file /opt/airflow/dags/dag_04_postgres_taxi.py for tasks to queue
[2026-06-16T17:32:54.074+0000] {logging_mixin.py:188} INFO - [2026-06-16T17:32:54.073+0000] {dagbag.py:545} INFO - Filling up the DagBag from /opt/airflow/dags/dag_04_postgres_taxi.py
[2026-06-16T17:32:54.088+0000] {processor.py:840} INFO - DAG(s) '04_postgres_taxi' retrieved from /opt/airflow/dags/dag_04_postgres_taxi.py
[2026-06-16T17:32:54.148+0000] {logging_mixin.py:188} INFO - [2026-06-16T17:32:54.148+0000] {dag.py:3089} INFO - Sync 1 DAGs
[2026-06-16T17:32:54.167+0000] {logging_mixin.py:188} INFO - [2026-06-16T17:32:54.166+0000] {dag.py:3947} INFO - Setting next_dagrun for 04_postgres_taxi to None, run_after=None
[2026-06-16T17:32:54.192+0000] {processor.py:183} INFO - Processing /opt/airflow/dags/dag_04_postgres_taxi.py took 0.133 seconds
[2026-06-16T17:33:24.244+0000] {processor.py:161} INFO - Started process (PID=24956) to work on /opt/airflow/dags/dag_04_postgres_taxi.py
[2026-06-16T17:33:24.245+0000] {processor.py:830} INFO - Processing file /opt/airflow/dags/dag_04_postgres_taxi.py for tasks to queue
[2026-06-16T17:33:24.247+0000] {logging_mixin.py:188} INFO - [2026-06-16T17:33:24.247+0000] {dagbag.py:545} INFO - Filling up the DagBag from /opt/airflow/dags/dag_04_postgres_taxi.py
[2026-06-16T17:33:24.260+0000] {processor.py:840} INFO - DAG(s) '04_postgres_taxi' retrieved from /opt/airflow/dags/dag_04_postgres_taxi.py
[2026-06-16T17:33:24.319+0000] {logging_mixin.py:188} INFO - [2026-06-16T17:33:24.319+0000] {dag.py:3089} INFO - Sync 1 DAGs
[2026-06-16T17:33:24.334+0000] {logging_mixin.py:188} INFO - [2026-06-16T17:33:24.333+0000] {dag.py:3947} INFO - Setting next_dagrun for 04_postgres_taxi to None, run_after=None
[2026-06-16T17:33:24.356+0000] {processor.py:183} INFO - Processing /opt/airflow/dags/dag_04_postgres_taxi.py took 0.119 seconds
[2026-06-16T17:33:54.419+0000] {processor.py:161} INFO - Started process (PID=24993) to work on /opt/airflow/dags/dag_04_postgres_taxi.py
[2026-06-16T17:33:54.421+0000] {processor.py:830} INFO - Processing file /opt/airflow/dags/dag_04_postgres_taxi.py for tasks to queue
[2026-06-16T17:33:54.423+0000] {logging_mixin.py:188} INFO - [2026-06-16T17:33:54.423+0000] {dagbag.py:545} INFO - Filling up the DagBag from /opt/airflow/dags/dag_04_postgres_taxi.py
[2026-06-16T17:33:54.437+0000] {processor.py:840} INFO - DAG(s) '04_postgres_taxi' retrieved from /opt/airflow/dags/dag_04_postgres_taxi.py
[2026-06-16T17:33:54.497+0000] {logging_mixin.py:188} INFO - [2026-06-16T17:33:54.497+0000] {dag.py:3089} INFO - Sync 1 DAGs
[2026-06-16T17:33:54.514+0000] {logging_mixin.py:188} INFO - [2026-06-16T17:33:54.514+0000] {dag.py:3947} INFO - Setting next_dagrun for 04_postgres_taxi to None, run_after=None
[2026-06-16T17:33:54.540+0000] {processor.py:183} INFO - Processing /opt/airflow/dags/dag_04_postgres_taxi.py took 0.131 seconds
[2026-06-16T17:34:25.447+0000] {processor.py:161} INFO - Started process (PID=25033) to work on /opt/airflow/dags/dag_04_postgres_taxi.py
[2026-06-16T17:34:25.458+0000] {processor.py:830} INFO - Processing file /opt/airflow/dags/dag_04_postgres_taxi.py for tasks to queue
[2026-06-16T17:34:25.460+0000] {logging_mixin.py:188} INFO - [2026-06-16T17:34:25.460+0000] {dagbag.py:545} INFO - Filling up the DagBag from /opt/airflow/dags/dag_04_postgres_taxi.py
[2026-06-16T17:34:25.472+0000] {processor.py:840} INFO - DAG(s) '04_postgres_taxi' retrieved from /opt/airflow/dags/dag_04_postgres_taxi.py
[2026-06-16T17:34:25.529+0000] {logging_mixin.py:188} INFO - [2026-06-16T17:34:25.529+0000] {dag.py:3089} INFO - Sync 1 DAGs
[2026-06-16T17:34:25.548+0000] {logging_mixin.py:188} INFO - [2026-06-16T17:34:25.548+0000] {dag.py:3947} INFO - Setting next_dagrun for 04_postgres_taxi to None, run_after=None
[2026-06-16T17:34:25.574+0000] {processor.py:183} INFO - Processing /opt/airflow/dags/dag_04_postgres_taxi.py took 0.137 seconds
[2026-06-16T17:34:55.723+0000] {processor.py:161} INFO - Started process (PID=25073) to work on /opt/airflow/dags/dag_04_postgres_taxi.py
[2026-06-16T17:34:55.725+0000] {processor.py:830} INFO - Processing file /opt/airflow/dags/dag_04_postgres_taxi.py for tasks to queue
[2026-06-16T17:34:55.727+0000] {logging_mixin.py:188} INFO - [2026-06-16T17:34:55.727+0000] {dagbag.py:545} INFO - Filling up the DagBag from /opt/airflow/dags/dag_04_postgres_taxi.py
[2026-06-16T17:34:55.739+0000] {processor.py:840} INFO - DAG(s) '04_postgres_taxi' retrieved from /opt/airflow/dags/dag_04_postgres_taxi.py
[2026-06-16T17:34:55.803+0000] {logging_mixin.py:188} INFO - [2026-06-16T17:34:55.802+0000] {dag.py:3089} INFO - Sync 1 DAGs
[2026-06-16T17:34:55.823+0000] {logging_mixin.py:188} INFO - [2026-06-16T17:34:55.823+0000] {dag.py:3947} INFO - Setting next_dagrun for 04_postgres_taxi to None, run_after=None
[2026-06-16T17:34:55.847+0000] {processor.py:183} INFO - Processing /opt/airflow/dags/dag_04_postgres_taxi.py took 0.136 seconds
[2026-06-16T17:35:25.948+0000] {processor.py:161} INFO - Started process (PID=25113) to work on /opt/airflow/dags/dag_04_postgres_taxi.py
[2026-06-16T17:35:25.949+0000] {processor.py:830} INFO - Processing file /opt/airflow/dags/dag_04_postgres_taxi.py for tasks to queue
[2026-06-16T17:35:25.951+0000] {logging_mixin.py:188} INFO - [2026-06-16T17:35:25.950+0000] {dagbag.py:545} INFO - Filling up the DagBag from /opt/airflow/dags/dag_04_postgres_taxi.py
[2026-06-16T17:35:25.963+0000] {processor.py:840} INFO - DAG(s) '04_postgres_taxi' retrieved from /opt/airflow/dags/dag_04_postgres_taxi.py
[2026-06-16T17:35:26.023+0000] {logging_mixin.py:188} INFO - [2026-06-16T17:35:26.022+0000] {dag.py:3089} INFO - Sync 1 DAGs
[2026-06-16T17:35:26.042+0000] {logging_mixin.py:188} INFO - [2026-06-16T17:35:26.041+0000] {dag.py:3947} INFO - Setting next_dagrun for 04_postgres_taxi to None, run_after=None
[2026-06-16T17:35:26.071+0000] {processor.py:183} INFO - Processing /opt/airflow/dags/dag_04_postgres_taxi.py took 0.132 seconds
[2026-06-16T17:35:56.159+0000] {processor.py:161} INFO - Started process (PID=25153) to work on /opt/airflow/dags/dag_04_postgres_taxi.py
[2026-06-16T17:35:56.161+0000] {processor.py:830} INFO - Processing file /opt/airflow/dags/dag_04_postgres_taxi.py for tasks to queue
[2026-06-16T17:35:56.163+0000] {logging_mixin.py:188} INFO - [2026-06-16T17:35:56.162+0000] {dagbag.py:545} INFO - Filling up the DagBag from /opt/airflow/dags/dag_04_postgres_taxi.py
[2026-06-16T17:35:56.175+0000] {processor.py:840} INFO - DAG(s) '04_postgres_taxi' retrieved from /opt/airflow/dags/dag_04_postgres_taxi.py
[2026-06-16T17:35:56.234+0000] {logging_mixin.py:188} INFO - [2026-06-16T17:35:56.234+0000] {dag.py:3089} INFO - Sync 1 DAGs
[2026-06-16T17:35:56.253+0000] {logging_mixin.py:188} INFO - [2026-06-16T17:35:56.253+0000] {dag.py:3947} INFO - Setting next_dagrun for 04_postgres_taxi to None, run_after=None
[2026-06-16T17:35:56.279+0000] {processor.py:183} INFO - Processing /opt/airflow/dags/dag_04_postgres_taxi.py took 0.128 seconds
[2026-06-16T17:36:26.433+0000] {processor.py:161} INFO - Started process (PID=25198) to work on /opt/airflow/dags/dag_04_postgres_taxi.py
[2026-06-16T17:36:26.434+0000] {processor.py:830} INFO - Processing file /opt/airflow/dags/dag_04_postgres_taxi.py for tasks to queue
[2026-06-16T17:36:26.436+0000] {logging_mixin.py:188} INFO - [2026-06-16T17:36:26.435+0000] {dagbag.py:545} INFO - Filling up the DagBag from /opt/airflow/dags/dag_04_postgres_taxi.py
[2026-06-16T17:36:26.447+0000] {processor.py:840} INFO - DAG(s) '04_postgres_taxi' retrieved from /opt/airflow/dags/dag_04_postgres_taxi.py
[2026-06-16T17:36:26.502+0000] {logging_mixin.py:188} INFO - [2026-06-16T17:36:26.502+0000] {dag.py:3089} INFO - Sync 1 DAGs
[2026-06-16T17:36:26.516+0000] {logging_mixin.py:188} INFO - [2026-06-16T17:36:26.515+0000] {dag.py:3947} INFO - Setting next_dagrun for 04_postgres_taxi to None, run_after=None
[2026-06-16T17:36:26.539+0000] {processor.py:183} INFO - Processing /opt/airflow/dags/dag_04_postgres_taxi.py took 0.113 seconds
[2026-06-16T17:36:56.630+0000] {processor.py:161} INFO - Started process (PID=25238) to work on /opt/airflow/dags/dag_04_postgres_taxi.py
[2026-06-16T17:36:56.631+0000] {processor.py:830} INFO - Processing file /opt/airflow/dags/dag_04_postgres_taxi.py for tasks to queue
[2026-06-16T17:36:56.633+0000] {logging_mixin.py:188} INFO - [2026-06-16T17:36:56.633+0000] {dagbag.py:545} INFO - Filling up the DagBag from /opt/airflow/dags/dag_04_postgres_taxi.py
[2026-06-16T17:36:56.645+0000] {processor.py:840} INFO - DAG(s) '04_postgres_taxi' retrieved from /opt/airflow/dags/dag_04_postgres_taxi.py
[2026-06-16T17:36:56.696+0000] {logging_mixin.py:188} INFO - [2026-06-16T17:36:56.696+0000] {dag.py:3089} INFO - Sync 1 DAGs
[2026-06-16T17:36:56.710+0000] {logging_mixin.py:188} INFO - [2026-06-16T17:36:56.710+0000] {dag.py:3947} INFO - Setting next_dagrun for 04_postgres_taxi to None, run_after=None
[2026-06-16T17:36:56.732+0000] {processor.py:183} INFO - Processing /opt/airflow/dags/dag_04_postgres_taxi.py took 0.109 seconds
[2026-06-16T17:37:27.545+0000] {processor.py:161} INFO - Started process (PID=25273) to work on /opt/airflow/dags/dag_04_postgres_taxi.py
[2026-06-16T17:37:27.546+0000] {processor.py:830} INFO - Processing file /opt/airflow/dags/dag_04_postgres_taxi.py for tasks to queue
[2026-06-16T17:37:27.549+0000] {logging_mixin.py:188} INFO - [2026-06-16T17:37:27.548+0000] {dagbag.py:545} INFO - Filling up the DagBag from /opt/airflow/dags/dag_04_postgres_taxi.py
[2026-06-16T17:37:27.564+0000] {processor.py:840} INFO - DAG(s) '04_postgres_taxi' retrieved from /opt/airflow/dags/dag_04_postgres_taxi.py
[2026-06-16T17:37:27.624+0000] {logging_mixin.py:188} INFO - [2026-06-16T17:37:27.624+0000] {dag.py:3089} INFO - Sync 1 DAGs
[2026-06-16T17:37:27.641+0000] {logging_mixin.py:188} INFO - [2026-06-16T17:37:27.641+0000] {dag.py:3947} INFO - Setting next_dagrun for 04_postgres_taxi to None, run_after=None
[2026-06-16T17:37:27.666+0000] {processor.py:183} INFO - Processing /opt/airflow/dags/dag_04_postgres_taxi.py took 0.133 seconds
[2026-06-16T17:37:57.748+0000] {processor.py:161} INFO - Started process (PID=25313) to work on /opt/airflow/dags/dag_04_postgres_taxi.py
[2026-06-16T17:37:57.750+0000] {processor.py:830} INFO - Processing file /opt/airflow/dags/dag_04_postgres_taxi.py for tasks to queue
[2026-06-16T17:37:57.752+0000] {logging_mixin.py:188} INFO - [2026-06-16T17:37:57.751+0000] {dagbag.py:545} INFO - Filling up the DagBag from /opt/airflow/dags/dag_04_postgres_taxi.py
[2026-06-16T17:37:57.764+0000] {processor.py:840} INFO - DAG(s) '04_postgres_taxi' retrieved from /opt/airflow/dags/dag_04_postgres_taxi.py
[2026-06-16T17:37:57.826+0000] {logging_mixin.py:188} INFO - [2026-06-16T17:37:57.826+0000] {dag.py:3089} INFO - Sync 1 DAGs
[2026-06-16T17:37:57.844+0000] {logging_mixin.py:188} INFO - [2026-06-16T17:37:57.843+0000] {dag.py:3947} INFO - Setting next_dagrun for 04_postgres_taxi to None, run_after=None
[2026-06-16T17:37:57.870+0000] {processor.py:183} INFO - Processing /opt/airflow/dags/dag_04_postgres_taxi.py took 0.132 seconds
[2026-06-16T17:38:27.997+0000] {processor.py:161} INFO - Started process (PID=25353) to work on /opt/airflow/dags/dag_04_postgres_taxi.py
[2026-06-16T17:38:27.998+0000] {processor.py:830} INFO - Processing file /opt/airflow/dags/dag_04_postgres_taxi.py for tasks to queue
[2026-06-16T17:38:28.000+0000] {logging_mixin.py:188} INFO - [2026-06-16T17:38:28.000+0000] {dagbag.py:545} INFO - Filling up the DagBag from /opt/airflow/dags/dag_04_postgres_taxi.py
[2026-06-16T17:38:28.012+0000] {processor.py:840} INFO - DAG(s) '04_postgres_taxi' retrieved from /opt/airflow/dags/dag_04_postgres_taxi.py
[2026-06-16T17:38:28.069+0000] {logging_mixin.py:188} INFO - [2026-06-16T17:38:28.068+0000] {dag.py:3089} INFO - Sync 1 DAGs
[2026-06-16T17:38:28.085+0000] {logging_mixin.py:188} INFO - [2026-06-16T17:38:28.085+0000] {dag.py:3947} INFO - Setting next_dagrun for 04_postgres_taxi to None, run_after=None
[2026-06-16T17:38:28.110+0000] {processor.py:183} INFO - Processing /opt/airflow/dags/dag_04_postgres_taxi.py took 0.124 seconds
[2026-06-16T17:38:58.946+0000] {processor.py:161} INFO - Started process (PID=25393) to work on /opt/airflow/dags/dag_04_postgres_taxi.py
[2026-06-16T17:38:58.947+0000] {processor.py:830} INFO - Processing file /opt/airflow/dags/dag_04_postgres_taxi.py for tasks to queue
[2026-06-16T17:38:58.949+0000] {logging_mixin.py:188} INFO - [2026-06-16T17:38:58.949+0000] {dagbag.py:545} INFO - Filling up the DagBag from /opt/airflow/dags/dag_04_postgres_taxi.py
[2026-06-16T17:38:58.962+0000] {processor.py:840} INFO - DAG(s) '04_postgres_taxi' retrieved from /opt/airflow/dags/dag_04_postgres_taxi.py
[2026-06-16T17:38:59.018+0000] {logging_mixin.py:188} INFO - [2026-06-16T17:38:59.018+0000] {dag.py:3089} INFO - Sync 1 DAGs
[2026-06-16T17:38:59.034+0000] {logging_mixin.py:188} INFO - [2026-06-16T17:38:59.034+0000] {dag.py:3947} INFO - Setting next_dagrun for 04_postgres_taxi to None, run_after=None
[2026-06-16T17:38:59.061+0000] {processor.py:183} INFO - Processing /opt/airflow/dags/dag_04_postgres_taxi.py took 0.124 seconds
[2026-06-16T17:39:29.908+0000] {processor.py:161} INFO - Started process (PID=25433) to work on /opt/airflow/dags/dag_04_postgres_taxi.py
[2026-06-16T17:39:29.909+0000] {processor.py:830} INFO - Processing file /opt/airflow/dags/dag_04_postgres_taxi.py for tasks to queue
[2026-06-16T17:39:29.911+0000] {logging_mixin.py:188} INFO - [2026-06-16T17:39:29.911+0000] {dagbag.py:545} INFO - Filling up the DagBag from /opt/airflow/dags/dag_04_postgres_taxi.py
[2026-06-16T17:39:29.923+0000] {processor.py:840} INFO - DAG(s) '04_postgres_taxi' retrieved from /opt/airflow/dags/dag_04_postgres_taxi.py
[2026-06-16T17:39:29.983+0000] {logging_mixin.py:188} INFO - [2026-06-16T17:39:29.982+0000] {dag.py:3089} INFO - Sync 1 DAGs
[2026-06-16T17:39:30.000+0000] {logging_mixin.py:188} INFO - [2026-06-16T17:39:30.000+0000] {dag.py:3947} INFO - Setting next_dagrun for 04_postgres_taxi to None, run_after=None
[2026-06-16T17:39:30.026+0000] {processor.py:183} INFO - Processing /opt/airflow/dags/dag_04_postgres_taxi.py took 0.131 seconds
[2026-06-16T17:40:00.998+0000] {processor.py:161} INFO - Started process (PID=25473) to work on /opt/airflow/dags/dag_04_postgres_taxi.py
[2026-06-16T17:40:01.008+0000] {processor.py:830} INFO - Processing file /opt/airflow/dags/dag_04_postgres_taxi.py for tasks to queue
[2026-06-16T17:40:01.011+0000] {logging_mixin.py:188} INFO - [2026-06-16T17:40:01.010+0000] {dagbag.py:545} INFO - Filling up the DagBag from /opt/airflow/dags/dag_04_postgres_taxi.py
[2026-06-16T17:40:01.023+0000] {processor.py:840} INFO - DAG(s) '04_postgres_taxi' retrieved from /opt/airflow/dags/dag_04_postgres_taxi.py
[2026-06-16T17:40:01.081+0000] {logging_mixin.py:188} INFO - [2026-06-16T17:40:01.081+0000] {dag.py:3089} INFO - Sync 1 DAGs
[2026-06-16T17:40:01.098+0000] {logging_mixin.py:188} INFO - [2026-06-16T17:40:01.097+0000] {dag.py:3947} INFO - Setting next_dagrun for 04_postgres_taxi to None, run_after=None
[2026-06-16T17:40:01.122+0000] {processor.py:183} INFO - Processing /opt/airflow/dags/dag_04_postgres_taxi.py took 0.134 seconds
[2026-06-16T17:40:31.170+0000] {processor.py:161} INFO - Started process (PID=25516) to work on /opt/airflow/dags/dag_04_postgres_taxi.py
[2026-06-16T17:40:31.172+0000] {processor.py:830} INFO - Processing file /opt/airflow/dags/dag_04_postgres_taxi.py for tasks to queue
[2026-06-16T17:40:31.174+0000] {logging_mixin.py:188} INFO - [2026-06-16T17:40:31.174+0000] {dagbag.py:545} INFO - Filling up the DagBag from /opt/airflow/dags/dag_04_postgres_taxi.py
[2026-06-16T17:40:31.190+0000] {processor.py:840} INFO - DAG(s) '04_postgres_taxi' retrieved from /opt/airflow/dags/dag_04_postgres_taxi.py
[2026-06-16T17:40:31.267+0000] {logging_mixin.py:188} INFO - [2026-06-16T17:40:31.266+0000] {dag.py:3089} INFO - Sync 1 DAGs
[2026-06-16T17:40:31.282+0000] {logging_mixin.py:188} INFO - [2026-06-16T17:40:31.282+0000] {dag.py:3947} INFO - Setting next_dagrun for 04_postgres_taxi to None, run_after=None
[2026-06-16T17:40:31.306+0000] {processor.py:183} INFO - Processing /opt/airflow/dags/dag_04_postgres_taxi.py took 0.145 seconds
[2026-06-16T17:41:02.222+0000] {processor.py:161} INFO - Started process (PID=25553) to work on /opt/airflow/dags/dag_04_postgres_taxi.py
[2026-06-16T17:41:02.223+0000] {processor.py:830} INFO - Processing file /opt/airflow/dags/dag_04_postgres_taxi.py for tasks to queue
[2026-06-16T17:41:02.225+0000] {logging_mixin.py:188} INFO - [2026-06-16T17:41:02.225+0000] {dagbag.py:545} INFO - Filling up the DagBag from /opt/airflow/dags/dag_04_postgres_taxi.py
[2026-06-16T17:41:02.238+0000] {processor.py:840} INFO - DAG(s) '04_postgres_taxi' retrieved from /opt/airflow/dags/dag_04_postgres_taxi.py
[2026-06-16T17:41:02.311+0000] {logging_mixin.py:188} INFO - [2026-06-16T17:41:02.311+0000] {dag.py:3089} INFO - Sync 1 DAGs
[2026-06-16T17:41:02.327+0000] {logging_mixin.py:188} INFO - [2026-06-16T17:41:02.327+0000] {dag.py:3947} INFO - Setting next_dagrun for 04_postgres_taxi to None, run_after=None
[2026-06-16T17:41:02.358+0000] {processor.py:183} INFO - Processing /opt/airflow/dags/dag_04_postgres_taxi.py took 0.146 seconds
[2026-06-16T17:41:33.351+0000] {processor.py:161} INFO - Started process (PID=25593) to work on /opt/airflow/dags/dag_04_postgres_taxi.py
[2026-06-16T17:41:33.353+0000] {processor.py:830} INFO - Processing file /opt/airflow/dags/dag_04_postgres_taxi.py for tasks to queue
[2026-06-16T17:41:33.355+0000] {logging_mixin.py:188} INFO - [2026-06-16T17:41:33.354+0000] {dagbag.py:545} INFO - Filling up the DagBag from /opt/airflow/dags/dag_04_postgres_taxi.py
[2026-06-16T17:41:33.367+0000] {processor.py:840} INFO - DAG(s) '04_postgres_taxi' retrieved from /opt/airflow/dags/dag_04_postgres_taxi.py
[2026-06-16T17:41:33.424+0000] {logging_mixin.py:188} INFO - [2026-06-16T17:41:33.424+0000] {dag.py:3089} INFO - Sync 1 DAGs
[2026-06-16T17:41:33.441+0000] {logging_mixin.py:188} INFO - [2026-06-16T17:41:33.441+0000] {dag.py:3947} INFO - Setting next_dagrun for 04_postgres_taxi to None, run_after=None
[2026-06-16T17:41:33.467+0000] {processor.py:183} INFO - Processing /opt/airflow/dags/dag_04_postgres_taxi.py took 0.125 seconds
[2026-06-16T17:42:04.358+0000] {processor.py:161} INFO - Started process (PID=25633) to work on /opt/airflow/dags/dag_04_postgres_taxi.py
[2026-06-16T17:42:04.359+0000] {processor.py:830} INFO - Processing file /opt/airflow/dags/dag_04_postgres_taxi.py for tasks to queue
[2026-06-16T17:42:04.361+0000] {logging_mixin.py:188} INFO - [2026-06-16T17:42:04.361+0000] {dagbag.py:545} INFO - Filling up the DagBag from /opt/airflow/dags/dag_04_postgres_taxi.py
[2026-06-16T17:42:04.374+0000] {processor.py:840} INFO - DAG(s) '04_postgres_taxi' retrieved from /opt/airflow/dags/dag_04_postgres_taxi.py
[2026-06-16T17:42:04.435+0000] {logging_mixin.py:188} INFO - [2026-06-16T17:42:04.435+0000] {dag.py:3089} INFO - Sync 1 DAGs
[2026-06-16T17:42:04.453+0000] {logging_mixin.py:188} INFO - [2026-06-16T17:42:04.452+0000] {dag.py:3947} INFO - Setting next_dagrun for 04_postgres_taxi to None, run_after=None
[2026-06-16T17:42:04.477+0000] {processor.py:183} INFO - Processing /opt/airflow/dags/dag_04_postgres_taxi.py took 0.130 seconds
[2026-06-16T17:42:34.575+0000] {processor.py:161} INFO - Started process (PID=25673) to work on /opt/airflow/dags/dag_04_postgres_taxi.py
[2026-06-16T17:42:34.576+0000] {processor.py:830} INFO - Processing file /opt/airflow/dags/dag_04_postgres_taxi.py for tasks to queue
[2026-06-16T17:42:34.579+0000] {logging_mixin.py:188} INFO - [2026-06-16T17:42:34.578+0000] {dagbag.py:545} INFO - Filling up the DagBag from /opt/airflow/dags/dag_04_postgres_taxi.py
[2026-06-16T17:42:34.591+0000] {processor.py:840} INFO - DAG(s) '04_postgres_taxi' retrieved from /opt/airflow/dags/dag_04_postgres_taxi.py
[2026-06-16T17:42:34.649+0000] {logging_mixin.py:188} INFO - [2026-06-16T17:42:34.649+0000] {dag.py:3089} INFO - Sync 1 DAGs
[2026-06-16T17:42:34.666+0000] {logging_mixin.py:188} INFO - [2026-06-16T17:42:34.665+0000] {dag.py:3947} INFO - Setting next_dagrun for 04_postgres_taxi to None, run_after=None
[2026-06-16T17:42:34.691+0000] {processor.py:183} INFO - Processing /opt/airflow/dags/dag_04_postgres_taxi.py took 0.124 seconds
[2026-06-16T17:43:04.731+0000] {processor.py:161} INFO - Started process (PID=25713) to work on /opt/airflow/dags/dag_04_postgres_taxi.py
[2026-06-16T17:43:04.732+0000] {processor.py:830} INFO - Processing file /opt/airflow/dags/dag_04_postgres_taxi.py for tasks to queue
[2026-06-16T17:43:04.734+0000] {logging_mixin.py:188} INFO - [2026-06-16T17:43:04.734+0000] {dagbag.py:545} INFO - Filling up the DagBag from /opt/airflow/dags/dag_04_postgres_taxi.py
[2026-06-16T17:43:04.746+0000] {processor.py:840} INFO - DAG(s) '04_postgres_taxi' retrieved from /opt/airflow/dags/dag_04_postgres_taxi.py
[2026-06-16T17:43:04.813+0000] {logging_mixin.py:188} INFO - [2026-06-16T17:43:04.812+0000] {dag.py:3089} INFO - Sync 1 DAGs
[2026-06-16T17:43:04.829+0000] {logging_mixin.py:188} INFO - [2026-06-16T17:43:04.829+0000] {dag.py:3947} INFO - Setting next_dagrun for 04_postgres_taxi to None, run_after=None
[2026-06-16T17:43:04.855+0000] {processor.py:183} INFO - Processing /opt/airflow/dags/dag_04_postgres_taxi.py took 0.133 seconds
[2026-06-16T17:43:35.858+0000] {processor.py:161} INFO - Started process (PID=25753) to work on /opt/airflow/dags/dag_04_postgres_taxi.py
[2026-06-16T17:43:35.859+0000] {processor.py:830} INFO - Processing file /opt/airflow/dags/dag_04_postgres_taxi.py for tasks to queue
[2026-06-16T17:43:35.861+0000] {logging_mixin.py:188} INFO - [2026-06-16T17:43:35.861+0000] {dagbag.py:545} INFO - Filling up the DagBag from /opt/airflow/dags/dag_04_postgres_taxi.py
[2026-06-16T17:43:35.874+0000] {processor.py:840} INFO - DAG(s) '04_postgres_taxi' retrieved from /opt/airflow/dags/dag_04_postgres_taxi.py
[2026-06-16T17:43:35.933+0000] {logging_mixin.py:188} INFO - [2026-06-16T17:43:35.933+0000] {dag.py:3089} INFO - Sync 1 DAGs
[2026-06-16T17:43:35.951+0000] {logging_mixin.py:188} INFO - [2026-06-16T17:43:35.950+0000] {dag.py:3947} INFO - Setting next_dagrun for 04_postgres_taxi to None, run_after=None
[2026-06-16T17:43:35.980+0000] {processor.py:183} INFO - Processing /opt/airflow/dags/dag_04_postgres_taxi.py took 0.132 seconds
[2026-06-16T17:44:06.972+0000] {processor.py:161} INFO - Started process (PID=25793) to work on /opt/airflow/dags/dag_04_postgres_taxi.py
[2026-06-16T17:44:06.974+0000] {processor.py:830} INFO - Processing file /opt/airflow/dags/dag_04_postgres_taxi.py for tasks to queue
[2026-06-16T17:44:06.976+0000] {logging_mixin.py:188} INFO - [2026-06-16T17:44:06.976+0000] {dagbag.py:545} INFO - Filling up the DagBag from /opt/airflow/dags/dag_04_postgres_taxi.py
[2026-06-16T17:44:06.990+0000] {processor.py:840} INFO - DAG(s) '04_postgres_taxi' retrieved from /opt/airflow/dags/dag_04_postgres_taxi.py
[2026-06-16T17:44:07.046+0000] {logging_mixin.py:188} INFO - [2026-06-16T17:44:07.046+0000] {dag.py:3089} INFO - Sync 1 DAGs
[2026-06-16T17:44:07.063+0000] {logging_mixin.py:188} INFO - [2026-06-16T17:44:07.063+0000] {dag.py:3947} INFO - Setting next_dagrun for 04_postgres_taxi to None, run_after=None
[2026-06-16T17:44:07.088+0000] {processor.py:183} INFO - Processing /opt/airflow/dags/dag_04_postgres_taxi.py took 0.125 seconds
[2026-06-16T17:44:37.967+0000] {processor.py:161} INFO - Started process (PID=25833) to work on /opt/airflow/dags/dag_04_postgres_taxi.py
[2026-06-16T17:44:37.968+0000] {processor.py:830} INFO - Processing file /opt/airflow/dags/dag_04_postgres_taxi.py for tasks to queue
[2026-06-16T17:44:37.970+0000] {logging_mixin.py:188} INFO - [2026-06-16T17:44:37.969+0000] {dagbag.py:545} INFO - Filling up the DagBag from /opt/airflow/dags/dag_04_postgres_taxi.py
[2026-06-16T17:44:37.982+0000] {processor.py:840} INFO - DAG(s) '04_postgres_taxi' retrieved from /opt/airflow/dags/dag_04_postgres_taxi.py
[2026-06-16T17:44:38.039+0000] {logging_mixin.py:188} INFO - [2026-06-16T17:44:38.039+0000] {dag.py:3089} INFO - Sync 1 DAGs
[2026-06-16T17:44:38.055+0000] {logging_mixin.py:188} INFO - [2026-06-16T17:44:38.055+0000] {dag.py:3947} INFO - Setting next_dagrun for 04_postgres_taxi to None, run_after=None
[2026-06-16T17:44:38.082+0000] {processor.py:183} INFO - Processing /opt/airflow/dags/dag_04_postgres_taxi.py took 0.125 seconds
[2026-06-16T17:45:09.067+0000] {processor.py:161} INFO - Started process (PID=25873) to work on /opt/airflow/dags/dag_04_postgres_taxi.py
[2026-06-16T17:45:09.078+0000] {processor.py:830} INFO - Processing file /opt/airflow/dags/dag_04_postgres_taxi.py for tasks to queue
[2026-06-16T17:45:09.081+0000] {logging_mixin.py:188} INFO - [2026-06-16T17:45:09.080+0000] {dagbag.py:545} INFO - Filling up the DagBag from /opt/airflow/dags/dag_04_postgres_taxi.py
[2026-06-16T17:45:09.094+0000] {processor.py:840} INFO - DAG(s) '04_postgres_taxi' retrieved from /opt/airflow/dags/dag_04_postgres_taxi.py
[2026-06-16T17:45:09.158+0000] {logging_mixin.py:188} INFO - [2026-06-16T17:45:09.158+0000] {dag.py:3089} INFO - Sync 1 DAGs
[2026-06-16T17:45:09.174+0000] {logging_mixin.py:188} INFO - [2026-06-16T17:45:09.174+0000] {dag.py:3947} INFO - Setting next_dagrun for 04_postgres_taxi to None, run_after=None
[2026-06-16T17:45:09.201+0000] {processor.py:183} INFO - Processing /opt/airflow/dags/dag_04_postgres_taxi.py took 0.144 seconds
[2026-06-16T17:45:40.166+0000] {processor.py:161} INFO - Started process (PID=25913) to work on /opt/airflow/dags/dag_04_postgres_taxi.py
[2026-06-16T17:45:40.167+0000] {processor.py:830} INFO - Processing file /opt/airflow/dags/dag_04_postgres_taxi.py for tasks to queue
[2026-06-16T17:45:40.169+0000] {logging_mixin.py:188} INFO - [2026-06-16T17:45:40.169+0000] {dagbag.py:545} INFO - Filling up the DagBag from /opt/airflow/dags/dag_04_postgres_taxi.py
[2026-06-16T17:45:40.182+0000] {processor.py:840} INFO - DAG(s) '04_postgres_taxi' retrieved from /opt/airflow/dags/dag_04_postgres_taxi.py
[2026-06-16T17:45:40.243+0000] {logging_mixin.py:188} INFO - [2026-06-16T17:45:40.243+0000] {dag.py:3089} INFO - Sync 1 DAGs
[2026-06-16T17:45:40.259+0000] {logging_mixin.py:188} INFO - [2026-06-16T17:45:40.259+0000] {dag.py:3947} INFO - Setting next_dagrun for 04_postgres_taxi to None, run_after=None
[2026-06-16T17:45:40.285+0000] {processor.py:183} INFO - Processing /opt/airflow/dags/dag_04_postgres_taxi.py took 0.129 seconds
[2026-06-16T17:46:11.177+0000] {processor.py:161} INFO - Started process (PID=25953) to work on /opt/airflow/dags/dag_04_postgres_taxi.py
[2026-06-16T17:46:11.179+0000] {processor.py:830} INFO - Processing file /opt/airflow/dags/dag_04_postgres_taxi.py for tasks to queue
[2026-06-16T17:46:11.182+0000] {logging_mixin.py:188} INFO - [2026-06-16T17:46:11.181+0000] {dagbag.py:545} INFO - Filling up the DagBag from /opt/airflow/dags/dag_04_postgres_taxi.py
[2026-06-16T17:46:11.196+0000] {processor.py:840} INFO - DAG(s) '04_postgres_taxi' retrieved from /opt/airflow/dags/dag_04_postgres_taxi.py
[2026-06-16T17:46:11.255+0000] {logging_mixin.py:188} INFO - [2026-06-16T17:46:11.255+0000] {dag.py:3089} INFO - Sync 1 DAGs
[2026-06-16T17:46:11.274+0000] {logging_mixin.py:188} INFO - [2026-06-16T17:46:11.273+0000] {dag.py:3947} INFO - Setting next_dagrun for 04_postgres_taxi to None, run_after=None
[2026-06-16T17:46:11.302+0000] {processor.py:183} INFO - Processing /opt/airflow/dags/dag_04_postgres_taxi.py took 0.134 seconds
[2026-06-16T17:46:41.434+0000] {processor.py:161} INFO - Started process (PID=25998) to work on /opt/airflow/dags/dag_04_postgres_taxi.py
[2026-06-16T17:46:41.435+0000] {processor.py:830} INFO - Processing file /opt/airflow/dags/dag_04_postgres_taxi.py for tasks to queue
[2026-06-16T17:46:41.438+0000] {logging_mixin.py:188} INFO - [2026-06-16T17:46:41.437+0000] {dagbag.py:545} INFO - Filling up the DagBag from /opt/airflow/dags/dag_04_postgres_taxi.py
[2026-06-16T17:46:41.450+0000] {processor.py:840} INFO - DAG(s) '04_postgres_taxi' retrieved from /opt/airflow/dags/dag_04_postgres_taxi.py
[2026-06-16T17:46:41.511+0000] {logging_mixin.py:188} INFO - [2026-06-16T17:46:41.511+0000] {dag.py:3089} INFO - Sync 1 DAGs
[2026-06-16T17:46:41.530+0000] {logging_mixin.py:188} INFO - [2026-06-16T17:46:41.530+0000] {dag.py:3947} INFO - Setting next_dagrun for 04_postgres_taxi to None, run_after=None
[2026-06-16T17:46:41.560+0000] {processor.py:183} INFO - Processing /opt/airflow/dags/dag_04_postgres_taxi.py took 0.133 seconds
[2026-06-16T17:47:11.693+0000] {processor.py:161} INFO - Started process (PID=26038) to work on /opt/airflow/dags/dag_04_postgres_taxi.py
[2026-06-16T17:47:11.695+0000] {processor.py:830} INFO - Processing file /opt/airflow/dags/dag_04_postgres_taxi.py for tasks to queue
[2026-06-16T17:47:11.697+0000] {logging_mixin.py:188} INFO - [2026-06-16T17:47:11.697+0000] {dagbag.py:545} INFO - Filling up the DagBag from /opt/airflow/dags/dag_04_postgres_taxi.py
[2026-06-16T17:47:11.717+0000] {processor.py:840} INFO - DAG(s) '04_postgres_taxi' retrieved from /opt/airflow/dags/dag_04_postgres_taxi.py
[2026-06-16T17:47:11.797+0000] {logging_mixin.py:188} INFO - [2026-06-16T17:47:11.797+0000] {dag.py:3089} INFO - Sync 1 DAGs
[2026-06-16T17:47:11.817+0000] {logging_mixin.py:188} INFO - [2026-06-16T17:47:11.816+0000] {dag.py:3947} INFO - Setting next_dagrun for 04_postgres_taxi to None, run_after=None
[2026-06-16T17:47:11.848+0000] {processor.py:183} INFO - Processing /opt/airflow/dags/dag_04_postgres_taxi.py took 0.164 seconds
