[2026-06-16T12:16:54.196+0000] {processor.py:161} INFO - Started process (PID=183) to work on /opt/airflow/dags/dag_08_gcp_taxi.py
[2026-06-16T12:16:54.198+0000] {processor.py:830} INFO - Processing file /opt/airflow/dags/dag_08_gcp_taxi.py for tasks to queue
[2026-06-16T12:16:54.204+0000] {logging_mixin.py:188} INFO - [2026-06-16T12:16:54.203+0000] {dagbag.py:545} INFO - Filling up the DagBag from /opt/airflow/dags/dag_08_gcp_taxi.py
[2026-06-16T12:16:54.242+0000] {processor.py:840} INFO - DAG(s) '08_gcp_taxi' retrieved from /opt/airflow/dags/dag_08_gcp_taxi.py
[2026-06-16T12:16:54.627+0000] {logging_mixin.py:188} INFO - [2026-06-16T12:16:54.626+0000] {override.py:1858} INFO - Created Permission View: can edit on DAG:08_gcp_taxi
[2026-06-16T12:16:54.640+0000] {logging_mixin.py:188} INFO - [2026-06-16T12:16:54.639+0000] {override.py:1858} INFO - Created Permission View: can read on DAG:08_gcp_taxi
[2026-06-16T12:16:54.648+0000] {logging_mixin.py:188} INFO - [2026-06-16T12:16:54.647+0000] {override.py:1858} INFO - Created Permission View: can delete on DAG:08_gcp_taxi
[2026-06-16T12:16:54.648+0000] {logging_mixin.py:188} INFO - [2026-06-16T12:16:54.648+0000] {dag.py:3089} INFO - Sync 1 DAGs
[2026-06-16T12:16:54.663+0000] {logging_mixin.py:188} INFO - [2026-06-16T12:16:54.663+0000] {dag.py:3111} INFO - Creating ORM DAG for 08_gcp_taxi
[2026-06-16T12:16:54.664+0000] {logging_mixin.py:188} INFO - [2026-06-16T12:16:54.664+0000] {dag.py:3947} INFO - Setting next_dagrun for 08_gcp_taxi to None, run_after=None
[2026-06-16T12:16:54.689+0000] {processor.py:183} INFO - Processing /opt/airflow/dags/dag_08_gcp_taxi.py took 0.506 seconds
[2026-06-16T12:17:24.963+0000] {processor.py:161} INFO - Started process (PID=218) to work on /opt/airflow/dags/dag_08_gcp_taxi.py
[2026-06-16T12:17:24.964+0000] {processor.py:830} INFO - Processing file /opt/airflow/dags/dag_08_gcp_taxi.py for tasks to queue
[2026-06-16T12:17:24.966+0000] {logging_mixin.py:188} INFO - [2026-06-16T12:17:24.966+0000] {dagbag.py:545} INFO - Filling up the DagBag from /opt/airflow/dags/dag_08_gcp_taxi.py
[2026-06-16T12:17:24.983+0000] {processor.py:840} INFO - DAG(s) '08_gcp_taxi' retrieved from /opt/airflow/dags/dag_08_gcp_taxi.py
[2026-06-16T12:17:25.070+0000] {logging_mixin.py:188} INFO - [2026-06-16T12:17:25.070+0000] {dag.py:3089} INFO - Sync 1 DAGs
[2026-06-16T12:17:25.097+0000] {logging_mixin.py:188} INFO - [2026-06-16T12:17:25.097+0000] {dag.py:3947} INFO - Setting next_dagrun for 08_gcp_taxi to None, run_after=None
[2026-06-16T12:17:25.127+0000] {processor.py:183} INFO - Processing /opt/airflow/dags/dag_08_gcp_taxi.py took 0.173 seconds
[2026-06-16T12:17:55.301+0000] {processor.py:161} INFO - Started process (PID=258) to work on /opt/airflow/dags/dag_08_gcp_taxi.py
[2026-06-16T12:17:55.304+0000] {processor.py:830} INFO - Processing file /opt/airflow/dags/dag_08_gcp_taxi.py for tasks to queue
[2026-06-16T12:17:55.306+0000] {logging_mixin.py:188} INFO - [2026-06-16T12:17:55.306+0000] {dagbag.py:545} INFO - Filling up the DagBag from /opt/airflow/dags/dag_08_gcp_taxi.py
[2026-06-16T12:17:55.321+0000] {processor.py:840} INFO - DAG(s) '08_gcp_taxi' retrieved from /opt/airflow/dags/dag_08_gcp_taxi.py
[2026-06-16T12:17:55.393+0000] {logging_mixin.py:188} INFO - [2026-06-16T12:17:55.392+0000] {dag.py:3089} INFO - Sync 1 DAGs
[2026-06-16T12:17:55.411+0000] {logging_mixin.py:188} INFO - [2026-06-16T12:17:55.411+0000] {dag.py:3947} INFO - Setting next_dagrun for 08_gcp_taxi to None, run_after=None
[2026-06-16T12:17:55.442+0000] {processor.py:183} INFO - Processing /opt/airflow/dags/dag_08_gcp_taxi.py took 0.150 seconds
[2026-06-16T12:18:26.171+0000] {processor.py:161} INFO - Started process (PID=293) to work on /opt/airflow/dags/dag_08_gcp_taxi.py
[2026-06-16T12:18:26.173+0000] {processor.py:830} INFO - Processing file /opt/airflow/dags/dag_08_gcp_taxi.py for tasks to queue
[2026-06-16T12:18:26.176+0000] {logging_mixin.py:188} INFO - [2026-06-16T12:18:26.175+0000] {dagbag.py:545} INFO - Filling up the DagBag from /opt/airflow/dags/dag_08_gcp_taxi.py
[2026-06-16T12:18:26.192+0000] {processor.py:840} INFO - DAG(s) '08_gcp_taxi' retrieved from /opt/airflow/dags/dag_08_gcp_taxi.py
[2026-06-16T12:18:26.274+0000] {logging_mixin.py:188} INFO - [2026-06-16T12:18:26.273+0000] {dag.py:3089} INFO - Sync 1 DAGs
[2026-06-16T12:18:26.292+0000] {logging_mixin.py:188} INFO - [2026-06-16T12:18:26.292+0000] {dag.py:3947} INFO - Setting next_dagrun for 08_gcp_taxi to None, run_after=None
[2026-06-16T12:18:26.322+0000] {processor.py:183} INFO - Processing /opt/airflow/dags/dag_08_gcp_taxi.py took 0.163 seconds
[2026-06-16T12:18:56.900+0000] {processor.py:161} INFO - Started process (PID=328) to work on /opt/airflow/dags/dag_08_gcp_taxi.py
[2026-06-16T12:18:56.903+0000] {processor.py:830} INFO - Processing file /opt/airflow/dags/dag_08_gcp_taxi.py for tasks to queue
[2026-06-16T12:18:56.906+0000] {logging_mixin.py:188} INFO - [2026-06-16T12:18:56.905+0000] {dagbag.py:545} INFO - Filling up the DagBag from /opt/airflow/dags/dag_08_gcp_taxi.py
[2026-06-16T12:18:56.919+0000] {processor.py:840} INFO - DAG(s) '08_gcp_taxi' retrieved from /opt/airflow/dags/dag_08_gcp_taxi.py
[2026-06-16T12:18:56.991+0000] {logging_mixin.py:188} INFO - [2026-06-16T12:18:56.991+0000] {dag.py:3089} INFO - Sync 1 DAGs
[2026-06-16T12:18:57.009+0000] {logging_mixin.py:188} INFO - [2026-06-16T12:18:57.009+0000] {dag.py:3947} INFO - Setting next_dagrun for 08_gcp_taxi to None, run_after=None
[2026-06-16T12:18:57.036+0000] {processor.py:183} INFO - Processing /opt/airflow/dags/dag_08_gcp_taxi.py took 0.147 seconds
[2026-06-16T12:19:27.317+0000] {processor.py:161} INFO - Started process (PID=368) to work on /opt/airflow/dags/dag_08_gcp_taxi.py
[2026-06-16T12:19:27.318+0000] {processor.py:830} INFO - Processing file /opt/airflow/dags/dag_08_gcp_taxi.py for tasks to queue
[2026-06-16T12:19:27.320+0000] {logging_mixin.py:188} INFO - [2026-06-16T12:19:27.320+0000] {dagbag.py:545} INFO - Filling up the DagBag from /opt/airflow/dags/dag_08_gcp_taxi.py
[2026-06-16T12:19:27.332+0000] {processor.py:840} INFO - DAG(s) '08_gcp_taxi' retrieved from /opt/airflow/dags/dag_08_gcp_taxi.py
[2026-06-16T12:19:27.394+0000] {logging_mixin.py:188} INFO - [2026-06-16T12:19:27.394+0000] {dag.py:3089} INFO - Sync 1 DAGs
[2026-06-16T12:19:27.414+0000] {logging_mixin.py:188} INFO - [2026-06-16T12:19:27.414+0000] {dag.py:3947} INFO - Setting next_dagrun for 08_gcp_taxi to None, run_after=None
[2026-06-16T12:19:27.438+0000] {processor.py:183} INFO - Processing /opt/airflow/dags/dag_08_gcp_taxi.py took 0.128 seconds
[2026-06-16T12:19:57.996+0000] {processor.py:161} INFO - Started process (PID=408) to work on /opt/airflow/dags/dag_08_gcp_taxi.py
[2026-06-16T12:19:58.008+0000] {processor.py:830} INFO - Processing file /opt/airflow/dags/dag_08_gcp_taxi.py for tasks to queue
[2026-06-16T12:19:58.014+0000] {logging_mixin.py:188} INFO - [2026-06-16T12:19:58.013+0000] {dagbag.py:545} INFO - Filling up the DagBag from /opt/airflow/dags/dag_08_gcp_taxi.py
[2026-06-16T12:19:58.030+0000] {processor.py:840} INFO - DAG(s) '08_gcp_taxi' retrieved from /opt/airflow/dags/dag_08_gcp_taxi.py
[2026-06-16T12:19:58.094+0000] {logging_mixin.py:188} INFO - [2026-06-16T12:19:58.094+0000] {dag.py:3089} INFO - Sync 1 DAGs
[2026-06-16T12:19:58.115+0000] {logging_mixin.py:188} INFO - [2026-06-16T12:19:58.114+0000] {dag.py:3947} INFO - Setting next_dagrun for 08_gcp_taxi to None, run_after=None
[2026-06-16T12:19:58.142+0000] {processor.py:183} INFO - Processing /opt/airflow/dags/dag_08_gcp_taxi.py took 0.155 seconds
[2026-06-16T12:20:28.696+0000] {processor.py:161} INFO - Started process (PID=443) to work on /opt/airflow/dags/dag_08_gcp_taxi.py
[2026-06-16T12:20:28.698+0000] {processor.py:830} INFO - Processing file /opt/airflow/dags/dag_08_gcp_taxi.py for tasks to queue
[2026-06-16T12:20:28.704+0000] {logging_mixin.py:188} INFO - [2026-06-16T12:20:28.703+0000] {dagbag.py:545} INFO - Filling up the DagBag from /opt/airflow/dags/dag_08_gcp_taxi.py
[2026-06-16T12:20:28.722+0000] {processor.py:840} INFO - DAG(s) '08_gcp_taxi' retrieved from /opt/airflow/dags/dag_08_gcp_taxi.py
[2026-06-16T12:20:28.831+0000] {logging_mixin.py:188} INFO - [2026-06-16T12:20:28.831+0000] {dag.py:3089} INFO - Sync 1 DAGs
[2026-06-16T12:20:28.852+0000] {logging_mixin.py:188} INFO - [2026-06-16T12:20:28.852+0000] {dag.py:3947} INFO - Setting next_dagrun for 08_gcp_taxi to None, run_after=None
[2026-06-16T12:20:28.884+0000] {processor.py:183} INFO - Processing /opt/airflow/dags/dag_08_gcp_taxi.py took 0.203 seconds
[2026-06-16T12:20:59.928+0000] {processor.py:161} INFO - Started process (PID=481) to work on /opt/airflow/dags/dag_08_gcp_taxi.py
[2026-06-16T12:20:59.930+0000] {processor.py:830} INFO - Processing file /opt/airflow/dags/dag_08_gcp_taxi.py for tasks to queue
[2026-06-16T12:20:59.933+0000] {logging_mixin.py:188} INFO - [2026-06-16T12:20:59.932+0000] {dagbag.py:545} INFO - Filling up the DagBag from /opt/airflow/dags/dag_08_gcp_taxi.py
[2026-06-16T12:20:59.951+0000] {processor.py:840} INFO - DAG(s) '08_gcp_taxi' retrieved from /opt/airflow/dags/dag_08_gcp_taxi.py
[2026-06-16T12:21:00.025+0000] {logging_mixin.py:188} INFO - [2026-06-16T12:21:00.024+0000] {dag.py:3089} INFO - Sync 1 DAGs
[2026-06-16T12:21:00.043+0000] {logging_mixin.py:188} INFO - [2026-06-16T12:21:00.043+0000] {dag.py:3947} INFO - Setting next_dagrun for 08_gcp_taxi to None, run_after=None
[2026-06-16T12:21:00.070+0000] {processor.py:183} INFO - Processing /opt/airflow/dags/dag_08_gcp_taxi.py took 0.152 seconds
[2026-06-16T12:21:30.165+0000] {processor.py:161} INFO - Started process (PID=516) to work on /opt/airflow/dags/dag_08_gcp_taxi.py
[2026-06-16T12:21:30.166+0000] {processor.py:830} INFO - Processing file /opt/airflow/dags/dag_08_gcp_taxi.py for tasks to queue
[2026-06-16T12:21:30.169+0000] {logging_mixin.py:188} INFO - [2026-06-16T12:21:30.168+0000] {dagbag.py:545} INFO - Filling up the DagBag from /opt/airflow/dags/dag_08_gcp_taxi.py
[2026-06-16T12:21:30.188+0000] {processor.py:840} INFO - DAG(s) '08_gcp_taxi' retrieved from /opt/airflow/dags/dag_08_gcp_taxi.py
[2026-06-16T12:21:30.260+0000] {logging_mixin.py:188} INFO - [2026-06-16T12:21:30.260+0000] {dag.py:3089} INFO - Sync 1 DAGs
[2026-06-16T12:21:30.278+0000] {logging_mixin.py:188} INFO - [2026-06-16T12:21:30.278+0000] {dag.py:3947} INFO - Setting next_dagrun for 08_gcp_taxi to None, run_after=None
[2026-06-16T12:21:30.305+0000] {processor.py:183} INFO - Processing /opt/airflow/dags/dag_08_gcp_taxi.py took 0.149 seconds
[2026-06-16T12:22:00.465+0000] {processor.py:161} INFO - Started process (PID=551) to work on /opt/airflow/dags/dag_08_gcp_taxi.py
[2026-06-16T12:22:00.467+0000] {processor.py:830} INFO - Processing file /opt/airflow/dags/dag_08_gcp_taxi.py for tasks to queue
[2026-06-16T12:22:00.471+0000] {logging_mixin.py:188} INFO - [2026-06-16T12:22:00.471+0000] {dagbag.py:545} INFO - Filling up the DagBag from /opt/airflow/dags/dag_08_gcp_taxi.py
[2026-06-16T12:22:00.504+0000] {processor.py:840} INFO - DAG(s) '08_gcp_taxi' retrieved from /opt/airflow/dags/dag_08_gcp_taxi.py
[2026-06-16T12:22:00.628+0000] {logging_mixin.py:188} INFO - [2026-06-16T12:22:00.627+0000] {dag.py:3089} INFO - Sync 1 DAGs
[2026-06-16T12:22:00.676+0000] {logging_mixin.py:188} INFO - [2026-06-16T12:22:00.676+0000] {dag.py:3947} INFO - Setting next_dagrun for 08_gcp_taxi to None, run_after=None
[2026-06-16T12:22:00.707+0000] {processor.py:183} INFO - Processing /opt/airflow/dags/dag_08_gcp_taxi.py took 0.254 seconds
[2026-06-16T12:22:31.601+0000] {processor.py:161} INFO - Started process (PID=586) to work on /opt/airflow/dags/dag_08_gcp_taxi.py
[2026-06-16T12:22:31.602+0000] {processor.py:830} INFO - Processing file /opt/airflow/dags/dag_08_gcp_taxi.py for tasks to queue
[2026-06-16T12:22:31.605+0000] {logging_mixin.py:188} INFO - [2026-06-16T12:22:31.605+0000] {dagbag.py:545} INFO - Filling up the DagBag from /opt/airflow/dags/dag_08_gcp_taxi.py
[2026-06-16T12:22:31.625+0000] {processor.py:840} INFO - DAG(s) '08_gcp_taxi' retrieved from /opt/airflow/dags/dag_08_gcp_taxi.py
[2026-06-16T12:22:31.693+0000] {logging_mixin.py:188} INFO - [2026-06-16T12:22:31.693+0000] {dag.py:3089} INFO - Sync 1 DAGs
[2026-06-16T12:22:31.711+0000] {logging_mixin.py:188} INFO - [2026-06-16T12:22:31.711+0000] {dag.py:3947} INFO - Setting next_dagrun for 08_gcp_taxi to None, run_after=None
[2026-06-16T12:22:31.738+0000] {processor.py:183} INFO - Processing /opt/airflow/dags/dag_08_gcp_taxi.py took 0.148 seconds
[2026-06-16T12:23:01.852+0000] {processor.py:161} INFO - Started process (PID=621) to work on /opt/airflow/dags/dag_08_gcp_taxi.py
[2026-06-16T12:23:01.853+0000] {processor.py:830} INFO - Processing file /opt/airflow/dags/dag_08_gcp_taxi.py for tasks to queue
[2026-06-16T12:23:01.856+0000] {logging_mixin.py:188} INFO - [2026-06-16T12:23:01.855+0000] {dagbag.py:545} INFO - Filling up the DagBag from /opt/airflow/dags/dag_08_gcp_taxi.py
[2026-06-16T12:23:01.871+0000] {processor.py:840} INFO - DAG(s) '08_gcp_taxi' retrieved from /opt/airflow/dags/dag_08_gcp_taxi.py
[2026-06-16T12:23:01.944+0000] {logging_mixin.py:188} INFO - [2026-06-16T12:23:01.943+0000] {dag.py:3089} INFO - Sync 1 DAGs
[2026-06-16T12:23:01.962+0000] {logging_mixin.py:188} INFO - [2026-06-16T12:23:01.962+0000] {dag.py:3947} INFO - Setting next_dagrun for 08_gcp_taxi to None, run_after=None
[2026-06-16T12:23:01.989+0000] {processor.py:183} INFO - Processing /opt/airflow/dags/dag_08_gcp_taxi.py took 0.147 seconds
[2026-06-16T12:23:32.251+0000] {processor.py:161} INFO - Started process (PID=663) to work on /opt/airflow/dags/dag_08_gcp_taxi.py
[2026-06-16T12:23:32.254+0000] {processor.py:830} INFO - Processing file /opt/airflow/dags/dag_08_gcp_taxi.py for tasks to queue
[2026-06-16T12:23:32.259+0000] {logging_mixin.py:188} INFO - [2026-06-16T12:23:32.258+0000] {dagbag.py:545} INFO - Filling up the DagBag from /opt/airflow/dags/dag_08_gcp_taxi.py
[2026-06-16T12:23:32.291+0000] {processor.py:840} INFO - DAG(s) '08_gcp_taxi' retrieved from /opt/airflow/dags/dag_08_gcp_taxi.py
[2026-06-16T12:23:32.380+0000] {logging_mixin.py:188} INFO - [2026-06-16T12:23:32.380+0000] {dag.py:3089} INFO - Sync 1 DAGs
[2026-06-16T12:23:32.403+0000] {logging_mixin.py:188} INFO - [2026-06-16T12:23:32.403+0000] {dag.py:3947} INFO - Setting next_dagrun for 08_gcp_taxi to None, run_after=None
[2026-06-16T12:23:32.448+0000] {processor.py:183} INFO - Processing /opt/airflow/dags/dag_08_gcp_taxi.py took 0.217 seconds
[2026-06-16T12:24:02.555+0000] {processor.py:161} INFO - Started process (PID=700) to work on /opt/airflow/dags/dag_08_gcp_taxi.py
[2026-06-16T12:24:02.557+0000] {processor.py:830} INFO - Processing file /opt/airflow/dags/dag_08_gcp_taxi.py for tasks to queue
[2026-06-16T12:24:02.559+0000] {logging_mixin.py:188} INFO - [2026-06-16T12:24:02.559+0000] {dagbag.py:545} INFO - Filling up the DagBag from /opt/airflow/dags/dag_08_gcp_taxi.py
[2026-06-16T12:24:02.576+0000] {processor.py:840} INFO - DAG(s) '08_gcp_taxi' retrieved from /opt/airflow/dags/dag_08_gcp_taxi.py
[2026-06-16T12:24:02.651+0000] {logging_mixin.py:188} INFO - [2026-06-16T12:24:02.651+0000] {dag.py:3089} INFO - Sync 1 DAGs
[2026-06-16T12:24:02.671+0000] {logging_mixin.py:188} INFO - [2026-06-16T12:24:02.671+0000] {dag.py:3947} INFO - Setting next_dagrun for 08_gcp_taxi to None, run_after=None
[2026-06-16T12:24:02.699+0000] {processor.py:183} INFO - Processing /opt/airflow/dags/dag_08_gcp_taxi.py took 0.152 seconds
[2026-06-16T12:24:03.242+0000] {processor.py:161} INFO - Started process (PID=732) to work on /opt/airflow/dags/dag_08_gcp_taxi.py
[2026-06-16T12:24:03.243+0000] {processor.py:830} INFO - Processing file /opt/airflow/dags/dag_08_gcp_taxi.py for tasks to queue
[2026-06-16T12:24:03.245+0000] {logging_mixin.py:188} INFO - [2026-06-16T12:24:03.245+0000] {dagbag.py:545} INFO - Filling up the DagBag from /opt/airflow/dags/dag_08_gcp_taxi.py
[2026-06-16T12:24:03.265+0000] {processor.py:840} INFO - DAG(s) '08_gcp_taxi' retrieved from /opt/airflow/dags/dag_08_gcp_taxi.py
[2026-06-16T12:24:03.448+0000] {logging_mixin.py:188} INFO - [2026-06-16T12:24:03.448+0000] {dag.py:3089} INFO - Sync 1 DAGs
[2026-06-16T12:24:03.464+0000] {logging_mixin.py:188} INFO - [2026-06-16T12:24:03.464+0000] {dag.py:3947} INFO - Setting next_dagrun for 08_gcp_taxi to None, run_after=None
[2026-06-16T12:24:03.497+0000] {processor.py:183} INFO - Processing /opt/airflow/dags/dag_08_gcp_taxi.py took 0.264 seconds
[2026-06-16T12:24:33.551+0000] {processor.py:161} INFO - Started process (PID=772) to work on /opt/airflow/dags/dag_08_gcp_taxi.py
[2026-06-16T12:24:33.553+0000] {processor.py:830} INFO - Processing file /opt/airflow/dags/dag_08_gcp_taxi.py for tasks to queue
[2026-06-16T12:24:33.557+0000] {logging_mixin.py:188} INFO - [2026-06-16T12:24:33.557+0000] {dagbag.py:545} INFO - Filling up the DagBag from /opt/airflow/dags/dag_08_gcp_taxi.py
[2026-06-16T12:24:33.581+0000] {processor.py:840} INFO - DAG(s) '08_gcp_taxi' retrieved from /opt/airflow/dags/dag_08_gcp_taxi.py
[2026-06-16T12:24:33.789+0000] {logging_mixin.py:188} INFO - [2026-06-16T12:24:33.788+0000] {dag.py:3089} INFO - Sync 1 DAGs
[2026-06-16T12:24:33.848+0000] {logging_mixin.py:188} INFO - [2026-06-16T12:24:33.848+0000] {dag.py:3947} INFO - Setting next_dagrun for 08_gcp_taxi to None, run_after=None
[2026-06-16T12:24:33.942+0000] {processor.py:183} INFO - Processing /opt/airflow/dags/dag_08_gcp_taxi.py took 0.405 seconds
[2026-06-16T12:25:04.014+0000] {processor.py:161} INFO - Started process (PID=809) to work on /opt/airflow/dags/dag_08_gcp_taxi.py
[2026-06-16T12:25:04.016+0000] {processor.py:830} INFO - Processing file /opt/airflow/dags/dag_08_gcp_taxi.py for tasks to queue
[2026-06-16T12:25:04.018+0000] {logging_mixin.py:188} INFO - [2026-06-16T12:25:04.018+0000] {dagbag.py:545} INFO - Filling up the DagBag from /opt/airflow/dags/dag_08_gcp_taxi.py
[2026-06-16T12:25:04.034+0000] {processor.py:840} INFO - DAG(s) '08_gcp_taxi' retrieved from /opt/airflow/dags/dag_08_gcp_taxi.py
[2026-06-16T12:25:04.113+0000] {logging_mixin.py:188} INFO - [2026-06-16T12:25:04.113+0000] {dag.py:3089} INFO - Sync 1 DAGs
[2026-06-16T12:25:04.132+0000] {logging_mixin.py:188} INFO - [2026-06-16T12:25:04.132+0000] {dag.py:3947} INFO - Setting next_dagrun for 08_gcp_taxi to None, run_after=None
[2026-06-16T12:25:04.166+0000] {processor.py:183} INFO - Processing /opt/airflow/dags/dag_08_gcp_taxi.py took 0.162 seconds
[2026-06-16T12:25:34.253+0000] {processor.py:161} INFO - Started process (PID=844) to work on /opt/airflow/dags/dag_08_gcp_taxi.py
[2026-06-16T12:25:34.255+0000] {processor.py:830} INFO - Processing file /opt/airflow/dags/dag_08_gcp_taxi.py for tasks to queue
[2026-06-16T12:25:34.257+0000] {logging_mixin.py:188} INFO - [2026-06-16T12:25:34.256+0000] {dagbag.py:545} INFO - Filling up the DagBag from /opt/airflow/dags/dag_08_gcp_taxi.py
[2026-06-16T12:25:34.271+0000] {processor.py:840} INFO - DAG(s) '08_gcp_taxi' retrieved from /opt/airflow/dags/dag_08_gcp_taxi.py
[2026-06-16T12:25:34.332+0000] {logging_mixin.py:188} INFO - [2026-06-16T12:25:34.332+0000] {dag.py:3089} INFO - Sync 1 DAGs
[2026-06-16T12:25:34.353+0000] {logging_mixin.py:188} INFO - [2026-06-16T12:25:34.352+0000] {dag.py:3947} INFO - Setting next_dagrun for 08_gcp_taxi to None, run_after=None
[2026-06-16T12:25:34.383+0000] {processor.py:183} INFO - Processing /opt/airflow/dags/dag_08_gcp_taxi.py took 0.139 seconds
[2026-06-16T12:26:04.436+0000] {processor.py:161} INFO - Started process (PID=882) to work on /opt/airflow/dags/dag_08_gcp_taxi.py
[2026-06-16T12:26:04.438+0000] {processor.py:830} INFO - Processing file /opt/airflow/dags/dag_08_gcp_taxi.py for tasks to queue
[2026-06-16T12:26:04.441+0000] {logging_mixin.py:188} INFO - [2026-06-16T12:26:04.440+0000] {dagbag.py:545} INFO - Filling up the DagBag from /opt/airflow/dags/dag_08_gcp_taxi.py
[2026-06-16T12:26:04.457+0000] {processor.py:840} INFO - DAG(s) '08_gcp_taxi' retrieved from /opt/airflow/dags/dag_08_gcp_taxi.py
[2026-06-16T12:26:04.517+0000] {logging_mixin.py:188} INFO - [2026-06-16T12:26:04.517+0000] {dag.py:3089} INFO - Sync 1 DAGs
[2026-06-16T12:26:04.533+0000] {logging_mixin.py:188} INFO - [2026-06-16T12:26:04.533+0000] {dag.py:3947} INFO - Setting next_dagrun for 08_gcp_taxi to None, run_after=None
[2026-06-16T12:26:04.559+0000] {processor.py:183} INFO - Processing /opt/airflow/dags/dag_08_gcp_taxi.py took 0.133 seconds
[2026-06-16T12:26:34.806+0000] {processor.py:161} INFO - Started process (PID=917) to work on /opt/airflow/dags/dag_08_gcp_taxi.py
[2026-06-16T12:26:34.807+0000] {processor.py:830} INFO - Processing file /opt/airflow/dags/dag_08_gcp_taxi.py for tasks to queue
[2026-06-16T12:26:34.821+0000] {logging_mixin.py:188} INFO - [2026-06-16T12:26:34.820+0000] {dagbag.py:545} INFO - Filling up the DagBag from /opt/airflow/dags/dag_08_gcp_taxi.py
[2026-06-16T12:26:34.859+0000] {processor.py:840} INFO - DAG(s) '08_gcp_taxi' retrieved from /opt/airflow/dags/dag_08_gcp_taxi.py
[2026-06-16T12:26:34.950+0000] {logging_mixin.py:188} INFO - [2026-06-16T12:26:34.950+0000] {dag.py:3089} INFO - Sync 1 DAGs
[2026-06-16T12:26:34.967+0000] {logging_mixin.py:188} INFO - [2026-06-16T12:26:34.967+0000] {dag.py:3947} INFO - Setting next_dagrun for 08_gcp_taxi to None, run_after=None
[2026-06-16T12:26:35.011+0000] {processor.py:183} INFO - Processing /opt/airflow/dags/dag_08_gcp_taxi.py took 0.218 seconds
[2026-06-16T12:27:05.146+0000] {processor.py:161} INFO - Started process (PID=952) to work on /opt/airflow/dags/dag_08_gcp_taxi.py
[2026-06-16T12:27:05.148+0000] {processor.py:830} INFO - Processing file /opt/airflow/dags/dag_08_gcp_taxi.py for tasks to queue
[2026-06-16T12:27:05.150+0000] {logging_mixin.py:188} INFO - [2026-06-16T12:27:05.150+0000] {dagbag.py:545} INFO - Filling up the DagBag from /opt/airflow/dags/dag_08_gcp_taxi.py
[2026-06-16T12:27:05.179+0000] {processor.py:840} INFO - DAG(s) '08_gcp_taxi' retrieved from /opt/airflow/dags/dag_08_gcp_taxi.py
[2026-06-16T12:27:05.265+0000] {logging_mixin.py:188} INFO - [2026-06-16T12:27:05.265+0000] {dag.py:3089} INFO - Sync 1 DAGs
[2026-06-16T12:27:05.281+0000] {logging_mixin.py:188} INFO - [2026-06-16T12:27:05.280+0000] {dag.py:3947} INFO - Setting next_dagrun for 08_gcp_taxi to None, run_after=None
[2026-06-16T12:27:05.303+0000] {processor.py:183} INFO - Processing /opt/airflow/dags/dag_08_gcp_taxi.py took 0.167 seconds
[2026-06-16T12:27:35.347+0000] {processor.py:161} INFO - Started process (PID=987) to work on /opt/airflow/dags/dag_08_gcp_taxi.py
[2026-06-16T12:27:35.349+0000] {processor.py:830} INFO - Processing file /opt/airflow/dags/dag_08_gcp_taxi.py for tasks to queue
[2026-06-16T12:27:35.352+0000] {logging_mixin.py:188} INFO - [2026-06-16T12:27:35.351+0000] {dagbag.py:545} INFO - Filling up the DagBag from /opt/airflow/dags/dag_08_gcp_taxi.py
[2026-06-16T12:27:35.365+0000] {processor.py:840} INFO - DAG(s) '08_gcp_taxi' retrieved from /opt/airflow/dags/dag_08_gcp_taxi.py
[2026-06-16T12:27:35.429+0000] {logging_mixin.py:188} INFO - [2026-06-16T12:27:35.429+0000] {dag.py:3089} INFO - Sync 1 DAGs
[2026-06-16T12:27:35.445+0000] {logging_mixin.py:188} INFO - [2026-06-16T12:27:35.445+0000] {dag.py:3947} INFO - Setting next_dagrun for 08_gcp_taxi to None, run_after=None
[2026-06-16T12:27:35.469+0000] {processor.py:183} INFO - Processing /opt/airflow/dags/dag_08_gcp_taxi.py took 0.130 seconds
[2026-06-16T12:28:05.605+0000] {processor.py:161} INFO - Started process (PID=1019) to work on /opt/airflow/dags/dag_08_gcp_taxi.py
[2026-06-16T12:28:05.607+0000] {processor.py:830} INFO - Processing file /opt/airflow/dags/dag_08_gcp_taxi.py for tasks to queue
[2026-06-16T12:28:05.610+0000] {logging_mixin.py:188} INFO - [2026-06-16T12:28:05.609+0000] {dagbag.py:545} INFO - Filling up the DagBag from /opt/airflow/dags/dag_08_gcp_taxi.py
[2026-06-16T12:28:05.631+0000] {processor.py:840} INFO - DAG(s) '08_gcp_taxi' retrieved from /opt/airflow/dags/dag_08_gcp_taxi.py
[2026-06-16T12:28:05.709+0000] {logging_mixin.py:188} INFO - [2026-06-16T12:28:05.709+0000] {dag.py:3089} INFO - Sync 1 DAGs
[2026-06-16T12:28:05.731+0000] {logging_mixin.py:188} INFO - [2026-06-16T12:28:05.730+0000] {dag.py:3947} INFO - Setting next_dagrun for 08_gcp_taxi to None, run_after=None
[2026-06-16T12:28:05.761+0000] {processor.py:183} INFO - Processing /opt/airflow/dags/dag_08_gcp_taxi.py took 0.164 seconds
[2026-06-16T12:28:36.750+0000] {processor.py:161} INFO - Started process (PID=1054) to work on /opt/airflow/dags/dag_08_gcp_taxi.py
[2026-06-16T12:28:36.751+0000] {processor.py:830} INFO - Processing file /opt/airflow/dags/dag_08_gcp_taxi.py for tasks to queue
[2026-06-16T12:28:36.754+0000] {logging_mixin.py:188} INFO - [2026-06-16T12:28:36.753+0000] {dagbag.py:545} INFO - Filling up the DagBag from /opt/airflow/dags/dag_08_gcp_taxi.py
[2026-06-16T12:28:36.767+0000] {processor.py:840} INFO - DAG(s) '08_gcp_taxi' retrieved from /opt/airflow/dags/dag_08_gcp_taxi.py
[2026-06-16T12:28:36.843+0000] {logging_mixin.py:188} INFO - [2026-06-16T12:28:36.843+0000] {dag.py:3089} INFO - Sync 1 DAGs
[2026-06-16T12:28:36.865+0000] {logging_mixin.py:188} INFO - [2026-06-16T12:28:36.864+0000] {dag.py:3947} INFO - Setting next_dagrun for 08_gcp_taxi to None, run_after=None
[2026-06-16T12:28:36.896+0000] {processor.py:183} INFO - Processing /opt/airflow/dags/dag_08_gcp_taxi.py took 0.155 seconds
[2026-06-16T12:29:07.040+0000] {processor.py:161} INFO - Started process (PID=1089) to work on /opt/airflow/dags/dag_08_gcp_taxi.py
[2026-06-16T12:29:07.048+0000] {processor.py:830} INFO - Processing file /opt/airflow/dags/dag_08_gcp_taxi.py for tasks to queue
[2026-06-16T12:29:07.050+0000] {logging_mixin.py:188} INFO - [2026-06-16T12:29:07.049+0000] {dagbag.py:545} INFO - Filling up the DagBag from /opt/airflow/dags/dag_08_gcp_taxi.py
[2026-06-16T12:29:07.062+0000] {processor.py:840} INFO - DAG(s) '08_gcp_taxi' retrieved from /opt/airflow/dags/dag_08_gcp_taxi.py
[2026-06-16T12:29:07.123+0000] {logging_mixin.py:188} INFO - [2026-06-16T12:29:07.122+0000] {dag.py:3089} INFO - Sync 1 DAGs
[2026-06-16T12:29:07.139+0000] {logging_mixin.py:188} INFO - [2026-06-16T12:29:07.139+0000] {dag.py:3947} INFO - Setting next_dagrun for 08_gcp_taxi to None, run_after=None
[2026-06-16T12:29:07.165+0000] {processor.py:183} INFO - Processing /opt/airflow/dags/dag_08_gcp_taxi.py took 0.134 seconds
[2026-06-16T12:29:37.216+0000] {processor.py:161} INFO - Started process (PID=1124) to work on /opt/airflow/dags/dag_08_gcp_taxi.py
[2026-06-16T12:29:37.217+0000] {processor.py:830} INFO - Processing file /opt/airflow/dags/dag_08_gcp_taxi.py for tasks to queue
[2026-06-16T12:29:37.219+0000] {logging_mixin.py:188} INFO - [2026-06-16T12:29:37.219+0000] {dagbag.py:545} INFO - Filling up the DagBag from /opt/airflow/dags/dag_08_gcp_taxi.py
[2026-06-16T12:29:37.233+0000] {processor.py:840} INFO - DAG(s) '08_gcp_taxi' retrieved from /opt/airflow/dags/dag_08_gcp_taxi.py
[2026-06-16T12:29:37.302+0000] {logging_mixin.py:188} INFO - [2026-06-16T12:29:37.301+0000] {dag.py:3089} INFO - Sync 1 DAGs
[2026-06-16T12:29:37.320+0000] {logging_mixin.py:188} INFO - [2026-06-16T12:29:37.320+0000] {dag.py:3947} INFO - Setting next_dagrun for 08_gcp_taxi to None, run_after=None
[2026-06-16T12:29:37.351+0000] {processor.py:183} INFO - Processing /opt/airflow/dags/dag_08_gcp_taxi.py took 0.145 seconds
[2026-06-16T12:30:07.450+0000] {processor.py:161} INFO - Started process (PID=1159) to work on /opt/airflow/dags/dag_08_gcp_taxi.py
[2026-06-16T12:30:07.451+0000] {processor.py:830} INFO - Processing file /opt/airflow/dags/dag_08_gcp_taxi.py for tasks to queue
[2026-06-16T12:30:07.453+0000] {logging_mixin.py:188} INFO - [2026-06-16T12:30:07.453+0000] {dagbag.py:545} INFO - Filling up the DagBag from /opt/airflow/dags/dag_08_gcp_taxi.py
[2026-06-16T12:30:07.468+0000] {processor.py:840} INFO - DAG(s) '08_gcp_taxi' retrieved from /opt/airflow/dags/dag_08_gcp_taxi.py
[2026-06-16T12:30:07.535+0000] {logging_mixin.py:188} INFO - [2026-06-16T12:30:07.534+0000] {dag.py:3089} INFO - Sync 1 DAGs
[2026-06-16T12:30:07.553+0000] {logging_mixin.py:188} INFO - [2026-06-16T12:30:07.552+0000] {dag.py:3947} INFO - Setting next_dagrun for 08_gcp_taxi to None, run_after=None
[2026-06-16T12:30:07.580+0000] {processor.py:183} INFO - Processing /opt/airflow/dags/dag_08_gcp_taxi.py took 0.139 seconds
[2026-06-16T12:30:38.460+0000] {processor.py:161} INFO - Started process (PID=1194) to work on /opt/airflow/dags/dag_08_gcp_taxi.py
[2026-06-16T12:30:38.461+0000] {processor.py:830} INFO - Processing file /opt/airflow/dags/dag_08_gcp_taxi.py for tasks to queue
[2026-06-16T12:30:38.463+0000] {logging_mixin.py:188} INFO - [2026-06-16T12:30:38.462+0000] {dagbag.py:545} INFO - Filling up the DagBag from /opt/airflow/dags/dag_08_gcp_taxi.py
[2026-06-16T12:30:38.475+0000] {processor.py:840} INFO - DAG(s) '08_gcp_taxi' retrieved from /opt/airflow/dags/dag_08_gcp_taxi.py
[2026-06-16T12:30:38.538+0000] {logging_mixin.py:188} INFO - [2026-06-16T12:30:38.537+0000] {dag.py:3089} INFO - Sync 1 DAGs
[2026-06-16T12:30:38.555+0000] {logging_mixin.py:188} INFO - [2026-06-16T12:30:38.555+0000] {dag.py:3947} INFO - Setting next_dagrun for 08_gcp_taxi to None, run_after=None
[2026-06-16T12:30:38.580+0000] {processor.py:183} INFO - Processing /opt/airflow/dags/dag_08_gcp_taxi.py took 0.129 seconds
[2026-06-16T12:31:08.752+0000] {processor.py:161} INFO - Started process (PID=1232) to work on /opt/airflow/dags/dag_08_gcp_taxi.py
[2026-06-16T12:31:08.754+0000] {processor.py:830} INFO - Processing file /opt/airflow/dags/dag_08_gcp_taxi.py for tasks to queue
[2026-06-16T12:31:08.756+0000] {logging_mixin.py:188} INFO - [2026-06-16T12:31:08.756+0000] {dagbag.py:545} INFO - Filling up the DagBag from /opt/airflow/dags/dag_08_gcp_taxi.py
[2026-06-16T12:31:08.779+0000] {processor.py:840} INFO - DAG(s) '08_gcp_taxi' retrieved from /opt/airflow/dags/dag_08_gcp_taxi.py
[2026-06-16T12:31:08.867+0000] {logging_mixin.py:188} INFO - [2026-06-16T12:31:08.867+0000] {dag.py:3089} INFO - Sync 1 DAGs
[2026-06-16T12:31:08.893+0000] {logging_mixin.py:188} INFO - [2026-06-16T12:31:08.892+0000] {dag.py:3947} INFO - Setting next_dagrun for 08_gcp_taxi to None, run_after=None
[2026-06-16T12:31:08.933+0000] {processor.py:183} INFO - Processing /opt/airflow/dags/dag_08_gcp_taxi.py took 0.193 seconds
[2026-06-16T12:31:39.276+0000] {processor.py:161} INFO - Started process (PID=1249) to work on /opt/airflow/dags/dag_08_gcp_taxi.py
[2026-06-16T12:31:39.277+0000] {processor.py:830} INFO - Processing file /opt/airflow/dags/dag_08_gcp_taxi.py for tasks to queue
[2026-06-16T12:31:39.280+0000] {logging_mixin.py:188} INFO - [2026-06-16T12:31:39.279+0000] {dagbag.py:545} INFO - Filling up the DagBag from /opt/airflow/dags/dag_08_gcp_taxi.py
[2026-06-16T12:31:39.295+0000] {processor.py:840} INFO - DAG(s) '08_gcp_taxi' retrieved from /opt/airflow/dags/dag_08_gcp_taxi.py
[2026-06-16T12:31:39.362+0000] {logging_mixin.py:188} INFO - [2026-06-16T12:31:39.361+0000] {dag.py:3089} INFO - Sync 1 DAGs
[2026-06-16T12:31:39.382+0000] {logging_mixin.py:188} INFO - [2026-06-16T12:31:39.382+0000] {dag.py:3947} INFO - Setting next_dagrun for 08_gcp_taxi to None, run_after=None
[2026-06-16T12:31:39.412+0000] {processor.py:183} INFO - Processing /opt/airflow/dags/dag_08_gcp_taxi.py took 0.146 seconds
[2026-06-16T12:32:09.554+0000] {processor.py:161} INFO - Started process (PID=1297) to work on /opt/airflow/dags/dag_08_gcp_taxi.py
[2026-06-16T12:32:09.556+0000] {processor.py:830} INFO - Processing file /opt/airflow/dags/dag_08_gcp_taxi.py for tasks to queue
[2026-06-16T12:32:09.559+0000] {logging_mixin.py:188} INFO - [2026-06-16T12:32:09.559+0000] {dagbag.py:545} INFO - Filling up the DagBag from /opt/airflow/dags/dag_08_gcp_taxi.py
[2026-06-16T12:32:09.583+0000] {processor.py:840} INFO - DAG(s) '08_gcp_taxi' retrieved from /opt/airflow/dags/dag_08_gcp_taxi.py
[2026-06-16T12:32:09.661+0000] {logging_mixin.py:188} INFO - [2026-06-16T12:32:09.661+0000] {dag.py:3089} INFO - Sync 1 DAGs
[2026-06-16T12:32:09.683+0000] {logging_mixin.py:188} INFO - [2026-06-16T12:32:09.683+0000] {dag.py:3947} INFO - Setting next_dagrun for 08_gcp_taxi to None, run_after=None
[2026-06-16T12:32:09.709+0000] {processor.py:183} INFO - Processing /opt/airflow/dags/dag_08_gcp_taxi.py took 0.168 seconds
[2026-06-16T12:32:40.012+0000] {processor.py:161} INFO - Started process (PID=1334) to work on /opt/airflow/dags/dag_08_gcp_taxi.py
[2026-06-16T12:32:40.014+0000] {processor.py:830} INFO - Processing file /opt/airflow/dags/dag_08_gcp_taxi.py for tasks to queue
[2026-06-16T12:32:40.018+0000] {logging_mixin.py:188} INFO - [2026-06-16T12:32:40.017+0000] {dagbag.py:545} INFO - Filling up the DagBag from /opt/airflow/dags/dag_08_gcp_taxi.py
[2026-06-16T12:32:40.042+0000] {processor.py:840} INFO - DAG(s) '08_gcp_taxi' retrieved from /opt/airflow/dags/dag_08_gcp_taxi.py
[2026-06-16T12:32:40.129+0000] {logging_mixin.py:188} INFO - [2026-06-16T12:32:40.127+0000] {dag.py:3089} INFO - Sync 1 DAGs
[2026-06-16T12:32:40.157+0000] {logging_mixin.py:188} INFO - [2026-06-16T12:32:40.157+0000] {dag.py:3947} INFO - Setting next_dagrun for 08_gcp_taxi to None, run_after=None
[2026-06-16T12:32:40.198+0000] {processor.py:183} INFO - Processing /opt/airflow/dags/dag_08_gcp_taxi.py took 0.200 seconds
[2026-06-16T12:33:11.190+0000] {processor.py:161} INFO - Started process (PID=1369) to work on /opt/airflow/dags/dag_08_gcp_taxi.py
[2026-06-16T12:33:11.202+0000] {processor.py:830} INFO - Processing file /opt/airflow/dags/dag_08_gcp_taxi.py for tasks to queue
[2026-06-16T12:33:11.205+0000] {logging_mixin.py:188} INFO - [2026-06-16T12:33:11.204+0000] {dagbag.py:545} INFO - Filling up the DagBag from /opt/airflow/dags/dag_08_gcp_taxi.py
[2026-06-16T12:33:11.222+0000] {processor.py:840} INFO - DAG(s) '08_gcp_taxi' retrieved from /opt/airflow/dags/dag_08_gcp_taxi.py
[2026-06-16T12:33:11.305+0000] {logging_mixin.py:188} INFO - [2026-06-16T12:33:11.305+0000] {dag.py:3089} INFO - Sync 1 DAGs
[2026-06-16T12:33:11.336+0000] {logging_mixin.py:188} INFO - [2026-06-16T12:33:11.336+0000] {dag.py:3947} INFO - Setting next_dagrun for 08_gcp_taxi to None, run_after=None
[2026-06-16T12:33:11.379+0000] {processor.py:183} INFO - Processing /opt/airflow/dags/dag_08_gcp_taxi.py took 0.202 seconds
[2026-06-16T12:33:41.423+0000] {processor.py:161} INFO - Started process (PID=1404) to work on /opt/airflow/dags/dag_08_gcp_taxi.py
[2026-06-16T12:33:41.424+0000] {processor.py:830} INFO - Processing file /opt/airflow/dags/dag_08_gcp_taxi.py for tasks to queue
[2026-06-16T12:33:41.426+0000] {logging_mixin.py:188} INFO - [2026-06-16T12:33:41.426+0000] {dagbag.py:545} INFO - Filling up the DagBag from /opt/airflow/dags/dag_08_gcp_taxi.py
[2026-06-16T12:33:41.437+0000] {processor.py:840} INFO - DAG(s) '08_gcp_taxi' retrieved from /opt/airflow/dags/dag_08_gcp_taxi.py
[2026-06-16T12:33:41.489+0000] {logging_mixin.py:188} INFO - [2026-06-16T12:33:41.488+0000] {dag.py:3089} INFO - Sync 1 DAGs
[2026-06-16T12:33:41.503+0000] {logging_mixin.py:188} INFO - [2026-06-16T12:33:41.503+0000] {dag.py:3947} INFO - Setting next_dagrun for 08_gcp_taxi to None, run_after=None
[2026-06-16T12:33:41.528+0000] {processor.py:183} INFO - Processing /opt/airflow/dags/dag_08_gcp_taxi.py took 0.112 seconds
[2026-06-16T12:34:11.663+0000] {processor.py:161} INFO - Started process (PID=1439) to work on /opt/airflow/dags/dag_08_gcp_taxi.py
[2026-06-16T12:34:11.666+0000] {processor.py:830} INFO - Processing file /opt/airflow/dags/dag_08_gcp_taxi.py for tasks to queue
[2026-06-16T12:34:11.669+0000] {logging_mixin.py:188} INFO - [2026-06-16T12:34:11.669+0000] {dagbag.py:545} INFO - Filling up the DagBag from /opt/airflow/dags/dag_08_gcp_taxi.py
[2026-06-16T12:34:11.688+0000] {processor.py:840} INFO - DAG(s) '08_gcp_taxi' retrieved from /opt/airflow/dags/dag_08_gcp_taxi.py
[2026-06-16T12:34:11.757+0000] {logging_mixin.py:188} INFO - [2026-06-16T12:34:11.756+0000] {dag.py:3089} INFO - Sync 1 DAGs
[2026-06-16T12:34:11.772+0000] {logging_mixin.py:188} INFO - [2026-06-16T12:34:11.772+0000] {dag.py:3947} INFO - Setting next_dagrun for 08_gcp_taxi to None, run_after=None
[2026-06-16T12:34:11.798+0000] {processor.py:183} INFO - Processing /opt/airflow/dags/dag_08_gcp_taxi.py took 0.145 seconds
[2026-06-16T12:34:41.875+0000] {processor.py:161} INFO - Started process (PID=1474) to work on /opt/airflow/dags/dag_08_gcp_taxi.py
[2026-06-16T12:34:41.877+0000] {processor.py:830} INFO - Processing file /opt/airflow/dags/dag_08_gcp_taxi.py for tasks to queue
[2026-06-16T12:34:41.879+0000] {logging_mixin.py:188} INFO - [2026-06-16T12:34:41.879+0000] {dagbag.py:545} INFO - Filling up the DagBag from /opt/airflow/dags/dag_08_gcp_taxi.py
[2026-06-16T12:34:41.892+0000] {processor.py:840} INFO - DAG(s) '08_gcp_taxi' retrieved from /opt/airflow/dags/dag_08_gcp_taxi.py
[2026-06-16T12:34:41.972+0000] {logging_mixin.py:188} INFO - [2026-06-16T12:34:41.972+0000] {dag.py:3089} INFO - Sync 1 DAGs
[2026-06-16T12:34:41.996+0000] {logging_mixin.py:188} INFO - [2026-06-16T12:34:41.995+0000] {dag.py:3947} INFO - Setting next_dagrun for 08_gcp_taxi to None, run_after=None
[2026-06-16T12:34:42.032+0000] {processor.py:183} INFO - Processing /opt/airflow/dags/dag_08_gcp_taxi.py took 0.167 seconds
[2026-06-16T12:35:12.350+0000] {processor.py:161} INFO - Started process (PID=1509) to work on /opt/airflow/dags/dag_08_gcp_taxi.py
[2026-06-16T12:35:12.354+0000] {processor.py:830} INFO - Processing file /opt/airflow/dags/dag_08_gcp_taxi.py for tasks to queue
[2026-06-16T12:35:12.360+0000] {logging_mixin.py:188} INFO - [2026-06-16T12:35:12.359+0000] {dagbag.py:545} INFO - Filling up the DagBag from /opt/airflow/dags/dag_08_gcp_taxi.py
[2026-06-16T12:35:12.390+0000] {processor.py:840} INFO - DAG(s) '08_gcp_taxi' retrieved from /opt/airflow/dags/dag_08_gcp_taxi.py
[2026-06-16T12:35:12.515+0000] {logging_mixin.py:188} INFO - [2026-06-16T12:35:12.514+0000] {dag.py:3089} INFO - Sync 1 DAGs
[2026-06-16T12:35:12.549+0000] {logging_mixin.py:188} INFO - [2026-06-16T12:35:12.549+0000] {dag.py:3947} INFO - Setting next_dagrun for 08_gcp_taxi to None, run_after=None
[2026-06-16T12:35:12.595+0000] {processor.py:183} INFO - Processing /opt/airflow/dags/dag_08_gcp_taxi.py took 0.269 seconds
[2026-06-16T12:35:43.520+0000] {processor.py:161} INFO - Started process (PID=1544) to work on /opt/airflow/dags/dag_08_gcp_taxi.py
[2026-06-16T12:35:43.523+0000] {processor.py:830} INFO - Processing file /opt/airflow/dags/dag_08_gcp_taxi.py for tasks to queue
[2026-06-16T12:35:43.526+0000] {logging_mixin.py:188} INFO - [2026-06-16T12:35:43.525+0000] {dagbag.py:545} INFO - Filling up the DagBag from /opt/airflow/dags/dag_08_gcp_taxi.py
[2026-06-16T12:35:43.538+0000] {processor.py:840} INFO - DAG(s) '08_gcp_taxi' retrieved from /opt/airflow/dags/dag_08_gcp_taxi.py
[2026-06-16T12:35:43.612+0000] {logging_mixin.py:188} INFO - [2026-06-16T12:35:43.612+0000] {dag.py:3089} INFO - Sync 1 DAGs
[2026-06-16T12:35:43.636+0000] {logging_mixin.py:188} INFO - [2026-06-16T12:35:43.636+0000] {dag.py:3947} INFO - Setting next_dagrun for 08_gcp_taxi to None, run_after=None
[2026-06-16T12:35:43.667+0000] {processor.py:183} INFO - Processing /opt/airflow/dags/dag_08_gcp_taxi.py took 0.164 seconds
[2026-06-16T12:36:14.591+0000] {processor.py:161} INFO - Started process (PID=1579) to work on /opt/airflow/dags/dag_08_gcp_taxi.py
[2026-06-16T12:36:14.593+0000] {processor.py:830} INFO - Processing file /opt/airflow/dags/dag_08_gcp_taxi.py for tasks to queue
[2026-06-16T12:36:14.595+0000] {logging_mixin.py:188} INFO - [2026-06-16T12:36:14.595+0000] {dagbag.py:545} INFO - Filling up the DagBag from /opt/airflow/dags/dag_08_gcp_taxi.py
[2026-06-16T12:36:14.615+0000] {processor.py:840} INFO - DAG(s) '08_gcp_taxi' retrieved from /opt/airflow/dags/dag_08_gcp_taxi.py
[2026-06-16T12:36:14.692+0000] {logging_mixin.py:188} INFO - [2026-06-16T12:36:14.691+0000] {dag.py:3089} INFO - Sync 1 DAGs
[2026-06-16T12:36:14.712+0000] {logging_mixin.py:188} INFO - [2026-06-16T12:36:14.712+0000] {dag.py:3947} INFO - Setting next_dagrun for 08_gcp_taxi to None, run_after=None
[2026-06-16T12:36:14.743+0000] {processor.py:183} INFO - Processing /opt/airflow/dags/dag_08_gcp_taxi.py took 0.163 seconds
[2026-06-16T12:36:45.585+0000] {processor.py:161} INFO - Started process (PID=1614) to work on /opt/airflow/dags/dag_08_gcp_taxi.py
[2026-06-16T12:36:45.597+0000] {processor.py:830} INFO - Processing file /opt/airflow/dags/dag_08_gcp_taxi.py for tasks to queue
[2026-06-16T12:36:45.601+0000] {logging_mixin.py:188} INFO - [2026-06-16T12:36:45.600+0000] {dagbag.py:545} INFO - Filling up the DagBag from /opt/airflow/dags/dag_08_gcp_taxi.py
[2026-06-16T12:36:45.625+0000] {processor.py:840} INFO - DAG(s) '08_gcp_taxi' retrieved from /opt/airflow/dags/dag_08_gcp_taxi.py
[2026-06-16T12:36:45.704+0000] {logging_mixin.py:188} INFO - [2026-06-16T12:36:45.703+0000] {dag.py:3089} INFO - Sync 1 DAGs
[2026-06-16T12:36:45.729+0000] {logging_mixin.py:188} INFO - [2026-06-16T12:36:45.728+0000] {dag.py:3947} INFO - Setting next_dagrun for 08_gcp_taxi to None, run_after=None
[2026-06-16T12:36:45.757+0000] {processor.py:183} INFO - Processing /opt/airflow/dags/dag_08_gcp_taxi.py took 0.187 seconds
[2026-06-16T12:37:16.118+0000] {processor.py:161} INFO - Started process (PID=1659) to work on /opt/airflow/dags/dag_08_gcp_taxi.py
[2026-06-16T12:37:16.119+0000] {processor.py:830} INFO - Processing file /opt/airflow/dags/dag_08_gcp_taxi.py for tasks to queue
[2026-06-16T12:37:16.123+0000] {logging_mixin.py:188} INFO - [2026-06-16T12:37:16.122+0000] {dagbag.py:545} INFO - Filling up the DagBag from /opt/airflow/dags/dag_08_gcp_taxi.py
[2026-06-16T12:37:16.144+0000] {processor.py:840} INFO - DAG(s) '08_gcp_taxi' retrieved from /opt/airflow/dags/dag_08_gcp_taxi.py
[2026-06-16T12:37:16.239+0000] {logging_mixin.py:188} INFO - [2026-06-16T12:37:16.239+0000] {dag.py:3089} INFO - Sync 1 DAGs
[2026-06-16T12:37:16.261+0000] {logging_mixin.py:188} INFO - [2026-06-16T12:37:16.260+0000] {dag.py:3947} INFO - Setting next_dagrun for 08_gcp_taxi to None, run_after=None
[2026-06-16T12:37:16.293+0000] {processor.py:183} INFO - Processing /opt/airflow/dags/dag_08_gcp_taxi.py took 0.187 seconds
[2026-06-16T12:37:46.504+0000] {processor.py:161} INFO - Started process (PID=1701) to work on /opt/airflow/dags/dag_08_gcp_taxi.py
[2026-06-16T12:37:46.506+0000] {processor.py:830} INFO - Processing file /opt/airflow/dags/dag_08_gcp_taxi.py for tasks to queue
[2026-06-16T12:37:46.510+0000] {logging_mixin.py:188} INFO - [2026-06-16T12:37:46.509+0000] {dagbag.py:545} INFO - Filling up the DagBag from /opt/airflow/dags/dag_08_gcp_taxi.py
[2026-06-16T12:37:46.527+0000] {processor.py:840} INFO - DAG(s) '08_gcp_taxi' retrieved from /opt/airflow/dags/dag_08_gcp_taxi.py
[2026-06-16T12:37:46.606+0000] {logging_mixin.py:188} INFO - [2026-06-16T12:37:46.606+0000] {dag.py:3089} INFO - Sync 1 DAGs
[2026-06-16T12:37:46.626+0000] {logging_mixin.py:188} INFO - [2026-06-16T12:37:46.625+0000] {dag.py:3947} INFO - Setting next_dagrun for 08_gcp_taxi to None, run_after=None
[2026-06-16T12:37:46.657+0000] {processor.py:183} INFO - Processing /opt/airflow/dags/dag_08_gcp_taxi.py took 0.164 seconds
[2026-06-16T12:38:16.879+0000] {processor.py:161} INFO - Started process (PID=1741) to work on /opt/airflow/dags/dag_08_gcp_taxi.py
[2026-06-16T12:38:16.882+0000] {processor.py:830} INFO - Processing file /opt/airflow/dags/dag_08_gcp_taxi.py for tasks to queue
[2026-06-16T12:38:16.885+0000] {logging_mixin.py:188} INFO - [2026-06-16T12:38:16.885+0000] {dagbag.py:545} INFO - Filling up the DagBag from /opt/airflow/dags/dag_08_gcp_taxi.py
[2026-06-16T12:38:16.906+0000] {processor.py:840} INFO - DAG(s) '08_gcp_taxi' retrieved from /opt/airflow/dags/dag_08_gcp_taxi.py
[2026-06-16T12:38:16.989+0000] {logging_mixin.py:188} INFO - [2026-06-16T12:38:16.988+0000] {dag.py:3089} INFO - Sync 1 DAGs
[2026-06-16T12:38:17.021+0000] {logging_mixin.py:188} INFO - [2026-06-16T12:38:17.020+0000] {dag.py:3947} INFO - Setting next_dagrun for 08_gcp_taxi to None, run_after=None
[2026-06-16T12:38:17.069+0000] {processor.py:183} INFO - Processing /opt/airflow/dags/dag_08_gcp_taxi.py took 0.204 seconds
[2026-06-16T12:38:47.126+0000] {processor.py:161} INFO - Started process (PID=1784) to work on /opt/airflow/dags/dag_08_gcp_taxi.py
[2026-06-16T12:38:47.127+0000] {processor.py:830} INFO - Processing file /opt/airflow/dags/dag_08_gcp_taxi.py for tasks to queue
[2026-06-16T12:38:47.130+0000] {logging_mixin.py:188} INFO - [2026-06-16T12:38:47.129+0000] {dagbag.py:545} INFO - Filling up the DagBag from /opt/airflow/dags/dag_08_gcp_taxi.py
[2026-06-16T12:38:47.145+0000] {processor.py:840} INFO - DAG(s) '08_gcp_taxi' retrieved from /opt/airflow/dags/dag_08_gcp_taxi.py
[2026-06-16T12:38:47.224+0000] {logging_mixin.py:188} INFO - [2026-06-16T12:38:47.224+0000] {dag.py:3089} INFO - Sync 1 DAGs
[2026-06-16T12:38:47.243+0000] {logging_mixin.py:188} INFO - [2026-06-16T12:38:47.243+0000] {dag.py:3947} INFO - Setting next_dagrun for 08_gcp_taxi to None, run_after=None
[2026-06-16T12:38:47.280+0000] {processor.py:183} INFO - Processing /opt/airflow/dags/dag_08_gcp_taxi.py took 0.165 seconds
[2026-06-16T12:39:17.371+0000] {processor.py:161} INFO - Started process (PID=1831) to work on /opt/airflow/dags/dag_08_gcp_taxi.py
[2026-06-16T12:39:17.373+0000] {processor.py:830} INFO - Processing file /opt/airflow/dags/dag_08_gcp_taxi.py for tasks to queue
[2026-06-16T12:39:17.375+0000] {logging_mixin.py:188} INFO - [2026-06-16T12:39:17.375+0000] {dagbag.py:545} INFO - Filling up the DagBag from /opt/airflow/dags/dag_08_gcp_taxi.py
[2026-06-16T12:39:17.398+0000] {processor.py:840} INFO - DAG(s) '08_gcp_taxi' retrieved from /opt/airflow/dags/dag_08_gcp_taxi.py
[2026-06-16T12:39:17.502+0000] {logging_mixin.py:188} INFO - [2026-06-16T12:39:17.501+0000] {dag.py:3089} INFO - Sync 1 DAGs
[2026-06-16T12:39:17.532+0000] {logging_mixin.py:188} INFO - [2026-06-16T12:39:17.532+0000] {dag.py:3947} INFO - Setting next_dagrun for 08_gcp_taxi to None, run_after=None
[2026-06-16T12:39:17.565+0000] {processor.py:183} INFO - Processing /opt/airflow/dags/dag_08_gcp_taxi.py took 0.208 seconds
[2026-06-16T12:39:47.650+0000] {processor.py:161} INFO - Started process (PID=1873) to work on /opt/airflow/dags/dag_08_gcp_taxi.py
[2026-06-16T12:39:47.656+0000] {processor.py:830} INFO - Processing file /opt/airflow/dags/dag_08_gcp_taxi.py for tasks to queue
[2026-06-16T12:39:47.659+0000] {logging_mixin.py:188} INFO - [2026-06-16T12:39:47.659+0000] {dagbag.py:545} INFO - Filling up the DagBag from /opt/airflow/dags/dag_08_gcp_taxi.py
[2026-06-16T12:39:47.677+0000] {processor.py:840} INFO - DAG(s) '08_gcp_taxi' retrieved from /opt/airflow/dags/dag_08_gcp_taxi.py
[2026-06-16T12:39:47.755+0000] {logging_mixin.py:188} INFO - [2026-06-16T12:39:47.754+0000] {dag.py:3089} INFO - Sync 1 DAGs
[2026-06-16T12:39:47.774+0000] {logging_mixin.py:188} INFO - [2026-06-16T12:39:47.773+0000] {dag.py:3947} INFO - Setting next_dagrun for 08_gcp_taxi to None, run_after=None
[2026-06-16T12:39:47.804+0000] {processor.py:183} INFO - Processing /opt/airflow/dags/dag_08_gcp_taxi.py took 0.163 seconds
[2026-06-16T12:40:17.853+0000] {processor.py:161} INFO - Started process (PID=1913) to work on /opt/airflow/dags/dag_08_gcp_taxi.py
[2026-06-16T12:40:17.855+0000] {processor.py:830} INFO - Processing file /opt/airflow/dags/dag_08_gcp_taxi.py for tasks to queue
[2026-06-16T12:40:17.858+0000] {logging_mixin.py:188} INFO - [2026-06-16T12:40:17.857+0000] {dagbag.py:545} INFO - Filling up the DagBag from /opt/airflow/dags/dag_08_gcp_taxi.py
[2026-06-16T12:40:17.872+0000] {processor.py:840} INFO - DAG(s) '08_gcp_taxi' retrieved from /opt/airflow/dags/dag_08_gcp_taxi.py
[2026-06-16T12:40:17.953+0000] {logging_mixin.py:188} INFO - [2026-06-16T12:40:17.952+0000] {dag.py:3089} INFO - Sync 1 DAGs
[2026-06-16T12:40:17.978+0000] {logging_mixin.py:188} INFO - [2026-06-16T12:40:17.978+0000] {dag.py:3947} INFO - Setting next_dagrun for 08_gcp_taxi to None, run_after=None
[2026-06-16T12:40:18.017+0000] {processor.py:183} INFO - Processing /opt/airflow/dags/dag_08_gcp_taxi.py took 0.172 seconds
[2026-06-16T12:40:48.149+0000] {processor.py:161} INFO - Started process (PID=1956) to work on /opt/airflow/dags/dag_08_gcp_taxi.py
[2026-06-16T12:40:48.150+0000] {processor.py:830} INFO - Processing file /opt/airflow/dags/dag_08_gcp_taxi.py for tasks to queue
[2026-06-16T12:40:48.153+0000] {logging_mixin.py:188} INFO - [2026-06-16T12:40:48.153+0000] {dagbag.py:545} INFO - Filling up the DagBag from /opt/airflow/dags/dag_08_gcp_taxi.py
[2026-06-16T12:40:48.171+0000] {processor.py:840} INFO - DAG(s) '08_gcp_taxi' retrieved from /opt/airflow/dags/dag_08_gcp_taxi.py
[2026-06-16T12:40:48.263+0000] {logging_mixin.py:188} INFO - [2026-06-16T12:40:48.262+0000] {dag.py:3089} INFO - Sync 1 DAGs
[2026-06-16T12:40:48.299+0000] {logging_mixin.py:188} INFO - [2026-06-16T12:40:48.299+0000] {dag.py:3947} INFO - Setting next_dagrun for 08_gcp_taxi to None, run_after=None
[2026-06-16T12:40:48.345+0000] {processor.py:183} INFO - Processing /opt/airflow/dags/dag_08_gcp_taxi.py took 0.206 seconds
[2026-06-16T12:41:18.515+0000] {processor.py:161} INFO - Started process (PID=1998) to work on /opt/airflow/dags/dag_08_gcp_taxi.py
[2026-06-16T12:41:18.527+0000] {processor.py:830} INFO - Processing file /opt/airflow/dags/dag_08_gcp_taxi.py for tasks to queue
[2026-06-16T12:41:18.531+0000] {logging_mixin.py:188} INFO - [2026-06-16T12:41:18.530+0000] {dagbag.py:545} INFO - Filling up the DagBag from /opt/airflow/dags/dag_08_gcp_taxi.py
[2026-06-16T12:41:18.549+0000] {processor.py:840} INFO - DAG(s) '08_gcp_taxi' retrieved from /opt/airflow/dags/dag_08_gcp_taxi.py
[2026-06-16T12:41:18.651+0000] {logging_mixin.py:188} INFO - [2026-06-16T12:41:18.650+0000] {dag.py:3089} INFO - Sync 1 DAGs
[2026-06-16T12:41:18.672+0000] {logging_mixin.py:188} INFO - [2026-06-16T12:41:18.672+0000] {dag.py:3947} INFO - Setting next_dagrun for 08_gcp_taxi to None, run_after=None
[2026-06-16T12:41:18.708+0000] {processor.py:183} INFO - Processing /opt/airflow/dags/dag_08_gcp_taxi.py took 0.205 seconds
[2026-06-16T12:41:49.647+0000] {processor.py:161} INFO - Started process (PID=2043) to work on /opt/airflow/dags/dag_08_gcp_taxi.py
[2026-06-16T12:41:49.649+0000] {processor.py:830} INFO - Processing file /opt/airflow/dags/dag_08_gcp_taxi.py for tasks to queue
[2026-06-16T12:41:49.651+0000] {logging_mixin.py:188} INFO - [2026-06-16T12:41:49.651+0000] {dagbag.py:545} INFO - Filling up the DagBag from /opt/airflow/dags/dag_08_gcp_taxi.py
[2026-06-16T12:41:49.666+0000] {processor.py:840} INFO - DAG(s) '08_gcp_taxi' retrieved from /opt/airflow/dags/dag_08_gcp_taxi.py
[2026-06-16T12:41:49.740+0000] {logging_mixin.py:188} INFO - [2026-06-16T12:41:49.740+0000] {dag.py:3089} INFO - Sync 1 DAGs
[2026-06-16T12:41:49.756+0000] {logging_mixin.py:188} INFO - [2026-06-16T12:41:49.756+0000] {dag.py:3947} INFO - Setting next_dagrun for 08_gcp_taxi to None, run_after=None
[2026-06-16T12:41:49.783+0000] {processor.py:183} INFO - Processing /opt/airflow/dags/dag_08_gcp_taxi.py took 0.145 seconds
[2026-06-16T12:42:19.915+0000] {processor.py:161} INFO - Started process (PID=2083) to work on /opt/airflow/dags/dag_08_gcp_taxi.py
[2026-06-16T12:42:19.917+0000] {processor.py:830} INFO - Processing file /opt/airflow/dags/dag_08_gcp_taxi.py for tasks to queue
[2026-06-16T12:42:19.920+0000] {logging_mixin.py:188} INFO - [2026-06-16T12:42:19.919+0000] {dagbag.py:545} INFO - Filling up the DagBag from /opt/airflow/dags/dag_08_gcp_taxi.py
[2026-06-16T12:42:19.938+0000] {processor.py:840} INFO - DAG(s) '08_gcp_taxi' retrieved from /opt/airflow/dags/dag_08_gcp_taxi.py
[2026-06-16T12:42:20.022+0000] {logging_mixin.py:188} INFO - [2026-06-16T12:42:20.022+0000] {dag.py:3089} INFO - Sync 1 DAGs
[2026-06-16T12:42:20.042+0000] {logging_mixin.py:188} INFO - [2026-06-16T12:42:20.041+0000] {dag.py:3947} INFO - Setting next_dagrun for 08_gcp_taxi to None, run_after=None
[2026-06-16T12:42:20.078+0000] {processor.py:183} INFO - Processing /opt/airflow/dags/dag_08_gcp_taxi.py took 0.173 seconds
[2026-06-16T12:42:50.148+0000] {processor.py:161} INFO - Started process (PID=2123) to work on /opt/airflow/dags/dag_08_gcp_taxi.py
[2026-06-16T12:42:50.150+0000] {processor.py:830} INFO - Processing file /opt/airflow/dags/dag_08_gcp_taxi.py for tasks to queue
[2026-06-16T12:42:50.152+0000] {logging_mixin.py:188} INFO - [2026-06-16T12:42:50.152+0000] {dagbag.py:545} INFO - Filling up the DagBag from /opt/airflow/dags/dag_08_gcp_taxi.py
[2026-06-16T12:42:50.169+0000] {processor.py:840} INFO - DAG(s) '08_gcp_taxi' retrieved from /opt/airflow/dags/dag_08_gcp_taxi.py
[2026-06-16T12:42:50.253+0000] {logging_mixin.py:188} INFO - [2026-06-16T12:42:50.253+0000] {dag.py:3089} INFO - Sync 1 DAGs
[2026-06-16T12:42:50.271+0000] {logging_mixin.py:188} INFO - [2026-06-16T12:42:50.271+0000] {dag.py:3947} INFO - Setting next_dagrun for 08_gcp_taxi to None, run_after=None
[2026-06-16T12:42:50.296+0000] {processor.py:183} INFO - Processing /opt/airflow/dags/dag_08_gcp_taxi.py took 0.156 seconds
[2026-06-16T12:43:20.369+0000] {processor.py:161} INFO - Started process (PID=2163) to work on /opt/airflow/dags/dag_08_gcp_taxi.py
[2026-06-16T12:43:20.370+0000] {processor.py:830} INFO - Processing file /opt/airflow/dags/dag_08_gcp_taxi.py for tasks to queue
[2026-06-16T12:43:20.373+0000] {logging_mixin.py:188} INFO - [2026-06-16T12:43:20.373+0000] {dagbag.py:545} INFO - Filling up the DagBag from /opt/airflow/dags/dag_08_gcp_taxi.py
[2026-06-16T12:43:20.386+0000] {processor.py:840} INFO - DAG(s) '08_gcp_taxi' retrieved from /opt/airflow/dags/dag_08_gcp_taxi.py
[2026-06-16T12:43:20.465+0000] {logging_mixin.py:188} INFO - [2026-06-16T12:43:20.465+0000] {dag.py:3089} INFO - Sync 1 DAGs
[2026-06-16T12:43:20.492+0000] {logging_mixin.py:188} INFO - [2026-06-16T12:43:20.491+0000] {dag.py:3947} INFO - Setting next_dagrun for 08_gcp_taxi to None, run_after=None
[2026-06-16T12:43:20.525+0000] {processor.py:183} INFO - Processing /opt/airflow/dags/dag_08_gcp_taxi.py took 0.165 seconds
[2026-06-16T12:43:50.689+0000] {processor.py:161} INFO - Started process (PID=2203) to work on /opt/airflow/dags/dag_08_gcp_taxi.py
[2026-06-16T12:43:50.691+0000] {processor.py:830} INFO - Processing file /opt/airflow/dags/dag_08_gcp_taxi.py for tasks to queue
[2026-06-16T12:43:50.694+0000] {logging_mixin.py:188} INFO - [2026-06-16T12:43:50.693+0000] {dagbag.py:545} INFO - Filling up the DagBag from /opt/airflow/dags/dag_08_gcp_taxi.py
[2026-06-16T12:43:50.709+0000] {processor.py:840} INFO - DAG(s) '08_gcp_taxi' retrieved from /opt/airflow/dags/dag_08_gcp_taxi.py
[2026-06-16T12:43:50.781+0000] {logging_mixin.py:188} INFO - [2026-06-16T12:43:50.781+0000] {dag.py:3089} INFO - Sync 1 DAGs
[2026-06-16T12:43:50.803+0000] {logging_mixin.py:188} INFO - [2026-06-16T12:43:50.803+0000] {dag.py:3947} INFO - Setting next_dagrun for 08_gcp_taxi to None, run_after=None
[2026-06-16T12:43:50.840+0000] {processor.py:183} INFO - Processing /opt/airflow/dags/dag_08_gcp_taxi.py took 0.159 seconds
[2026-06-16T12:44:21.418+0000] {processor.py:161} INFO - Started process (PID=2243) to work on /opt/airflow/dags/dag_08_gcp_taxi.py
[2026-06-16T12:44:21.420+0000] {processor.py:830} INFO - Processing file /opt/airflow/dags/dag_08_gcp_taxi.py for tasks to queue
[2026-06-16T12:44:21.423+0000] {logging_mixin.py:188} INFO - [2026-06-16T12:44:21.422+0000] {dagbag.py:545} INFO - Filling up the DagBag from /opt/airflow/dags/dag_08_gcp_taxi.py
[2026-06-16T12:44:21.439+0000] {processor.py:840} INFO - DAG(s) '08_gcp_taxi' retrieved from /opt/airflow/dags/dag_08_gcp_taxi.py
[2026-06-16T12:44:21.531+0000] {logging_mixin.py:188} INFO - [2026-06-16T12:44:21.531+0000] {dag.py:3089} INFO - Sync 1 DAGs
[2026-06-16T12:44:21.554+0000] {logging_mixin.py:188} INFO - [2026-06-16T12:44:21.554+0000] {dag.py:3947} INFO - Setting next_dagrun for 08_gcp_taxi to None, run_after=None
[2026-06-16T12:44:21.603+0000] {processor.py:183} INFO - Processing /opt/airflow/dags/dag_08_gcp_taxi.py took 0.199 seconds
[2026-06-16T12:44:52.282+0000] {processor.py:161} INFO - Started process (PID=2283) to work on /opt/airflow/dags/dag_08_gcp_taxi.py
[2026-06-16T12:44:52.293+0000] {processor.py:830} INFO - Processing file /opt/airflow/dags/dag_08_gcp_taxi.py for tasks to queue
[2026-06-16T12:44:52.296+0000] {logging_mixin.py:188} INFO - [2026-06-16T12:44:52.295+0000] {dagbag.py:545} INFO - Filling up the DagBag from /opt/airflow/dags/dag_08_gcp_taxi.py
[2026-06-16T12:44:52.310+0000] {processor.py:840} INFO - DAG(s) '08_gcp_taxi' retrieved from /opt/airflow/dags/dag_08_gcp_taxi.py
[2026-06-16T12:44:52.387+0000] {logging_mixin.py:188} INFO - [2026-06-16T12:44:52.387+0000] {dag.py:3089} INFO - Sync 1 DAGs
[2026-06-16T12:44:52.406+0000] {logging_mixin.py:188} INFO - [2026-06-16T12:44:52.406+0000] {dag.py:3947} INFO - Setting next_dagrun for 08_gcp_taxi to None, run_after=None
[2026-06-16T12:44:52.438+0000] {processor.py:183} INFO - Processing /opt/airflow/dags/dag_08_gcp_taxi.py took 0.164 seconds
[2026-06-16T12:45:22.528+0000] {processor.py:161} INFO - Started process (PID=2323) to work on /opt/airflow/dags/dag_08_gcp_taxi.py
[2026-06-16T12:45:22.530+0000] {processor.py:830} INFO - Processing file /opt/airflow/dags/dag_08_gcp_taxi.py for tasks to queue
[2026-06-16T12:45:22.532+0000] {logging_mixin.py:188} INFO - [2026-06-16T12:45:22.531+0000] {dagbag.py:545} INFO - Filling up the DagBag from /opt/airflow/dags/dag_08_gcp_taxi.py
[2026-06-16T12:45:22.545+0000] {processor.py:840} INFO - DAG(s) '08_gcp_taxi' retrieved from /opt/airflow/dags/dag_08_gcp_taxi.py
[2026-06-16T12:45:22.607+0000] {logging_mixin.py:188} INFO - [2026-06-16T12:45:22.606+0000] {dag.py:3089} INFO - Sync 1 DAGs
[2026-06-16T12:45:22.628+0000] {logging_mixin.py:188} INFO - [2026-06-16T12:45:22.627+0000] {dag.py:3947} INFO - Setting next_dagrun for 08_gcp_taxi to None, run_after=None
[2026-06-16T12:45:22.654+0000] {processor.py:183} INFO - Processing /opt/airflow/dags/dag_08_gcp_taxi.py took 0.136 seconds
[2026-06-16T12:45:52.691+0000] {processor.py:161} INFO - Started process (PID=2363) to work on /opt/airflow/dags/dag_08_gcp_taxi.py
[2026-06-16T12:45:52.693+0000] {processor.py:830} INFO - Processing file /opt/airflow/dags/dag_08_gcp_taxi.py for tasks to queue
[2026-06-16T12:45:52.695+0000] {logging_mixin.py:188} INFO - [2026-06-16T12:45:52.694+0000] {dagbag.py:545} INFO - Filling up the DagBag from /opt/airflow/dags/dag_08_gcp_taxi.py
[2026-06-16T12:45:52.711+0000] {processor.py:840} INFO - DAG(s) '08_gcp_taxi' retrieved from /opt/airflow/dags/dag_08_gcp_taxi.py
[2026-06-16T12:45:52.776+0000] {logging_mixin.py:188} INFO - [2026-06-16T12:45:52.776+0000] {dag.py:3089} INFO - Sync 1 DAGs
[2026-06-16T12:45:52.797+0000] {logging_mixin.py:188} INFO - [2026-06-16T12:45:52.797+0000] {dag.py:3947} INFO - Setting next_dagrun for 08_gcp_taxi to None, run_after=None
[2026-06-16T12:45:52.827+0000] {processor.py:183} INFO - Processing /opt/airflow/dags/dag_08_gcp_taxi.py took 0.143 seconds
[2026-06-16T12:46:22.923+0000] {processor.py:161} INFO - Started process (PID=2403) to work on /opt/airflow/dags/dag_08_gcp_taxi.py
[2026-06-16T12:46:22.925+0000] {processor.py:830} INFO - Processing file /opt/airflow/dags/dag_08_gcp_taxi.py for tasks to queue
[2026-06-16T12:46:22.927+0000] {logging_mixin.py:188} INFO - [2026-06-16T12:46:22.926+0000] {dagbag.py:545} INFO - Filling up the DagBag from /opt/airflow/dags/dag_08_gcp_taxi.py
[2026-06-16T12:46:22.942+0000] {processor.py:840} INFO - DAG(s) '08_gcp_taxi' retrieved from /opt/airflow/dags/dag_08_gcp_taxi.py
[2026-06-16T12:46:23.011+0000] {logging_mixin.py:188} INFO - [2026-06-16T12:46:23.010+0000] {dag.py:3089} INFO - Sync 1 DAGs
[2026-06-16T12:46:23.030+0000] {logging_mixin.py:188} INFO - [2026-06-16T12:46:23.029+0000] {dag.py:3947} INFO - Setting next_dagrun for 08_gcp_taxi to None, run_after=None
[2026-06-16T12:46:23.058+0000] {processor.py:183} INFO - Processing /opt/airflow/dags/dag_08_gcp_taxi.py took 0.142 seconds
[2026-06-16T12:46:53.150+0000] {processor.py:161} INFO - Started process (PID=2443) to work on /opt/airflow/dags/dag_08_gcp_taxi.py
[2026-06-16T12:46:53.152+0000] {processor.py:830} INFO - Processing file /opt/airflow/dags/dag_08_gcp_taxi.py for tasks to queue
[2026-06-16T12:46:53.154+0000] {logging_mixin.py:188} INFO - [2026-06-16T12:46:53.154+0000] {dagbag.py:545} INFO - Filling up the DagBag from /opt/airflow/dags/dag_08_gcp_taxi.py
[2026-06-16T12:46:53.166+0000] {processor.py:840} INFO - DAG(s) '08_gcp_taxi' retrieved from /opt/airflow/dags/dag_08_gcp_taxi.py
[2026-06-16T12:46:53.224+0000] {logging_mixin.py:188} INFO - [2026-06-16T12:46:53.224+0000] {dag.py:3089} INFO - Sync 1 DAGs
[2026-06-16T12:46:53.241+0000] {logging_mixin.py:188} INFO - [2026-06-16T12:46:53.240+0000] {dag.py:3947} INFO - Setting next_dagrun for 08_gcp_taxi to None, run_after=None
[2026-06-16T12:46:53.268+0000] {processor.py:183} INFO - Processing /opt/airflow/dags/dag_08_gcp_taxi.py took 0.124 seconds
[2026-06-16T12:47:23.353+0000] {processor.py:161} INFO - Started process (PID=2483) to work on /opt/airflow/dags/dag_08_gcp_taxi.py
[2026-06-16T12:47:23.364+0000] {processor.py:830} INFO - Processing file /opt/airflow/dags/dag_08_gcp_taxi.py for tasks to queue
[2026-06-16T12:47:23.368+0000] {logging_mixin.py:188} INFO - [2026-06-16T12:47:23.367+0000] {dagbag.py:545} INFO - Filling up the DagBag from /opt/airflow/dags/dag_08_gcp_taxi.py
[2026-06-16T12:47:23.383+0000] {processor.py:840} INFO - DAG(s) '08_gcp_taxi' retrieved from /opt/airflow/dags/dag_08_gcp_taxi.py
[2026-06-16T12:47:23.443+0000] {logging_mixin.py:188} INFO - [2026-06-16T12:47:23.443+0000] {dag.py:3089} INFO - Sync 1 DAGs
[2026-06-16T12:47:23.463+0000] {logging_mixin.py:188} INFO - [2026-06-16T12:47:23.462+0000] {dag.py:3947} INFO - Setting next_dagrun for 08_gcp_taxi to None, run_after=None
[2026-06-16T12:47:23.491+0000] {processor.py:183} INFO - Processing /opt/airflow/dags/dag_08_gcp_taxi.py took 0.146 seconds
[2026-06-16T12:47:53.578+0000] {processor.py:161} INFO - Started process (PID=2523) to work on /opt/airflow/dags/dag_08_gcp_taxi.py
[2026-06-16T12:47:53.579+0000] {processor.py:830} INFO - Processing file /opt/airflow/dags/dag_08_gcp_taxi.py for tasks to queue
[2026-06-16T12:47:53.582+0000] {logging_mixin.py:188} INFO - [2026-06-16T12:47:53.582+0000] {dagbag.py:545} INFO - Filling up the DagBag from /opt/airflow/dags/dag_08_gcp_taxi.py
[2026-06-16T12:47:53.598+0000] {processor.py:840} INFO - DAG(s) '08_gcp_taxi' retrieved from /opt/airflow/dags/dag_08_gcp_taxi.py
[2026-06-16T12:47:53.682+0000] {logging_mixin.py:188} INFO - [2026-06-16T12:47:53.681+0000] {dag.py:3089} INFO - Sync 1 DAGs
[2026-06-16T12:47:53.703+0000] {logging_mixin.py:188} INFO - [2026-06-16T12:47:53.703+0000] {dag.py:3947} INFO - Setting next_dagrun for 08_gcp_taxi to None, run_after=None
[2026-06-16T12:47:53.735+0000] {processor.py:183} INFO - Processing /opt/airflow/dags/dag_08_gcp_taxi.py took 0.167 seconds
[2026-06-16T12:48:23.878+0000] {processor.py:161} INFO - Started process (PID=2563) to work on /opt/airflow/dags/dag_08_gcp_taxi.py
[2026-06-16T12:48:23.879+0000] {processor.py:830} INFO - Processing file /opt/airflow/dags/dag_08_gcp_taxi.py for tasks to queue
[2026-06-16T12:48:23.881+0000] {logging_mixin.py:188} INFO - [2026-06-16T12:48:23.881+0000] {dagbag.py:545} INFO - Filling up the DagBag from /opt/airflow/dags/dag_08_gcp_taxi.py
[2026-06-16T12:48:23.895+0000] {processor.py:840} INFO - DAG(s) '08_gcp_taxi' retrieved from /opt/airflow/dags/dag_08_gcp_taxi.py
[2026-06-16T12:48:23.954+0000] {logging_mixin.py:188} INFO - [2026-06-16T12:48:23.953+0000] {dag.py:3089} INFO - Sync 1 DAGs
[2026-06-16T12:48:23.968+0000] {logging_mixin.py:188} INFO - [2026-06-16T12:48:23.968+0000] {dag.py:3947} INFO - Setting next_dagrun for 08_gcp_taxi to None, run_after=None
[2026-06-16T12:48:23.992+0000] {processor.py:183} INFO - Processing /opt/airflow/dags/dag_08_gcp_taxi.py took 0.123 seconds
[2026-06-16T12:48:54.076+0000] {processor.py:161} INFO - Started process (PID=2598) to work on /opt/airflow/dags/dag_08_gcp_taxi.py
[2026-06-16T12:48:54.078+0000] {processor.py:830} INFO - Processing file /opt/airflow/dags/dag_08_gcp_taxi.py for tasks to queue
[2026-06-16T12:48:54.081+0000] {logging_mixin.py:188} INFO - [2026-06-16T12:48:54.080+0000] {dagbag.py:545} INFO - Filling up the DagBag from /opt/airflow/dags/dag_08_gcp_taxi.py
[2026-06-16T12:48:54.103+0000] {processor.py:840} INFO - DAG(s) '08_gcp_taxi' retrieved from /opt/airflow/dags/dag_08_gcp_taxi.py
[2026-06-16T12:48:54.173+0000] {logging_mixin.py:188} INFO - [2026-06-16T12:48:54.173+0000] {dag.py:3089} INFO - Sync 1 DAGs
[2026-06-16T12:48:54.190+0000] {logging_mixin.py:188} INFO - [2026-06-16T12:48:54.190+0000] {dag.py:3947} INFO - Setting next_dagrun for 08_gcp_taxi to None, run_after=None
[2026-06-16T12:48:54.218+0000] {processor.py:183} INFO - Processing /opt/airflow/dags/dag_08_gcp_taxi.py took 0.154 seconds
[2026-06-16T12:49:24.447+0000] {processor.py:161} INFO - Started process (PID=2638) to work on /opt/airflow/dags/dag_08_gcp_taxi.py
[2026-06-16T12:49:24.451+0000] {processor.py:830} INFO - Processing file /opt/airflow/dags/dag_08_gcp_taxi.py for tasks to queue
[2026-06-16T12:49:24.454+0000] {logging_mixin.py:188} INFO - [2026-06-16T12:49:24.454+0000] {dagbag.py:545} INFO - Filling up the DagBag from /opt/airflow/dags/dag_08_gcp_taxi.py
[2026-06-16T12:49:24.479+0000] {processor.py:840} INFO - DAG(s) '08_gcp_taxi' retrieved from /opt/airflow/dags/dag_08_gcp_taxi.py
[2026-06-16T12:49:24.591+0000] {logging_mixin.py:188} INFO - [2026-06-16T12:49:24.591+0000] {dag.py:3089} INFO - Sync 1 DAGs
[2026-06-16T12:49:24.625+0000] {logging_mixin.py:188} INFO - [2026-06-16T12:49:24.625+0000] {dag.py:3947} INFO - Setting next_dagrun for 08_gcp_taxi to None, run_after=None
[2026-06-16T12:49:24.669+0000] {processor.py:183} INFO - Processing /opt/airflow/dags/dag_08_gcp_taxi.py took 0.235 seconds
[2026-06-16T12:49:54.971+0000] {processor.py:161} INFO - Started process (PID=2678) to work on /opt/airflow/dags/dag_08_gcp_taxi.py
[2026-06-16T12:49:54.973+0000] {processor.py:830} INFO - Processing file /opt/airflow/dags/dag_08_gcp_taxi.py for tasks to queue
[2026-06-16T12:49:54.975+0000] {logging_mixin.py:188} INFO - [2026-06-16T12:49:54.975+0000] {dagbag.py:545} INFO - Filling up the DagBag from /opt/airflow/dags/dag_08_gcp_taxi.py
[2026-06-16T12:49:54.988+0000] {processor.py:840} INFO - DAG(s) '08_gcp_taxi' retrieved from /opt/airflow/dags/dag_08_gcp_taxi.py
[2026-06-16T12:49:55.045+0000] {logging_mixin.py:188} INFO - [2026-06-16T12:49:55.045+0000] {dag.py:3089} INFO - Sync 1 DAGs
[2026-06-16T12:49:55.063+0000] {logging_mixin.py:188} INFO - [2026-06-16T12:49:55.063+0000] {dag.py:3947} INFO - Setting next_dagrun for 08_gcp_taxi to None, run_after=None
[2026-06-16T12:49:55.087+0000] {processor.py:183} INFO - Processing /opt/airflow/dags/dag_08_gcp_taxi.py took 0.125 seconds
[2026-06-16T12:50:25.161+0000] {processor.py:161} INFO - Started process (PID=2718) to work on /opt/airflow/dags/dag_08_gcp_taxi.py
[2026-06-16T12:50:25.163+0000] {processor.py:830} INFO - Processing file /opt/airflow/dags/dag_08_gcp_taxi.py for tasks to queue
[2026-06-16T12:50:25.166+0000] {logging_mixin.py:188} INFO - [2026-06-16T12:50:25.165+0000] {dagbag.py:545} INFO - Filling up the DagBag from /opt/airflow/dags/dag_08_gcp_taxi.py
[2026-06-16T12:50:25.181+0000] {processor.py:840} INFO - DAG(s) '08_gcp_taxi' retrieved from /opt/airflow/dags/dag_08_gcp_taxi.py
[2026-06-16T12:50:25.242+0000] {logging_mixin.py:188} INFO - [2026-06-16T12:50:25.242+0000] {dag.py:3089} INFO - Sync 1 DAGs
[2026-06-16T12:50:25.264+0000] {logging_mixin.py:188} INFO - [2026-06-16T12:50:25.264+0000] {dag.py:3947} INFO - Setting next_dagrun for 08_gcp_taxi to None, run_after=None
[2026-06-16T12:50:25.295+0000] {processor.py:183} INFO - Processing /opt/airflow/dags/dag_08_gcp_taxi.py took 0.141 seconds
[2026-06-16T12:50:55.440+0000] {processor.py:161} INFO - Started process (PID=2758) to work on /opt/airflow/dags/dag_08_gcp_taxi.py
[2026-06-16T12:50:55.441+0000] {processor.py:830} INFO - Processing file /opt/airflow/dags/dag_08_gcp_taxi.py for tasks to queue
[2026-06-16T12:50:55.444+0000] {logging_mixin.py:188} INFO - [2026-06-16T12:50:55.443+0000] {dagbag.py:545} INFO - Filling up the DagBag from /opt/airflow/dags/dag_08_gcp_taxi.py
[2026-06-16T12:50:55.456+0000] {processor.py:840} INFO - DAG(s) '08_gcp_taxi' retrieved from /opt/airflow/dags/dag_08_gcp_taxi.py
[2026-06-16T12:50:55.514+0000] {logging_mixin.py:188} INFO - [2026-06-16T12:50:55.514+0000] {dag.py:3089} INFO - Sync 1 DAGs
[2026-06-16T12:50:55.531+0000] {logging_mixin.py:188} INFO - [2026-06-16T12:50:55.530+0000] {dag.py:3947} INFO - Setting next_dagrun for 08_gcp_taxi to None, run_after=None
[2026-06-16T12:50:55.556+0000] {processor.py:183} INFO - Processing /opt/airflow/dags/dag_08_gcp_taxi.py took 0.124 seconds
[2026-06-16T12:51:25.934+0000] {processor.py:161} INFO - Started process (PID=2798) to work on /opt/airflow/dags/dag_08_gcp_taxi.py
[2026-06-16T12:51:25.936+0000] {processor.py:830} INFO - Processing file /opt/airflow/dags/dag_08_gcp_taxi.py for tasks to queue
[2026-06-16T12:51:25.938+0000] {logging_mixin.py:188} INFO - [2026-06-16T12:51:25.937+0000] {dagbag.py:545} INFO - Filling up the DagBag from /opt/airflow/dags/dag_08_gcp_taxi.py
[2026-06-16T12:51:25.954+0000] {processor.py:840} INFO - DAG(s) '08_gcp_taxi' retrieved from /opt/airflow/dags/dag_08_gcp_taxi.py
[2026-06-16T12:51:26.016+0000] {logging_mixin.py:188} INFO - [2026-06-16T12:51:26.016+0000] {dag.py:3089} INFO - Sync 1 DAGs
[2026-06-16T12:51:26.031+0000] {logging_mixin.py:188} INFO - [2026-06-16T12:51:26.031+0000] {dag.py:3947} INFO - Setting next_dagrun for 08_gcp_taxi to None, run_after=None
[2026-06-16T12:51:26.056+0000] {processor.py:183} INFO - Processing /opt/airflow/dags/dag_08_gcp_taxi.py took 0.132 seconds
[2026-06-16T12:51:56.977+0000] {processor.py:161} INFO - Started process (PID=2838) to work on /opt/airflow/dags/dag_08_gcp_taxi.py
[2026-06-16T12:51:56.978+0000] {processor.py:830} INFO - Processing file /opt/airflow/dags/dag_08_gcp_taxi.py for tasks to queue
[2026-06-16T12:51:56.981+0000] {logging_mixin.py:188} INFO - [2026-06-16T12:51:56.981+0000] {dagbag.py:545} INFO - Filling up the DagBag from /opt/airflow/dags/dag_08_gcp_taxi.py
[2026-06-16T12:51:57.004+0000] {processor.py:840} INFO - DAG(s) '08_gcp_taxi' retrieved from /opt/airflow/dags/dag_08_gcp_taxi.py
[2026-06-16T12:51:57.098+0000] {logging_mixin.py:188} INFO - [2026-06-16T12:51:57.098+0000] {dag.py:3089} INFO - Sync 1 DAGs
[2026-06-16T12:51:57.120+0000] {logging_mixin.py:188} INFO - [2026-06-16T12:51:57.119+0000] {dag.py:3947} INFO - Setting next_dagrun for 08_gcp_taxi to None, run_after=None
[2026-06-16T12:51:57.150+0000] {processor.py:183} INFO - Processing /opt/airflow/dags/dag_08_gcp_taxi.py took 0.183 seconds
[2026-06-16T12:52:27.608+0000] {processor.py:161} INFO - Started process (PID=2878) to work on /opt/airflow/dags/dag_08_gcp_taxi.py
[2026-06-16T12:52:27.611+0000] {processor.py:830} INFO - Processing file /opt/airflow/dags/dag_08_gcp_taxi.py for tasks to queue
[2026-06-16T12:52:27.613+0000] {logging_mixin.py:188} INFO - [2026-06-16T12:52:27.613+0000] {dagbag.py:545} INFO - Filling up the DagBag from /opt/airflow/dags/dag_08_gcp_taxi.py
[2026-06-16T12:52:27.627+0000] {processor.py:840} INFO - DAG(s) '08_gcp_taxi' retrieved from /opt/airflow/dags/dag_08_gcp_taxi.py
[2026-06-16T12:52:27.700+0000] {logging_mixin.py:188} INFO - [2026-06-16T12:52:27.700+0000] {dag.py:3089} INFO - Sync 1 DAGs
[2026-06-16T12:52:27.895+0000] {logging_mixin.py:188} INFO - [2026-06-16T12:52:27.895+0000] {dag.py:3947} INFO - Setting next_dagrun for 08_gcp_taxi to None, run_after=None
[2026-06-16T12:52:27.920+0000] {processor.py:183} INFO - Processing /opt/airflow/dags/dag_08_gcp_taxi.py took 0.323 seconds
[2026-06-16T12:52:58.180+0000] {processor.py:161} INFO - Started process (PID=2918) to work on /opt/airflow/dags/dag_08_gcp_taxi.py
[2026-06-16T12:52:58.181+0000] {processor.py:830} INFO - Processing file /opt/airflow/dags/dag_08_gcp_taxi.py for tasks to queue
[2026-06-16T12:52:58.183+0000] {logging_mixin.py:188} INFO - [2026-06-16T12:52:58.183+0000] {dagbag.py:545} INFO - Filling up the DagBag from /opt/airflow/dags/dag_08_gcp_taxi.py
[2026-06-16T12:52:58.195+0000] {processor.py:840} INFO - DAG(s) '08_gcp_taxi' retrieved from /opt/airflow/dags/dag_08_gcp_taxi.py
[2026-06-16T12:52:58.253+0000] {logging_mixin.py:188} INFO - [2026-06-16T12:52:58.253+0000] {dag.py:3089} INFO - Sync 1 DAGs
[2026-06-16T12:52:58.276+0000] {logging_mixin.py:188} INFO - [2026-06-16T12:52:58.275+0000] {dag.py:3947} INFO - Setting next_dagrun for 08_gcp_taxi to None, run_after=None
[2026-06-16T12:52:58.300+0000] {processor.py:183} INFO - Processing /opt/airflow/dags/dag_08_gcp_taxi.py took 0.129 seconds
[2026-06-16T12:53:28.998+0000] {processor.py:161} INFO - Started process (PID=2958) to work on /opt/airflow/dags/dag_08_gcp_taxi.py
[2026-06-16T12:53:29.000+0000] {processor.py:830} INFO - Processing file /opt/airflow/dags/dag_08_gcp_taxi.py for tasks to queue
[2026-06-16T12:53:29.003+0000] {logging_mixin.py:188} INFO - [2026-06-16T12:53:29.002+0000] {dagbag.py:545} INFO - Filling up the DagBag from /opt/airflow/dags/dag_08_gcp_taxi.py
[2026-06-16T12:53:29.016+0000] {processor.py:840} INFO - DAG(s) '08_gcp_taxi' retrieved from /opt/airflow/dags/dag_08_gcp_taxi.py
[2026-06-16T12:53:29.091+0000] {logging_mixin.py:188} INFO - [2026-06-16T12:53:29.091+0000] {dag.py:3089} INFO - Sync 1 DAGs
[2026-06-16T12:53:29.113+0000] {logging_mixin.py:188} INFO - [2026-06-16T12:53:29.113+0000] {dag.py:3947} INFO - Setting next_dagrun for 08_gcp_taxi to None, run_after=None
[2026-06-16T12:53:29.142+0000] {processor.py:183} INFO - Processing /opt/airflow/dags/dag_08_gcp_taxi.py took 0.154 seconds
[2026-06-16T12:53:59.191+0000] {processor.py:161} INFO - Started process (PID=2998) to work on /opt/airflow/dags/dag_08_gcp_taxi.py
[2026-06-16T12:53:59.193+0000] {processor.py:830} INFO - Processing file /opt/airflow/dags/dag_08_gcp_taxi.py for tasks to queue
[2026-06-16T12:53:59.196+0000] {logging_mixin.py:188} INFO - [2026-06-16T12:53:59.195+0000] {dagbag.py:545} INFO - Filling up the DagBag from /opt/airflow/dags/dag_08_gcp_taxi.py
[2026-06-16T12:53:59.210+0000] {processor.py:840} INFO - DAG(s) '08_gcp_taxi' retrieved from /opt/airflow/dags/dag_08_gcp_taxi.py
[2026-06-16T12:53:59.265+0000] {logging_mixin.py:188} INFO - [2026-06-16T12:53:59.264+0000] {dag.py:3089} INFO - Sync 1 DAGs
[2026-06-16T12:53:59.284+0000] {logging_mixin.py:188} INFO - [2026-06-16T12:53:59.284+0000] {dag.py:3947} INFO - Setting next_dagrun for 08_gcp_taxi to None, run_after=None
[2026-06-16T12:53:59.311+0000] {processor.py:183} INFO - Processing /opt/airflow/dags/dag_08_gcp_taxi.py took 0.129 seconds
[2026-06-16T12:54:29.358+0000] {processor.py:161} INFO - Started process (PID=3038) to work on /opt/airflow/dags/dag_08_gcp_taxi.py
[2026-06-16T12:54:29.361+0000] {processor.py:830} INFO - Processing file /opt/airflow/dags/dag_08_gcp_taxi.py for tasks to queue
[2026-06-16T12:54:29.363+0000] {logging_mixin.py:188} INFO - [2026-06-16T12:54:29.363+0000] {dagbag.py:545} INFO - Filling up the DagBag from /opt/airflow/dags/dag_08_gcp_taxi.py
[2026-06-16T12:54:29.378+0000] {processor.py:840} INFO - DAG(s) '08_gcp_taxi' retrieved from /opt/airflow/dags/dag_08_gcp_taxi.py
[2026-06-16T12:54:29.450+0000] {logging_mixin.py:188} INFO - [2026-06-16T12:54:29.449+0000] {dag.py:3089} INFO - Sync 1 DAGs
[2026-06-16T12:54:29.465+0000] {logging_mixin.py:188} INFO - [2026-06-16T12:54:29.465+0000] {dag.py:3947} INFO - Setting next_dagrun for 08_gcp_taxi to None, run_after=None
[2026-06-16T12:54:29.490+0000] {processor.py:183} INFO - Processing /opt/airflow/dags/dag_08_gcp_taxi.py took 0.142 seconds
[2026-06-16T12:54:59.634+0000] {processor.py:161} INFO - Started process (PID=3078) to work on /opt/airflow/dags/dag_08_gcp_taxi.py
[2026-06-16T12:54:59.636+0000] {processor.py:830} INFO - Processing file /opt/airflow/dags/dag_08_gcp_taxi.py for tasks to queue
[2026-06-16T12:54:59.638+0000] {logging_mixin.py:188} INFO - [2026-06-16T12:54:59.638+0000] {dagbag.py:545} INFO - Filling up the DagBag from /opt/airflow/dags/dag_08_gcp_taxi.py
[2026-06-16T12:54:59.650+0000] {processor.py:840} INFO - DAG(s) '08_gcp_taxi' retrieved from /opt/airflow/dags/dag_08_gcp_taxi.py
[2026-06-16T12:54:59.703+0000] {logging_mixin.py:188} INFO - [2026-06-16T12:54:59.702+0000] {dag.py:3089} INFO - Sync 1 DAGs
[2026-06-16T12:54:59.717+0000] {logging_mixin.py:188} INFO - [2026-06-16T12:54:59.717+0000] {dag.py:3947} INFO - Setting next_dagrun for 08_gcp_taxi to None, run_after=None
[2026-06-16T12:54:59.743+0000] {processor.py:183} INFO - Processing /opt/airflow/dags/dag_08_gcp_taxi.py took 0.117 seconds
[2026-06-16T12:55:29.825+0000] {processor.py:161} INFO - Started process (PID=3118) to work on /opt/airflow/dags/dag_08_gcp_taxi.py
[2026-06-16T12:55:29.837+0000] {processor.py:830} INFO - Processing file /opt/airflow/dags/dag_08_gcp_taxi.py for tasks to queue
[2026-06-16T12:55:29.838+0000] {logging_mixin.py:188} INFO - [2026-06-16T12:55:29.838+0000] {dagbag.py:545} INFO - Filling up the DagBag from /opt/airflow/dags/dag_08_gcp_taxi.py
[2026-06-16T12:55:29.851+0000] {processor.py:840} INFO - DAG(s) '08_gcp_taxi' retrieved from /opt/airflow/dags/dag_08_gcp_taxi.py
[2026-06-16T12:55:29.903+0000] {logging_mixin.py:188} INFO - [2026-06-16T12:55:29.903+0000] {dag.py:3089} INFO - Sync 1 DAGs
[2026-06-16T12:55:29.918+0000] {logging_mixin.py:188} INFO - [2026-06-16T12:55:29.918+0000] {dag.py:3947} INFO - Setting next_dagrun for 08_gcp_taxi to None, run_after=None
[2026-06-16T12:55:29.941+0000] {processor.py:183} INFO - Processing /opt/airflow/dags/dag_08_gcp_taxi.py took 0.124 seconds
[2026-06-16T12:56:00.036+0000] {processor.py:161} INFO - Started process (PID=3158) to work on /opt/airflow/dags/dag_08_gcp_taxi.py
[2026-06-16T12:56:00.038+0000] {processor.py:830} INFO - Processing file /opt/airflow/dags/dag_08_gcp_taxi.py for tasks to queue
[2026-06-16T12:56:00.040+0000] {logging_mixin.py:188} INFO - [2026-06-16T12:56:00.040+0000] {dagbag.py:545} INFO - Filling up the DagBag from /opt/airflow/dags/dag_08_gcp_taxi.py
[2026-06-16T12:56:00.052+0000] {processor.py:840} INFO - DAG(s) '08_gcp_taxi' retrieved from /opt/airflow/dags/dag_08_gcp_taxi.py
[2026-06-16T12:56:00.107+0000] {logging_mixin.py:188} INFO - [2026-06-16T12:56:00.107+0000] {dag.py:3089} INFO - Sync 1 DAGs
[2026-06-16T12:56:00.123+0000] {logging_mixin.py:188} INFO - [2026-06-16T12:56:00.123+0000] {dag.py:3947} INFO - Setting next_dagrun for 08_gcp_taxi to None, run_after=None
[2026-06-16T12:56:00.147+0000] {processor.py:183} INFO - Processing /opt/airflow/dags/dag_08_gcp_taxi.py took 0.119 seconds
[2026-06-16T12:56:30.279+0000] {processor.py:161} INFO - Started process (PID=3198) to work on /opt/airflow/dags/dag_08_gcp_taxi.py
[2026-06-16T12:56:30.280+0000] {processor.py:830} INFO - Processing file /opt/airflow/dags/dag_08_gcp_taxi.py for tasks to queue
[2026-06-16T12:56:30.282+0000] {logging_mixin.py:188} INFO - [2026-06-16T12:56:30.282+0000] {dagbag.py:545} INFO - Filling up the DagBag from /opt/airflow/dags/dag_08_gcp_taxi.py
[2026-06-16T12:56:30.296+0000] {processor.py:840} INFO - DAG(s) '08_gcp_taxi' retrieved from /opt/airflow/dags/dag_08_gcp_taxi.py
[2026-06-16T12:56:30.371+0000] {logging_mixin.py:188} INFO - [2026-06-16T12:56:30.370+0000] {dag.py:3089} INFO - Sync 1 DAGs
[2026-06-16T12:56:30.389+0000] {logging_mixin.py:188} INFO - [2026-06-16T12:56:30.389+0000] {dag.py:3947} INFO - Setting next_dagrun for 08_gcp_taxi to None, run_after=None
[2026-06-16T12:56:30.414+0000] {processor.py:183} INFO - Processing /opt/airflow/dags/dag_08_gcp_taxi.py took 0.145 seconds
[2026-06-16T12:57:00.617+0000] {processor.py:161} INFO - Started process (PID=3238) to work on /opt/airflow/dags/dag_08_gcp_taxi.py
[2026-06-16T12:57:00.618+0000] {processor.py:830} INFO - Processing file /opt/airflow/dags/dag_08_gcp_taxi.py for tasks to queue
[2026-06-16T12:57:00.621+0000] {logging_mixin.py:188} INFO - [2026-06-16T12:57:00.621+0000] {dagbag.py:545} INFO - Filling up the DagBag from /opt/airflow/dags/dag_08_gcp_taxi.py
[2026-06-16T12:57:00.638+0000] {processor.py:840} INFO - DAG(s) '08_gcp_taxi' retrieved from /opt/airflow/dags/dag_08_gcp_taxi.py
[2026-06-16T12:57:00.730+0000] {logging_mixin.py:188} INFO - [2026-06-16T12:57:00.729+0000] {dag.py:3089} INFO - Sync 1 DAGs
[2026-06-16T12:57:00.753+0000] {logging_mixin.py:188} INFO - [2026-06-16T12:57:00.753+0000] {dag.py:3947} INFO - Setting next_dagrun for 08_gcp_taxi to None, run_after=None
[2026-06-16T12:57:00.783+0000] {processor.py:183} INFO - Processing /opt/airflow/dags/dag_08_gcp_taxi.py took 0.178 seconds
[2026-06-16T12:57:30.839+0000] {processor.py:161} INFO - Started process (PID=3278) to work on /opt/airflow/dags/dag_08_gcp_taxi.py
[2026-06-16T12:57:30.840+0000] {processor.py:830} INFO - Processing file /opt/airflow/dags/dag_08_gcp_taxi.py for tasks to queue
[2026-06-16T12:57:30.842+0000] {logging_mixin.py:188} INFO - [2026-06-16T12:57:30.842+0000] {dagbag.py:545} INFO - Filling up the DagBag from /opt/airflow/dags/dag_08_gcp_taxi.py
[2026-06-16T12:57:30.856+0000] {processor.py:840} INFO - DAG(s) '08_gcp_taxi' retrieved from /opt/airflow/dags/dag_08_gcp_taxi.py
[2026-06-16T12:57:30.909+0000] {logging_mixin.py:188} INFO - [2026-06-16T12:57:30.909+0000] {dag.py:3089} INFO - Sync 1 DAGs
[2026-06-16T12:57:30.925+0000] {logging_mixin.py:188} INFO - [2026-06-16T12:57:30.925+0000] {dag.py:3947} INFO - Setting next_dagrun for 08_gcp_taxi to None, run_after=None
[2026-06-16T12:57:30.947+0000] {processor.py:183} INFO - Processing /opt/airflow/dags/dag_08_gcp_taxi.py took 0.115 seconds
[2026-06-16T12:58:01.820+0000] {processor.py:161} INFO - Started process (PID=3318) to work on /opt/airflow/dags/dag_08_gcp_taxi.py
[2026-06-16T12:58:01.822+0000] {processor.py:830} INFO - Processing file /opt/airflow/dags/dag_08_gcp_taxi.py for tasks to queue
[2026-06-16T12:58:01.824+0000] {logging_mixin.py:188} INFO - [2026-06-16T12:58:01.824+0000] {dagbag.py:545} INFO - Filling up the DagBag from /opt/airflow/dags/dag_08_gcp_taxi.py
[2026-06-16T12:58:01.835+0000] {processor.py:840} INFO - DAG(s) '08_gcp_taxi' retrieved from /opt/airflow/dags/dag_08_gcp_taxi.py
[2026-06-16T12:58:01.892+0000] {logging_mixin.py:188} INFO - [2026-06-16T12:58:01.892+0000] {dag.py:3089} INFO - Sync 1 DAGs
[2026-06-16T12:58:01.911+0000] {logging_mixin.py:188} INFO - [2026-06-16T12:58:01.911+0000] {dag.py:3947} INFO - Setting next_dagrun for 08_gcp_taxi to None, run_after=None
[2026-06-16T12:58:01.935+0000] {processor.py:183} INFO - Processing /opt/airflow/dags/dag_08_gcp_taxi.py took 0.123 seconds
[2026-06-16T12:58:32.046+0000] {processor.py:161} INFO - Started process (PID=3358) to work on /opt/airflow/dags/dag_08_gcp_taxi.py
[2026-06-16T12:58:32.047+0000] {processor.py:830} INFO - Processing file /opt/airflow/dags/dag_08_gcp_taxi.py for tasks to queue
[2026-06-16T12:58:32.049+0000] {logging_mixin.py:188} INFO - [2026-06-16T12:58:32.049+0000] {dagbag.py:545} INFO - Filling up the DagBag from /opt/airflow/dags/dag_08_gcp_taxi.py
[2026-06-16T12:58:32.061+0000] {processor.py:840} INFO - DAG(s) '08_gcp_taxi' retrieved from /opt/airflow/dags/dag_08_gcp_taxi.py
[2026-06-16T12:58:32.117+0000] {logging_mixin.py:188} INFO - [2026-06-16T12:58:32.117+0000] {dag.py:3089} INFO - Sync 1 DAGs
[2026-06-16T12:58:32.135+0000] {logging_mixin.py:188} INFO - [2026-06-16T12:58:32.135+0000] {dag.py:3947} INFO - Setting next_dagrun for 08_gcp_taxi to None, run_after=None
[2026-06-16T12:58:32.159+0000] {processor.py:183} INFO - Processing /opt/airflow/dags/dag_08_gcp_taxi.py took 0.121 seconds
[2026-06-16T12:59:02.313+0000] {processor.py:161} INFO - Started process (PID=3398) to work on /opt/airflow/dags/dag_08_gcp_taxi.py
[2026-06-16T12:59:02.315+0000] {processor.py:830} INFO - Processing file /opt/airflow/dags/dag_08_gcp_taxi.py for tasks to queue
[2026-06-16T12:59:02.318+0000] {logging_mixin.py:188} INFO - [2026-06-16T12:59:02.317+0000] {dagbag.py:545} INFO - Filling up the DagBag from /opt/airflow/dags/dag_08_gcp_taxi.py
[2026-06-16T12:59:02.330+0000] {processor.py:840} INFO - DAG(s) '08_gcp_taxi' retrieved from /opt/airflow/dags/dag_08_gcp_taxi.py
[2026-06-16T12:59:02.382+0000] {logging_mixin.py:188} INFO - [2026-06-16T12:59:02.382+0000] {dag.py:3089} INFO - Sync 1 DAGs
[2026-06-16T12:59:02.398+0000] {logging_mixin.py:188} INFO - [2026-06-16T12:59:02.397+0000] {dag.py:3947} INFO - Setting next_dagrun for 08_gcp_taxi to None, run_after=None
[2026-06-16T12:59:02.421+0000] {processor.py:183} INFO - Processing /opt/airflow/dags/dag_08_gcp_taxi.py took 0.117 seconds
[2026-06-16T12:59:32.476+0000] {processor.py:161} INFO - Started process (PID=3438) to work on /opt/airflow/dags/dag_08_gcp_taxi.py
[2026-06-16T12:59:32.478+0000] {processor.py:830} INFO - Processing file /opt/airflow/dags/dag_08_gcp_taxi.py for tasks to queue
[2026-06-16T12:59:32.480+0000] {logging_mixin.py:188} INFO - [2026-06-16T12:59:32.479+0000] {dagbag.py:545} INFO - Filling up the DagBag from /opt/airflow/dags/dag_08_gcp_taxi.py
[2026-06-16T12:59:32.492+0000] {processor.py:840} INFO - DAG(s) '08_gcp_taxi' retrieved from /opt/airflow/dags/dag_08_gcp_taxi.py
[2026-06-16T12:59:32.544+0000] {logging_mixin.py:188} INFO - [2026-06-16T12:59:32.544+0000] {dag.py:3089} INFO - Sync 1 DAGs
[2026-06-16T12:59:32.561+0000] {logging_mixin.py:188} INFO - [2026-06-16T12:59:32.561+0000] {dag.py:3947} INFO - Setting next_dagrun for 08_gcp_taxi to None, run_after=None
[2026-06-16T12:59:32.584+0000] {processor.py:183} INFO - Processing /opt/airflow/dags/dag_08_gcp_taxi.py took 0.115 seconds
[2026-06-16T13:00:02.635+0000] {processor.py:161} INFO - Started process (PID=3478) to work on /opt/airflow/dags/dag_08_gcp_taxi.py
[2026-06-16T13:00:02.638+0000] {processor.py:830} INFO - Processing file /opt/airflow/dags/dag_08_gcp_taxi.py for tasks to queue
[2026-06-16T13:00:02.640+0000] {logging_mixin.py:188} INFO - [2026-06-16T13:00:02.639+0000] {dagbag.py:545} INFO - Filling up the DagBag from /opt/airflow/dags/dag_08_gcp_taxi.py
[2026-06-16T13:00:02.651+0000] {processor.py:840} INFO - DAG(s) '08_gcp_taxi' retrieved from /opt/airflow/dags/dag_08_gcp_taxi.py
[2026-06-16T13:00:02.709+0000] {logging_mixin.py:188} INFO - [2026-06-16T13:00:02.709+0000] {dag.py:3089} INFO - Sync 1 DAGs
[2026-06-16T13:00:02.726+0000] {logging_mixin.py:188} INFO - [2026-06-16T13:00:02.726+0000] {dag.py:3947} INFO - Setting next_dagrun for 08_gcp_taxi to None, run_after=None
[2026-06-16T13:00:02.750+0000] {processor.py:183} INFO - Processing /opt/airflow/dags/dag_08_gcp_taxi.py took 0.122 seconds
[2026-06-16T13:00:32.823+0000] {processor.py:161} INFO - Started process (PID=3518) to work on /opt/airflow/dags/dag_08_gcp_taxi.py
[2026-06-16T13:00:32.824+0000] {processor.py:830} INFO - Processing file /opt/airflow/dags/dag_08_gcp_taxi.py for tasks to queue
[2026-06-16T13:00:32.826+0000] {logging_mixin.py:188} INFO - [2026-06-16T13:00:32.826+0000] {dagbag.py:545} INFO - Filling up the DagBag from /opt/airflow/dags/dag_08_gcp_taxi.py
[2026-06-16T13:00:32.840+0000] {processor.py:840} INFO - DAG(s) '08_gcp_taxi' retrieved from /opt/airflow/dags/dag_08_gcp_taxi.py
[2026-06-16T13:00:32.895+0000] {logging_mixin.py:188} INFO - [2026-06-16T13:00:32.895+0000] {dag.py:3089} INFO - Sync 1 DAGs
[2026-06-16T13:00:32.914+0000] {logging_mixin.py:188} INFO - [2026-06-16T13:00:32.913+0000] {dag.py:3947} INFO - Setting next_dagrun for 08_gcp_taxi to None, run_after=None
[2026-06-16T13:00:32.941+0000] {processor.py:183} INFO - Processing /opt/airflow/dags/dag_08_gcp_taxi.py took 0.127 seconds
[2026-06-16T13:01:02.996+0000] {processor.py:161} INFO - Started process (PID=3558) to work on /opt/airflow/dags/dag_08_gcp_taxi.py
[2026-06-16T13:01:02.999+0000] {processor.py:830} INFO - Processing file /opt/airflow/dags/dag_08_gcp_taxi.py for tasks to queue
[2026-06-16T13:01:03.001+0000] {logging_mixin.py:188} INFO - [2026-06-16T13:01:03.001+0000] {dagbag.py:545} INFO - Filling up the DagBag from /opt/airflow/dags/dag_08_gcp_taxi.py
[2026-06-16T13:01:03.013+0000] {processor.py:840} INFO - DAG(s) '08_gcp_taxi' retrieved from /opt/airflow/dags/dag_08_gcp_taxi.py
[2026-06-16T13:01:03.072+0000] {logging_mixin.py:188} INFO - [2026-06-16T13:01:03.071+0000] {dag.py:3089} INFO - Sync 1 DAGs
[2026-06-16T13:01:03.089+0000] {logging_mixin.py:188} INFO - [2026-06-16T13:01:03.089+0000] {dag.py:3947} INFO - Setting next_dagrun for 08_gcp_taxi to None, run_after=None
[2026-06-16T13:01:03.120+0000] {processor.py:183} INFO - Processing /opt/airflow/dags/dag_08_gcp_taxi.py took 0.132 seconds
[2026-06-16T13:01:33.245+0000] {processor.py:161} INFO - Started process (PID=3598) to work on /opt/airflow/dags/dag_08_gcp_taxi.py
[2026-06-16T13:01:33.246+0000] {processor.py:830} INFO - Processing file /opt/airflow/dags/dag_08_gcp_taxi.py for tasks to queue
[2026-06-16T13:01:33.249+0000] {logging_mixin.py:188} INFO - [2026-06-16T13:01:33.248+0000] {dagbag.py:545} INFO - Filling up the DagBag from /opt/airflow/dags/dag_08_gcp_taxi.py
[2026-06-16T13:01:33.262+0000] {processor.py:840} INFO - DAG(s) '08_gcp_taxi' retrieved from /opt/airflow/dags/dag_08_gcp_taxi.py
[2026-06-16T13:01:33.322+0000] {logging_mixin.py:188} INFO - [2026-06-16T13:01:33.322+0000] {dag.py:3089} INFO - Sync 1 DAGs
[2026-06-16T13:01:33.340+0000] {logging_mixin.py:188} INFO - [2026-06-16T13:01:33.339+0000] {dag.py:3947} INFO - Setting next_dagrun for 08_gcp_taxi to None, run_after=None
[2026-06-16T13:01:33.363+0000] {processor.py:183} INFO - Processing /opt/airflow/dags/dag_08_gcp_taxi.py took 0.126 seconds
[2026-06-16T13:02:03.499+0000] {processor.py:161} INFO - Started process (PID=3638) to work on /opt/airflow/dags/dag_08_gcp_taxi.py
[2026-06-16T13:02:03.502+0000] {processor.py:830} INFO - Processing file /opt/airflow/dags/dag_08_gcp_taxi.py for tasks to queue
[2026-06-16T13:02:03.504+0000] {logging_mixin.py:188} INFO - [2026-06-16T13:02:03.503+0000] {dagbag.py:545} INFO - Filling up the DagBag from /opt/airflow/dags/dag_08_gcp_taxi.py
[2026-06-16T13:02:03.515+0000] {processor.py:840} INFO - DAG(s) '08_gcp_taxi' retrieved from /opt/airflow/dags/dag_08_gcp_taxi.py
[2026-06-16T13:02:03.573+0000] {logging_mixin.py:188} INFO - [2026-06-16T13:02:03.572+0000] {dag.py:3089} INFO - Sync 1 DAGs
[2026-06-16T13:02:03.591+0000] {logging_mixin.py:188} INFO - [2026-06-16T13:02:03.590+0000] {dag.py:3947} INFO - Setting next_dagrun for 08_gcp_taxi to None, run_after=None
[2026-06-16T13:02:03.619+0000] {processor.py:183} INFO - Processing /opt/airflow/dags/dag_08_gcp_taxi.py took 0.127 seconds
[2026-06-16T13:02:33.684+0000] {processor.py:161} INFO - Started process (PID=3678) to work on /opt/airflow/dags/dag_08_gcp_taxi.py
[2026-06-16T13:02:33.685+0000] {processor.py:830} INFO - Processing file /opt/airflow/dags/dag_08_gcp_taxi.py for tasks to queue
[2026-06-16T13:02:33.687+0000] {logging_mixin.py:188} INFO - [2026-06-16T13:02:33.686+0000] {dagbag.py:545} INFO - Filling up the DagBag from /opt/airflow/dags/dag_08_gcp_taxi.py
[2026-06-16T13:02:33.699+0000] {processor.py:840} INFO - DAG(s) '08_gcp_taxi' retrieved from /opt/airflow/dags/dag_08_gcp_taxi.py
[2026-06-16T13:02:33.759+0000] {logging_mixin.py:188} INFO - [2026-06-16T13:02:33.758+0000] {dag.py:3089} INFO - Sync 1 DAGs
[2026-06-16T13:02:33.777+0000] {logging_mixin.py:188} INFO - [2026-06-16T13:02:33.777+0000] {dag.py:3947} INFO - Setting next_dagrun for 08_gcp_taxi to None, run_after=None
[2026-06-16T13:02:33.803+0000] {processor.py:183} INFO - Processing /opt/airflow/dags/dag_08_gcp_taxi.py took 0.127 seconds
[2026-06-16T13:03:03.879+0000] {processor.py:161} INFO - Started process (PID=3718) to work on /opt/airflow/dags/dag_08_gcp_taxi.py
[2026-06-16T13:03:03.881+0000] {processor.py:830} INFO - Processing file /opt/airflow/dags/dag_08_gcp_taxi.py for tasks to queue
[2026-06-16T13:03:03.883+0000] {logging_mixin.py:188} INFO - [2026-06-16T13:03:03.883+0000] {dagbag.py:545} INFO - Filling up the DagBag from /opt/airflow/dags/dag_08_gcp_taxi.py
[2026-06-16T13:03:03.894+0000] {processor.py:840} INFO - DAG(s) '08_gcp_taxi' retrieved from /opt/airflow/dags/dag_08_gcp_taxi.py
[2026-06-16T13:03:03.948+0000] {logging_mixin.py:188} INFO - [2026-06-16T13:03:03.948+0000] {dag.py:3089} INFO - Sync 1 DAGs
[2026-06-16T13:03:03.964+0000] {logging_mixin.py:188} INFO - [2026-06-16T13:03:03.964+0000] {dag.py:3947} INFO - Setting next_dagrun for 08_gcp_taxi to None, run_after=None
[2026-06-16T13:03:03.986+0000] {processor.py:183} INFO - Processing /opt/airflow/dags/dag_08_gcp_taxi.py took 0.115 seconds
[2026-06-16T13:03:34.073+0000] {processor.py:161} INFO - Started process (PID=3758) to work on /opt/airflow/dags/dag_08_gcp_taxi.py
[2026-06-16T13:03:34.074+0000] {processor.py:830} INFO - Processing file /opt/airflow/dags/dag_08_gcp_taxi.py for tasks to queue
[2026-06-16T13:03:34.076+0000] {logging_mixin.py:188} INFO - [2026-06-16T13:03:34.076+0000] {dagbag.py:545} INFO - Filling up the DagBag from /opt/airflow/dags/dag_08_gcp_taxi.py
[2026-06-16T13:03:34.088+0000] {processor.py:840} INFO - DAG(s) '08_gcp_taxi' retrieved from /opt/airflow/dags/dag_08_gcp_taxi.py
[2026-06-16T13:03:34.140+0000] {logging_mixin.py:188} INFO - [2026-06-16T13:03:34.140+0000] {dag.py:3089} INFO - Sync 1 DAGs
[2026-06-16T13:03:34.155+0000] {logging_mixin.py:188} INFO - [2026-06-16T13:03:34.155+0000] {dag.py:3947} INFO - Setting next_dagrun for 08_gcp_taxi to None, run_after=None
[2026-06-16T13:03:34.176+0000] {processor.py:183} INFO - Processing /opt/airflow/dags/dag_08_gcp_taxi.py took 0.111 seconds
[2026-06-16T13:04:04.260+0000] {processor.py:161} INFO - Started process (PID=3798) to work on /opt/airflow/dags/dag_08_gcp_taxi.py
[2026-06-16T13:04:04.271+0000] {processor.py:830} INFO - Processing file /opt/airflow/dags/dag_08_gcp_taxi.py for tasks to queue
[2026-06-16T13:04:04.273+0000] {logging_mixin.py:188} INFO - [2026-06-16T13:04:04.273+0000] {dagbag.py:545} INFO - Filling up the DagBag from /opt/airflow/dags/dag_08_gcp_taxi.py
[2026-06-16T13:04:04.284+0000] {processor.py:840} INFO - DAG(s) '08_gcp_taxi' retrieved from /opt/airflow/dags/dag_08_gcp_taxi.py
[2026-06-16T13:04:04.338+0000] {logging_mixin.py:188} INFO - [2026-06-16T13:04:04.338+0000] {dag.py:3089} INFO - Sync 1 DAGs
[2026-06-16T13:04:04.353+0000] {logging_mixin.py:188} INFO - [2026-06-16T13:04:04.353+0000] {dag.py:3947} INFO - Setting next_dagrun for 08_gcp_taxi to None, run_after=None
[2026-06-16T13:04:04.378+0000] {processor.py:183} INFO - Processing /opt/airflow/dags/dag_08_gcp_taxi.py took 0.125 seconds
[2026-06-16T13:04:34.487+0000] {processor.py:161} INFO - Started process (PID=3838) to work on /opt/airflow/dags/dag_08_gcp_taxi.py
[2026-06-16T13:04:34.488+0000] {processor.py:830} INFO - Processing file /opt/airflow/dags/dag_08_gcp_taxi.py for tasks to queue
[2026-06-16T13:04:34.490+0000] {logging_mixin.py:188} INFO - [2026-06-16T13:04:34.490+0000] {dagbag.py:545} INFO - Filling up the DagBag from /opt/airflow/dags/dag_08_gcp_taxi.py
[2026-06-16T13:04:34.501+0000] {processor.py:840} INFO - DAG(s) '08_gcp_taxi' retrieved from /opt/airflow/dags/dag_08_gcp_taxi.py
[2026-06-16T13:04:34.573+0000] {logging_mixin.py:188} INFO - [2026-06-16T13:04:34.573+0000] {dag.py:3089} INFO - Sync 1 DAGs
[2026-06-16T13:04:34.595+0000] {logging_mixin.py:188} INFO - [2026-06-16T13:04:34.594+0000] {dag.py:3947} INFO - Setting next_dagrun for 08_gcp_taxi to None, run_after=None
[2026-06-16T13:04:34.619+0000] {processor.py:183} INFO - Processing /opt/airflow/dags/dag_08_gcp_taxi.py took 0.139 seconds
[2026-06-16T13:05:04.667+0000] {processor.py:161} INFO - Started process (PID=3878) to work on /opt/airflow/dags/dag_08_gcp_taxi.py
[2026-06-16T13:05:04.669+0000] {processor.py:830} INFO - Processing file /opt/airflow/dags/dag_08_gcp_taxi.py for tasks to queue
[2026-06-16T13:05:04.671+0000] {logging_mixin.py:188} INFO - [2026-06-16T13:05:04.671+0000] {dagbag.py:545} INFO - Filling up the DagBag from /opt/airflow/dags/dag_08_gcp_taxi.py
[2026-06-16T13:05:04.684+0000] {processor.py:840} INFO - DAG(s) '08_gcp_taxi' retrieved from /opt/airflow/dags/dag_08_gcp_taxi.py
[2026-06-16T13:05:04.741+0000] {logging_mixin.py:188} INFO - [2026-06-16T13:05:04.741+0000] {dag.py:3089} INFO - Sync 1 DAGs
[2026-06-16T13:05:04.760+0000] {logging_mixin.py:188} INFO - [2026-06-16T13:05:04.759+0000] {dag.py:3947} INFO - Setting next_dagrun for 08_gcp_taxi to None, run_after=None
[2026-06-16T13:05:04.785+0000] {processor.py:183} INFO - Processing /opt/airflow/dags/dag_08_gcp_taxi.py took 0.127 seconds
[2026-06-16T13:05:34.827+0000] {processor.py:161} INFO - Started process (PID=3918) to work on /opt/airflow/dags/dag_08_gcp_taxi.py
[2026-06-16T13:05:34.837+0000] {processor.py:830} INFO - Processing file /opt/airflow/dags/dag_08_gcp_taxi.py for tasks to queue
[2026-06-16T13:05:34.839+0000] {logging_mixin.py:188} INFO - [2026-06-16T13:05:34.839+0000] {dagbag.py:545} INFO - Filling up the DagBag from /opt/airflow/dags/dag_08_gcp_taxi.py
[2026-06-16T13:05:34.851+0000] {processor.py:840} INFO - DAG(s) '08_gcp_taxi' retrieved from /opt/airflow/dags/dag_08_gcp_taxi.py
[2026-06-16T13:05:34.909+0000] {logging_mixin.py:188} INFO - [2026-06-16T13:05:34.909+0000] {dag.py:3089} INFO - Sync 1 DAGs
[2026-06-16T13:05:34.929+0000] {logging_mixin.py:188} INFO - [2026-06-16T13:05:34.929+0000] {dag.py:3947} INFO - Setting next_dagrun for 08_gcp_taxi to None, run_after=None
[2026-06-16T13:05:34.954+0000] {processor.py:183} INFO - Processing /opt/airflow/dags/dag_08_gcp_taxi.py took 0.135 seconds
[2026-06-16T13:06:05.587+0000] {processor.py:161} INFO - Started process (PID=3958) to work on /opt/airflow/dags/dag_08_gcp_taxi.py
[2026-06-16T13:06:05.589+0000] {processor.py:830} INFO - Processing file /opt/airflow/dags/dag_08_gcp_taxi.py for tasks to queue
[2026-06-16T13:06:05.591+0000] {logging_mixin.py:188} INFO - [2026-06-16T13:06:05.591+0000] {dagbag.py:545} INFO - Filling up the DagBag from /opt/airflow/dags/dag_08_gcp_taxi.py
[2026-06-16T13:06:05.602+0000] {processor.py:840} INFO - DAG(s) '08_gcp_taxi' retrieved from /opt/airflow/dags/dag_08_gcp_taxi.py
[2026-06-16T13:06:05.655+0000] {logging_mixin.py:188} INFO - [2026-06-16T13:06:05.655+0000] {dag.py:3089} INFO - Sync 1 DAGs
[2026-06-16T13:06:05.670+0000] {logging_mixin.py:188} INFO - [2026-06-16T13:06:05.670+0000] {dag.py:3947} INFO - Setting next_dagrun for 08_gcp_taxi to None, run_after=None
[2026-06-16T13:06:05.697+0000] {processor.py:183} INFO - Processing /opt/airflow/dags/dag_08_gcp_taxi.py took 0.117 seconds
[2026-06-16T13:06:35.825+0000] {processor.py:161} INFO - Started process (PID=3998) to work on /opt/airflow/dags/dag_08_gcp_taxi.py
[2026-06-16T13:06:35.827+0000] {processor.py:830} INFO - Processing file /opt/airflow/dags/dag_08_gcp_taxi.py for tasks to queue
[2026-06-16T13:06:35.829+0000] {logging_mixin.py:188} INFO - [2026-06-16T13:06:35.829+0000] {dagbag.py:545} INFO - Filling up the DagBag from /opt/airflow/dags/dag_08_gcp_taxi.py
[2026-06-16T13:06:35.841+0000] {processor.py:840} INFO - DAG(s) '08_gcp_taxi' retrieved from /opt/airflow/dags/dag_08_gcp_taxi.py
[2026-06-16T13:06:35.897+0000] {logging_mixin.py:188} INFO - [2026-06-16T13:06:35.897+0000] {dag.py:3089} INFO - Sync 1 DAGs
[2026-06-16T13:06:35.915+0000] {logging_mixin.py:188} INFO - [2026-06-16T13:06:35.914+0000] {dag.py:3947} INFO - Setting next_dagrun for 08_gcp_taxi to None, run_after=None
[2026-06-16T13:06:35.938+0000] {processor.py:183} INFO - Processing /opt/airflow/dags/dag_08_gcp_taxi.py took 0.120 seconds
[2026-06-16T13:07:06.022+0000] {processor.py:161} INFO - Started process (PID=4038) to work on /opt/airflow/dags/dag_08_gcp_taxi.py
[2026-06-16T13:07:06.024+0000] {processor.py:830} INFO - Processing file /opt/airflow/dags/dag_08_gcp_taxi.py for tasks to queue
[2026-06-16T13:07:06.026+0000] {logging_mixin.py:188} INFO - [2026-06-16T13:07:06.026+0000] {dagbag.py:545} INFO - Filling up the DagBag from /opt/airflow/dags/dag_08_gcp_taxi.py
[2026-06-16T13:07:06.038+0000] {processor.py:840} INFO - DAG(s) '08_gcp_taxi' retrieved from /opt/airflow/dags/dag_08_gcp_taxi.py
[2026-06-16T13:07:06.093+0000] {logging_mixin.py:188} INFO - [2026-06-16T13:07:06.092+0000] {dag.py:3089} INFO - Sync 1 DAGs
[2026-06-16T13:07:06.109+0000] {logging_mixin.py:188} INFO - [2026-06-16T13:07:06.108+0000] {dag.py:3947} INFO - Setting next_dagrun for 08_gcp_taxi to None, run_after=None
[2026-06-16T13:07:06.133+0000] {processor.py:183} INFO - Processing /opt/airflow/dags/dag_08_gcp_taxi.py took 0.119 seconds
[2026-06-16T13:07:36.207+0000] {processor.py:161} INFO - Started process (PID=4078) to work on /opt/airflow/dags/dag_08_gcp_taxi.py
[2026-06-16T13:07:36.218+0000] {processor.py:830} INFO - Processing file /opt/airflow/dags/dag_08_gcp_taxi.py for tasks to queue
[2026-06-16T13:07:36.220+0000] {logging_mixin.py:188} INFO - [2026-06-16T13:07:36.220+0000] {dagbag.py:545} INFO - Filling up the DagBag from /opt/airflow/dags/dag_08_gcp_taxi.py
[2026-06-16T13:07:36.231+0000] {processor.py:840} INFO - DAG(s) '08_gcp_taxi' retrieved from /opt/airflow/dags/dag_08_gcp_taxi.py
[2026-06-16T13:07:36.285+0000] {logging_mixin.py:188} INFO - [2026-06-16T13:07:36.284+0000] {dag.py:3089} INFO - Sync 1 DAGs
[2026-06-16T13:07:36.300+0000] {logging_mixin.py:188} INFO - [2026-06-16T13:07:36.299+0000] {dag.py:3947} INFO - Setting next_dagrun for 08_gcp_taxi to None, run_after=None
[2026-06-16T13:07:36.325+0000] {processor.py:183} INFO - Processing /opt/airflow/dags/dag_08_gcp_taxi.py took 0.126 seconds
[2026-06-16T13:08:06.468+0000] {processor.py:161} INFO - Started process (PID=4118) to work on /opt/airflow/dags/dag_08_gcp_taxi.py
[2026-06-16T13:08:06.478+0000] {processor.py:830} INFO - Processing file /opt/airflow/dags/dag_08_gcp_taxi.py for tasks to queue
[2026-06-16T13:08:06.480+0000] {logging_mixin.py:188} INFO - [2026-06-16T13:08:06.480+0000] {dagbag.py:545} INFO - Filling up the DagBag from /opt/airflow/dags/dag_08_gcp_taxi.py
[2026-06-16T13:08:06.492+0000] {processor.py:840} INFO - DAG(s) '08_gcp_taxi' retrieved from /opt/airflow/dags/dag_08_gcp_taxi.py
[2026-06-16T13:08:06.545+0000] {logging_mixin.py:188} INFO - [2026-06-16T13:08:06.544+0000] {dag.py:3089} INFO - Sync 1 DAGs
[2026-06-16T13:08:06.559+0000] {logging_mixin.py:188} INFO - [2026-06-16T13:08:06.559+0000] {dag.py:3947} INFO - Setting next_dagrun for 08_gcp_taxi to None, run_after=None
[2026-06-16T13:08:06.581+0000] {processor.py:183} INFO - Processing /opt/airflow/dags/dag_08_gcp_taxi.py took 0.121 seconds
[2026-06-16T13:08:36.662+0000] {processor.py:161} INFO - Started process (PID=4158) to work on /opt/airflow/dags/dag_08_gcp_taxi.py
[2026-06-16T13:08:36.663+0000] {processor.py:830} INFO - Processing file /opt/airflow/dags/dag_08_gcp_taxi.py for tasks to queue
[2026-06-16T13:08:36.665+0000] {logging_mixin.py:188} INFO - [2026-06-16T13:08:36.665+0000] {dagbag.py:545} INFO - Filling up the DagBag from /opt/airflow/dags/dag_08_gcp_taxi.py
[2026-06-16T13:08:36.676+0000] {processor.py:840} INFO - DAG(s) '08_gcp_taxi' retrieved from /opt/airflow/dags/dag_08_gcp_taxi.py
[2026-06-16T13:08:36.729+0000] {logging_mixin.py:188} INFO - [2026-06-16T13:08:36.729+0000] {dag.py:3089} INFO - Sync 1 DAGs
[2026-06-16T13:08:36.744+0000] {logging_mixin.py:188} INFO - [2026-06-16T13:08:36.744+0000] {dag.py:3947} INFO - Setting next_dagrun for 08_gcp_taxi to None, run_after=None
[2026-06-16T13:08:36.769+0000] {processor.py:183} INFO - Processing /opt/airflow/dags/dag_08_gcp_taxi.py took 0.114 seconds
[2026-06-16T13:09:06.823+0000] {processor.py:161} INFO - Started process (PID=4198) to work on /opt/airflow/dags/dag_08_gcp_taxi.py
[2026-06-16T13:09:06.824+0000] {processor.py:830} INFO - Processing file /opt/airflow/dags/dag_08_gcp_taxi.py for tasks to queue
[2026-06-16T13:09:06.826+0000] {logging_mixin.py:188} INFO - [2026-06-16T13:09:06.826+0000] {dagbag.py:545} INFO - Filling up the DagBag from /opt/airflow/dags/dag_08_gcp_taxi.py
[2026-06-16T13:09:06.839+0000] {processor.py:840} INFO - DAG(s) '08_gcp_taxi' retrieved from /opt/airflow/dags/dag_08_gcp_taxi.py
[2026-06-16T13:09:06.892+0000] {logging_mixin.py:188} INFO - [2026-06-16T13:09:06.892+0000] {dag.py:3089} INFO - Sync 1 DAGs
[2026-06-16T13:09:06.908+0000] {logging_mixin.py:188} INFO - [2026-06-16T13:09:06.908+0000] {dag.py:3947} INFO - Setting next_dagrun for 08_gcp_taxi to None, run_after=None
[2026-06-16T13:09:06.934+0000] {processor.py:183} INFO - Processing /opt/airflow/dags/dag_08_gcp_taxi.py took 0.118 seconds
[2026-06-16T13:09:36.989+0000] {processor.py:161} INFO - Started process (PID=4238) to work on /opt/airflow/dags/dag_08_gcp_taxi.py
[2026-06-16T13:09:36.990+0000] {processor.py:830} INFO - Processing file /opt/airflow/dags/dag_08_gcp_taxi.py for tasks to queue
[2026-06-16T13:09:36.992+0000] {logging_mixin.py:188} INFO - [2026-06-16T13:09:36.992+0000] {dagbag.py:545} INFO - Filling up the DagBag from /opt/airflow/dags/dag_08_gcp_taxi.py
[2026-06-16T13:09:37.004+0000] {processor.py:840} INFO - DAG(s) '08_gcp_taxi' retrieved from /opt/airflow/dags/dag_08_gcp_taxi.py
[2026-06-16T13:09:37.059+0000] {logging_mixin.py:188} INFO - [2026-06-16T13:09:37.059+0000] {dag.py:3089} INFO - Sync 1 DAGs
[2026-06-16T13:09:37.076+0000] {logging_mixin.py:188} INFO - [2026-06-16T13:09:37.076+0000] {dag.py:3947} INFO - Setting next_dagrun for 08_gcp_taxi to None, run_after=None
[2026-06-16T13:09:37.103+0000] {processor.py:183} INFO - Processing /opt/airflow/dags/dag_08_gcp_taxi.py took 0.123 seconds
[2026-06-16T13:10:07.153+0000] {processor.py:161} INFO - Started process (PID=4278) to work on /opt/airflow/dags/dag_08_gcp_taxi.py
[2026-06-16T13:10:07.163+0000] {processor.py:830} INFO - Processing file /opt/airflow/dags/dag_08_gcp_taxi.py for tasks to queue
[2026-06-16T13:10:07.165+0000] {logging_mixin.py:188} INFO - [2026-06-16T13:10:07.165+0000] {dagbag.py:545} INFO - Filling up the DagBag from /opt/airflow/dags/dag_08_gcp_taxi.py
[2026-06-16T13:10:07.177+0000] {processor.py:840} INFO - DAG(s) '08_gcp_taxi' retrieved from /opt/airflow/dags/dag_08_gcp_taxi.py
[2026-06-16T13:10:07.246+0000] {logging_mixin.py:188} INFO - [2026-06-16T13:10:07.246+0000] {dag.py:3089} INFO - Sync 1 DAGs
[2026-06-16T13:10:07.263+0000] {logging_mixin.py:188} INFO - [2026-06-16T13:10:07.262+0000] {dag.py:3947} INFO - Setting next_dagrun for 08_gcp_taxi to None, run_after=None
[2026-06-16T13:10:07.286+0000] {processor.py:183} INFO - Processing /opt/airflow/dags/dag_08_gcp_taxi.py took 0.141 seconds
[2026-06-16T13:10:37.323+0000] {processor.py:161} INFO - Started process (PID=4318) to work on /opt/airflow/dags/dag_08_gcp_taxi.py
[2026-06-16T13:10:37.324+0000] {processor.py:830} INFO - Processing file /opt/airflow/dags/dag_08_gcp_taxi.py for tasks to queue
[2026-06-16T13:10:37.326+0000] {logging_mixin.py:188} INFO - [2026-06-16T13:10:37.326+0000] {dagbag.py:545} INFO - Filling up the DagBag from /opt/airflow/dags/dag_08_gcp_taxi.py
[2026-06-16T13:10:37.337+0000] {processor.py:840} INFO - DAG(s) '08_gcp_taxi' retrieved from /opt/airflow/dags/dag_08_gcp_taxi.py
[2026-06-16T13:10:37.390+0000] {logging_mixin.py:188} INFO - [2026-06-16T13:10:37.389+0000] {dag.py:3089} INFO - Sync 1 DAGs
[2026-06-16T13:10:37.405+0000] {logging_mixin.py:188} INFO - [2026-06-16T13:10:37.405+0000] {dag.py:3947} INFO - Setting next_dagrun for 08_gcp_taxi to None, run_after=None
[2026-06-16T13:10:37.430+0000] {processor.py:183} INFO - Processing /opt/airflow/dags/dag_08_gcp_taxi.py took 0.115 seconds
[2026-06-16T13:11:07.501+0000] {processor.py:161} INFO - Started process (PID=4358) to work on /opt/airflow/dags/dag_08_gcp_taxi.py
[2026-06-16T13:11:07.504+0000] {processor.py:830} INFO - Processing file /opt/airflow/dags/dag_08_gcp_taxi.py for tasks to queue
[2026-06-16T13:11:07.506+0000] {logging_mixin.py:188} INFO - [2026-06-16T13:11:07.505+0000] {dagbag.py:545} INFO - Filling up the DagBag from /opt/airflow/dags/dag_08_gcp_taxi.py
[2026-06-16T13:11:07.517+0000] {processor.py:840} INFO - DAG(s) '08_gcp_taxi' retrieved from /opt/airflow/dags/dag_08_gcp_taxi.py
[2026-06-16T13:11:07.571+0000] {logging_mixin.py:188} INFO - [2026-06-16T13:11:07.571+0000] {dag.py:3089} INFO - Sync 1 DAGs
[2026-06-16T13:11:07.587+0000] {logging_mixin.py:188} INFO - [2026-06-16T13:11:07.586+0000] {dag.py:3947} INFO - Setting next_dagrun for 08_gcp_taxi to None, run_after=None
[2026-06-16T13:11:07.610+0000] {processor.py:183} INFO - Processing /opt/airflow/dags/dag_08_gcp_taxi.py took 0.116 seconds
[2026-06-16T13:11:37.645+0000] {processor.py:161} INFO - Started process (PID=4398) to work on /opt/airflow/dags/dag_08_gcp_taxi.py
[2026-06-16T13:11:37.646+0000] {processor.py:830} INFO - Processing file /opt/airflow/dags/dag_08_gcp_taxi.py for tasks to queue
[2026-06-16T13:11:37.649+0000] {logging_mixin.py:188} INFO - [2026-06-16T13:11:37.648+0000] {dagbag.py:545} INFO - Filling up the DagBag from /opt/airflow/dags/dag_08_gcp_taxi.py
[2026-06-16T13:11:37.660+0000] {processor.py:840} INFO - DAG(s) '08_gcp_taxi' retrieved from /opt/airflow/dags/dag_08_gcp_taxi.py
[2026-06-16T13:11:37.713+0000] {logging_mixin.py:188} INFO - [2026-06-16T13:11:37.713+0000] {dag.py:3089} INFO - Sync 1 DAGs
[2026-06-16T13:11:37.731+0000] {logging_mixin.py:188} INFO - [2026-06-16T13:11:37.731+0000] {dag.py:3947} INFO - Setting next_dagrun for 08_gcp_taxi to None, run_after=None
[2026-06-16T13:11:37.754+0000] {processor.py:183} INFO - Processing /opt/airflow/dags/dag_08_gcp_taxi.py took 0.117 seconds
[2026-06-16T13:12:07.863+0000] {processor.py:161} INFO - Started process (PID=4438) to work on /opt/airflow/dags/dag_08_gcp_taxi.py
[2026-06-16T13:12:07.874+0000] {processor.py:830} INFO - Processing file /opt/airflow/dags/dag_08_gcp_taxi.py for tasks to queue
[2026-06-16T13:12:07.876+0000] {logging_mixin.py:188} INFO - [2026-06-16T13:12:07.875+0000] {dagbag.py:545} INFO - Filling up the DagBag from /opt/airflow/dags/dag_08_gcp_taxi.py
[2026-06-16T13:12:07.887+0000] {processor.py:840} INFO - DAG(s) '08_gcp_taxi' retrieved from /opt/airflow/dags/dag_08_gcp_taxi.py
[2026-06-16T13:12:07.946+0000] {logging_mixin.py:188} INFO - [2026-06-16T13:12:07.946+0000] {dag.py:3089} INFO - Sync 1 DAGs
[2026-06-16T13:12:07.964+0000] {logging_mixin.py:188} INFO - [2026-06-16T13:12:07.964+0000] {dag.py:3947} INFO - Setting next_dagrun for 08_gcp_taxi to None, run_after=None
[2026-06-16T13:12:07.990+0000] {processor.py:183} INFO - Processing /opt/airflow/dags/dag_08_gcp_taxi.py took 0.134 seconds
[2026-06-16T13:12:38.033+0000] {processor.py:161} INFO - Started process (PID=4478) to work on /opt/airflow/dags/dag_08_gcp_taxi.py
[2026-06-16T13:12:38.035+0000] {processor.py:830} INFO - Processing file /opt/airflow/dags/dag_08_gcp_taxi.py for tasks to queue
[2026-06-16T13:12:38.037+0000] {logging_mixin.py:188} INFO - [2026-06-16T13:12:38.036+0000] {dagbag.py:545} INFO - Filling up the DagBag from /opt/airflow/dags/dag_08_gcp_taxi.py
[2026-06-16T13:12:38.049+0000] {processor.py:840} INFO - DAG(s) '08_gcp_taxi' retrieved from /opt/airflow/dags/dag_08_gcp_taxi.py
[2026-06-16T13:12:38.106+0000] {logging_mixin.py:188} INFO - [2026-06-16T13:12:38.105+0000] {dag.py:3089} INFO - Sync 1 DAGs
[2026-06-16T13:12:38.123+0000] {logging_mixin.py:188} INFO - [2026-06-16T13:12:38.122+0000] {dag.py:3947} INFO - Setting next_dagrun for 08_gcp_taxi to None, run_after=None
[2026-06-16T13:12:38.148+0000] {processor.py:183} INFO - Processing /opt/airflow/dags/dag_08_gcp_taxi.py took 0.123 seconds
[2026-06-16T13:13:08.219+0000] {processor.py:161} INFO - Started process (PID=4518) to work on /opt/airflow/dags/dag_08_gcp_taxi.py
[2026-06-16T13:13:08.229+0000] {processor.py:830} INFO - Processing file /opt/airflow/dags/dag_08_gcp_taxi.py for tasks to queue
[2026-06-16T13:13:08.231+0000] {logging_mixin.py:188} INFO - [2026-06-16T13:13:08.230+0000] {dagbag.py:545} INFO - Filling up the DagBag from /opt/airflow/dags/dag_08_gcp_taxi.py
[2026-06-16T13:13:08.243+0000] {processor.py:840} INFO - DAG(s) '08_gcp_taxi' retrieved from /opt/airflow/dags/dag_08_gcp_taxi.py
[2026-06-16T13:13:08.301+0000] {logging_mixin.py:188} INFO - [2026-06-16T13:13:08.300+0000] {dag.py:3089} INFO - Sync 1 DAGs
[2026-06-16T13:13:08.317+0000] {logging_mixin.py:188} INFO - [2026-06-16T13:13:08.316+0000] {dag.py:3947} INFO - Setting next_dagrun for 08_gcp_taxi to None, run_after=None
[2026-06-16T13:13:08.343+0000] {processor.py:183} INFO - Processing /opt/airflow/dags/dag_08_gcp_taxi.py took 0.132 seconds
[2026-06-16T13:13:38.414+0000] {processor.py:161} INFO - Started process (PID=4558) to work on /opt/airflow/dags/dag_08_gcp_taxi.py
[2026-06-16T13:13:38.414+0000] {processor.py:830} INFO - Processing file /opt/airflow/dags/dag_08_gcp_taxi.py for tasks to queue
[2026-06-16T13:13:38.416+0000] {logging_mixin.py:188} INFO - [2026-06-16T13:13:38.416+0000] {dagbag.py:545} INFO - Filling up the DagBag from /opt/airflow/dags/dag_08_gcp_taxi.py
[2026-06-16T13:13:38.427+0000] {processor.py:840} INFO - DAG(s) '08_gcp_taxi' retrieved from /opt/airflow/dags/dag_08_gcp_taxi.py
[2026-06-16T13:13:38.482+0000] {logging_mixin.py:188} INFO - [2026-06-16T13:13:38.482+0000] {dag.py:3089} INFO - Sync 1 DAGs
[2026-06-16T13:13:38.498+0000] {logging_mixin.py:188} INFO - [2026-06-16T13:13:38.498+0000] {dag.py:3947} INFO - Setting next_dagrun for 08_gcp_taxi to None, run_after=None
[2026-06-16T13:13:38.520+0000] {processor.py:183} INFO - Processing /opt/airflow/dags/dag_08_gcp_taxi.py took 0.113 seconds
[2026-06-16T13:14:08.601+0000] {processor.py:161} INFO - Started process (PID=4598) to work on /opt/airflow/dags/dag_08_gcp_taxi.py
[2026-06-16T13:14:08.603+0000] {processor.py:830} INFO - Processing file /opt/airflow/dags/dag_08_gcp_taxi.py for tasks to queue
[2026-06-16T13:14:08.605+0000] {logging_mixin.py:188} INFO - [2026-06-16T13:14:08.605+0000] {dagbag.py:545} INFO - Filling up the DagBag from /opt/airflow/dags/dag_08_gcp_taxi.py
[2026-06-16T13:14:08.617+0000] {processor.py:840} INFO - DAG(s) '08_gcp_taxi' retrieved from /opt/airflow/dags/dag_08_gcp_taxi.py
[2026-06-16T13:14:08.675+0000] {logging_mixin.py:188} INFO - [2026-06-16T13:14:08.674+0000] {dag.py:3089} INFO - Sync 1 DAGs
[2026-06-16T13:14:08.691+0000] {logging_mixin.py:188} INFO - [2026-06-16T13:14:08.690+0000] {dag.py:3947} INFO - Setting next_dagrun for 08_gcp_taxi to None, run_after=None
[2026-06-16T13:14:08.713+0000] {processor.py:183} INFO - Processing /opt/airflow/dags/dag_08_gcp_taxi.py took 0.119 seconds
[2026-06-16T13:14:38.786+0000] {processor.py:161} INFO - Started process (PID=4638) to work on /opt/airflow/dags/dag_08_gcp_taxi.py
[2026-06-16T13:14:38.787+0000] {processor.py:830} INFO - Processing file /opt/airflow/dags/dag_08_gcp_taxi.py for tasks to queue
[2026-06-16T13:14:38.789+0000] {logging_mixin.py:188} INFO - [2026-06-16T13:14:38.789+0000] {dagbag.py:545} INFO - Filling up the DagBag from /opt/airflow/dags/dag_08_gcp_taxi.py
[2026-06-16T13:14:38.802+0000] {processor.py:840} INFO - DAG(s) '08_gcp_taxi' retrieved from /opt/airflow/dags/dag_08_gcp_taxi.py
[2026-06-16T13:14:38.857+0000] {logging_mixin.py:188} INFO - [2026-06-16T13:14:38.857+0000] {dag.py:3089} INFO - Sync 1 DAGs
[2026-06-16T13:14:38.873+0000] {logging_mixin.py:188} INFO - [2026-06-16T13:14:38.873+0000] {dag.py:3947} INFO - Setting next_dagrun for 08_gcp_taxi to None, run_after=None
[2026-06-16T13:14:38.897+0000] {processor.py:183} INFO - Processing /opt/airflow/dags/dag_08_gcp_taxi.py took 0.118 seconds
[2026-06-16T13:15:08.977+0000] {processor.py:161} INFO - Started process (PID=4678) to work on /opt/airflow/dags/dag_08_gcp_taxi.py
[2026-06-16T13:15:08.979+0000] {processor.py:830} INFO - Processing file /opt/airflow/dags/dag_08_gcp_taxi.py for tasks to queue
[2026-06-16T13:15:08.982+0000] {logging_mixin.py:188} INFO - [2026-06-16T13:15:08.981+0000] {dagbag.py:545} INFO - Filling up the DagBag from /opt/airflow/dags/dag_08_gcp_taxi.py
[2026-06-16T13:15:08.996+0000] {processor.py:840} INFO - DAG(s) '08_gcp_taxi' retrieved from /opt/airflow/dags/dag_08_gcp_taxi.py
[2026-06-16T13:15:09.050+0000] {logging_mixin.py:188} INFO - [2026-06-16T13:15:09.050+0000] {dag.py:3089} INFO - Sync 1 DAGs
[2026-06-16T13:15:09.066+0000] {logging_mixin.py:188} INFO - [2026-06-16T13:15:09.066+0000] {dag.py:3947} INFO - Setting next_dagrun for 08_gcp_taxi to None, run_after=None
[2026-06-16T13:15:09.091+0000] {processor.py:183} INFO - Processing /opt/airflow/dags/dag_08_gcp_taxi.py took 0.121 seconds
[2026-06-16T13:15:39.142+0000] {processor.py:161} INFO - Started process (PID=4718) to work on /opt/airflow/dags/dag_08_gcp_taxi.py
[2026-06-16T13:15:39.143+0000] {processor.py:830} INFO - Processing file /opt/airflow/dags/dag_08_gcp_taxi.py for tasks to queue
[2026-06-16T13:15:39.144+0000] {logging_mixin.py:188} INFO - [2026-06-16T13:15:39.144+0000] {dagbag.py:545} INFO - Filling up the DagBag from /opt/airflow/dags/dag_08_gcp_taxi.py
[2026-06-16T13:15:39.156+0000] {processor.py:840} INFO - DAG(s) '08_gcp_taxi' retrieved from /opt/airflow/dags/dag_08_gcp_taxi.py
[2026-06-16T13:15:39.217+0000] {logging_mixin.py:188} INFO - [2026-06-16T13:15:39.217+0000] {dag.py:3089} INFO - Sync 1 DAGs
[2026-06-16T13:15:39.234+0000] {logging_mixin.py:188} INFO - [2026-06-16T13:15:39.234+0000] {dag.py:3947} INFO - Setting next_dagrun for 08_gcp_taxi to None, run_after=None
[2026-06-16T13:15:39.256+0000] {processor.py:183} INFO - Processing /opt/airflow/dags/dag_08_gcp_taxi.py took 0.121 seconds
[2026-06-16T13:16:09.345+0000] {processor.py:161} INFO - Started process (PID=4758) to work on /opt/airflow/dags/dag_08_gcp_taxi.py
[2026-06-16T13:16:09.355+0000] {processor.py:830} INFO - Processing file /opt/airflow/dags/dag_08_gcp_taxi.py for tasks to queue
[2026-06-16T13:16:09.357+0000] {logging_mixin.py:188} INFO - [2026-06-16T13:16:09.357+0000] {dagbag.py:545} INFO - Filling up the DagBag from /opt/airflow/dags/dag_08_gcp_taxi.py
[2026-06-16T13:16:09.368+0000] {processor.py:840} INFO - DAG(s) '08_gcp_taxi' retrieved from /opt/airflow/dags/dag_08_gcp_taxi.py
[2026-06-16T13:16:09.425+0000] {logging_mixin.py:188} INFO - [2026-06-16T13:16:09.425+0000] {dag.py:3089} INFO - Sync 1 DAGs
[2026-06-16T13:16:09.441+0000] {logging_mixin.py:188} INFO - [2026-06-16T13:16:09.441+0000] {dag.py:3947} INFO - Setting next_dagrun for 08_gcp_taxi to None, run_after=None
[2026-06-16T13:16:09.464+0000] {processor.py:183} INFO - Processing /opt/airflow/dags/dag_08_gcp_taxi.py took 0.126 seconds
[2026-06-16T13:16:39.514+0000] {processor.py:161} INFO - Started process (PID=4798) to work on /opt/airflow/dags/dag_08_gcp_taxi.py
[2026-06-16T13:16:39.515+0000] {processor.py:830} INFO - Processing file /opt/airflow/dags/dag_08_gcp_taxi.py for tasks to queue
[2026-06-16T13:16:39.517+0000] {logging_mixin.py:188} INFO - [2026-06-16T13:16:39.516+0000] {dagbag.py:545} INFO - Filling up the DagBag from /opt/airflow/dags/dag_08_gcp_taxi.py
[2026-06-16T13:16:39.528+0000] {processor.py:840} INFO - DAG(s) '08_gcp_taxi' retrieved from /opt/airflow/dags/dag_08_gcp_taxi.py
[2026-06-16T13:16:39.584+0000] {logging_mixin.py:188} INFO - [2026-06-16T13:16:39.584+0000] {dag.py:3089} INFO - Sync 1 DAGs
[2026-06-16T13:16:39.600+0000] {logging_mixin.py:188} INFO - [2026-06-16T13:16:39.600+0000] {dag.py:3947} INFO - Setting next_dagrun for 08_gcp_taxi to None, run_after=None
[2026-06-16T13:16:39.625+0000] {processor.py:183} INFO - Processing /opt/airflow/dags/dag_08_gcp_taxi.py took 0.118 seconds
[2026-06-16T13:17:09.688+0000] {processor.py:161} INFO - Started process (PID=4838) to work on /opt/airflow/dags/dag_08_gcp_taxi.py
[2026-06-16T13:17:09.699+0000] {processor.py:830} INFO - Processing file /opt/airflow/dags/dag_08_gcp_taxi.py for tasks to queue
[2026-06-16T13:17:09.701+0000] {logging_mixin.py:188} INFO - [2026-06-16T13:17:09.700+0000] {dagbag.py:545} INFO - Filling up the DagBag from /opt/airflow/dags/dag_08_gcp_taxi.py
[2026-06-16T13:17:09.713+0000] {processor.py:840} INFO - DAG(s) '08_gcp_taxi' retrieved from /opt/airflow/dags/dag_08_gcp_taxi.py
[2026-06-16T13:17:09.770+0000] {logging_mixin.py:188} INFO - [2026-06-16T13:17:09.769+0000] {dag.py:3089} INFO - Sync 1 DAGs
[2026-06-16T13:17:09.787+0000] {logging_mixin.py:188} INFO - [2026-06-16T13:17:09.786+0000] {dag.py:3947} INFO - Setting next_dagrun for 08_gcp_taxi to None, run_after=None
[2026-06-16T13:17:09.812+0000] {processor.py:183} INFO - Processing /opt/airflow/dags/dag_08_gcp_taxi.py took 0.131 seconds
[2026-06-16T13:17:40.583+0000] {processor.py:161} INFO - Started process (PID=4878) to work on /opt/airflow/dags/dag_08_gcp_taxi.py
[2026-06-16T13:17:40.584+0000] {processor.py:830} INFO - Processing file /opt/airflow/dags/dag_08_gcp_taxi.py for tasks to queue
[2026-06-16T13:17:40.586+0000] {logging_mixin.py:188} INFO - [2026-06-16T13:17:40.586+0000] {dagbag.py:545} INFO - Filling up the DagBag from /opt/airflow/dags/dag_08_gcp_taxi.py
[2026-06-16T13:17:39.887+0000] {processor.py:840} INFO - DAG(s) '08_gcp_taxi' retrieved from /opt/airflow/dags/dag_08_gcp_taxi.py
[2026-06-16T13:17:39.944+0000] {logging_mixin.py:188} INFO - [2026-06-16T13:17:39.944+0000] {dag.py:3089} INFO - Sync 1 DAGs
[2026-06-16T13:17:39.960+0000] {logging_mixin.py:188} INFO - [2026-06-16T13:17:39.960+0000] {dag.py:3947} INFO - Setting next_dagrun for 08_gcp_taxi to None, run_after=None
[2026-06-16T13:17:39.983+0000] {processor.py:183} INFO - Processing /opt/airflow/dags/dag_08_gcp_taxi.py took 0.119 seconds
[2026-06-16T13:18:10.813+0000] {processor.py:161} INFO - Started process (PID=4918) to work on /opt/airflow/dags/dag_08_gcp_taxi.py
[2026-06-16T13:18:10.814+0000] {processor.py:830} INFO - Processing file /opt/airflow/dags/dag_08_gcp_taxi.py for tasks to queue
[2026-06-16T13:18:10.816+0000] {logging_mixin.py:188} INFO - [2026-06-16T13:18:10.816+0000] {dagbag.py:545} INFO - Filling up the DagBag from /opt/airflow/dags/dag_08_gcp_taxi.py
[2026-06-16T13:18:10.827+0000] {processor.py:840} INFO - DAG(s) '08_gcp_taxi' retrieved from /opt/airflow/dags/dag_08_gcp_taxi.py
[2026-06-16T13:18:10.880+0000] {logging_mixin.py:188} INFO - [2026-06-16T13:18:10.880+0000] {dag.py:3089} INFO - Sync 1 DAGs
[2026-06-16T13:18:10.895+0000] {logging_mixin.py:188} INFO - [2026-06-16T13:18:10.895+0000] {dag.py:3947} INFO - Setting next_dagrun for 08_gcp_taxi to None, run_after=None
[2026-06-16T13:18:10.920+0000] {processor.py:183} INFO - Processing /opt/airflow/dags/dag_08_gcp_taxi.py took 0.115 seconds
[2026-06-16T13:18:40.979+0000] {processor.py:161} INFO - Started process (PID=4958) to work on /opt/airflow/dags/dag_08_gcp_taxi.py
[2026-06-16T13:18:40.980+0000] {processor.py:830} INFO - Processing file /opt/airflow/dags/dag_08_gcp_taxi.py for tasks to queue
[2026-06-16T13:18:40.982+0000] {logging_mixin.py:188} INFO - [2026-06-16T13:18:40.981+0000] {dagbag.py:545} INFO - Filling up the DagBag from /opt/airflow/dags/dag_08_gcp_taxi.py
[2026-06-16T13:18:40.993+0000] {processor.py:840} INFO - DAG(s) '08_gcp_taxi' retrieved from /opt/airflow/dags/dag_08_gcp_taxi.py
[2026-06-16T13:18:41.045+0000] {logging_mixin.py:188} INFO - [2026-06-16T13:18:41.045+0000] {dag.py:3089} INFO - Sync 1 DAGs
[2026-06-16T13:18:41.060+0000] {logging_mixin.py:188} INFO - [2026-06-16T13:18:41.060+0000] {dag.py:3947} INFO - Setting next_dagrun for 08_gcp_taxi to None, run_after=None
[2026-06-16T13:18:41.083+0000] {processor.py:183} INFO - Processing /opt/airflow/dags/dag_08_gcp_taxi.py took 0.112 seconds
[2026-06-16T13:19:11.886+0000] {processor.py:161} INFO - Started process (PID=4998) to work on /opt/airflow/dags/dag_08_gcp_taxi.py
[2026-06-16T13:19:11.889+0000] {processor.py:830} INFO - Processing file /opt/airflow/dags/dag_08_gcp_taxi.py for tasks to queue
[2026-06-16T13:19:11.891+0000] {logging_mixin.py:188} INFO - [2026-06-16T13:19:11.891+0000] {dagbag.py:545} INFO - Filling up the DagBag from /opt/airflow/dags/dag_08_gcp_taxi.py
[2026-06-16T13:19:11.904+0000] {processor.py:840} INFO - DAG(s) '08_gcp_taxi' retrieved from /opt/airflow/dags/dag_08_gcp_taxi.py
[2026-06-16T13:19:11.967+0000] {logging_mixin.py:188} INFO - [2026-06-16T13:19:11.967+0000] {dag.py:3089} INFO - Sync 1 DAGs
[2026-06-16T13:19:11.982+0000] {logging_mixin.py:188} INFO - [2026-06-16T13:19:11.982+0000] {dag.py:3947} INFO - Setting next_dagrun for 08_gcp_taxi to None, run_after=None
[2026-06-16T13:19:12.007+0000] {processor.py:183} INFO - Processing /opt/airflow/dags/dag_08_gcp_taxi.py took 0.130 seconds
[2026-06-16T13:19:42.048+0000] {processor.py:161} INFO - Started process (PID=5038) to work on /opt/airflow/dags/dag_08_gcp_taxi.py
[2026-06-16T13:19:42.060+0000] {processor.py:830} INFO - Processing file /opt/airflow/dags/dag_08_gcp_taxi.py for tasks to queue
[2026-06-16T13:19:42.063+0000] {logging_mixin.py:188} INFO - [2026-06-16T13:19:42.062+0000] {dagbag.py:545} INFO - Filling up the DagBag from /opt/airflow/dags/dag_08_gcp_taxi.py
[2026-06-16T13:19:42.077+0000] {processor.py:840} INFO - DAG(s) '08_gcp_taxi' retrieved from /opt/airflow/dags/dag_08_gcp_taxi.py
[2026-06-16T13:19:42.135+0000] {logging_mixin.py:188} INFO - [2026-06-16T13:19:42.135+0000] {dag.py:3089} INFO - Sync 1 DAGs
[2026-06-16T13:19:42.152+0000] {logging_mixin.py:188} INFO - [2026-06-16T13:19:42.152+0000] {dag.py:3947} INFO - Setting next_dagrun for 08_gcp_taxi to None, run_after=None
[2026-06-16T13:19:42.175+0000] {processor.py:183} INFO - Processing /opt/airflow/dags/dag_08_gcp_taxi.py took 0.134 seconds
[2026-06-16T13:20:13.002+0000] {processor.py:161} INFO - Started process (PID=5078) to work on /opt/airflow/dags/dag_08_gcp_taxi.py
[2026-06-16T13:20:13.004+0000] {processor.py:830} INFO - Processing file /opt/airflow/dags/dag_08_gcp_taxi.py for tasks to queue
[2026-06-16T13:20:13.006+0000] {logging_mixin.py:188} INFO - [2026-06-16T13:20:13.006+0000] {dagbag.py:545} INFO - Filling up the DagBag from /opt/airflow/dags/dag_08_gcp_taxi.py
[2026-06-16T13:20:13.020+0000] {processor.py:840} INFO - DAG(s) '08_gcp_taxi' retrieved from /opt/airflow/dags/dag_08_gcp_taxi.py
[2026-06-16T13:20:13.077+0000] {logging_mixin.py:188} INFO - [2026-06-16T13:20:13.077+0000] {dag.py:3089} INFO - Sync 1 DAGs
[2026-06-16T13:20:13.091+0000] {logging_mixin.py:188} INFO - [2026-06-16T13:20:13.091+0000] {dag.py:3947} INFO - Setting next_dagrun for 08_gcp_taxi to None, run_after=None
[2026-06-16T13:20:13.114+0000] {processor.py:183} INFO - Processing /opt/airflow/dags/dag_08_gcp_taxi.py took 0.119 seconds
[2026-06-16T13:20:43.194+0000] {processor.py:161} INFO - Started process (PID=5118) to work on /opt/airflow/dags/dag_08_gcp_taxi.py
[2026-06-16T13:20:43.195+0000] {processor.py:830} INFO - Processing file /opt/airflow/dags/dag_08_gcp_taxi.py for tasks to queue
[2026-06-16T13:20:43.197+0000] {logging_mixin.py:188} INFO - [2026-06-16T13:20:43.197+0000] {dagbag.py:545} INFO - Filling up the DagBag from /opt/airflow/dags/dag_08_gcp_taxi.py
[2026-06-16T13:20:43.208+0000] {processor.py:840} INFO - DAG(s) '08_gcp_taxi' retrieved from /opt/airflow/dags/dag_08_gcp_taxi.py
[2026-06-16T13:20:43.270+0000] {logging_mixin.py:188} INFO - [2026-06-16T13:20:43.269+0000] {dag.py:3089} INFO - Sync 1 DAGs
[2026-06-16T13:20:43.284+0000] {logging_mixin.py:188} INFO - [2026-06-16T13:20:43.283+0000] {dag.py:3947} INFO - Setting next_dagrun for 08_gcp_taxi to None, run_after=None
[2026-06-16T13:20:43.306+0000] {processor.py:183} INFO - Processing /opt/airflow/dags/dag_08_gcp_taxi.py took 0.118 seconds
[2026-06-16T13:21:13.428+0000] {processor.py:161} INFO - Started process (PID=5158) to work on /opt/airflow/dags/dag_08_gcp_taxi.py
[2026-06-16T13:21:13.430+0000] {processor.py:830} INFO - Processing file /opt/airflow/dags/dag_08_gcp_taxi.py for tasks to queue
[2026-06-16T13:21:13.432+0000] {logging_mixin.py:188} INFO - [2026-06-16T13:21:13.431+0000] {dagbag.py:545} INFO - Filling up the DagBag from /opt/airflow/dags/dag_08_gcp_taxi.py
[2026-06-16T13:21:13.443+0000] {processor.py:840} INFO - DAG(s) '08_gcp_taxi' retrieved from /opt/airflow/dags/dag_08_gcp_taxi.py
[2026-06-16T13:21:13.504+0000] {logging_mixin.py:188} INFO - [2026-06-16T13:21:13.504+0000] {dag.py:3089} INFO - Sync 1 DAGs
[2026-06-16T13:21:13.521+0000] {logging_mixin.py:188} INFO - [2026-06-16T13:21:13.521+0000] {dag.py:3947} INFO - Setting next_dagrun for 08_gcp_taxi to None, run_after=None
[2026-06-16T13:21:13.547+0000] {processor.py:183} INFO - Processing /opt/airflow/dags/dag_08_gcp_taxi.py took 0.126 seconds
[2026-06-16T13:21:43.603+0000] {processor.py:161} INFO - Started process (PID=5198) to work on /opt/airflow/dags/dag_08_gcp_taxi.py
[2026-06-16T13:21:43.604+0000] {processor.py:830} INFO - Processing file /opt/airflow/dags/dag_08_gcp_taxi.py for tasks to queue
[2026-06-16T13:21:43.605+0000] {logging_mixin.py:188} INFO - [2026-06-16T13:21:43.605+0000] {dagbag.py:545} INFO - Filling up the DagBag from /opt/airflow/dags/dag_08_gcp_taxi.py
[2026-06-16T13:21:43.617+0000] {processor.py:840} INFO - DAG(s) '08_gcp_taxi' retrieved from /opt/airflow/dags/dag_08_gcp_taxi.py
[2026-06-16T13:21:43.684+0000] {logging_mixin.py:188} INFO - [2026-06-16T13:21:43.684+0000] {dag.py:3089} INFO - Sync 1 DAGs
[2026-06-16T13:21:43.702+0000] {logging_mixin.py:188} INFO - [2026-06-16T13:21:43.702+0000] {dag.py:3947} INFO - Setting next_dagrun for 08_gcp_taxi to None, run_after=None
[2026-06-16T13:21:43.728+0000] {processor.py:183} INFO - Processing /opt/airflow/dags/dag_08_gcp_taxi.py took 0.133 seconds
[2026-06-16T13:22:13.791+0000] {processor.py:161} INFO - Started process (PID=5238) to work on /opt/airflow/dags/dag_08_gcp_taxi.py
[2026-06-16T13:22:13.792+0000] {processor.py:830} INFO - Processing file /opt/airflow/dags/dag_08_gcp_taxi.py for tasks to queue
[2026-06-16T13:22:13.794+0000] {logging_mixin.py:188} INFO - [2026-06-16T13:22:13.794+0000] {dagbag.py:545} INFO - Filling up the DagBag from /opt/airflow/dags/dag_08_gcp_taxi.py
[2026-06-16T13:22:13.805+0000] {processor.py:840} INFO - DAG(s) '08_gcp_taxi' retrieved from /opt/airflow/dags/dag_08_gcp_taxi.py
[2026-06-16T13:22:13.858+0000] {logging_mixin.py:188} INFO - [2026-06-16T13:22:13.858+0000] {dag.py:3089} INFO - Sync 1 DAGs
[2026-06-16T13:22:13.876+0000] {logging_mixin.py:188} INFO - [2026-06-16T13:22:13.875+0000] {dag.py:3947} INFO - Setting next_dagrun for 08_gcp_taxi to None, run_after=None
[2026-06-16T13:22:13.899+0000] {processor.py:183} INFO - Processing /opt/airflow/dags/dag_08_gcp_taxi.py took 0.115 seconds
[2026-06-16T13:22:43.943+0000] {processor.py:161} INFO - Started process (PID=5276) to work on /opt/airflow/dags/dag_08_gcp_taxi.py
[2026-06-16T13:22:43.944+0000] {processor.py:830} INFO - Processing file /opt/airflow/dags/dag_08_gcp_taxi.py for tasks to queue
[2026-06-16T13:22:43.947+0000] {logging_mixin.py:188} INFO - [2026-06-16T13:22:43.946+0000] {dagbag.py:545} INFO - Filling up the DagBag from /opt/airflow/dags/dag_08_gcp_taxi.py
[2026-06-16T13:22:43.961+0000] {processor.py:840} INFO - DAG(s) '08_gcp_taxi' retrieved from /opt/airflow/dags/dag_08_gcp_taxi.py
[2026-06-16T13:22:44.025+0000] {logging_mixin.py:188} INFO - [2026-06-16T13:22:44.025+0000] {dag.py:3089} INFO - Sync 1 DAGs
[2026-06-16T13:22:44.040+0000] {logging_mixin.py:188} INFO - [2026-06-16T13:22:44.039+0000] {dag.py:3947} INFO - Setting next_dagrun for 08_gcp_taxi to None, run_after=None
[2026-06-16T13:22:44.063+0000] {processor.py:183} INFO - Processing /opt/airflow/dags/dag_08_gcp_taxi.py took 0.130 seconds
[2026-06-16T13:23:14.119+0000] {processor.py:161} INFO - Started process (PID=5313) to work on /opt/airflow/dags/dag_08_gcp_taxi.py
[2026-06-16T13:23:14.121+0000] {processor.py:830} INFO - Processing file /opt/airflow/dags/dag_08_gcp_taxi.py for tasks to queue
[2026-06-16T13:23:14.124+0000] {logging_mixin.py:188} INFO - [2026-06-16T13:23:14.124+0000] {dagbag.py:545} INFO - Filling up the DagBag from /opt/airflow/dags/dag_08_gcp_taxi.py
[2026-06-16T13:23:14.139+0000] {processor.py:840} INFO - DAG(s) '08_gcp_taxi' retrieved from /opt/airflow/dags/dag_08_gcp_taxi.py
[2026-06-16T13:23:14.202+0000] {logging_mixin.py:188} INFO - [2026-06-16T13:23:14.202+0000] {dag.py:3089} INFO - Sync 1 DAGs
[2026-06-16T13:23:14.220+0000] {logging_mixin.py:188} INFO - [2026-06-16T13:23:14.219+0000] {dag.py:3947} INFO - Setting next_dagrun for 08_gcp_taxi to None, run_after=None
[2026-06-16T13:23:14.245+0000] {processor.py:183} INFO - Processing /opt/airflow/dags/dag_08_gcp_taxi.py took 0.135 seconds
[2026-06-16T13:23:44.296+0000] {processor.py:161} INFO - Started process (PID=5353) to work on /opt/airflow/dags/dag_08_gcp_taxi.py
[2026-06-16T13:23:44.298+0000] {processor.py:830} INFO - Processing file /opt/airflow/dags/dag_08_gcp_taxi.py for tasks to queue
[2026-06-16T13:23:44.300+0000] {logging_mixin.py:188} INFO - [2026-06-16T13:23:44.300+0000] {dagbag.py:545} INFO - Filling up the DagBag from /opt/airflow/dags/dag_08_gcp_taxi.py
[2026-06-16T13:23:44.312+0000] {processor.py:840} INFO - DAG(s) '08_gcp_taxi' retrieved from /opt/airflow/dags/dag_08_gcp_taxi.py
[2026-06-16T13:23:44.374+0000] {logging_mixin.py:188} INFO - [2026-06-16T13:23:44.374+0000] {dag.py:3089} INFO - Sync 1 DAGs
[2026-06-16T13:23:44.396+0000] {logging_mixin.py:188} INFO - [2026-06-16T13:23:44.396+0000] {dag.py:3947} INFO - Setting next_dagrun for 08_gcp_taxi to None, run_after=None
[2026-06-16T13:23:44.421+0000] {processor.py:183} INFO - Processing /opt/airflow/dags/dag_08_gcp_taxi.py took 0.133 seconds
[2026-06-16T13:24:14.499+0000] {processor.py:161} INFO - Started process (PID=5393) to work on /opt/airflow/dags/dag_08_gcp_taxi.py
[2026-06-16T13:24:14.501+0000] {processor.py:830} INFO - Processing file /opt/airflow/dags/dag_08_gcp_taxi.py for tasks to queue
[2026-06-16T13:24:14.504+0000] {logging_mixin.py:188} INFO - [2026-06-16T13:24:14.504+0000] {dagbag.py:545} INFO - Filling up the DagBag from /opt/airflow/dags/dag_08_gcp_taxi.py
[2026-06-16T13:24:14.517+0000] {processor.py:840} INFO - DAG(s) '08_gcp_taxi' retrieved from /opt/airflow/dags/dag_08_gcp_taxi.py
[2026-06-16T13:24:14.574+0000] {logging_mixin.py:188} INFO - [2026-06-16T13:24:14.574+0000] {dag.py:3089} INFO - Sync 1 DAGs
[2026-06-16T13:24:14.590+0000] {logging_mixin.py:188} INFO - [2026-06-16T13:24:14.590+0000] {dag.py:3947} INFO - Setting next_dagrun for 08_gcp_taxi to None, run_after=None
[2026-06-16T13:24:14.615+0000] {processor.py:183} INFO - Processing /opt/airflow/dags/dag_08_gcp_taxi.py took 0.127 seconds
[2026-06-16T13:24:44.666+0000] {processor.py:161} INFO - Started process (PID=5433) to work on /opt/airflow/dags/dag_08_gcp_taxi.py
[2026-06-16T13:24:44.667+0000] {processor.py:830} INFO - Processing file /opt/airflow/dags/dag_08_gcp_taxi.py for tasks to queue
[2026-06-16T13:24:44.669+0000] {logging_mixin.py:188} INFO - [2026-06-16T13:24:44.669+0000] {dagbag.py:545} INFO - Filling up the DagBag from /opt/airflow/dags/dag_08_gcp_taxi.py
[2026-06-16T13:24:44.685+0000] {processor.py:840} INFO - DAG(s) '08_gcp_taxi' retrieved from /opt/airflow/dags/dag_08_gcp_taxi.py
[2026-06-16T13:24:44.744+0000] {logging_mixin.py:188} INFO - [2026-06-16T13:24:44.744+0000] {dag.py:3089} INFO - Sync 1 DAGs
[2026-06-16T13:24:44.761+0000] {logging_mixin.py:188} INFO - [2026-06-16T13:24:44.760+0000] {dag.py:3947} INFO - Setting next_dagrun for 08_gcp_taxi to None, run_after=None
[2026-06-16T13:24:44.783+0000] {processor.py:183} INFO - Processing /opt/airflow/dags/dag_08_gcp_taxi.py took 0.124 seconds
[2026-06-16T13:25:15.123+0000] {processor.py:161} INFO - Started process (PID=5473) to work on /opt/airflow/dags/dag_08_gcp_taxi.py
[2026-06-16T13:25:15.135+0000] {processor.py:830} INFO - Processing file /opt/airflow/dags/dag_08_gcp_taxi.py for tasks to queue
[2026-06-16T13:25:15.137+0000] {logging_mixin.py:188} INFO - [2026-06-16T13:25:15.136+0000] {dagbag.py:545} INFO - Filling up the DagBag from /opt/airflow/dags/dag_08_gcp_taxi.py
[2026-06-16T13:25:15.150+0000] {processor.py:840} INFO - DAG(s) '08_gcp_taxi' retrieved from /opt/airflow/dags/dag_08_gcp_taxi.py
[2026-06-16T13:25:15.222+0000] {logging_mixin.py:188} INFO - [2026-06-16T13:25:15.222+0000] {dag.py:3089} INFO - Sync 1 DAGs
[2026-06-16T13:25:15.239+0000] {logging_mixin.py:188} INFO - [2026-06-16T13:25:15.238+0000] {dag.py:3947} INFO - Setting next_dagrun for 08_gcp_taxi to None, run_after=None
[2026-06-16T13:25:15.265+0000] {processor.py:183} INFO - Processing /opt/airflow/dags/dag_08_gcp_taxi.py took 0.153 seconds
[2026-06-16T13:25:46.204+0000] {processor.py:161} INFO - Started process (PID=5513) to work on /opt/airflow/dags/dag_08_gcp_taxi.py
[2026-06-16T13:25:46.206+0000] {processor.py:830} INFO - Processing file /opt/airflow/dags/dag_08_gcp_taxi.py for tasks to queue
[2026-06-16T13:25:46.209+0000] {logging_mixin.py:188} INFO - [2026-06-16T13:25:46.208+0000] {dagbag.py:545} INFO - Filling up the DagBag from /opt/airflow/dags/dag_08_gcp_taxi.py
[2026-06-16T13:25:46.222+0000] {processor.py:840} INFO - DAG(s) '08_gcp_taxi' retrieved from /opt/airflow/dags/dag_08_gcp_taxi.py
[2026-06-16T13:25:46.289+0000] {logging_mixin.py:188} INFO - [2026-06-16T13:25:46.289+0000] {dag.py:3089} INFO - Sync 1 DAGs
[2026-06-16T13:25:46.306+0000] {logging_mixin.py:188} INFO - [2026-06-16T13:25:46.306+0000] {dag.py:3947} INFO - Setting next_dagrun for 08_gcp_taxi to None, run_after=None
[2026-06-16T13:25:46.332+0000] {processor.py:183} INFO - Processing /opt/airflow/dags/dag_08_gcp_taxi.py took 0.139 seconds
[2026-06-16T13:26:16.440+0000] {processor.py:161} INFO - Started process (PID=5553) to work on /opt/airflow/dags/dag_08_gcp_taxi.py
[2026-06-16T13:26:16.442+0000] {processor.py:830} INFO - Processing file /opt/airflow/dags/dag_08_gcp_taxi.py for tasks to queue
[2026-06-16T13:26:16.444+0000] {logging_mixin.py:188} INFO - [2026-06-16T13:26:16.444+0000] {dagbag.py:545} INFO - Filling up the DagBag from /opt/airflow/dags/dag_08_gcp_taxi.py
[2026-06-16T13:26:16.458+0000] {processor.py:840} INFO - DAG(s) '08_gcp_taxi' retrieved from /opt/airflow/dags/dag_08_gcp_taxi.py
[2026-06-16T13:26:16.519+0000] {logging_mixin.py:188} INFO - [2026-06-16T13:26:16.518+0000] {dag.py:3089} INFO - Sync 1 DAGs
[2026-06-16T13:26:16.542+0000] {logging_mixin.py:188} INFO - [2026-06-16T13:26:16.542+0000] {dag.py:3947} INFO - Setting next_dagrun for 08_gcp_taxi to None, run_after=None
[2026-06-16T13:26:16.567+0000] {processor.py:183} INFO - Processing /opt/airflow/dags/dag_08_gcp_taxi.py took 0.140 seconds
[2026-06-16T13:26:46.633+0000] {processor.py:161} INFO - Started process (PID=5593) to work on /opt/airflow/dags/dag_08_gcp_taxi.py
[2026-06-16T13:26:46.634+0000] {processor.py:830} INFO - Processing file /opt/airflow/dags/dag_08_gcp_taxi.py for tasks to queue
[2026-06-16T13:26:46.637+0000] {logging_mixin.py:188} INFO - [2026-06-16T13:26:46.637+0000] {dagbag.py:545} INFO - Filling up the DagBag from /opt/airflow/dags/dag_08_gcp_taxi.py
[2026-06-16T13:26:46.651+0000] {processor.py:840} INFO - DAG(s) '08_gcp_taxi' retrieved from /opt/airflow/dags/dag_08_gcp_taxi.py
[2026-06-16T13:26:46.709+0000] {logging_mixin.py:188} INFO - [2026-06-16T13:26:46.709+0000] {dag.py:3089} INFO - Sync 1 DAGs
[2026-06-16T13:26:46.726+0000] {logging_mixin.py:188} INFO - [2026-06-16T13:26:46.725+0000] {dag.py:3947} INFO - Setting next_dagrun for 08_gcp_taxi to None, run_after=None
[2026-06-16T13:26:46.751+0000] {processor.py:183} INFO - Processing /opt/airflow/dags/dag_08_gcp_taxi.py took 0.126 seconds
[2026-06-16T13:27:16.851+0000] {processor.py:161} INFO - Started process (PID=5633) to work on /opt/airflow/dags/dag_08_gcp_taxi.py
[2026-06-16T13:27:16.853+0000] {processor.py:830} INFO - Processing file /opt/airflow/dags/dag_08_gcp_taxi.py for tasks to queue
[2026-06-16T13:27:16.857+0000] {logging_mixin.py:188} INFO - [2026-06-16T13:27:16.856+0000] {dagbag.py:545} INFO - Filling up the DagBag from /opt/airflow/dags/dag_08_gcp_taxi.py
[2026-06-16T13:27:16.877+0000] {processor.py:840} INFO - DAG(s) '08_gcp_taxi' retrieved from /opt/airflow/dags/dag_08_gcp_taxi.py
[2026-06-16T13:27:16.960+0000] {logging_mixin.py:188} INFO - [2026-06-16T13:27:16.960+0000] {dag.py:3089} INFO - Sync 1 DAGs
[2026-06-16T13:27:16.983+0000] {logging_mixin.py:188} INFO - [2026-06-16T13:27:16.983+0000] {dag.py:3947} INFO - Setting next_dagrun for 08_gcp_taxi to None, run_after=None
[2026-06-16T13:27:17.013+0000] {processor.py:183} INFO - Processing /opt/airflow/dags/dag_08_gcp_taxi.py took 0.173 seconds
[2026-06-16T13:27:47.075+0000] {processor.py:161} INFO - Started process (PID=5673) to work on /opt/airflow/dags/dag_08_gcp_taxi.py
[2026-06-16T13:27:47.077+0000] {processor.py:830} INFO - Processing file /opt/airflow/dags/dag_08_gcp_taxi.py for tasks to queue
[2026-06-16T13:27:47.079+0000] {logging_mixin.py:188} INFO - [2026-06-16T13:27:47.078+0000] {dagbag.py:545} INFO - Filling up the DagBag from /opt/airflow/dags/dag_08_gcp_taxi.py
[2026-06-16T13:27:47.091+0000] {processor.py:840} INFO - DAG(s) '08_gcp_taxi' retrieved from /opt/airflow/dags/dag_08_gcp_taxi.py
[2026-06-16T13:27:47.149+0000] {logging_mixin.py:188} INFO - [2026-06-16T13:27:47.149+0000] {dag.py:3089} INFO - Sync 1 DAGs
[2026-06-16T13:27:47.166+0000] {logging_mixin.py:188} INFO - [2026-06-16T13:27:47.166+0000] {dag.py:3947} INFO - Setting next_dagrun for 08_gcp_taxi to None, run_after=None
[2026-06-16T13:27:47.191+0000] {processor.py:183} INFO - Processing /opt/airflow/dags/dag_08_gcp_taxi.py took 0.125 seconds
[2026-06-16T13:28:17.252+0000] {processor.py:161} INFO - Started process (PID=5713) to work on /opt/airflow/dags/dag_08_gcp_taxi.py
[2026-06-16T13:28:17.253+0000] {processor.py:830} INFO - Processing file /opt/airflow/dags/dag_08_gcp_taxi.py for tasks to queue
[2026-06-16T13:28:17.255+0000] {logging_mixin.py:188} INFO - [2026-06-16T13:28:17.255+0000] {dagbag.py:545} INFO - Filling up the DagBag from /opt/airflow/dags/dag_08_gcp_taxi.py
[2026-06-16T13:28:17.267+0000] {processor.py:840} INFO - DAG(s) '08_gcp_taxi' retrieved from /opt/airflow/dags/dag_08_gcp_taxi.py
[2026-06-16T13:28:17.320+0000] {logging_mixin.py:188} INFO - [2026-06-16T13:28:17.320+0000] {dag.py:3089} INFO - Sync 1 DAGs
[2026-06-16T13:28:17.336+0000] {logging_mixin.py:188} INFO - [2026-06-16T13:28:17.336+0000] {dag.py:3947} INFO - Setting next_dagrun for 08_gcp_taxi to None, run_after=None
[2026-06-16T13:28:17.359+0000] {processor.py:183} INFO - Processing /opt/airflow/dags/dag_08_gcp_taxi.py took 0.115 seconds
[2026-06-16T13:28:47.452+0000] {processor.py:161} INFO - Started process (PID=5753) to work on /opt/airflow/dags/dag_08_gcp_taxi.py
[2026-06-16T13:28:47.454+0000] {processor.py:830} INFO - Processing file /opt/airflow/dags/dag_08_gcp_taxi.py for tasks to queue
[2026-06-16T13:28:47.456+0000] {logging_mixin.py:188} INFO - [2026-06-16T13:28:47.456+0000] {dagbag.py:545} INFO - Filling up the DagBag from /opt/airflow/dags/dag_08_gcp_taxi.py
[2026-06-16T13:28:47.467+0000] {processor.py:840} INFO - DAG(s) '08_gcp_taxi' retrieved from /opt/airflow/dags/dag_08_gcp_taxi.py
[2026-06-16T13:28:47.520+0000] {logging_mixin.py:188} INFO - [2026-06-16T13:28:47.519+0000] {dag.py:3089} INFO - Sync 1 DAGs
[2026-06-16T13:28:47.537+0000] {logging_mixin.py:188} INFO - [2026-06-16T13:28:47.536+0000] {dag.py:3947} INFO - Setting next_dagrun for 08_gcp_taxi to None, run_after=None
[2026-06-16T13:28:47.563+0000] {processor.py:183} INFO - Processing /opt/airflow/dags/dag_08_gcp_taxi.py took 0.118 seconds
[2026-06-16T13:29:17.743+0000] {processor.py:161} INFO - Started process (PID=5793) to work on /opt/airflow/dags/dag_08_gcp_taxi.py
[2026-06-16T13:29:17.746+0000] {processor.py:830} INFO - Processing file /opt/airflow/dags/dag_08_gcp_taxi.py for tasks to queue
[2026-06-16T13:29:17.748+0000] {logging_mixin.py:188} INFO - [2026-06-16T13:29:17.748+0000] {dagbag.py:545} INFO - Filling up the DagBag from /opt/airflow/dags/dag_08_gcp_taxi.py
[2026-06-16T13:29:17.761+0000] {processor.py:840} INFO - DAG(s) '08_gcp_taxi' retrieved from /opt/airflow/dags/dag_08_gcp_taxi.py
[2026-06-16T13:29:17.815+0000] {logging_mixin.py:188} INFO - [2026-06-16T13:29:17.815+0000] {dag.py:3089} INFO - Sync 1 DAGs
[2026-06-16T13:29:17.832+0000] {logging_mixin.py:188} INFO - [2026-06-16T13:29:17.832+0000] {dag.py:3947} INFO - Setting next_dagrun for 08_gcp_taxi to None, run_after=None
[2026-06-16T13:29:17.858+0000] {processor.py:183} INFO - Processing /opt/airflow/dags/dag_08_gcp_taxi.py took 0.124 seconds
[2026-06-16T13:29:47.916+0000] {processor.py:161} INFO - Started process (PID=5833) to work on /opt/airflow/dags/dag_08_gcp_taxi.py
[2026-06-16T13:29:47.918+0000] {processor.py:830} INFO - Processing file /opt/airflow/dags/dag_08_gcp_taxi.py for tasks to queue
[2026-06-16T13:29:47.920+0000] {logging_mixin.py:188} INFO - [2026-06-16T13:29:47.920+0000] {dagbag.py:545} INFO - Filling up the DagBag from /opt/airflow/dags/dag_08_gcp_taxi.py
[2026-06-16T13:29:47.932+0000] {processor.py:840} INFO - DAG(s) '08_gcp_taxi' retrieved from /opt/airflow/dags/dag_08_gcp_taxi.py
[2026-06-16T13:29:47.985+0000] {logging_mixin.py:188} INFO - [2026-06-16T13:29:47.985+0000] {dag.py:3089} INFO - Sync 1 DAGs
[2026-06-16T13:29:48.000+0000] {logging_mixin.py:188} INFO - [2026-06-16T13:29:48.000+0000] {dag.py:3947} INFO - Setting next_dagrun for 08_gcp_taxi to None, run_after=None
[2026-06-16T13:29:48.024+0000] {processor.py:183} INFO - Processing /opt/airflow/dags/dag_08_gcp_taxi.py took 0.115 seconds
[2026-06-16T13:30:18.846+0000] {processor.py:161} INFO - Started process (PID=5873) to work on /opt/airflow/dags/dag_08_gcp_taxi.py
[2026-06-16T13:30:18.848+0000] {processor.py:830} INFO - Processing file /opt/airflow/dags/dag_08_gcp_taxi.py for tasks to queue
[2026-06-16T13:30:18.851+0000] {logging_mixin.py:188} INFO - [2026-06-16T13:30:18.850+0000] {dagbag.py:545} INFO - Filling up the DagBag from /opt/airflow/dags/dag_08_gcp_taxi.py
[2026-06-16T13:30:18.863+0000] {processor.py:840} INFO - DAG(s) '08_gcp_taxi' retrieved from /opt/airflow/dags/dag_08_gcp_taxi.py
[2026-06-16T13:30:18.934+0000] {logging_mixin.py:188} INFO - [2026-06-16T13:30:18.934+0000] {dag.py:3089} INFO - Sync 1 DAGs
[2026-06-16T13:30:18.949+0000] {logging_mixin.py:188} INFO - [2026-06-16T13:30:18.949+0000] {dag.py:3947} INFO - Setting next_dagrun for 08_gcp_taxi to None, run_after=None
[2026-06-16T13:30:18.974+0000] {processor.py:183} INFO - Processing /opt/airflow/dags/dag_08_gcp_taxi.py took 0.137 seconds
[2026-06-16T13:30:49.926+0000] {processor.py:161} INFO - Started process (PID=5913) to work on /opt/airflow/dags/dag_08_gcp_taxi.py
[2026-06-16T13:30:49.928+0000] {processor.py:830} INFO - Processing file /opt/airflow/dags/dag_08_gcp_taxi.py for tasks to queue
[2026-06-16T13:30:49.931+0000] {logging_mixin.py:188} INFO - [2026-06-16T13:30:49.931+0000] {dagbag.py:545} INFO - Filling up the DagBag from /opt/airflow/dags/dag_08_gcp_taxi.py
[2026-06-16T13:30:49.946+0000] {processor.py:840} INFO - DAG(s) '08_gcp_taxi' retrieved from /opt/airflow/dags/dag_08_gcp_taxi.py
[2026-06-16T13:30:50.012+0000] {logging_mixin.py:188} INFO - [2026-06-16T13:30:50.011+0000] {dag.py:3089} INFO - Sync 1 DAGs
[2026-06-16T13:30:50.028+0000] {logging_mixin.py:188} INFO - [2026-06-16T13:30:50.027+0000] {dag.py:3947} INFO - Setting next_dagrun for 08_gcp_taxi to None, run_after=None
[2026-06-16T13:30:50.052+0000] {processor.py:183} INFO - Processing /opt/airflow/dags/dag_08_gcp_taxi.py took 0.138 seconds
[2026-06-16T13:31:20.092+0000] {processor.py:161} INFO - Started process (PID=5953) to work on /opt/airflow/dags/dag_08_gcp_taxi.py
[2026-06-16T13:31:20.093+0000] {processor.py:830} INFO - Processing file /opt/airflow/dags/dag_08_gcp_taxi.py for tasks to queue
[2026-06-16T13:31:20.096+0000] {logging_mixin.py:188} INFO - [2026-06-16T13:31:20.096+0000] {dagbag.py:545} INFO - Filling up the DagBag from /opt/airflow/dags/dag_08_gcp_taxi.py
[2026-06-16T13:31:20.108+0000] {processor.py:840} INFO - DAG(s) '08_gcp_taxi' retrieved from /opt/airflow/dags/dag_08_gcp_taxi.py
[2026-06-16T13:31:20.174+0000] {logging_mixin.py:188} INFO - [2026-06-16T13:31:20.174+0000] {dag.py:3089} INFO - Sync 1 DAGs
[2026-06-16T13:31:20.190+0000] {logging_mixin.py:188} INFO - [2026-06-16T13:31:20.190+0000] {dag.py:3947} INFO - Setting next_dagrun for 08_gcp_taxi to None, run_after=None
[2026-06-16T13:31:20.214+0000] {processor.py:183} INFO - Processing /opt/airflow/dags/dag_08_gcp_taxi.py took 0.132 seconds
[2026-06-16T13:31:50.991+0000] {processor.py:161} INFO - Started process (PID=5993) to work on /opt/airflow/dags/dag_08_gcp_taxi.py
[2026-06-16T13:31:50.993+0000] {processor.py:830} INFO - Processing file /opt/airflow/dags/dag_08_gcp_taxi.py for tasks to queue
[2026-06-16T13:31:50.996+0000] {logging_mixin.py:188} INFO - [2026-06-16T13:31:50.995+0000] {dagbag.py:545} INFO - Filling up the DagBag from /opt/airflow/dags/dag_08_gcp_taxi.py
[2026-06-16T13:31:51.014+0000] {processor.py:840} INFO - DAG(s) '08_gcp_taxi' retrieved from /opt/airflow/dags/dag_08_gcp_taxi.py
[2026-06-16T13:31:51.073+0000] {logging_mixin.py:188} INFO - [2026-06-16T13:31:51.073+0000] {dag.py:3089} INFO - Sync 1 DAGs
[2026-06-16T13:31:51.089+0000] {logging_mixin.py:188} INFO - [2026-06-16T13:31:51.089+0000] {dag.py:3947} INFO - Setting next_dagrun for 08_gcp_taxi to None, run_after=None
[2026-06-16T13:31:51.113+0000] {processor.py:183} INFO - Processing /opt/airflow/dags/dag_08_gcp_taxi.py took 0.131 seconds
[2026-06-16T13:32:21.195+0000] {processor.py:161} INFO - Started process (PID=6033) to work on /opt/airflow/dags/dag_08_gcp_taxi.py
[2026-06-16T13:32:21.196+0000] {processor.py:830} INFO - Processing file /opt/airflow/dags/dag_08_gcp_taxi.py for tasks to queue
[2026-06-16T13:32:21.199+0000] {logging_mixin.py:188} INFO - [2026-06-16T13:32:21.199+0000] {dagbag.py:545} INFO - Filling up the DagBag from /opt/airflow/dags/dag_08_gcp_taxi.py
[2026-06-16T13:32:21.214+0000] {processor.py:840} INFO - DAG(s) '08_gcp_taxi' retrieved from /opt/airflow/dags/dag_08_gcp_taxi.py
[2026-06-16T13:32:21.277+0000] {logging_mixin.py:188} INFO - [2026-06-16T13:32:21.276+0000] {dag.py:3089} INFO - Sync 1 DAGs
[2026-06-16T13:32:21.293+0000] {logging_mixin.py:188} INFO - [2026-06-16T13:32:21.293+0000] {dag.py:3947} INFO - Setting next_dagrun for 08_gcp_taxi to None, run_after=None
[2026-06-16T13:32:21.321+0000] {processor.py:183} INFO - Processing /opt/airflow/dags/dag_08_gcp_taxi.py took 0.137 seconds
[2026-06-16T13:32:51.436+0000] {processor.py:161} INFO - Started process (PID=6073) to work on /opt/airflow/dags/dag_08_gcp_taxi.py
[2026-06-16T13:32:51.439+0000] {processor.py:830} INFO - Processing file /opt/airflow/dags/dag_08_gcp_taxi.py for tasks to queue
[2026-06-16T13:32:51.442+0000] {logging_mixin.py:188} INFO - [2026-06-16T13:32:51.441+0000] {dagbag.py:545} INFO - Filling up the DagBag from /opt/airflow/dags/dag_08_gcp_taxi.py
[2026-06-16T13:32:51.456+0000] {processor.py:840} INFO - DAG(s) '08_gcp_taxi' retrieved from /opt/airflow/dags/dag_08_gcp_taxi.py
[2026-06-16T13:32:51.521+0000] {logging_mixin.py:188} INFO - [2026-06-16T13:32:51.521+0000] {dag.py:3089} INFO - Sync 1 DAGs
[2026-06-16T13:32:51.539+0000] {logging_mixin.py:188} INFO - [2026-06-16T13:32:51.539+0000] {dag.py:3947} INFO - Setting next_dagrun for 08_gcp_taxi to None, run_after=None
[2026-06-16T13:32:51.566+0000] {processor.py:183} INFO - Processing /opt/airflow/dags/dag_08_gcp_taxi.py took 0.140 seconds
[2026-06-16T13:33:21.643+0000] {processor.py:161} INFO - Started process (PID=6113) to work on /opt/airflow/dags/dag_08_gcp_taxi.py
[2026-06-16T13:33:21.644+0000] {processor.py:830} INFO - Processing file /opt/airflow/dags/dag_08_gcp_taxi.py for tasks to queue
[2026-06-16T13:33:21.647+0000] {logging_mixin.py:188} INFO - [2026-06-16T13:33:21.647+0000] {dagbag.py:545} INFO - Filling up the DagBag from /opt/airflow/dags/dag_08_gcp_taxi.py
[2026-06-16T13:33:21.660+0000] {processor.py:840} INFO - DAG(s) '08_gcp_taxi' retrieved from /opt/airflow/dags/dag_08_gcp_taxi.py
[2026-06-16T13:33:21.722+0000] {logging_mixin.py:188} INFO - [2026-06-16T13:33:21.721+0000] {dag.py:3089} INFO - Sync 1 DAGs
[2026-06-16T13:33:21.739+0000] {logging_mixin.py:188} INFO - [2026-06-16T13:33:21.739+0000] {dag.py:3947} INFO - Setting next_dagrun for 08_gcp_taxi to None, run_after=None
[2026-06-16T13:33:21.764+0000] {processor.py:183} INFO - Processing /opt/airflow/dags/dag_08_gcp_taxi.py took 0.131 seconds
[2026-06-16T13:33:51.815+0000] {processor.py:161} INFO - Started process (PID=6153) to work on /opt/airflow/dags/dag_08_gcp_taxi.py
[2026-06-16T13:33:51.816+0000] {processor.py:830} INFO - Processing file /opt/airflow/dags/dag_08_gcp_taxi.py for tasks to queue
[2026-06-16T13:33:51.819+0000] {logging_mixin.py:188} INFO - [2026-06-16T13:33:51.818+0000] {dagbag.py:545} INFO - Filling up the DagBag from /opt/airflow/dags/dag_08_gcp_taxi.py
[2026-06-16T13:33:51.833+0000] {processor.py:840} INFO - DAG(s) '08_gcp_taxi' retrieved from /opt/airflow/dags/dag_08_gcp_taxi.py
[2026-06-16T13:33:51.890+0000] {logging_mixin.py:188} INFO - [2026-06-16T13:33:51.890+0000] {dag.py:3089} INFO - Sync 1 DAGs
[2026-06-16T13:33:51.906+0000] {logging_mixin.py:188} INFO - [2026-06-16T13:33:51.906+0000] {dag.py:3947} INFO - Setting next_dagrun for 08_gcp_taxi to None, run_after=None
[2026-06-16T13:33:51.931+0000] {processor.py:183} INFO - Processing /opt/airflow/dags/dag_08_gcp_taxi.py took 0.124 seconds
[2026-06-16T13:34:22.007+0000] {processor.py:161} INFO - Started process (PID=6193) to work on /opt/airflow/dags/dag_08_gcp_taxi.py
[2026-06-16T13:34:22.009+0000] {processor.py:830} INFO - Processing file /opt/airflow/dags/dag_08_gcp_taxi.py for tasks to queue
[2026-06-16T13:34:22.013+0000] {logging_mixin.py:188} INFO - [2026-06-16T13:34:22.012+0000] {dagbag.py:545} INFO - Filling up the DagBag from /opt/airflow/dags/dag_08_gcp_taxi.py
[2026-06-16T13:34:22.026+0000] {processor.py:840} INFO - DAG(s) '08_gcp_taxi' retrieved from /opt/airflow/dags/dag_08_gcp_taxi.py
[2026-06-16T13:34:22.091+0000] {logging_mixin.py:188} INFO - [2026-06-16T13:34:22.090+0000] {dag.py:3089} INFO - Sync 1 DAGs
[2026-06-16T13:34:22.108+0000] {logging_mixin.py:188} INFO - [2026-06-16T13:34:22.108+0000] {dag.py:3947} INFO - Setting next_dagrun for 08_gcp_taxi to None, run_after=None
[2026-06-16T13:34:22.134+0000] {processor.py:183} INFO - Processing /opt/airflow/dags/dag_08_gcp_taxi.py took 0.135 seconds
[2026-06-16T13:34:52.194+0000] {processor.py:161} INFO - Started process (PID=6233) to work on /opt/airflow/dags/dag_08_gcp_taxi.py
[2026-06-16T13:34:52.197+0000] {processor.py:830} INFO - Processing file /opt/airflow/dags/dag_08_gcp_taxi.py for tasks to queue
[2026-06-16T13:34:52.200+0000] {logging_mixin.py:188} INFO - [2026-06-16T13:34:52.200+0000] {dagbag.py:545} INFO - Filling up the DagBag from /opt/airflow/dags/dag_08_gcp_taxi.py
[2026-06-16T13:34:52.213+0000] {processor.py:840} INFO - DAG(s) '08_gcp_taxi' retrieved from /opt/airflow/dags/dag_08_gcp_taxi.py
[2026-06-16T13:34:52.277+0000] {logging_mixin.py:188} INFO - [2026-06-16T13:34:52.276+0000] {dag.py:3089} INFO - Sync 1 DAGs
[2026-06-16T13:34:52.294+0000] {logging_mixin.py:188} INFO - [2026-06-16T13:34:52.294+0000] {dag.py:3947} INFO - Setting next_dagrun for 08_gcp_taxi to None, run_after=None
[2026-06-16T13:34:52.319+0000] {processor.py:183} INFO - Processing /opt/airflow/dags/dag_08_gcp_taxi.py took 0.134 seconds
[2026-06-16T13:35:22.396+0000] {processor.py:161} INFO - Started process (PID=6273) to work on /opt/airflow/dags/dag_08_gcp_taxi.py
[2026-06-16T13:35:22.398+0000] {processor.py:830} INFO - Processing file /opt/airflow/dags/dag_08_gcp_taxi.py for tasks to queue
[2026-06-16T13:35:22.401+0000] {logging_mixin.py:188} INFO - [2026-06-16T13:35:22.400+0000] {dagbag.py:545} INFO - Filling up the DagBag from /opt/airflow/dags/dag_08_gcp_taxi.py
[2026-06-16T13:35:22.417+0000] {processor.py:840} INFO - DAG(s) '08_gcp_taxi' retrieved from /opt/airflow/dags/dag_08_gcp_taxi.py
[2026-06-16T13:35:22.474+0000] {logging_mixin.py:188} INFO - [2026-06-16T13:35:22.474+0000] {dag.py:3089} INFO - Sync 1 DAGs
[2026-06-16T13:35:22.492+0000] {logging_mixin.py:188} INFO - [2026-06-16T13:35:22.491+0000] {dag.py:3947} INFO - Setting next_dagrun for 08_gcp_taxi to None, run_after=None
[2026-06-16T13:35:22.515+0000] {processor.py:183} INFO - Processing /opt/airflow/dags/dag_08_gcp_taxi.py took 0.128 seconds
[2026-06-16T13:35:52.581+0000] {processor.py:161} INFO - Started process (PID=6313) to work on /opt/airflow/dags/dag_08_gcp_taxi.py
[2026-06-16T13:35:52.592+0000] {processor.py:830} INFO - Processing file /opt/airflow/dags/dag_08_gcp_taxi.py for tasks to queue
[2026-06-16T13:35:52.594+0000] {logging_mixin.py:188} INFO - [2026-06-16T13:35:52.594+0000] {dagbag.py:545} INFO - Filling up the DagBag from /opt/airflow/dags/dag_08_gcp_taxi.py
[2026-06-16T13:35:52.606+0000] {processor.py:840} INFO - DAG(s) '08_gcp_taxi' retrieved from /opt/airflow/dags/dag_08_gcp_taxi.py
[2026-06-16T13:35:52.665+0000] {logging_mixin.py:188} INFO - [2026-06-16T13:35:52.665+0000] {dag.py:3089} INFO - Sync 1 DAGs
[2026-06-16T13:35:52.683+0000] {logging_mixin.py:188} INFO - [2026-06-16T13:35:52.682+0000] {dag.py:3947} INFO - Setting next_dagrun for 08_gcp_taxi to None, run_after=None
[2026-06-16T13:35:52.708+0000] {processor.py:183} INFO - Processing /opt/airflow/dags/dag_08_gcp_taxi.py took 0.135 seconds
[2026-06-16T13:36:22.785+0000] {processor.py:161} INFO - Started process (PID=6353) to work on /opt/airflow/dags/dag_08_gcp_taxi.py
[2026-06-16T13:36:22.787+0000] {processor.py:830} INFO - Processing file /opt/airflow/dags/dag_08_gcp_taxi.py for tasks to queue
[2026-06-16T13:36:22.790+0000] {logging_mixin.py:188} INFO - [2026-06-16T13:36:22.790+0000] {dagbag.py:545} INFO - Filling up the DagBag from /opt/airflow/dags/dag_08_gcp_taxi.py
[2026-06-16T13:36:22.803+0000] {processor.py:840} INFO - DAG(s) '08_gcp_taxi' retrieved from /opt/airflow/dags/dag_08_gcp_taxi.py
[2026-06-16T13:36:22.866+0000] {logging_mixin.py:188} INFO - [2026-06-16T13:36:22.866+0000] {dag.py:3089} INFO - Sync 1 DAGs
[2026-06-16T13:36:22.886+0000] {logging_mixin.py:188} INFO - [2026-06-16T13:36:22.886+0000] {dag.py:3947} INFO - Setting next_dagrun for 08_gcp_taxi to None, run_after=None
[2026-06-16T13:36:22.912+0000] {processor.py:183} INFO - Processing /opt/airflow/dags/dag_08_gcp_taxi.py took 0.135 seconds
[2026-06-16T13:36:52.974+0000] {processor.py:161} INFO - Started process (PID=6393) to work on /opt/airflow/dags/dag_08_gcp_taxi.py
[2026-06-16T13:36:52.985+0000] {processor.py:830} INFO - Processing file /opt/airflow/dags/dag_08_gcp_taxi.py for tasks to queue
[2026-06-16T13:36:52.988+0000] {logging_mixin.py:188} INFO - [2026-06-16T13:36:52.987+0000] {dagbag.py:545} INFO - Filling up the DagBag from /opt/airflow/dags/dag_08_gcp_taxi.py
[2026-06-16T13:36:53.001+0000] {processor.py:840} INFO - DAG(s) '08_gcp_taxi' retrieved from /opt/airflow/dags/dag_08_gcp_taxi.py
[2026-06-16T13:36:53.063+0000] {logging_mixin.py:188} INFO - [2026-06-16T13:36:53.063+0000] {dag.py:3089} INFO - Sync 1 DAGs
[2026-06-16T13:36:53.081+0000] {logging_mixin.py:188} INFO - [2026-06-16T13:36:53.080+0000] {dag.py:3947} INFO - Setting next_dagrun for 08_gcp_taxi to None, run_after=None
[2026-06-16T13:36:53.106+0000] {processor.py:183} INFO - Processing /opt/airflow/dags/dag_08_gcp_taxi.py took 0.141 seconds
[2026-06-16T13:37:23.167+0000] {processor.py:161} INFO - Started process (PID=6433) to work on /opt/airflow/dags/dag_08_gcp_taxi.py
[2026-06-16T13:37:23.169+0000] {processor.py:830} INFO - Processing file /opt/airflow/dags/dag_08_gcp_taxi.py for tasks to queue
[2026-06-16T13:37:23.172+0000] {logging_mixin.py:188} INFO - [2026-06-16T13:37:23.171+0000] {dagbag.py:545} INFO - Filling up the DagBag from /opt/airflow/dags/dag_08_gcp_taxi.py
[2026-06-16T13:37:23.188+0000] {processor.py:840} INFO - DAG(s) '08_gcp_taxi' retrieved from /opt/airflow/dags/dag_08_gcp_taxi.py
[2026-06-16T13:37:23.252+0000] {logging_mixin.py:188} INFO - [2026-06-16T13:37:23.252+0000] {dag.py:3089} INFO - Sync 1 DAGs
[2026-06-16T13:37:23.268+0000] {logging_mixin.py:188} INFO - [2026-06-16T13:37:23.268+0000] {dag.py:3947} INFO - Setting next_dagrun for 08_gcp_taxi to None, run_after=None
[2026-06-16T13:37:23.296+0000] {processor.py:183} INFO - Processing /opt/airflow/dags/dag_08_gcp_taxi.py took 0.138 seconds
[2026-06-16T13:37:53.386+0000] {processor.py:161} INFO - Started process (PID=6473) to work on /opt/airflow/dags/dag_08_gcp_taxi.py
[2026-06-16T13:37:53.388+0000] {processor.py:830} INFO - Processing file /opt/airflow/dags/dag_08_gcp_taxi.py for tasks to queue
[2026-06-16T13:37:53.392+0000] {logging_mixin.py:188} INFO - [2026-06-16T13:37:53.391+0000] {dagbag.py:545} INFO - Filling up the DagBag from /opt/airflow/dags/dag_08_gcp_taxi.py
[2026-06-16T13:37:53.408+0000] {processor.py:840} INFO - DAG(s) '08_gcp_taxi' retrieved from /opt/airflow/dags/dag_08_gcp_taxi.py
[2026-06-16T13:37:53.476+0000] {logging_mixin.py:188} INFO - [2026-06-16T13:37:53.476+0000] {dag.py:3089} INFO - Sync 1 DAGs
[2026-06-16T13:37:53.493+0000] {logging_mixin.py:188} INFO - [2026-06-16T13:37:53.493+0000] {dag.py:3947} INFO - Setting next_dagrun for 08_gcp_taxi to None, run_after=None
[2026-06-16T13:37:53.518+0000] {processor.py:183} INFO - Processing /opt/airflow/dags/dag_08_gcp_taxi.py took 0.141 seconds
[2026-06-16T13:38:23.595+0000] {processor.py:161} INFO - Started process (PID=6513) to work on /opt/airflow/dags/dag_08_gcp_taxi.py
[2026-06-16T13:38:23.606+0000] {processor.py:830} INFO - Processing file /opt/airflow/dags/dag_08_gcp_taxi.py for tasks to queue
[2026-06-16T13:38:23.608+0000] {logging_mixin.py:188} INFO - [2026-06-16T13:38:23.607+0000] {dagbag.py:545} INFO - Filling up the DagBag from /opt/airflow/dags/dag_08_gcp_taxi.py
[2026-06-16T13:38:23.620+0000] {processor.py:840} INFO - DAG(s) '08_gcp_taxi' retrieved from /opt/airflow/dags/dag_08_gcp_taxi.py
[2026-06-16T13:38:23.686+0000] {logging_mixin.py:188} INFO - [2026-06-16T13:38:23.685+0000] {dag.py:3089} INFO - Sync 1 DAGs
[2026-06-16T13:38:23.701+0000] {logging_mixin.py:188} INFO - [2026-06-16T13:38:23.701+0000] {dag.py:3947} INFO - Setting next_dagrun for 08_gcp_taxi to None, run_after=None
[2026-06-16T13:38:23.728+0000] {processor.py:183} INFO - Processing /opt/airflow/dags/dag_08_gcp_taxi.py took 0.144 seconds
[2026-06-16T13:38:54.597+0000] {processor.py:161} INFO - Started process (PID=6553) to work on /opt/airflow/dags/dag_08_gcp_taxi.py
[2026-06-16T13:38:54.599+0000] {processor.py:830} INFO - Processing file /opt/airflow/dags/dag_08_gcp_taxi.py for tasks to queue
[2026-06-16T13:38:54.602+0000] {logging_mixin.py:188} INFO - [2026-06-16T13:38:54.601+0000] {dagbag.py:545} INFO - Filling up the DagBag from /opt/airflow/dags/dag_08_gcp_taxi.py
[2026-06-16T13:38:54.614+0000] {processor.py:840} INFO - DAG(s) '08_gcp_taxi' retrieved from /opt/airflow/dags/dag_08_gcp_taxi.py
[2026-06-16T13:38:54.671+0000] {logging_mixin.py:188} INFO - [2026-06-16T13:38:54.671+0000] {dag.py:3089} INFO - Sync 1 DAGs
[2026-06-16T13:38:54.692+0000] {logging_mixin.py:188} INFO - [2026-06-16T13:38:54.692+0000] {dag.py:3947} INFO - Setting next_dagrun for 08_gcp_taxi to None, run_after=None
[2026-06-16T13:38:54.726+0000] {processor.py:183} INFO - Processing /opt/airflow/dags/dag_08_gcp_taxi.py took 0.138 seconds
[2026-06-16T13:39:25.537+0000] {processor.py:161} INFO - Started process (PID=6593) to work on /opt/airflow/dags/dag_08_gcp_taxi.py
[2026-06-16T13:39:25.539+0000] {processor.py:830} INFO - Processing file /opt/airflow/dags/dag_08_gcp_taxi.py for tasks to queue
[2026-06-16T13:39:25.542+0000] {logging_mixin.py:188} INFO - [2026-06-16T13:39:25.541+0000] {dagbag.py:545} INFO - Filling up the DagBag from /opt/airflow/dags/dag_08_gcp_taxi.py
[2026-06-16T13:39:25.555+0000] {processor.py:840} INFO - DAG(s) '08_gcp_taxi' retrieved from /opt/airflow/dags/dag_08_gcp_taxi.py
[2026-06-16T13:39:25.623+0000] {logging_mixin.py:188} INFO - [2026-06-16T13:39:25.623+0000] {dag.py:3089} INFO - Sync 1 DAGs
[2026-06-16T13:39:25.643+0000] {logging_mixin.py:188} INFO - [2026-06-16T13:39:25.642+0000] {dag.py:3947} INFO - Setting next_dagrun for 08_gcp_taxi to None, run_after=None
[2026-06-16T13:39:25.676+0000] {processor.py:183} INFO - Processing /opt/airflow/dags/dag_08_gcp_taxi.py took 0.148 seconds
[2026-06-16T13:39:56.685+0000] {processor.py:161} INFO - Started process (PID=6633) to work on /opt/airflow/dags/dag_08_gcp_taxi.py
[2026-06-16T13:39:56.698+0000] {processor.py:830} INFO - Processing file /opt/airflow/dags/dag_08_gcp_taxi.py for tasks to queue
[2026-06-16T13:39:56.702+0000] {logging_mixin.py:188} INFO - [2026-06-16T13:39:56.701+0000] {dagbag.py:545} INFO - Filling up the DagBag from /opt/airflow/dags/dag_08_gcp_taxi.py
[2026-06-16T13:39:56.724+0000] {processor.py:840} INFO - DAG(s) '08_gcp_taxi' retrieved from /opt/airflow/dags/dag_08_gcp_taxi.py
[2026-06-16T13:39:56.914+0000] {logging_mixin.py:188} INFO - [2026-06-16T13:39:56.913+0000] {dag.py:3089} INFO - Sync 1 DAGs
[2026-06-16T13:39:56.947+0000] {logging_mixin.py:188} INFO - [2026-06-16T13:39:56.947+0000] {dag.py:3947} INFO - Setting next_dagrun for 08_gcp_taxi to None, run_after=None
[2026-06-16T13:39:56.980+0000] {processor.py:183} INFO - Processing /opt/airflow/dags/dag_08_gcp_taxi.py took 0.307 seconds
[2026-06-16T13:40:27.924+0000] {processor.py:161} INFO - Started process (PID=6673) to work on /opt/airflow/dags/dag_08_gcp_taxi.py
[2026-06-16T13:40:27.925+0000] {processor.py:830} INFO - Processing file /opt/airflow/dags/dag_08_gcp_taxi.py for tasks to queue
[2026-06-16T13:40:27.928+0000] {logging_mixin.py:188} INFO - [2026-06-16T13:40:27.928+0000] {dagbag.py:545} INFO - Filling up the DagBag from /opt/airflow/dags/dag_08_gcp_taxi.py
[2026-06-16T13:40:27.941+0000] {processor.py:840} INFO - DAG(s) '08_gcp_taxi' retrieved from /opt/airflow/dags/dag_08_gcp_taxi.py
[2026-06-16T13:40:28.010+0000] {logging_mixin.py:188} INFO - [2026-06-16T13:40:28.010+0000] {dag.py:3089} INFO - Sync 1 DAGs
[2026-06-16T13:40:28.026+0000] {logging_mixin.py:188} INFO - [2026-06-16T13:40:28.026+0000] {dag.py:3947} INFO - Setting next_dagrun for 08_gcp_taxi to None, run_after=None
[2026-06-16T13:40:28.054+0000] {processor.py:183} INFO - Processing /opt/airflow/dags/dag_08_gcp_taxi.py took 0.140 seconds
[2026-06-16T13:40:58.147+0000] {processor.py:161} INFO - Started process (PID=6713) to work on /opt/airflow/dags/dag_08_gcp_taxi.py
[2026-06-16T13:40:58.149+0000] {processor.py:830} INFO - Processing file /opt/airflow/dags/dag_08_gcp_taxi.py for tasks to queue
[2026-06-16T13:40:58.152+0000] {logging_mixin.py:188} INFO - [2026-06-16T13:40:58.151+0000] {dagbag.py:545} INFO - Filling up the DagBag from /opt/airflow/dags/dag_08_gcp_taxi.py
[2026-06-16T13:40:58.164+0000] {processor.py:840} INFO - DAG(s) '08_gcp_taxi' retrieved from /opt/airflow/dags/dag_08_gcp_taxi.py
[2026-06-16T13:40:58.226+0000] {logging_mixin.py:188} INFO - [2026-06-16T13:40:58.226+0000] {dag.py:3089} INFO - Sync 1 DAGs
[2026-06-16T13:40:58.244+0000] {logging_mixin.py:188} INFO - [2026-06-16T13:40:58.244+0000] {dag.py:3947} INFO - Setting next_dagrun for 08_gcp_taxi to None, run_after=None
[2026-06-16T13:40:58.269+0000] {processor.py:183} INFO - Processing /opt/airflow/dags/dag_08_gcp_taxi.py took 0.131 seconds
[2026-06-16T13:41:28.310+0000] {processor.py:161} INFO - Started process (PID=6753) to work on /opt/airflow/dags/dag_08_gcp_taxi.py
[2026-06-16T13:41:28.311+0000] {processor.py:830} INFO - Processing file /opt/airflow/dags/dag_08_gcp_taxi.py for tasks to queue
[2026-06-16T13:41:28.313+0000] {logging_mixin.py:188} INFO - [2026-06-16T13:41:28.313+0000] {dagbag.py:545} INFO - Filling up the DagBag from /opt/airflow/dags/dag_08_gcp_taxi.py
[2026-06-16T13:41:28.327+0000] {processor.py:840} INFO - DAG(s) '08_gcp_taxi' retrieved from /opt/airflow/dags/dag_08_gcp_taxi.py
[2026-06-16T13:41:28.387+0000] {logging_mixin.py:188} INFO - [2026-06-16T13:41:28.386+0000] {dag.py:3089} INFO - Sync 1 DAGs
[2026-06-16T13:41:28.405+0000] {logging_mixin.py:188} INFO - [2026-06-16T13:41:28.405+0000] {dag.py:3947} INFO - Setting next_dagrun for 08_gcp_taxi to None, run_after=None
[2026-06-16T13:41:28.431+0000] {processor.py:183} INFO - Processing /opt/airflow/dags/dag_08_gcp_taxi.py took 0.132 seconds
[2026-06-16T13:41:59.400+0000] {processor.py:161} INFO - Started process (PID=6793) to work on /opt/airflow/dags/dag_08_gcp_taxi.py
[2026-06-16T13:41:59.402+0000] {processor.py:830} INFO - Processing file /opt/airflow/dags/dag_08_gcp_taxi.py for tasks to queue
[2026-06-16T13:41:59.405+0000] {logging_mixin.py:188} INFO - [2026-06-16T13:41:59.405+0000] {dagbag.py:545} INFO - Filling up the DagBag from /opt/airflow/dags/dag_08_gcp_taxi.py
[2026-06-16T13:41:59.418+0000] {processor.py:840} INFO - DAG(s) '08_gcp_taxi' retrieved from /opt/airflow/dags/dag_08_gcp_taxi.py
[2026-06-16T13:41:59.479+0000] {logging_mixin.py:188} INFO - [2026-06-16T13:41:59.479+0000] {dag.py:3089} INFO - Sync 1 DAGs
[2026-06-16T13:41:59.497+0000] {logging_mixin.py:188} INFO - [2026-06-16T13:41:59.497+0000] {dag.py:3947} INFO - Setting next_dagrun for 08_gcp_taxi to None, run_after=None
[2026-06-16T13:41:59.522+0000] {processor.py:183} INFO - Processing /opt/airflow/dags/dag_08_gcp_taxi.py took 0.130 seconds
[2026-06-16T13:42:30.489+0000] {processor.py:161} INFO - Started process (PID=6833) to work on /opt/airflow/dags/dag_08_gcp_taxi.py
[2026-06-16T13:42:30.491+0000] {processor.py:830} INFO - Processing file /opt/airflow/dags/dag_08_gcp_taxi.py for tasks to queue
[2026-06-16T13:42:30.494+0000] {logging_mixin.py:188} INFO - [2026-06-16T13:42:30.493+0000] {dagbag.py:545} INFO - Filling up the DagBag from /opt/airflow/dags/dag_08_gcp_taxi.py
[2026-06-16T13:42:30.510+0000] {processor.py:840} INFO - DAG(s) '08_gcp_taxi' retrieved from /opt/airflow/dags/dag_08_gcp_taxi.py
[2026-06-16T13:42:30.569+0000] {logging_mixin.py:188} INFO - [2026-06-16T13:42:30.569+0000] {dag.py:3089} INFO - Sync 1 DAGs
[2026-06-16T13:42:30.587+0000] {logging_mixin.py:188} INFO - [2026-06-16T13:42:30.587+0000] {dag.py:3947} INFO - Setting next_dagrun for 08_gcp_taxi to None, run_after=None
[2026-06-16T13:42:30.614+0000] {processor.py:183} INFO - Processing /opt/airflow/dags/dag_08_gcp_taxi.py took 0.133 seconds
[2026-06-16T13:43:00.690+0000] {processor.py:161} INFO - Started process (PID=6873) to work on /opt/airflow/dags/dag_08_gcp_taxi.py
[2026-06-16T13:43:00.693+0000] {processor.py:830} INFO - Processing file /opt/airflow/dags/dag_08_gcp_taxi.py for tasks to queue
[2026-06-16T13:43:00.696+0000] {logging_mixin.py:188} INFO - [2026-06-16T13:43:00.696+0000] {dagbag.py:545} INFO - Filling up the DagBag from /opt/airflow/dags/dag_08_gcp_taxi.py
[2026-06-16T13:43:00.713+0000] {processor.py:840} INFO - DAG(s) '08_gcp_taxi' retrieved from /opt/airflow/dags/dag_08_gcp_taxi.py
[2026-06-16T13:43:00.779+0000] {logging_mixin.py:188} INFO - [2026-06-16T13:43:00.779+0000] {dag.py:3089} INFO - Sync 1 DAGs
[2026-06-16T13:43:00.798+0000] {logging_mixin.py:188} INFO - [2026-06-16T13:43:00.797+0000] {dag.py:3947} INFO - Setting next_dagrun for 08_gcp_taxi to None, run_after=None
[2026-06-16T13:43:00.825+0000] {processor.py:183} INFO - Processing /opt/airflow/dags/dag_08_gcp_taxi.py took 0.143 seconds
[2026-06-16T13:43:30.874+0000] {processor.py:161} INFO - Started process (PID=6913) to work on /opt/airflow/dags/dag_08_gcp_taxi.py
[2026-06-16T13:43:30.875+0000] {processor.py:830} INFO - Processing file /opt/airflow/dags/dag_08_gcp_taxi.py for tasks to queue
[2026-06-16T13:43:30.877+0000] {logging_mixin.py:188} INFO - [2026-06-16T13:43:30.877+0000] {dagbag.py:545} INFO - Filling up the DagBag from /opt/airflow/dags/dag_08_gcp_taxi.py
[2026-06-16T13:43:30.890+0000] {processor.py:840} INFO - DAG(s) '08_gcp_taxi' retrieved from /opt/airflow/dags/dag_08_gcp_taxi.py
[2026-06-16T13:43:30.945+0000] {logging_mixin.py:188} INFO - [2026-06-16T13:43:30.944+0000] {dag.py:3089} INFO - Sync 1 DAGs
[2026-06-16T13:43:30.960+0000] {logging_mixin.py:188} INFO - [2026-06-16T13:43:30.960+0000] {dag.py:3947} INFO - Setting next_dagrun for 08_gcp_taxi to None, run_after=None
[2026-06-16T13:43:30.983+0000] {processor.py:183} INFO - Processing /opt/airflow/dags/dag_08_gcp_taxi.py took 0.117 seconds
[2026-06-16T13:44:02.009+0000] {processor.py:161} INFO - Started process (PID=6953) to work on /opt/airflow/dags/dag_08_gcp_taxi.py
[2026-06-16T13:44:02.020+0000] {processor.py:830} INFO - Processing file /opt/airflow/dags/dag_08_gcp_taxi.py for tasks to queue
[2026-06-16T13:44:02.022+0000] {logging_mixin.py:188} INFO - [2026-06-16T13:44:02.021+0000] {dagbag.py:545} INFO - Filling up the DagBag from /opt/airflow/dags/dag_08_gcp_taxi.py
[2026-06-16T13:44:02.034+0000] {processor.py:840} INFO - DAG(s) '08_gcp_taxi' retrieved from /opt/airflow/dags/dag_08_gcp_taxi.py
[2026-06-16T13:44:02.092+0000] {logging_mixin.py:188} INFO - [2026-06-16T13:44:02.092+0000] {dag.py:3089} INFO - Sync 1 DAGs
[2026-06-16T13:44:02.109+0000] {logging_mixin.py:188} INFO - [2026-06-16T13:44:02.108+0000] {dag.py:3947} INFO - Setting next_dagrun for 08_gcp_taxi to None, run_after=None
[2026-06-16T13:44:02.132+0000] {processor.py:183} INFO - Processing /opt/airflow/dags/dag_08_gcp_taxi.py took 0.131 seconds
[2026-06-16T13:44:32.202+0000] {processor.py:161} INFO - Started process (PID=6993) to work on /opt/airflow/dags/dag_08_gcp_taxi.py
[2026-06-16T13:44:32.203+0000] {processor.py:830} INFO - Processing file /opt/airflow/dags/dag_08_gcp_taxi.py for tasks to queue
[2026-06-16T13:44:32.206+0000] {logging_mixin.py:188} INFO - [2026-06-16T13:44:32.205+0000] {dagbag.py:545} INFO - Filling up the DagBag from /opt/airflow/dags/dag_08_gcp_taxi.py
[2026-06-16T13:44:32.228+0000] {processor.py:840} INFO - DAG(s) '08_gcp_taxi' retrieved from /opt/airflow/dags/dag_08_gcp_taxi.py
[2026-06-16T13:44:32.295+0000] {logging_mixin.py:188} INFO - [2026-06-16T13:44:32.295+0000] {dag.py:3089} INFO - Sync 1 DAGs
[2026-06-16T13:44:32.310+0000] {logging_mixin.py:188} INFO - [2026-06-16T13:44:32.310+0000] {dag.py:3947} INFO - Setting next_dagrun for 08_gcp_taxi to None, run_after=None
[2026-06-16T13:44:32.332+0000] {processor.py:183} INFO - Processing /opt/airflow/dags/dag_08_gcp_taxi.py took 0.144 seconds
[2026-06-16T13:45:02.503+0000] {processor.py:161} INFO - Started process (PID=7033) to work on /opt/airflow/dags/dag_08_gcp_taxi.py
[2026-06-16T13:45:02.505+0000] {processor.py:830} INFO - Processing file /opt/airflow/dags/dag_08_gcp_taxi.py for tasks to queue
[2026-06-16T13:45:02.507+0000] {logging_mixin.py:188} INFO - [2026-06-16T13:45:02.507+0000] {dagbag.py:545} INFO - Filling up the DagBag from /opt/airflow/dags/dag_08_gcp_taxi.py
[2026-06-16T13:45:02.522+0000] {processor.py:840} INFO - DAG(s) '08_gcp_taxi' retrieved from /opt/airflow/dags/dag_08_gcp_taxi.py
[2026-06-16T13:45:02.579+0000] {logging_mixin.py:188} INFO - [2026-06-16T13:45:02.578+0000] {dag.py:3089} INFO - Sync 1 DAGs
[2026-06-16T13:45:02.596+0000] {logging_mixin.py:188} INFO - [2026-06-16T13:45:02.596+0000] {dag.py:3947} INFO - Setting next_dagrun for 08_gcp_taxi to None, run_after=None
[2026-06-16T13:45:02.760+0000] {processor.py:183} INFO - Processing /opt/airflow/dags/dag_08_gcp_taxi.py took 0.267 seconds
[2026-06-16T13:45:33.751+0000] {processor.py:161} INFO - Started process (PID=7073) to work on /opt/airflow/dags/dag_08_gcp_taxi.py
[2026-06-16T13:45:33.752+0000] {processor.py:830} INFO - Processing file /opt/airflow/dags/dag_08_gcp_taxi.py for tasks to queue
[2026-06-16T13:45:33.756+0000] {logging_mixin.py:188} INFO - [2026-06-16T13:45:33.755+0000] {dagbag.py:545} INFO - Filling up the DagBag from /opt/airflow/dags/dag_08_gcp_taxi.py
[2026-06-16T13:45:33.771+0000] {processor.py:840} INFO - DAG(s) '08_gcp_taxi' retrieved from /opt/airflow/dags/dag_08_gcp_taxi.py
[2026-06-16T13:45:33.832+0000] {logging_mixin.py:188} INFO - [2026-06-16T13:45:33.831+0000] {dag.py:3089} INFO - Sync 1 DAGs
[2026-06-16T13:45:33.847+0000] {logging_mixin.py:188} INFO - [2026-06-16T13:45:33.847+0000] {dag.py:3947} INFO - Setting next_dagrun for 08_gcp_taxi to None, run_after=None
[2026-06-16T13:45:33.871+0000] {processor.py:183} INFO - Processing /opt/airflow/dags/dag_08_gcp_taxi.py took 0.129 seconds
[2026-06-16T13:46:03.905+0000] {processor.py:161} INFO - Started process (PID=7113) to work on /opt/airflow/dags/dag_08_gcp_taxi.py
[2026-06-16T13:46:03.906+0000] {processor.py:830} INFO - Processing file /opt/airflow/dags/dag_08_gcp_taxi.py for tasks to queue
[2026-06-16T13:46:03.908+0000] {logging_mixin.py:188} INFO - [2026-06-16T13:46:03.908+0000] {dagbag.py:545} INFO - Filling up the DagBag from /opt/airflow/dags/dag_08_gcp_taxi.py
[2026-06-16T13:46:03.919+0000] {processor.py:840} INFO - DAG(s) '08_gcp_taxi' retrieved from /opt/airflow/dags/dag_08_gcp_taxi.py
[2026-06-16T13:46:03.971+0000] {logging_mixin.py:188} INFO - [2026-06-16T13:46:03.971+0000] {dag.py:3089} INFO - Sync 1 DAGs
[2026-06-16T13:46:03.986+0000] {logging_mixin.py:188} INFO - [2026-06-16T13:46:03.985+0000] {dag.py:3947} INFO - Setting next_dagrun for 08_gcp_taxi to None, run_after=None
[2026-06-16T13:46:04.009+0000] {processor.py:183} INFO - Processing /opt/airflow/dags/dag_08_gcp_taxi.py took 0.112 seconds
[2026-06-16T13:46:34.934+0000] {processor.py:161} INFO - Started process (PID=7153) to work on /opt/airflow/dags/dag_08_gcp_taxi.py
[2026-06-16T13:46:34.936+0000] {processor.py:830} INFO - Processing file /opt/airflow/dags/dag_08_gcp_taxi.py for tasks to queue
[2026-06-16T13:46:34.939+0000] {logging_mixin.py:188} INFO - [2026-06-16T13:46:34.938+0000] {dagbag.py:545} INFO - Filling up the DagBag from /opt/airflow/dags/dag_08_gcp_taxi.py
[2026-06-16T13:46:34.951+0000] {processor.py:840} INFO - DAG(s) '08_gcp_taxi' retrieved from /opt/airflow/dags/dag_08_gcp_taxi.py
[2026-06-16T13:46:35.156+0000] {logging_mixin.py:188} INFO - [2026-06-16T13:46:35.155+0000] {dag.py:3089} INFO - Sync 1 DAGs
[2026-06-16T13:46:35.168+0000] {logging_mixin.py:188} INFO - [2026-06-16T13:46:35.167+0000] {dag.py:3947} INFO - Setting next_dagrun for 08_gcp_taxi to None, run_after=None
[2026-06-16T13:46:35.189+0000] {processor.py:183} INFO - Processing /opt/airflow/dags/dag_08_gcp_taxi.py took 0.264 seconds
[2026-06-16T13:47:05.370+0000] {processor.py:161} INFO - Started process (PID=7193) to work on /opt/airflow/dags/dag_08_gcp_taxi.py
[2026-06-16T13:47:05.382+0000] {processor.py:830} INFO - Processing file /opt/airflow/dags/dag_08_gcp_taxi.py for tasks to queue
[2026-06-16T13:47:05.384+0000] {logging_mixin.py:188} INFO - [2026-06-16T13:47:05.383+0000] {dagbag.py:545} INFO - Filling up the DagBag from /opt/airflow/dags/dag_08_gcp_taxi.py
[2026-06-16T13:47:05.396+0000] {processor.py:840} INFO - DAG(s) '08_gcp_taxi' retrieved from /opt/airflow/dags/dag_08_gcp_taxi.py
[2026-06-16T13:47:05.455+0000] {logging_mixin.py:188} INFO - [2026-06-16T13:47:05.455+0000] {dag.py:3089} INFO - Sync 1 DAGs
[2026-06-16T13:47:05.472+0000] {logging_mixin.py:188} INFO - [2026-06-16T13:47:05.472+0000] {dag.py:3947} INFO - Setting next_dagrun for 08_gcp_taxi to None, run_after=None
[2026-06-16T13:47:05.496+0000] {processor.py:183} INFO - Processing /opt/airflow/dags/dag_08_gcp_taxi.py took 0.134 seconds
[2026-06-16T13:47:36.466+0000] {processor.py:161} INFO - Started process (PID=7233) to work on /opt/airflow/dags/dag_08_gcp_taxi.py
[2026-06-16T13:47:36.468+0000] {processor.py:830} INFO - Processing file /opt/airflow/dags/dag_08_gcp_taxi.py for tasks to queue
[2026-06-16T13:47:36.471+0000] {logging_mixin.py:188} INFO - [2026-06-16T13:47:36.470+0000] {dagbag.py:545} INFO - Filling up the DagBag from /opt/airflow/dags/dag_08_gcp_taxi.py
[2026-06-16T13:47:36.485+0000] {processor.py:840} INFO - DAG(s) '08_gcp_taxi' retrieved from /opt/airflow/dags/dag_08_gcp_taxi.py
[2026-06-16T13:47:36.550+0000] {logging_mixin.py:188} INFO - [2026-06-16T13:47:36.549+0000] {dag.py:3089} INFO - Sync 1 DAGs
[2026-06-16T13:47:36.566+0000] {logging_mixin.py:188} INFO - [2026-06-16T13:47:36.566+0000] {dag.py:3947} INFO - Setting next_dagrun for 08_gcp_taxi to None, run_after=None
[2026-06-16T13:47:36.591+0000] {processor.py:183} INFO - Processing /opt/airflow/dags/dag_08_gcp_taxi.py took 0.134 seconds
[2026-06-16T13:48:07.615+0000] {processor.py:161} INFO - Started process (PID=7273) to work on /opt/airflow/dags/dag_08_gcp_taxi.py
[2026-06-16T13:48:07.617+0000] {processor.py:830} INFO - Processing file /opt/airflow/dags/dag_08_gcp_taxi.py for tasks to queue
[2026-06-16T13:48:07.620+0000] {logging_mixin.py:188} INFO - [2026-06-16T13:48:07.619+0000] {dagbag.py:545} INFO - Filling up the DagBag from /opt/airflow/dags/dag_08_gcp_taxi.py
[2026-06-16T13:48:07.634+0000] {processor.py:840} INFO - DAG(s) '08_gcp_taxi' retrieved from /opt/airflow/dags/dag_08_gcp_taxi.py
[2026-06-16T13:48:07.695+0000] {logging_mixin.py:188} INFO - [2026-06-16T13:48:07.695+0000] {dag.py:3089} INFO - Sync 1 DAGs
[2026-06-16T13:48:07.710+0000] {logging_mixin.py:188} INFO - [2026-06-16T13:48:07.710+0000] {dag.py:3947} INFO - Setting next_dagrun for 08_gcp_taxi to None, run_after=None
[2026-06-16T13:48:07.733+0000] {processor.py:183} INFO - Processing /opt/airflow/dags/dag_08_gcp_taxi.py took 0.128 seconds
[2026-06-16T13:48:38.312+0000] {processor.py:161} INFO - Started process (PID=7313) to work on /opt/airflow/dags/dag_08_gcp_taxi.py
[2026-06-16T13:48:38.313+0000] {processor.py:830} INFO - Processing file /opt/airflow/dags/dag_08_gcp_taxi.py for tasks to queue
[2026-06-16T13:48:38.316+0000] {logging_mixin.py:188} INFO - [2026-06-16T13:48:38.315+0000] {dagbag.py:545} INFO - Filling up the DagBag from /opt/airflow/dags/dag_08_gcp_taxi.py
[2026-06-16T13:48:38.329+0000] {processor.py:840} INFO - DAG(s) '08_gcp_taxi' retrieved from /opt/airflow/dags/dag_08_gcp_taxi.py
[2026-06-16T13:48:38.382+0000] {logging_mixin.py:188} INFO - [2026-06-16T13:48:38.381+0000] {dag.py:3089} INFO - Sync 1 DAGs
[2026-06-16T13:48:38.398+0000] {logging_mixin.py:188} INFO - [2026-06-16T13:48:38.398+0000] {dag.py:3947} INFO - Setting next_dagrun for 08_gcp_taxi to None, run_after=None
[2026-06-16T13:48:38.421+0000] {processor.py:183} INFO - Processing /opt/airflow/dags/dag_08_gcp_taxi.py took 0.119 seconds
[2026-06-16T13:49:08.892+0000] {processor.py:161} INFO - Started process (PID=7353) to work on /opt/airflow/dags/dag_08_gcp_taxi.py
[2026-06-16T13:49:08.903+0000] {processor.py:830} INFO - Processing file /opt/airflow/dags/dag_08_gcp_taxi.py for tasks to queue
[2026-06-16T13:49:08.906+0000] {logging_mixin.py:188} INFO - [2026-06-16T13:49:08.905+0000] {dagbag.py:545} INFO - Filling up the DagBag from /opt/airflow/dags/dag_08_gcp_taxi.py
[2026-06-16T13:49:08.919+0000] {processor.py:840} INFO - DAG(s) '08_gcp_taxi' retrieved from /opt/airflow/dags/dag_08_gcp_taxi.py
[2026-06-16T13:49:08.984+0000] {logging_mixin.py:188} INFO - [2026-06-16T13:49:08.983+0000] {dag.py:3089} INFO - Sync 1 DAGs
[2026-06-16T13:49:08.999+0000] {logging_mixin.py:188} INFO - [2026-06-16T13:49:08.999+0000] {dag.py:3947} INFO - Setting next_dagrun for 08_gcp_taxi to None, run_after=None
[2026-06-16T13:49:09.025+0000] {processor.py:183} INFO - Processing /opt/airflow/dags/dag_08_gcp_taxi.py took 0.144 seconds
[2026-06-16T13:49:39.230+0000] {processor.py:161} INFO - Started process (PID=7393) to work on /opt/airflow/dags/dag_08_gcp_taxi.py
[2026-06-16T13:49:39.232+0000] {processor.py:830} INFO - Processing file /opt/airflow/dags/dag_08_gcp_taxi.py for tasks to queue
[2026-06-16T13:49:39.236+0000] {logging_mixin.py:188} INFO - [2026-06-16T13:49:39.236+0000] {dagbag.py:545} INFO - Filling up the DagBag from /opt/airflow/dags/dag_08_gcp_taxi.py
[2026-06-16T13:49:39.249+0000] {processor.py:840} INFO - DAG(s) '08_gcp_taxi' retrieved from /opt/airflow/dags/dag_08_gcp_taxi.py
[2026-06-16T13:49:39.309+0000] {logging_mixin.py:188} INFO - [2026-06-16T13:49:39.308+0000] {dag.py:3089} INFO - Sync 1 DAGs
[2026-06-16T13:49:39.326+0000] {logging_mixin.py:188} INFO - [2026-06-16T13:49:39.326+0000] {dag.py:3947} INFO - Setting next_dagrun for 08_gcp_taxi to None, run_after=None
[2026-06-16T13:49:39.352+0000] {processor.py:183} INFO - Processing /opt/airflow/dags/dag_08_gcp_taxi.py took 0.134 seconds
[2026-06-16T13:50:09.498+0000] {processor.py:161} INFO - Started process (PID=7433) to work on /opt/airflow/dags/dag_08_gcp_taxi.py
[2026-06-16T13:50:09.500+0000] {processor.py:830} INFO - Processing file /opt/airflow/dags/dag_08_gcp_taxi.py for tasks to queue
[2026-06-16T13:50:09.503+0000] {logging_mixin.py:188} INFO - [2026-06-16T13:50:09.502+0000] {dagbag.py:545} INFO - Filling up the DagBag from /opt/airflow/dags/dag_08_gcp_taxi.py
[2026-06-16T13:50:09.515+0000] {processor.py:840} INFO - DAG(s) '08_gcp_taxi' retrieved from /opt/airflow/dags/dag_08_gcp_taxi.py
[2026-06-16T13:50:09.579+0000] {logging_mixin.py:188} INFO - [2026-06-16T13:50:09.579+0000] {dag.py:3089} INFO - Sync 1 DAGs
[2026-06-16T13:50:09.596+0000] {logging_mixin.py:188} INFO - [2026-06-16T13:50:09.596+0000] {dag.py:3947} INFO - Setting next_dagrun for 08_gcp_taxi to None, run_after=None
[2026-06-16T13:50:09.621+0000] {processor.py:183} INFO - Processing /opt/airflow/dags/dag_08_gcp_taxi.py took 0.130 seconds
[2026-06-16T13:50:39.751+0000] {processor.py:161} INFO - Started process (PID=7473) to work on /opt/airflow/dags/dag_08_gcp_taxi.py
[2026-06-16T13:50:39.752+0000] {processor.py:830} INFO - Processing file /opt/airflow/dags/dag_08_gcp_taxi.py for tasks to queue
[2026-06-16T13:50:39.755+0000] {logging_mixin.py:188} INFO - [2026-06-16T13:50:39.755+0000] {dagbag.py:545} INFO - Filling up the DagBag from /opt/airflow/dags/dag_08_gcp_taxi.py
[2026-06-16T13:50:39.768+0000] {processor.py:840} INFO - DAG(s) '08_gcp_taxi' retrieved from /opt/airflow/dags/dag_08_gcp_taxi.py
[2026-06-16T13:50:39.823+0000] {logging_mixin.py:188} INFO - [2026-06-16T13:50:39.823+0000] {dag.py:3089} INFO - Sync 1 DAGs
[2026-06-16T13:50:39.838+0000] {logging_mixin.py:188} INFO - [2026-06-16T13:50:39.838+0000] {dag.py:3947} INFO - Setting next_dagrun for 08_gcp_taxi to None, run_after=None
[2026-06-16T13:50:39.861+0000] {processor.py:183} INFO - Processing /opt/airflow/dags/dag_08_gcp_taxi.py took 0.118 seconds
[2026-06-16T13:51:09.919+0000] {processor.py:161} INFO - Started process (PID=7513) to work on /opt/airflow/dags/dag_08_gcp_taxi.py
[2026-06-16T13:51:09.929+0000] {processor.py:830} INFO - Processing file /opt/airflow/dags/dag_08_gcp_taxi.py for tasks to queue
[2026-06-16T13:51:09.931+0000] {logging_mixin.py:188} INFO - [2026-06-16T13:51:09.931+0000] {dagbag.py:545} INFO - Filling up the DagBag from /opt/airflow/dags/dag_08_gcp_taxi.py
[2026-06-16T13:51:09.943+0000] {processor.py:840} INFO - DAG(s) '08_gcp_taxi' retrieved from /opt/airflow/dags/dag_08_gcp_taxi.py
[2026-06-16T13:51:10.001+0000] {logging_mixin.py:188} INFO - [2026-06-16T13:51:10.001+0000] {dag.py:3089} INFO - Sync 1 DAGs
[2026-06-16T13:51:10.016+0000] {logging_mixin.py:188} INFO - [2026-06-16T13:51:10.016+0000] {dag.py:3947} INFO - Setting next_dagrun for 08_gcp_taxi to None, run_after=None
[2026-06-16T13:51:10.040+0000] {processor.py:183} INFO - Processing /opt/airflow/dags/dag_08_gcp_taxi.py took 0.129 seconds
[2026-06-16T13:51:40.231+0000] {processor.py:161} INFO - Started process (PID=7553) to work on /opt/airflow/dags/dag_08_gcp_taxi.py
[2026-06-16T13:51:40.232+0000] {processor.py:830} INFO - Processing file /opt/airflow/dags/dag_08_gcp_taxi.py for tasks to queue
[2026-06-16T13:51:40.235+0000] {logging_mixin.py:188} INFO - [2026-06-16T13:51:40.235+0000] {dagbag.py:545} INFO - Filling up the DagBag from /opt/airflow/dags/dag_08_gcp_taxi.py
[2026-06-16T13:51:40.248+0000] {processor.py:840} INFO - DAG(s) '08_gcp_taxi' retrieved from /opt/airflow/dags/dag_08_gcp_taxi.py
[2026-06-16T13:51:40.305+0000] {logging_mixin.py:188} INFO - [2026-06-16T13:51:40.305+0000] {dag.py:3089} INFO - Sync 1 DAGs
[2026-06-16T13:51:40.323+0000] {logging_mixin.py:188} INFO - [2026-06-16T13:51:40.323+0000] {dag.py:3947} INFO - Setting next_dagrun for 08_gcp_taxi to None, run_after=None
[2026-06-16T13:51:40.346+0000] {processor.py:183} INFO - Processing /opt/airflow/dags/dag_08_gcp_taxi.py took 0.123 seconds
[2026-06-16T13:52:10.393+0000] {processor.py:161} INFO - Started process (PID=7593) to work on /opt/airflow/dags/dag_08_gcp_taxi.py
[2026-06-16T13:52:10.404+0000] {processor.py:830} INFO - Processing file /opt/airflow/dags/dag_08_gcp_taxi.py for tasks to queue
[2026-06-16T13:52:10.405+0000] {logging_mixin.py:188} INFO - [2026-06-16T13:52:10.405+0000] {dagbag.py:545} INFO - Filling up the DagBag from /opt/airflow/dags/dag_08_gcp_taxi.py
[2026-06-16T13:52:10.417+0000] {processor.py:840} INFO - DAG(s) '08_gcp_taxi' retrieved from /opt/airflow/dags/dag_08_gcp_taxi.py
[2026-06-16T13:52:10.476+0000] {logging_mixin.py:188} INFO - [2026-06-16T13:52:10.476+0000] {dag.py:3089} INFO - Sync 1 DAGs
[2026-06-16T13:52:10.493+0000] {logging_mixin.py:188} INFO - [2026-06-16T13:52:10.493+0000] {dag.py:3947} INFO - Setting next_dagrun for 08_gcp_taxi to None, run_after=None
[2026-06-16T13:52:10.518+0000] {processor.py:183} INFO - Processing /opt/airflow/dags/dag_08_gcp_taxi.py took 0.132 seconds
[2026-06-16T13:52:40.620+0000] {processor.py:161} INFO - Started process (PID=7633) to work on /opt/airflow/dags/dag_08_gcp_taxi.py
[2026-06-16T13:52:40.621+0000] {processor.py:830} INFO - Processing file /opt/airflow/dags/dag_08_gcp_taxi.py for tasks to queue
[2026-06-16T13:52:40.623+0000] {logging_mixin.py:188} INFO - [2026-06-16T13:52:40.622+0000] {dagbag.py:545} INFO - Filling up the DagBag from /opt/airflow/dags/dag_08_gcp_taxi.py
[2026-06-16T13:52:40.636+0000] {processor.py:840} INFO - DAG(s) '08_gcp_taxi' retrieved from /opt/airflow/dags/dag_08_gcp_taxi.py
[2026-06-16T13:52:40.693+0000] {logging_mixin.py:188} INFO - [2026-06-16T13:52:40.692+0000] {dag.py:3089} INFO - Sync 1 DAGs
[2026-06-16T13:52:40.708+0000] {logging_mixin.py:188} INFO - [2026-06-16T13:52:40.707+0000] {dag.py:3947} INFO - Setting next_dagrun for 08_gcp_taxi to None, run_after=None
[2026-06-16T13:52:40.729+0000] {processor.py:183} INFO - Processing /opt/airflow/dags/dag_08_gcp_taxi.py took 0.117 seconds
[2026-06-16T13:53:10.892+0000] {processor.py:161} INFO - Started process (PID=7673) to work on /opt/airflow/dags/dag_08_gcp_taxi.py
[2026-06-16T13:53:10.895+0000] {processor.py:830} INFO - Processing file /opt/airflow/dags/dag_08_gcp_taxi.py for tasks to queue
[2026-06-16T13:53:10.897+0000] {logging_mixin.py:188} INFO - [2026-06-16T13:53:10.897+0000] {dagbag.py:545} INFO - Filling up the DagBag from /opt/airflow/dags/dag_08_gcp_taxi.py
[2026-06-16T13:53:10.908+0000] {processor.py:840} INFO - DAG(s) '08_gcp_taxi' retrieved from /opt/airflow/dags/dag_08_gcp_taxi.py
[2026-06-16T13:53:10.961+0000] {logging_mixin.py:188} INFO - [2026-06-16T13:53:10.960+0000] {dag.py:3089} INFO - Sync 1 DAGs
[2026-06-16T13:53:10.977+0000] {logging_mixin.py:188} INFO - [2026-06-16T13:53:10.977+0000] {dag.py:3947} INFO - Setting next_dagrun for 08_gcp_taxi to None, run_after=None
[2026-06-16T13:53:11.000+0000] {processor.py:183} INFO - Processing /opt/airflow/dags/dag_08_gcp_taxi.py took 0.115 seconds
[2026-06-16T13:53:41.130+0000] {processor.py:161} INFO - Started process (PID=7713) to work on /opt/airflow/dags/dag_08_gcp_taxi.py
[2026-06-16T13:53:41.131+0000] {processor.py:830} INFO - Processing file /opt/airflow/dags/dag_08_gcp_taxi.py for tasks to queue
[2026-06-16T13:53:41.133+0000] {logging_mixin.py:188} INFO - [2026-06-16T13:53:41.132+0000] {dagbag.py:545} INFO - Filling up the DagBag from /opt/airflow/dags/dag_08_gcp_taxi.py
[2026-06-16T13:53:41.144+0000] {processor.py:840} INFO - DAG(s) '08_gcp_taxi' retrieved from /opt/airflow/dags/dag_08_gcp_taxi.py
[2026-06-16T13:53:41.194+0000] {logging_mixin.py:188} INFO - [2026-06-16T13:53:41.194+0000] {dag.py:3089} INFO - Sync 1 DAGs
[2026-06-16T13:53:41.209+0000] {logging_mixin.py:188} INFO - [2026-06-16T13:53:41.209+0000] {dag.py:3947} INFO - Setting next_dagrun for 08_gcp_taxi to None, run_after=None
[2026-06-16T13:53:41.241+0000] {processor.py:183} INFO - Processing /opt/airflow/dags/dag_08_gcp_taxi.py took 0.119 seconds
[2026-06-16T13:54:11.386+0000] {processor.py:161} INFO - Started process (PID=7753) to work on /opt/airflow/dags/dag_08_gcp_taxi.py
[2026-06-16T13:54:11.388+0000] {processor.py:830} INFO - Processing file /opt/airflow/dags/dag_08_gcp_taxi.py for tasks to queue
[2026-06-16T13:54:11.390+0000] {logging_mixin.py:188} INFO - [2026-06-16T13:54:11.390+0000] {dagbag.py:545} INFO - Filling up the DagBag from /opt/airflow/dags/dag_08_gcp_taxi.py
[2026-06-16T13:54:11.401+0000] {processor.py:840} INFO - DAG(s) '08_gcp_taxi' retrieved from /opt/airflow/dags/dag_08_gcp_taxi.py
[2026-06-16T13:54:11.462+0000] {logging_mixin.py:188} INFO - [2026-06-16T13:54:11.462+0000] {dag.py:3089} INFO - Sync 1 DAGs
[2026-06-16T13:54:11.481+0000] {logging_mixin.py:188} INFO - [2026-06-16T13:54:11.481+0000] {dag.py:3947} INFO - Setting next_dagrun for 08_gcp_taxi to None, run_after=None
[2026-06-16T13:54:11.508+0000] {processor.py:183} INFO - Processing /opt/airflow/dags/dag_08_gcp_taxi.py took 0.129 seconds
[2026-06-16T13:54:41.620+0000] {processor.py:161} INFO - Started process (PID=7793) to work on /opt/airflow/dags/dag_08_gcp_taxi.py
[2026-06-16T13:54:41.621+0000] {processor.py:830} INFO - Processing file /opt/airflow/dags/dag_08_gcp_taxi.py for tasks to queue
[2026-06-16T13:54:41.624+0000] {logging_mixin.py:188} INFO - [2026-06-16T13:54:41.623+0000] {dagbag.py:545} INFO - Filling up the DagBag from /opt/airflow/dags/dag_08_gcp_taxi.py
[2026-06-16T13:54:41.637+0000] {processor.py:840} INFO - DAG(s) '08_gcp_taxi' retrieved from /opt/airflow/dags/dag_08_gcp_taxi.py
[2026-06-16T13:54:41.693+0000] {logging_mixin.py:188} INFO - [2026-06-16T13:54:41.692+0000] {dag.py:3089} INFO - Sync 1 DAGs
[2026-06-16T13:54:41.708+0000] {logging_mixin.py:188} INFO - [2026-06-16T13:54:41.708+0000] {dag.py:3947} INFO - Setting next_dagrun for 08_gcp_taxi to None, run_after=None
[2026-06-16T13:54:41.734+0000] {processor.py:183} INFO - Processing /opt/airflow/dags/dag_08_gcp_taxi.py took 0.125 seconds
[2026-06-16T13:55:11.812+0000] {processor.py:161} INFO - Started process (PID=7833) to work on /opt/airflow/dags/dag_08_gcp_taxi.py
[2026-06-16T13:55:11.823+0000] {processor.py:830} INFO - Processing file /opt/airflow/dags/dag_08_gcp_taxi.py for tasks to queue
[2026-06-16T13:55:11.825+0000] {logging_mixin.py:188} INFO - [2026-06-16T13:55:11.825+0000] {dagbag.py:545} INFO - Filling up the DagBag from /opt/airflow/dags/dag_08_gcp_taxi.py
[2026-06-16T13:55:11.836+0000] {processor.py:840} INFO - DAG(s) '08_gcp_taxi' retrieved from /opt/airflow/dags/dag_08_gcp_taxi.py
[2026-06-16T13:55:11.889+0000] {logging_mixin.py:188} INFO - [2026-06-16T13:55:11.889+0000] {dag.py:3089} INFO - Sync 1 DAGs
[2026-06-16T13:55:11.903+0000] {logging_mixin.py:188} INFO - [2026-06-16T13:55:11.902+0000] {dag.py:3947} INFO - Setting next_dagrun for 08_gcp_taxi to None, run_after=None
[2026-06-16T13:55:11.925+0000] {processor.py:183} INFO - Processing /opt/airflow/dags/dag_08_gcp_taxi.py took 0.120 seconds
[2026-06-16T13:55:42.013+0000] {processor.py:161} INFO - Started process (PID=7873) to work on /opt/airflow/dags/dag_08_gcp_taxi.py
[2026-06-16T13:55:42.014+0000] {processor.py:830} INFO - Processing file /opt/airflow/dags/dag_08_gcp_taxi.py for tasks to queue
[2026-06-16T13:55:42.016+0000] {logging_mixin.py:188} INFO - [2026-06-16T13:55:42.016+0000] {dagbag.py:545} INFO - Filling up the DagBag from /opt/airflow/dags/dag_08_gcp_taxi.py
[2026-06-16T13:55:42.027+0000] {processor.py:840} INFO - DAG(s) '08_gcp_taxi' retrieved from /opt/airflow/dags/dag_08_gcp_taxi.py
[2026-06-16T13:55:42.078+0000] {logging_mixin.py:188} INFO - [2026-06-16T13:55:42.077+0000] {dag.py:3089} INFO - Sync 1 DAGs
[2026-06-16T13:55:42.093+0000] {logging_mixin.py:188} INFO - [2026-06-16T13:55:42.093+0000] {dag.py:3947} INFO - Setting next_dagrun for 08_gcp_taxi to None, run_after=None
[2026-06-16T13:55:42.116+0000] {processor.py:183} INFO - Processing /opt/airflow/dags/dag_08_gcp_taxi.py took 0.111 seconds
[2026-06-16T13:56:12.763+0000] {processor.py:161} INFO - Started process (PID=7913) to work on /opt/airflow/dags/dag_08_gcp_taxi.py
[2026-06-16T13:56:12.774+0000] {processor.py:830} INFO - Processing file /opt/airflow/dags/dag_08_gcp_taxi.py for tasks to queue
[2026-06-16T13:56:12.776+0000] {logging_mixin.py:188} INFO - [2026-06-16T13:56:12.776+0000] {dagbag.py:545} INFO - Filling up the DagBag from /opt/airflow/dags/dag_08_gcp_taxi.py
[2026-06-16T13:56:12.788+0000] {processor.py:840} INFO - DAG(s) '08_gcp_taxi' retrieved from /opt/airflow/dags/dag_08_gcp_taxi.py
[2026-06-16T13:56:12.844+0000] {logging_mixin.py:188} INFO - [2026-06-16T13:56:12.844+0000] {dag.py:3089} INFO - Sync 1 DAGs
[2026-06-16T13:56:12.859+0000] {logging_mixin.py:188} INFO - [2026-06-16T13:56:12.859+0000] {dag.py:3947} INFO - Setting next_dagrun for 08_gcp_taxi to None, run_after=None
[2026-06-16T13:56:12.882+0000] {processor.py:183} INFO - Processing /opt/airflow/dags/dag_08_gcp_taxi.py took 0.127 seconds
[2026-06-16T13:56:43.699+0000] {processor.py:161} INFO - Started process (PID=7953) to work on /opt/airflow/dags/dag_08_gcp_taxi.py
[2026-06-16T13:56:43.701+0000] {processor.py:830} INFO - Processing file /opt/airflow/dags/dag_08_gcp_taxi.py for tasks to queue
[2026-06-16T13:56:43.704+0000] {logging_mixin.py:188} INFO - [2026-06-16T13:56:43.703+0000] {dagbag.py:545} INFO - Filling up the DagBag from /opt/airflow/dags/dag_08_gcp_taxi.py
[2026-06-16T13:56:43.716+0000] {processor.py:840} INFO - DAG(s) '08_gcp_taxi' retrieved from /opt/airflow/dags/dag_08_gcp_taxi.py
[2026-06-16T13:56:43.774+0000] {logging_mixin.py:188} INFO - [2026-06-16T13:56:43.773+0000] {dag.py:3089} INFO - Sync 1 DAGs
[2026-06-16T13:56:43.791+0000] {logging_mixin.py:188} INFO - [2026-06-16T13:56:43.791+0000] {dag.py:3947} INFO - Setting next_dagrun for 08_gcp_taxi to None, run_after=None
[2026-06-16T13:56:43.819+0000] {processor.py:183} INFO - Processing /opt/airflow/dags/dag_08_gcp_taxi.py took 0.128 seconds
[2026-06-16T13:57:13.858+0000] {processor.py:161} INFO - Started process (PID=7993) to work on /opt/airflow/dags/dag_08_gcp_taxi.py
[2026-06-16T13:57:13.860+0000] {processor.py:830} INFO - Processing file /opt/airflow/dags/dag_08_gcp_taxi.py for tasks to queue
[2026-06-16T13:57:13.862+0000] {logging_mixin.py:188} INFO - [2026-06-16T13:57:13.862+0000] {dagbag.py:545} INFO - Filling up the DagBag from /opt/airflow/dags/dag_08_gcp_taxi.py
[2026-06-16T13:57:13.874+0000] {processor.py:840} INFO - DAG(s) '08_gcp_taxi' retrieved from /opt/airflow/dags/dag_08_gcp_taxi.py
[2026-06-16T13:57:13.926+0000] {logging_mixin.py:188} INFO - [2026-06-16T13:57:13.926+0000] {dag.py:3089} INFO - Sync 1 DAGs
[2026-06-16T13:57:13.941+0000] {logging_mixin.py:188} INFO - [2026-06-16T13:57:13.941+0000] {dag.py:3947} INFO - Setting next_dagrun for 08_gcp_taxi to None, run_after=None
[2026-06-16T13:57:13.964+0000] {processor.py:183} INFO - Processing /opt/airflow/dags/dag_08_gcp_taxi.py took 0.112 seconds
[2026-06-16T13:57:44.263+0000] {processor.py:161} INFO - Started process (PID=8033) to work on /opt/airflow/dags/dag_08_gcp_taxi.py
[2026-06-16T13:57:44.265+0000] {processor.py:830} INFO - Processing file /opt/airflow/dags/dag_08_gcp_taxi.py for tasks to queue
[2026-06-16T13:57:44.267+0000] {logging_mixin.py:188} INFO - [2026-06-16T13:57:44.267+0000] {dagbag.py:545} INFO - Filling up the DagBag from /opt/airflow/dags/dag_08_gcp_taxi.py
[2026-06-16T13:57:44.280+0000] {processor.py:840} INFO - DAG(s) '08_gcp_taxi' retrieved from /opt/airflow/dags/dag_08_gcp_taxi.py
[2026-06-16T13:57:44.350+0000] {logging_mixin.py:188} INFO - [2026-06-16T13:57:44.350+0000] {dag.py:3089} INFO - Sync 1 DAGs
[2026-06-16T13:57:44.367+0000] {logging_mixin.py:188} INFO - [2026-06-16T13:57:44.367+0000] {dag.py:3947} INFO - Setting next_dagrun for 08_gcp_taxi to None, run_after=None
[2026-06-16T13:57:44.391+0000] {processor.py:183} INFO - Processing /opt/airflow/dags/dag_08_gcp_taxi.py took 0.138 seconds
[2026-06-16T13:58:14.501+0000] {processor.py:161} INFO - Started process (PID=8073) to work on /opt/airflow/dags/dag_08_gcp_taxi.py
[2026-06-16T13:58:14.512+0000] {processor.py:830} INFO - Processing file /opt/airflow/dags/dag_08_gcp_taxi.py for tasks to queue
[2026-06-16T13:58:14.515+0000] {logging_mixin.py:188} INFO - [2026-06-16T13:58:14.514+0000] {dagbag.py:545} INFO - Filling up the DagBag from /opt/airflow/dags/dag_08_gcp_taxi.py
[2026-06-16T13:58:14.529+0000] {processor.py:840} INFO - DAG(s) '08_gcp_taxi' retrieved from /opt/airflow/dags/dag_08_gcp_taxi.py
[2026-06-16T13:58:14.591+0000] {logging_mixin.py:188} INFO - [2026-06-16T13:58:14.590+0000] {dag.py:3089} INFO - Sync 1 DAGs
[2026-06-16T13:58:14.613+0000] {logging_mixin.py:188} INFO - [2026-06-16T13:58:14.613+0000] {dag.py:3947} INFO - Setting next_dagrun for 08_gcp_taxi to None, run_after=None
[2026-06-16T13:58:14.641+0000] {processor.py:183} INFO - Processing /opt/airflow/dags/dag_08_gcp_taxi.py took 0.150 seconds
[2026-06-16T13:58:44.694+0000] {processor.py:161} INFO - Started process (PID=8113) to work on /opt/airflow/dags/dag_08_gcp_taxi.py
[2026-06-16T13:58:44.696+0000] {processor.py:830} INFO - Processing file /opt/airflow/dags/dag_08_gcp_taxi.py for tasks to queue
[2026-06-16T13:58:44.699+0000] {logging_mixin.py:188} INFO - [2026-06-16T13:58:44.698+0000] {dagbag.py:545} INFO - Filling up the DagBag from /opt/airflow/dags/dag_08_gcp_taxi.py
[2026-06-16T13:58:44.713+0000] {processor.py:840} INFO - DAG(s) '08_gcp_taxi' retrieved from /opt/airflow/dags/dag_08_gcp_taxi.py
[2026-06-16T13:58:44.770+0000] {logging_mixin.py:188} INFO - [2026-06-16T13:58:44.770+0000] {dag.py:3089} INFO - Sync 1 DAGs
[2026-06-16T13:58:44.790+0000] {logging_mixin.py:188} INFO - [2026-06-16T13:58:44.790+0000] {dag.py:3947} INFO - Setting next_dagrun for 08_gcp_taxi to None, run_after=None
[2026-06-16T13:58:44.818+0000] {processor.py:183} INFO - Processing /opt/airflow/dags/dag_08_gcp_taxi.py took 0.132 seconds
[2026-06-16T13:59:14.903+0000] {processor.py:161} INFO - Started process (PID=8153) to work on /opt/airflow/dags/dag_08_gcp_taxi.py
[2026-06-16T13:59:14.905+0000] {processor.py:830} INFO - Processing file /opt/airflow/dags/dag_08_gcp_taxi.py for tasks to queue
[2026-06-16T13:59:14.908+0000] {logging_mixin.py:188} INFO - [2026-06-16T13:59:14.908+0000] {dagbag.py:545} INFO - Filling up the DagBag from /opt/airflow/dags/dag_08_gcp_taxi.py
[2026-06-16T13:59:14.927+0000] {processor.py:840} INFO - DAG(s) '08_gcp_taxi' retrieved from /opt/airflow/dags/dag_08_gcp_taxi.py
[2026-06-16T13:59:14.998+0000] {logging_mixin.py:188} INFO - [2026-06-16T13:59:14.998+0000] {dag.py:3089} INFO - Sync 1 DAGs
[2026-06-16T13:59:15.014+0000] {logging_mixin.py:188} INFO - [2026-06-16T13:59:15.014+0000] {dag.py:3947} INFO - Setting next_dagrun for 08_gcp_taxi to None, run_after=None
[2026-06-16T13:59:15.044+0000] {processor.py:183} INFO - Processing /opt/airflow/dags/dag_08_gcp_taxi.py took 0.151 seconds
[2026-06-16T13:59:45.666+0000] {processor.py:161} INFO - Started process (PID=8193) to work on /opt/airflow/dags/dag_08_gcp_taxi.py
[2026-06-16T13:59:45.668+0000] {processor.py:830} INFO - Processing file /opt/airflow/dags/dag_08_gcp_taxi.py for tasks to queue
[2026-06-16T13:59:45.670+0000] {logging_mixin.py:188} INFO - [2026-06-16T13:59:45.670+0000] {dagbag.py:545} INFO - Filling up the DagBag from /opt/airflow/dags/dag_08_gcp_taxi.py
[2026-06-16T13:59:45.682+0000] {processor.py:840} INFO - DAG(s) '08_gcp_taxi' retrieved from /opt/airflow/dags/dag_08_gcp_taxi.py
[2026-06-16T13:59:45.743+0000] {logging_mixin.py:188} INFO - [2026-06-16T13:59:45.743+0000] {dag.py:3089} INFO - Sync 1 DAGs
[2026-06-16T13:59:45.765+0000] {logging_mixin.py:188} INFO - [2026-06-16T13:59:45.765+0000] {dag.py:3947} INFO - Setting next_dagrun for 08_gcp_taxi to None, run_after=None
[2026-06-16T13:59:45.791+0000] {processor.py:183} INFO - Processing /opt/airflow/dags/dag_08_gcp_taxi.py took 0.133 seconds
[2026-06-16T14:00:16.727+0000] {processor.py:161} INFO - Started process (PID=8233) to work on /opt/airflow/dags/dag_08_gcp_taxi.py
[2026-06-16T14:00:16.729+0000] {processor.py:830} INFO - Processing file /opt/airflow/dags/dag_08_gcp_taxi.py for tasks to queue
[2026-06-16T14:00:16.733+0000] {logging_mixin.py:188} INFO - [2026-06-16T14:00:16.733+0000] {dagbag.py:545} INFO - Filling up the DagBag from /opt/airflow/dags/dag_08_gcp_taxi.py
[2026-06-16T14:00:16.749+0000] {processor.py:840} INFO - DAG(s) '08_gcp_taxi' retrieved from /opt/airflow/dags/dag_08_gcp_taxi.py
[2026-06-16T14:00:16.814+0000] {logging_mixin.py:188} INFO - [2026-06-16T14:00:16.814+0000] {dag.py:3089} INFO - Sync 1 DAGs
[2026-06-16T14:00:16.834+0000] {logging_mixin.py:188} INFO - [2026-06-16T14:00:16.833+0000] {dag.py:3947} INFO - Setting next_dagrun for 08_gcp_taxi to None, run_after=None
[2026-06-16T14:00:16.861+0000] {processor.py:183} INFO - Processing /opt/airflow/dags/dag_08_gcp_taxi.py took 0.150 seconds
[2026-06-16T14:00:46.945+0000] {processor.py:161} INFO - Started process (PID=8273) to work on /opt/airflow/dags/dag_08_gcp_taxi.py
[2026-06-16T14:00:46.948+0000] {processor.py:830} INFO - Processing file /opt/airflow/dags/dag_08_gcp_taxi.py for tasks to queue
[2026-06-16T14:00:46.951+0000] {logging_mixin.py:188} INFO - [2026-06-16T14:00:46.950+0000] {dagbag.py:545} INFO - Filling up the DagBag from /opt/airflow/dags/dag_08_gcp_taxi.py
[2026-06-16T14:00:46.964+0000] {processor.py:840} INFO - DAG(s) '08_gcp_taxi' retrieved from /opt/airflow/dags/dag_08_gcp_taxi.py
[2026-06-16T14:00:47.027+0000] {logging_mixin.py:188} INFO - [2026-06-16T14:00:47.027+0000] {dag.py:3089} INFO - Sync 1 DAGs
[2026-06-16T14:00:47.042+0000] {logging_mixin.py:188} INFO - [2026-06-16T14:00:47.042+0000] {dag.py:3947} INFO - Setting next_dagrun for 08_gcp_taxi to None, run_after=None
[2026-06-16T14:00:47.065+0000] {processor.py:183} INFO - Processing /opt/airflow/dags/dag_08_gcp_taxi.py took 0.128 seconds
[2026-06-16T14:01:17.156+0000] {processor.py:161} INFO - Started process (PID=8313) to work on /opt/airflow/dags/dag_08_gcp_taxi.py
[2026-06-16T14:01:17.158+0000] {processor.py:830} INFO - Processing file /opt/airflow/dags/dag_08_gcp_taxi.py for tasks to queue
[2026-06-16T14:01:17.160+0000] {logging_mixin.py:188} INFO - [2026-06-16T14:01:17.159+0000] {dagbag.py:545} INFO - Filling up the DagBag from /opt/airflow/dags/dag_08_gcp_taxi.py
[2026-06-16T14:01:17.173+0000] {processor.py:840} INFO - DAG(s) '08_gcp_taxi' retrieved from /opt/airflow/dags/dag_08_gcp_taxi.py
[2026-06-16T14:01:17.242+0000] {logging_mixin.py:188} INFO - [2026-06-16T14:01:17.241+0000] {dag.py:3089} INFO - Sync 1 DAGs
[2026-06-16T14:01:17.262+0000] {logging_mixin.py:188} INFO - [2026-06-16T14:01:17.262+0000] {dag.py:3947} INFO - Setting next_dagrun for 08_gcp_taxi to None, run_after=None
[2026-06-16T14:01:17.289+0000] {processor.py:183} INFO - Processing /opt/airflow/dags/dag_08_gcp_taxi.py took 0.142 seconds
[2026-06-16T14:01:47.394+0000] {processor.py:161} INFO - Started process (PID=8353) to work on /opt/airflow/dags/dag_08_gcp_taxi.py
[2026-06-16T14:01:47.396+0000] {processor.py:830} INFO - Processing file /opt/airflow/dags/dag_08_gcp_taxi.py for tasks to queue
[2026-06-16T14:01:47.398+0000] {logging_mixin.py:188} INFO - [2026-06-16T14:01:47.398+0000] {dagbag.py:545} INFO - Filling up the DagBag from /opt/airflow/dags/dag_08_gcp_taxi.py
[2026-06-16T14:01:47.411+0000] {processor.py:840} INFO - DAG(s) '08_gcp_taxi' retrieved from /opt/airflow/dags/dag_08_gcp_taxi.py
[2026-06-16T14:01:47.476+0000] {logging_mixin.py:188} INFO - [2026-06-16T14:01:47.476+0000] {dag.py:3089} INFO - Sync 1 DAGs
[2026-06-16T14:01:47.495+0000] {logging_mixin.py:188} INFO - [2026-06-16T14:01:47.494+0000] {dag.py:3947} INFO - Setting next_dagrun for 08_gcp_taxi to None, run_after=None
[2026-06-16T14:01:47.519+0000] {processor.py:183} INFO - Processing /opt/airflow/dags/dag_08_gcp_taxi.py took 0.135 seconds
[2026-06-16T14:02:17.577+0000] {processor.py:161} INFO - Started process (PID=8393) to work on /opt/airflow/dags/dag_08_gcp_taxi.py
[2026-06-16T14:02:17.579+0000] {processor.py:830} INFO - Processing file /opt/airflow/dags/dag_08_gcp_taxi.py for tasks to queue
[2026-06-16T14:02:17.581+0000] {logging_mixin.py:188} INFO - [2026-06-16T14:02:17.581+0000] {dagbag.py:545} INFO - Filling up the DagBag from /opt/airflow/dags/dag_08_gcp_taxi.py
[2026-06-16T14:02:17.594+0000] {processor.py:840} INFO - DAG(s) '08_gcp_taxi' retrieved from /opt/airflow/dags/dag_08_gcp_taxi.py
[2026-06-16T14:02:17.654+0000] {logging_mixin.py:188} INFO - [2026-06-16T14:02:17.654+0000] {dag.py:3089} INFO - Sync 1 DAGs
[2026-06-16T14:02:17.672+0000] {logging_mixin.py:188} INFO - [2026-06-16T14:02:17.671+0000] {dag.py:3947} INFO - Setting next_dagrun for 08_gcp_taxi to None, run_after=None
[2026-06-16T14:02:17.699+0000] {processor.py:183} INFO - Processing /opt/airflow/dags/dag_08_gcp_taxi.py took 0.129 seconds
[2026-06-16T14:02:47.803+0000] {processor.py:161} INFO - Started process (PID=8433) to work on /opt/airflow/dags/dag_08_gcp_taxi.py
[2026-06-16T14:02:47.805+0000] {processor.py:830} INFO - Processing file /opt/airflow/dags/dag_08_gcp_taxi.py for tasks to queue
[2026-06-16T14:02:47.807+0000] {logging_mixin.py:188} INFO - [2026-06-16T14:02:47.807+0000] {dagbag.py:545} INFO - Filling up the DagBag from /opt/airflow/dags/dag_08_gcp_taxi.py
[2026-06-16T14:02:47.821+0000] {processor.py:840} INFO - DAG(s) '08_gcp_taxi' retrieved from /opt/airflow/dags/dag_08_gcp_taxi.py
[2026-06-16T14:02:47.896+0000] {logging_mixin.py:188} INFO - [2026-06-16T14:02:47.896+0000] {dag.py:3089} INFO - Sync 1 DAGs
[2026-06-16T14:02:47.912+0000] {logging_mixin.py:188} INFO - [2026-06-16T14:02:47.912+0000] {dag.py:3947} INFO - Setting next_dagrun for 08_gcp_taxi to None, run_after=None
[2026-06-16T14:02:47.937+0000] {processor.py:183} INFO - Processing /opt/airflow/dags/dag_08_gcp_taxi.py took 0.143 seconds
[2026-06-16T14:03:18.063+0000] {processor.py:161} INFO - Started process (PID=8473) to work on /opt/airflow/dags/dag_08_gcp_taxi.py
[2026-06-16T14:03:18.066+0000] {processor.py:830} INFO - Processing file /opt/airflow/dags/dag_08_gcp_taxi.py for tasks to queue
[2026-06-16T14:03:18.069+0000] {logging_mixin.py:188} INFO - [2026-06-16T14:03:18.068+0000] {dagbag.py:545} INFO - Filling up the DagBag from /opt/airflow/dags/dag_08_gcp_taxi.py
[2026-06-16T14:03:18.084+0000] {processor.py:840} INFO - DAG(s) '08_gcp_taxi' retrieved from /opt/airflow/dags/dag_08_gcp_taxi.py
[2026-06-16T14:03:18.151+0000] {logging_mixin.py:188} INFO - [2026-06-16T14:03:18.150+0000] {dag.py:3089} INFO - Sync 1 DAGs
[2026-06-16T14:03:18.169+0000] {logging_mixin.py:188} INFO - [2026-06-16T14:03:18.169+0000] {dag.py:3947} INFO - Setting next_dagrun for 08_gcp_taxi to None, run_after=None
[2026-06-16T14:03:18.194+0000] {processor.py:183} INFO - Processing /opt/airflow/dags/dag_08_gcp_taxi.py took 0.142 seconds
[2026-06-16T14:03:48.234+0000] {processor.py:161} INFO - Started process (PID=8513) to work on /opt/airflow/dags/dag_08_gcp_taxi.py
[2026-06-16T14:03:48.237+0000] {processor.py:830} INFO - Processing file /opt/airflow/dags/dag_08_gcp_taxi.py for tasks to queue
[2026-06-16T14:03:48.239+0000] {logging_mixin.py:188} INFO - [2026-06-16T14:03:48.239+0000] {dagbag.py:545} INFO - Filling up the DagBag from /opt/airflow/dags/dag_08_gcp_taxi.py
[2026-06-16T14:03:48.252+0000] {processor.py:840} INFO - DAG(s) '08_gcp_taxi' retrieved from /opt/airflow/dags/dag_08_gcp_taxi.py
[2026-06-16T14:03:48.318+0000] {logging_mixin.py:188} INFO - [2026-06-16T14:03:48.318+0000] {dag.py:3089} INFO - Sync 1 DAGs
[2026-06-16T14:03:48.342+0000] {logging_mixin.py:188} INFO - [2026-06-16T14:03:48.342+0000] {dag.py:3947} INFO - Setting next_dagrun for 08_gcp_taxi to None, run_after=None
[2026-06-16T14:03:48.367+0000] {processor.py:183} INFO - Processing /opt/airflow/dags/dag_08_gcp_taxi.py took 0.140 seconds
[2026-06-16T14:04:18.476+0000] {processor.py:161} INFO - Started process (PID=8553) to work on /opt/airflow/dags/dag_08_gcp_taxi.py
[2026-06-16T14:04:18.478+0000] {processor.py:830} INFO - Processing file /opt/airflow/dags/dag_08_gcp_taxi.py for tasks to queue
[2026-06-16T14:04:18.481+0000] {logging_mixin.py:188} INFO - [2026-06-16T14:04:18.480+0000] {dagbag.py:545} INFO - Filling up the DagBag from /opt/airflow/dags/dag_08_gcp_taxi.py
[2026-06-16T14:04:18.497+0000] {processor.py:840} INFO - DAG(s) '08_gcp_taxi' retrieved from /opt/airflow/dags/dag_08_gcp_taxi.py
[2026-06-16T14:04:18.566+0000] {logging_mixin.py:188} INFO - [2026-06-16T14:04:18.565+0000] {dag.py:3089} INFO - Sync 1 DAGs
[2026-06-16T14:04:18.584+0000] {logging_mixin.py:188} INFO - [2026-06-16T14:04:18.583+0000] {dag.py:3947} INFO - Setting next_dagrun for 08_gcp_taxi to None, run_after=None
[2026-06-16T14:04:18.609+0000] {processor.py:183} INFO - Processing /opt/airflow/dags/dag_08_gcp_taxi.py took 0.147 seconds
[2026-06-16T14:04:48.678+0000] {processor.py:161} INFO - Started process (PID=8593) to work on /opt/airflow/dags/dag_08_gcp_taxi.py
[2026-06-16T14:04:48.680+0000] {processor.py:830} INFO - Processing file /opt/airflow/dags/dag_08_gcp_taxi.py for tasks to queue
[2026-06-16T14:04:48.683+0000] {logging_mixin.py:188} INFO - [2026-06-16T14:04:48.683+0000] {dagbag.py:545} INFO - Filling up the DagBag from /opt/airflow/dags/dag_08_gcp_taxi.py
[2026-06-16T14:04:48.695+0000] {processor.py:840} INFO - DAG(s) '08_gcp_taxi' retrieved from /opt/airflow/dags/dag_08_gcp_taxi.py
[2026-06-16T14:04:48.755+0000] {logging_mixin.py:188} INFO - [2026-06-16T14:04:48.755+0000] {dag.py:3089} INFO - Sync 1 DAGs
[2026-06-16T14:04:48.773+0000] {logging_mixin.py:188} INFO - [2026-06-16T14:04:48.773+0000] {dag.py:3947} INFO - Setting next_dagrun for 08_gcp_taxi to None, run_after=None
[2026-06-16T14:04:48.803+0000] {processor.py:183} INFO - Processing /opt/airflow/dags/dag_08_gcp_taxi.py took 0.136 seconds
[2026-06-16T14:05:18.872+0000] {processor.py:161} INFO - Started process (PID=8633) to work on /opt/airflow/dags/dag_08_gcp_taxi.py
[2026-06-16T14:05:18.875+0000] {processor.py:830} INFO - Processing file /opt/airflow/dags/dag_08_gcp_taxi.py for tasks to queue
[2026-06-16T14:05:18.878+0000] {logging_mixin.py:188} INFO - [2026-06-16T14:05:18.878+0000] {dagbag.py:545} INFO - Filling up the DagBag from /opt/airflow/dags/dag_08_gcp_taxi.py
[2026-06-16T14:05:18.892+0000] {processor.py:840} INFO - DAG(s) '08_gcp_taxi' retrieved from /opt/airflow/dags/dag_08_gcp_taxi.py
[2026-06-16T14:05:18.963+0000] {logging_mixin.py:188} INFO - [2026-06-16T14:05:18.963+0000] {dag.py:3089} INFO - Sync 1 DAGs
[2026-06-16T14:05:18.987+0000] {logging_mixin.py:188} INFO - [2026-06-16T14:05:18.987+0000] {dag.py:3947} INFO - Setting next_dagrun for 08_gcp_taxi to None, run_after=None
[2026-06-16T14:05:19.013+0000] {processor.py:183} INFO - Processing /opt/airflow/dags/dag_08_gcp_taxi.py took 0.151 seconds
[2026-06-16T14:05:49.082+0000] {processor.py:161} INFO - Started process (PID=8673) to work on /opt/airflow/dags/dag_08_gcp_taxi.py
[2026-06-16T14:05:49.083+0000] {processor.py:830} INFO - Processing file /opt/airflow/dags/dag_08_gcp_taxi.py for tasks to queue
[2026-06-16T14:05:49.086+0000] {logging_mixin.py:188} INFO - [2026-06-16T14:05:49.086+0000] {dagbag.py:545} INFO - Filling up the DagBag from /opt/airflow/dags/dag_08_gcp_taxi.py
[2026-06-16T14:05:49.099+0000] {processor.py:840} INFO - DAG(s) '08_gcp_taxi' retrieved from /opt/airflow/dags/dag_08_gcp_taxi.py
[2026-06-16T14:05:49.169+0000] {logging_mixin.py:188} INFO - [2026-06-16T14:05:49.169+0000] {dag.py:3089} INFO - Sync 1 DAGs
[2026-06-16T14:05:49.187+0000] {logging_mixin.py:188} INFO - [2026-06-16T14:05:49.186+0000] {dag.py:3947} INFO - Setting next_dagrun for 08_gcp_taxi to None, run_after=None
[2026-06-16T14:05:49.212+0000] {processor.py:183} INFO - Processing /opt/airflow/dags/dag_08_gcp_taxi.py took 0.139 seconds
[2026-06-16T14:06:19.334+0000] {processor.py:161} INFO - Started process (PID=8713) to work on /opt/airflow/dags/dag_08_gcp_taxi.py
[2026-06-16T14:06:19.345+0000] {processor.py:830} INFO - Processing file /opt/airflow/dags/dag_08_gcp_taxi.py for tasks to queue
[2026-06-16T14:06:19.347+0000] {logging_mixin.py:188} INFO - [2026-06-16T14:06:19.347+0000] {dagbag.py:545} INFO - Filling up the DagBag from /opt/airflow/dags/dag_08_gcp_taxi.py
[2026-06-16T14:06:19.363+0000] {processor.py:840} INFO - DAG(s) '08_gcp_taxi' retrieved from /opt/airflow/dags/dag_08_gcp_taxi.py
[2026-06-16T14:06:19.421+0000] {logging_mixin.py:188} INFO - [2026-06-16T14:06:19.421+0000] {dag.py:3089} INFO - Sync 1 DAGs
[2026-06-16T14:06:19.439+0000] {logging_mixin.py:188} INFO - [2026-06-16T14:06:19.438+0000] {dag.py:3947} INFO - Setting next_dagrun for 08_gcp_taxi to None, run_after=None
[2026-06-16T14:06:19.465+0000] {processor.py:183} INFO - Processing /opt/airflow/dags/dag_08_gcp_taxi.py took 0.140 seconds
[2026-06-16T14:06:50.364+0000] {processor.py:161} INFO - Started process (PID=8753) to work on /opt/airflow/dags/dag_08_gcp_taxi.py
[2026-06-16T14:06:50.366+0000] {processor.py:830} INFO - Processing file /opt/airflow/dags/dag_08_gcp_taxi.py for tasks to queue
[2026-06-16T14:06:50.369+0000] {logging_mixin.py:188} INFO - [2026-06-16T14:06:50.368+0000] {dagbag.py:545} INFO - Filling up the DagBag from /opt/airflow/dags/dag_08_gcp_taxi.py
[2026-06-16T14:06:50.385+0000] {processor.py:840} INFO - DAG(s) '08_gcp_taxi' retrieved from /opt/airflow/dags/dag_08_gcp_taxi.py
[2026-06-16T14:06:50.449+0000] {logging_mixin.py:188} INFO - [2026-06-16T14:06:50.449+0000] {dag.py:3089} INFO - Sync 1 DAGs
[2026-06-16T14:06:50.467+0000] {logging_mixin.py:188} INFO - [2026-06-16T14:06:50.467+0000] {dag.py:3947} INFO - Setting next_dagrun for 08_gcp_taxi to None, run_after=None
[2026-06-16T14:06:50.501+0000] {processor.py:183} INFO - Processing /opt/airflow/dags/dag_08_gcp_taxi.py took 0.151 seconds
[2026-06-16T14:07:20.549+0000] {processor.py:161} INFO - Started process (PID=8793) to work on /opt/airflow/dags/dag_08_gcp_taxi.py
[2026-06-16T14:07:20.551+0000] {processor.py:830} INFO - Processing file /opt/airflow/dags/dag_08_gcp_taxi.py for tasks to queue
[2026-06-16T14:07:20.554+0000] {logging_mixin.py:188} INFO - [2026-06-16T14:07:20.553+0000] {dagbag.py:545} INFO - Filling up the DagBag from /opt/airflow/dags/dag_08_gcp_taxi.py
[2026-06-16T14:07:20.573+0000] {processor.py:840} INFO - DAG(s) '08_gcp_taxi' retrieved from /opt/airflow/dags/dag_08_gcp_taxi.py
[2026-06-16T14:07:20.634+0000] {logging_mixin.py:188} INFO - [2026-06-16T14:07:20.634+0000] {dag.py:3089} INFO - Sync 1 DAGs
[2026-06-16T14:07:20.652+0000] {logging_mixin.py:188} INFO - [2026-06-16T14:07:20.651+0000] {dag.py:3947} INFO - Setting next_dagrun for 08_gcp_taxi to None, run_after=None
[2026-06-16T14:07:20.678+0000] {processor.py:183} INFO - Processing /opt/airflow/dags/dag_08_gcp_taxi.py took 0.139 seconds
[2026-06-16T14:07:50.756+0000] {processor.py:161} INFO - Started process (PID=8833) to work on /opt/airflow/dags/dag_08_gcp_taxi.py
[2026-06-16T14:07:50.757+0000] {processor.py:830} INFO - Processing file /opt/airflow/dags/dag_08_gcp_taxi.py for tasks to queue
[2026-06-16T14:07:50.760+0000] {logging_mixin.py:188} INFO - [2026-06-16T14:07:50.760+0000] {dagbag.py:545} INFO - Filling up the DagBag from /opt/airflow/dags/dag_08_gcp_taxi.py
[2026-06-16T14:07:50.775+0000] {processor.py:840} INFO - DAG(s) '08_gcp_taxi' retrieved from /opt/airflow/dags/dag_08_gcp_taxi.py
[2026-06-16T14:07:50.839+0000] {logging_mixin.py:188} INFO - [2026-06-16T14:07:50.839+0000] {dag.py:3089} INFO - Sync 1 DAGs
[2026-06-16T14:07:50.857+0000] {logging_mixin.py:188} INFO - [2026-06-16T14:07:50.857+0000] {dag.py:3947} INFO - Setting next_dagrun for 08_gcp_taxi to None, run_after=None
[2026-06-16T14:07:50.883+0000] {processor.py:183} INFO - Processing /opt/airflow/dags/dag_08_gcp_taxi.py took 0.135 seconds
[2026-06-16T14:08:21.114+0000] {processor.py:161} INFO - Started process (PID=8873) to work on /opt/airflow/dags/dag_08_gcp_taxi.py
[2026-06-16T14:08:21.118+0000] {processor.py:830} INFO - Processing file /opt/airflow/dags/dag_08_gcp_taxi.py for tasks to queue
[2026-06-16T14:08:21.121+0000] {logging_mixin.py:188} INFO - [2026-06-16T14:08:21.120+0000] {dagbag.py:545} INFO - Filling up the DagBag from /opt/airflow/dags/dag_08_gcp_taxi.py
[2026-06-16T14:08:21.136+0000] {processor.py:840} INFO - DAG(s) '08_gcp_taxi' retrieved from /opt/airflow/dags/dag_08_gcp_taxi.py
[2026-06-16T14:08:21.199+0000] {logging_mixin.py:188} INFO - [2026-06-16T14:08:21.199+0000] {dag.py:3089} INFO - Sync 1 DAGs
[2026-06-16T14:08:21.222+0000] {logging_mixin.py:188} INFO - [2026-06-16T14:08:21.221+0000] {dag.py:3947} INFO - Setting next_dagrun for 08_gcp_taxi to None, run_after=None
[2026-06-16T14:08:21.248+0000] {processor.py:183} INFO - Processing /opt/airflow/dags/dag_08_gcp_taxi.py took 0.148 seconds
[2026-06-16T14:08:52.252+0000] {processor.py:161} INFO - Started process (PID=8913) to work on /opt/airflow/dags/dag_08_gcp_taxi.py
[2026-06-16T14:08:52.254+0000] {processor.py:830} INFO - Processing file /opt/airflow/dags/dag_08_gcp_taxi.py for tasks to queue
[2026-06-16T14:08:52.257+0000] {logging_mixin.py:188} INFO - [2026-06-16T14:08:52.256+0000] {dagbag.py:545} INFO - Filling up the DagBag from /opt/airflow/dags/dag_08_gcp_taxi.py
[2026-06-16T14:08:52.269+0000] {processor.py:840} INFO - DAG(s) '08_gcp_taxi' retrieved from /opt/airflow/dags/dag_08_gcp_taxi.py
[2026-06-16T14:08:52.328+0000] {logging_mixin.py:188} INFO - [2026-06-16T14:08:52.328+0000] {dag.py:3089} INFO - Sync 1 DAGs
[2026-06-16T14:08:52.346+0000] {logging_mixin.py:188} INFO - [2026-06-16T14:08:52.346+0000] {dag.py:3947} INFO - Setting next_dagrun for 08_gcp_taxi to None, run_after=None
[2026-06-16T14:08:52.371+0000] {processor.py:183} INFO - Processing /opt/airflow/dags/dag_08_gcp_taxi.py took 0.127 seconds
[2026-06-16T14:09:23.388+0000] {processor.py:161} INFO - Started process (PID=8953) to work on /opt/airflow/dags/dag_08_gcp_taxi.py
[2026-06-16T14:09:23.391+0000] {processor.py:830} INFO - Processing file /opt/airflow/dags/dag_08_gcp_taxi.py for tasks to queue
[2026-06-16T14:09:23.394+0000] {logging_mixin.py:188} INFO - [2026-06-16T14:09:23.394+0000] {dagbag.py:545} INFO - Filling up the DagBag from /opt/airflow/dags/dag_08_gcp_taxi.py
[2026-06-16T14:09:23.409+0000] {processor.py:840} INFO - DAG(s) '08_gcp_taxi' retrieved from /opt/airflow/dags/dag_08_gcp_taxi.py
[2026-06-16T14:09:23.473+0000] {logging_mixin.py:188} INFO - [2026-06-16T14:09:23.473+0000] {dag.py:3089} INFO - Sync 1 DAGs
[2026-06-16T14:09:23.490+0000] {logging_mixin.py:188} INFO - [2026-06-16T14:09:23.489+0000] {dag.py:3947} INFO - Setting next_dagrun for 08_gcp_taxi to None, run_after=None
[2026-06-16T14:09:23.514+0000] {processor.py:183} INFO - Processing /opt/airflow/dags/dag_08_gcp_taxi.py took 0.135 seconds
[2026-06-16T14:09:53.598+0000] {processor.py:161} INFO - Started process (PID=8993) to work on /opt/airflow/dags/dag_08_gcp_taxi.py
[2026-06-16T14:09:53.599+0000] {processor.py:830} INFO - Processing file /opt/airflow/dags/dag_08_gcp_taxi.py for tasks to queue
[2026-06-16T14:09:53.601+0000] {logging_mixin.py:188} INFO - [2026-06-16T14:09:53.601+0000] {dagbag.py:545} INFO - Filling up the DagBag from /opt/airflow/dags/dag_08_gcp_taxi.py
[2026-06-16T14:09:53.613+0000] {processor.py:840} INFO - DAG(s) '08_gcp_taxi' retrieved from /opt/airflow/dags/dag_08_gcp_taxi.py
[2026-06-16T14:09:53.669+0000] {logging_mixin.py:188} INFO - [2026-06-16T14:09:53.669+0000] {dag.py:3089} INFO - Sync 1 DAGs
[2026-06-16T14:09:53.685+0000] {logging_mixin.py:188} INFO - [2026-06-16T14:09:53.685+0000] {dag.py:3947} INFO - Setting next_dagrun for 08_gcp_taxi to None, run_after=None
[2026-06-16T14:09:53.708+0000] {processor.py:183} INFO - Processing /opt/airflow/dags/dag_08_gcp_taxi.py took 0.118 seconds
[2026-06-16T14:10:24.332+0000] {processor.py:161} INFO - Started process (PID=9033) to work on /opt/airflow/dags/dag_08_gcp_taxi.py
[2026-06-16T14:10:24.334+0000] {processor.py:830} INFO - Processing file /opt/airflow/dags/dag_08_gcp_taxi.py for tasks to queue
[2026-06-16T14:10:24.336+0000] {logging_mixin.py:188} INFO - [2026-06-16T14:10:24.336+0000] {dagbag.py:545} INFO - Filling up the DagBag from /opt/airflow/dags/dag_08_gcp_taxi.py
[2026-06-16T14:10:24.352+0000] {processor.py:840} INFO - DAG(s) '08_gcp_taxi' retrieved from /opt/airflow/dags/dag_08_gcp_taxi.py
[2026-06-16T14:10:24.413+0000] {logging_mixin.py:188} INFO - [2026-06-16T14:10:24.413+0000] {dag.py:3089} INFO - Sync 1 DAGs
[2026-06-16T14:10:24.429+0000] {logging_mixin.py:188} INFO - [2026-06-16T14:10:24.428+0000] {dag.py:3947} INFO - Setting next_dagrun for 08_gcp_taxi to None, run_after=None
[2026-06-16T14:10:24.451+0000] {processor.py:183} INFO - Processing /opt/airflow/dags/dag_08_gcp_taxi.py took 0.127 seconds
[2026-06-16T14:10:54.494+0000] {processor.py:161} INFO - Started process (PID=9083) to work on /opt/airflow/dags/dag_08_gcp_taxi.py
[2026-06-16T14:10:54.495+0000] {processor.py:830} INFO - Processing file /opt/airflow/dags/dag_08_gcp_taxi.py for tasks to queue
[2026-06-16T14:10:54.497+0000] {logging_mixin.py:188} INFO - [2026-06-16T14:10:54.497+0000] {dagbag.py:545} INFO - Filling up the DagBag from /opt/airflow/dags/dag_08_gcp_taxi.py
[2026-06-16T14:10:54.510+0000] {processor.py:840} INFO - DAG(s) '08_gcp_taxi' retrieved from /opt/airflow/dags/dag_08_gcp_taxi.py
[2026-06-16T14:10:54.567+0000] {logging_mixin.py:188} INFO - [2026-06-16T14:10:54.566+0000] {dag.py:3089} INFO - Sync 1 DAGs
[2026-06-16T14:10:54.581+0000] {logging_mixin.py:188} INFO - [2026-06-16T14:10:54.581+0000] {dag.py:3947} INFO - Setting next_dagrun for 08_gcp_taxi to None, run_after=None
[2026-06-16T14:10:54.604+0000] {processor.py:183} INFO - Processing /opt/airflow/dags/dag_08_gcp_taxi.py took 0.117 seconds
[2026-06-16T14:11:24.747+0000] {processor.py:161} INFO - Started process (PID=9123) to work on /opt/airflow/dags/dag_08_gcp_taxi.py
[2026-06-16T14:11:24.748+0000] {processor.py:830} INFO - Processing file /opt/airflow/dags/dag_08_gcp_taxi.py for tasks to queue
[2026-06-16T14:11:24.750+0000] {logging_mixin.py:188} INFO - [2026-06-16T14:11:24.750+0000] {dagbag.py:545} INFO - Filling up the DagBag from /opt/airflow/dags/dag_08_gcp_taxi.py
[2026-06-16T14:11:24.764+0000] {processor.py:840} INFO - DAG(s) '08_gcp_taxi' retrieved from /opt/airflow/dags/dag_08_gcp_taxi.py
[2026-06-16T14:11:24.820+0000] {logging_mixin.py:188} INFO - [2026-06-16T14:11:24.820+0000] {dag.py:3089} INFO - Sync 1 DAGs
[2026-06-16T14:11:24.835+0000] {logging_mixin.py:188} INFO - [2026-06-16T14:11:24.835+0000] {dag.py:3947} INFO - Setting next_dagrun for 08_gcp_taxi to None, run_after=None
[2026-06-16T14:11:24.866+0000] {processor.py:183} INFO - Processing /opt/airflow/dags/dag_08_gcp_taxi.py took 0.127 seconds
[2026-06-16T14:11:54.950+0000] {processor.py:161} INFO - Started process (PID=9161) to work on /opt/airflow/dags/dag_08_gcp_taxi.py
[2026-06-16T14:11:54.951+0000] {processor.py:830} INFO - Processing file /opt/airflow/dags/dag_08_gcp_taxi.py for tasks to queue
[2026-06-16T14:11:54.954+0000] {logging_mixin.py:188} INFO - [2026-06-16T14:11:54.954+0000] {dagbag.py:545} INFO - Filling up the DagBag from /opt/airflow/dags/dag_08_gcp_taxi.py
[2026-06-16T14:11:54.968+0000] {processor.py:840} INFO - DAG(s) '08_gcp_taxi' retrieved from /opt/airflow/dags/dag_08_gcp_taxi.py
[2026-06-16T14:11:55.024+0000] {logging_mixin.py:188} INFO - [2026-06-16T14:11:55.024+0000] {dag.py:3089} INFO - Sync 1 DAGs
[2026-06-16T14:11:55.042+0000] {logging_mixin.py:188} INFO - [2026-06-16T14:11:55.042+0000] {dag.py:3947} INFO - Setting next_dagrun for 08_gcp_taxi to None, run_after=None
[2026-06-16T14:11:55.064+0000] {processor.py:183} INFO - Processing /opt/airflow/dags/dag_08_gcp_taxi.py took 0.124 seconds
[2026-06-16T14:12:25.132+0000] {processor.py:161} INFO - Started process (PID=9203) to work on /opt/airflow/dags/dag_08_gcp_taxi.py
[2026-06-16T14:12:25.133+0000] {processor.py:830} INFO - Processing file /opt/airflow/dags/dag_08_gcp_taxi.py for tasks to queue
[2026-06-16T14:12:25.135+0000] {logging_mixin.py:188} INFO - [2026-06-16T14:12:25.135+0000] {dagbag.py:545} INFO - Filling up the DagBag from /opt/airflow/dags/dag_08_gcp_taxi.py
[2026-06-16T14:12:25.147+0000] {processor.py:840} INFO - DAG(s) '08_gcp_taxi' retrieved from /opt/airflow/dags/dag_08_gcp_taxi.py
[2026-06-16T14:12:25.204+0000] {logging_mixin.py:188} INFO - [2026-06-16T14:12:25.203+0000] {dag.py:3089} INFO - Sync 1 DAGs
[2026-06-16T14:12:25.218+0000] {logging_mixin.py:188} INFO - [2026-06-16T14:12:25.218+0000] {dag.py:3947} INFO - Setting next_dagrun for 08_gcp_taxi to None, run_after=None
[2026-06-16T14:12:25.240+0000] {processor.py:183} INFO - Processing /opt/airflow/dags/dag_08_gcp_taxi.py took 0.115 seconds
[2026-06-16T14:12:55.324+0000] {processor.py:161} INFO - Started process (PID=9243) to work on /opt/airflow/dags/dag_08_gcp_taxi.py
[2026-06-16T14:12:55.326+0000] {processor.py:830} INFO - Processing file /opt/airflow/dags/dag_08_gcp_taxi.py for tasks to queue
[2026-06-16T14:12:55.328+0000] {logging_mixin.py:188} INFO - [2026-06-16T14:12:55.328+0000] {dagbag.py:545} INFO - Filling up the DagBag from /opt/airflow/dags/dag_08_gcp_taxi.py
[2026-06-16T14:12:55.341+0000] {processor.py:840} INFO - DAG(s) '08_gcp_taxi' retrieved from /opt/airflow/dags/dag_08_gcp_taxi.py
[2026-06-16T14:12:55.403+0000] {logging_mixin.py:188} INFO - [2026-06-16T14:12:55.403+0000] {dag.py:3089} INFO - Sync 1 DAGs
[2026-06-16T14:12:55.421+0000] {logging_mixin.py:188} INFO - [2026-06-16T14:12:55.420+0000] {dag.py:3947} INFO - Setting next_dagrun for 08_gcp_taxi to None, run_after=None
[2026-06-16T14:12:55.447+0000] {processor.py:183} INFO - Processing /opt/airflow/dags/dag_08_gcp_taxi.py took 0.131 seconds
[2026-06-16T14:13:25.630+0000] {processor.py:161} INFO - Started process (PID=9283) to work on /opt/airflow/dags/dag_08_gcp_taxi.py
[2026-06-16T14:13:25.632+0000] {processor.py:830} INFO - Processing file /opt/airflow/dags/dag_08_gcp_taxi.py for tasks to queue
[2026-06-16T14:13:25.635+0000] {logging_mixin.py:188} INFO - [2026-06-16T14:13:25.634+0000] {dagbag.py:545} INFO - Filling up the DagBag from /opt/airflow/dags/dag_08_gcp_taxi.py
[2026-06-16T14:13:25.647+0000] {processor.py:840} INFO - DAG(s) '08_gcp_taxi' retrieved from /opt/airflow/dags/dag_08_gcp_taxi.py
[2026-06-16T14:13:25.701+0000] {logging_mixin.py:188} INFO - [2026-06-16T14:13:25.700+0000] {dag.py:3089} INFO - Sync 1 DAGs
[2026-06-16T14:13:25.714+0000] {logging_mixin.py:188} INFO - [2026-06-16T14:13:25.713+0000] {dag.py:3947} INFO - Setting next_dagrun for 08_gcp_taxi to None, run_after=None
[2026-06-16T14:13:25.735+0000] {processor.py:183} INFO - Processing /opt/airflow/dags/dag_08_gcp_taxi.py took 0.113 seconds
[2026-06-16T14:13:55.864+0000] {processor.py:161} INFO - Started process (PID=9323) to work on /opt/airflow/dags/dag_08_gcp_taxi.py
[2026-06-16T14:13:55.865+0000] {processor.py:830} INFO - Processing file /opt/airflow/dags/dag_08_gcp_taxi.py for tasks to queue
[2026-06-16T14:13:55.868+0000] {logging_mixin.py:188} INFO - [2026-06-16T14:13:55.868+0000] {dagbag.py:545} INFO - Filling up the DagBag from /opt/airflow/dags/dag_08_gcp_taxi.py
[2026-06-16T14:13:55.881+0000] {processor.py:840} INFO - DAG(s) '08_gcp_taxi' retrieved from /opt/airflow/dags/dag_08_gcp_taxi.py
[2026-06-16T14:13:55.951+0000] {logging_mixin.py:188} INFO - [2026-06-16T14:13:55.950+0000] {dag.py:3089} INFO - Sync 1 DAGs
[2026-06-16T14:13:55.966+0000] {logging_mixin.py:188} INFO - [2026-06-16T14:13:55.966+0000] {dag.py:3947} INFO - Setting next_dagrun for 08_gcp_taxi to None, run_after=None
[2026-06-16T14:13:55.989+0000] {processor.py:183} INFO - Processing /opt/airflow/dags/dag_08_gcp_taxi.py took 0.133 seconds
[2026-06-16T14:14:26.053+0000] {processor.py:161} INFO - Started process (PID=9363) to work on /opt/airflow/dags/dag_08_gcp_taxi.py
[2026-06-16T14:14:26.054+0000] {processor.py:830} INFO - Processing file /opt/airflow/dags/dag_08_gcp_taxi.py for tasks to queue
[2026-06-16T14:14:26.055+0000] {logging_mixin.py:188} INFO - [2026-06-16T14:14:26.055+0000] {dagbag.py:545} INFO - Filling up the DagBag from /opt/airflow/dags/dag_08_gcp_taxi.py
[2026-06-16T14:14:26.067+0000] {processor.py:840} INFO - DAG(s) '08_gcp_taxi' retrieved from /opt/airflow/dags/dag_08_gcp_taxi.py
[2026-06-16T14:14:26.121+0000] {logging_mixin.py:188} INFO - [2026-06-16T14:14:26.121+0000] {dag.py:3089} INFO - Sync 1 DAGs
[2026-06-16T14:14:26.135+0000] {logging_mixin.py:188} INFO - [2026-06-16T14:14:26.134+0000] {dag.py:3947} INFO - Setting next_dagrun for 08_gcp_taxi to None, run_after=None
[2026-06-16T14:14:26.156+0000] {processor.py:183} INFO - Processing /opt/airflow/dags/dag_08_gcp_taxi.py took 0.111 seconds
[2026-06-16T14:14:56.256+0000] {processor.py:161} INFO - Started process (PID=9403) to work on /opt/airflow/dags/dag_08_gcp_taxi.py
[2026-06-16T14:14:56.258+0000] {processor.py:830} INFO - Processing file /opt/airflow/dags/dag_08_gcp_taxi.py for tasks to queue
[2026-06-16T14:14:56.261+0000] {logging_mixin.py:188} INFO - [2026-06-16T14:14:56.261+0000] {dagbag.py:545} INFO - Filling up the DagBag from /opt/airflow/dags/dag_08_gcp_taxi.py
[2026-06-16T14:14:56.277+0000] {processor.py:840} INFO - DAG(s) '08_gcp_taxi' retrieved from /opt/airflow/dags/dag_08_gcp_taxi.py
[2026-06-16T14:14:56.338+0000] {logging_mixin.py:188} INFO - [2026-06-16T14:14:56.338+0000] {dag.py:3089} INFO - Sync 1 DAGs
[2026-06-16T14:14:56.356+0000] {logging_mixin.py:188} INFO - [2026-06-16T14:14:56.355+0000] {dag.py:3947} INFO - Setting next_dagrun for 08_gcp_taxi to None, run_after=None
[2026-06-16T14:14:56.384+0000] {processor.py:183} INFO - Processing /opt/airflow/dags/dag_08_gcp_taxi.py took 0.136 seconds
[2026-06-16T14:15:27.235+0000] {processor.py:161} INFO - Started process (PID=9433) to work on /opt/airflow/dags/dag_08_gcp_taxi.py
[2026-06-16T14:15:27.237+0000] {processor.py:830} INFO - Processing file /opt/airflow/dags/dag_08_gcp_taxi.py for tasks to queue
[2026-06-16T14:15:27.240+0000] {logging_mixin.py:188} INFO - [2026-06-16T14:15:27.239+0000] {dagbag.py:545} INFO - Filling up the DagBag from /opt/airflow/dags/dag_08_gcp_taxi.py
[2026-06-16T14:15:27.252+0000] {processor.py:840} INFO - DAG(s) '08_gcp_taxi' retrieved from /opt/airflow/dags/dag_08_gcp_taxi.py
[2026-06-16T14:15:27.310+0000] {logging_mixin.py:188} INFO - [2026-06-16T14:15:27.310+0000] {dag.py:3089} INFO - Sync 1 DAGs
[2026-06-16T14:15:27.327+0000] {logging_mixin.py:188} INFO - [2026-06-16T14:15:27.327+0000] {dag.py:3947} INFO - Setting next_dagrun for 08_gcp_taxi to None, run_after=None
[2026-06-16T14:15:27.353+0000] {processor.py:183} INFO - Processing /opt/airflow/dags/dag_08_gcp_taxi.py took 0.126 seconds
[2026-06-16T14:15:57.426+0000] {processor.py:161} INFO - Started process (PID=9473) to work on /opt/airflow/dags/dag_08_gcp_taxi.py
[2026-06-16T14:15:57.429+0000] {processor.py:830} INFO - Processing file /opt/airflow/dags/dag_08_gcp_taxi.py for tasks to queue
[2026-06-16T14:15:57.431+0000] {logging_mixin.py:188} INFO - [2026-06-16T14:15:57.431+0000] {dagbag.py:545} INFO - Filling up the DagBag from /opt/airflow/dags/dag_08_gcp_taxi.py
[2026-06-16T14:15:57.445+0000] {processor.py:840} INFO - DAG(s) '08_gcp_taxi' retrieved from /opt/airflow/dags/dag_08_gcp_taxi.py
[2026-06-16T14:15:57.513+0000] {logging_mixin.py:188} INFO - [2026-06-16T14:15:57.512+0000] {dag.py:3089} INFO - Sync 1 DAGs
[2026-06-16T14:15:57.529+0000] {logging_mixin.py:188} INFO - [2026-06-16T14:15:57.529+0000] {dag.py:3947} INFO - Setting next_dagrun for 08_gcp_taxi to None, run_after=None
[2026-06-16T14:15:57.554+0000] {processor.py:183} INFO - Processing /opt/airflow/dags/dag_08_gcp_taxi.py took 0.138 seconds
[2026-06-16T14:16:27.659+0000] {processor.py:161} INFO - Started process (PID=9513) to work on /opt/airflow/dags/dag_08_gcp_taxi.py
[2026-06-16T14:16:27.660+0000] {processor.py:830} INFO - Processing file /opt/airflow/dags/dag_08_gcp_taxi.py for tasks to queue
[2026-06-16T14:16:27.663+0000] {logging_mixin.py:188} INFO - [2026-06-16T14:16:27.663+0000] {dagbag.py:545} INFO - Filling up the DagBag from /opt/airflow/dags/dag_08_gcp_taxi.py
[2026-06-16T14:16:27.677+0000] {processor.py:840} INFO - DAG(s) '08_gcp_taxi' retrieved from /opt/airflow/dags/dag_08_gcp_taxi.py
[2026-06-16T14:16:27.747+0000] {logging_mixin.py:188} INFO - [2026-06-16T14:16:27.746+0000] {dag.py:3089} INFO - Sync 1 DAGs
[2026-06-16T14:16:27.762+0000] {logging_mixin.py:188} INFO - [2026-06-16T14:16:27.762+0000] {dag.py:3947} INFO - Setting next_dagrun for 08_gcp_taxi to None, run_after=None
[2026-06-16T14:16:27.788+0000] {processor.py:183} INFO - Processing /opt/airflow/dags/dag_08_gcp_taxi.py took 0.139 seconds
[2026-06-16T14:16:57.853+0000] {processor.py:161} INFO - Started process (PID=9553) to work on /opt/airflow/dags/dag_08_gcp_taxi.py
[2026-06-16T14:16:57.864+0000] {processor.py:830} INFO - Processing file /opt/airflow/dags/dag_08_gcp_taxi.py for tasks to queue
[2026-06-16T14:16:57.866+0000] {logging_mixin.py:188} INFO - [2026-06-16T14:16:57.865+0000] {dagbag.py:545} INFO - Filling up the DagBag from /opt/airflow/dags/dag_08_gcp_taxi.py
[2026-06-16T14:16:57.879+0000] {processor.py:840} INFO - DAG(s) '08_gcp_taxi' retrieved from /opt/airflow/dags/dag_08_gcp_taxi.py
[2026-06-16T14:16:57.942+0000] {logging_mixin.py:188} INFO - [2026-06-16T14:16:57.942+0000] {dag.py:3089} INFO - Sync 1 DAGs
[2026-06-16T14:16:57.960+0000] {logging_mixin.py:188} INFO - [2026-06-16T14:16:57.960+0000] {dag.py:3947} INFO - Setting next_dagrun for 08_gcp_taxi to None, run_after=None
[2026-06-16T14:16:57.985+0000] {processor.py:183} INFO - Processing /opt/airflow/dags/dag_08_gcp_taxi.py took 0.140 seconds
[2026-06-16T14:17:28.074+0000] {processor.py:161} INFO - Started process (PID=9593) to work on /opt/airflow/dags/dag_08_gcp_taxi.py
[2026-06-16T14:17:28.075+0000] {processor.py:830} INFO - Processing file /opt/airflow/dags/dag_08_gcp_taxi.py for tasks to queue
[2026-06-16T14:17:28.078+0000] {logging_mixin.py:188} INFO - [2026-06-16T14:17:28.077+0000] {dagbag.py:545} INFO - Filling up the DagBag from /opt/airflow/dags/dag_08_gcp_taxi.py
[2026-06-16T14:17:28.095+0000] {processor.py:840} INFO - DAG(s) '08_gcp_taxi' retrieved from /opt/airflow/dags/dag_08_gcp_taxi.py
[2026-06-16T14:17:28.160+0000] {logging_mixin.py:188} INFO - [2026-06-16T14:17:28.159+0000] {dag.py:3089} INFO - Sync 1 DAGs
[2026-06-16T14:17:28.176+0000] {logging_mixin.py:188} INFO - [2026-06-16T14:17:28.176+0000] {dag.py:3947} INFO - Setting next_dagrun for 08_gcp_taxi to None, run_after=None
[2026-06-16T14:17:28.201+0000] {processor.py:183} INFO - Processing /opt/airflow/dags/dag_08_gcp_taxi.py took 0.137 seconds
[2026-06-16T14:17:58.250+0000] {processor.py:161} INFO - Started process (PID=9633) to work on /opt/airflow/dags/dag_08_gcp_taxi.py
[2026-06-16T14:17:58.260+0000] {processor.py:830} INFO - Processing file /opt/airflow/dags/dag_08_gcp_taxi.py for tasks to queue
[2026-06-16T14:17:58.264+0000] {logging_mixin.py:188} INFO - [2026-06-16T14:17:58.263+0000] {dagbag.py:545} INFO - Filling up the DagBag from /opt/airflow/dags/dag_08_gcp_taxi.py
[2026-06-16T14:17:58.278+0000] {processor.py:840} INFO - DAG(s) '08_gcp_taxi' retrieved from /opt/airflow/dags/dag_08_gcp_taxi.py
[2026-06-16T14:17:58.338+0000] {logging_mixin.py:188} INFO - [2026-06-16T14:17:58.337+0000] {dag.py:3089} INFO - Sync 1 DAGs
[2026-06-16T14:17:58.358+0000] {logging_mixin.py:188} INFO - [2026-06-16T14:17:58.358+0000] {dag.py:3947} INFO - Setting next_dagrun for 08_gcp_taxi to None, run_after=None
[2026-06-16T14:17:58.382+0000] {processor.py:183} INFO - Processing /opt/airflow/dags/dag_08_gcp_taxi.py took 0.142 seconds
[2026-06-16T14:18:28.456+0000] {processor.py:161} INFO - Started process (PID=9673) to work on /opt/airflow/dags/dag_08_gcp_taxi.py
[2026-06-16T14:18:28.457+0000] {processor.py:830} INFO - Processing file /opt/airflow/dags/dag_08_gcp_taxi.py for tasks to queue
[2026-06-16T14:18:28.459+0000] {logging_mixin.py:188} INFO - [2026-06-16T14:18:28.459+0000] {dagbag.py:545} INFO - Filling up the DagBag from /opt/airflow/dags/dag_08_gcp_taxi.py
[2026-06-16T14:18:28.470+0000] {processor.py:840} INFO - DAG(s) '08_gcp_taxi' retrieved from /opt/airflow/dags/dag_08_gcp_taxi.py
[2026-06-16T14:18:28.526+0000] {logging_mixin.py:188} INFO - [2026-06-16T14:18:28.525+0000] {dag.py:3089} INFO - Sync 1 DAGs
[2026-06-16T14:18:28.540+0000] {logging_mixin.py:188} INFO - [2026-06-16T14:18:28.540+0000] {dag.py:3947} INFO - Setting next_dagrun for 08_gcp_taxi to None, run_after=None
[2026-06-16T14:18:28.564+0000] {processor.py:183} INFO - Processing /opt/airflow/dags/dag_08_gcp_taxi.py took 0.118 seconds
[2026-06-16T14:18:59.613+0000] {processor.py:161} INFO - Started process (PID=9713) to work on /opt/airflow/dags/dag_08_gcp_taxi.py
[2026-06-16T14:18:59.616+0000] {processor.py:830} INFO - Processing file /opt/airflow/dags/dag_08_gcp_taxi.py for tasks to queue
[2026-06-16T14:18:59.619+0000] {logging_mixin.py:188} INFO - [2026-06-16T14:18:59.618+0000] {dagbag.py:545} INFO - Filling up the DagBag from /opt/airflow/dags/dag_08_gcp_taxi.py
[2026-06-16T14:18:59.635+0000] {processor.py:840} INFO - DAG(s) '08_gcp_taxi' retrieved from /opt/airflow/dags/dag_08_gcp_taxi.py
[2026-06-16T14:18:59.700+0000] {logging_mixin.py:188} INFO - [2026-06-16T14:18:59.700+0000] {dag.py:3089} INFO - Sync 1 DAGs
[2026-06-16T14:18:59.717+0000] {logging_mixin.py:188} INFO - [2026-06-16T14:18:59.716+0000] {dag.py:3947} INFO - Setting next_dagrun for 08_gcp_taxi to None, run_after=None
[2026-06-16T14:18:59.741+0000] {processor.py:183} INFO - Processing /opt/airflow/dags/dag_08_gcp_taxi.py took 0.142 seconds
[2026-06-16T14:19:30.755+0000] {processor.py:161} INFO - Started process (PID=9753) to work on /opt/airflow/dags/dag_08_gcp_taxi.py
[2026-06-16T14:19:30.757+0000] {processor.py:830} INFO - Processing file /opt/airflow/dags/dag_08_gcp_taxi.py for tasks to queue
[2026-06-16T14:19:30.760+0000] {logging_mixin.py:188} INFO - [2026-06-16T14:19:30.759+0000] {dagbag.py:545} INFO - Filling up the DagBag from /opt/airflow/dags/dag_08_gcp_taxi.py
[2026-06-16T14:19:30.773+0000] {processor.py:840} INFO - DAG(s) '08_gcp_taxi' retrieved from /opt/airflow/dags/dag_08_gcp_taxi.py
[2026-06-16T14:19:30.843+0000] {logging_mixin.py:188} INFO - [2026-06-16T14:19:30.842+0000] {dag.py:3089} INFO - Sync 1 DAGs
[2026-06-16T14:19:30.858+0000] {logging_mixin.py:188} INFO - [2026-06-16T14:19:30.858+0000] {dag.py:3947} INFO - Setting next_dagrun for 08_gcp_taxi to None, run_after=None
[2026-06-16T14:19:30.883+0000] {processor.py:183} INFO - Processing /opt/airflow/dags/dag_08_gcp_taxi.py took 0.138 seconds
[2026-06-16T14:20:00.978+0000] {processor.py:161} INFO - Started process (PID=9793) to work on /opt/airflow/dags/dag_08_gcp_taxi.py
[2026-06-16T14:20:00.980+0000] {processor.py:830} INFO - Processing file /opt/airflow/dags/dag_08_gcp_taxi.py for tasks to queue
[2026-06-16T14:20:00.983+0000] {logging_mixin.py:188} INFO - [2026-06-16T14:20:00.982+0000] {dagbag.py:545} INFO - Filling up the DagBag from /opt/airflow/dags/dag_08_gcp_taxi.py
[2026-06-16T14:20:00.997+0000] {processor.py:840} INFO - DAG(s) '08_gcp_taxi' retrieved from /opt/airflow/dags/dag_08_gcp_taxi.py
[2026-06-16T14:20:01.062+0000] {logging_mixin.py:188} INFO - [2026-06-16T14:20:01.062+0000] {dag.py:3089} INFO - Sync 1 DAGs
[2026-06-16T14:20:01.078+0000] {logging_mixin.py:188} INFO - [2026-06-16T14:20:01.078+0000] {dag.py:3947} INFO - Setting next_dagrun for 08_gcp_taxi to None, run_after=None
[2026-06-16T14:20:01.103+0000] {processor.py:183} INFO - Processing /opt/airflow/dags/dag_08_gcp_taxi.py took 0.135 seconds
[2026-06-16T14:20:31.187+0000] {processor.py:161} INFO - Started process (PID=9833) to work on /opt/airflow/dags/dag_08_gcp_taxi.py
[2026-06-16T14:20:31.189+0000] {processor.py:830} INFO - Processing file /opt/airflow/dags/dag_08_gcp_taxi.py for tasks to queue
[2026-06-16T14:20:31.192+0000] {logging_mixin.py:188} INFO - [2026-06-16T14:20:31.191+0000] {dagbag.py:545} INFO - Filling up the DagBag from /opt/airflow/dags/dag_08_gcp_taxi.py
[2026-06-16T14:20:31.204+0000] {processor.py:840} INFO - DAG(s) '08_gcp_taxi' retrieved from /opt/airflow/dags/dag_08_gcp_taxi.py
[2026-06-16T14:20:31.260+0000] {logging_mixin.py:188} INFO - [2026-06-16T14:20:31.260+0000] {dag.py:3089} INFO - Sync 1 DAGs
[2026-06-16T14:20:31.276+0000] {logging_mixin.py:188} INFO - [2026-06-16T14:20:31.276+0000] {dag.py:3947} INFO - Setting next_dagrun for 08_gcp_taxi to None, run_after=None
[2026-06-16T14:20:31.300+0000] {processor.py:183} INFO - Processing /opt/airflow/dags/dag_08_gcp_taxi.py took 0.121 seconds
[2026-06-16T14:21:01.349+0000] {processor.py:161} INFO - Started process (PID=9873) to work on /opt/airflow/dags/dag_08_gcp_taxi.py
[2026-06-16T14:21:01.350+0000] {processor.py:830} INFO - Processing file /opt/airflow/dags/dag_08_gcp_taxi.py for tasks to queue
[2026-06-16T14:21:01.352+0000] {logging_mixin.py:188} INFO - [2026-06-16T14:21:01.352+0000] {dagbag.py:545} INFO - Filling up the DagBag from /opt/airflow/dags/dag_08_gcp_taxi.py
[2026-06-16T14:21:01.364+0000] {processor.py:840} INFO - DAG(s) '08_gcp_taxi' retrieved from /opt/airflow/dags/dag_08_gcp_taxi.py
[2026-06-16T14:21:01.418+0000] {logging_mixin.py:188} INFO - [2026-06-16T14:21:01.418+0000] {dag.py:3089} INFO - Sync 1 DAGs
[2026-06-16T14:21:01.433+0000] {logging_mixin.py:188} INFO - [2026-06-16T14:21:01.433+0000] {dag.py:3947} INFO - Setting next_dagrun for 08_gcp_taxi to None, run_after=None
[2026-06-16T14:21:01.454+0000] {processor.py:183} INFO - Processing /opt/airflow/dags/dag_08_gcp_taxi.py took 0.112 seconds
[2026-06-16T14:21:31.553+0000] {processor.py:161} INFO - Started process (PID=9913) to work on /opt/airflow/dags/dag_08_gcp_taxi.py
[2026-06-16T14:21:31.554+0000] {processor.py:830} INFO - Processing file /opt/airflow/dags/dag_08_gcp_taxi.py for tasks to queue
[2026-06-16T14:21:31.556+0000] {logging_mixin.py:188} INFO - [2026-06-16T14:21:31.556+0000] {dagbag.py:545} INFO - Filling up the DagBag from /opt/airflow/dags/dag_08_gcp_taxi.py
[2026-06-16T14:21:31.567+0000] {processor.py:840} INFO - DAG(s) '08_gcp_taxi' retrieved from /opt/airflow/dags/dag_08_gcp_taxi.py
[2026-06-16T14:21:31.618+0000] {logging_mixin.py:188} INFO - [2026-06-16T14:21:31.618+0000] {dag.py:3089} INFO - Sync 1 DAGs
[2026-06-16T14:21:31.633+0000] {logging_mixin.py:188} INFO - [2026-06-16T14:21:31.633+0000] {dag.py:3947} INFO - Setting next_dagrun for 08_gcp_taxi to None, run_after=None
[2026-06-16T14:21:31.656+0000] {processor.py:183} INFO - Processing /opt/airflow/dags/dag_08_gcp_taxi.py took 0.111 seconds
[2026-06-16T14:22:01.838+0000] {processor.py:161} INFO - Started process (PID=9953) to work on /opt/airflow/dags/dag_08_gcp_taxi.py
[2026-06-16T14:22:01.849+0000] {processor.py:830} INFO - Processing file /opt/airflow/dags/dag_08_gcp_taxi.py for tasks to queue
[2026-06-16T14:22:01.851+0000] {logging_mixin.py:188} INFO - [2026-06-16T14:22:01.851+0000] {dagbag.py:545} INFO - Filling up the DagBag from /opt/airflow/dags/dag_08_gcp_taxi.py
[2026-06-16T14:22:01.863+0000] {processor.py:840} INFO - DAG(s) '08_gcp_taxi' retrieved from /opt/airflow/dags/dag_08_gcp_taxi.py
[2026-06-16T14:22:01.918+0000] {logging_mixin.py:188} INFO - [2026-06-16T14:22:01.918+0000] {dag.py:3089} INFO - Sync 1 DAGs
[2026-06-16T14:22:01.934+0000] {logging_mixin.py:188} INFO - [2026-06-16T14:22:01.934+0000] {dag.py:3947} INFO - Setting next_dagrun for 08_gcp_taxi to None, run_after=None
[2026-06-16T14:22:01.956+0000] {processor.py:183} INFO - Processing /opt/airflow/dags/dag_08_gcp_taxi.py took 0.125 seconds
[2026-06-16T14:22:32.830+0000] {processor.py:161} INFO - Started process (PID=9993) to work on /opt/airflow/dags/dag_08_gcp_taxi.py
[2026-06-16T14:22:32.832+0000] {processor.py:830} INFO - Processing file /opt/airflow/dags/dag_08_gcp_taxi.py for tasks to queue
[2026-06-16T14:22:32.835+0000] {logging_mixin.py:188} INFO - [2026-06-16T14:22:32.834+0000] {dagbag.py:545} INFO - Filling up the DagBag from /opt/airflow/dags/dag_08_gcp_taxi.py
[2026-06-16T14:22:32.848+0000] {processor.py:840} INFO - DAG(s) '08_gcp_taxi' retrieved from /opt/airflow/dags/dag_08_gcp_taxi.py
[2026-06-16T14:22:32.909+0000] {logging_mixin.py:188} INFO - [2026-06-16T14:22:32.909+0000] {dag.py:3089} INFO - Sync 1 DAGs
[2026-06-16T14:22:32.926+0000] {logging_mixin.py:188} INFO - [2026-06-16T14:22:32.926+0000] {dag.py:3947} INFO - Setting next_dagrun for 08_gcp_taxi to None, run_after=None
[2026-06-16T14:22:32.951+0000] {processor.py:183} INFO - Processing /opt/airflow/dags/dag_08_gcp_taxi.py took 0.131 seconds
[2026-06-16T14:23:03.093+0000] {processor.py:161} INFO - Started process (PID=10033) to work on /opt/airflow/dags/dag_08_gcp_taxi.py
[2026-06-16T14:23:03.094+0000] {processor.py:830} INFO - Processing file /opt/airflow/dags/dag_08_gcp_taxi.py for tasks to queue
[2026-06-16T14:23:03.097+0000] {logging_mixin.py:188} INFO - [2026-06-16T14:23:03.097+0000] {dagbag.py:545} INFO - Filling up the DagBag from /opt/airflow/dags/dag_08_gcp_taxi.py
[2026-06-16T14:23:03.110+0000] {processor.py:840} INFO - DAG(s) '08_gcp_taxi' retrieved from /opt/airflow/dags/dag_08_gcp_taxi.py
[2026-06-16T14:23:03.169+0000] {logging_mixin.py:188} INFO - [2026-06-16T14:23:03.169+0000] {dag.py:3089} INFO - Sync 1 DAGs
[2026-06-16T14:23:03.185+0000] {logging_mixin.py:188} INFO - [2026-06-16T14:23:03.184+0000] {dag.py:3947} INFO - Setting next_dagrun for 08_gcp_taxi to None, run_after=None
[2026-06-16T14:23:03.208+0000] {processor.py:183} INFO - Processing /opt/airflow/dags/dag_08_gcp_taxi.py took 0.122 seconds
[2026-06-16T14:23:33.892+0000] {processor.py:161} INFO - Started process (PID=10073) to work on /opt/airflow/dags/dag_08_gcp_taxi.py
[2026-06-16T14:23:33.894+0000] {processor.py:830} INFO - Processing file /opt/airflow/dags/dag_08_gcp_taxi.py for tasks to queue
[2026-06-16T14:23:33.896+0000] {logging_mixin.py:188} INFO - [2026-06-16T14:23:33.896+0000] {dagbag.py:545} INFO - Filling up the DagBag from /opt/airflow/dags/dag_08_gcp_taxi.py
[2026-06-16T14:23:33.908+0000] {processor.py:840} INFO - DAG(s) '08_gcp_taxi' retrieved from /opt/airflow/dags/dag_08_gcp_taxi.py
[2026-06-16T14:23:33.969+0000] {logging_mixin.py:188} INFO - [2026-06-16T14:23:33.968+0000] {dag.py:3089} INFO - Sync 1 DAGs
[2026-06-16T14:23:33.985+0000] {logging_mixin.py:188} INFO - [2026-06-16T14:23:33.985+0000] {dag.py:3947} INFO - Setting next_dagrun for 08_gcp_taxi to None, run_after=None
[2026-06-16T14:23:34.009+0000] {processor.py:183} INFO - Processing /opt/airflow/dags/dag_08_gcp_taxi.py took 0.124 seconds
[2026-06-16T14:24:04.871+0000] {processor.py:161} INFO - Started process (PID=10113) to work on /opt/airflow/dags/dag_08_gcp_taxi.py
[2026-06-16T14:24:04.873+0000] {processor.py:830} INFO - Processing file /opt/airflow/dags/dag_08_gcp_taxi.py for tasks to queue
[2026-06-16T14:24:04.875+0000] {logging_mixin.py:188} INFO - [2026-06-16T14:24:04.875+0000] {dagbag.py:545} INFO - Filling up the DagBag from /opt/airflow/dags/dag_08_gcp_taxi.py
[2026-06-16T14:24:04.887+0000] {processor.py:840} INFO - DAG(s) '08_gcp_taxi' retrieved from /opt/airflow/dags/dag_08_gcp_taxi.py
[2026-06-16T14:24:04.944+0000] {logging_mixin.py:188} INFO - [2026-06-16T14:24:04.944+0000] {dag.py:3089} INFO - Sync 1 DAGs
[2026-06-16T14:24:04.961+0000] {logging_mixin.py:188} INFO - [2026-06-16T14:24:04.961+0000] {dag.py:3947} INFO - Setting next_dagrun for 08_gcp_taxi to None, run_after=None
[2026-06-16T14:24:04.983+0000] {processor.py:183} INFO - Processing /opt/airflow/dags/dag_08_gcp_taxi.py took 0.121 seconds
[2026-06-16T14:24:35.066+0000] {processor.py:161} INFO - Started process (PID=10153) to work on /opt/airflow/dags/dag_08_gcp_taxi.py
[2026-06-16T14:24:35.077+0000] {processor.py:830} INFO - Processing file /opt/airflow/dags/dag_08_gcp_taxi.py for tasks to queue
[2026-06-16T14:24:35.079+0000] {logging_mixin.py:188} INFO - [2026-06-16T14:24:35.078+0000] {dagbag.py:545} INFO - Filling up the DagBag from /opt/airflow/dags/dag_08_gcp_taxi.py
[2026-06-16T14:24:35.091+0000] {processor.py:840} INFO - DAG(s) '08_gcp_taxi' retrieved from /opt/airflow/dags/dag_08_gcp_taxi.py
[2026-06-16T14:24:35.146+0000] {logging_mixin.py:188} INFO - [2026-06-16T14:24:35.146+0000] {dag.py:3089} INFO - Sync 1 DAGs
[2026-06-16T14:24:35.162+0000] {logging_mixin.py:188} INFO - [2026-06-16T14:24:35.162+0000] {dag.py:3947} INFO - Setting next_dagrun for 08_gcp_taxi to None, run_after=None
[2026-06-16T14:24:35.186+0000] {processor.py:183} INFO - Processing /opt/airflow/dags/dag_08_gcp_taxi.py took 0.127 seconds
[2026-06-16T14:25:06.110+0000] {processor.py:161} INFO - Started process (PID=10193) to work on /opt/airflow/dags/dag_08_gcp_taxi.py
[2026-06-16T14:25:06.111+0000] {processor.py:830} INFO - Processing file /opt/airflow/dags/dag_08_gcp_taxi.py for tasks to queue
[2026-06-16T14:25:06.114+0000] {logging_mixin.py:188} INFO - [2026-06-16T14:25:06.113+0000] {dagbag.py:545} INFO - Filling up the DagBag from /opt/airflow/dags/dag_08_gcp_taxi.py
[2026-06-16T14:25:06.127+0000] {processor.py:840} INFO - DAG(s) '08_gcp_taxi' retrieved from /opt/airflow/dags/dag_08_gcp_taxi.py
[2026-06-16T14:25:06.184+0000] {logging_mixin.py:188} INFO - [2026-06-16T14:25:06.184+0000] {dag.py:3089} INFO - Sync 1 DAGs
[2026-06-16T14:25:06.202+0000] {logging_mixin.py:188} INFO - [2026-06-16T14:25:06.202+0000] {dag.py:3947} INFO - Setting next_dagrun for 08_gcp_taxi to None, run_after=None
[2026-06-16T14:25:06.225+0000] {processor.py:183} INFO - Processing /opt/airflow/dags/dag_08_gcp_taxi.py took 0.123 seconds
[2026-06-16T14:25:37.159+0000] {processor.py:161} INFO - Started process (PID=10233) to work on /opt/airflow/dags/dag_08_gcp_taxi.py
[2026-06-16T14:25:37.161+0000] {processor.py:830} INFO - Processing file /opt/airflow/dags/dag_08_gcp_taxi.py for tasks to queue
[2026-06-16T14:25:37.164+0000] {logging_mixin.py:188} INFO - [2026-06-16T14:25:37.163+0000] {dagbag.py:545} INFO - Filling up the DagBag from /opt/airflow/dags/dag_08_gcp_taxi.py
[2026-06-16T14:25:37.176+0000] {processor.py:840} INFO - DAG(s) '08_gcp_taxi' retrieved from /opt/airflow/dags/dag_08_gcp_taxi.py
[2026-06-16T14:25:37.232+0000] {logging_mixin.py:188} INFO - [2026-06-16T14:25:37.231+0000] {dag.py:3089} INFO - Sync 1 DAGs
[2026-06-16T14:25:37.248+0000] {logging_mixin.py:188} INFO - [2026-06-16T14:25:37.247+0000] {dag.py:3947} INFO - Setting next_dagrun for 08_gcp_taxi to None, run_after=None
[2026-06-16T14:25:37.270+0000] {processor.py:183} INFO - Processing /opt/airflow/dags/dag_08_gcp_taxi.py took 0.119 seconds
[2026-06-16T14:26:08.140+0000] {processor.py:161} INFO - Started process (PID=10273) to work on /opt/airflow/dags/dag_08_gcp_taxi.py
[2026-06-16T14:26:08.150+0000] {processor.py:830} INFO - Processing file /opt/airflow/dags/dag_08_gcp_taxi.py for tasks to queue
[2026-06-16T14:26:08.153+0000] {logging_mixin.py:188} INFO - [2026-06-16T14:26:08.153+0000] {dagbag.py:545} INFO - Filling up the DagBag from /opt/airflow/dags/dag_08_gcp_taxi.py
[2026-06-16T14:26:08.168+0000] {processor.py:840} INFO - DAG(s) '08_gcp_taxi' retrieved from /opt/airflow/dags/dag_08_gcp_taxi.py
[2026-06-16T14:26:08.233+0000] {logging_mixin.py:188} INFO - [2026-06-16T14:26:08.233+0000] {dag.py:3089} INFO - Sync 1 DAGs
[2026-06-16T14:26:08.249+0000] {logging_mixin.py:188} INFO - [2026-06-16T14:26:08.248+0000] {dag.py:3947} INFO - Setting next_dagrun for 08_gcp_taxi to None, run_after=None
[2026-06-16T14:26:08.273+0000] {processor.py:183} INFO - Processing /opt/airflow/dags/dag_08_gcp_taxi.py took 0.142 seconds
[2026-06-16T14:26:38.380+0000] {processor.py:161} INFO - Started process (PID=10313) to work on /opt/airflow/dags/dag_08_gcp_taxi.py
[2026-06-16T14:26:38.395+0000] {processor.py:830} INFO - Processing file /opt/airflow/dags/dag_08_gcp_taxi.py for tasks to queue
[2026-06-16T14:26:38.398+0000] {logging_mixin.py:188} INFO - [2026-06-16T14:26:38.397+0000] {dagbag.py:545} INFO - Filling up the DagBag from /opt/airflow/dags/dag_08_gcp_taxi.py
[2026-06-16T14:26:38.412+0000] {processor.py:840} INFO - DAG(s) '08_gcp_taxi' retrieved from /opt/airflow/dags/dag_08_gcp_taxi.py
[2026-06-16T14:26:38.469+0000] {logging_mixin.py:188} INFO - [2026-06-16T14:26:38.469+0000] {dag.py:3089} INFO - Sync 1 DAGs
[2026-06-16T14:26:38.485+0000] {logging_mixin.py:188} INFO - [2026-06-16T14:26:38.484+0000] {dag.py:3947} INFO - Setting next_dagrun for 08_gcp_taxi to None, run_after=None
[2026-06-16T14:26:38.508+0000] {processor.py:183} INFO - Processing /opt/airflow/dags/dag_08_gcp_taxi.py took 0.136 seconds
[2026-06-16T14:27:08.591+0000] {processor.py:161} INFO - Started process (PID=10353) to work on /opt/airflow/dags/dag_08_gcp_taxi.py
[2026-06-16T14:27:08.593+0000] {processor.py:830} INFO - Processing file /opt/airflow/dags/dag_08_gcp_taxi.py for tasks to queue
[2026-06-16T14:27:08.596+0000] {logging_mixin.py:188} INFO - [2026-06-16T14:27:08.596+0000] {dagbag.py:545} INFO - Filling up the DagBag from /opt/airflow/dags/dag_08_gcp_taxi.py
[2026-06-16T14:27:08.608+0000] {processor.py:840} INFO - DAG(s) '08_gcp_taxi' retrieved from /opt/airflow/dags/dag_08_gcp_taxi.py
[2026-06-16T14:27:08.674+0000] {logging_mixin.py:188} INFO - [2026-06-16T14:27:08.674+0000] {dag.py:3089} INFO - Sync 1 DAGs
[2026-06-16T14:27:08.688+0000] {logging_mixin.py:188} INFO - [2026-06-16T14:27:08.688+0000] {dag.py:3947} INFO - Setting next_dagrun for 08_gcp_taxi to None, run_after=None
[2026-06-16T14:27:08.713+0000] {processor.py:183} INFO - Processing /opt/airflow/dags/dag_08_gcp_taxi.py took 0.130 seconds
[2026-06-16T14:27:38.809+0000] {processor.py:161} INFO - Started process (PID=10393) to work on /opt/airflow/dags/dag_08_gcp_taxi.py
[2026-06-16T14:27:38.812+0000] {processor.py:830} INFO - Processing file /opt/airflow/dags/dag_08_gcp_taxi.py for tasks to queue
[2026-06-16T14:27:38.815+0000] {logging_mixin.py:188} INFO - [2026-06-16T14:27:38.815+0000] {dagbag.py:545} INFO - Filling up the DagBag from /opt/airflow/dags/dag_08_gcp_taxi.py
[2026-06-16T14:27:38.831+0000] {processor.py:840} INFO - DAG(s) '08_gcp_taxi' retrieved from /opt/airflow/dags/dag_08_gcp_taxi.py
[2026-06-16T14:27:38.887+0000] {logging_mixin.py:188} INFO - [2026-06-16T14:27:38.886+0000] {dag.py:3089} INFO - Sync 1 DAGs
[2026-06-16T14:27:38.903+0000] {logging_mixin.py:188} INFO - [2026-06-16T14:27:38.903+0000] {dag.py:3947} INFO - Setting next_dagrun for 08_gcp_taxi to None, run_after=None
[2026-06-16T14:27:38.926+0000] {processor.py:183} INFO - Processing /opt/airflow/dags/dag_08_gcp_taxi.py took 0.125 seconds
[2026-06-16T14:28:09.038+0000] {processor.py:161} INFO - Started process (PID=10433) to work on /opt/airflow/dags/dag_08_gcp_taxi.py
[2026-06-16T14:28:09.039+0000] {processor.py:830} INFO - Processing file /opt/airflow/dags/dag_08_gcp_taxi.py for tasks to queue
[2026-06-16T14:28:09.042+0000] {logging_mixin.py:188} INFO - [2026-06-16T14:28:09.042+0000] {dagbag.py:545} INFO - Filling up the DagBag from /opt/airflow/dags/dag_08_gcp_taxi.py
[2026-06-16T14:28:09.055+0000] {processor.py:840} INFO - DAG(s) '08_gcp_taxi' retrieved from /opt/airflow/dags/dag_08_gcp_taxi.py
[2026-06-16T14:28:09.117+0000] {logging_mixin.py:188} INFO - [2026-06-16T14:28:09.116+0000] {dag.py:3089} INFO - Sync 1 DAGs
[2026-06-16T14:28:09.137+0000] {logging_mixin.py:188} INFO - [2026-06-16T14:28:09.137+0000] {dag.py:3947} INFO - Setting next_dagrun for 08_gcp_taxi to None, run_after=None
[2026-06-16T14:28:09.164+0000] {processor.py:183} INFO - Processing /opt/airflow/dags/dag_08_gcp_taxi.py took 0.135 seconds
[2026-06-16T14:28:39.332+0000] {processor.py:161} INFO - Started process (PID=10473) to work on /opt/airflow/dags/dag_08_gcp_taxi.py
[2026-06-16T14:28:39.333+0000] {processor.py:830} INFO - Processing file /opt/airflow/dags/dag_08_gcp_taxi.py for tasks to queue
[2026-06-16T14:28:39.336+0000] {logging_mixin.py:188} INFO - [2026-06-16T14:28:39.336+0000] {dagbag.py:545} INFO - Filling up the DagBag from /opt/airflow/dags/dag_08_gcp_taxi.py
[2026-06-16T14:28:39.358+0000] {processor.py:840} INFO - DAG(s) '08_gcp_taxi' retrieved from /opt/airflow/dags/dag_08_gcp_taxi.py
[2026-06-16T14:28:39.428+0000] {logging_mixin.py:188} INFO - [2026-06-16T14:28:39.428+0000] {dag.py:3089} INFO - Sync 1 DAGs
[2026-06-16T14:28:39.453+0000] {logging_mixin.py:188} INFO - [2026-06-16T14:28:39.452+0000] {dag.py:3947} INFO - Setting next_dagrun for 08_gcp_taxi to None, run_after=None
[2026-06-16T14:28:39.484+0000] {processor.py:183} INFO - Processing /opt/airflow/dags/dag_08_gcp_taxi.py took 0.162 seconds
[2026-06-16T14:29:10.524+0000] {processor.py:161} INFO - Started process (PID=10513) to work on /opt/airflow/dags/dag_08_gcp_taxi.py
[2026-06-16T14:29:10.526+0000] {processor.py:830} INFO - Processing file /opt/airflow/dags/dag_08_gcp_taxi.py for tasks to queue
[2026-06-16T14:29:10.529+0000] {logging_mixin.py:188} INFO - [2026-06-16T14:29:10.528+0000] {dagbag.py:545} INFO - Filling up the DagBag from /opt/airflow/dags/dag_08_gcp_taxi.py
[2026-06-16T14:29:10.541+0000] {processor.py:840} INFO - DAG(s) '08_gcp_taxi' retrieved from /opt/airflow/dags/dag_08_gcp_taxi.py
[2026-06-16T14:29:10.598+0000] {logging_mixin.py:188} INFO - [2026-06-16T14:29:10.598+0000] {dag.py:3089} INFO - Sync 1 DAGs
[2026-06-16T14:29:10.615+0000] {logging_mixin.py:188} INFO - [2026-06-16T14:29:10.615+0000] {dag.py:3947} INFO - Setting next_dagrun for 08_gcp_taxi to None, run_after=None
[2026-06-16T14:29:10.639+0000] {processor.py:183} INFO - Processing /opt/airflow/dags/dag_08_gcp_taxi.py took 0.123 seconds
[2026-06-16T14:29:41.643+0000] {processor.py:161} INFO - Started process (PID=10553) to work on /opt/airflow/dags/dag_08_gcp_taxi.py
[2026-06-16T14:29:41.646+0000] {processor.py:830} INFO - Processing file /opt/airflow/dags/dag_08_gcp_taxi.py for tasks to queue
[2026-06-16T14:29:41.649+0000] {logging_mixin.py:188} INFO - [2026-06-16T14:29:41.648+0000] {dagbag.py:545} INFO - Filling up the DagBag from /opt/airflow/dags/dag_08_gcp_taxi.py
[2026-06-16T14:29:41.661+0000] {processor.py:840} INFO - DAG(s) '08_gcp_taxi' retrieved from /opt/airflow/dags/dag_08_gcp_taxi.py
[2026-06-16T14:29:41.721+0000] {logging_mixin.py:188} INFO - [2026-06-16T14:29:41.721+0000] {dag.py:3089} INFO - Sync 1 DAGs
[2026-06-16T14:29:41.737+0000] {logging_mixin.py:188} INFO - [2026-06-16T14:29:41.737+0000] {dag.py:3947} INFO - Setting next_dagrun for 08_gcp_taxi to None, run_after=None
[2026-06-16T14:29:41.764+0000] {processor.py:183} INFO - Processing /opt/airflow/dags/dag_08_gcp_taxi.py took 0.128 seconds
[2026-06-16T14:30:11.859+0000] {processor.py:161} INFO - Started process (PID=10593) to work on /opt/airflow/dags/dag_08_gcp_taxi.py
[2026-06-16T14:30:11.860+0000] {processor.py:830} INFO - Processing file /opt/airflow/dags/dag_08_gcp_taxi.py for tasks to queue
[2026-06-16T14:30:11.863+0000] {logging_mixin.py:188} INFO - [2026-06-16T14:30:11.862+0000] {dagbag.py:545} INFO - Filling up the DagBag from /opt/airflow/dags/dag_08_gcp_taxi.py
[2026-06-16T14:30:11.875+0000] {processor.py:840} INFO - DAG(s) '08_gcp_taxi' retrieved from /opt/airflow/dags/dag_08_gcp_taxi.py
[2026-06-16T14:30:11.935+0000] {logging_mixin.py:188} INFO - [2026-06-16T14:30:11.935+0000] {dag.py:3089} INFO - Sync 1 DAGs
[2026-06-16T14:30:11.951+0000] {logging_mixin.py:188} INFO - [2026-06-16T14:30:11.951+0000] {dag.py:3947} INFO - Setting next_dagrun for 08_gcp_taxi to None, run_after=None
[2026-06-16T14:30:11.975+0000] {processor.py:183} INFO - Processing /opt/airflow/dags/dag_08_gcp_taxi.py took 0.125 seconds
[2026-06-16T14:30:42.064+0000] {processor.py:161} INFO - Started process (PID=10633) to work on /opt/airflow/dags/dag_08_gcp_taxi.py
[2026-06-16T14:30:42.066+0000] {processor.py:830} INFO - Processing file /opt/airflow/dags/dag_08_gcp_taxi.py for tasks to queue
[2026-06-16T14:30:42.069+0000] {logging_mixin.py:188} INFO - [2026-06-16T14:30:42.068+0000] {dagbag.py:545} INFO - Filling up the DagBag from /opt/airflow/dags/dag_08_gcp_taxi.py
[2026-06-16T14:30:42.082+0000] {processor.py:840} INFO - DAG(s) '08_gcp_taxi' retrieved from /opt/airflow/dags/dag_08_gcp_taxi.py
[2026-06-16T14:30:42.140+0000] {logging_mixin.py:188} INFO - [2026-06-16T14:30:42.140+0000] {dag.py:3089} INFO - Sync 1 DAGs
[2026-06-16T14:30:42.156+0000] {logging_mixin.py:188} INFO - [2026-06-16T14:30:42.156+0000] {dag.py:3947} INFO - Setting next_dagrun for 08_gcp_taxi to None, run_after=None
[2026-06-16T14:30:42.180+0000] {processor.py:183} INFO - Processing /opt/airflow/dags/dag_08_gcp_taxi.py took 0.125 seconds
[2026-06-16T14:31:13.169+0000] {processor.py:161} INFO - Started process (PID=10673) to work on /opt/airflow/dags/dag_08_gcp_taxi.py
[2026-06-16T14:31:13.171+0000] {processor.py:830} INFO - Processing file /opt/airflow/dags/dag_08_gcp_taxi.py for tasks to queue
[2026-06-16T14:31:13.174+0000] {logging_mixin.py:188} INFO - [2026-06-16T14:31:13.173+0000] {dagbag.py:545} INFO - Filling up the DagBag from /opt/airflow/dags/dag_08_gcp_taxi.py
[2026-06-16T14:31:13.186+0000] {processor.py:840} INFO - DAG(s) '08_gcp_taxi' retrieved from /opt/airflow/dags/dag_08_gcp_taxi.py
[2026-06-16T14:31:13.246+0000] {logging_mixin.py:188} INFO - [2026-06-16T14:31:13.246+0000] {dag.py:3089} INFO - Sync 1 DAGs
[2026-06-16T14:31:13.263+0000] {logging_mixin.py:188} INFO - [2026-06-16T14:31:13.263+0000] {dag.py:3947} INFO - Setting next_dagrun for 08_gcp_taxi to None, run_after=None
[2026-06-16T14:31:13.287+0000] {processor.py:183} INFO - Processing /opt/airflow/dags/dag_08_gcp_taxi.py took 0.126 seconds
[2026-06-16T14:31:44.157+0000] {processor.py:161} INFO - Started process (PID=10713) to work on /opt/airflow/dags/dag_08_gcp_taxi.py
[2026-06-16T14:31:44.159+0000] {processor.py:830} INFO - Processing file /opt/airflow/dags/dag_08_gcp_taxi.py for tasks to queue
[2026-06-16T14:31:44.162+0000] {logging_mixin.py:188} INFO - [2026-06-16T14:31:44.162+0000] {dagbag.py:545} INFO - Filling up the DagBag from /opt/airflow/dags/dag_08_gcp_taxi.py
[2026-06-16T14:31:44.175+0000] {processor.py:840} INFO - DAG(s) '08_gcp_taxi' retrieved from /opt/airflow/dags/dag_08_gcp_taxi.py
[2026-06-16T14:31:44.237+0000] {logging_mixin.py:188} INFO - [2026-06-16T14:31:44.236+0000] {dag.py:3089} INFO - Sync 1 DAGs
[2026-06-16T14:31:44.254+0000] {logging_mixin.py:188} INFO - [2026-06-16T14:31:44.254+0000] {dag.py:3947} INFO - Setting next_dagrun for 08_gcp_taxi to None, run_after=None
[2026-06-16T14:31:44.279+0000] {processor.py:183} INFO - Processing /opt/airflow/dags/dag_08_gcp_taxi.py took 0.131 seconds
[2026-06-16T14:32:14.804+0000] {processor.py:161} INFO - Started process (PID=10753) to work on /opt/airflow/dags/dag_08_gcp_taxi.py
[2026-06-16T14:32:14.805+0000] {processor.py:830} INFO - Processing file /opt/airflow/dags/dag_08_gcp_taxi.py for tasks to queue
[2026-06-16T14:32:14.808+0000] {logging_mixin.py:188} INFO - [2026-06-16T14:32:14.808+0000] {dagbag.py:545} INFO - Filling up the DagBag from /opt/airflow/dags/dag_08_gcp_taxi.py
[2026-06-16T14:32:14.821+0000] {processor.py:840} INFO - DAG(s) '08_gcp_taxi' retrieved from /opt/airflow/dags/dag_08_gcp_taxi.py
[2026-06-16T14:32:14.877+0000] {logging_mixin.py:188} INFO - [2026-06-16T14:32:14.877+0000] {dag.py:3089} INFO - Sync 1 DAGs
[2026-06-16T14:32:14.894+0000] {logging_mixin.py:188} INFO - [2026-06-16T14:32:14.894+0000] {dag.py:3947} INFO - Setting next_dagrun for 08_gcp_taxi to None, run_after=None
[2026-06-16T14:32:14.918+0000] {processor.py:183} INFO - Processing /opt/airflow/dags/dag_08_gcp_taxi.py took 0.122 seconds
[2026-06-16T14:32:45.874+0000] {processor.py:161} INFO - Started process (PID=10803) to work on /opt/airflow/dags/dag_08_gcp_taxi.py
[2026-06-16T14:32:45.876+0000] {processor.py:830} INFO - Processing file /opt/airflow/dags/dag_08_gcp_taxi.py for tasks to queue
[2026-06-16T14:32:45.878+0000] {logging_mixin.py:188} INFO - [2026-06-16T14:32:45.878+0000] {dagbag.py:545} INFO - Filling up the DagBag from /opt/airflow/dags/dag_08_gcp_taxi.py
[2026-06-16T14:32:45.893+0000] {processor.py:840} INFO - DAG(s) '08_gcp_taxi' retrieved from /opt/airflow/dags/dag_08_gcp_taxi.py
[2026-06-16T14:32:45.953+0000] {logging_mixin.py:188} INFO - [2026-06-16T14:32:45.953+0000] {dag.py:3089} INFO - Sync 1 DAGs
[2026-06-16T14:32:45.969+0000] {logging_mixin.py:188} INFO - [2026-06-16T14:32:45.969+0000] {dag.py:3947} INFO - Setting next_dagrun for 08_gcp_taxi to None, run_after=None
[2026-06-16T14:32:45.994+0000] {processor.py:183} INFO - Processing /opt/airflow/dags/dag_08_gcp_taxi.py took 0.131 seconds
[2026-06-16T14:33:16.038+0000] {processor.py:161} INFO - Started process (PID=10843) to work on /opt/airflow/dags/dag_08_gcp_taxi.py
[2026-06-16T14:33:16.039+0000] {processor.py:830} INFO - Processing file /opt/airflow/dags/dag_08_gcp_taxi.py for tasks to queue
[2026-06-16T14:33:16.041+0000] {logging_mixin.py:188} INFO - [2026-06-16T14:33:16.040+0000] {dagbag.py:545} INFO - Filling up the DagBag from /opt/airflow/dags/dag_08_gcp_taxi.py
[2026-06-16T14:33:16.054+0000] {processor.py:840} INFO - DAG(s) '08_gcp_taxi' retrieved from /opt/airflow/dags/dag_08_gcp_taxi.py
[2026-06-16T14:33:16.106+0000] {logging_mixin.py:188} INFO - [2026-06-16T14:33:16.106+0000] {dag.py:3089} INFO - Sync 1 DAGs
[2026-06-16T14:33:16.122+0000] {logging_mixin.py:188} INFO - [2026-06-16T14:33:16.122+0000] {dag.py:3947} INFO - Setting next_dagrun for 08_gcp_taxi to None, run_after=None
[2026-06-16T14:33:16.144+0000] {processor.py:183} INFO - Processing /opt/airflow/dags/dag_08_gcp_taxi.py took 0.115 seconds
[2026-06-16T14:33:46.228+0000] {processor.py:161} INFO - Started process (PID=10883) to work on /opt/airflow/dags/dag_08_gcp_taxi.py
[2026-06-16T14:33:46.240+0000] {processor.py:830} INFO - Processing file /opt/airflow/dags/dag_08_gcp_taxi.py for tasks to queue
[2026-06-16T14:33:46.242+0000] {logging_mixin.py:188} INFO - [2026-06-16T14:33:46.241+0000] {dagbag.py:545} INFO - Filling up the DagBag from /opt/airflow/dags/dag_08_gcp_taxi.py
[2026-06-16T14:33:46.252+0000] {processor.py:840} INFO - DAG(s) '08_gcp_taxi' retrieved from /opt/airflow/dags/dag_08_gcp_taxi.py
[2026-06-16T14:33:46.303+0000] {logging_mixin.py:188} INFO - [2026-06-16T14:33:46.302+0000] {dag.py:3089} INFO - Sync 1 DAGs
[2026-06-16T14:33:46.316+0000] {logging_mixin.py:188} INFO - [2026-06-16T14:33:46.315+0000] {dag.py:3947} INFO - Setting next_dagrun for 08_gcp_taxi to None, run_after=None
[2026-06-16T14:33:46.339+0000] {processor.py:183} INFO - Processing /opt/airflow/dags/dag_08_gcp_taxi.py took 0.118 seconds
[2026-06-16T14:34:16.446+0000] {processor.py:161} INFO - Started process (PID=10923) to work on /opt/airflow/dags/dag_08_gcp_taxi.py
[2026-06-16T14:34:16.447+0000] {processor.py:830} INFO - Processing file /opt/airflow/dags/dag_08_gcp_taxi.py for tasks to queue
[2026-06-16T14:34:16.450+0000] {logging_mixin.py:188} INFO - [2026-06-16T14:34:16.449+0000] {dagbag.py:545} INFO - Filling up the DagBag from /opt/airflow/dags/dag_08_gcp_taxi.py
[2026-06-16T14:34:16.463+0000] {processor.py:840} INFO - DAG(s) '08_gcp_taxi' retrieved from /opt/airflow/dags/dag_08_gcp_taxi.py
[2026-06-16T14:34:16.517+0000] {logging_mixin.py:188} INFO - [2026-06-16T14:34:16.517+0000] {dag.py:3089} INFO - Sync 1 DAGs
[2026-06-16T14:34:16.535+0000] {logging_mixin.py:188} INFO - [2026-06-16T14:34:16.535+0000] {dag.py:3947} INFO - Setting next_dagrun for 08_gcp_taxi to None, run_after=None
[2026-06-16T14:34:16.562+0000] {processor.py:183} INFO - Processing /opt/airflow/dags/dag_08_gcp_taxi.py took 0.123 seconds
[2026-06-16T14:34:46.646+0000] {processor.py:161} INFO - Started process (PID=10963) to work on /opt/airflow/dags/dag_08_gcp_taxi.py
[2026-06-16T14:34:46.657+0000] {processor.py:830} INFO - Processing file /opt/airflow/dags/dag_08_gcp_taxi.py for tasks to queue
[2026-06-16T14:34:46.659+0000] {logging_mixin.py:188} INFO - [2026-06-16T14:34:46.659+0000] {dagbag.py:545} INFO - Filling up the DagBag from /opt/airflow/dags/dag_08_gcp_taxi.py
[2026-06-16T14:34:46.670+0000] {processor.py:840} INFO - DAG(s) '08_gcp_taxi' retrieved from /opt/airflow/dags/dag_08_gcp_taxi.py
[2026-06-16T14:34:46.723+0000] {logging_mixin.py:188} INFO - [2026-06-16T14:34:46.723+0000] {dag.py:3089} INFO - Sync 1 DAGs
[2026-06-16T14:34:46.737+0000] {logging_mixin.py:188} INFO - [2026-06-16T14:34:46.737+0000] {dag.py:3947} INFO - Setting next_dagrun for 08_gcp_taxi to None, run_after=None
[2026-06-16T14:34:46.760+0000] {processor.py:183} INFO - Processing /opt/airflow/dags/dag_08_gcp_taxi.py took 0.120 seconds
[2026-06-16T14:35:16.841+0000] {processor.py:161} INFO - Started process (PID=11003) to work on /opt/airflow/dags/dag_08_gcp_taxi.py
[2026-06-16T14:35:16.842+0000] {processor.py:830} INFO - Processing file /opt/airflow/dags/dag_08_gcp_taxi.py for tasks to queue
[2026-06-16T14:35:16.843+0000] {logging_mixin.py:188} INFO - [2026-06-16T14:35:16.843+0000] {dagbag.py:545} INFO - Filling up the DagBag from /opt/airflow/dags/dag_08_gcp_taxi.py
[2026-06-16T14:35:16.856+0000] {processor.py:840} INFO - DAG(s) '08_gcp_taxi' retrieved from /opt/airflow/dags/dag_08_gcp_taxi.py
[2026-06-16T14:35:16.923+0000] {logging_mixin.py:188} INFO - [2026-06-16T14:35:16.923+0000] {dag.py:3089} INFO - Sync 1 DAGs
[2026-06-16T14:35:16.942+0000] {logging_mixin.py:188} INFO - [2026-06-16T14:35:16.942+0000] {dag.py:3947} INFO - Setting next_dagrun for 08_gcp_taxi to None, run_after=None
[2026-06-16T14:35:16.967+0000] {processor.py:183} INFO - Processing /opt/airflow/dags/dag_08_gcp_taxi.py took 0.133 seconds
[2026-06-16T14:35:47.075+0000] {processor.py:161} INFO - Started process (PID=11043) to work on /opt/airflow/dags/dag_08_gcp_taxi.py
[2026-06-16T14:35:47.085+0000] {processor.py:830} INFO - Processing file /opt/airflow/dags/dag_08_gcp_taxi.py for tasks to queue
[2026-06-16T14:35:47.088+0000] {logging_mixin.py:188} INFO - [2026-06-16T14:35:47.087+0000] {dagbag.py:545} INFO - Filling up the DagBag from /opt/airflow/dags/dag_08_gcp_taxi.py
[2026-06-16T14:35:47.104+0000] {processor.py:840} INFO - DAG(s) '08_gcp_taxi' retrieved from /opt/airflow/dags/dag_08_gcp_taxi.py
[2026-06-16T14:35:47.159+0000] {logging_mixin.py:188} INFO - [2026-06-16T14:35:47.158+0000] {dag.py:3089} INFO - Sync 1 DAGs
[2026-06-16T14:35:47.175+0000] {logging_mixin.py:188} INFO - [2026-06-16T14:35:47.175+0000] {dag.py:3947} INFO - Setting next_dagrun for 08_gcp_taxi to None, run_after=None
[2026-06-16T14:35:47.198+0000] {processor.py:183} INFO - Processing /opt/airflow/dags/dag_08_gcp_taxi.py took 0.132 seconds
[2026-06-16T14:36:17.314+0000] {processor.py:161} INFO - Started process (PID=11083) to work on /opt/airflow/dags/dag_08_gcp_taxi.py
[2026-06-16T14:36:17.315+0000] {processor.py:830} INFO - Processing file /opt/airflow/dags/dag_08_gcp_taxi.py for tasks to queue
[2026-06-16T14:36:17.317+0000] {logging_mixin.py:188} INFO - [2026-06-16T14:36:17.316+0000] {dagbag.py:545} INFO - Filling up the DagBag from /opt/airflow/dags/dag_08_gcp_taxi.py
[2026-06-16T14:36:17.328+0000] {processor.py:840} INFO - DAG(s) '08_gcp_taxi' retrieved from /opt/airflow/dags/dag_08_gcp_taxi.py
[2026-06-16T14:36:17.379+0000] {logging_mixin.py:188} INFO - [2026-06-16T14:36:17.379+0000] {dag.py:3089} INFO - Sync 1 DAGs
[2026-06-16T14:36:17.394+0000] {logging_mixin.py:188} INFO - [2026-06-16T14:36:17.394+0000] {dag.py:3947} INFO - Setting next_dagrun for 08_gcp_taxi to None, run_after=None
[2026-06-16T14:36:17.417+0000] {processor.py:183} INFO - Processing /opt/airflow/dags/dag_08_gcp_taxi.py took 0.111 seconds
[2026-06-16T14:36:47.498+0000] {processor.py:161} INFO - Started process (PID=11123) to work on /opt/airflow/dags/dag_08_gcp_taxi.py
[2026-06-16T14:36:47.510+0000] {processor.py:830} INFO - Processing file /opt/airflow/dags/dag_08_gcp_taxi.py for tasks to queue
[2026-06-16T14:36:47.512+0000] {logging_mixin.py:188} INFO - [2026-06-16T14:36:47.512+0000] {dagbag.py:545} INFO - Filling up the DagBag from /opt/airflow/dags/dag_08_gcp_taxi.py
[2026-06-16T14:36:47.524+0000] {processor.py:840} INFO - DAG(s) '08_gcp_taxi' retrieved from /opt/airflow/dags/dag_08_gcp_taxi.py
[2026-06-16T14:36:47.579+0000] {logging_mixin.py:188} INFO - [2026-06-16T14:36:47.579+0000] {dag.py:3089} INFO - Sync 1 DAGs
[2026-06-16T14:36:47.595+0000] {logging_mixin.py:188} INFO - [2026-06-16T14:36:47.595+0000] {dag.py:3947} INFO - Setting next_dagrun for 08_gcp_taxi to None, run_after=None
[2026-06-16T14:36:47.617+0000] {processor.py:183} INFO - Processing /opt/airflow/dags/dag_08_gcp_taxi.py took 0.127 seconds
[2026-06-16T14:37:17.710+0000] {processor.py:161} INFO - Started process (PID=11163) to work on /opt/airflow/dags/dag_08_gcp_taxi.py
[2026-06-16T14:37:17.711+0000] {processor.py:830} INFO - Processing file /opt/airflow/dags/dag_08_gcp_taxi.py for tasks to queue
[2026-06-16T14:37:17.713+0000] {logging_mixin.py:188} INFO - [2026-06-16T14:37:17.713+0000] {dagbag.py:545} INFO - Filling up the DagBag from /opt/airflow/dags/dag_08_gcp_taxi.py
[2026-06-16T14:37:17.724+0000] {processor.py:840} INFO - DAG(s) '08_gcp_taxi' retrieved from /opt/airflow/dags/dag_08_gcp_taxi.py
[2026-06-16T14:37:17.776+0000] {logging_mixin.py:188} INFO - [2026-06-16T14:37:17.775+0000] {dag.py:3089} INFO - Sync 1 DAGs
[2026-06-16T14:37:17.791+0000] {logging_mixin.py:188} INFO - [2026-06-16T14:37:17.791+0000] {dag.py:3947} INFO - Setting next_dagrun for 08_gcp_taxi to None, run_after=None
[2026-06-16T14:37:17.814+0000] {processor.py:183} INFO - Processing /opt/airflow/dags/dag_08_gcp_taxi.py took 0.110 seconds
[2026-06-16T14:37:47.910+0000] {processor.py:161} INFO - Started process (PID=11203) to work on /opt/airflow/dags/dag_08_gcp_taxi.py
[2026-06-16T14:37:47.912+0000] {processor.py:830} INFO - Processing file /opt/airflow/dags/dag_08_gcp_taxi.py for tasks to queue
[2026-06-16T14:37:47.914+0000] {logging_mixin.py:188} INFO - [2026-06-16T14:37:47.914+0000] {dagbag.py:545} INFO - Filling up the DagBag from /opt/airflow/dags/dag_08_gcp_taxi.py
[2026-06-16T14:37:47.925+0000] {processor.py:840} INFO - DAG(s) '08_gcp_taxi' retrieved from /opt/airflow/dags/dag_08_gcp_taxi.py
[2026-06-16T14:37:47.975+0000] {logging_mixin.py:188} INFO - [2026-06-16T14:37:47.975+0000] {dag.py:3089} INFO - Sync 1 DAGs
[2026-06-16T14:37:47.989+0000] {logging_mixin.py:188} INFO - [2026-06-16T14:37:47.989+0000] {dag.py:3947} INFO - Setting next_dagrun for 08_gcp_taxi to None, run_after=None
[2026-06-16T14:37:48.013+0000] {processor.py:183} INFO - Processing /opt/airflow/dags/dag_08_gcp_taxi.py took 0.111 seconds
[2026-06-16T14:38:18.068+0000] {processor.py:161} INFO - Started process (PID=11243) to work on /opt/airflow/dags/dag_08_gcp_taxi.py
[2026-06-16T14:38:18.070+0000] {processor.py:830} INFO - Processing file /opt/airflow/dags/dag_08_gcp_taxi.py for tasks to queue
[2026-06-16T14:38:18.072+0000] {logging_mixin.py:188} INFO - [2026-06-16T14:38:18.072+0000] {dagbag.py:545} INFO - Filling up the DagBag from /opt/airflow/dags/dag_08_gcp_taxi.py
[2026-06-16T14:38:18.086+0000] {processor.py:840} INFO - DAG(s) '08_gcp_taxi' retrieved from /opt/airflow/dags/dag_08_gcp_taxi.py
[2026-06-16T14:38:18.140+0000] {logging_mixin.py:188} INFO - [2026-06-16T14:38:18.139+0000] {dag.py:3089} INFO - Sync 1 DAGs
[2026-06-16T14:38:18.155+0000] {logging_mixin.py:188} INFO - [2026-06-16T14:38:18.154+0000] {dag.py:3947} INFO - Setting next_dagrun for 08_gcp_taxi to None, run_after=None
[2026-06-16T14:38:18.176+0000] {processor.py:183} INFO - Processing /opt/airflow/dags/dag_08_gcp_taxi.py took 0.114 seconds
[2026-06-16T14:38:49.194+0000] {processor.py:161} INFO - Started process (PID=11283) to work on /opt/airflow/dags/dag_08_gcp_taxi.py
[2026-06-16T14:38:49.196+0000] {processor.py:830} INFO - Processing file /opt/airflow/dags/dag_08_gcp_taxi.py for tasks to queue
[2026-06-16T14:38:49.198+0000] {logging_mixin.py:188} INFO - [2026-06-16T14:38:49.198+0000] {dagbag.py:545} INFO - Filling up the DagBag from /opt/airflow/dags/dag_08_gcp_taxi.py
[2026-06-16T14:38:49.210+0000] {processor.py:840} INFO - DAG(s) '08_gcp_taxi' retrieved from /opt/airflow/dags/dag_08_gcp_taxi.py
[2026-06-16T14:38:49.266+0000] {logging_mixin.py:188} INFO - [2026-06-16T14:38:49.266+0000] {dag.py:3089} INFO - Sync 1 DAGs
[2026-06-16T14:38:49.282+0000] {logging_mixin.py:188} INFO - [2026-06-16T14:38:49.282+0000] {dag.py:3947} INFO - Setting next_dagrun for 08_gcp_taxi to None, run_after=None
[2026-06-16T14:38:49.305+0000] {processor.py:183} INFO - Processing /opt/airflow/dags/dag_08_gcp_taxi.py took 0.124 seconds
[2026-06-16T14:39:20.284+0000] {processor.py:161} INFO - Started process (PID=11323) to work on /opt/airflow/dags/dag_08_gcp_taxi.py
[2026-06-16T14:39:20.286+0000] {processor.py:830} INFO - Processing file /opt/airflow/dags/dag_08_gcp_taxi.py for tasks to queue
[2026-06-16T14:39:20.289+0000] {logging_mixin.py:188} INFO - [2026-06-16T14:39:20.288+0000] {dagbag.py:545} INFO - Filling up the DagBag from /opt/airflow/dags/dag_08_gcp_taxi.py
[2026-06-16T14:39:20.301+0000] {processor.py:840} INFO - DAG(s) '08_gcp_taxi' retrieved from /opt/airflow/dags/dag_08_gcp_taxi.py
[2026-06-16T14:39:20.362+0000] {logging_mixin.py:188} INFO - [2026-06-16T14:39:20.362+0000] {dag.py:3089} INFO - Sync 1 DAGs
[2026-06-16T14:39:20.378+0000] {logging_mixin.py:188} INFO - [2026-06-16T14:39:20.378+0000] {dag.py:3947} INFO - Setting next_dagrun for 08_gcp_taxi to None, run_after=None
[2026-06-16T14:39:20.405+0000] {processor.py:183} INFO - Processing /opt/airflow/dags/dag_08_gcp_taxi.py took 0.129 seconds
[2026-06-16T14:39:50.875+0000] {processor.py:161} INFO - Started process (PID=11363) to work on /opt/airflow/dags/dag_08_gcp_taxi.py
[2026-06-16T14:39:50.886+0000] {processor.py:830} INFO - Processing file /opt/airflow/dags/dag_08_gcp_taxi.py for tasks to queue
[2026-06-16T14:39:50.888+0000] {logging_mixin.py:188} INFO - [2026-06-16T14:39:50.887+0000] {dagbag.py:545} INFO - Filling up the DagBag from /opt/airflow/dags/dag_08_gcp_taxi.py
[2026-06-16T14:39:50.900+0000] {processor.py:840} INFO - DAG(s) '08_gcp_taxi' retrieved from /opt/airflow/dags/dag_08_gcp_taxi.py
[2026-06-16T14:39:50.962+0000] {logging_mixin.py:188} INFO - [2026-06-16T14:39:50.961+0000] {dag.py:3089} INFO - Sync 1 DAGs
[2026-06-16T14:39:50.984+0000] {logging_mixin.py:188} INFO - [2026-06-16T14:39:50.984+0000] {dag.py:3947} INFO - Setting next_dagrun for 08_gcp_taxi to None, run_after=None
[2026-06-16T14:39:51.017+0000] {processor.py:183} INFO - Processing /opt/airflow/dags/dag_08_gcp_taxi.py took 0.149 seconds
[2026-06-16T14:40:22.012+0000] {processor.py:161} INFO - Started process (PID=11403) to work on /opt/airflow/dags/dag_08_gcp_taxi.py
[2026-06-16T14:40:22.014+0000] {processor.py:830} INFO - Processing file /opt/airflow/dags/dag_08_gcp_taxi.py for tasks to queue
[2026-06-16T14:40:22.018+0000] {logging_mixin.py:188} INFO - [2026-06-16T14:40:22.017+0000] {dagbag.py:545} INFO - Filling up the DagBag from /opt/airflow/dags/dag_08_gcp_taxi.py
[2026-06-16T14:40:22.031+0000] {processor.py:840} INFO - DAG(s) '08_gcp_taxi' retrieved from /opt/airflow/dags/dag_08_gcp_taxi.py
[2026-06-16T14:40:22.092+0000] {logging_mixin.py:188} INFO - [2026-06-16T14:40:22.092+0000] {dag.py:3089} INFO - Sync 1 DAGs
[2026-06-16T14:40:22.109+0000] {logging_mixin.py:188} INFO - [2026-06-16T14:40:22.109+0000] {dag.py:3947} INFO - Setting next_dagrun for 08_gcp_taxi to None, run_after=None
[2026-06-16T14:40:22.133+0000] {processor.py:183} INFO - Processing /opt/airflow/dags/dag_08_gcp_taxi.py took 0.132 seconds
[2026-06-16T14:40:52.549+0000] {processor.py:161} INFO - Started process (PID=11443) to work on /opt/airflow/dags/dag_08_gcp_taxi.py
[2026-06-16T14:40:52.552+0000] {processor.py:830} INFO - Processing file /opt/airflow/dags/dag_08_gcp_taxi.py for tasks to queue
[2026-06-16T14:40:52.555+0000] {logging_mixin.py:188} INFO - [2026-06-16T14:40:52.554+0000] {dagbag.py:545} INFO - Filling up the DagBag from /opt/airflow/dags/dag_08_gcp_taxi.py
[2026-06-16T14:40:52.567+0000] {processor.py:840} INFO - DAG(s) '08_gcp_taxi' retrieved from /opt/airflow/dags/dag_08_gcp_taxi.py
[2026-06-16T14:40:52.789+0000] {logging_mixin.py:188} INFO - [2026-06-16T14:40:52.789+0000] {dag.py:3089} INFO - Sync 1 DAGs
[2026-06-16T14:40:52.802+0000] {logging_mixin.py:188} INFO - [2026-06-16T14:40:52.802+0000] {dag.py:3947} INFO - Setting next_dagrun for 08_gcp_taxi to None, run_after=None
[2026-06-16T14:40:52.834+0000] {processor.py:183} INFO - Processing /opt/airflow/dags/dag_08_gcp_taxi.py took 0.292 seconds
[2026-06-16T14:41:23.169+0000] {processor.py:161} INFO - Started process (PID=11483) to work on /opt/airflow/dags/dag_08_gcp_taxi.py
[2026-06-16T14:41:23.170+0000] {processor.py:830} INFO - Processing file /opt/airflow/dags/dag_08_gcp_taxi.py for tasks to queue
[2026-06-16T14:41:23.174+0000] {logging_mixin.py:188} INFO - [2026-06-16T14:41:23.173+0000] {dagbag.py:545} INFO - Filling up the DagBag from /opt/airflow/dags/dag_08_gcp_taxi.py
[2026-06-16T14:41:23.186+0000] {processor.py:840} INFO - DAG(s) '08_gcp_taxi' retrieved from /opt/airflow/dags/dag_08_gcp_taxi.py
[2026-06-16T14:41:23.245+0000] {logging_mixin.py:188} INFO - [2026-06-16T14:41:23.245+0000] {dag.py:3089} INFO - Sync 1 DAGs
[2026-06-16T14:41:23.263+0000] {logging_mixin.py:188} INFO - [2026-06-16T14:41:23.262+0000] {dag.py:3947} INFO - Setting next_dagrun for 08_gcp_taxi to None, run_after=None
[2026-06-16T14:41:23.287+0000] {processor.py:183} INFO - Processing /opt/airflow/dags/dag_08_gcp_taxi.py took 0.127 seconds
[2026-06-16T14:41:53.638+0000] {processor.py:161} INFO - Started process (PID=11523) to work on /opt/airflow/dags/dag_08_gcp_taxi.py
[2026-06-16T14:41:53.648+0000] {processor.py:830} INFO - Processing file /opt/airflow/dags/dag_08_gcp_taxi.py for tasks to queue
[2026-06-16T14:41:53.650+0000] {logging_mixin.py:188} INFO - [2026-06-16T14:41:53.650+0000] {dagbag.py:545} INFO - Filling up the DagBag from /opt/airflow/dags/dag_08_gcp_taxi.py
[2026-06-16T14:41:53.662+0000] {processor.py:840} INFO - DAG(s) '08_gcp_taxi' retrieved from /opt/airflow/dags/dag_08_gcp_taxi.py
[2026-06-16T14:41:53.719+0000] {logging_mixin.py:188} INFO - [2026-06-16T14:41:53.719+0000] {dag.py:3089} INFO - Sync 1 DAGs
[2026-06-16T14:41:53.899+0000] {logging_mixin.py:188} INFO - [2026-06-16T14:41:53.899+0000] {dag.py:3947} INFO - Setting next_dagrun for 08_gcp_taxi to None, run_after=None
[2026-06-16T14:41:53.924+0000] {processor.py:183} INFO - Processing /opt/airflow/dags/dag_08_gcp_taxi.py took 0.294 seconds
[2026-06-16T14:42:24.036+0000] {processor.py:161} INFO - Started process (PID=11563) to work on /opt/airflow/dags/dag_08_gcp_taxi.py
[2026-06-16T14:42:24.037+0000] {processor.py:830} INFO - Processing file /opt/airflow/dags/dag_08_gcp_taxi.py for tasks to queue
[2026-06-16T14:42:24.040+0000] {logging_mixin.py:188} INFO - [2026-06-16T14:42:24.039+0000] {dagbag.py:545} INFO - Filling up the DagBag from /opt/airflow/dags/dag_08_gcp_taxi.py
[2026-06-16T14:42:24.193+0000] {processor.py:840} INFO - DAG(s) '08_gcp_taxi' retrieved from /opt/airflow/dags/dag_08_gcp_taxi.py
[2026-06-16T14:42:24.247+0000] {logging_mixin.py:188} INFO - [2026-06-16T14:42:24.246+0000] {dag.py:3089} INFO - Sync 1 DAGs
[2026-06-16T14:42:24.260+0000] {logging_mixin.py:188} INFO - [2026-06-16T14:42:24.259+0000] {dag.py:3947} INFO - Setting next_dagrun for 08_gcp_taxi to None, run_after=None
[2026-06-16T14:42:24.281+0000] {processor.py:183} INFO - Processing /opt/airflow/dags/dag_08_gcp_taxi.py took 0.254 seconds
[2026-06-16T14:42:55.298+0000] {processor.py:161} INFO - Started process (PID=11603) to work on /opt/airflow/dags/dag_08_gcp_taxi.py
[2026-06-16T14:42:55.300+0000] {processor.py:830} INFO - Processing file /opt/airflow/dags/dag_08_gcp_taxi.py for tasks to queue
[2026-06-16T14:42:55.304+0000] {logging_mixin.py:188} INFO - [2026-06-16T14:42:55.304+0000] {dagbag.py:545} INFO - Filling up the DagBag from /opt/airflow/dags/dag_08_gcp_taxi.py
[2026-06-16T14:42:55.322+0000] {processor.py:840} INFO - DAG(s) '08_gcp_taxi' retrieved from /opt/airflow/dags/dag_08_gcp_taxi.py
[2026-06-16T14:42:55.381+0000] {logging_mixin.py:188} INFO - [2026-06-16T14:42:55.380+0000] {dag.py:3089} INFO - Sync 1 DAGs
[2026-06-16T14:42:55.400+0000] {logging_mixin.py:188} INFO - [2026-06-16T14:42:55.400+0000] {dag.py:3947} INFO - Setting next_dagrun for 08_gcp_taxi to None, run_after=None
[2026-06-16T14:42:55.423+0000] {processor.py:183} INFO - Processing /opt/airflow/dags/dag_08_gcp_taxi.py took 0.134 seconds
[2026-06-16T14:43:26.380+0000] {processor.py:161} INFO - Started process (PID=11643) to work on /opt/airflow/dags/dag_08_gcp_taxi.py
[2026-06-16T14:43:26.383+0000] {processor.py:830} INFO - Processing file /opt/airflow/dags/dag_08_gcp_taxi.py for tasks to queue
[2026-06-16T14:43:26.385+0000] {logging_mixin.py:188} INFO - [2026-06-16T14:43:26.385+0000] {dagbag.py:545} INFO - Filling up the DagBag from /opt/airflow/dags/dag_08_gcp_taxi.py
[2026-06-16T14:43:26.399+0000] {processor.py:840} INFO - DAG(s) '08_gcp_taxi' retrieved from /opt/airflow/dags/dag_08_gcp_taxi.py
[2026-06-16T14:43:26.479+0000] {logging_mixin.py:188} INFO - [2026-06-16T14:43:26.479+0000] {dag.py:3089} INFO - Sync 1 DAGs
[2026-06-16T14:43:26.497+0000] {logging_mixin.py:188} INFO - [2026-06-16T14:43:26.497+0000] {dag.py:3947} INFO - Setting next_dagrun for 08_gcp_taxi to None, run_after=None
[2026-06-16T14:43:26.522+0000] {processor.py:183} INFO - Processing /opt/airflow/dags/dag_08_gcp_taxi.py took 0.152 seconds
[2026-06-16T14:43:57.472+0000] {processor.py:161} INFO - Started process (PID=11683) to work on /opt/airflow/dags/dag_08_gcp_taxi.py
[2026-06-16T14:43:57.474+0000] {processor.py:830} INFO - Processing file /opt/airflow/dags/dag_08_gcp_taxi.py for tasks to queue
[2026-06-16T14:43:57.477+0000] {logging_mixin.py:188} INFO - [2026-06-16T14:43:57.476+0000] {dagbag.py:545} INFO - Filling up the DagBag from /opt/airflow/dags/dag_08_gcp_taxi.py
[2026-06-16T14:43:57.495+0000] {processor.py:840} INFO - DAG(s) '08_gcp_taxi' retrieved from /opt/airflow/dags/dag_08_gcp_taxi.py
[2026-06-16T14:43:57.560+0000] {logging_mixin.py:188} INFO - [2026-06-16T14:43:57.559+0000] {dag.py:3089} INFO - Sync 1 DAGs
[2026-06-16T14:43:57.578+0000] {logging_mixin.py:188} INFO - [2026-06-16T14:43:57.578+0000] {dag.py:3947} INFO - Setting next_dagrun for 08_gcp_taxi to None, run_after=None
[2026-06-16T14:43:57.602+0000] {processor.py:183} INFO - Processing /opt/airflow/dags/dag_08_gcp_taxi.py took 0.145 seconds
[2026-06-16T14:44:28.585+0000] {processor.py:161} INFO - Started process (PID=11723) to work on /opt/airflow/dags/dag_08_gcp_taxi.py
[2026-06-16T14:44:28.587+0000] {processor.py:830} INFO - Processing file /opt/airflow/dags/dag_08_gcp_taxi.py for tasks to queue
[2026-06-16T14:44:28.590+0000] {logging_mixin.py:188} INFO - [2026-06-16T14:44:28.590+0000] {dagbag.py:545} INFO - Filling up the DagBag from /opt/airflow/dags/dag_08_gcp_taxi.py
[2026-06-16T14:44:28.605+0000] {processor.py:840} INFO - DAG(s) '08_gcp_taxi' retrieved from /opt/airflow/dags/dag_08_gcp_taxi.py
[2026-06-16T14:44:28.666+0000] {logging_mixin.py:188} INFO - [2026-06-16T14:44:28.665+0000] {dag.py:3089} INFO - Sync 1 DAGs
[2026-06-16T14:44:28.684+0000] {logging_mixin.py:188} INFO - [2026-06-16T14:44:28.683+0000] {dag.py:3947} INFO - Setting next_dagrun for 08_gcp_taxi to None, run_after=None
[2026-06-16T14:44:28.710+0000] {processor.py:183} INFO - Processing /opt/airflow/dags/dag_08_gcp_taxi.py took 0.135 seconds
[2026-06-16T14:44:59.699+0000] {processor.py:161} INFO - Started process (PID=11763) to work on /opt/airflow/dags/dag_08_gcp_taxi.py
[2026-06-16T14:44:59.701+0000] {processor.py:830} INFO - Processing file /opt/airflow/dags/dag_08_gcp_taxi.py for tasks to queue
[2026-06-16T14:44:59.703+0000] {logging_mixin.py:188} INFO - [2026-06-16T14:44:59.703+0000] {dagbag.py:545} INFO - Filling up the DagBag from /opt/airflow/dags/dag_08_gcp_taxi.py
[2026-06-16T14:44:59.715+0000] {processor.py:840} INFO - DAG(s) '08_gcp_taxi' retrieved from /opt/airflow/dags/dag_08_gcp_taxi.py
[2026-06-16T14:44:59.780+0000] {logging_mixin.py:188} INFO - [2026-06-16T14:44:59.780+0000] {dag.py:3089} INFO - Sync 1 DAGs
[2026-06-16T14:44:59.796+0000] {logging_mixin.py:188} INFO - [2026-06-16T14:44:59.795+0000] {dag.py:3947} INFO - Setting next_dagrun for 08_gcp_taxi to None, run_after=None
[2026-06-16T14:44:59.818+0000] {processor.py:183} INFO - Processing /opt/airflow/dags/dag_08_gcp_taxi.py took 0.128 seconds
[2026-06-16T14:45:30.825+0000] {processor.py:161} INFO - Started process (PID=11803) to work on /opt/airflow/dags/dag_08_gcp_taxi.py
[2026-06-16T14:45:30.828+0000] {processor.py:830} INFO - Processing file /opt/airflow/dags/dag_08_gcp_taxi.py for tasks to queue
[2026-06-16T14:45:30.831+0000] {logging_mixin.py:188} INFO - [2026-06-16T14:45:30.831+0000] {dagbag.py:545} INFO - Filling up the DagBag from /opt/airflow/dags/dag_08_gcp_taxi.py
[2026-06-16T14:45:30.845+0000] {processor.py:840} INFO - DAG(s) '08_gcp_taxi' retrieved from /opt/airflow/dags/dag_08_gcp_taxi.py
[2026-06-16T14:45:30.911+0000] {logging_mixin.py:188} INFO - [2026-06-16T14:45:30.910+0000] {dag.py:3089} INFO - Sync 1 DAGs
[2026-06-16T14:45:30.927+0000] {logging_mixin.py:188} INFO - [2026-06-16T14:45:30.927+0000] {dag.py:3947} INFO - Setting next_dagrun for 08_gcp_taxi to None, run_after=None
[2026-06-16T14:45:30.951+0000] {processor.py:183} INFO - Processing /opt/airflow/dags/dag_08_gcp_taxi.py took 0.134 seconds
[2026-06-16T14:46:01.924+0000] {processor.py:161} INFO - Started process (PID=11843) to work on /opt/airflow/dags/dag_08_gcp_taxi.py
[2026-06-16T14:46:01.926+0000] {processor.py:830} INFO - Processing file /opt/airflow/dags/dag_08_gcp_taxi.py for tasks to queue
[2026-06-16T14:46:01.929+0000] {logging_mixin.py:188} INFO - [2026-06-16T14:46:01.928+0000] {dagbag.py:545} INFO - Filling up the DagBag from /opt/airflow/dags/dag_08_gcp_taxi.py
[2026-06-16T14:46:01.943+0000] {processor.py:840} INFO - DAG(s) '08_gcp_taxi' retrieved from /opt/airflow/dags/dag_08_gcp_taxi.py
[2026-06-16T14:46:02.009+0000] {logging_mixin.py:188} INFO - [2026-06-16T14:46:02.009+0000] {dag.py:3089} INFO - Sync 1 DAGs
[2026-06-16T14:46:02.025+0000] {logging_mixin.py:188} INFO - [2026-06-16T14:46:02.025+0000] {dag.py:3947} INFO - Setting next_dagrun for 08_gcp_taxi to None, run_after=None
[2026-06-16T14:46:02.053+0000] {processor.py:183} INFO - Processing /opt/airflow/dags/dag_08_gcp_taxi.py took 0.145 seconds
[2026-06-16T14:46:33.003+0000] {processor.py:161} INFO - Started process (PID=11883) to work on /opt/airflow/dags/dag_08_gcp_taxi.py
[2026-06-16T14:46:33.004+0000] {processor.py:830} INFO - Processing file /opt/airflow/dags/dag_08_gcp_taxi.py for tasks to queue
[2026-06-16T14:46:33.007+0000] {logging_mixin.py:188} INFO - [2026-06-16T14:46:33.007+0000] {dagbag.py:545} INFO - Filling up the DagBag from /opt/airflow/dags/dag_08_gcp_taxi.py
[2026-06-16T14:46:33.020+0000] {processor.py:840} INFO - DAG(s) '08_gcp_taxi' retrieved from /opt/airflow/dags/dag_08_gcp_taxi.py
[2026-06-16T14:46:33.078+0000] {logging_mixin.py:188} INFO - [2026-06-16T14:46:33.078+0000] {dag.py:3089} INFO - Sync 1 DAGs
[2026-06-16T14:46:33.094+0000] {logging_mixin.py:188} INFO - [2026-06-16T14:46:33.094+0000] {dag.py:3947} INFO - Setting next_dagrun for 08_gcp_taxi to None, run_after=None
[2026-06-16T14:46:33.119+0000] {processor.py:183} INFO - Processing /opt/airflow/dags/dag_08_gcp_taxi.py took 0.124 seconds
[2026-06-16T14:47:04.090+0000] {processor.py:161} INFO - Started process (PID=11923) to work on /opt/airflow/dags/dag_08_gcp_taxi.py
[2026-06-16T14:47:04.101+0000] {processor.py:830} INFO - Processing file /opt/airflow/dags/dag_08_gcp_taxi.py for tasks to queue
[2026-06-16T14:47:04.103+0000] {logging_mixin.py:188} INFO - [2026-06-16T14:47:04.103+0000] {dagbag.py:545} INFO - Filling up the DagBag from /opt/airflow/dags/dag_08_gcp_taxi.py
[2026-06-16T14:47:04.115+0000] {processor.py:840} INFO - DAG(s) '08_gcp_taxi' retrieved from /opt/airflow/dags/dag_08_gcp_taxi.py
[2026-06-16T14:47:04.172+0000] {logging_mixin.py:188} INFO - [2026-06-16T14:47:04.171+0000] {dag.py:3089} INFO - Sync 1 DAGs
[2026-06-16T14:47:04.188+0000] {logging_mixin.py:188} INFO - [2026-06-16T14:47:04.188+0000] {dag.py:3947} INFO - Setting next_dagrun for 08_gcp_taxi to None, run_after=None
[2026-06-16T14:47:04.212+0000] {processor.py:183} INFO - Processing /opt/airflow/dags/dag_08_gcp_taxi.py took 0.130 seconds
[2026-06-16T14:47:35.199+0000] {processor.py:161} INFO - Started process (PID=11963) to work on /opt/airflow/dags/dag_08_gcp_taxi.py
[2026-06-16T14:47:35.201+0000] {processor.py:830} INFO - Processing file /opt/airflow/dags/dag_08_gcp_taxi.py for tasks to queue
[2026-06-16T14:47:35.204+0000] {logging_mixin.py:188} INFO - [2026-06-16T14:47:35.203+0000] {dagbag.py:545} INFO - Filling up the DagBag from /opt/airflow/dags/dag_08_gcp_taxi.py
[2026-06-16T14:47:35.215+0000] {processor.py:840} INFO - DAG(s) '08_gcp_taxi' retrieved from /opt/airflow/dags/dag_08_gcp_taxi.py
[2026-06-16T14:47:35.278+0000] {logging_mixin.py:188} INFO - [2026-06-16T14:47:35.278+0000] {dag.py:3089} INFO - Sync 1 DAGs
[2026-06-16T14:47:35.294+0000] {logging_mixin.py:188} INFO - [2026-06-16T14:47:35.293+0000] {dag.py:3947} INFO - Setting next_dagrun for 08_gcp_taxi to None, run_after=None
[2026-06-16T14:47:35.317+0000] {processor.py:183} INFO - Processing /opt/airflow/dags/dag_08_gcp_taxi.py took 0.126 seconds
[2026-06-16T14:48:06.279+0000] {processor.py:161} INFO - Started process (PID=12003) to work on /opt/airflow/dags/dag_08_gcp_taxi.py
[2026-06-16T14:48:06.289+0000] {processor.py:830} INFO - Processing file /opt/airflow/dags/dag_08_gcp_taxi.py for tasks to queue
[2026-06-16T14:48:06.291+0000] {logging_mixin.py:188} INFO - [2026-06-16T14:48:06.291+0000] {dagbag.py:545} INFO - Filling up the DagBag from /opt/airflow/dags/dag_08_gcp_taxi.py
[2026-06-16T14:48:06.303+0000] {processor.py:840} INFO - DAG(s) '08_gcp_taxi' retrieved from /opt/airflow/dags/dag_08_gcp_taxi.py
[2026-06-16T14:48:06.379+0000] {logging_mixin.py:188} INFO - [2026-06-16T14:48:06.379+0000] {dag.py:3089} INFO - Sync 1 DAGs
[2026-06-16T14:48:06.395+0000] {logging_mixin.py:188} INFO - [2026-06-16T14:48:06.395+0000] {dag.py:3947} INFO - Setting next_dagrun for 08_gcp_taxi to None, run_after=None
[2026-06-16T14:48:06.420+0000] {processor.py:183} INFO - Processing /opt/airflow/dags/dag_08_gcp_taxi.py took 0.149 seconds
[2026-06-16T14:48:37.388+0000] {processor.py:161} INFO - Started process (PID=12043) to work on /opt/airflow/dags/dag_08_gcp_taxi.py
[2026-06-16T14:48:37.390+0000] {processor.py:830} INFO - Processing file /opt/airflow/dags/dag_08_gcp_taxi.py for tasks to queue
[2026-06-16T14:48:37.394+0000] {logging_mixin.py:188} INFO - [2026-06-16T14:48:37.393+0000] {dagbag.py:545} INFO - Filling up the DagBag from /opt/airflow/dags/dag_08_gcp_taxi.py
[2026-06-16T14:48:37.411+0000] {processor.py:840} INFO - DAG(s) '08_gcp_taxi' retrieved from /opt/airflow/dags/dag_08_gcp_taxi.py
[2026-06-16T14:48:37.475+0000] {logging_mixin.py:188} INFO - [2026-06-16T14:48:37.475+0000] {dag.py:3089} INFO - Sync 1 DAGs
[2026-06-16T14:48:37.491+0000] {logging_mixin.py:188} INFO - [2026-06-16T14:48:37.491+0000] {dag.py:3947} INFO - Setting next_dagrun for 08_gcp_taxi to None, run_after=None
[2026-06-16T14:48:37.516+0000] {processor.py:183} INFO - Processing /opt/airflow/dags/dag_08_gcp_taxi.py took 0.136 seconds
[2026-06-16T14:49:08.495+0000] {processor.py:161} INFO - Started process (PID=12083) to work on /opt/airflow/dags/dag_08_gcp_taxi.py
[2026-06-16T14:49:08.497+0000] {processor.py:830} INFO - Processing file /opt/airflow/dags/dag_08_gcp_taxi.py for tasks to queue
[2026-06-16T14:49:08.499+0000] {logging_mixin.py:188} INFO - [2026-06-16T14:49:08.499+0000] {dagbag.py:545} INFO - Filling up the DagBag from /opt/airflow/dags/dag_08_gcp_taxi.py
[2026-06-16T14:49:08.511+0000] {processor.py:840} INFO - DAG(s) '08_gcp_taxi' retrieved from /opt/airflow/dags/dag_08_gcp_taxi.py
[2026-06-16T14:49:08.573+0000] {logging_mixin.py:188} INFO - [2026-06-16T14:49:08.573+0000] {dag.py:3089} INFO - Sync 1 DAGs
[2026-06-16T14:49:08.594+0000] {logging_mixin.py:188} INFO - [2026-06-16T14:49:08.594+0000] {dag.py:3947} INFO - Setting next_dagrun for 08_gcp_taxi to None, run_after=None
[2026-06-16T14:49:08.625+0000] {processor.py:183} INFO - Processing /opt/airflow/dags/dag_08_gcp_taxi.py took 0.139 seconds
[2026-06-16T14:49:39.606+0000] {processor.py:161} INFO - Started process (PID=12123) to work on /opt/airflow/dags/dag_08_gcp_taxi.py
[2026-06-16T14:49:39.617+0000] {processor.py:830} INFO - Processing file /opt/airflow/dags/dag_08_gcp_taxi.py for tasks to queue
[2026-06-16T14:49:39.619+0000] {logging_mixin.py:188} INFO - [2026-06-16T14:49:39.619+0000] {dagbag.py:545} INFO - Filling up the DagBag from /opt/airflow/dags/dag_08_gcp_taxi.py
[2026-06-16T14:49:39.635+0000] {processor.py:840} INFO - DAG(s) '08_gcp_taxi' retrieved from /opt/airflow/dags/dag_08_gcp_taxi.py
[2026-06-16T14:49:39.709+0000] {logging_mixin.py:188} INFO - [2026-06-16T14:49:39.708+0000] {dag.py:3089} INFO - Sync 1 DAGs
[2026-06-16T14:49:39.726+0000] {logging_mixin.py:188} INFO - [2026-06-16T14:49:39.726+0000] {dag.py:3947} INFO - Setting next_dagrun for 08_gcp_taxi to None, run_after=None
[2026-06-16T14:49:39.753+0000] {processor.py:183} INFO - Processing /opt/airflow/dags/dag_08_gcp_taxi.py took 0.158 seconds
[2026-06-16T14:50:10.701+0000] {processor.py:161} INFO - Started process (PID=12163) to work on /opt/airflow/dags/dag_08_gcp_taxi.py
[2026-06-16T14:50:10.703+0000] {processor.py:830} INFO - Processing file /opt/airflow/dags/dag_08_gcp_taxi.py for tasks to queue
[2026-06-16T14:50:10.707+0000] {logging_mixin.py:188} INFO - [2026-06-16T14:50:10.706+0000] {dagbag.py:545} INFO - Filling up the DagBag from /opt/airflow/dags/dag_08_gcp_taxi.py
[2026-06-16T14:50:10.725+0000] {processor.py:840} INFO - DAG(s) '08_gcp_taxi' retrieved from /opt/airflow/dags/dag_08_gcp_taxi.py
[2026-06-16T14:50:10.787+0000] {logging_mixin.py:188} INFO - [2026-06-16T14:50:10.787+0000] {dag.py:3089} INFO - Sync 1 DAGs
[2026-06-16T14:50:10.803+0000] {logging_mixin.py:188} INFO - [2026-06-16T14:50:10.803+0000] {dag.py:3947} INFO - Setting next_dagrun for 08_gcp_taxi to None, run_after=None
[2026-06-16T14:50:10.829+0000] {processor.py:183} INFO - Processing /opt/airflow/dags/dag_08_gcp_taxi.py took 0.138 seconds
[2026-06-16T14:50:41.747+0000] {processor.py:161} INFO - Started process (PID=12203) to work on /opt/airflow/dags/dag_08_gcp_taxi.py
[2026-06-16T14:50:41.749+0000] {processor.py:830} INFO - Processing file /opt/airflow/dags/dag_08_gcp_taxi.py for tasks to queue
[2026-06-16T14:50:41.753+0000] {logging_mixin.py:188} INFO - [2026-06-16T14:50:41.752+0000] {dagbag.py:545} INFO - Filling up the DagBag from /opt/airflow/dags/dag_08_gcp_taxi.py
[2026-06-16T14:50:41.765+0000] {processor.py:840} INFO - DAG(s) '08_gcp_taxi' retrieved from /opt/airflow/dags/dag_08_gcp_taxi.py
[2026-06-16T14:50:41.829+0000] {logging_mixin.py:188} INFO - [2026-06-16T14:50:41.829+0000] {dag.py:3089} INFO - Sync 1 DAGs
[2026-06-16T14:50:41.847+0000] {logging_mixin.py:188} INFO - [2026-06-16T14:50:41.847+0000] {dag.py:3947} INFO - Setting next_dagrun for 08_gcp_taxi to None, run_after=None
[2026-06-16T14:50:41.878+0000] {processor.py:183} INFO - Processing /opt/airflow/dags/dag_08_gcp_taxi.py took 0.138 seconds
[2026-06-16T14:51:11.924+0000] {processor.py:161} INFO - Started process (PID=12243) to work on /opt/airflow/dags/dag_08_gcp_taxi.py
[2026-06-16T14:51:11.925+0000] {processor.py:830} INFO - Processing file /opt/airflow/dags/dag_08_gcp_taxi.py for tasks to queue
[2026-06-16T14:51:11.928+0000] {logging_mixin.py:188} INFO - [2026-06-16T14:51:11.927+0000] {dagbag.py:545} INFO - Filling up the DagBag from /opt/airflow/dags/dag_08_gcp_taxi.py
[2026-06-16T14:51:11.941+0000] {processor.py:840} INFO - DAG(s) '08_gcp_taxi' retrieved from /opt/airflow/dags/dag_08_gcp_taxi.py
[2026-06-16T14:51:11.998+0000] {logging_mixin.py:188} INFO - [2026-06-16T14:51:11.997+0000] {dag.py:3089} INFO - Sync 1 DAGs
[2026-06-16T14:51:12.013+0000] {logging_mixin.py:188} INFO - [2026-06-16T14:51:12.013+0000] {dag.py:3947} INFO - Setting next_dagrun for 08_gcp_taxi to None, run_after=None
[2026-06-16T14:51:12.034+0000] {processor.py:183} INFO - Processing /opt/airflow/dags/dag_08_gcp_taxi.py took 0.116 seconds
[2026-06-16T14:51:42.810+0000] {processor.py:161} INFO - Started process (PID=12283) to work on /opt/airflow/dags/dag_08_gcp_taxi.py
[2026-06-16T14:51:42.813+0000] {processor.py:830} INFO - Processing file /opt/airflow/dags/dag_08_gcp_taxi.py for tasks to queue
[2026-06-16T14:51:42.815+0000] {logging_mixin.py:188} INFO - [2026-06-16T14:51:42.815+0000] {dagbag.py:545} INFO - Filling up the DagBag from /opt/airflow/dags/dag_08_gcp_taxi.py
[2026-06-16T14:51:42.827+0000] {processor.py:840} INFO - DAG(s) '08_gcp_taxi' retrieved from /opt/airflow/dags/dag_08_gcp_taxi.py
[2026-06-16T14:51:42.885+0000] {logging_mixin.py:188} INFO - [2026-06-16T14:51:42.885+0000] {dag.py:3089} INFO - Sync 1 DAGs
[2026-06-16T14:51:42.901+0000] {logging_mixin.py:188} INFO - [2026-06-16T14:51:42.901+0000] {dag.py:3947} INFO - Setting next_dagrun for 08_gcp_taxi to None, run_after=None
[2026-06-16T14:51:42.924+0000] {processor.py:183} INFO - Processing /opt/airflow/dags/dag_08_gcp_taxi.py took 0.121 seconds
[2026-06-16T14:52:13.068+0000] {processor.py:161} INFO - Started process (PID=12323) to work on /opt/airflow/dags/dag_08_gcp_taxi.py
[2026-06-16T14:52:13.069+0000] {processor.py:830} INFO - Processing file /opt/airflow/dags/dag_08_gcp_taxi.py for tasks to queue
[2026-06-16T14:52:13.073+0000] {logging_mixin.py:188} INFO - [2026-06-16T14:52:13.072+0000] {dagbag.py:545} INFO - Filling up the DagBag from /opt/airflow/dags/dag_08_gcp_taxi.py
[2026-06-16T14:52:13.089+0000] {processor.py:840} INFO - DAG(s) '08_gcp_taxi' retrieved from /opt/airflow/dags/dag_08_gcp_taxi.py
[2026-06-16T14:52:13.145+0000] {logging_mixin.py:188} INFO - [2026-06-16T14:52:13.144+0000] {dag.py:3089} INFO - Sync 1 DAGs
[2026-06-16T14:52:13.160+0000] {logging_mixin.py:188} INFO - [2026-06-16T14:52:13.160+0000] {dag.py:3947} INFO - Setting next_dagrun for 08_gcp_taxi to None, run_after=None
[2026-06-16T14:52:13.184+0000] {processor.py:183} INFO - Processing /opt/airflow/dags/dag_08_gcp_taxi.py took 0.124 seconds
[2026-06-16T14:52:44.181+0000] {processor.py:161} INFO - Started process (PID=12363) to work on /opt/airflow/dags/dag_08_gcp_taxi.py
[2026-06-16T14:52:44.183+0000] {processor.py:830} INFO - Processing file /opt/airflow/dags/dag_08_gcp_taxi.py for tasks to queue
[2026-06-16T14:52:44.186+0000] {logging_mixin.py:188} INFO - [2026-06-16T14:52:44.185+0000] {dagbag.py:545} INFO - Filling up the DagBag from /opt/airflow/dags/dag_08_gcp_taxi.py
[2026-06-16T14:52:44.198+0000] {processor.py:840} INFO - DAG(s) '08_gcp_taxi' retrieved from /opt/airflow/dags/dag_08_gcp_taxi.py
[2026-06-16T14:52:44.255+0000] {logging_mixin.py:188} INFO - [2026-06-16T14:52:44.255+0000] {dag.py:3089} INFO - Sync 1 DAGs
[2026-06-16T14:52:44.271+0000] {logging_mixin.py:188} INFO - [2026-06-16T14:52:44.271+0000] {dag.py:3947} INFO - Setting next_dagrun for 08_gcp_taxi to None, run_after=None
[2026-06-16T14:52:44.294+0000] {processor.py:183} INFO - Processing /opt/airflow/dags/dag_08_gcp_taxi.py took 0.121 seconds
[2026-06-16T14:53:15.268+0000] {processor.py:161} INFO - Started process (PID=12403) to work on /opt/airflow/dags/dag_08_gcp_taxi.py
[2026-06-16T14:53:15.270+0000] {processor.py:830} INFO - Processing file /opt/airflow/dags/dag_08_gcp_taxi.py for tasks to queue
[2026-06-16T14:53:15.272+0000] {logging_mixin.py:188} INFO - [2026-06-16T14:53:15.272+0000] {dagbag.py:545} INFO - Filling up the DagBag from /opt/airflow/dags/dag_08_gcp_taxi.py
[2026-06-16T14:53:15.288+0000] {processor.py:840} INFO - DAG(s) '08_gcp_taxi' retrieved from /opt/airflow/dags/dag_08_gcp_taxi.py
[2026-06-16T14:53:15.347+0000] {logging_mixin.py:188} INFO - [2026-06-16T14:53:15.347+0000] {dag.py:3089} INFO - Sync 1 DAGs
[2026-06-16T14:53:15.363+0000] {logging_mixin.py:188} INFO - [2026-06-16T14:53:15.363+0000] {dag.py:3947} INFO - Setting next_dagrun for 08_gcp_taxi to None, run_after=None
[2026-06-16T14:53:15.388+0000] {processor.py:183} INFO - Processing /opt/airflow/dags/dag_08_gcp_taxi.py took 0.129 seconds
[2026-06-16T14:53:46.331+0000] {processor.py:161} INFO - Started process (PID=12443) to work on /opt/airflow/dags/dag_08_gcp_taxi.py
[2026-06-16T14:53:46.342+0000] {processor.py:830} INFO - Processing file /opt/airflow/dags/dag_08_gcp_taxi.py for tasks to queue
[2026-06-16T14:53:46.344+0000] {logging_mixin.py:188} INFO - [2026-06-16T14:53:46.344+0000] {dagbag.py:545} INFO - Filling up the DagBag from /opt/airflow/dags/dag_08_gcp_taxi.py
[2026-06-16T14:53:46.356+0000] {processor.py:840} INFO - DAG(s) '08_gcp_taxi' retrieved from /opt/airflow/dags/dag_08_gcp_taxi.py
[2026-06-16T14:53:46.415+0000] {logging_mixin.py:188} INFO - [2026-06-16T14:53:46.415+0000] {dag.py:3089} INFO - Sync 1 DAGs
[2026-06-16T14:53:46.433+0000] {logging_mixin.py:188} INFO - [2026-06-16T14:53:46.433+0000] {dag.py:3947} INFO - Setting next_dagrun for 08_gcp_taxi to None, run_after=None
[2026-06-16T14:53:46.455+0000] {processor.py:183} INFO - Processing /opt/airflow/dags/dag_08_gcp_taxi.py took 0.132 seconds
[2026-06-16T14:54:16.507+0000] {processor.py:161} INFO - Started process (PID=12483) to work on /opt/airflow/dags/dag_08_gcp_taxi.py
[2026-06-16T14:54:16.508+0000] {processor.py:830} INFO - Processing file /opt/airflow/dags/dag_08_gcp_taxi.py for tasks to queue
[2026-06-16T14:54:16.510+0000] {logging_mixin.py:188} INFO - [2026-06-16T14:54:16.510+0000] {dagbag.py:545} INFO - Filling up the DagBag from /opt/airflow/dags/dag_08_gcp_taxi.py
[2026-06-16T14:54:16.523+0000] {processor.py:840} INFO - DAG(s) '08_gcp_taxi' retrieved from /opt/airflow/dags/dag_08_gcp_taxi.py
[2026-06-16T14:54:16.583+0000] {logging_mixin.py:188} INFO - [2026-06-16T14:54:16.583+0000] {dag.py:3089} INFO - Sync 1 DAGs
[2026-06-16T14:54:16.602+0000] {logging_mixin.py:188} INFO - [2026-06-16T14:54:16.601+0000] {dag.py:3947} INFO - Setting next_dagrun for 08_gcp_taxi to None, run_after=None
[2026-06-16T14:54:16.627+0000] {processor.py:183} INFO - Processing /opt/airflow/dags/dag_08_gcp_taxi.py took 0.129 seconds
[2026-06-16T14:54:47.575+0000] {processor.py:161} INFO - Started process (PID=12523) to work on /opt/airflow/dags/dag_08_gcp_taxi.py
[2026-06-16T14:54:47.577+0000] {processor.py:830} INFO - Processing file /opt/airflow/dags/dag_08_gcp_taxi.py for tasks to queue
[2026-06-16T14:54:47.580+0000] {logging_mixin.py:188} INFO - [2026-06-16T14:54:47.580+0000] {dagbag.py:545} INFO - Filling up the DagBag from /opt/airflow/dags/dag_08_gcp_taxi.py
[2026-06-16T14:54:47.592+0000] {processor.py:840} INFO - DAG(s) '08_gcp_taxi' retrieved from /opt/airflow/dags/dag_08_gcp_taxi.py
[2026-06-16T14:54:47.665+0000] {logging_mixin.py:188} INFO - [2026-06-16T14:54:47.665+0000] {dag.py:3089} INFO - Sync 1 DAGs
[2026-06-16T14:54:47.681+0000] {logging_mixin.py:188} INFO - [2026-06-16T14:54:47.681+0000] {dag.py:3947} INFO - Setting next_dagrun for 08_gcp_taxi to None, run_after=None
[2026-06-16T14:54:47.708+0000] {processor.py:183} INFO - Processing /opt/airflow/dags/dag_08_gcp_taxi.py took 0.142 seconds
[2026-06-16T14:55:18.692+0000] {processor.py:161} INFO - Started process (PID=12563) to work on /opt/airflow/dags/dag_08_gcp_taxi.py
[2026-06-16T14:55:18.695+0000] {processor.py:830} INFO - Processing file /opt/airflow/dags/dag_08_gcp_taxi.py for tasks to queue
[2026-06-16T14:55:18.697+0000] {logging_mixin.py:188} INFO - [2026-06-16T14:55:18.697+0000] {dagbag.py:545} INFO - Filling up the DagBag from /opt/airflow/dags/dag_08_gcp_taxi.py
[2026-06-16T14:55:18.709+0000] {processor.py:840} INFO - DAG(s) '08_gcp_taxi' retrieved from /opt/airflow/dags/dag_08_gcp_taxi.py
[2026-06-16T14:55:18.770+0000] {logging_mixin.py:188} INFO - [2026-06-16T14:55:18.769+0000] {dag.py:3089} INFO - Sync 1 DAGs
[2026-06-16T14:55:18.786+0000] {logging_mixin.py:188} INFO - [2026-06-16T14:55:18.786+0000] {dag.py:3947} INFO - Setting next_dagrun for 08_gcp_taxi to None, run_after=None
[2026-06-16T14:55:18.810+0000] {processor.py:183} INFO - Processing /opt/airflow/dags/dag_08_gcp_taxi.py took 0.127 seconds
[2026-06-16T14:55:49.766+0000] {processor.py:161} INFO - Started process (PID=12603) to work on /opt/airflow/dags/dag_08_gcp_taxi.py
[2026-06-16T14:55:49.767+0000] {processor.py:830} INFO - Processing file /opt/airflow/dags/dag_08_gcp_taxi.py for tasks to queue
[2026-06-16T14:55:49.770+0000] {logging_mixin.py:188} INFO - [2026-06-16T14:55:49.770+0000] {dagbag.py:545} INFO - Filling up the DagBag from /opt/airflow/dags/dag_08_gcp_taxi.py
[2026-06-16T14:55:49.782+0000] {processor.py:840} INFO - DAG(s) '08_gcp_taxi' retrieved from /opt/airflow/dags/dag_08_gcp_taxi.py
[2026-06-16T14:55:49.843+0000] {logging_mixin.py:188} INFO - [2026-06-16T14:55:49.843+0000] {dag.py:3089} INFO - Sync 1 DAGs
[2026-06-16T14:55:49.859+0000] {logging_mixin.py:188} INFO - [2026-06-16T14:55:49.859+0000] {dag.py:3947} INFO - Setting next_dagrun for 08_gcp_taxi to None, run_after=None
[2026-06-16T14:55:49.883+0000] {processor.py:183} INFO - Processing /opt/airflow/dags/dag_08_gcp_taxi.py took 0.126 seconds
[2026-06-16T14:56:20.836+0000] {processor.py:161} INFO - Started process (PID=12643) to work on /opt/airflow/dags/dag_08_gcp_taxi.py
[2026-06-16T14:56:20.838+0000] {processor.py:830} INFO - Processing file /opt/airflow/dags/dag_08_gcp_taxi.py for tasks to queue
[2026-06-16T14:56:20.840+0000] {logging_mixin.py:188} INFO - [2026-06-16T14:56:20.840+0000] {dagbag.py:545} INFO - Filling up the DagBag from /opt/airflow/dags/dag_08_gcp_taxi.py
[2026-06-16T14:56:20.853+0000] {processor.py:840} INFO - DAG(s) '08_gcp_taxi' retrieved from /opt/airflow/dags/dag_08_gcp_taxi.py
[2026-06-16T14:56:20.910+0000] {logging_mixin.py:188} INFO - [2026-06-16T14:56:20.910+0000] {dag.py:3089} INFO - Sync 1 DAGs
[2026-06-16T14:56:20.926+0000] {logging_mixin.py:188} INFO - [2026-06-16T14:56:20.926+0000] {dag.py:3947} INFO - Setting next_dagrun for 08_gcp_taxi to None, run_after=None
[2026-06-16T14:56:20.950+0000] {processor.py:183} INFO - Processing /opt/airflow/dags/dag_08_gcp_taxi.py took 0.122 seconds
[2026-06-16T14:56:51.909+0000] {processor.py:161} INFO - Started process (PID=12683) to work on /opt/airflow/dags/dag_08_gcp_taxi.py
[2026-06-16T14:56:51.910+0000] {processor.py:830} INFO - Processing file /opt/airflow/dags/dag_08_gcp_taxi.py for tasks to queue
[2026-06-16T14:56:51.914+0000] {logging_mixin.py:188} INFO - [2026-06-16T14:56:51.913+0000] {dagbag.py:545} INFO - Filling up the DagBag from /opt/airflow/dags/dag_08_gcp_taxi.py
[2026-06-16T14:56:51.926+0000] {processor.py:840} INFO - DAG(s) '08_gcp_taxi' retrieved from /opt/airflow/dags/dag_08_gcp_taxi.py
[2026-06-16T14:56:51.988+0000] {logging_mixin.py:188} INFO - [2026-06-16T14:56:51.987+0000] {dag.py:3089} INFO - Sync 1 DAGs
[2026-06-16T14:56:52.005+0000] {logging_mixin.py:188} INFO - [2026-06-16T14:56:52.005+0000] {dag.py:3947} INFO - Setting next_dagrun for 08_gcp_taxi to None, run_after=None
[2026-06-16T14:56:52.029+0000] {processor.py:183} INFO - Processing /opt/airflow/dags/dag_08_gcp_taxi.py took 0.131 seconds
[2026-06-16T14:57:23.009+0000] {processor.py:161} INFO - Started process (PID=12723) to work on /opt/airflow/dags/dag_08_gcp_taxi.py
[2026-06-16T14:57:23.011+0000] {processor.py:830} INFO - Processing file /opt/airflow/dags/dag_08_gcp_taxi.py for tasks to queue
[2026-06-16T14:57:23.014+0000] {logging_mixin.py:188} INFO - [2026-06-16T14:57:23.014+0000] {dagbag.py:545} INFO - Filling up the DagBag from /opt/airflow/dags/dag_08_gcp_taxi.py
[2026-06-16T14:57:23.028+0000] {processor.py:840} INFO - DAG(s) '08_gcp_taxi' retrieved from /opt/airflow/dags/dag_08_gcp_taxi.py
[2026-06-16T14:57:23.094+0000] {logging_mixin.py:188} INFO - [2026-06-16T14:57:23.093+0000] {dag.py:3089} INFO - Sync 1 DAGs
[2026-06-16T14:57:23.111+0000] {logging_mixin.py:188} INFO - [2026-06-16T14:57:23.111+0000] {dag.py:3947} INFO - Setting next_dagrun for 08_gcp_taxi to None, run_after=None
[2026-06-16T14:57:23.136+0000] {processor.py:183} INFO - Processing /opt/airflow/dags/dag_08_gcp_taxi.py took 0.138 seconds
[2026-06-16T14:57:54.102+0000] {processor.py:161} INFO - Started process (PID=12763) to work on /opt/airflow/dags/dag_08_gcp_taxi.py
[2026-06-16T14:57:54.104+0000] {processor.py:830} INFO - Processing file /opt/airflow/dags/dag_08_gcp_taxi.py for tasks to queue
[2026-06-16T14:57:54.107+0000] {logging_mixin.py:188} INFO - [2026-06-16T14:57:54.106+0000] {dagbag.py:545} INFO - Filling up the DagBag from /opt/airflow/dags/dag_08_gcp_taxi.py
[2026-06-16T14:57:54.119+0000] {processor.py:840} INFO - DAG(s) '08_gcp_taxi' retrieved from /opt/airflow/dags/dag_08_gcp_taxi.py
[2026-06-16T14:57:54.183+0000] {logging_mixin.py:188} INFO - [2026-06-16T14:57:54.183+0000] {dag.py:3089} INFO - Sync 1 DAGs
[2026-06-16T14:57:54.203+0000] {logging_mixin.py:188} INFO - [2026-06-16T14:57:54.203+0000] {dag.py:3947} INFO - Setting next_dagrun for 08_gcp_taxi to None, run_after=None
[2026-06-16T14:57:54.226+0000] {processor.py:183} INFO - Processing /opt/airflow/dags/dag_08_gcp_taxi.py took 0.132 seconds
[2026-06-16T14:58:25.160+0000] {processor.py:161} INFO - Started process (PID=12803) to work on /opt/airflow/dags/dag_08_gcp_taxi.py
[2026-06-16T14:58:25.161+0000] {processor.py:830} INFO - Processing file /opt/airflow/dags/dag_08_gcp_taxi.py for tasks to queue
[2026-06-16T14:58:25.164+0000] {logging_mixin.py:188} INFO - [2026-06-16T14:58:25.164+0000] {dagbag.py:545} INFO - Filling up the DagBag from /opt/airflow/dags/dag_08_gcp_taxi.py
[2026-06-16T14:58:25.178+0000] {processor.py:840} INFO - DAG(s) '08_gcp_taxi' retrieved from /opt/airflow/dags/dag_08_gcp_taxi.py
[2026-06-16T14:58:25.243+0000] {logging_mixin.py:188} INFO - [2026-06-16T14:58:25.243+0000] {dag.py:3089} INFO - Sync 1 DAGs
[2026-06-16T14:58:25.260+0000] {logging_mixin.py:188} INFO - [2026-06-16T14:58:25.260+0000] {dag.py:3947} INFO - Setting next_dagrun for 08_gcp_taxi to None, run_after=None
[2026-06-16T14:58:25.285+0000] {processor.py:183} INFO - Processing /opt/airflow/dags/dag_08_gcp_taxi.py took 0.136 seconds
[2026-06-16T14:58:56.193+0000] {processor.py:161} INFO - Started process (PID=12843) to work on /opt/airflow/dags/dag_08_gcp_taxi.py
[2026-06-16T14:58:56.204+0000] {processor.py:830} INFO - Processing file /opt/airflow/dags/dag_08_gcp_taxi.py for tasks to queue
[2026-06-16T14:58:56.206+0000] {logging_mixin.py:188} INFO - [2026-06-16T14:58:56.205+0000] {dagbag.py:545} INFO - Filling up the DagBag from /opt/airflow/dags/dag_08_gcp_taxi.py
[2026-06-16T14:58:56.217+0000] {processor.py:840} INFO - DAG(s) '08_gcp_taxi' retrieved from /opt/airflow/dags/dag_08_gcp_taxi.py
[2026-06-16T14:58:56.281+0000] {logging_mixin.py:188} INFO - [2026-06-16T14:58:56.280+0000] {dag.py:3089} INFO - Sync 1 DAGs
[2026-06-16T14:58:56.297+0000] {logging_mixin.py:188} INFO - [2026-06-16T14:58:56.296+0000] {dag.py:3947} INFO - Setting next_dagrun for 08_gcp_taxi to None, run_after=None
[2026-06-16T14:58:56.320+0000] {processor.py:183} INFO - Processing /opt/airflow/dags/dag_08_gcp_taxi.py took 0.136 seconds
[2026-06-16T14:59:26.415+0000] {processor.py:161} INFO - Started process (PID=12883) to work on /opt/airflow/dags/dag_08_gcp_taxi.py
[2026-06-16T14:59:26.416+0000] {processor.py:830} INFO - Processing file /opt/airflow/dags/dag_08_gcp_taxi.py for tasks to queue
[2026-06-16T14:59:26.419+0000] {logging_mixin.py:188} INFO - [2026-06-16T14:59:26.419+0000] {dagbag.py:545} INFO - Filling up the DagBag from /opt/airflow/dags/dag_08_gcp_taxi.py
[2026-06-16T14:59:26.433+0000] {processor.py:840} INFO - DAG(s) '08_gcp_taxi' retrieved from /opt/airflow/dags/dag_08_gcp_taxi.py
[2026-06-16T14:59:26.497+0000] {logging_mixin.py:188} INFO - [2026-06-16T14:59:26.497+0000] {dag.py:3089} INFO - Sync 1 DAGs
[2026-06-16T14:59:26.514+0000] {logging_mixin.py:188} INFO - [2026-06-16T14:59:26.514+0000] {dag.py:3947} INFO - Setting next_dagrun for 08_gcp_taxi to None, run_after=None
[2026-06-16T14:59:26.540+0000] {processor.py:183} INFO - Processing /opt/airflow/dags/dag_08_gcp_taxi.py took 0.133 seconds
[2026-06-16T14:59:56.616+0000] {processor.py:161} INFO - Started process (PID=12923) to work on /opt/airflow/dags/dag_08_gcp_taxi.py
[2026-06-16T14:59:56.627+0000] {processor.py:830} INFO - Processing file /opt/airflow/dags/dag_08_gcp_taxi.py for tasks to queue
[2026-06-16T14:59:56.629+0000] {logging_mixin.py:188} INFO - [2026-06-16T14:59:56.629+0000] {dagbag.py:545} INFO - Filling up the DagBag from /opt/airflow/dags/dag_08_gcp_taxi.py
[2026-06-16T14:59:56.642+0000] {processor.py:840} INFO - DAG(s) '08_gcp_taxi' retrieved from /opt/airflow/dags/dag_08_gcp_taxi.py
[2026-06-16T14:59:56.701+0000] {logging_mixin.py:188} INFO - [2026-06-16T14:59:56.701+0000] {dag.py:3089} INFO - Sync 1 DAGs
[2026-06-16T14:59:56.719+0000] {logging_mixin.py:188} INFO - [2026-06-16T14:59:56.718+0000] {dag.py:3947} INFO - Setting next_dagrun for 08_gcp_taxi to None, run_after=None
[2026-06-16T14:59:56.743+0000] {processor.py:183} INFO - Processing /opt/airflow/dags/dag_08_gcp_taxi.py took 0.135 seconds
[2026-06-16T15:00:26.804+0000] {processor.py:161} INFO - Started process (PID=12963) to work on /opt/airflow/dags/dag_08_gcp_taxi.py
[2026-06-16T15:00:26.805+0000] {processor.py:830} INFO - Processing file /opt/airflow/dags/dag_08_gcp_taxi.py for tasks to queue
[2026-06-16T15:00:26.808+0000] {logging_mixin.py:188} INFO - [2026-06-16T15:00:26.808+0000] {dagbag.py:545} INFO - Filling up the DagBag from /opt/airflow/dags/dag_08_gcp_taxi.py
[2026-06-16T15:00:26.820+0000] {processor.py:840} INFO - DAG(s) '08_gcp_taxi' retrieved from /opt/airflow/dags/dag_08_gcp_taxi.py
[2026-06-16T15:00:26.879+0000] {logging_mixin.py:188} INFO - [2026-06-16T15:00:26.879+0000] {dag.py:3089} INFO - Sync 1 DAGs
[2026-06-16T15:00:26.901+0000] {logging_mixin.py:188} INFO - [2026-06-16T15:00:26.901+0000] {dag.py:3947} INFO - Setting next_dagrun for 08_gcp_taxi to None, run_after=None
[2026-06-16T15:00:26.925+0000] {processor.py:183} INFO - Processing /opt/airflow/dags/dag_08_gcp_taxi.py took 0.130 seconds
[2026-06-16T15:00:57.847+0000] {processor.py:161} INFO - Started process (PID=13003) to work on /opt/airflow/dags/dag_08_gcp_taxi.py
[2026-06-16T15:00:57.859+0000] {processor.py:830} INFO - Processing file /opt/airflow/dags/dag_08_gcp_taxi.py for tasks to queue
[2026-06-16T15:00:57.861+0000] {logging_mixin.py:188} INFO - [2026-06-16T15:00:57.860+0000] {dagbag.py:545} INFO - Filling up the DagBag from /opt/airflow/dags/dag_08_gcp_taxi.py
[2026-06-16T15:00:57.873+0000] {processor.py:840} INFO - DAG(s) '08_gcp_taxi' retrieved from /opt/airflow/dags/dag_08_gcp_taxi.py
[2026-06-16T15:00:57.932+0000] {logging_mixin.py:188} INFO - [2026-06-16T15:00:57.932+0000] {dag.py:3089} INFO - Sync 1 DAGs
[2026-06-16T15:00:57.950+0000] {logging_mixin.py:188} INFO - [2026-06-16T15:00:57.950+0000] {dag.py:3947} INFO - Setting next_dagrun for 08_gcp_taxi to None, run_after=None
[2026-06-16T15:00:57.975+0000] {processor.py:183} INFO - Processing /opt/airflow/dags/dag_08_gcp_taxi.py took 0.136 seconds
[2026-06-16T15:01:28.038+0000] {processor.py:161} INFO - Started process (PID=13043) to work on /opt/airflow/dags/dag_08_gcp_taxi.py
[2026-06-16T15:01:28.039+0000] {processor.py:830} INFO - Processing file /opt/airflow/dags/dag_08_gcp_taxi.py for tasks to queue
[2026-06-16T15:01:28.042+0000] {logging_mixin.py:188} INFO - [2026-06-16T15:01:28.041+0000] {dagbag.py:545} INFO - Filling up the DagBag from /opt/airflow/dags/dag_08_gcp_taxi.py
[2026-06-16T15:01:28.054+0000] {processor.py:840} INFO - DAG(s) '08_gcp_taxi' retrieved from /opt/airflow/dags/dag_08_gcp_taxi.py
[2026-06-16T15:01:28.114+0000] {logging_mixin.py:188} INFO - [2026-06-16T15:01:28.113+0000] {dag.py:3089} INFO - Sync 1 DAGs
[2026-06-16T15:01:28.131+0000] {logging_mixin.py:188} INFO - [2026-06-16T15:01:28.130+0000] {dag.py:3947} INFO - Setting next_dagrun for 08_gcp_taxi to None, run_after=None
[2026-06-16T15:01:28.155+0000] {processor.py:183} INFO - Processing /opt/airflow/dags/dag_08_gcp_taxi.py took 0.126 seconds
[2026-06-16T15:01:59.167+0000] {processor.py:161} INFO - Started process (PID=13083) to work on /opt/airflow/dags/dag_08_gcp_taxi.py
[2026-06-16T15:01:59.177+0000] {processor.py:830} INFO - Processing file /opt/airflow/dags/dag_08_gcp_taxi.py for tasks to queue
[2026-06-16T15:01:59.179+0000] {logging_mixin.py:188} INFO - [2026-06-16T15:01:59.179+0000] {dagbag.py:545} INFO - Filling up the DagBag from /opt/airflow/dags/dag_08_gcp_taxi.py
[2026-06-16T15:01:59.192+0000] {processor.py:840} INFO - DAG(s) '08_gcp_taxi' retrieved from /opt/airflow/dags/dag_08_gcp_taxi.py
[2026-06-16T15:01:59.249+0000] {logging_mixin.py:188} INFO - [2026-06-16T15:01:59.249+0000] {dag.py:3089} INFO - Sync 1 DAGs
[2026-06-16T15:01:59.266+0000] {logging_mixin.py:188} INFO - [2026-06-16T15:01:59.266+0000] {dag.py:3947} INFO - Setting next_dagrun for 08_gcp_taxi to None, run_after=None
[2026-06-16T15:01:59.291+0000] {processor.py:183} INFO - Processing /opt/airflow/dags/dag_08_gcp_taxi.py took 0.132 seconds
[2026-06-16T15:02:30.274+0000] {processor.py:161} INFO - Started process (PID=13123) to work on /opt/airflow/dags/dag_08_gcp_taxi.py
[2026-06-16T15:02:30.275+0000] {processor.py:830} INFO - Processing file /opt/airflow/dags/dag_08_gcp_taxi.py for tasks to queue
[2026-06-16T15:02:30.278+0000] {logging_mixin.py:188} INFO - [2026-06-16T15:02:30.277+0000] {dagbag.py:545} INFO - Filling up the DagBag from /opt/airflow/dags/dag_08_gcp_taxi.py
[2026-06-16T15:02:30.291+0000] {processor.py:840} INFO - DAG(s) '08_gcp_taxi' retrieved from /opt/airflow/dags/dag_08_gcp_taxi.py
[2026-06-16T15:02:30.348+0000] {logging_mixin.py:188} INFO - [2026-06-16T15:02:30.348+0000] {dag.py:3089} INFO - Sync 1 DAGs
[2026-06-16T15:02:30.364+0000] {logging_mixin.py:188} INFO - [2026-06-16T15:02:30.364+0000] {dag.py:3947} INFO - Setting next_dagrun for 08_gcp_taxi to None, run_after=None
[2026-06-16T15:02:30.387+0000] {processor.py:183} INFO - Processing /opt/airflow/dags/dag_08_gcp_taxi.py took 0.120 seconds
[2026-06-16T15:03:01.287+0000] {processor.py:161} INFO - Started process (PID=13163) to work on /opt/airflow/dags/dag_08_gcp_taxi.py
[2026-06-16T15:03:01.299+0000] {processor.py:830} INFO - Processing file /opt/airflow/dags/dag_08_gcp_taxi.py for tasks to queue
[2026-06-16T15:03:01.300+0000] {logging_mixin.py:188} INFO - [2026-06-16T15:03:01.300+0000] {dagbag.py:545} INFO - Filling up the DagBag from /opt/airflow/dags/dag_08_gcp_taxi.py
[2026-06-16T15:03:01.312+0000] {processor.py:840} INFO - DAG(s) '08_gcp_taxi' retrieved from /opt/airflow/dags/dag_08_gcp_taxi.py
[2026-06-16T15:03:01.381+0000] {logging_mixin.py:188} INFO - [2026-06-16T15:03:01.381+0000] {dag.py:3089} INFO - Sync 1 DAGs
[2026-06-16T15:03:01.398+0000] {logging_mixin.py:188} INFO - [2026-06-16T15:03:01.398+0000] {dag.py:3947} INFO - Setting next_dagrun for 08_gcp_taxi to None, run_after=None
[2026-06-16T15:03:01.424+0000] {processor.py:183} INFO - Processing /opt/airflow/dags/dag_08_gcp_taxi.py took 0.145 seconds
[2026-06-16T15:03:32.381+0000] {processor.py:161} INFO - Started process (PID=13203) to work on /opt/airflow/dags/dag_08_gcp_taxi.py
[2026-06-16T15:03:32.382+0000] {processor.py:830} INFO - Processing file /opt/airflow/dags/dag_08_gcp_taxi.py for tasks to queue
[2026-06-16T15:03:32.385+0000] {logging_mixin.py:188} INFO - [2026-06-16T15:03:32.385+0000] {dagbag.py:545} INFO - Filling up the DagBag from /opt/airflow/dags/dag_08_gcp_taxi.py
[2026-06-16T15:03:32.398+0000] {processor.py:840} INFO - DAG(s) '08_gcp_taxi' retrieved from /opt/airflow/dags/dag_08_gcp_taxi.py
[2026-06-16T15:03:32.457+0000] {logging_mixin.py:188} INFO - [2026-06-16T15:03:32.457+0000] {dag.py:3089} INFO - Sync 1 DAGs
[2026-06-16T15:03:32.476+0000] {logging_mixin.py:188} INFO - [2026-06-16T15:03:32.475+0000] {dag.py:3947} INFO - Setting next_dagrun for 08_gcp_taxi to None, run_after=None
[2026-06-16T15:03:32.500+0000] {processor.py:183} INFO - Processing /opt/airflow/dags/dag_08_gcp_taxi.py took 0.127 seconds
[2026-06-16T15:04:03.492+0000] {processor.py:161} INFO - Started process (PID=13243) to work on /opt/airflow/dags/dag_08_gcp_taxi.py
[2026-06-16T15:04:03.495+0000] {processor.py:830} INFO - Processing file /opt/airflow/dags/dag_08_gcp_taxi.py for tasks to queue
[2026-06-16T15:04:03.497+0000] {logging_mixin.py:188} INFO - [2026-06-16T15:04:03.497+0000] {dagbag.py:545} INFO - Filling up the DagBag from /opt/airflow/dags/dag_08_gcp_taxi.py
[2026-06-16T15:04:03.511+0000] {processor.py:840} INFO - DAG(s) '08_gcp_taxi' retrieved from /opt/airflow/dags/dag_08_gcp_taxi.py
[2026-06-16T15:04:03.580+0000] {logging_mixin.py:188} INFO - [2026-06-16T15:04:03.579+0000] {dag.py:3089} INFO - Sync 1 DAGs
[2026-06-16T15:04:03.599+0000] {logging_mixin.py:188} INFO - [2026-06-16T15:04:03.599+0000] {dag.py:3947} INFO - Setting next_dagrun for 08_gcp_taxi to None, run_after=None
[2026-06-16T15:04:03.623+0000] {processor.py:183} INFO - Processing /opt/airflow/dags/dag_08_gcp_taxi.py took 0.141 seconds
[2026-06-16T15:04:34.566+0000] {processor.py:161} INFO - Started process (PID=13283) to work on /opt/airflow/dags/dag_08_gcp_taxi.py
[2026-06-16T15:04:34.577+0000] {processor.py:830} INFO - Processing file /opt/airflow/dags/dag_08_gcp_taxi.py for tasks to queue
[2026-06-16T15:04:34.579+0000] {logging_mixin.py:188} INFO - [2026-06-16T15:04:34.579+0000] {dagbag.py:545} INFO - Filling up the DagBag from /opt/airflow/dags/dag_08_gcp_taxi.py
[2026-06-16T15:04:34.591+0000] {processor.py:840} INFO - DAG(s) '08_gcp_taxi' retrieved from /opt/airflow/dags/dag_08_gcp_taxi.py
[2026-06-16T15:04:34.648+0000] {logging_mixin.py:188} INFO - [2026-06-16T15:04:34.648+0000] {dag.py:3089} INFO - Sync 1 DAGs
[2026-06-16T15:04:34.664+0000] {logging_mixin.py:188} INFO - [2026-06-16T15:04:34.664+0000] {dag.py:3947} INFO - Setting next_dagrun for 08_gcp_taxi to None, run_after=None
[2026-06-16T15:04:34.690+0000] {processor.py:183} INFO - Processing /opt/airflow/dags/dag_08_gcp_taxi.py took 0.131 seconds
[2026-06-16T15:05:05.525+0000] {processor.py:161} INFO - Started process (PID=13323) to work on /opt/airflow/dags/dag_08_gcp_taxi.py
[2026-06-16T15:05:05.527+0000] {processor.py:830} INFO - Processing file /opt/airflow/dags/dag_08_gcp_taxi.py for tasks to queue
[2026-06-16T15:05:05.531+0000] {logging_mixin.py:188} INFO - [2026-06-16T15:05:05.530+0000] {dagbag.py:545} INFO - Filling up the DagBag from /opt/airflow/dags/dag_08_gcp_taxi.py
[2026-06-16T15:05:05.544+0000] {processor.py:840} INFO - DAG(s) '08_gcp_taxi' retrieved from /opt/airflow/dags/dag_08_gcp_taxi.py
[2026-06-16T15:05:05.606+0000] {logging_mixin.py:188} INFO - [2026-06-16T15:05:05.606+0000] {dag.py:3089} INFO - Sync 1 DAGs
[2026-06-16T15:05:05.621+0000] {logging_mixin.py:188} INFO - [2026-06-16T15:05:05.621+0000] {dag.py:3947} INFO - Setting next_dagrun for 08_gcp_taxi to None, run_after=None
[2026-06-16T15:05:05.646+0000] {processor.py:183} INFO - Processing /opt/airflow/dags/dag_08_gcp_taxi.py took 0.129 seconds
[2026-06-16T15:05:35.695+0000] {processor.py:161} INFO - Started process (PID=13363) to work on /opt/airflow/dags/dag_08_gcp_taxi.py
[2026-06-16T15:05:35.705+0000] {processor.py:830} INFO - Processing file /opt/airflow/dags/dag_08_gcp_taxi.py for tasks to queue
[2026-06-16T15:05:35.707+0000] {logging_mixin.py:188} INFO - [2026-06-16T15:05:35.707+0000] {dagbag.py:545} INFO - Filling up the DagBag from /opt/airflow/dags/dag_08_gcp_taxi.py
[2026-06-16T15:05:35.719+0000] {processor.py:840} INFO - DAG(s) '08_gcp_taxi' retrieved from /opt/airflow/dags/dag_08_gcp_taxi.py
[2026-06-16T15:05:35.780+0000] {logging_mixin.py:188} INFO - [2026-06-16T15:05:35.780+0000] {dag.py:3089} INFO - Sync 1 DAGs
[2026-06-16T15:05:35.798+0000] {logging_mixin.py:188} INFO - [2026-06-16T15:05:35.798+0000] {dag.py:3947} INFO - Setting next_dagrun for 08_gcp_taxi to None, run_after=None
[2026-06-16T15:05:35.822+0000] {processor.py:183} INFO - Processing /opt/airflow/dags/dag_08_gcp_taxi.py took 0.135 seconds
[2026-06-16T15:06:06.829+0000] {processor.py:161} INFO - Started process (PID=13403) to work on /opt/airflow/dags/dag_08_gcp_taxi.py
[2026-06-16T15:06:06.832+0000] {processor.py:830} INFO - Processing file /opt/airflow/dags/dag_08_gcp_taxi.py for tasks to queue
[2026-06-16T15:06:06.835+0000] {logging_mixin.py:188} INFO - [2026-06-16T15:06:06.834+0000] {dagbag.py:545} INFO - Filling up the DagBag from /opt/airflow/dags/dag_08_gcp_taxi.py
[2026-06-16T15:06:06.852+0000] {processor.py:840} INFO - DAG(s) '08_gcp_taxi' retrieved from /opt/airflow/dags/dag_08_gcp_taxi.py
[2026-06-16T15:06:06.920+0000] {logging_mixin.py:188} INFO - [2026-06-16T15:06:06.920+0000] {dag.py:3089} INFO - Sync 1 DAGs
[2026-06-16T15:06:06.938+0000] {logging_mixin.py:188} INFO - [2026-06-16T15:06:06.938+0000] {dag.py:3947} INFO - Setting next_dagrun for 08_gcp_taxi to None, run_after=None
[2026-06-16T15:06:06.964+0000] {processor.py:183} INFO - Processing /opt/airflow/dags/dag_08_gcp_taxi.py took 0.150 seconds
[2026-06-16T15:06:37.995+0000] {processor.py:161} INFO - Started process (PID=13443) to work on /opt/airflow/dags/dag_08_gcp_taxi.py
[2026-06-16T15:06:38.005+0000] {processor.py:830} INFO - Processing file /opt/airflow/dags/dag_08_gcp_taxi.py for tasks to queue
[2026-06-16T15:06:38.007+0000] {logging_mixin.py:188} INFO - [2026-06-16T15:06:38.007+0000] {dagbag.py:545} INFO - Filling up the DagBag from /opt/airflow/dags/dag_08_gcp_taxi.py
[2026-06-16T15:06:38.019+0000] {processor.py:840} INFO - DAG(s) '08_gcp_taxi' retrieved from /opt/airflow/dags/dag_08_gcp_taxi.py
[2026-06-16T15:06:38.078+0000] {logging_mixin.py:188} INFO - [2026-06-16T15:06:38.078+0000] {dag.py:3089} INFO - Sync 1 DAGs
[2026-06-16T15:06:38.096+0000] {logging_mixin.py:188} INFO - [2026-06-16T15:06:38.095+0000] {dag.py:3947} INFO - Setting next_dagrun for 08_gcp_taxi to None, run_after=None
[2026-06-16T15:06:38.120+0000] {processor.py:183} INFO - Processing /opt/airflow/dags/dag_08_gcp_taxi.py took 0.134 seconds
[2026-06-16T15:07:09.087+0000] {processor.py:161} INFO - Started process (PID=13483) to work on /opt/airflow/dags/dag_08_gcp_taxi.py
[2026-06-16T15:07:09.088+0000] {processor.py:830} INFO - Processing file /opt/airflow/dags/dag_08_gcp_taxi.py for tasks to queue
[2026-06-16T15:07:09.091+0000] {logging_mixin.py:188} INFO - [2026-06-16T15:07:09.091+0000] {dagbag.py:545} INFO - Filling up the DagBag from /opt/airflow/dags/dag_08_gcp_taxi.py
[2026-06-16T15:07:09.107+0000] {processor.py:840} INFO - DAG(s) '08_gcp_taxi' retrieved from /opt/airflow/dags/dag_08_gcp_taxi.py
[2026-06-16T15:07:09.166+0000] {logging_mixin.py:188} INFO - [2026-06-16T15:07:09.165+0000] {dag.py:3089} INFO - Sync 1 DAGs
[2026-06-16T15:07:09.186+0000] {logging_mixin.py:188} INFO - [2026-06-16T15:07:09.186+0000] {dag.py:3947} INFO - Setting next_dagrun for 08_gcp_taxi to None, run_after=None
[2026-06-16T15:07:09.213+0000] {processor.py:183} INFO - Processing /opt/airflow/dags/dag_08_gcp_taxi.py took 0.135 seconds
[2026-06-16T15:07:40.219+0000] {processor.py:161} INFO - Started process (PID=13523) to work on /opt/airflow/dags/dag_08_gcp_taxi.py
[2026-06-16T15:07:40.221+0000] {processor.py:830} INFO - Processing file /opt/airflow/dags/dag_08_gcp_taxi.py for tasks to queue
[2026-06-16T15:07:40.224+0000] {logging_mixin.py:188} INFO - [2026-06-16T15:07:40.224+0000] {dagbag.py:545} INFO - Filling up the DagBag from /opt/airflow/dags/dag_08_gcp_taxi.py
[2026-06-16T15:07:40.238+0000] {processor.py:840} INFO - DAG(s) '08_gcp_taxi' retrieved from /opt/airflow/dags/dag_08_gcp_taxi.py
[2026-06-16T15:07:40.301+0000] {logging_mixin.py:188} INFO - [2026-06-16T15:07:40.301+0000] {dag.py:3089} INFO - Sync 1 DAGs
[2026-06-16T15:07:40.317+0000] {logging_mixin.py:188} INFO - [2026-06-16T15:07:40.316+0000] {dag.py:3947} INFO - Setting next_dagrun for 08_gcp_taxi to None, run_after=None
[2026-06-16T15:07:40.341+0000] {processor.py:183} INFO - Processing /opt/airflow/dags/dag_08_gcp_taxi.py took 0.130 seconds
[2026-06-16T15:08:11.199+0000] {processor.py:161} INFO - Started process (PID=13563) to work on /opt/airflow/dags/dag_08_gcp_taxi.py
[2026-06-16T15:08:11.201+0000] {processor.py:830} INFO - Processing file /opt/airflow/dags/dag_08_gcp_taxi.py for tasks to queue
[2026-06-16T15:08:11.204+0000] {logging_mixin.py:188} INFO - [2026-06-16T15:08:11.203+0000] {dagbag.py:545} INFO - Filling up the DagBag from /opt/airflow/dags/dag_08_gcp_taxi.py
[2026-06-16T15:08:11.217+0000] {processor.py:840} INFO - DAG(s) '08_gcp_taxi' retrieved from /opt/airflow/dags/dag_08_gcp_taxi.py
[2026-06-16T15:08:11.275+0000] {logging_mixin.py:188} INFO - [2026-06-16T15:08:11.275+0000] {dag.py:3089} INFO - Sync 1 DAGs
[2026-06-16T15:08:11.293+0000] {logging_mixin.py:188} INFO - [2026-06-16T15:08:11.293+0000] {dag.py:3947} INFO - Setting next_dagrun for 08_gcp_taxi to None, run_after=None
[2026-06-16T15:08:11.319+0000] {processor.py:183} INFO - Processing /opt/airflow/dags/dag_08_gcp_taxi.py took 0.127 seconds
[2026-06-16T15:08:41.359+0000] {processor.py:161} INFO - Started process (PID=13603) to work on /opt/airflow/dags/dag_08_gcp_taxi.py
[2026-06-16T15:08:41.361+0000] {processor.py:830} INFO - Processing file /opt/airflow/dags/dag_08_gcp_taxi.py for tasks to queue
[2026-06-16T15:08:41.363+0000] {logging_mixin.py:188} INFO - [2026-06-16T15:08:41.363+0000] {dagbag.py:545} INFO - Filling up the DagBag from /opt/airflow/dags/dag_08_gcp_taxi.py
[2026-06-16T15:08:41.374+0000] {processor.py:840} INFO - DAG(s) '08_gcp_taxi' retrieved from /opt/airflow/dags/dag_08_gcp_taxi.py
[2026-06-16T15:08:41.428+0000] {logging_mixin.py:188} INFO - [2026-06-16T15:08:41.428+0000] {dag.py:3089} INFO - Sync 1 DAGs
[2026-06-16T15:08:41.444+0000] {logging_mixin.py:188} INFO - [2026-06-16T15:08:41.444+0000] {dag.py:3947} INFO - Setting next_dagrun for 08_gcp_taxi to None, run_after=None
[2026-06-16T15:08:41.467+0000] {processor.py:183} INFO - Processing /opt/airflow/dags/dag_08_gcp_taxi.py took 0.115 seconds
[2026-06-16T15:09:11.533+0000] {processor.py:161} INFO - Started process (PID=13643) to work on /opt/airflow/dags/dag_08_gcp_taxi.py
[2026-06-16T15:09:11.534+0000] {processor.py:830} INFO - Processing file /opt/airflow/dags/dag_08_gcp_taxi.py for tasks to queue
[2026-06-16T15:09:11.536+0000] {logging_mixin.py:188} INFO - [2026-06-16T15:09:11.536+0000] {dagbag.py:545} INFO - Filling up the DagBag from /opt/airflow/dags/dag_08_gcp_taxi.py
[2026-06-16T15:09:11.547+0000] {processor.py:840} INFO - DAG(s) '08_gcp_taxi' retrieved from /opt/airflow/dags/dag_08_gcp_taxi.py
[2026-06-16T15:09:11.600+0000] {logging_mixin.py:188} INFO - [2026-06-16T15:09:11.600+0000] {dag.py:3089} INFO - Sync 1 DAGs
[2026-06-16T15:09:11.616+0000] {logging_mixin.py:188} INFO - [2026-06-16T15:09:11.616+0000] {dag.py:3947} INFO - Setting next_dagrun for 08_gcp_taxi to None, run_after=None
[2026-06-16T15:09:11.639+0000] {processor.py:183} INFO - Processing /opt/airflow/dags/dag_08_gcp_taxi.py took 0.113 seconds
[2026-06-16T15:09:41.748+0000] {processor.py:161} INFO - Started process (PID=13683) to work on /opt/airflow/dags/dag_08_gcp_taxi.py
[2026-06-16T15:09:41.751+0000] {processor.py:830} INFO - Processing file /opt/airflow/dags/dag_08_gcp_taxi.py for tasks to queue
[2026-06-16T15:09:41.753+0000] {logging_mixin.py:188} INFO - [2026-06-16T15:09:41.753+0000] {dagbag.py:545} INFO - Filling up the DagBag from /opt/airflow/dags/dag_08_gcp_taxi.py
[2026-06-16T15:09:41.765+0000] {processor.py:840} INFO - DAG(s) '08_gcp_taxi' retrieved from /opt/airflow/dags/dag_08_gcp_taxi.py
[2026-06-16T15:09:41.818+0000] {logging_mixin.py:188} INFO - [2026-06-16T15:09:41.818+0000] {dag.py:3089} INFO - Sync 1 DAGs
[2026-06-16T15:09:41.835+0000] {logging_mixin.py:188} INFO - [2026-06-16T15:09:41.835+0000] {dag.py:3947} INFO - Setting next_dagrun for 08_gcp_taxi to None, run_after=None
[2026-06-16T15:09:41.857+0000] {processor.py:183} INFO - Processing /opt/airflow/dags/dag_08_gcp_taxi.py took 0.116 seconds
[2026-06-16T15:10:11.910+0000] {processor.py:161} INFO - Started process (PID=13723) to work on /opt/airflow/dags/dag_08_gcp_taxi.py
[2026-06-16T15:10:11.911+0000] {processor.py:830} INFO - Processing file /opt/airflow/dags/dag_08_gcp_taxi.py for tasks to queue
[2026-06-16T15:10:11.913+0000] {logging_mixin.py:188} INFO - [2026-06-16T15:10:11.913+0000] {dagbag.py:545} INFO - Filling up the DagBag from /opt/airflow/dags/dag_08_gcp_taxi.py
[2026-06-16T15:10:11.925+0000] {processor.py:840} INFO - DAG(s) '08_gcp_taxi' retrieved from /opt/airflow/dags/dag_08_gcp_taxi.py
[2026-06-16T15:10:11.981+0000] {logging_mixin.py:188} INFO - [2026-06-16T15:10:11.981+0000] {dag.py:3089} INFO - Sync 1 DAGs
[2026-06-16T15:10:11.997+0000] {logging_mixin.py:188} INFO - [2026-06-16T15:10:11.997+0000] {dag.py:3947} INFO - Setting next_dagrun for 08_gcp_taxi to None, run_after=None
[2026-06-16T15:10:12.026+0000] {processor.py:183} INFO - Processing /opt/airflow/dags/dag_08_gcp_taxi.py took 0.123 seconds
[2026-06-16T15:10:42.081+0000] {processor.py:161} INFO - Started process (PID=13763) to work on /opt/airflow/dags/dag_08_gcp_taxi.py
[2026-06-16T15:10:42.092+0000] {processor.py:830} INFO - Processing file /opt/airflow/dags/dag_08_gcp_taxi.py for tasks to queue
[2026-06-16T15:10:42.094+0000] {logging_mixin.py:188} INFO - [2026-06-16T15:10:42.094+0000] {dagbag.py:545} INFO - Filling up the DagBag from /opt/airflow/dags/dag_08_gcp_taxi.py
[2026-06-16T15:10:42.105+0000] {processor.py:840} INFO - DAG(s) '08_gcp_taxi' retrieved from /opt/airflow/dags/dag_08_gcp_taxi.py
[2026-06-16T15:10:42.161+0000] {logging_mixin.py:188} INFO - [2026-06-16T15:10:42.161+0000] {dag.py:3089} INFO - Sync 1 DAGs
[2026-06-16T15:10:42.179+0000] {logging_mixin.py:188} INFO - [2026-06-16T15:10:42.179+0000] {dag.py:3947} INFO - Setting next_dagrun for 08_gcp_taxi to None, run_after=None
[2026-06-16T15:10:42.205+0000] {processor.py:183} INFO - Processing /opt/airflow/dags/dag_08_gcp_taxi.py took 0.131 seconds
[2026-06-16T15:11:12.404+0000] {processor.py:161} INFO - Started process (PID=13803) to work on /opt/airflow/dags/dag_08_gcp_taxi.py
[2026-06-16T15:11:12.406+0000] {processor.py:830} INFO - Processing file /opt/airflow/dags/dag_08_gcp_taxi.py for tasks to queue
[2026-06-16T15:11:12.408+0000] {logging_mixin.py:188} INFO - [2026-06-16T15:11:12.408+0000] {dagbag.py:545} INFO - Filling up the DagBag from /opt/airflow/dags/dag_08_gcp_taxi.py
[2026-06-16T15:11:12.421+0000] {processor.py:840} INFO - DAG(s) '08_gcp_taxi' retrieved from /opt/airflow/dags/dag_08_gcp_taxi.py
[2026-06-16T15:11:12.481+0000] {logging_mixin.py:188} INFO - [2026-06-16T15:11:12.481+0000] {dag.py:3089} INFO - Sync 1 DAGs
[2026-06-16T15:11:12.497+0000] {logging_mixin.py:188} INFO - [2026-06-16T15:11:12.497+0000] {dag.py:3947} INFO - Setting next_dagrun for 08_gcp_taxi to None, run_after=None
[2026-06-16T15:11:12.523+0000] {processor.py:183} INFO - Processing /opt/airflow/dags/dag_08_gcp_taxi.py took 0.127 seconds
[2026-06-16T15:11:43.276+0000] {processor.py:161} INFO - Started process (PID=13843) to work on /opt/airflow/dags/dag_08_gcp_taxi.py
[2026-06-16T15:11:43.289+0000] {processor.py:830} INFO - Processing file /opt/airflow/dags/dag_08_gcp_taxi.py for tasks to queue
[2026-06-16T15:11:43.291+0000] {logging_mixin.py:188} INFO - [2026-06-16T15:11:43.290+0000] {dagbag.py:545} INFO - Filling up the DagBag from /opt/airflow/dags/dag_08_gcp_taxi.py
[2026-06-16T15:11:43.303+0000] {processor.py:840} INFO - DAG(s) '08_gcp_taxi' retrieved from /opt/airflow/dags/dag_08_gcp_taxi.py
[2026-06-16T15:11:42.669+0000] {logging_mixin.py:188} INFO - [2026-06-16T15:11:42.668+0000] {dag.py:3089} INFO - Sync 1 DAGs
[2026-06-16T15:11:42.686+0000] {logging_mixin.py:188} INFO - [2026-06-16T15:11:42.686+0000] {dag.py:3947} INFO - Setting next_dagrun for 08_gcp_taxi to None, run_after=None
[2026-06-16T15:11:42.711+0000] {processor.py:183} INFO - Processing /opt/airflow/dags/dag_08_gcp_taxi.py took 0.137 seconds
[2026-06-16T15:12:13.469+0000] {processor.py:161} INFO - Started process (PID=13883) to work on /opt/airflow/dags/dag_08_gcp_taxi.py
[2026-06-16T15:12:13.471+0000] {processor.py:830} INFO - Processing file /opt/airflow/dags/dag_08_gcp_taxi.py for tasks to queue
[2026-06-16T15:12:13.474+0000] {logging_mixin.py:188} INFO - [2026-06-16T15:12:13.473+0000] {dagbag.py:545} INFO - Filling up the DagBag from /opt/airflow/dags/dag_08_gcp_taxi.py
[2026-06-16T15:12:13.486+0000] {processor.py:840} INFO - DAG(s) '08_gcp_taxi' retrieved from /opt/airflow/dags/dag_08_gcp_taxi.py
[2026-06-16T15:12:13.555+0000] {logging_mixin.py:188} INFO - [2026-06-16T15:12:13.555+0000] {dag.py:3089} INFO - Sync 1 DAGs
[2026-06-16T15:12:13.569+0000] {logging_mixin.py:188} INFO - [2026-06-16T15:12:13.569+0000] {dag.py:3947} INFO - Setting next_dagrun for 08_gcp_taxi to None, run_after=None
[2026-06-16T15:12:13.593+0000] {processor.py:183} INFO - Processing /opt/airflow/dags/dag_08_gcp_taxi.py took 0.132 seconds
[2026-06-16T15:12:43.631+0000] {processor.py:161} INFO - Started process (PID=13923) to work on /opt/airflow/dags/dag_08_gcp_taxi.py
[2026-06-16T15:12:43.633+0000] {processor.py:830} INFO - Processing file /opt/airflow/dags/dag_08_gcp_taxi.py for tasks to queue
[2026-06-16T15:12:43.634+0000] {logging_mixin.py:188} INFO - [2026-06-16T15:12:43.634+0000] {dagbag.py:545} INFO - Filling up the DagBag from /opt/airflow/dags/dag_08_gcp_taxi.py
[2026-06-16T15:12:43.646+0000] {processor.py:840} INFO - DAG(s) '08_gcp_taxi' retrieved from /opt/airflow/dags/dag_08_gcp_taxi.py
[2026-06-16T15:12:43.700+0000] {logging_mixin.py:188} INFO - [2026-06-16T15:12:43.700+0000] {dag.py:3089} INFO - Sync 1 DAGs
[2026-06-16T15:12:43.718+0000] {logging_mixin.py:188} INFO - [2026-06-16T15:12:43.718+0000] {dag.py:3947} INFO - Setting next_dagrun for 08_gcp_taxi to None, run_after=None
[2026-06-16T15:12:43.742+0000] {processor.py:183} INFO - Processing /opt/airflow/dags/dag_08_gcp_taxi.py took 0.118 seconds
[2026-06-16T15:13:13.852+0000] {processor.py:161} INFO - Started process (PID=13963) to work on /opt/airflow/dags/dag_08_gcp_taxi.py
[2026-06-16T15:13:13.853+0000] {processor.py:830} INFO - Processing file /opt/airflow/dags/dag_08_gcp_taxi.py for tasks to queue
[2026-06-16T15:13:13.855+0000] {logging_mixin.py:188} INFO - [2026-06-16T15:13:13.855+0000] {dagbag.py:545} INFO - Filling up the DagBag from /opt/airflow/dags/dag_08_gcp_taxi.py
[2026-06-16T15:13:13.866+0000] {processor.py:840} INFO - DAG(s) '08_gcp_taxi' retrieved from /opt/airflow/dags/dag_08_gcp_taxi.py
[2026-06-16T15:13:13.918+0000] {logging_mixin.py:188} INFO - [2026-06-16T15:13:13.917+0000] {dag.py:3089} INFO - Sync 1 DAGs
[2026-06-16T15:13:13.935+0000] {logging_mixin.py:188} INFO - [2026-06-16T15:13:13.935+0000] {dag.py:3947} INFO - Setting next_dagrun for 08_gcp_taxi to None, run_after=None
[2026-06-16T15:13:13.958+0000] {processor.py:183} INFO - Processing /opt/airflow/dags/dag_08_gcp_taxi.py took 0.112 seconds
[2026-06-16T15:13:44.020+0000] {processor.py:161} INFO - Started process (PID=14003) to work on /opt/airflow/dags/dag_08_gcp_taxi.py
[2026-06-16T15:13:44.030+0000] {processor.py:830} INFO - Processing file /opt/airflow/dags/dag_08_gcp_taxi.py for tasks to queue
[2026-06-16T15:13:44.032+0000] {logging_mixin.py:188} INFO - [2026-06-16T15:13:44.032+0000] {dagbag.py:545} INFO - Filling up the DagBag from /opt/airflow/dags/dag_08_gcp_taxi.py
[2026-06-16T15:13:44.044+0000] {processor.py:840} INFO - DAG(s) '08_gcp_taxi' retrieved from /opt/airflow/dags/dag_08_gcp_taxi.py
[2026-06-16T15:13:44.095+0000] {logging_mixin.py:188} INFO - [2026-06-16T15:13:44.095+0000] {dag.py:3089} INFO - Sync 1 DAGs
[2026-06-16T15:13:44.111+0000] {logging_mixin.py:188} INFO - [2026-06-16T15:13:44.111+0000] {dag.py:3947} INFO - Setting next_dagrun for 08_gcp_taxi to None, run_after=None
[2026-06-16T15:13:44.137+0000] {processor.py:183} INFO - Processing /opt/airflow/dags/dag_08_gcp_taxi.py took 0.124 seconds
[2026-06-16T15:14:14.246+0000] {processor.py:161} INFO - Started process (PID=14043) to work on /opt/airflow/dags/dag_08_gcp_taxi.py
[2026-06-16T15:14:14.247+0000] {processor.py:830} INFO - Processing file /opt/airflow/dags/dag_08_gcp_taxi.py for tasks to queue
[2026-06-16T15:14:14.249+0000] {logging_mixin.py:188} INFO - [2026-06-16T15:14:14.249+0000] {dagbag.py:545} INFO - Filling up the DagBag from /opt/airflow/dags/dag_08_gcp_taxi.py
[2026-06-16T15:14:14.260+0000] {processor.py:840} INFO - DAG(s) '08_gcp_taxi' retrieved from /opt/airflow/dags/dag_08_gcp_taxi.py
[2026-06-16T15:14:14.312+0000] {logging_mixin.py:188} INFO - [2026-06-16T15:14:14.312+0000] {dag.py:3089} INFO - Sync 1 DAGs
[2026-06-16T15:14:14.325+0000] {logging_mixin.py:188} INFO - [2026-06-16T15:14:14.325+0000] {dag.py:3947} INFO - Setting next_dagrun for 08_gcp_taxi to None, run_after=None
[2026-06-16T15:14:14.349+0000] {processor.py:183} INFO - Processing /opt/airflow/dags/dag_08_gcp_taxi.py took 0.110 seconds
[2026-06-16T15:14:44.433+0000] {processor.py:161} INFO - Started process (PID=14083) to work on /opt/airflow/dags/dag_08_gcp_taxi.py
[2026-06-16T15:14:44.434+0000] {processor.py:830} INFO - Processing file /opt/airflow/dags/dag_08_gcp_taxi.py for tasks to queue
[2026-06-16T15:14:44.437+0000] {logging_mixin.py:188} INFO - [2026-06-16T15:14:44.436+0000] {dagbag.py:545} INFO - Filling up the DagBag from /opt/airflow/dags/dag_08_gcp_taxi.py
[2026-06-16T15:14:44.451+0000] {processor.py:840} INFO - DAG(s) '08_gcp_taxi' retrieved from /opt/airflow/dags/dag_08_gcp_taxi.py
[2026-06-16T15:14:44.504+0000] {logging_mixin.py:188} INFO - [2026-06-16T15:14:44.504+0000] {dag.py:3089} INFO - Sync 1 DAGs
[2026-06-16T15:14:44.522+0000] {logging_mixin.py:188} INFO - [2026-06-16T15:14:44.521+0000] {dag.py:3947} INFO - Setting next_dagrun for 08_gcp_taxi to None, run_after=None
[2026-06-16T15:14:44.544+0000] {processor.py:183} INFO - Processing /opt/airflow/dags/dag_08_gcp_taxi.py took 0.118 seconds
[2026-06-16T15:15:14.645+0000] {processor.py:161} INFO - Started process (PID=14123) to work on /opt/airflow/dags/dag_08_gcp_taxi.py
[2026-06-16T15:15:14.646+0000] {processor.py:830} INFO - Processing file /opt/airflow/dags/dag_08_gcp_taxi.py for tasks to queue
[2026-06-16T15:15:14.647+0000] {logging_mixin.py:188} INFO - [2026-06-16T15:15:14.647+0000] {dagbag.py:545} INFO - Filling up the DagBag from /opt/airflow/dags/dag_08_gcp_taxi.py
[2026-06-16T15:15:14.659+0000] {processor.py:840} INFO - DAG(s) '08_gcp_taxi' retrieved from /opt/airflow/dags/dag_08_gcp_taxi.py
[2026-06-16T15:15:14.711+0000] {logging_mixin.py:188} INFO - [2026-06-16T15:15:14.711+0000] {dag.py:3089} INFO - Sync 1 DAGs
[2026-06-16T15:15:14.729+0000] {logging_mixin.py:188} INFO - [2026-06-16T15:15:14.728+0000] {dag.py:3947} INFO - Setting next_dagrun for 08_gcp_taxi to None, run_after=None
[2026-06-16T15:15:14.750+0000] {processor.py:183} INFO - Processing /opt/airflow/dags/dag_08_gcp_taxi.py took 0.112 seconds
[2026-06-16T15:15:44.791+0000] {processor.py:161} INFO - Started process (PID=14163) to work on /opt/airflow/dags/dag_08_gcp_taxi.py
[2026-06-16T15:15:44.803+0000] {processor.py:830} INFO - Processing file /opt/airflow/dags/dag_08_gcp_taxi.py for tasks to queue
[2026-06-16T15:15:44.806+0000] {logging_mixin.py:188} INFO - [2026-06-16T15:15:44.805+0000] {dagbag.py:545} INFO - Filling up the DagBag from /opt/airflow/dags/dag_08_gcp_taxi.py
[2026-06-16T15:15:44.821+0000] {processor.py:840} INFO - DAG(s) '08_gcp_taxi' retrieved from /opt/airflow/dags/dag_08_gcp_taxi.py
[2026-06-16T15:15:44.876+0000] {logging_mixin.py:188} INFO - [2026-06-16T15:15:44.876+0000] {dag.py:3089} INFO - Sync 1 DAGs
[2026-06-16T15:15:44.893+0000] {logging_mixin.py:188} INFO - [2026-06-16T15:15:44.893+0000] {dag.py:3947} INFO - Setting next_dagrun for 08_gcp_taxi to None, run_after=None
[2026-06-16T15:15:44.914+0000] {processor.py:183} INFO - Processing /opt/airflow/dags/dag_08_gcp_taxi.py took 0.133 seconds
[2026-06-16T15:16:15.009+0000] {processor.py:161} INFO - Started process (PID=14203) to work on /opt/airflow/dags/dag_08_gcp_taxi.py
[2026-06-16T15:16:15.010+0000] {processor.py:830} INFO - Processing file /opt/airflow/dags/dag_08_gcp_taxi.py for tasks to queue
[2026-06-16T15:16:15.012+0000] {logging_mixin.py:188} INFO - [2026-06-16T15:16:15.012+0000] {dagbag.py:545} INFO - Filling up the DagBag from /opt/airflow/dags/dag_08_gcp_taxi.py
[2026-06-16T15:16:15.023+0000] {processor.py:840} INFO - DAG(s) '08_gcp_taxi' retrieved from /opt/airflow/dags/dag_08_gcp_taxi.py
[2026-06-16T15:16:15.074+0000] {logging_mixin.py:188} INFO - [2026-06-16T15:16:15.074+0000] {dag.py:3089} INFO - Sync 1 DAGs
[2026-06-16T15:16:15.088+0000] {logging_mixin.py:188} INFO - [2026-06-16T15:16:15.087+0000] {dag.py:3947} INFO - Setting next_dagrun for 08_gcp_taxi to None, run_after=None
[2026-06-16T15:16:15.111+0000] {processor.py:183} INFO - Processing /opt/airflow/dags/dag_08_gcp_taxi.py took 0.109 seconds
[2026-06-16T15:16:46.104+0000] {processor.py:161} INFO - Started process (PID=14243) to work on /opt/airflow/dags/dag_08_gcp_taxi.py
[2026-06-16T15:16:46.114+0000] {processor.py:830} INFO - Processing file /opt/airflow/dags/dag_08_gcp_taxi.py for tasks to queue
[2026-06-16T15:16:46.116+0000] {logging_mixin.py:188} INFO - [2026-06-16T15:16:46.116+0000] {dagbag.py:545} INFO - Filling up the DagBag from /opt/airflow/dags/dag_08_gcp_taxi.py
[2026-06-16T15:16:46.128+0000] {processor.py:840} INFO - DAG(s) '08_gcp_taxi' retrieved from /opt/airflow/dags/dag_08_gcp_taxi.py
[2026-06-16T15:16:46.189+0000] {logging_mixin.py:188} INFO - [2026-06-16T15:16:46.188+0000] {dag.py:3089} INFO - Sync 1 DAGs
[2026-06-16T15:16:46.204+0000] {logging_mixin.py:188} INFO - [2026-06-16T15:16:46.204+0000] {dag.py:3947} INFO - Setting next_dagrun for 08_gcp_taxi to None, run_after=None
[2026-06-16T15:16:46.227+0000] {processor.py:183} INFO - Processing /opt/airflow/dags/dag_08_gcp_taxi.py took 0.131 seconds
[2026-06-16T15:17:17.125+0000] {processor.py:161} INFO - Started process (PID=14283) to work on /opt/airflow/dags/dag_08_gcp_taxi.py
[2026-06-16T15:17:17.136+0000] {processor.py:830} INFO - Processing file /opt/airflow/dags/dag_08_gcp_taxi.py for tasks to queue
[2026-06-16T15:17:17.138+0000] {logging_mixin.py:188} INFO - [2026-06-16T15:17:17.137+0000] {dagbag.py:545} INFO - Filling up the DagBag from /opt/airflow/dags/dag_08_gcp_taxi.py
[2026-06-16T15:17:17.150+0000] {processor.py:840} INFO - DAG(s) '08_gcp_taxi' retrieved from /opt/airflow/dags/dag_08_gcp_taxi.py
[2026-06-16T15:17:17.209+0000] {logging_mixin.py:188} INFO - [2026-06-16T15:17:17.209+0000] {dag.py:3089} INFO - Sync 1 DAGs
[2026-06-16T15:17:17.226+0000] {logging_mixin.py:188} INFO - [2026-06-16T15:17:17.225+0000] {dag.py:3947} INFO - Setting next_dagrun for 08_gcp_taxi to None, run_after=None
[2026-06-16T15:17:17.249+0000] {processor.py:183} INFO - Processing /opt/airflow/dags/dag_08_gcp_taxi.py took 0.132 seconds
[2026-06-16T15:17:48.222+0000] {processor.py:161} INFO - Started process (PID=14323) to work on /opt/airflow/dags/dag_08_gcp_taxi.py
[2026-06-16T15:17:48.224+0000] {processor.py:830} INFO - Processing file /opt/airflow/dags/dag_08_gcp_taxi.py for tasks to queue
[2026-06-16T15:17:48.227+0000] {logging_mixin.py:188} INFO - [2026-06-16T15:17:48.226+0000] {dagbag.py:545} INFO - Filling up the DagBag from /opt/airflow/dags/dag_08_gcp_taxi.py
[2026-06-16T15:17:48.238+0000] {processor.py:840} INFO - DAG(s) '08_gcp_taxi' retrieved from /opt/airflow/dags/dag_08_gcp_taxi.py
[2026-06-16T15:17:48.297+0000] {logging_mixin.py:188} INFO - [2026-06-16T15:17:48.297+0000] {dag.py:3089} INFO - Sync 1 DAGs
[2026-06-16T15:17:48.314+0000] {logging_mixin.py:188} INFO - [2026-06-16T15:17:48.314+0000] {dag.py:3947} INFO - Setting next_dagrun for 08_gcp_taxi to None, run_after=None
[2026-06-16T15:17:48.336+0000] {processor.py:183} INFO - Processing /opt/airflow/dags/dag_08_gcp_taxi.py took 0.122 seconds
[2026-06-16T15:18:19.190+0000] {processor.py:161} INFO - Started process (PID=14363) to work on /opt/airflow/dags/dag_08_gcp_taxi.py
[2026-06-16T15:18:19.193+0000] {processor.py:830} INFO - Processing file /opt/airflow/dags/dag_08_gcp_taxi.py for tasks to queue
[2026-06-16T15:18:19.196+0000] {logging_mixin.py:188} INFO - [2026-06-16T15:18:19.196+0000] {dagbag.py:545} INFO - Filling up the DagBag from /opt/airflow/dags/dag_08_gcp_taxi.py
[2026-06-16T15:18:19.209+0000] {processor.py:840} INFO - DAG(s) '08_gcp_taxi' retrieved from /opt/airflow/dags/dag_08_gcp_taxi.py
[2026-06-16T15:18:19.268+0000] {logging_mixin.py:188} INFO - [2026-06-16T15:18:19.267+0000] {dag.py:3089} INFO - Sync 1 DAGs
[2026-06-16T15:18:19.283+0000] {logging_mixin.py:188} INFO - [2026-06-16T15:18:19.283+0000] {dag.py:3947} INFO - Setting next_dagrun for 08_gcp_taxi to None, run_after=None
[2026-06-16T15:18:19.306+0000] {processor.py:183} INFO - Processing /opt/airflow/dags/dag_08_gcp_taxi.py took 0.125 seconds
[2026-06-16T15:18:50.285+0000] {processor.py:161} INFO - Started process (PID=14403) to work on /opt/airflow/dags/dag_08_gcp_taxi.py
[2026-06-16T15:18:50.286+0000] {processor.py:830} INFO - Processing file /opt/airflow/dags/dag_08_gcp_taxi.py for tasks to queue
[2026-06-16T15:18:50.289+0000] {logging_mixin.py:188} INFO - [2026-06-16T15:18:50.289+0000] {dagbag.py:545} INFO - Filling up the DagBag from /opt/airflow/dags/dag_08_gcp_taxi.py
[2026-06-16T15:18:50.302+0000] {processor.py:840} INFO - DAG(s) '08_gcp_taxi' retrieved from /opt/airflow/dags/dag_08_gcp_taxi.py
[2026-06-16T15:18:50.358+0000] {logging_mixin.py:188} INFO - [2026-06-16T15:18:50.358+0000] {dag.py:3089} INFO - Sync 1 DAGs
[2026-06-16T15:18:50.377+0000] {logging_mixin.py:188} INFO - [2026-06-16T15:18:50.377+0000] {dag.py:3947} INFO - Setting next_dagrun for 08_gcp_taxi to None, run_after=None
[2026-06-16T15:18:50.402+0000] {processor.py:183} INFO - Processing /opt/airflow/dags/dag_08_gcp_taxi.py took 0.127 seconds
[2026-06-16T15:19:21.439+0000] {processor.py:161} INFO - Started process (PID=14443) to work on /opt/airflow/dags/dag_08_gcp_taxi.py
[2026-06-16T15:19:21.448+0000] {processor.py:830} INFO - Processing file /opt/airflow/dags/dag_08_gcp_taxi.py for tasks to queue
[2026-06-16T15:19:21.451+0000] {logging_mixin.py:188} INFO - [2026-06-16T15:19:21.451+0000] {dagbag.py:545} INFO - Filling up the DagBag from /opt/airflow/dags/dag_08_gcp_taxi.py
[2026-06-16T15:19:21.470+0000] {processor.py:840} INFO - DAG(s) '08_gcp_taxi' retrieved from /opt/airflow/dags/dag_08_gcp_taxi.py
[2026-06-16T15:19:21.545+0000] {logging_mixin.py:188} INFO - [2026-06-16T15:19:21.544+0000] {dag.py:3089} INFO - Sync 1 DAGs
[2026-06-16T15:19:21.560+0000] {logging_mixin.py:188} INFO - [2026-06-16T15:19:21.560+0000] {dag.py:3947} INFO - Setting next_dagrun for 08_gcp_taxi to None, run_after=None
[2026-06-16T15:19:21.585+0000] {processor.py:183} INFO - Processing /opt/airflow/dags/dag_08_gcp_taxi.py took 0.155 seconds
[2026-06-16T15:19:51.694+0000] {processor.py:161} INFO - Started process (PID=14483) to work on /opt/airflow/dags/dag_08_gcp_taxi.py
[2026-06-16T15:19:51.696+0000] {processor.py:830} INFO - Processing file /opt/airflow/dags/dag_08_gcp_taxi.py for tasks to queue
[2026-06-16T15:19:51.698+0000] {logging_mixin.py:188} INFO - [2026-06-16T15:19:51.697+0000] {dagbag.py:545} INFO - Filling up the DagBag from /opt/airflow/dags/dag_08_gcp_taxi.py
[2026-06-16T15:19:51.711+0000] {processor.py:840} INFO - DAG(s) '08_gcp_taxi' retrieved from /opt/airflow/dags/dag_08_gcp_taxi.py
[2026-06-16T15:19:51.788+0000] {logging_mixin.py:188} INFO - [2026-06-16T15:19:51.787+0000] {dag.py:3089} INFO - Sync 1 DAGs
[2026-06-16T15:19:51.814+0000] {logging_mixin.py:188} INFO - [2026-06-16T15:19:51.813+0000] {dag.py:3947} INFO - Setting next_dagrun for 08_gcp_taxi to None, run_after=None
[2026-06-16T15:19:51.851+0000] {processor.py:183} INFO - Processing /opt/airflow/dags/dag_08_gcp_taxi.py took 0.168 seconds
[2026-06-16T15:20:21.939+0000] {processor.py:161} INFO - Started process (PID=14523) to work on /opt/airflow/dags/dag_08_gcp_taxi.py
[2026-06-16T15:20:21.941+0000] {processor.py:830} INFO - Processing file /opt/airflow/dags/dag_08_gcp_taxi.py for tasks to queue
[2026-06-16T15:20:21.943+0000] {logging_mixin.py:188} INFO - [2026-06-16T15:20:21.942+0000] {dagbag.py:545} INFO - Filling up the DagBag from /opt/airflow/dags/dag_08_gcp_taxi.py
[2026-06-16T15:20:21.955+0000] {processor.py:840} INFO - DAG(s) '08_gcp_taxi' retrieved from /opt/airflow/dags/dag_08_gcp_taxi.py
[2026-06-16T15:20:22.013+0000] {logging_mixin.py:188} INFO - [2026-06-16T15:20:22.013+0000] {dag.py:3089} INFO - Sync 1 DAGs
[2026-06-16T15:20:22.032+0000] {logging_mixin.py:188} INFO - [2026-06-16T15:20:22.032+0000] {dag.py:3947} INFO - Setting next_dagrun for 08_gcp_taxi to None, run_after=None
[2026-06-16T15:20:22.056+0000] {processor.py:183} INFO - Processing /opt/airflow/dags/dag_08_gcp_taxi.py took 0.125 seconds
[2026-06-16T15:20:52.131+0000] {processor.py:161} INFO - Started process (PID=14563) to work on /opt/airflow/dags/dag_08_gcp_taxi.py
[2026-06-16T15:20:52.142+0000] {processor.py:830} INFO - Processing file /opt/airflow/dags/dag_08_gcp_taxi.py for tasks to queue
[2026-06-16T15:20:52.145+0000] {logging_mixin.py:188} INFO - [2026-06-16T15:20:52.144+0000] {dagbag.py:545} INFO - Filling up the DagBag from /opt/airflow/dags/dag_08_gcp_taxi.py
[2026-06-16T15:20:52.161+0000] {processor.py:840} INFO - DAG(s) '08_gcp_taxi' retrieved from /opt/airflow/dags/dag_08_gcp_taxi.py
[2026-06-16T15:20:52.226+0000] {logging_mixin.py:188} INFO - [2026-06-16T15:20:52.226+0000] {dag.py:3089} INFO - Sync 1 DAGs
[2026-06-16T15:20:52.243+0000] {logging_mixin.py:188} INFO - [2026-06-16T15:20:52.243+0000] {dag.py:3947} INFO - Setting next_dagrun for 08_gcp_taxi to None, run_after=None
[2026-06-16T15:20:52.268+0000] {processor.py:183} INFO - Processing /opt/airflow/dags/dag_08_gcp_taxi.py took 0.147 seconds
[2026-06-16T15:21:22.347+0000] {processor.py:161} INFO - Started process (PID=14603) to work on /opt/airflow/dags/dag_08_gcp_taxi.py
[2026-06-16T15:21:22.348+0000] {processor.py:830} INFO - Processing file /opt/airflow/dags/dag_08_gcp_taxi.py for tasks to queue
[2026-06-16T15:21:22.350+0000] {logging_mixin.py:188} INFO - [2026-06-16T15:21:22.350+0000] {dagbag.py:545} INFO - Filling up the DagBag from /opt/airflow/dags/dag_08_gcp_taxi.py
[2026-06-16T15:21:22.362+0000] {processor.py:840} INFO - DAG(s) '08_gcp_taxi' retrieved from /opt/airflow/dags/dag_08_gcp_taxi.py
[2026-06-16T15:21:22.419+0000] {logging_mixin.py:188} INFO - [2026-06-16T15:21:22.419+0000] {dag.py:3089} INFO - Sync 1 DAGs
[2026-06-16T15:21:22.440+0000] {logging_mixin.py:188} INFO - [2026-06-16T15:21:22.439+0000] {dag.py:3947} INFO - Setting next_dagrun for 08_gcp_taxi to None, run_after=None
[2026-06-16T15:21:22.465+0000] {processor.py:183} INFO - Processing /opt/airflow/dags/dag_08_gcp_taxi.py took 0.126 seconds
[2026-06-16T15:21:52.537+0000] {processor.py:161} INFO - Started process (PID=14643) to work on /opt/airflow/dags/dag_08_gcp_taxi.py
[2026-06-16T15:21:52.548+0000] {processor.py:830} INFO - Processing file /opt/airflow/dags/dag_08_gcp_taxi.py for tasks to queue
[2026-06-16T15:21:52.550+0000] {logging_mixin.py:188} INFO - [2026-06-16T15:21:52.549+0000] {dagbag.py:545} INFO - Filling up the DagBag from /opt/airflow/dags/dag_08_gcp_taxi.py
[2026-06-16T15:21:52.561+0000] {processor.py:840} INFO - DAG(s) '08_gcp_taxi' retrieved from /opt/airflow/dags/dag_08_gcp_taxi.py
[2026-06-16T15:21:52.617+0000] {logging_mixin.py:188} INFO - [2026-06-16T15:21:52.616+0000] {dag.py:3089} INFO - Sync 1 DAGs
[2026-06-16T15:21:52.632+0000] {logging_mixin.py:188} INFO - [2026-06-16T15:21:52.632+0000] {dag.py:3947} INFO - Setting next_dagrun for 08_gcp_taxi to None, run_after=None
[2026-06-16T15:21:52.656+0000] {processor.py:183} INFO - Processing /opt/airflow/dags/dag_08_gcp_taxi.py took 0.127 seconds
[2026-06-16T15:22:22.725+0000] {processor.py:161} INFO - Started process (PID=14683) to work on /opt/airflow/dags/dag_08_gcp_taxi.py
[2026-06-16T15:22:22.726+0000] {processor.py:830} INFO - Processing file /opt/airflow/dags/dag_08_gcp_taxi.py for tasks to queue
[2026-06-16T15:22:22.728+0000] {logging_mixin.py:188} INFO - [2026-06-16T15:22:22.728+0000] {dagbag.py:545} INFO - Filling up the DagBag from /opt/airflow/dags/dag_08_gcp_taxi.py
[2026-06-16T15:22:22.740+0000] {processor.py:840} INFO - DAG(s) '08_gcp_taxi' retrieved from /opt/airflow/dags/dag_08_gcp_taxi.py
[2026-06-16T15:22:22.800+0000] {logging_mixin.py:188} INFO - [2026-06-16T15:22:22.800+0000] {dag.py:3089} INFO - Sync 1 DAGs
[2026-06-16T15:22:22.817+0000] {logging_mixin.py:188} INFO - [2026-06-16T15:22:22.816+0000] {dag.py:3947} INFO - Setting next_dagrun for 08_gcp_taxi to None, run_after=None
[2026-06-16T15:22:22.840+0000] {processor.py:183} INFO - Processing /opt/airflow/dags/dag_08_gcp_taxi.py took 0.123 seconds
[2026-06-16T15:22:52.935+0000] {processor.py:161} INFO - Started process (PID=14723) to work on /opt/airflow/dags/dag_08_gcp_taxi.py
[2026-06-16T15:22:52.945+0000] {processor.py:830} INFO - Processing file /opt/airflow/dags/dag_08_gcp_taxi.py for tasks to queue
[2026-06-16T15:22:52.947+0000] {logging_mixin.py:188} INFO - [2026-06-16T15:22:52.947+0000] {dagbag.py:545} INFO - Filling up the DagBag from /opt/airflow/dags/dag_08_gcp_taxi.py
[2026-06-16T15:22:52.959+0000] {processor.py:840} INFO - DAG(s) '08_gcp_taxi' retrieved from /opt/airflow/dags/dag_08_gcp_taxi.py
[2026-06-16T15:22:53.021+0000] {logging_mixin.py:188} INFO - [2026-06-16T15:22:53.021+0000] {dag.py:3089} INFO - Sync 1 DAGs
[2026-06-16T15:22:53.037+0000] {logging_mixin.py:188} INFO - [2026-06-16T15:22:53.037+0000] {dag.py:3947} INFO - Setting next_dagrun for 08_gcp_taxi to None, run_after=None
[2026-06-16T15:22:53.061+0000] {processor.py:183} INFO - Processing /opt/airflow/dags/dag_08_gcp_taxi.py took 0.134 seconds
[2026-06-16T15:23:23.117+0000] {processor.py:161} INFO - Started process (PID=14763) to work on /opt/airflow/dags/dag_08_gcp_taxi.py
[2026-06-16T15:23:23.118+0000] {processor.py:830} INFO - Processing file /opt/airflow/dags/dag_08_gcp_taxi.py for tasks to queue
[2026-06-16T15:23:23.121+0000] {logging_mixin.py:188} INFO - [2026-06-16T15:23:23.120+0000] {dagbag.py:545} INFO - Filling up the DagBag from /opt/airflow/dags/dag_08_gcp_taxi.py
[2026-06-16T15:23:23.132+0000] {processor.py:840} INFO - DAG(s) '08_gcp_taxi' retrieved from /opt/airflow/dags/dag_08_gcp_taxi.py
[2026-06-16T15:23:23.195+0000] {logging_mixin.py:188} INFO - [2026-06-16T15:23:23.194+0000] {dag.py:3089} INFO - Sync 1 DAGs
[2026-06-16T15:23:23.212+0000] {logging_mixin.py:188} INFO - [2026-06-16T15:23:23.212+0000] {dag.py:3947} INFO - Setting next_dagrun for 08_gcp_taxi to None, run_after=None
[2026-06-16T15:23:23.237+0000] {processor.py:183} INFO - Processing /opt/airflow/dags/dag_08_gcp_taxi.py took 0.128 seconds
[2026-06-16T15:23:53.349+0000] {processor.py:161} INFO - Started process (PID=14803) to work on /opt/airflow/dags/dag_08_gcp_taxi.py
[2026-06-16T15:23:53.351+0000] {processor.py:830} INFO - Processing file /opt/airflow/dags/dag_08_gcp_taxi.py for tasks to queue
[2026-06-16T15:23:53.354+0000] {logging_mixin.py:188} INFO - [2026-06-16T15:23:53.353+0000] {dagbag.py:545} INFO - Filling up the DagBag from /opt/airflow/dags/dag_08_gcp_taxi.py
[2026-06-16T15:23:53.367+0000] {processor.py:840} INFO - DAG(s) '08_gcp_taxi' retrieved from /opt/airflow/dags/dag_08_gcp_taxi.py
[2026-06-16T15:23:53.427+0000] {logging_mixin.py:188} INFO - [2026-06-16T15:23:53.427+0000] {dag.py:3089} INFO - Sync 1 DAGs
[2026-06-16T15:23:53.444+0000] {logging_mixin.py:188} INFO - [2026-06-16T15:23:53.444+0000] {dag.py:3947} INFO - Setting next_dagrun for 08_gcp_taxi to None, run_after=None
[2026-06-16T15:23:53.468+0000] {processor.py:183} INFO - Processing /opt/airflow/dags/dag_08_gcp_taxi.py took 0.128 seconds
[2026-06-16T15:24:24.392+0000] {processor.py:161} INFO - Started process (PID=14843) to work on /opt/airflow/dags/dag_08_gcp_taxi.py
[2026-06-16T15:24:24.394+0000] {processor.py:830} INFO - Processing file /opt/airflow/dags/dag_08_gcp_taxi.py for tasks to queue
[2026-06-16T15:24:24.397+0000] {logging_mixin.py:188} INFO - [2026-06-16T15:24:24.396+0000] {dagbag.py:545} INFO - Filling up the DagBag from /opt/airflow/dags/dag_08_gcp_taxi.py
[2026-06-16T15:24:24.411+0000] {processor.py:840} INFO - DAG(s) '08_gcp_taxi' retrieved from /opt/airflow/dags/dag_08_gcp_taxi.py
[2026-06-16T15:24:24.475+0000] {logging_mixin.py:188} INFO - [2026-06-16T15:24:24.474+0000] {dag.py:3089} INFO - Sync 1 DAGs
[2026-06-16T15:24:24.492+0000] {logging_mixin.py:188} INFO - [2026-06-16T15:24:24.492+0000] {dag.py:3947} INFO - Setting next_dagrun for 08_gcp_taxi to None, run_after=None
[2026-06-16T15:24:24.517+0000] {processor.py:183} INFO - Processing /opt/airflow/dags/dag_08_gcp_taxi.py took 0.136 seconds
[2026-06-16T15:24:55.326+0000] {processor.py:161} INFO - Started process (PID=14883) to work on /opt/airflow/dags/dag_08_gcp_taxi.py
[2026-06-16T15:24:55.330+0000] {processor.py:830} INFO - Processing file /opt/airflow/dags/dag_08_gcp_taxi.py for tasks to queue
[2026-06-16T15:24:55.332+0000] {logging_mixin.py:188} INFO - [2026-06-16T15:24:55.332+0000] {dagbag.py:545} INFO - Filling up the DagBag from /opt/airflow/dags/dag_08_gcp_taxi.py
[2026-06-16T15:24:55.345+0000] {processor.py:840} INFO - DAG(s) '08_gcp_taxi' retrieved from /opt/airflow/dags/dag_08_gcp_taxi.py
[2026-06-16T15:24:55.402+0000] {logging_mixin.py:188} INFO - [2026-06-16T15:24:55.402+0000] {dag.py:3089} INFO - Sync 1 DAGs
[2026-06-16T15:24:55.419+0000] {logging_mixin.py:188} INFO - [2026-06-16T15:24:55.419+0000] {dag.py:3947} INFO - Setting next_dagrun for 08_gcp_taxi to None, run_after=None
[2026-06-16T15:24:55.444+0000] {processor.py:183} INFO - Processing /opt/airflow/dags/dag_08_gcp_taxi.py took 0.125 seconds
[2026-06-16T15:25:25.486+0000] {processor.py:161} INFO - Started process (PID=14923) to work on /opt/airflow/dags/dag_08_gcp_taxi.py
[2026-06-16T15:25:25.487+0000] {processor.py:830} INFO - Processing file /opt/airflow/dags/dag_08_gcp_taxi.py for tasks to queue
[2026-06-16T15:25:25.490+0000] {logging_mixin.py:188} INFO - [2026-06-16T15:25:25.489+0000] {dagbag.py:545} INFO - Filling up the DagBag from /opt/airflow/dags/dag_08_gcp_taxi.py
[2026-06-16T15:25:25.503+0000] {processor.py:840} INFO - DAG(s) '08_gcp_taxi' retrieved from /opt/airflow/dags/dag_08_gcp_taxi.py
[2026-06-16T15:25:25.554+0000] {logging_mixin.py:188} INFO - [2026-06-16T15:25:25.553+0000] {dag.py:3089} INFO - Sync 1 DAGs
[2026-06-16T15:25:25.568+0000] {logging_mixin.py:188} INFO - [2026-06-16T15:25:25.568+0000] {dag.py:3947} INFO - Setting next_dagrun for 08_gcp_taxi to None, run_after=None
[2026-06-16T15:25:25.589+0000] {processor.py:183} INFO - Processing /opt/airflow/dags/dag_08_gcp_taxi.py took 0.111 seconds
[2026-06-16T15:25:55.711+0000] {processor.py:161} INFO - Started process (PID=14963) to work on /opt/airflow/dags/dag_08_gcp_taxi.py
[2026-06-16T15:25:55.715+0000] {processor.py:830} INFO - Processing file /opt/airflow/dags/dag_08_gcp_taxi.py for tasks to queue
[2026-06-16T15:25:55.717+0000] {logging_mixin.py:188} INFO - [2026-06-16T15:25:55.717+0000] {dagbag.py:545} INFO - Filling up the DagBag from /opt/airflow/dags/dag_08_gcp_taxi.py
[2026-06-16T15:25:55.728+0000] {processor.py:840} INFO - DAG(s) '08_gcp_taxi' retrieved from /opt/airflow/dags/dag_08_gcp_taxi.py
[2026-06-16T15:25:55.780+0000] {logging_mixin.py:188} INFO - [2026-06-16T15:25:55.779+0000] {dag.py:3089} INFO - Sync 1 DAGs
[2026-06-16T15:25:55.795+0000] {logging_mixin.py:188} INFO - [2026-06-16T15:25:55.795+0000] {dag.py:3947} INFO - Setting next_dagrun for 08_gcp_taxi to None, run_after=None
[2026-06-16T15:25:55.823+0000] {processor.py:183} INFO - Processing /opt/airflow/dags/dag_08_gcp_taxi.py took 0.119 seconds
[2026-06-16T15:26:26.584+0000] {processor.py:161} INFO - Started process (PID=15003) to work on /opt/airflow/dags/dag_08_gcp_taxi.py
[2026-06-16T15:26:26.586+0000] {processor.py:830} INFO - Processing file /opt/airflow/dags/dag_08_gcp_taxi.py for tasks to queue
[2026-06-16T15:26:26.588+0000] {logging_mixin.py:188} INFO - [2026-06-16T15:26:26.588+0000] {dagbag.py:545} INFO - Filling up the DagBag from /opt/airflow/dags/dag_08_gcp_taxi.py
[2026-06-16T15:26:26.600+0000] {processor.py:840} INFO - DAG(s) '08_gcp_taxi' retrieved from /opt/airflow/dags/dag_08_gcp_taxi.py
[2026-06-16T15:26:26.657+0000] {logging_mixin.py:188} INFO - [2026-06-16T15:26:26.657+0000] {dag.py:3089} INFO - Sync 1 DAGs
[2026-06-16T15:26:26.674+0000] {logging_mixin.py:188} INFO - [2026-06-16T15:26:26.674+0000] {dag.py:3947} INFO - Setting next_dagrun for 08_gcp_taxi to None, run_after=None
[2026-06-16T15:26:26.697+0000] {processor.py:183} INFO - Processing /opt/airflow/dags/dag_08_gcp_taxi.py took 0.121 seconds
[2026-06-16T15:26:57.697+0000] {processor.py:161} INFO - Started process (PID=15043) to work on /opt/airflow/dags/dag_08_gcp_taxi.py
[2026-06-16T15:26:57.699+0000] {processor.py:830} INFO - Processing file /opt/airflow/dags/dag_08_gcp_taxi.py for tasks to queue
[2026-06-16T15:26:57.702+0000] {logging_mixin.py:188} INFO - [2026-06-16T15:26:57.701+0000] {dagbag.py:545} INFO - Filling up the DagBag from /opt/airflow/dags/dag_08_gcp_taxi.py
[2026-06-16T15:26:57.714+0000] {processor.py:840} INFO - DAG(s) '08_gcp_taxi' retrieved from /opt/airflow/dags/dag_08_gcp_taxi.py
[2026-06-16T15:26:57.771+0000] {logging_mixin.py:188} INFO - [2026-06-16T15:26:57.770+0000] {dag.py:3089} INFO - Sync 1 DAGs
[2026-06-16T15:26:57.787+0000] {logging_mixin.py:188} INFO - [2026-06-16T15:26:57.787+0000] {dag.py:3947} INFO - Setting next_dagrun for 08_gcp_taxi to None, run_after=None
[2026-06-16T15:26:57.810+0000] {processor.py:183} INFO - Processing /opt/airflow/dags/dag_08_gcp_taxi.py took 0.121 seconds
[2026-06-16T15:27:28.797+0000] {processor.py:161} INFO - Started process (PID=15083) to work on /opt/airflow/dags/dag_08_gcp_taxi.py
[2026-06-16T15:27:28.798+0000] {processor.py:830} INFO - Processing file /opt/airflow/dags/dag_08_gcp_taxi.py for tasks to queue
[2026-06-16T15:27:28.801+0000] {logging_mixin.py:188} INFO - [2026-06-16T15:27:28.801+0000] {dagbag.py:545} INFO - Filling up the DagBag from /opt/airflow/dags/dag_08_gcp_taxi.py
[2026-06-16T15:27:28.814+0000] {processor.py:840} INFO - DAG(s) '08_gcp_taxi' retrieved from /opt/airflow/dags/dag_08_gcp_taxi.py
[2026-06-16T15:27:28.879+0000] {logging_mixin.py:188} INFO - [2026-06-16T15:27:28.879+0000] {dag.py:3089} INFO - Sync 1 DAGs
[2026-06-16T15:27:28.897+0000] {logging_mixin.py:188} INFO - [2026-06-16T15:27:28.897+0000] {dag.py:3947} INFO - Setting next_dagrun for 08_gcp_taxi to None, run_after=None
[2026-06-16T15:27:28.923+0000] {processor.py:183} INFO - Processing /opt/airflow/dags/dag_08_gcp_taxi.py took 0.135 seconds
[2026-06-16T15:27:59.826+0000] {processor.py:161} INFO - Started process (PID=15123) to work on /opt/airflow/dags/dag_08_gcp_taxi.py
[2026-06-16T15:27:59.828+0000] {processor.py:830} INFO - Processing file /opt/airflow/dags/dag_08_gcp_taxi.py for tasks to queue
[2026-06-16T15:27:59.831+0000] {logging_mixin.py:188} INFO - [2026-06-16T15:27:59.830+0000] {dagbag.py:545} INFO - Filling up the DagBag from /opt/airflow/dags/dag_08_gcp_taxi.py
[2026-06-16T15:27:59.843+0000] {processor.py:840} INFO - DAG(s) '08_gcp_taxi' retrieved from /opt/airflow/dags/dag_08_gcp_taxi.py
[2026-06-16T15:27:59.900+0000] {logging_mixin.py:188} INFO - [2026-06-16T15:27:59.900+0000] {dag.py:3089} INFO - Sync 1 DAGs
[2026-06-16T15:27:59.916+0000] {logging_mixin.py:188} INFO - [2026-06-16T15:27:59.916+0000] {dag.py:3947} INFO - Setting next_dagrun for 08_gcp_taxi to None, run_after=None
[2026-06-16T15:27:59.939+0000] {processor.py:183} INFO - Processing /opt/airflow/dags/dag_08_gcp_taxi.py took 0.121 seconds
[2026-06-16T15:28:30.841+0000] {processor.py:161} INFO - Started process (PID=15163) to work on /opt/airflow/dags/dag_08_gcp_taxi.py
[2026-06-16T15:28:30.844+0000] {processor.py:830} INFO - Processing file /opt/airflow/dags/dag_08_gcp_taxi.py for tasks to queue
[2026-06-16T15:28:30.846+0000] {logging_mixin.py:188} INFO - [2026-06-16T15:28:30.846+0000] {dagbag.py:545} INFO - Filling up the DagBag from /opt/airflow/dags/dag_08_gcp_taxi.py
[2026-06-16T15:28:30.859+0000] {processor.py:840} INFO - DAG(s) '08_gcp_taxi' retrieved from /opt/airflow/dags/dag_08_gcp_taxi.py
[2026-06-16T15:28:30.917+0000] {logging_mixin.py:188} INFO - [2026-06-16T15:28:30.917+0000] {dag.py:3089} INFO - Sync 1 DAGs
[2026-06-16T15:28:30.935+0000] {logging_mixin.py:188} INFO - [2026-06-16T15:28:30.935+0000] {dag.py:3947} INFO - Setting next_dagrun for 08_gcp_taxi to None, run_after=None
[2026-06-16T15:28:30.960+0000] {processor.py:183} INFO - Processing /opt/airflow/dags/dag_08_gcp_taxi.py took 0.127 seconds
[2026-06-16T15:29:01.820+0000] {processor.py:161} INFO - Started process (PID=15203) to work on /opt/airflow/dags/dag_08_gcp_taxi.py
[2026-06-16T15:29:01.821+0000] {processor.py:830} INFO - Processing file /opt/airflow/dags/dag_08_gcp_taxi.py for tasks to queue
[2026-06-16T15:29:01.824+0000] {logging_mixin.py:188} INFO - [2026-06-16T15:29:01.824+0000] {dagbag.py:545} INFO - Filling up the DagBag from /opt/airflow/dags/dag_08_gcp_taxi.py
[2026-06-16T15:29:01.837+0000] {processor.py:840} INFO - DAG(s) '08_gcp_taxi' retrieved from /opt/airflow/dags/dag_08_gcp_taxi.py
[2026-06-16T15:29:01.897+0000] {logging_mixin.py:188} INFO - [2026-06-16T15:29:01.896+0000] {dag.py:3089} INFO - Sync 1 DAGs
[2026-06-16T15:29:01.914+0000] {logging_mixin.py:188} INFO - [2026-06-16T15:29:01.913+0000] {dag.py:3947} INFO - Setting next_dagrun for 08_gcp_taxi to None, run_after=None
[2026-06-16T15:29:01.938+0000] {processor.py:183} INFO - Processing /opt/airflow/dags/dag_08_gcp_taxi.py took 0.127 seconds
[2026-06-16T15:29:32.921+0000] {processor.py:161} INFO - Started process (PID=15243) to work on /opt/airflow/dags/dag_08_gcp_taxi.py
[2026-06-16T15:29:32.932+0000] {processor.py:830} INFO - Processing file /opt/airflow/dags/dag_08_gcp_taxi.py for tasks to queue
[2026-06-16T15:29:32.934+0000] {logging_mixin.py:188} INFO - [2026-06-16T15:29:32.934+0000] {dagbag.py:545} INFO - Filling up the DagBag from /opt/airflow/dags/dag_08_gcp_taxi.py
[2026-06-16T15:29:32.949+0000] {processor.py:840} INFO - DAG(s) '08_gcp_taxi' retrieved from /opt/airflow/dags/dag_08_gcp_taxi.py
[2026-06-16T15:29:33.011+0000] {logging_mixin.py:188} INFO - [2026-06-16T15:29:33.011+0000] {dag.py:3089} INFO - Sync 1 DAGs
[2026-06-16T15:29:33.028+0000] {logging_mixin.py:188} INFO - [2026-06-16T15:29:33.028+0000] {dag.py:3947} INFO - Setting next_dagrun for 08_gcp_taxi to None, run_after=None
[2026-06-16T15:29:33.054+0000] {processor.py:183} INFO - Processing /opt/airflow/dags/dag_08_gcp_taxi.py took 0.140 seconds
[2026-06-16T15:30:04.065+0000] {processor.py:161} INFO - Started process (PID=15283) to work on /opt/airflow/dags/dag_08_gcp_taxi.py
[2026-06-16T15:30:04.075+0000] {processor.py:830} INFO - Processing file /opt/airflow/dags/dag_08_gcp_taxi.py for tasks to queue
[2026-06-16T15:30:04.078+0000] {logging_mixin.py:188} INFO - [2026-06-16T15:30:04.077+0000] {dagbag.py:545} INFO - Filling up the DagBag from /opt/airflow/dags/dag_08_gcp_taxi.py
[2026-06-16T15:30:04.091+0000] {processor.py:840} INFO - DAG(s) '08_gcp_taxi' retrieved from /opt/airflow/dags/dag_08_gcp_taxi.py
[2026-06-16T15:30:04.158+0000] {logging_mixin.py:188} INFO - [2026-06-16T15:30:04.158+0000] {dag.py:3089} INFO - Sync 1 DAGs
[2026-06-16T15:30:04.176+0000] {logging_mixin.py:188} INFO - [2026-06-16T15:30:04.176+0000] {dag.py:3947} INFO - Setting next_dagrun for 08_gcp_taxi to None, run_after=None
[2026-06-16T15:30:04.200+0000] {processor.py:183} INFO - Processing /opt/airflow/dags/dag_08_gcp_taxi.py took 0.146 seconds
[2026-06-16T15:30:34.281+0000] {processor.py:161} INFO - Started process (PID=15323) to work on /opt/airflow/dags/dag_08_gcp_taxi.py
[2026-06-16T15:30:34.282+0000] {processor.py:830} INFO - Processing file /opt/airflow/dags/dag_08_gcp_taxi.py for tasks to queue
[2026-06-16T15:30:34.285+0000] {logging_mixin.py:188} INFO - [2026-06-16T15:30:34.285+0000] {dagbag.py:545} INFO - Filling up the DagBag from /opt/airflow/dags/dag_08_gcp_taxi.py
[2026-06-16T15:30:34.298+0000] {processor.py:840} INFO - DAG(s) '08_gcp_taxi' retrieved from /opt/airflow/dags/dag_08_gcp_taxi.py
[2026-06-16T15:30:34.363+0000] {logging_mixin.py:188} INFO - [2026-06-16T15:30:34.363+0000] {dag.py:3089} INFO - Sync 1 DAGs
[2026-06-16T15:30:34.380+0000] {logging_mixin.py:188} INFO - [2026-06-16T15:30:34.380+0000] {dag.py:3947} INFO - Setting next_dagrun for 08_gcp_taxi to None, run_after=None
[2026-06-16T15:30:34.405+0000] {processor.py:183} INFO - Processing /opt/airflow/dags/dag_08_gcp_taxi.py took 0.135 seconds
[2026-06-16T15:31:04.479+0000] {processor.py:161} INFO - Started process (PID=15363) to work on /opt/airflow/dags/dag_08_gcp_taxi.py
[2026-06-16T15:31:04.481+0000] {processor.py:830} INFO - Processing file /opt/airflow/dags/dag_08_gcp_taxi.py for tasks to queue
[2026-06-16T15:31:04.484+0000] {logging_mixin.py:188} INFO - [2026-06-16T15:31:04.483+0000] {dagbag.py:545} INFO - Filling up the DagBag from /opt/airflow/dags/dag_08_gcp_taxi.py
[2026-06-16T15:31:04.496+0000] {processor.py:840} INFO - DAG(s) '08_gcp_taxi' retrieved from /opt/airflow/dags/dag_08_gcp_taxi.py
[2026-06-16T15:31:04.552+0000] {logging_mixin.py:188} INFO - [2026-06-16T15:31:04.552+0000] {dag.py:3089} INFO - Sync 1 DAGs
[2026-06-16T15:31:04.569+0000] {logging_mixin.py:188} INFO - [2026-06-16T15:31:04.569+0000] {dag.py:3947} INFO - Setting next_dagrun for 08_gcp_taxi to None, run_after=None
[2026-06-16T15:31:04.592+0000] {processor.py:183} INFO - Processing /opt/airflow/dags/dag_08_gcp_taxi.py took 0.123 seconds
[2026-06-16T15:31:35.392+0000] {processor.py:161} INFO - Started process (PID=15403) to work on /opt/airflow/dags/dag_08_gcp_taxi.py
[2026-06-16T15:31:35.394+0000] {processor.py:830} INFO - Processing file /opt/airflow/dags/dag_08_gcp_taxi.py for tasks to queue
[2026-06-16T15:31:35.397+0000] {logging_mixin.py:188} INFO - [2026-06-16T15:31:35.396+0000] {dagbag.py:545} INFO - Filling up the DagBag from /opt/airflow/dags/dag_08_gcp_taxi.py
[2026-06-16T15:31:35.409+0000] {processor.py:840} INFO - DAG(s) '08_gcp_taxi' retrieved from /opt/airflow/dags/dag_08_gcp_taxi.py
[2026-06-16T15:31:35.469+0000] {logging_mixin.py:188} INFO - [2026-06-16T15:31:35.468+0000] {dag.py:3089} INFO - Sync 1 DAGs
[2026-06-16T15:31:35.484+0000] {logging_mixin.py:188} INFO - [2026-06-16T15:31:35.484+0000] {dag.py:3947} INFO - Setting next_dagrun for 08_gcp_taxi to None, run_after=None
[2026-06-16T15:31:35.507+0000] {processor.py:183} INFO - Processing /opt/airflow/dags/dag_08_gcp_taxi.py took 0.123 seconds
[2026-06-16T15:32:06.477+0000] {processor.py:161} INFO - Started process (PID=15443) to work on /opt/airflow/dags/dag_08_gcp_taxi.py
[2026-06-16T15:32:06.487+0000] {processor.py:830} INFO - Processing file /opt/airflow/dags/dag_08_gcp_taxi.py for tasks to queue
[2026-06-16T15:32:06.489+0000] {logging_mixin.py:188} INFO - [2026-06-16T15:32:06.489+0000] {dagbag.py:545} INFO - Filling up the DagBag from /opt/airflow/dags/dag_08_gcp_taxi.py
[2026-06-16T15:32:06.502+0000] {processor.py:840} INFO - DAG(s) '08_gcp_taxi' retrieved from /opt/airflow/dags/dag_08_gcp_taxi.py
[2026-06-16T15:32:06.562+0000] {logging_mixin.py:188} INFO - [2026-06-16T15:32:06.561+0000] {dag.py:3089} INFO - Sync 1 DAGs
[2026-06-16T15:32:06.582+0000] {logging_mixin.py:188} INFO - [2026-06-16T15:32:06.582+0000] {dag.py:3947} INFO - Setting next_dagrun for 08_gcp_taxi to None, run_after=None
[2026-06-16T15:32:06.607+0000] {processor.py:183} INFO - Processing /opt/airflow/dags/dag_08_gcp_taxi.py took 0.138 seconds
[2026-06-16T15:32:36.657+0000] {processor.py:161} INFO - Started process (PID=15483) to work on /opt/airflow/dags/dag_08_gcp_taxi.py
[2026-06-16T15:32:36.658+0000] {processor.py:830} INFO - Processing file /opt/airflow/dags/dag_08_gcp_taxi.py for tasks to queue
[2026-06-16T15:32:36.660+0000] {logging_mixin.py:188} INFO - [2026-06-16T15:32:36.660+0000] {dagbag.py:545} INFO - Filling up the DagBag from /opt/airflow/dags/dag_08_gcp_taxi.py
[2026-06-16T15:32:36.671+0000] {processor.py:840} INFO - DAG(s) '08_gcp_taxi' retrieved from /opt/airflow/dags/dag_08_gcp_taxi.py
[2026-06-16T15:32:36.726+0000] {logging_mixin.py:188} INFO - [2026-06-16T15:32:36.726+0000] {dag.py:3089} INFO - Sync 1 DAGs
[2026-06-16T15:32:36.739+0000] {logging_mixin.py:188} INFO - [2026-06-16T15:32:36.739+0000] {dag.py:3947} INFO - Setting next_dagrun for 08_gcp_taxi to None, run_after=None
[2026-06-16T15:32:36.762+0000] {processor.py:183} INFO - Processing /opt/airflow/dags/dag_08_gcp_taxi.py took 0.112 seconds
[2026-06-16T15:33:07.607+0000] {processor.py:161} INFO - Started process (PID=15523) to work on /opt/airflow/dags/dag_08_gcp_taxi.py
[2026-06-16T15:33:07.617+0000] {processor.py:830} INFO - Processing file /opt/airflow/dags/dag_08_gcp_taxi.py for tasks to queue
[2026-06-16T15:33:07.619+0000] {logging_mixin.py:188} INFO - [2026-06-16T15:33:07.618+0000] {dagbag.py:545} INFO - Filling up the DagBag from /opt/airflow/dags/dag_08_gcp_taxi.py
[2026-06-16T15:33:07.630+0000] {processor.py:840} INFO - DAG(s) '08_gcp_taxi' retrieved from /opt/airflow/dags/dag_08_gcp_taxi.py
[2026-06-16T15:33:07.689+0000] {logging_mixin.py:188} INFO - [2026-06-16T15:33:07.689+0000] {dag.py:3089} INFO - Sync 1 DAGs
[2026-06-16T15:33:07.706+0000] {logging_mixin.py:188} INFO - [2026-06-16T15:33:07.706+0000] {dag.py:3947} INFO - Setting next_dagrun for 08_gcp_taxi to None, run_after=None
[2026-06-16T15:33:07.729+0000] {processor.py:183} INFO - Processing /opt/airflow/dags/dag_08_gcp_taxi.py took 0.129 seconds
[2026-06-16T15:33:37.997+0000] {processor.py:161} INFO - Started process (PID=15563) to work on /opt/airflow/dags/dag_08_gcp_taxi.py
[2026-06-16T15:33:37.998+0000] {processor.py:830} INFO - Processing file /opt/airflow/dags/dag_08_gcp_taxi.py for tasks to queue
[2026-06-16T15:33:38.000+0000] {logging_mixin.py:188} INFO - [2026-06-16T15:33:37.999+0000] {dagbag.py:545} INFO - Filling up the DagBag from /opt/airflow/dags/dag_08_gcp_taxi.py
[2026-06-16T15:33:38.011+0000] {processor.py:840} INFO - DAG(s) '08_gcp_taxi' retrieved from /opt/airflow/dags/dag_08_gcp_taxi.py
[2026-06-16T15:33:38.067+0000] {logging_mixin.py:188} INFO - [2026-06-16T15:33:38.067+0000] {dag.py:3089} INFO - Sync 1 DAGs
[2026-06-16T15:33:38.084+0000] {logging_mixin.py:188} INFO - [2026-06-16T15:33:38.083+0000] {dag.py:3947} INFO - Setting next_dagrun for 08_gcp_taxi to None, run_after=None
[2026-06-16T15:33:38.110+0000] {processor.py:183} INFO - Processing /opt/airflow/dags/dag_08_gcp_taxi.py took 0.121 seconds
[2026-06-16T15:34:08.150+0000] {processor.py:161} INFO - Started process (PID=15603) to work on /opt/airflow/dags/dag_08_gcp_taxi.py
[2026-06-16T15:34:08.151+0000] {processor.py:830} INFO - Processing file /opt/airflow/dags/dag_08_gcp_taxi.py for tasks to queue
[2026-06-16T15:34:08.153+0000] {logging_mixin.py:188} INFO - [2026-06-16T15:34:08.153+0000] {dagbag.py:545} INFO - Filling up the DagBag from /opt/airflow/dags/dag_08_gcp_taxi.py
[2026-06-16T15:34:08.165+0000] {processor.py:840} INFO - DAG(s) '08_gcp_taxi' retrieved from /opt/airflow/dags/dag_08_gcp_taxi.py
[2026-06-16T15:34:08.215+0000] {logging_mixin.py:188} INFO - [2026-06-16T15:34:08.215+0000] {dag.py:3089} INFO - Sync 1 DAGs
[2026-06-16T15:34:08.228+0000] {logging_mixin.py:188} INFO - [2026-06-16T15:34:08.228+0000] {dag.py:3947} INFO - Setting next_dagrun for 08_gcp_taxi to None, run_after=None
[2026-06-16T15:34:08.252+0000] {processor.py:183} INFO - Processing /opt/airflow/dags/dag_08_gcp_taxi.py took 0.109 seconds
[2026-06-16T15:34:38.343+0000] {processor.py:161} INFO - Started process (PID=15643) to work on /opt/airflow/dags/dag_08_gcp_taxi.py
[2026-06-16T15:34:38.344+0000] {processor.py:830} INFO - Processing file /opt/airflow/dags/dag_08_gcp_taxi.py for tasks to queue
[2026-06-16T15:34:38.347+0000] {logging_mixin.py:188} INFO - [2026-06-16T15:34:38.346+0000] {dagbag.py:545} INFO - Filling up the DagBag from /opt/airflow/dags/dag_08_gcp_taxi.py
[2026-06-16T15:34:38.358+0000] {processor.py:840} INFO - DAG(s) '08_gcp_taxi' retrieved from /opt/airflow/dags/dag_08_gcp_taxi.py
[2026-06-16T15:34:38.410+0000] {logging_mixin.py:188} INFO - [2026-06-16T15:34:38.410+0000] {dag.py:3089} INFO - Sync 1 DAGs
[2026-06-16T15:34:38.426+0000] {logging_mixin.py:188} INFO - [2026-06-16T15:34:38.426+0000] {dag.py:3947} INFO - Setting next_dagrun for 08_gcp_taxi to None, run_after=None
[2026-06-16T15:34:38.580+0000] {processor.py:183} INFO - Processing /opt/airflow/dags/dag_08_gcp_taxi.py took 0.243 seconds
[2026-06-16T15:35:09.083+0000] {processor.py:161} INFO - Started process (PID=15683) to work on /opt/airflow/dags/dag_08_gcp_taxi.py
[2026-06-16T15:35:09.094+0000] {processor.py:830} INFO - Processing file /opt/airflow/dags/dag_08_gcp_taxi.py for tasks to queue
[2026-06-16T15:35:09.096+0000] {logging_mixin.py:188} INFO - [2026-06-16T15:35:09.095+0000] {dagbag.py:545} INFO - Filling up the DagBag from /opt/airflow/dags/dag_08_gcp_taxi.py
[2026-06-16T15:35:09.108+0000] {processor.py:840} INFO - DAG(s) '08_gcp_taxi' retrieved from /opt/airflow/dags/dag_08_gcp_taxi.py
[2026-06-16T15:35:09.168+0000] {logging_mixin.py:188} INFO - [2026-06-16T15:35:09.168+0000] {dag.py:3089} INFO - Sync 1 DAGs
[2026-06-16T15:35:09.187+0000] {logging_mixin.py:188} INFO - [2026-06-16T15:35:09.186+0000] {dag.py:3947} INFO - Setting next_dagrun for 08_gcp_taxi to None, run_after=None
[2026-06-16T15:35:09.209+0000] {processor.py:183} INFO - Processing /opt/airflow/dags/dag_08_gcp_taxi.py took 0.134 seconds
[2026-06-16T15:35:39.243+0000] {processor.py:161} INFO - Started process (PID=15723) to work on /opt/airflow/dags/dag_08_gcp_taxi.py
[2026-06-16T15:35:39.245+0000] {processor.py:830} INFO - Processing file /opt/airflow/dags/dag_08_gcp_taxi.py for tasks to queue
[2026-06-16T15:35:39.247+0000] {logging_mixin.py:188} INFO - [2026-06-16T15:35:39.247+0000] {dagbag.py:545} INFO - Filling up the DagBag from /opt/airflow/dags/dag_08_gcp_taxi.py
[2026-06-16T15:35:39.260+0000] {processor.py:840} INFO - DAG(s) '08_gcp_taxi' retrieved from /opt/airflow/dags/dag_08_gcp_taxi.py
[2026-06-16T15:35:39.312+0000] {logging_mixin.py:188} INFO - [2026-06-16T15:35:39.312+0000] {dag.py:3089} INFO - Sync 1 DAGs
[2026-06-16T15:35:39.327+0000] {logging_mixin.py:188} INFO - [2026-06-16T15:35:39.326+0000] {dag.py:3947} INFO - Setting next_dagrun for 08_gcp_taxi to None, run_after=None
[2026-06-16T15:35:39.350+0000] {processor.py:183} INFO - Processing /opt/airflow/dags/dag_08_gcp_taxi.py took 0.114 seconds
[2026-06-16T15:36:10.350+0000] {processor.py:161} INFO - Started process (PID=15763) to work on /opt/airflow/dags/dag_08_gcp_taxi.py
[2026-06-16T15:36:10.352+0000] {processor.py:830} INFO - Processing file /opt/airflow/dags/dag_08_gcp_taxi.py for tasks to queue
[2026-06-16T15:36:10.354+0000] {logging_mixin.py:188} INFO - [2026-06-16T15:36:10.354+0000] {dagbag.py:545} INFO - Filling up the DagBag from /opt/airflow/dags/dag_08_gcp_taxi.py
[2026-06-16T15:36:10.365+0000] {processor.py:840} INFO - DAG(s) '08_gcp_taxi' retrieved from /opt/airflow/dags/dag_08_gcp_taxi.py
[2026-06-16T15:36:10.416+0000] {logging_mixin.py:188} INFO - [2026-06-16T15:36:10.416+0000] {dag.py:3089} INFO - Sync 1 DAGs
[2026-06-16T15:36:10.429+0000] {logging_mixin.py:188} INFO - [2026-06-16T15:36:10.429+0000] {dag.py:3947} INFO - Setting next_dagrun for 08_gcp_taxi to None, run_after=None
[2026-06-16T15:36:10.453+0000] {processor.py:183} INFO - Processing /opt/airflow/dags/dag_08_gcp_taxi.py took 0.109 seconds
[2026-06-16T15:36:40.501+0000] {processor.py:161} INFO - Started process (PID=15803) to work on /opt/airflow/dags/dag_08_gcp_taxi.py
[2026-06-16T15:36:40.501+0000] {processor.py:830} INFO - Processing file /opt/airflow/dags/dag_08_gcp_taxi.py for tasks to queue
[2026-06-16T15:36:40.503+0000] {logging_mixin.py:188} INFO - [2026-06-16T15:36:40.503+0000] {dagbag.py:545} INFO - Filling up the DagBag from /opt/airflow/dags/dag_08_gcp_taxi.py
[2026-06-16T15:36:40.514+0000] {processor.py:840} INFO - DAG(s) '08_gcp_taxi' retrieved from /opt/airflow/dags/dag_08_gcp_taxi.py
[2026-06-16T15:36:40.565+0000] {logging_mixin.py:188} INFO - [2026-06-16T15:36:40.565+0000] {dag.py:3089} INFO - Sync 1 DAGs
[2026-06-16T15:36:40.578+0000] {logging_mixin.py:188} INFO - [2026-06-16T15:36:40.578+0000] {dag.py:3947} INFO - Setting next_dagrun for 08_gcp_taxi to None, run_after=None
[2026-06-16T15:36:40.602+0000] {processor.py:183} INFO - Processing /opt/airflow/dags/dag_08_gcp_taxi.py took 0.107 seconds
[2026-06-16T15:37:10.639+0000] {processor.py:161} INFO - Started process (PID=15843) to work on /opt/airflow/dags/dag_08_gcp_taxi.py
[2026-06-16T15:37:10.640+0000] {processor.py:830} INFO - Processing file /opt/airflow/dags/dag_08_gcp_taxi.py for tasks to queue
[2026-06-16T15:37:10.642+0000] {logging_mixin.py:188} INFO - [2026-06-16T15:37:10.642+0000] {dagbag.py:545} INFO - Filling up the DagBag from /opt/airflow/dags/dag_08_gcp_taxi.py
[2026-06-16T15:37:10.654+0000] {processor.py:840} INFO - DAG(s) '08_gcp_taxi' retrieved from /opt/airflow/dags/dag_08_gcp_taxi.py
[2026-06-16T15:37:10.709+0000] {logging_mixin.py:188} INFO - [2026-06-16T15:37:10.708+0000] {dag.py:3089} INFO - Sync 1 DAGs
[2026-06-16T15:37:10.729+0000] {logging_mixin.py:188} INFO - [2026-06-16T15:37:10.728+0000] {dag.py:3947} INFO - Setting next_dagrun for 08_gcp_taxi to None, run_after=None
[2026-06-16T15:37:10.752+0000] {processor.py:183} INFO - Processing /opt/airflow/dags/dag_08_gcp_taxi.py took 0.119 seconds
[2026-06-16T15:37:41.700+0000] {processor.py:161} INFO - Started process (PID=15883) to work on /opt/airflow/dags/dag_08_gcp_taxi.py
[2026-06-16T15:37:41.702+0000] {processor.py:830} INFO - Processing file /opt/airflow/dags/dag_08_gcp_taxi.py for tasks to queue
[2026-06-16T15:37:41.703+0000] {logging_mixin.py:188} INFO - [2026-06-16T15:37:41.703+0000] {dagbag.py:545} INFO - Filling up the DagBag from /opt/airflow/dags/dag_08_gcp_taxi.py
[2026-06-16T15:37:41.715+0000] {processor.py:840} INFO - DAG(s) '08_gcp_taxi' retrieved from /opt/airflow/dags/dag_08_gcp_taxi.py
[2026-06-16T15:37:41.766+0000] {logging_mixin.py:188} INFO - [2026-06-16T15:37:41.765+0000] {dag.py:3089} INFO - Sync 1 DAGs
[2026-06-16T15:37:41.778+0000] {logging_mixin.py:188} INFO - [2026-06-16T15:37:41.778+0000] {dag.py:3947} INFO - Setting next_dagrun for 08_gcp_taxi to None, run_after=None
[2026-06-16T15:37:41.806+0000] {processor.py:183} INFO - Processing /opt/airflow/dags/dag_08_gcp_taxi.py took 0.113 seconds
[2026-06-16T15:38:12.795+0000] {processor.py:161} INFO - Started process (PID=15923) to work on /opt/airflow/dags/dag_08_gcp_taxi.py
[2026-06-16T15:38:12.805+0000] {processor.py:830} INFO - Processing file /opt/airflow/dags/dag_08_gcp_taxi.py for tasks to queue
[2026-06-16T15:38:12.807+0000] {logging_mixin.py:188} INFO - [2026-06-16T15:38:12.807+0000] {dagbag.py:545} INFO - Filling up the DagBag from /opt/airflow/dags/dag_08_gcp_taxi.py
[2026-06-16T15:38:12.818+0000] {processor.py:840} INFO - DAG(s) '08_gcp_taxi' retrieved from /opt/airflow/dags/dag_08_gcp_taxi.py
[2026-06-16T15:38:12.875+0000] {logging_mixin.py:188} INFO - [2026-06-16T15:38:12.874+0000] {dag.py:3089} INFO - Sync 1 DAGs
[2026-06-16T15:38:12.890+0000] {logging_mixin.py:188} INFO - [2026-06-16T15:38:12.890+0000] {dag.py:3947} INFO - Setting next_dagrun for 08_gcp_taxi to None, run_after=None
[2026-06-16T15:38:12.912+0000] {processor.py:183} INFO - Processing /opt/airflow/dags/dag_08_gcp_taxi.py took 0.124 seconds
[2026-06-16T15:38:42.980+0000] {processor.py:161} INFO - Started process (PID=15963) to work on /opt/airflow/dags/dag_08_gcp_taxi.py
[2026-06-16T15:38:42.981+0000] {processor.py:830} INFO - Processing file /opt/airflow/dags/dag_08_gcp_taxi.py for tasks to queue
[2026-06-16T15:38:42.983+0000] {logging_mixin.py:188} INFO - [2026-06-16T15:38:42.982+0000] {dagbag.py:545} INFO - Filling up the DagBag from /opt/airflow/dags/dag_08_gcp_taxi.py
[2026-06-16T15:38:42.995+0000] {processor.py:840} INFO - DAG(s) '08_gcp_taxi' retrieved from /opt/airflow/dags/dag_08_gcp_taxi.py
[2026-06-16T15:38:43.053+0000] {logging_mixin.py:188} INFO - [2026-06-16T15:38:43.052+0000] {dag.py:3089} INFO - Sync 1 DAGs
[2026-06-16T15:38:43.068+0000] {logging_mixin.py:188} INFO - [2026-06-16T15:38:43.068+0000] {dag.py:3947} INFO - Setting next_dagrun for 08_gcp_taxi to None, run_after=None
[2026-06-16T15:38:43.090+0000] {processor.py:183} INFO - Processing /opt/airflow/dags/dag_08_gcp_taxi.py took 0.117 seconds
[2026-06-16T15:39:13.167+0000] {processor.py:161} INFO - Started process (PID=16003) to work on /opt/airflow/dags/dag_08_gcp_taxi.py
[2026-06-16T15:39:13.178+0000] {processor.py:830} INFO - Processing file /opt/airflow/dags/dag_08_gcp_taxi.py for tasks to queue
[2026-06-16T15:39:13.180+0000] {logging_mixin.py:188} INFO - [2026-06-16T15:39:13.180+0000] {dagbag.py:545} INFO - Filling up the DagBag from /opt/airflow/dags/dag_08_gcp_taxi.py
[2026-06-16T15:39:13.191+0000] {processor.py:840} INFO - DAG(s) '08_gcp_taxi' retrieved from /opt/airflow/dags/dag_08_gcp_taxi.py
[2026-06-16T15:39:13.245+0000] {logging_mixin.py:188} INFO - [2026-06-16T15:39:13.245+0000] {dag.py:3089} INFO - Sync 1 DAGs
[2026-06-16T15:39:13.261+0000] {logging_mixin.py:188} INFO - [2026-06-16T15:39:13.261+0000] {dag.py:3947} INFO - Setting next_dagrun for 08_gcp_taxi to None, run_after=None
[2026-06-16T15:39:13.283+0000] {processor.py:183} INFO - Processing /opt/airflow/dags/dag_08_gcp_taxi.py took 0.123 seconds
[2026-06-16T15:39:43.363+0000] {processor.py:161} INFO - Started process (PID=16043) to work on /opt/airflow/dags/dag_08_gcp_taxi.py
[2026-06-16T15:39:43.364+0000] {processor.py:830} INFO - Processing file /opt/airflow/dags/dag_08_gcp_taxi.py for tasks to queue
[2026-06-16T15:39:43.366+0000] {logging_mixin.py:188} INFO - [2026-06-16T15:39:43.366+0000] {dagbag.py:545} INFO - Filling up the DagBag from /opt/airflow/dags/dag_08_gcp_taxi.py
[2026-06-16T15:39:43.377+0000] {processor.py:840} INFO - DAG(s) '08_gcp_taxi' retrieved from /opt/airflow/dags/dag_08_gcp_taxi.py
[2026-06-16T15:39:43.429+0000] {logging_mixin.py:188} INFO - [2026-06-16T15:39:43.428+0000] {dag.py:3089} INFO - Sync 1 DAGs
[2026-06-16T15:39:43.443+0000] {logging_mixin.py:188} INFO - [2026-06-16T15:39:43.443+0000] {dag.py:3947} INFO - Setting next_dagrun for 08_gcp_taxi to None, run_after=None
[2026-06-16T15:39:43.466+0000] {processor.py:183} INFO - Processing /opt/airflow/dags/dag_08_gcp_taxi.py took 0.109 seconds
[2026-06-16T15:40:13.534+0000] {processor.py:161} INFO - Started process (PID=16083) to work on /opt/airflow/dags/dag_08_gcp_taxi.py
[2026-06-16T15:40:13.545+0000] {processor.py:830} INFO - Processing file /opt/airflow/dags/dag_08_gcp_taxi.py for tasks to queue
[2026-06-16T15:40:13.547+0000] {logging_mixin.py:188} INFO - [2026-06-16T15:40:13.547+0000] {dagbag.py:545} INFO - Filling up the DagBag from /opt/airflow/dags/dag_08_gcp_taxi.py
[2026-06-16T15:40:13.558+0000] {processor.py:840} INFO - DAG(s) '08_gcp_taxi' retrieved from /opt/airflow/dags/dag_08_gcp_taxi.py
[2026-06-16T15:40:13.610+0000] {logging_mixin.py:188} INFO - [2026-06-16T15:40:13.610+0000] {dag.py:3089} INFO - Sync 1 DAGs
[2026-06-16T15:40:13.625+0000] {logging_mixin.py:188} INFO - [2026-06-16T15:40:13.624+0000] {dag.py:3947} INFO - Setting next_dagrun for 08_gcp_taxi to None, run_after=None
[2026-06-16T15:40:13.646+0000] {processor.py:183} INFO - Processing /opt/airflow/dags/dag_08_gcp_taxi.py took 0.118 seconds
[2026-06-16T15:40:43.744+0000] {processor.py:161} INFO - Started process (PID=16123) to work on /opt/airflow/dags/dag_08_gcp_taxi.py
[2026-06-16T15:40:43.745+0000] {processor.py:830} INFO - Processing file /opt/airflow/dags/dag_08_gcp_taxi.py for tasks to queue
[2026-06-16T15:40:43.747+0000] {logging_mixin.py:188} INFO - [2026-06-16T15:40:43.746+0000] {dagbag.py:545} INFO - Filling up the DagBag from /opt/airflow/dags/dag_08_gcp_taxi.py
[2026-06-16T15:40:43.758+0000] {processor.py:840} INFO - DAG(s) '08_gcp_taxi' retrieved from /opt/airflow/dags/dag_08_gcp_taxi.py
[2026-06-16T15:40:43.810+0000] {logging_mixin.py:188} INFO - [2026-06-16T15:40:43.810+0000] {dag.py:3089} INFO - Sync 1 DAGs
[2026-06-16T15:40:43.826+0000] {logging_mixin.py:188} INFO - [2026-06-16T15:40:43.826+0000] {dag.py:3947} INFO - Setting next_dagrun for 08_gcp_taxi to None, run_after=None
[2026-06-16T15:40:43.848+0000] {processor.py:183} INFO - Processing /opt/airflow/dags/dag_08_gcp_taxi.py took 0.111 seconds
[2026-06-16T15:41:13.915+0000] {processor.py:161} INFO - Started process (PID=16163) to work on /opt/airflow/dags/dag_08_gcp_taxi.py
[2026-06-16T15:41:13.925+0000] {processor.py:830} INFO - Processing file /opt/airflow/dags/dag_08_gcp_taxi.py for tasks to queue
[2026-06-16T15:41:13.928+0000] {logging_mixin.py:188} INFO - [2026-06-16T15:41:13.927+0000] {dagbag.py:545} INFO - Filling up the DagBag from /opt/airflow/dags/dag_08_gcp_taxi.py
[2026-06-16T15:41:13.939+0000] {processor.py:840} INFO - DAG(s) '08_gcp_taxi' retrieved from /opt/airflow/dags/dag_08_gcp_taxi.py
[2026-06-16T15:41:13.993+0000] {logging_mixin.py:188} INFO - [2026-06-16T15:41:13.992+0000] {dag.py:3089} INFO - Sync 1 DAGs
[2026-06-16T15:41:14.009+0000] {logging_mixin.py:188} INFO - [2026-06-16T15:41:14.009+0000] {dag.py:3947} INFO - Setting next_dagrun for 08_gcp_taxi to None, run_after=None
[2026-06-16T15:41:14.036+0000] {processor.py:183} INFO - Processing /opt/airflow/dags/dag_08_gcp_taxi.py took 0.129 seconds
[2026-06-16T15:41:44.126+0000] {processor.py:161} INFO - Started process (PID=16203) to work on /opt/airflow/dags/dag_08_gcp_taxi.py
[2026-06-16T15:41:44.128+0000] {processor.py:830} INFO - Processing file /opt/airflow/dags/dag_08_gcp_taxi.py for tasks to queue
[2026-06-16T15:41:44.131+0000] {logging_mixin.py:188} INFO - [2026-06-16T15:41:44.130+0000] {dagbag.py:545} INFO - Filling up the DagBag from /opt/airflow/dags/dag_08_gcp_taxi.py
[2026-06-16T15:41:44.145+0000] {processor.py:840} INFO - DAG(s) '08_gcp_taxi' retrieved from /opt/airflow/dags/dag_08_gcp_taxi.py
[2026-06-16T15:41:44.200+0000] {logging_mixin.py:188} INFO - [2026-06-16T15:41:44.200+0000] {dag.py:3089} INFO - Sync 1 DAGs
[2026-06-16T15:41:44.217+0000] {logging_mixin.py:188} INFO - [2026-06-16T15:41:44.217+0000] {dag.py:3947} INFO - Setting next_dagrun for 08_gcp_taxi to None, run_after=None
[2026-06-16T15:41:44.240+0000] {processor.py:183} INFO - Processing /opt/airflow/dags/dag_08_gcp_taxi.py took 0.122 seconds
[2026-06-16T15:42:14.370+0000] {processor.py:161} INFO - Started process (PID=16243) to work on /opt/airflow/dags/dag_08_gcp_taxi.py
[2026-06-16T15:42:14.372+0000] {processor.py:830} INFO - Processing file /opt/airflow/dags/dag_08_gcp_taxi.py for tasks to queue
[2026-06-16T15:42:14.374+0000] {logging_mixin.py:188} INFO - [2026-06-16T15:42:14.374+0000] {dagbag.py:545} INFO - Filling up the DagBag from /opt/airflow/dags/dag_08_gcp_taxi.py
[2026-06-16T15:42:14.385+0000] {processor.py:840} INFO - DAG(s) '08_gcp_taxi' retrieved from /opt/airflow/dags/dag_08_gcp_taxi.py
[2026-06-16T15:42:14.436+0000] {logging_mixin.py:188} INFO - [2026-06-16T15:42:14.435+0000] {dag.py:3089} INFO - Sync 1 DAGs
[2026-06-16T15:42:14.449+0000] {logging_mixin.py:188} INFO - [2026-06-16T15:42:14.448+0000] {dag.py:3947} INFO - Setting next_dagrun for 08_gcp_taxi to None, run_after=None
[2026-06-16T15:42:14.473+0000] {processor.py:183} INFO - Processing /opt/airflow/dags/dag_08_gcp_taxi.py took 0.109 seconds
[2026-06-16T15:42:45.236+0000] {processor.py:161} INFO - Started process (PID=16283) to work on /opt/airflow/dags/dag_08_gcp_taxi.py
[2026-06-16T15:42:45.237+0000] {processor.py:830} INFO - Processing file /opt/airflow/dags/dag_08_gcp_taxi.py for tasks to queue
[2026-06-16T15:42:45.239+0000] {logging_mixin.py:188} INFO - [2026-06-16T15:42:45.239+0000] {dagbag.py:545} INFO - Filling up the DagBag from /opt/airflow/dags/dag_08_gcp_taxi.py
[2026-06-16T15:42:45.255+0000] {processor.py:840} INFO - DAG(s) '08_gcp_taxi' retrieved from /opt/airflow/dags/dag_08_gcp_taxi.py
[2026-06-16T15:42:45.323+0000] {logging_mixin.py:188} INFO - [2026-06-16T15:42:45.323+0000] {dag.py:3089} INFO - Sync 1 DAGs
[2026-06-16T15:42:45.338+0000] {logging_mixin.py:188} INFO - [2026-06-16T15:42:45.338+0000] {dag.py:3947} INFO - Setting next_dagrun for 08_gcp_taxi to None, run_after=None
[2026-06-16T15:42:45.361+0000] {processor.py:183} INFO - Processing /opt/airflow/dags/dag_08_gcp_taxi.py took 0.136 seconds
[2026-06-16T15:43:15.440+0000] {processor.py:161} INFO - Started process (PID=16323) to work on /opt/airflow/dags/dag_08_gcp_taxi.py
[2026-06-16T15:43:15.442+0000] {processor.py:830} INFO - Processing file /opt/airflow/dags/dag_08_gcp_taxi.py for tasks to queue
[2026-06-16T15:43:15.443+0000] {logging_mixin.py:188} INFO - [2026-06-16T15:43:15.443+0000] {dagbag.py:545} INFO - Filling up the DagBag from /opt/airflow/dags/dag_08_gcp_taxi.py
[2026-06-16T15:43:15.455+0000] {processor.py:840} INFO - DAG(s) '08_gcp_taxi' retrieved from /opt/airflow/dags/dag_08_gcp_taxi.py
[2026-06-16T15:43:15.509+0000] {logging_mixin.py:188} INFO - [2026-06-16T15:43:15.509+0000] {dag.py:3089} INFO - Sync 1 DAGs
[2026-06-16T15:43:15.526+0000] {logging_mixin.py:188} INFO - [2026-06-16T15:43:15.526+0000] {dag.py:3947} INFO - Setting next_dagrun for 08_gcp_taxi to None, run_after=None
[2026-06-16T15:43:15.549+0000] {processor.py:183} INFO - Processing /opt/airflow/dags/dag_08_gcp_taxi.py took 0.115 seconds
[2026-06-16T15:43:46.467+0000] {processor.py:161} INFO - Started process (PID=16363) to work on /opt/airflow/dags/dag_08_gcp_taxi.py
[2026-06-16T15:43:46.468+0000] {processor.py:830} INFO - Processing file /opt/airflow/dags/dag_08_gcp_taxi.py for tasks to queue
[2026-06-16T15:43:46.470+0000] {logging_mixin.py:188} INFO - [2026-06-16T15:43:46.470+0000] {dagbag.py:545} INFO - Filling up the DagBag from /opt/airflow/dags/dag_08_gcp_taxi.py
[2026-06-16T15:43:46.481+0000] {processor.py:840} INFO - DAG(s) '08_gcp_taxi' retrieved from /opt/airflow/dags/dag_08_gcp_taxi.py
[2026-06-16T15:43:46.535+0000] {logging_mixin.py:188} INFO - [2026-06-16T15:43:46.535+0000] {dag.py:3089} INFO - Sync 1 DAGs
[2026-06-16T15:43:46.552+0000] {logging_mixin.py:188} INFO - [2026-06-16T15:43:46.552+0000] {dag.py:3947} INFO - Setting next_dagrun for 08_gcp_taxi to None, run_after=None
[2026-06-16T15:43:46.575+0000] {processor.py:183} INFO - Processing /opt/airflow/dags/dag_08_gcp_taxi.py took 0.115 seconds
[2026-06-16T15:44:16.619+0000] {processor.py:161} INFO - Started process (PID=16403) to work on /opt/airflow/dags/dag_08_gcp_taxi.py
[2026-06-16T15:44:16.620+0000] {processor.py:830} INFO - Processing file /opt/airflow/dags/dag_08_gcp_taxi.py for tasks to queue
[2026-06-16T15:44:16.622+0000] {logging_mixin.py:188} INFO - [2026-06-16T15:44:16.621+0000] {dagbag.py:545} INFO - Filling up the DagBag from /opt/airflow/dags/dag_08_gcp_taxi.py
[2026-06-16T15:44:16.633+0000] {processor.py:840} INFO - DAG(s) '08_gcp_taxi' retrieved from /opt/airflow/dags/dag_08_gcp_taxi.py
[2026-06-16T15:44:16.685+0000] {logging_mixin.py:188} INFO - [2026-06-16T15:44:16.684+0000] {dag.py:3089} INFO - Sync 1 DAGs
[2026-06-16T15:44:16.698+0000] {logging_mixin.py:188} INFO - [2026-06-16T15:44:16.697+0000] {dag.py:3947} INFO - Setting next_dagrun for 08_gcp_taxi to None, run_after=None
[2026-06-16T15:44:16.722+0000] {processor.py:183} INFO - Processing /opt/airflow/dags/dag_08_gcp_taxi.py took 0.112 seconds
[2026-06-16T15:44:47.538+0000] {processor.py:161} INFO - Started process (PID=16443) to work on /opt/airflow/dags/dag_08_gcp_taxi.py
[2026-06-16T15:44:47.540+0000] {processor.py:830} INFO - Processing file /opt/airflow/dags/dag_08_gcp_taxi.py for tasks to queue
[2026-06-16T15:44:47.542+0000] {logging_mixin.py:188} INFO - [2026-06-16T15:44:47.542+0000] {dagbag.py:545} INFO - Filling up the DagBag from /opt/airflow/dags/dag_08_gcp_taxi.py
[2026-06-16T15:44:47.554+0000] {processor.py:840} INFO - DAG(s) '08_gcp_taxi' retrieved from /opt/airflow/dags/dag_08_gcp_taxi.py
[2026-06-16T15:44:47.605+0000] {logging_mixin.py:188} INFO - [2026-06-16T15:44:47.604+0000] {dag.py:3089} INFO - Sync 1 DAGs
[2026-06-16T15:44:47.618+0000] {logging_mixin.py:188} INFO - [2026-06-16T15:44:47.618+0000] {dag.py:3947} INFO - Setting next_dagrun for 08_gcp_taxi to None, run_after=None
[2026-06-16T15:44:47.642+0000] {processor.py:183} INFO - Processing /opt/airflow/dags/dag_08_gcp_taxi.py took 0.111 seconds
[2026-06-16T15:45:17.743+0000] {processor.py:161} INFO - Started process (PID=16483) to work on /opt/airflow/dags/dag_08_gcp_taxi.py
[2026-06-16T15:45:17.744+0000] {processor.py:830} INFO - Processing file /opt/airflow/dags/dag_08_gcp_taxi.py for tasks to queue
[2026-06-16T15:45:17.746+0000] {logging_mixin.py:188} INFO - [2026-06-16T15:45:17.746+0000] {dagbag.py:545} INFO - Filling up the DagBag from /opt/airflow/dags/dag_08_gcp_taxi.py
[2026-06-16T15:45:17.757+0000] {processor.py:840} INFO - DAG(s) '08_gcp_taxi' retrieved from /opt/airflow/dags/dag_08_gcp_taxi.py
[2026-06-16T15:45:17.816+0000] {logging_mixin.py:188} INFO - [2026-06-16T15:45:17.816+0000] {dag.py:3089} INFO - Sync 1 DAGs
[2026-06-16T15:45:17.833+0000] {logging_mixin.py:188} INFO - [2026-06-16T15:45:17.833+0000] {dag.py:3947} INFO - Setting next_dagrun for 08_gcp_taxi to None, run_after=None
[2026-06-16T15:45:17.856+0000] {processor.py:183} INFO - Processing /opt/airflow/dags/dag_08_gcp_taxi.py took 0.120 seconds
[2026-06-16T15:45:47.977+0000] {processor.py:161} INFO - Started process (PID=16523) to work on /opt/airflow/dags/dag_08_gcp_taxi.py
[2026-06-16T15:45:47.988+0000] {processor.py:830} INFO - Processing file /opt/airflow/dags/dag_08_gcp_taxi.py for tasks to queue
[2026-06-16T15:45:47.990+0000] {logging_mixin.py:188} INFO - [2026-06-16T15:45:47.990+0000] {dagbag.py:545} INFO - Filling up the DagBag from /opt/airflow/dags/dag_08_gcp_taxi.py
[2026-06-16T15:45:48.002+0000] {processor.py:840} INFO - DAG(s) '08_gcp_taxi' retrieved from /opt/airflow/dags/dag_08_gcp_taxi.py
[2026-06-16T15:45:48.056+0000] {logging_mixin.py:188} INFO - [2026-06-16T15:45:48.055+0000] {dag.py:3089} INFO - Sync 1 DAGs
[2026-06-16T15:45:48.073+0000] {logging_mixin.py:188} INFO - [2026-06-16T15:45:48.072+0000] {dag.py:3947} INFO - Setting next_dagrun for 08_gcp_taxi to None, run_after=None
[2026-06-16T15:45:48.096+0000] {processor.py:183} INFO - Processing /opt/airflow/dags/dag_08_gcp_taxi.py took 0.125 seconds
[2026-06-16T15:46:18.180+0000] {processor.py:161} INFO - Started process (PID=16563) to work on /opt/airflow/dags/dag_08_gcp_taxi.py
[2026-06-16T15:46:18.181+0000] {processor.py:830} INFO - Processing file /opt/airflow/dags/dag_08_gcp_taxi.py for tasks to queue
[2026-06-16T15:46:18.183+0000] {logging_mixin.py:188} INFO - [2026-06-16T15:46:18.183+0000] {dagbag.py:545} INFO - Filling up the DagBag from /opt/airflow/dags/dag_08_gcp_taxi.py
[2026-06-16T15:46:18.197+0000] {processor.py:840} INFO - DAG(s) '08_gcp_taxi' retrieved from /opt/airflow/dags/dag_08_gcp_taxi.py
[2026-06-16T15:46:18.255+0000] {logging_mixin.py:188} INFO - [2026-06-16T15:46:18.255+0000] {dag.py:3089} INFO - Sync 1 DAGs
[2026-06-16T15:46:18.273+0000] {logging_mixin.py:188} INFO - [2026-06-16T15:46:18.273+0000] {dag.py:3947} INFO - Setting next_dagrun for 08_gcp_taxi to None, run_after=None
[2026-06-16T15:46:18.298+0000] {processor.py:183} INFO - Processing /opt/airflow/dags/dag_08_gcp_taxi.py took 0.125 seconds
[2026-06-16T15:46:48.353+0000] {processor.py:161} INFO - Started process (PID=16603) to work on /opt/airflow/dags/dag_08_gcp_taxi.py
[2026-06-16T15:46:48.363+0000] {processor.py:830} INFO - Processing file /opt/airflow/dags/dag_08_gcp_taxi.py for tasks to queue
[2026-06-16T15:46:48.365+0000] {logging_mixin.py:188} INFO - [2026-06-16T15:46:48.365+0000] {dagbag.py:545} INFO - Filling up the DagBag from /opt/airflow/dags/dag_08_gcp_taxi.py
[2026-06-16T15:46:48.376+0000] {processor.py:840} INFO - DAG(s) '08_gcp_taxi' retrieved from /opt/airflow/dags/dag_08_gcp_taxi.py
[2026-06-16T15:46:48.428+0000] {logging_mixin.py:188} INFO - [2026-06-16T15:46:48.428+0000] {dag.py:3089} INFO - Sync 1 DAGs
[2026-06-16T15:46:48.442+0000] {logging_mixin.py:188} INFO - [2026-06-16T15:46:48.441+0000] {dag.py:3947} INFO - Setting next_dagrun for 08_gcp_taxi to None, run_after=None
[2026-06-16T15:46:48.466+0000] {processor.py:183} INFO - Processing /opt/airflow/dags/dag_08_gcp_taxi.py took 0.119 seconds
[2026-06-16T15:47:19.368+0000] {processor.py:161} INFO - Started process (PID=16643) to work on /opt/airflow/dags/dag_08_gcp_taxi.py
[2026-06-16T15:47:19.370+0000] {processor.py:830} INFO - Processing file /opt/airflow/dags/dag_08_gcp_taxi.py for tasks to queue
[2026-06-16T15:47:19.371+0000] {logging_mixin.py:188} INFO - [2026-06-16T15:47:19.371+0000] {dagbag.py:545} INFO - Filling up the DagBag from /opt/airflow/dags/dag_08_gcp_taxi.py
[2026-06-16T15:47:19.383+0000] {processor.py:840} INFO - DAG(s) '08_gcp_taxi' retrieved from /opt/airflow/dags/dag_08_gcp_taxi.py
[2026-06-16T15:47:19.438+0000] {logging_mixin.py:188} INFO - [2026-06-16T15:47:19.438+0000] {dag.py:3089} INFO - Sync 1 DAGs
[2026-06-16T15:47:19.455+0000] {logging_mixin.py:188} INFO - [2026-06-16T15:47:19.455+0000] {dag.py:3947} INFO - Setting next_dagrun for 08_gcp_taxi to None, run_after=None
[2026-06-16T15:47:19.478+0000] {processor.py:183} INFO - Processing /opt/airflow/dags/dag_08_gcp_taxi.py took 0.116 seconds
[2026-06-16T15:47:50.305+0000] {processor.py:161} INFO - Started process (PID=16683) to work on /opt/airflow/dags/dag_08_gcp_taxi.py
[2026-06-16T15:47:50.307+0000] {processor.py:830} INFO - Processing file /opt/airflow/dags/dag_08_gcp_taxi.py for tasks to queue
[2026-06-16T15:47:50.309+0000] {logging_mixin.py:188} INFO - [2026-06-16T15:47:50.309+0000] {dagbag.py:545} INFO - Filling up the DagBag from /opt/airflow/dags/dag_08_gcp_taxi.py
[2026-06-16T15:47:50.322+0000] {processor.py:840} INFO - DAG(s) '08_gcp_taxi' retrieved from /opt/airflow/dags/dag_08_gcp_taxi.py
[2026-06-16T15:47:50.378+0000] {logging_mixin.py:188} INFO - [2026-06-16T15:47:50.378+0000] {dag.py:3089} INFO - Sync 1 DAGs
[2026-06-16T15:47:50.397+0000] {logging_mixin.py:188} INFO - [2026-06-16T15:47:50.396+0000] {dag.py:3947} INFO - Setting next_dagrun for 08_gcp_taxi to None, run_after=None
[2026-06-16T15:47:50.420+0000] {processor.py:183} INFO - Processing /opt/airflow/dags/dag_08_gcp_taxi.py took 0.123 seconds
[2026-06-16T15:48:20.533+0000] {processor.py:161} INFO - Started process (PID=16723) to work on /opt/airflow/dags/dag_08_gcp_taxi.py
[2026-06-16T15:48:20.534+0000] {processor.py:830} INFO - Processing file /opt/airflow/dags/dag_08_gcp_taxi.py for tasks to queue
[2026-06-16T15:48:20.537+0000] {logging_mixin.py:188} INFO - [2026-06-16T15:48:20.536+0000] {dagbag.py:545} INFO - Filling up the DagBag from /opt/airflow/dags/dag_08_gcp_taxi.py
[2026-06-16T15:48:20.550+0000] {processor.py:840} INFO - DAG(s) '08_gcp_taxi' retrieved from /opt/airflow/dags/dag_08_gcp_taxi.py
[2026-06-16T15:48:20.604+0000] {logging_mixin.py:188} INFO - [2026-06-16T15:48:20.604+0000] {dag.py:3089} INFO - Sync 1 DAGs
[2026-06-16T15:48:20.620+0000] {logging_mixin.py:188} INFO - [2026-06-16T15:48:20.620+0000] {dag.py:3947} INFO - Setting next_dagrun for 08_gcp_taxi to None, run_after=None
[2026-06-16T15:48:20.643+0000] {processor.py:183} INFO - Processing /opt/airflow/dags/dag_08_gcp_taxi.py took 0.117 seconds
[2026-06-16T15:48:50.684+0000] {processor.py:161} INFO - Started process (PID=16763) to work on /opt/airflow/dags/dag_08_gcp_taxi.py
[2026-06-16T15:48:50.694+0000] {processor.py:830} INFO - Processing file /opt/airflow/dags/dag_08_gcp_taxi.py for tasks to queue
[2026-06-16T15:48:50.696+0000] {logging_mixin.py:188} INFO - [2026-06-16T15:48:50.696+0000] {dagbag.py:545} INFO - Filling up the DagBag from /opt/airflow/dags/dag_08_gcp_taxi.py
[2026-06-16T15:48:50.707+0000] {processor.py:840} INFO - DAG(s) '08_gcp_taxi' retrieved from /opt/airflow/dags/dag_08_gcp_taxi.py
[2026-06-16T15:48:50.758+0000] {logging_mixin.py:188} INFO - [2026-06-16T15:48:50.758+0000] {dag.py:3089} INFO - Sync 1 DAGs
[2026-06-16T15:48:50.772+0000] {logging_mixin.py:188} INFO - [2026-06-16T15:48:50.772+0000] {dag.py:3947} INFO - Setting next_dagrun for 08_gcp_taxi to None, run_after=None
[2026-06-16T15:48:50.796+0000] {processor.py:183} INFO - Processing /opt/airflow/dags/dag_08_gcp_taxi.py took 0.119 seconds
[2026-06-16T15:49:20.828+0000] {processor.py:161} INFO - Started process (PID=16803) to work on /opt/airflow/dags/dag_08_gcp_taxi.py
[2026-06-16T15:49:20.830+0000] {processor.py:830} INFO - Processing file /opt/airflow/dags/dag_08_gcp_taxi.py for tasks to queue
[2026-06-16T15:49:20.832+0000] {logging_mixin.py:188} INFO - [2026-06-16T15:49:20.832+0000] {dagbag.py:545} INFO - Filling up the DagBag from /opt/airflow/dags/dag_08_gcp_taxi.py
[2026-06-16T15:49:20.843+0000] {processor.py:840} INFO - DAG(s) '08_gcp_taxi' retrieved from /opt/airflow/dags/dag_08_gcp_taxi.py
[2026-06-16T15:49:20.894+0000] {logging_mixin.py:188} INFO - [2026-06-16T15:49:20.894+0000] {dag.py:3089} INFO - Sync 1 DAGs
[2026-06-16T15:49:20.909+0000] {logging_mixin.py:188} INFO - [2026-06-16T15:49:20.908+0000] {dag.py:3947} INFO - Setting next_dagrun for 08_gcp_taxi to None, run_after=None
[2026-06-16T15:49:20.932+0000] {processor.py:183} INFO - Processing /opt/airflow/dags/dag_08_gcp_taxi.py took 0.110 seconds
[2026-06-16T15:49:51.758+0000] {processor.py:161} INFO - Started process (PID=16843) to work on /opt/airflow/dags/dag_08_gcp_taxi.py
[2026-06-16T15:49:51.760+0000] {processor.py:830} INFO - Processing file /opt/airflow/dags/dag_08_gcp_taxi.py for tasks to queue
[2026-06-16T15:49:51.762+0000] {logging_mixin.py:188} INFO - [2026-06-16T15:49:51.761+0000] {dagbag.py:545} INFO - Filling up the DagBag from /opt/airflow/dags/dag_08_gcp_taxi.py
[2026-06-16T15:49:51.776+0000] {processor.py:840} INFO - DAG(s) '08_gcp_taxi' retrieved from /opt/airflow/dags/dag_08_gcp_taxi.py
[2026-06-16T15:49:51.838+0000] {logging_mixin.py:188} INFO - [2026-06-16T15:49:51.838+0000] {dag.py:3089} INFO - Sync 1 DAGs
[2026-06-16T15:49:51.856+0000] {logging_mixin.py:188} INFO - [2026-06-16T15:49:51.856+0000] {dag.py:3947} INFO - Setting next_dagrun for 08_gcp_taxi to None, run_after=None
[2026-06-16T15:49:51.878+0000] {processor.py:183} INFO - Processing /opt/airflow/dags/dag_08_gcp_taxi.py took 0.127 seconds
[2026-06-16T15:50:22.848+0000] {processor.py:161} INFO - Started process (PID=16883) to work on /opt/airflow/dags/dag_08_gcp_taxi.py
[2026-06-16T15:50:22.849+0000] {processor.py:830} INFO - Processing file /opt/airflow/dags/dag_08_gcp_taxi.py for tasks to queue
[2026-06-16T15:50:22.851+0000] {logging_mixin.py:188} INFO - [2026-06-16T15:50:22.851+0000] {dagbag.py:545} INFO - Filling up the DagBag from /opt/airflow/dags/dag_08_gcp_taxi.py
[2026-06-16T15:50:22.862+0000] {processor.py:840} INFO - DAG(s) '08_gcp_taxi' retrieved from /opt/airflow/dags/dag_08_gcp_taxi.py
[2026-06-16T15:50:22.915+0000] {logging_mixin.py:188} INFO - [2026-06-16T15:50:22.915+0000] {dag.py:3089} INFO - Sync 1 DAGs
[2026-06-16T15:50:22.932+0000] {logging_mixin.py:188} INFO - [2026-06-16T15:50:22.932+0000] {dag.py:3947} INFO - Setting next_dagrun for 08_gcp_taxi to None, run_after=None
[2026-06-16T15:50:22.956+0000] {processor.py:183} INFO - Processing /opt/airflow/dags/dag_08_gcp_taxi.py took 0.115 seconds
[2026-06-16T15:50:53.772+0000] {processor.py:161} INFO - Started process (PID=16923) to work on /opt/airflow/dags/dag_08_gcp_taxi.py
[2026-06-16T15:50:53.775+0000] {processor.py:830} INFO - Processing file /opt/airflow/dags/dag_08_gcp_taxi.py for tasks to queue
[2026-06-16T15:50:53.777+0000] {logging_mixin.py:188} INFO - [2026-06-16T15:50:53.776+0000] {dagbag.py:545} INFO - Filling up the DagBag from /opt/airflow/dags/dag_08_gcp_taxi.py
[2026-06-16T15:50:53.788+0000] {processor.py:840} INFO - DAG(s) '08_gcp_taxi' retrieved from /opt/airflow/dags/dag_08_gcp_taxi.py
[2026-06-16T15:50:53.848+0000] {logging_mixin.py:188} INFO - [2026-06-16T15:50:53.848+0000] {dag.py:3089} INFO - Sync 1 DAGs
[2026-06-16T15:50:53.871+0000] {logging_mixin.py:188} INFO - [2026-06-16T15:50:53.871+0000] {dag.py:3947} INFO - Setting next_dagrun for 08_gcp_taxi to None, run_after=None
[2026-06-16T15:50:53.897+0000] {processor.py:183} INFO - Processing /opt/airflow/dags/dag_08_gcp_taxi.py took 0.131 seconds
[2026-06-16T15:51:24.664+0000] {processor.py:161} INFO - Started process (PID=16963) to work on /opt/airflow/dags/dag_08_gcp_taxi.py
[2026-06-16T15:51:24.665+0000] {processor.py:830} INFO - Processing file /opt/airflow/dags/dag_08_gcp_taxi.py for tasks to queue
[2026-06-16T15:51:24.667+0000] {logging_mixin.py:188} INFO - [2026-06-16T15:51:24.667+0000] {dagbag.py:545} INFO - Filling up the DagBag from /opt/airflow/dags/dag_08_gcp_taxi.py
[2026-06-16T15:51:24.678+0000] {processor.py:840} INFO - DAG(s) '08_gcp_taxi' retrieved from /opt/airflow/dags/dag_08_gcp_taxi.py
[2026-06-16T15:51:24.731+0000] {logging_mixin.py:188} INFO - [2026-06-16T15:51:24.731+0000] {dag.py:3089} INFO - Sync 1 DAGs
[2026-06-16T15:51:24.746+0000] {logging_mixin.py:188} INFO - [2026-06-16T15:51:24.745+0000] {dag.py:3947} INFO - Setting next_dagrun for 08_gcp_taxi to None, run_after=None
[2026-06-16T15:51:24.768+0000] {processor.py:183} INFO - Processing /opt/airflow/dags/dag_08_gcp_taxi.py took 0.111 seconds
[2026-06-16T15:51:54.808+0000] {processor.py:161} INFO - Started process (PID=17003) to work on /opt/airflow/dags/dag_08_gcp_taxi.py
[2026-06-16T15:51:54.819+0000] {processor.py:830} INFO - Processing file /opt/airflow/dags/dag_08_gcp_taxi.py for tasks to queue
[2026-06-16T15:51:54.820+0000] {logging_mixin.py:188} INFO - [2026-06-16T15:51:54.820+0000] {dagbag.py:545} INFO - Filling up the DagBag from /opt/airflow/dags/dag_08_gcp_taxi.py
[2026-06-16T15:51:54.832+0000] {processor.py:840} INFO - DAG(s) '08_gcp_taxi' retrieved from /opt/airflow/dags/dag_08_gcp_taxi.py
[2026-06-16T15:51:54.883+0000] {logging_mixin.py:188} INFO - [2026-06-16T15:51:54.883+0000] {dag.py:3089} INFO - Sync 1 DAGs
[2026-06-16T15:51:54.899+0000] {logging_mixin.py:188} INFO - [2026-06-16T15:51:54.898+0000] {dag.py:3947} INFO - Setting next_dagrun for 08_gcp_taxi to None, run_after=None
[2026-06-16T15:51:54.920+0000] {processor.py:183} INFO - Processing /opt/airflow/dags/dag_08_gcp_taxi.py took 0.118 seconds
[2026-06-16T15:52:25.053+0000] {processor.py:161} INFO - Started process (PID=17043) to work on /opt/airflow/dags/dag_08_gcp_taxi.py
[2026-06-16T15:52:25.055+0000] {processor.py:830} INFO - Processing file /opt/airflow/dags/dag_08_gcp_taxi.py for tasks to queue
[2026-06-16T15:52:25.057+0000] {logging_mixin.py:188} INFO - [2026-06-16T15:52:25.057+0000] {dagbag.py:545} INFO - Filling up the DagBag from /opt/airflow/dags/dag_08_gcp_taxi.py
[2026-06-16T15:52:25.071+0000] {processor.py:840} INFO - DAG(s) '08_gcp_taxi' retrieved from /opt/airflow/dags/dag_08_gcp_taxi.py
[2026-06-16T15:52:25.125+0000] {logging_mixin.py:188} INFO - [2026-06-16T15:52:25.125+0000] {dag.py:3089} INFO - Sync 1 DAGs
[2026-06-16T15:52:25.142+0000] {logging_mixin.py:188} INFO - [2026-06-16T15:52:25.142+0000] {dag.py:3947} INFO - Setting next_dagrun for 08_gcp_taxi to None, run_after=None
[2026-06-16T15:52:25.165+0000] {processor.py:183} INFO - Processing /opt/airflow/dags/dag_08_gcp_taxi.py took 0.119 seconds
[2026-06-16T15:52:55.237+0000] {processor.py:161} INFO - Started process (PID=17083) to work on /opt/airflow/dags/dag_08_gcp_taxi.py
[2026-06-16T15:52:55.248+0000] {processor.py:830} INFO - Processing file /opt/airflow/dags/dag_08_gcp_taxi.py for tasks to queue
[2026-06-16T15:52:55.250+0000] {logging_mixin.py:188} INFO - [2026-06-16T15:52:55.250+0000] {dagbag.py:545} INFO - Filling up the DagBag from /opt/airflow/dags/dag_08_gcp_taxi.py
[2026-06-16T15:52:55.261+0000] {processor.py:840} INFO - DAG(s) '08_gcp_taxi' retrieved from /opt/airflow/dags/dag_08_gcp_taxi.py
[2026-06-16T15:52:55.313+0000] {logging_mixin.py:188} INFO - [2026-06-16T15:52:55.313+0000] {dag.py:3089} INFO - Sync 1 DAGs
[2026-06-16T15:52:55.328+0000] {logging_mixin.py:188} INFO - [2026-06-16T15:52:55.327+0000] {dag.py:3947} INFO - Setting next_dagrun for 08_gcp_taxi to None, run_after=None
[2026-06-16T15:52:55.351+0000] {processor.py:183} INFO - Processing /opt/airflow/dags/dag_08_gcp_taxi.py took 0.120 seconds
[2026-06-16T15:53:25.437+0000] {processor.py:161} INFO - Started process (PID=17123) to work on /opt/airflow/dags/dag_08_gcp_taxi.py
[2026-06-16T15:53:25.438+0000] {processor.py:830} INFO - Processing file /opt/airflow/dags/dag_08_gcp_taxi.py for tasks to queue
[2026-06-16T15:53:25.440+0000] {logging_mixin.py:188} INFO - [2026-06-16T15:53:25.440+0000] {dagbag.py:545} INFO - Filling up the DagBag from /opt/airflow/dags/dag_08_gcp_taxi.py
[2026-06-16T15:53:25.452+0000] {processor.py:840} INFO - DAG(s) '08_gcp_taxi' retrieved from /opt/airflow/dags/dag_08_gcp_taxi.py
[2026-06-16T15:53:25.504+0000] {logging_mixin.py:188} INFO - [2026-06-16T15:53:25.504+0000] {dag.py:3089} INFO - Sync 1 DAGs
[2026-06-16T15:53:25.518+0000] {logging_mixin.py:188} INFO - [2026-06-16T15:53:25.517+0000] {dag.py:3947} INFO - Setting next_dagrun for 08_gcp_taxi to None, run_after=None
[2026-06-16T15:53:25.541+0000] {processor.py:183} INFO - Processing /opt/airflow/dags/dag_08_gcp_taxi.py took 0.113 seconds
[2026-06-16T15:53:55.603+0000] {processor.py:161} INFO - Started process (PID=17163) to work on /opt/airflow/dags/dag_08_gcp_taxi.py
[2026-06-16T15:53:55.613+0000] {processor.py:830} INFO - Processing file /opt/airflow/dags/dag_08_gcp_taxi.py for tasks to queue
[2026-06-16T15:53:55.615+0000] {logging_mixin.py:188} INFO - [2026-06-16T15:53:55.614+0000] {dagbag.py:545} INFO - Filling up the DagBag from /opt/airflow/dags/dag_08_gcp_taxi.py
[2026-06-16T15:53:55.626+0000] {processor.py:840} INFO - DAG(s) '08_gcp_taxi' retrieved from /opt/airflow/dags/dag_08_gcp_taxi.py
[2026-06-16T15:53:55.678+0000] {logging_mixin.py:188} INFO - [2026-06-16T15:53:55.677+0000] {dag.py:3089} INFO - Sync 1 DAGs
[2026-06-16T15:53:55.692+0000] {logging_mixin.py:188} INFO - [2026-06-16T15:53:55.692+0000] {dag.py:3947} INFO - Setting next_dagrun for 08_gcp_taxi to None, run_after=None
[2026-06-16T15:53:55.716+0000] {processor.py:183} INFO - Processing /opt/airflow/dags/dag_08_gcp_taxi.py took 0.120 seconds
[2026-06-16T15:54:25.770+0000] {processor.py:161} INFO - Started process (PID=17203) to work on /opt/airflow/dags/dag_08_gcp_taxi.py
[2026-06-16T15:54:25.772+0000] {processor.py:830} INFO - Processing file /opt/airflow/dags/dag_08_gcp_taxi.py for tasks to queue
[2026-06-16T15:54:25.774+0000] {logging_mixin.py:188} INFO - [2026-06-16T15:54:25.773+0000] {dagbag.py:545} INFO - Filling up the DagBag from /opt/airflow/dags/dag_08_gcp_taxi.py
[2026-06-16T15:54:25.785+0000] {processor.py:840} INFO - DAG(s) '08_gcp_taxi' retrieved from /opt/airflow/dags/dag_08_gcp_taxi.py
[2026-06-16T15:54:25.835+0000] {logging_mixin.py:188} INFO - [2026-06-16T15:54:25.835+0000] {dag.py:3089} INFO - Sync 1 DAGs
[2026-06-16T15:54:25.849+0000] {logging_mixin.py:188} INFO - [2026-06-16T15:54:25.848+0000] {dag.py:3947} INFO - Setting next_dagrun for 08_gcp_taxi to None, run_after=None
[2026-06-16T15:54:25.872+0000] {processor.py:183} INFO - Processing /opt/airflow/dags/dag_08_gcp_taxi.py took 0.109 seconds
[2026-06-16T15:54:55.959+0000] {processor.py:161} INFO - Started process (PID=17243) to work on /opt/airflow/dags/dag_08_gcp_taxi.py
[2026-06-16T15:54:55.961+0000] {processor.py:830} INFO - Processing file /opt/airflow/dags/dag_08_gcp_taxi.py for tasks to queue
[2026-06-16T15:54:55.963+0000] {logging_mixin.py:188} INFO - [2026-06-16T15:54:55.963+0000] {dagbag.py:545} INFO - Filling up the DagBag from /opt/airflow/dags/dag_08_gcp_taxi.py
[2026-06-16T15:54:55.975+0000] {processor.py:840} INFO - DAG(s) '08_gcp_taxi' retrieved from /opt/airflow/dags/dag_08_gcp_taxi.py
[2026-06-16T15:54:56.032+0000] {logging_mixin.py:188} INFO - [2026-06-16T15:54:56.031+0000] {dag.py:3089} INFO - Sync 1 DAGs
[2026-06-16T15:54:56.048+0000] {logging_mixin.py:188} INFO - [2026-06-16T15:54:56.047+0000] {dag.py:3947} INFO - Setting next_dagrun for 08_gcp_taxi to None, run_after=None
[2026-06-16T15:54:56.074+0000] {processor.py:183} INFO - Processing /opt/airflow/dags/dag_08_gcp_taxi.py took 0.121 seconds
[2026-06-16T15:55:26.159+0000] {processor.py:161} INFO - Started process (PID=17283) to work on /opt/airflow/dags/dag_08_gcp_taxi.py
[2026-06-16T15:55:26.169+0000] {processor.py:830} INFO - Processing file /opt/airflow/dags/dag_08_gcp_taxi.py for tasks to queue
[2026-06-16T15:55:26.171+0000] {logging_mixin.py:188} INFO - [2026-06-16T15:55:26.171+0000] {dagbag.py:545} INFO - Filling up the DagBag from /opt/airflow/dags/dag_08_gcp_taxi.py
[2026-06-16T15:55:26.182+0000] {processor.py:840} INFO - DAG(s) '08_gcp_taxi' retrieved from /opt/airflow/dags/dag_08_gcp_taxi.py
[2026-06-16T15:55:26.232+0000] {logging_mixin.py:188} INFO - [2026-06-16T15:55:26.232+0000] {dag.py:3089} INFO - Sync 1 DAGs
[2026-06-16T15:55:26.246+0000] {logging_mixin.py:188} INFO - [2026-06-16T15:55:26.245+0000] {dag.py:3947} INFO - Setting next_dagrun for 08_gcp_taxi to None, run_after=None
[2026-06-16T15:55:26.270+0000] {processor.py:183} INFO - Processing /opt/airflow/dags/dag_08_gcp_taxi.py took 0.117 seconds
[2026-06-16T15:55:56.374+0000] {processor.py:161} INFO - Started process (PID=17323) to work on /opt/airflow/dags/dag_08_gcp_taxi.py
[2026-06-16T15:55:56.375+0000] {processor.py:830} INFO - Processing file /opt/airflow/dags/dag_08_gcp_taxi.py for tasks to queue
[2026-06-16T15:55:56.377+0000] {logging_mixin.py:188} INFO - [2026-06-16T15:55:56.377+0000] {dagbag.py:545} INFO - Filling up the DagBag from /opt/airflow/dags/dag_08_gcp_taxi.py
[2026-06-16T15:55:56.388+0000] {processor.py:840} INFO - DAG(s) '08_gcp_taxi' retrieved from /opt/airflow/dags/dag_08_gcp_taxi.py
[2026-06-16T15:55:56.439+0000] {logging_mixin.py:188} INFO - [2026-06-16T15:55:56.439+0000] {dag.py:3089} INFO - Sync 1 DAGs
[2026-06-16T15:55:56.453+0000] {logging_mixin.py:188} INFO - [2026-06-16T15:55:56.453+0000] {dag.py:3947} INFO - Setting next_dagrun for 08_gcp_taxi to None, run_after=None
[2026-06-16T15:55:56.476+0000] {processor.py:183} INFO - Processing /opt/airflow/dags/dag_08_gcp_taxi.py took 0.109 seconds
[2026-06-16T15:56:26.541+0000] {processor.py:161} INFO - Started process (PID=17363) to work on /opt/airflow/dags/dag_08_gcp_taxi.py
[2026-06-16T15:56:26.552+0000] {processor.py:830} INFO - Processing file /opt/airflow/dags/dag_08_gcp_taxi.py for tasks to queue
[2026-06-16T15:56:26.554+0000] {logging_mixin.py:188} INFO - [2026-06-16T15:56:26.554+0000] {dagbag.py:545} INFO - Filling up the DagBag from /opt/airflow/dags/dag_08_gcp_taxi.py
[2026-06-16T15:56:26.565+0000] {processor.py:840} INFO - DAG(s) '08_gcp_taxi' retrieved from /opt/airflow/dags/dag_08_gcp_taxi.py
[2026-06-16T15:56:26.616+0000] {logging_mixin.py:188} INFO - [2026-06-16T15:56:26.616+0000] {dag.py:3089} INFO - Sync 1 DAGs
[2026-06-16T15:56:26.629+0000] {logging_mixin.py:188} INFO - [2026-06-16T15:56:26.628+0000] {dag.py:3947} INFO - Setting next_dagrun for 08_gcp_taxi to None, run_after=None
[2026-06-16T15:56:26.652+0000] {processor.py:183} INFO - Processing /opt/airflow/dags/dag_08_gcp_taxi.py took 0.118 seconds
[2026-06-16T15:56:57.422+0000] {processor.py:161} INFO - Started process (PID=17403) to work on /opt/airflow/dags/dag_08_gcp_taxi.py
[2026-06-16T15:56:57.425+0000] {processor.py:830} INFO - Processing file /opt/airflow/dags/dag_08_gcp_taxi.py for tasks to queue
[2026-06-16T15:56:57.427+0000] {logging_mixin.py:188} INFO - [2026-06-16T15:56:57.427+0000] {dagbag.py:545} INFO - Filling up the DagBag from /opt/airflow/dags/dag_08_gcp_taxi.py
[2026-06-16T15:56:57.440+0000] {processor.py:840} INFO - DAG(s) '08_gcp_taxi' retrieved from /opt/airflow/dags/dag_08_gcp_taxi.py
[2026-06-16T15:56:57.495+0000] {logging_mixin.py:188} INFO - [2026-06-16T15:56:57.495+0000] {dag.py:3089} INFO - Sync 1 DAGs
[2026-06-16T15:56:57.512+0000] {logging_mixin.py:188} INFO - [2026-06-16T15:56:57.511+0000] {dag.py:3947} INFO - Setting next_dagrun for 08_gcp_taxi to None, run_after=None
[2026-06-16T15:56:57.534+0000] {processor.py:183} INFO - Processing /opt/airflow/dags/dag_08_gcp_taxi.py took 0.121 seconds
[2026-06-16T15:57:27.622+0000] {processor.py:161} INFO - Started process (PID=17443) to work on /opt/airflow/dags/dag_08_gcp_taxi.py
[2026-06-16T15:57:27.623+0000] {processor.py:830} INFO - Processing file /opt/airflow/dags/dag_08_gcp_taxi.py for tasks to queue
[2026-06-16T15:57:27.625+0000] {logging_mixin.py:188} INFO - [2026-06-16T15:57:27.624+0000] {dagbag.py:545} INFO - Filling up the DagBag from /opt/airflow/dags/dag_08_gcp_taxi.py
[2026-06-16T15:57:27.636+0000] {processor.py:840} INFO - DAG(s) '08_gcp_taxi' retrieved from /opt/airflow/dags/dag_08_gcp_taxi.py
[2026-06-16T15:57:27.686+0000] {logging_mixin.py:188} INFO - [2026-06-16T15:57:27.685+0000] {dag.py:3089} INFO - Sync 1 DAGs
[2026-06-16T15:57:27.701+0000] {logging_mixin.py:188} INFO - [2026-06-16T15:57:27.701+0000] {dag.py:3947} INFO - Setting next_dagrun for 08_gcp_taxi to None, run_after=None
[2026-06-16T15:57:27.727+0000] {processor.py:183} INFO - Processing /opt/airflow/dags/dag_08_gcp_taxi.py took 0.112 seconds
[2026-06-16T15:57:58.682+0000] {processor.py:161} INFO - Started process (PID=17483) to work on /opt/airflow/dags/dag_08_gcp_taxi.py
[2026-06-16T15:57:58.684+0000] {processor.py:830} INFO - Processing file /opt/airflow/dags/dag_08_gcp_taxi.py for tasks to queue
[2026-06-16T15:57:58.685+0000] {logging_mixin.py:188} INFO - [2026-06-16T15:57:58.685+0000] {dagbag.py:545} INFO - Filling up the DagBag from /opt/airflow/dags/dag_08_gcp_taxi.py
[2026-06-16T15:57:58.697+0000] {processor.py:840} INFO - DAG(s) '08_gcp_taxi' retrieved from /opt/airflow/dags/dag_08_gcp_taxi.py
[2026-06-16T15:57:58.751+0000] {logging_mixin.py:188} INFO - [2026-06-16T15:57:58.751+0000] {dag.py:3089} INFO - Sync 1 DAGs
[2026-06-16T15:57:58.769+0000] {logging_mixin.py:188} INFO - [2026-06-16T15:57:58.769+0000] {dag.py:3947} INFO - Setting next_dagrun for 08_gcp_taxi to None, run_after=None
[2026-06-16T15:57:58.792+0000] {processor.py:183} INFO - Processing /opt/airflow/dags/dag_08_gcp_taxi.py took 0.119 seconds
[2026-06-16T15:58:28.880+0000] {processor.py:161} INFO - Started process (PID=17523) to work on /opt/airflow/dags/dag_08_gcp_taxi.py
[2026-06-16T15:58:28.881+0000] {processor.py:830} INFO - Processing file /opt/airflow/dags/dag_08_gcp_taxi.py for tasks to queue
[2026-06-16T15:58:28.884+0000] {logging_mixin.py:188} INFO - [2026-06-16T15:58:28.883+0000] {dagbag.py:545} INFO - Filling up the DagBag from /opt/airflow/dags/dag_08_gcp_taxi.py
[2026-06-16T15:58:28.897+0000] {processor.py:840} INFO - DAG(s) '08_gcp_taxi' retrieved from /opt/airflow/dags/dag_08_gcp_taxi.py
[2026-06-16T15:58:28.953+0000] {logging_mixin.py:188} INFO - [2026-06-16T15:58:28.953+0000] {dag.py:3089} INFO - Sync 1 DAGs
[2026-06-16T15:58:28.971+0000] {logging_mixin.py:188} INFO - [2026-06-16T15:58:28.970+0000] {dag.py:3947} INFO - Setting next_dagrun for 08_gcp_taxi to None, run_after=None
[2026-06-16T15:58:29.000+0000] {processor.py:183} INFO - Processing /opt/airflow/dags/dag_08_gcp_taxi.py took 0.129 seconds
[2026-06-16T15:58:59.106+0000] {processor.py:161} INFO - Started process (PID=17563) to work on /opt/airflow/dags/dag_08_gcp_taxi.py
[2026-06-16T15:58:59.116+0000] {processor.py:830} INFO - Processing file /opt/airflow/dags/dag_08_gcp_taxi.py for tasks to queue
[2026-06-16T15:58:59.119+0000] {logging_mixin.py:188} INFO - [2026-06-16T15:58:59.118+0000] {dagbag.py:545} INFO - Filling up the DagBag from /opt/airflow/dags/dag_08_gcp_taxi.py
[2026-06-16T15:58:59.129+0000] {processor.py:840} INFO - DAG(s) '08_gcp_taxi' retrieved from /opt/airflow/dags/dag_08_gcp_taxi.py
[2026-06-16T15:58:59.182+0000] {logging_mixin.py:188} INFO - [2026-06-16T15:58:59.182+0000] {dag.py:3089} INFO - Sync 1 DAGs
[2026-06-16T15:58:59.201+0000] {logging_mixin.py:188} INFO - [2026-06-16T15:58:59.200+0000] {dag.py:3947} INFO - Setting next_dagrun for 08_gcp_taxi to None, run_after=None
[2026-06-16T15:58:59.225+0000] {processor.py:183} INFO - Processing /opt/airflow/dags/dag_08_gcp_taxi.py took 0.125 seconds
[2026-06-16T15:59:29.318+0000] {processor.py:161} INFO - Started process (PID=17603) to work on /opt/airflow/dags/dag_08_gcp_taxi.py
[2026-06-16T15:59:29.319+0000] {processor.py:830} INFO - Processing file /opt/airflow/dags/dag_08_gcp_taxi.py for tasks to queue
[2026-06-16T15:59:29.321+0000] {logging_mixin.py:188} INFO - [2026-06-16T15:59:29.321+0000] {dagbag.py:545} INFO - Filling up the DagBag from /opt/airflow/dags/dag_08_gcp_taxi.py
[2026-06-16T15:59:29.334+0000] {processor.py:840} INFO - DAG(s) '08_gcp_taxi' retrieved from /opt/airflow/dags/dag_08_gcp_taxi.py
[2026-06-16T15:59:29.392+0000] {logging_mixin.py:188} INFO - [2026-06-16T15:59:29.392+0000] {dag.py:3089} INFO - Sync 1 DAGs
[2026-06-16T15:59:29.410+0000] {logging_mixin.py:188} INFO - [2026-06-16T15:59:29.410+0000] {dag.py:3947} INFO - Setting next_dagrun for 08_gcp_taxi to None, run_after=None
[2026-06-16T15:59:29.435+0000] {processor.py:183} INFO - Processing /opt/airflow/dags/dag_08_gcp_taxi.py took 0.124 seconds
[2026-06-16T15:59:59.552+0000] {processor.py:161} INFO - Started process (PID=17643) to work on /opt/airflow/dags/dag_08_gcp_taxi.py
[2026-06-16T15:59:59.554+0000] {processor.py:830} INFO - Processing file /opt/airflow/dags/dag_08_gcp_taxi.py for tasks to queue
[2026-06-16T15:59:59.556+0000] {logging_mixin.py:188} INFO - [2026-06-16T15:59:59.555+0000] {dagbag.py:545} INFO - Filling up the DagBag from /opt/airflow/dags/dag_08_gcp_taxi.py
[2026-06-16T15:59:59.569+0000] {processor.py:840} INFO - DAG(s) '08_gcp_taxi' retrieved from /opt/airflow/dags/dag_08_gcp_taxi.py
[2026-06-16T15:59:59.622+0000] {logging_mixin.py:188} INFO - [2026-06-16T15:59:59.622+0000] {dag.py:3089} INFO - Sync 1 DAGs
[2026-06-16T15:59:59.638+0000] {logging_mixin.py:188} INFO - [2026-06-16T15:59:59.638+0000] {dag.py:3947} INFO - Setting next_dagrun for 08_gcp_taxi to None, run_after=None
[2026-06-16T15:59:59.659+0000] {processor.py:183} INFO - Processing /opt/airflow/dags/dag_08_gcp_taxi.py took 0.115 seconds
[2026-06-16T16:00:29.736+0000] {processor.py:161} INFO - Started process (PID=17683) to work on /opt/airflow/dags/dag_08_gcp_taxi.py
[2026-06-16T16:00:29.737+0000] {processor.py:830} INFO - Processing file /opt/airflow/dags/dag_08_gcp_taxi.py for tasks to queue
[2026-06-16T16:00:29.739+0000] {logging_mixin.py:188} INFO - [2026-06-16T16:00:29.739+0000] {dagbag.py:545} INFO - Filling up the DagBag from /opt/airflow/dags/dag_08_gcp_taxi.py
[2026-06-16T16:00:29.750+0000] {processor.py:840} INFO - DAG(s) '08_gcp_taxi' retrieved from /opt/airflow/dags/dag_08_gcp_taxi.py
[2026-06-16T16:00:29.803+0000] {logging_mixin.py:188} INFO - [2026-06-16T16:00:29.803+0000] {dag.py:3089} INFO - Sync 1 DAGs
[2026-06-16T16:00:29.818+0000] {logging_mixin.py:188} INFO - [2026-06-16T16:00:29.818+0000] {dag.py:3947} INFO - Setting next_dagrun for 08_gcp_taxi to None, run_after=None
[2026-06-16T16:00:29.844+0000] {processor.py:183} INFO - Processing /opt/airflow/dags/dag_08_gcp_taxi.py took 0.114 seconds
[2026-06-16T16:00:59.884+0000] {processor.py:161} INFO - Started process (PID=17723) to work on /opt/airflow/dags/dag_08_gcp_taxi.py
[2026-06-16T16:00:59.894+0000] {processor.py:830} INFO - Processing file /opt/airflow/dags/dag_08_gcp_taxi.py for tasks to queue
[2026-06-16T16:00:59.896+0000] {logging_mixin.py:188} INFO - [2026-06-16T16:00:59.896+0000] {dagbag.py:545} INFO - Filling up the DagBag from /opt/airflow/dags/dag_08_gcp_taxi.py
[2026-06-16T16:00:59.907+0000] {processor.py:840} INFO - DAG(s) '08_gcp_taxi' retrieved from /opt/airflow/dags/dag_08_gcp_taxi.py
[2026-06-16T16:00:59.958+0000] {logging_mixin.py:188} INFO - [2026-06-16T16:00:59.958+0000] {dag.py:3089} INFO - Sync 1 DAGs
[2026-06-16T16:00:59.971+0000] {logging_mixin.py:188} INFO - [2026-06-16T16:00:59.971+0000] {dag.py:3947} INFO - Setting next_dagrun for 08_gcp_taxi to None, run_after=None
[2026-06-16T16:00:59.994+0000] {processor.py:183} INFO - Processing /opt/airflow/dags/dag_08_gcp_taxi.py took 0.116 seconds
[2026-06-16T16:01:30.059+0000] {processor.py:161} INFO - Started process (PID=17763) to work on /opt/airflow/dags/dag_08_gcp_taxi.py
[2026-06-16T16:01:30.060+0000] {processor.py:830} INFO - Processing file /opt/airflow/dags/dag_08_gcp_taxi.py for tasks to queue
[2026-06-16T16:01:30.063+0000] {logging_mixin.py:188} INFO - [2026-06-16T16:01:30.062+0000] {dagbag.py:545} INFO - Filling up the DagBag from /opt/airflow/dags/dag_08_gcp_taxi.py
[2026-06-16T16:01:30.076+0000] {processor.py:840} INFO - DAG(s) '08_gcp_taxi' retrieved from /opt/airflow/dags/dag_08_gcp_taxi.py
[2026-06-16T16:01:30.132+0000] {logging_mixin.py:188} INFO - [2026-06-16T16:01:30.132+0000] {dag.py:3089} INFO - Sync 1 DAGs
[2026-06-16T16:01:30.148+0000] {logging_mixin.py:188} INFO - [2026-06-16T16:01:30.148+0000] {dag.py:3947} INFO - Setting next_dagrun for 08_gcp_taxi to None, run_after=None
[2026-06-16T16:01:30.171+0000] {processor.py:183} INFO - Processing /opt/airflow/dags/dag_08_gcp_taxi.py took 0.119 seconds
[2026-06-16T16:02:00.276+0000] {processor.py:161} INFO - Started process (PID=17803) to work on /opt/airflow/dags/dag_08_gcp_taxi.py
[2026-06-16T16:02:00.278+0000] {processor.py:830} INFO - Processing file /opt/airflow/dags/dag_08_gcp_taxi.py for tasks to queue
[2026-06-16T16:02:00.280+0000] {logging_mixin.py:188} INFO - [2026-06-16T16:02:00.279+0000] {dagbag.py:545} INFO - Filling up the DagBag from /opt/airflow/dags/dag_08_gcp_taxi.py
[2026-06-16T16:02:00.291+0000] {processor.py:840} INFO - DAG(s) '08_gcp_taxi' retrieved from /opt/airflow/dags/dag_08_gcp_taxi.py
[2026-06-16T16:02:00.346+0000] {logging_mixin.py:188} INFO - [2026-06-16T16:02:00.346+0000] {dag.py:3089} INFO - Sync 1 DAGs
[2026-06-16T16:02:00.363+0000] {logging_mixin.py:188} INFO - [2026-06-16T16:02:00.363+0000] {dag.py:3947} INFO - Setting next_dagrun for 08_gcp_taxi to None, run_after=None
[2026-06-16T16:02:00.386+0000] {processor.py:183} INFO - Processing /opt/airflow/dags/dag_08_gcp_taxi.py took 0.116 seconds
[2026-06-16T16:02:30.544+0000] {processor.py:161} INFO - Started process (PID=17843) to work on /opt/airflow/dags/dag_08_gcp_taxi.py
[2026-06-16T16:02:30.545+0000] {processor.py:830} INFO - Processing file /opt/airflow/dags/dag_08_gcp_taxi.py for tasks to queue
[2026-06-16T16:02:30.547+0000] {logging_mixin.py:188} INFO - [2026-06-16T16:02:30.547+0000] {dagbag.py:545} INFO - Filling up the DagBag from /opt/airflow/dags/dag_08_gcp_taxi.py
[2026-06-16T16:02:30.558+0000] {processor.py:840} INFO - DAG(s) '08_gcp_taxi' retrieved from /opt/airflow/dags/dag_08_gcp_taxi.py
[2026-06-16T16:02:30.612+0000] {logging_mixin.py:188} INFO - [2026-06-16T16:02:30.612+0000] {dag.py:3089} INFO - Sync 1 DAGs
[2026-06-16T16:02:30.629+0000] {logging_mixin.py:188} INFO - [2026-06-16T16:02:30.628+0000] {dag.py:3947} INFO - Setting next_dagrun for 08_gcp_taxi to None, run_after=None
[2026-06-16T16:02:30.652+0000] {processor.py:183} INFO - Processing /opt/airflow/dags/dag_08_gcp_taxi.py took 0.115 seconds
[2026-06-16T16:03:01.556+0000] {processor.py:161} INFO - Started process (PID=17883) to work on /opt/airflow/dags/dag_08_gcp_taxi.py
[2026-06-16T16:03:01.566+0000] {processor.py:830} INFO - Processing file /opt/airflow/dags/dag_08_gcp_taxi.py for tasks to queue
[2026-06-16T16:03:01.568+0000] {logging_mixin.py:188} INFO - [2026-06-16T16:03:01.568+0000] {dagbag.py:545} INFO - Filling up the DagBag from /opt/airflow/dags/dag_08_gcp_taxi.py
[2026-06-16T16:03:01.579+0000] {processor.py:840} INFO - DAG(s) '08_gcp_taxi' retrieved from /opt/airflow/dags/dag_08_gcp_taxi.py
[2026-06-16T16:03:01.633+0000] {logging_mixin.py:188} INFO - [2026-06-16T16:03:01.632+0000] {dag.py:3089} INFO - Sync 1 DAGs
[2026-06-16T16:03:01.648+0000] {logging_mixin.py:188} INFO - [2026-06-16T16:03:01.647+0000] {dag.py:3947} INFO - Setting next_dagrun for 08_gcp_taxi to None, run_after=None
[2026-06-16T16:03:01.674+0000] {processor.py:183} INFO - Processing /opt/airflow/dags/dag_08_gcp_taxi.py took 0.125 seconds
[2026-06-16T16:03:32.619+0000] {processor.py:161} INFO - Started process (PID=17923) to work on /opt/airflow/dags/dag_08_gcp_taxi.py
[2026-06-16T16:03:32.621+0000] {processor.py:830} INFO - Processing file /opt/airflow/dags/dag_08_gcp_taxi.py for tasks to queue
[2026-06-16T16:03:32.625+0000] {logging_mixin.py:188} INFO - [2026-06-16T16:03:32.624+0000] {dagbag.py:545} INFO - Filling up the DagBag from /opt/airflow/dags/dag_08_gcp_taxi.py
[2026-06-16T16:03:32.642+0000] {processor.py:840} INFO - DAG(s) '08_gcp_taxi' retrieved from /opt/airflow/dags/dag_08_gcp_taxi.py
[2026-06-16T16:03:32.710+0000] {logging_mixin.py:188} INFO - [2026-06-16T16:03:32.710+0000] {dag.py:3089} INFO - Sync 1 DAGs
[2026-06-16T16:03:32.726+0000] {logging_mixin.py:188} INFO - [2026-06-16T16:03:32.726+0000] {dag.py:3947} INFO - Setting next_dagrun for 08_gcp_taxi to None, run_after=None
[2026-06-16T16:03:32.749+0000] {processor.py:183} INFO - Processing /opt/airflow/dags/dag_08_gcp_taxi.py took 0.139 seconds
[2026-06-16T16:04:03.597+0000] {processor.py:161} INFO - Started process (PID=17963) to work on /opt/airflow/dags/dag_08_gcp_taxi.py
[2026-06-16T16:04:03.607+0000] {processor.py:830} INFO - Processing file /opt/airflow/dags/dag_08_gcp_taxi.py for tasks to queue
[2026-06-16T16:04:03.609+0000] {logging_mixin.py:188} INFO - [2026-06-16T16:04:03.609+0000] {dagbag.py:545} INFO - Filling up the DagBag from /opt/airflow/dags/dag_08_gcp_taxi.py
[2026-06-16T16:04:03.621+0000] {processor.py:840} INFO - DAG(s) '08_gcp_taxi' retrieved from /opt/airflow/dags/dag_08_gcp_taxi.py
[2026-06-16T16:04:03.677+0000] {logging_mixin.py:188} INFO - [2026-06-16T16:04:03.677+0000] {dag.py:3089} INFO - Sync 1 DAGs
[2026-06-16T16:04:03.693+0000] {logging_mixin.py:188} INFO - [2026-06-16T16:04:03.693+0000] {dag.py:3947} INFO - Setting next_dagrun for 08_gcp_taxi to None, run_after=None
[2026-06-16T16:04:03.716+0000] {processor.py:183} INFO - Processing /opt/airflow/dags/dag_08_gcp_taxi.py took 0.127 seconds
[2026-06-16T16:04:34.597+0000] {processor.py:161} INFO - Started process (PID=18003) to work on /opt/airflow/dags/dag_08_gcp_taxi.py
[2026-06-16T16:04:34.598+0000] {processor.py:830} INFO - Processing file /opt/airflow/dags/dag_08_gcp_taxi.py for tasks to queue
[2026-06-16T16:04:34.601+0000] {logging_mixin.py:188} INFO - [2026-06-16T16:04:34.600+0000] {dagbag.py:545} INFO - Filling up the DagBag from /opt/airflow/dags/dag_08_gcp_taxi.py
[2026-06-16T16:04:34.613+0000] {processor.py:840} INFO - DAG(s) '08_gcp_taxi' retrieved from /opt/airflow/dags/dag_08_gcp_taxi.py
[2026-06-16T16:04:34.670+0000] {logging_mixin.py:188} INFO - [2026-06-16T16:04:34.670+0000] {dag.py:3089} INFO - Sync 1 DAGs
[2026-06-16T16:04:34.687+0000] {logging_mixin.py:188} INFO - [2026-06-16T16:04:34.687+0000] {dag.py:3947} INFO - Setting next_dagrun for 08_gcp_taxi to None, run_after=None
[2026-06-16T16:04:34.710+0000] {processor.py:183} INFO - Processing /opt/airflow/dags/dag_08_gcp_taxi.py took 0.121 seconds
[2026-06-16T16:05:05.545+0000] {processor.py:161} INFO - Started process (PID=18043) to work on /opt/airflow/dags/dag_08_gcp_taxi.py
[2026-06-16T16:05:05.548+0000] {processor.py:830} INFO - Processing file /opt/airflow/dags/dag_08_gcp_taxi.py for tasks to queue
[2026-06-16T16:05:05.551+0000] {logging_mixin.py:188} INFO - [2026-06-16T16:05:05.550+0000] {dagbag.py:545} INFO - Filling up the DagBag from /opt/airflow/dags/dag_08_gcp_taxi.py
[2026-06-16T16:05:05.565+0000] {processor.py:840} INFO - DAG(s) '08_gcp_taxi' retrieved from /opt/airflow/dags/dag_08_gcp_taxi.py
[2026-06-16T16:05:05.628+0000] {logging_mixin.py:188} INFO - [2026-06-16T16:05:05.628+0000] {dag.py:3089} INFO - Sync 1 DAGs
[2026-06-16T16:05:05.645+0000] {logging_mixin.py:188} INFO - [2026-06-16T16:05:05.645+0000] {dag.py:3947} INFO - Setting next_dagrun for 08_gcp_taxi to None, run_after=None
[2026-06-16T16:05:05.673+0000] {processor.py:183} INFO - Processing /opt/airflow/dags/dag_08_gcp_taxi.py took 0.138 seconds
[2026-06-16T16:05:35.742+0000] {processor.py:161} INFO - Started process (PID=18083) to work on /opt/airflow/dags/dag_08_gcp_taxi.py
[2026-06-16T16:05:35.744+0000] {processor.py:830} INFO - Processing file /opt/airflow/dags/dag_08_gcp_taxi.py for tasks to queue
[2026-06-16T16:05:35.747+0000] {logging_mixin.py:188} INFO - [2026-06-16T16:05:35.747+0000] {dagbag.py:545} INFO - Filling up the DagBag from /opt/airflow/dags/dag_08_gcp_taxi.py
[2026-06-16T16:05:35.760+0000] {processor.py:840} INFO - DAG(s) '08_gcp_taxi' retrieved from /opt/airflow/dags/dag_08_gcp_taxi.py
[2026-06-16T16:05:35.815+0000] {logging_mixin.py:188} INFO - [2026-06-16T16:05:35.815+0000] {dag.py:3089} INFO - Sync 1 DAGs
[2026-06-16T16:05:35.833+0000] {logging_mixin.py:188} INFO - [2026-06-16T16:05:35.833+0000] {dag.py:3947} INFO - Setting next_dagrun for 08_gcp_taxi to None, run_after=None
[2026-06-16T16:05:35.858+0000] {processor.py:183} INFO - Processing /opt/airflow/dags/dag_08_gcp_taxi.py took 0.124 seconds
[2026-06-16T16:06:05.899+0000] {processor.py:161} INFO - Started process (PID=18123) to work on /opt/airflow/dags/dag_08_gcp_taxi.py
[2026-06-16T16:06:05.910+0000] {processor.py:830} INFO - Processing file /opt/airflow/dags/dag_08_gcp_taxi.py for tasks to queue
[2026-06-16T16:06:05.912+0000] {logging_mixin.py:188} INFO - [2026-06-16T16:06:05.912+0000] {dagbag.py:545} INFO - Filling up the DagBag from /opt/airflow/dags/dag_08_gcp_taxi.py
[2026-06-16T16:06:05.923+0000] {processor.py:840} INFO - DAG(s) '08_gcp_taxi' retrieved from /opt/airflow/dags/dag_08_gcp_taxi.py
[2026-06-16T16:06:05.973+0000] {logging_mixin.py:188} INFO - [2026-06-16T16:06:05.973+0000] {dag.py:3089} INFO - Sync 1 DAGs
[2026-06-16T16:06:05.987+0000] {logging_mixin.py:188} INFO - [2026-06-16T16:06:05.987+0000] {dag.py:3947} INFO - Setting next_dagrun for 08_gcp_taxi to None, run_after=None
[2026-06-16T16:06:06.009+0000] {processor.py:183} INFO - Processing /opt/airflow/dags/dag_08_gcp_taxi.py took 0.117 seconds
[2026-06-16T16:06:36.050+0000] {processor.py:161} INFO - Started process (PID=18163) to work on /opt/airflow/dags/dag_08_gcp_taxi.py
[2026-06-16T16:06:36.052+0000] {processor.py:830} INFO - Processing file /opt/airflow/dags/dag_08_gcp_taxi.py for tasks to queue
[2026-06-16T16:06:36.054+0000] {logging_mixin.py:188} INFO - [2026-06-16T16:06:36.053+0000] {dagbag.py:545} INFO - Filling up the DagBag from /opt/airflow/dags/dag_08_gcp_taxi.py
[2026-06-16T16:06:36.065+0000] {processor.py:840} INFO - DAG(s) '08_gcp_taxi' retrieved from /opt/airflow/dags/dag_08_gcp_taxi.py
[2026-06-16T16:06:36.123+0000] {logging_mixin.py:188} INFO - [2026-06-16T16:06:36.123+0000] {dag.py:3089} INFO - Sync 1 DAGs
[2026-06-16T16:06:36.140+0000] {logging_mixin.py:188} INFO - [2026-06-16T16:06:36.140+0000] {dag.py:3947} INFO - Setting next_dagrun for 08_gcp_taxi to None, run_after=None
[2026-06-16T16:06:36.165+0000] {processor.py:183} INFO - Processing /opt/airflow/dags/dag_08_gcp_taxi.py took 0.123 seconds
[2026-06-16T16:07:07.192+0000] {processor.py:161} INFO - Started process (PID=18203) to work on /opt/airflow/dags/dag_08_gcp_taxi.py
[2026-06-16T16:07:07.203+0000] {processor.py:830} INFO - Processing file /opt/airflow/dags/dag_08_gcp_taxi.py for tasks to queue
[2026-06-16T16:07:07.205+0000] {logging_mixin.py:188} INFO - [2026-06-16T16:07:07.205+0000] {dagbag.py:545} INFO - Filling up the DagBag from /opt/airflow/dags/dag_08_gcp_taxi.py
[2026-06-16T16:07:07.217+0000] {processor.py:840} INFO - DAG(s) '08_gcp_taxi' retrieved from /opt/airflow/dags/dag_08_gcp_taxi.py
[2026-06-16T16:07:07.276+0000] {logging_mixin.py:188} INFO - [2026-06-16T16:07:07.275+0000] {dag.py:3089} INFO - Sync 1 DAGs
[2026-06-16T16:07:07.295+0000] {logging_mixin.py:188} INFO - [2026-06-16T16:07:07.294+0000] {dag.py:3947} INFO - Setting next_dagrun for 08_gcp_taxi to None, run_after=None
[2026-06-16T16:07:07.319+0000] {processor.py:183} INFO - Processing /opt/airflow/dags/dag_08_gcp_taxi.py took 0.135 seconds
[2026-06-16T16:07:38.153+0000] {processor.py:161} INFO - Started process (PID=18243) to work on /opt/airflow/dags/dag_08_gcp_taxi.py
[2026-06-16T16:07:38.155+0000] {processor.py:830} INFO - Processing file /opt/airflow/dags/dag_08_gcp_taxi.py for tasks to queue
[2026-06-16T16:07:38.157+0000] {logging_mixin.py:188} INFO - [2026-06-16T16:07:38.157+0000] {dagbag.py:545} INFO - Filling up the DagBag from /opt/airflow/dags/dag_08_gcp_taxi.py
[2026-06-16T16:07:38.169+0000] {processor.py:840} INFO - DAG(s) '08_gcp_taxi' retrieved from /opt/airflow/dags/dag_08_gcp_taxi.py
[2026-06-16T16:07:38.228+0000] {logging_mixin.py:188} INFO - [2026-06-16T16:07:38.227+0000] {dag.py:3089} INFO - Sync 1 DAGs
[2026-06-16T16:07:38.246+0000] {logging_mixin.py:188} INFO - [2026-06-16T16:07:38.245+0000] {dag.py:3947} INFO - Setting next_dagrun for 08_gcp_taxi to None, run_after=None
[2026-06-16T16:07:38.270+0000] {processor.py:183} INFO - Processing /opt/airflow/dags/dag_08_gcp_taxi.py took 0.126 seconds
[2026-06-16T16:08:09.150+0000] {processor.py:161} INFO - Started process (PID=18283) to work on /opt/airflow/dags/dag_08_gcp_taxi.py
[2026-06-16T16:08:09.151+0000] {processor.py:830} INFO - Processing file /opt/airflow/dags/dag_08_gcp_taxi.py for tasks to queue
[2026-06-16T16:08:09.154+0000] {logging_mixin.py:188} INFO - [2026-06-16T16:08:09.153+0000] {dagbag.py:545} INFO - Filling up the DagBag from /opt/airflow/dags/dag_08_gcp_taxi.py
[2026-06-16T16:08:09.165+0000] {processor.py:840} INFO - DAG(s) '08_gcp_taxi' retrieved from /opt/airflow/dags/dag_08_gcp_taxi.py
[2026-06-16T16:08:09.223+0000] {logging_mixin.py:188} INFO - [2026-06-16T16:08:09.223+0000] {dag.py:3089} INFO - Sync 1 DAGs
[2026-06-16T16:08:09.243+0000] {logging_mixin.py:188} INFO - [2026-06-16T16:08:09.242+0000] {dag.py:3947} INFO - Setting next_dagrun for 08_gcp_taxi to None, run_after=None
[2026-06-16T16:08:09.270+0000] {processor.py:183} INFO - Processing /opt/airflow/dags/dag_08_gcp_taxi.py took 0.128 seconds
[2026-06-16T16:08:40.127+0000] {processor.py:161} INFO - Started process (PID=18323) to work on /opt/airflow/dags/dag_08_gcp_taxi.py
[2026-06-16T16:08:40.129+0000] {processor.py:830} INFO - Processing file /opt/airflow/dags/dag_08_gcp_taxi.py for tasks to queue
[2026-06-16T16:08:40.131+0000] {logging_mixin.py:188} INFO - [2026-06-16T16:08:40.131+0000] {dagbag.py:545} INFO - Filling up the DagBag from /opt/airflow/dags/dag_08_gcp_taxi.py
[2026-06-16T16:08:40.143+0000] {processor.py:840} INFO - DAG(s) '08_gcp_taxi' retrieved from /opt/airflow/dags/dag_08_gcp_taxi.py
[2026-06-16T16:08:40.203+0000] {logging_mixin.py:188} INFO - [2026-06-16T16:08:40.202+0000] {dag.py:3089} INFO - Sync 1 DAGs
[2026-06-16T16:08:40.220+0000] {logging_mixin.py:188} INFO - [2026-06-16T16:08:40.220+0000] {dag.py:3947} INFO - Setting next_dagrun for 08_gcp_taxi to None, run_after=None
[2026-06-16T16:08:40.244+0000] {processor.py:183} INFO - Processing /opt/airflow/dags/dag_08_gcp_taxi.py took 0.126 seconds
[2026-06-16T16:09:11.078+0000] {processor.py:161} INFO - Started process (PID=18363) to work on /opt/airflow/dags/dag_08_gcp_taxi.py
[2026-06-16T16:09:11.079+0000] {processor.py:830} INFO - Processing file /opt/airflow/dags/dag_08_gcp_taxi.py for tasks to queue
[2026-06-16T16:09:11.082+0000] {logging_mixin.py:188} INFO - [2026-06-16T16:09:11.081+0000] {dagbag.py:545} INFO - Filling up the DagBag from /opt/airflow/dags/dag_08_gcp_taxi.py
[2026-06-16T16:09:11.095+0000] {processor.py:840} INFO - DAG(s) '08_gcp_taxi' retrieved from /opt/airflow/dags/dag_08_gcp_taxi.py
[2026-06-16T16:09:11.155+0000] {logging_mixin.py:188} INFO - [2026-06-16T16:09:11.155+0000] {dag.py:3089} INFO - Sync 1 DAGs
[2026-06-16T16:09:11.172+0000] {logging_mixin.py:188} INFO - [2026-06-16T16:09:11.171+0000] {dag.py:3947} INFO - Setting next_dagrun for 08_gcp_taxi to None, run_after=None
[2026-06-16T16:09:11.196+0000] {processor.py:183} INFO - Processing /opt/airflow/dags/dag_08_gcp_taxi.py took 0.128 seconds
[2026-06-16T16:09:41.733+0000] {processor.py:161} INFO - Started process (PID=18403) to work on /opt/airflow/dags/dag_08_gcp_taxi.py
[2026-06-16T16:09:41.735+0000] {processor.py:830} INFO - Processing file /opt/airflow/dags/dag_08_gcp_taxi.py for tasks to queue
[2026-06-16T16:09:41.737+0000] {logging_mixin.py:188} INFO - [2026-06-16T16:09:41.737+0000] {dagbag.py:545} INFO - Filling up the DagBag from /opt/airflow/dags/dag_08_gcp_taxi.py
[2026-06-16T16:09:41.750+0000] {processor.py:840} INFO - DAG(s) '08_gcp_taxi' retrieved from /opt/airflow/dags/dag_08_gcp_taxi.py
[2026-06-16T16:09:41.807+0000] {logging_mixin.py:188} INFO - [2026-06-16T16:09:41.807+0000] {dag.py:3089} INFO - Sync 1 DAGs
[2026-06-16T16:09:41.824+0000] {logging_mixin.py:188} INFO - [2026-06-16T16:09:41.824+0000] {dag.py:3947} INFO - Setting next_dagrun for 08_gcp_taxi to None, run_after=None
[2026-06-16T16:09:41.847+0000] {processor.py:183} INFO - Processing /opt/airflow/dags/dag_08_gcp_taxi.py took 0.122 seconds
[2026-06-16T16:10:12.500+0000] {processor.py:161} INFO - Started process (PID=18443) to work on /opt/airflow/dags/dag_08_gcp_taxi.py
[2026-06-16T16:10:12.502+0000] {processor.py:830} INFO - Processing file /opt/airflow/dags/dag_08_gcp_taxi.py for tasks to queue
[2026-06-16T16:10:12.504+0000] {logging_mixin.py:188} INFO - [2026-06-16T16:10:12.504+0000] {dagbag.py:545} INFO - Filling up the DagBag from /opt/airflow/dags/dag_08_gcp_taxi.py
[2026-06-16T16:10:12.517+0000] {processor.py:840} INFO - DAG(s) '08_gcp_taxi' retrieved from /opt/airflow/dags/dag_08_gcp_taxi.py
[2026-06-16T16:10:12.573+0000] {logging_mixin.py:188} INFO - [2026-06-16T16:10:12.573+0000] {dag.py:3089} INFO - Sync 1 DAGs
[2026-06-16T16:10:12.591+0000] {logging_mixin.py:188} INFO - [2026-06-16T16:10:12.590+0000] {dag.py:3947} INFO - Setting next_dagrun for 08_gcp_taxi to None, run_after=None
[2026-06-16T16:10:12.614+0000] {processor.py:183} INFO - Processing /opt/airflow/dags/dag_08_gcp_taxi.py took 0.122 seconds
[2026-06-16T16:10:43.418+0000] {processor.py:161} INFO - Started process (PID=18483) to work on /opt/airflow/dags/dag_08_gcp_taxi.py
[2026-06-16T16:10:43.420+0000] {processor.py:830} INFO - Processing file /opt/airflow/dags/dag_08_gcp_taxi.py for tasks to queue
[2026-06-16T16:10:43.422+0000] {logging_mixin.py:188} INFO - [2026-06-16T16:10:43.422+0000] {dagbag.py:545} INFO - Filling up the DagBag from /opt/airflow/dags/dag_08_gcp_taxi.py
[2026-06-16T16:10:43.434+0000] {processor.py:840} INFO - DAG(s) '08_gcp_taxi' retrieved from /opt/airflow/dags/dag_08_gcp_taxi.py
[2026-06-16T16:10:43.493+0000] {logging_mixin.py:188} INFO - [2026-06-16T16:10:43.492+0000] {dag.py:3089} INFO - Sync 1 DAGs
[2026-06-16T16:10:43.509+0000] {logging_mixin.py:188} INFO - [2026-06-16T16:10:43.509+0000] {dag.py:3947} INFO - Setting next_dagrun for 08_gcp_taxi to None, run_after=None
[2026-06-16T16:10:43.534+0000] {processor.py:183} INFO - Processing /opt/airflow/dags/dag_08_gcp_taxi.py took 0.124 seconds
[2026-06-16T16:11:14.406+0000] {processor.py:161} INFO - Started process (PID=18523) to work on /opt/airflow/dags/dag_08_gcp_taxi.py
[2026-06-16T16:11:14.408+0000] {processor.py:830} INFO - Processing file /opt/airflow/dags/dag_08_gcp_taxi.py for tasks to queue
[2026-06-16T16:11:14.410+0000] {logging_mixin.py:188} INFO - [2026-06-16T16:11:14.409+0000] {dagbag.py:545} INFO - Filling up the DagBag from /opt/airflow/dags/dag_08_gcp_taxi.py
[2026-06-16T16:11:14.422+0000] {processor.py:840} INFO - DAG(s) '08_gcp_taxi' retrieved from /opt/airflow/dags/dag_08_gcp_taxi.py
[2026-06-16T16:11:14.480+0000] {logging_mixin.py:188} INFO - [2026-06-16T16:11:14.480+0000] {dag.py:3089} INFO - Sync 1 DAGs
[2026-06-16T16:11:14.497+0000] {logging_mixin.py:188} INFO - [2026-06-16T16:11:14.497+0000] {dag.py:3947} INFO - Setting next_dagrun for 08_gcp_taxi to None, run_after=None
[2026-06-16T16:11:14.520+0000] {processor.py:183} INFO - Processing /opt/airflow/dags/dag_08_gcp_taxi.py took 0.122 seconds
[2026-06-16T16:11:45.380+0000] {processor.py:161} INFO - Started process (PID=18563) to work on /opt/airflow/dags/dag_08_gcp_taxi.py
[2026-06-16T16:11:45.382+0000] {processor.py:830} INFO - Processing file /opt/airflow/dags/dag_08_gcp_taxi.py for tasks to queue
[2026-06-16T16:11:45.384+0000] {logging_mixin.py:188} INFO - [2026-06-16T16:11:45.384+0000] {dagbag.py:545} INFO - Filling up the DagBag from /opt/airflow/dags/dag_08_gcp_taxi.py
[2026-06-16T16:11:45.397+0000] {processor.py:840} INFO - DAG(s) '08_gcp_taxi' retrieved from /opt/airflow/dags/dag_08_gcp_taxi.py
[2026-06-16T16:11:45.482+0000] {logging_mixin.py:188} INFO - [2026-06-16T16:11:45.482+0000] {dag.py:3089} INFO - Sync 1 DAGs
[2026-06-16T16:11:45.501+0000] {logging_mixin.py:188} INFO - [2026-06-16T16:11:45.501+0000] {dag.py:3947} INFO - Setting next_dagrun for 08_gcp_taxi to None, run_after=None
[2026-06-16T16:11:45.528+0000] {processor.py:183} INFO - Processing /opt/airflow/dags/dag_08_gcp_taxi.py took 0.157 seconds
[2026-06-16T16:12:16.363+0000] {processor.py:161} INFO - Started process (PID=18603) to work on /opt/airflow/dags/dag_08_gcp_taxi.py
[2026-06-16T16:12:16.374+0000] {processor.py:830} INFO - Processing file /opt/airflow/dags/dag_08_gcp_taxi.py for tasks to queue
[2026-06-16T16:12:16.376+0000] {logging_mixin.py:188} INFO - [2026-06-16T16:12:16.376+0000] {dagbag.py:545} INFO - Filling up the DagBag from /opt/airflow/dags/dag_08_gcp_taxi.py
[2026-06-16T16:12:16.388+0000] {processor.py:840} INFO - DAG(s) '08_gcp_taxi' retrieved from /opt/airflow/dags/dag_08_gcp_taxi.py
[2026-06-16T16:12:16.453+0000] {logging_mixin.py:188} INFO - [2026-06-16T16:12:16.453+0000] {dag.py:3089} INFO - Sync 1 DAGs
[2026-06-16T16:12:16.469+0000] {logging_mixin.py:188} INFO - [2026-06-16T16:12:16.468+0000] {dag.py:3947} INFO - Setting next_dagrun for 08_gcp_taxi to None, run_after=None
[2026-06-16T16:12:16.493+0000] {processor.py:183} INFO - Processing /opt/airflow/dags/dag_08_gcp_taxi.py took 0.138 seconds
[2026-06-16T16:12:47.328+0000] {processor.py:161} INFO - Started process (PID=18643) to work on /opt/airflow/dags/dag_08_gcp_taxi.py
[2026-06-16T16:12:47.329+0000] {processor.py:830} INFO - Processing file /opt/airflow/dags/dag_08_gcp_taxi.py for tasks to queue
[2026-06-16T16:12:47.331+0000] {logging_mixin.py:188} INFO - [2026-06-16T16:12:47.331+0000] {dagbag.py:545} INFO - Filling up the DagBag from /opt/airflow/dags/dag_08_gcp_taxi.py
[2026-06-16T16:12:47.343+0000] {processor.py:840} INFO - DAG(s) '08_gcp_taxi' retrieved from /opt/airflow/dags/dag_08_gcp_taxi.py
[2026-06-16T16:12:47.399+0000] {logging_mixin.py:188} INFO - [2026-06-16T16:12:47.399+0000] {dag.py:3089} INFO - Sync 1 DAGs
[2026-06-16T16:12:47.415+0000] {logging_mixin.py:188} INFO - [2026-06-16T16:12:47.415+0000] {dag.py:3947} INFO - Setting next_dagrun for 08_gcp_taxi to None, run_after=None
[2026-06-16T16:12:47.437+0000] {processor.py:183} INFO - Processing /opt/airflow/dags/dag_08_gcp_taxi.py took 0.117 seconds
[2026-06-16T16:13:18.269+0000] {processor.py:161} INFO - Started process (PID=18683) to work on /opt/airflow/dags/dag_08_gcp_taxi.py
[2026-06-16T16:13:18.279+0000] {processor.py:830} INFO - Processing file /opt/airflow/dags/dag_08_gcp_taxi.py for tasks to queue
[2026-06-16T16:13:18.281+0000] {logging_mixin.py:188} INFO - [2026-06-16T16:13:18.281+0000] {dagbag.py:545} INFO - Filling up the DagBag from /opt/airflow/dags/dag_08_gcp_taxi.py
[2026-06-16T16:13:18.293+0000] {processor.py:840} INFO - DAG(s) '08_gcp_taxi' retrieved from /opt/airflow/dags/dag_08_gcp_taxi.py
[2026-06-16T16:13:18.350+0000] {logging_mixin.py:188} INFO - [2026-06-16T16:13:18.350+0000] {dag.py:3089} INFO - Sync 1 DAGs
[2026-06-16T16:13:18.367+0000] {logging_mixin.py:188} INFO - [2026-06-16T16:13:18.367+0000] {dag.py:3947} INFO - Setting next_dagrun for 08_gcp_taxi to None, run_after=None
[2026-06-16T16:13:18.391+0000] {processor.py:183} INFO - Processing /opt/airflow/dags/dag_08_gcp_taxi.py took 0.129 seconds
[2026-06-16T16:13:49.272+0000] {processor.py:161} INFO - Started process (PID=18723) to work on /opt/airflow/dags/dag_08_gcp_taxi.py
[2026-06-16T16:13:49.279+0000] {processor.py:830} INFO - Processing file /opt/airflow/dags/dag_08_gcp_taxi.py for tasks to queue
[2026-06-16T16:13:49.281+0000] {logging_mixin.py:188} INFO - [2026-06-16T16:13:49.281+0000] {dagbag.py:545} INFO - Filling up the DagBag from /opt/airflow/dags/dag_08_gcp_taxi.py
[2026-06-16T16:13:49.293+0000] {processor.py:840} INFO - DAG(s) '08_gcp_taxi' retrieved from /opt/airflow/dags/dag_08_gcp_taxi.py
[2026-06-16T16:13:49.349+0000] {logging_mixin.py:188} INFO - [2026-06-16T16:13:49.349+0000] {dag.py:3089} INFO - Sync 1 DAGs
[2026-06-16T16:13:49.365+0000] {logging_mixin.py:188} INFO - [2026-06-16T16:13:49.364+0000] {dag.py:3947} INFO - Setting next_dagrun for 08_gcp_taxi to None, run_after=None
[2026-06-16T16:13:49.388+0000] {processor.py:183} INFO - Processing /opt/airflow/dags/dag_08_gcp_taxi.py took 0.124 seconds
[2026-06-16T16:14:20.225+0000] {processor.py:161} INFO - Started process (PID=18763) to work on /opt/airflow/dags/dag_08_gcp_taxi.py
[2026-06-16T16:14:20.226+0000] {processor.py:830} INFO - Processing file /opt/airflow/dags/dag_08_gcp_taxi.py for tasks to queue
[2026-06-16T16:14:20.229+0000] {logging_mixin.py:188} INFO - [2026-06-16T16:14:20.228+0000] {dagbag.py:545} INFO - Filling up the DagBag from /opt/airflow/dags/dag_08_gcp_taxi.py
[2026-06-16T16:14:20.240+0000] {processor.py:840} INFO - DAG(s) '08_gcp_taxi' retrieved from /opt/airflow/dags/dag_08_gcp_taxi.py
[2026-06-16T16:14:20.305+0000] {logging_mixin.py:188} INFO - [2026-06-16T16:14:20.305+0000] {dag.py:3089} INFO - Sync 1 DAGs
[2026-06-16T16:14:20.322+0000] {logging_mixin.py:188} INFO - [2026-06-16T16:14:20.322+0000] {dag.py:3947} INFO - Setting next_dagrun for 08_gcp_taxi to None, run_after=None
[2026-06-16T16:14:20.347+0000] {processor.py:183} INFO - Processing /opt/airflow/dags/dag_08_gcp_taxi.py took 0.131 seconds
[2026-06-16T16:14:51.236+0000] {processor.py:161} INFO - Started process (PID=18803) to work on /opt/airflow/dags/dag_08_gcp_taxi.py
[2026-06-16T16:14:51.238+0000] {processor.py:830} INFO - Processing file /opt/airflow/dags/dag_08_gcp_taxi.py for tasks to queue
[2026-06-16T16:14:51.240+0000] {logging_mixin.py:188} INFO - [2026-06-16T16:14:51.240+0000] {dagbag.py:545} INFO - Filling up the DagBag from /opt/airflow/dags/dag_08_gcp_taxi.py
[2026-06-16T16:14:51.252+0000] {processor.py:840} INFO - DAG(s) '08_gcp_taxi' retrieved from /opt/airflow/dags/dag_08_gcp_taxi.py
[2026-06-16T16:14:51.309+0000] {logging_mixin.py:188} INFO - [2026-06-16T16:14:51.309+0000] {dag.py:3089} INFO - Sync 1 DAGs
[2026-06-16T16:14:51.328+0000] {logging_mixin.py:188} INFO - [2026-06-16T16:14:51.328+0000] {dag.py:3947} INFO - Setting next_dagrun for 08_gcp_taxi to None, run_after=None
[2026-06-16T16:14:51.353+0000] {processor.py:183} INFO - Processing /opt/airflow/dags/dag_08_gcp_taxi.py took 0.125 seconds
[2026-06-16T16:15:22.303+0000] {processor.py:161} INFO - Started process (PID=18843) to work on /opt/airflow/dags/dag_08_gcp_taxi.py
[2026-06-16T16:15:22.304+0000] {processor.py:830} INFO - Processing file /opt/airflow/dags/dag_08_gcp_taxi.py for tasks to queue
[2026-06-16T16:15:22.307+0000] {logging_mixin.py:188} INFO - [2026-06-16T16:15:22.306+0000] {dagbag.py:545} INFO - Filling up the DagBag from /opt/airflow/dags/dag_08_gcp_taxi.py
[2026-06-16T16:15:22.319+0000] {processor.py:840} INFO - DAG(s) '08_gcp_taxi' retrieved from /opt/airflow/dags/dag_08_gcp_taxi.py
[2026-06-16T16:15:22.375+0000] {logging_mixin.py:188} INFO - [2026-06-16T16:15:22.375+0000] {dag.py:3089} INFO - Sync 1 DAGs
[2026-06-16T16:15:22.392+0000] {logging_mixin.py:188} INFO - [2026-06-16T16:15:22.392+0000] {dag.py:3947} INFO - Setting next_dagrun for 08_gcp_taxi to None, run_after=None
[2026-06-16T16:15:22.416+0000] {processor.py:183} INFO - Processing /opt/airflow/dags/dag_08_gcp_taxi.py took 0.126 seconds
[2026-06-16T16:15:52.458+0000] {processor.py:161} INFO - Started process (PID=18883) to work on /opt/airflow/dags/dag_08_gcp_taxi.py
[2026-06-16T16:15:52.460+0000] {processor.py:830} INFO - Processing file /opt/airflow/dags/dag_08_gcp_taxi.py for tasks to queue
[2026-06-16T16:15:52.462+0000] {logging_mixin.py:188} INFO - [2026-06-16T16:15:52.461+0000] {dagbag.py:545} INFO - Filling up the DagBag from /opt/airflow/dags/dag_08_gcp_taxi.py
[2026-06-16T16:15:52.474+0000] {processor.py:840} INFO - DAG(s) '08_gcp_taxi' retrieved from /opt/airflow/dags/dag_08_gcp_taxi.py
[2026-06-16T16:15:52.531+0000] {logging_mixin.py:188} INFO - [2026-06-16T16:15:52.531+0000] {dag.py:3089} INFO - Sync 1 DAGs
[2026-06-16T16:15:52.552+0000] {logging_mixin.py:188} INFO - [2026-06-16T16:15:52.552+0000] {dag.py:3947} INFO - Setting next_dagrun for 08_gcp_taxi to None, run_after=None
[2026-06-16T16:15:52.578+0000] {processor.py:183} INFO - Processing /opt/airflow/dags/dag_08_gcp_taxi.py took 0.129 seconds
[2026-06-16T16:16:23.491+0000] {processor.py:161} INFO - Started process (PID=18923) to work on /opt/airflow/dags/dag_08_gcp_taxi.py
[2026-06-16T16:16:23.492+0000] {processor.py:830} INFO - Processing file /opt/airflow/dags/dag_08_gcp_taxi.py for tasks to queue
[2026-06-16T16:16:23.495+0000] {logging_mixin.py:188} INFO - [2026-06-16T16:16:23.495+0000] {dagbag.py:545} INFO - Filling up the DagBag from /opt/airflow/dags/dag_08_gcp_taxi.py
[2026-06-16T16:16:23.507+0000] {processor.py:840} INFO - DAG(s) '08_gcp_taxi' retrieved from /opt/airflow/dags/dag_08_gcp_taxi.py
[2026-06-16T16:16:23.563+0000] {logging_mixin.py:188} INFO - [2026-06-16T16:16:23.563+0000] {dag.py:3089} INFO - Sync 1 DAGs
[2026-06-16T16:16:23.579+0000] {logging_mixin.py:188} INFO - [2026-06-16T16:16:23.579+0000] {dag.py:3947} INFO - Setting next_dagrun for 08_gcp_taxi to None, run_after=None
[2026-06-16T16:16:23.602+0000] {processor.py:183} INFO - Processing /opt/airflow/dags/dag_08_gcp_taxi.py took 0.121 seconds
[2026-06-16T16:16:53.643+0000] {processor.py:161} INFO - Started process (PID=18963) to work on /opt/airflow/dags/dag_08_gcp_taxi.py
[2026-06-16T16:16:53.654+0000] {processor.py:830} INFO - Processing file /opt/airflow/dags/dag_08_gcp_taxi.py for tasks to queue
[2026-06-16T16:16:53.656+0000] {logging_mixin.py:188} INFO - [2026-06-16T16:16:53.656+0000] {dagbag.py:545} INFO - Filling up the DagBag from /opt/airflow/dags/dag_08_gcp_taxi.py
[2026-06-16T16:16:53.667+0000] {processor.py:840} INFO - DAG(s) '08_gcp_taxi' retrieved from /opt/airflow/dags/dag_08_gcp_taxi.py
[2026-06-16T16:16:53.718+0000] {logging_mixin.py:188} INFO - [2026-06-16T16:16:53.718+0000] {dag.py:3089} INFO - Sync 1 DAGs
[2026-06-16T16:16:53.732+0000] {logging_mixin.py:188} INFO - [2026-06-16T16:16:53.731+0000] {dag.py:3947} INFO - Setting next_dagrun for 08_gcp_taxi to None, run_after=None
[2026-06-16T16:16:53.757+0000] {processor.py:183} INFO - Processing /opt/airflow/dags/dag_08_gcp_taxi.py took 0.121 seconds
[2026-06-16T16:17:23.850+0000] {processor.py:161} INFO - Started process (PID=19003) to work on /opt/airflow/dags/dag_08_gcp_taxi.py
[2026-06-16T16:17:23.861+0000] {processor.py:830} INFO - Processing file /opt/airflow/dags/dag_08_gcp_taxi.py for tasks to queue
[2026-06-16T16:17:23.863+0000] {logging_mixin.py:188} INFO - [2026-06-16T16:17:23.863+0000] {dagbag.py:545} INFO - Filling up the DagBag from /opt/airflow/dags/dag_08_gcp_taxi.py
[2026-06-16T16:17:23.876+0000] {processor.py:840} INFO - DAG(s) '08_gcp_taxi' retrieved from /opt/airflow/dags/dag_08_gcp_taxi.py
[2026-06-16T16:17:23.929+0000] {logging_mixin.py:188} INFO - [2026-06-16T16:17:23.929+0000] {dag.py:3089} INFO - Sync 1 DAGs
[2026-06-16T16:17:23.946+0000] {logging_mixin.py:188} INFO - [2026-06-16T16:17:23.945+0000] {dag.py:3947} INFO - Setting next_dagrun for 08_gcp_taxi to None, run_after=None
[2026-06-16T16:17:23.968+0000] {processor.py:183} INFO - Processing /opt/airflow/dags/dag_08_gcp_taxi.py took 0.127 seconds
[2026-06-16T16:17:54.073+0000] {processor.py:161} INFO - Started process (PID=19043) to work on /opt/airflow/dags/dag_08_gcp_taxi.py
[2026-06-16T16:17:54.075+0000] {processor.py:830} INFO - Processing file /opt/airflow/dags/dag_08_gcp_taxi.py for tasks to queue
[2026-06-16T16:17:54.077+0000] {logging_mixin.py:188} INFO - [2026-06-16T16:17:54.077+0000] {dagbag.py:545} INFO - Filling up the DagBag from /opt/airflow/dags/dag_08_gcp_taxi.py
[2026-06-16T16:17:54.090+0000] {processor.py:840} INFO - DAG(s) '08_gcp_taxi' retrieved from /opt/airflow/dags/dag_08_gcp_taxi.py
[2026-06-16T16:17:54.147+0000] {logging_mixin.py:188} INFO - [2026-06-16T16:17:54.147+0000] {dag.py:3089} INFO - Sync 1 DAGs
[2026-06-16T16:17:54.164+0000] {logging_mixin.py:188} INFO - [2026-06-16T16:17:54.164+0000] {dag.py:3947} INFO - Setting next_dagrun for 08_gcp_taxi to None, run_after=None
[2026-06-16T16:17:54.187+0000] {processor.py:183} INFO - Processing /opt/airflow/dags/dag_08_gcp_taxi.py took 0.124 seconds
[2026-06-16T16:18:24.250+0000] {processor.py:161} INFO - Started process (PID=19083) to work on /opt/airflow/dags/dag_08_gcp_taxi.py
[2026-06-16T16:18:24.261+0000] {processor.py:830} INFO - Processing file /opt/airflow/dags/dag_08_gcp_taxi.py for tasks to queue
[2026-06-16T16:18:24.263+0000] {logging_mixin.py:188} INFO - [2026-06-16T16:18:24.263+0000] {dagbag.py:545} INFO - Filling up the DagBag from /opt/airflow/dags/dag_08_gcp_taxi.py
[2026-06-16T16:18:24.274+0000] {processor.py:840} INFO - DAG(s) '08_gcp_taxi' retrieved from /opt/airflow/dags/dag_08_gcp_taxi.py
[2026-06-16T16:18:24.328+0000] {logging_mixin.py:188} INFO - [2026-06-16T16:18:24.327+0000] {dag.py:3089} INFO - Sync 1 DAGs
[2026-06-16T16:18:24.343+0000] {logging_mixin.py:188} INFO - [2026-06-16T16:18:24.343+0000] {dag.py:3947} INFO - Setting next_dagrun for 08_gcp_taxi to None, run_after=None
[2026-06-16T16:18:24.367+0000] {processor.py:183} INFO - Processing /opt/airflow/dags/dag_08_gcp_taxi.py took 0.126 seconds
[2026-06-16T16:18:54.485+0000] {processor.py:161} INFO - Started process (PID=19123) to work on /opt/airflow/dags/dag_08_gcp_taxi.py
[2026-06-16T16:18:54.498+0000] {processor.py:830} INFO - Processing file /opt/airflow/dags/dag_08_gcp_taxi.py for tasks to queue
[2026-06-16T16:18:54.500+0000] {logging_mixin.py:188} INFO - [2026-06-16T16:18:54.500+0000] {dagbag.py:545} INFO - Filling up the DagBag from /opt/airflow/dags/dag_08_gcp_taxi.py
[2026-06-16T16:18:54.511+0000] {processor.py:840} INFO - DAG(s) '08_gcp_taxi' retrieved from /opt/airflow/dags/dag_08_gcp_taxi.py
[2026-06-16T16:18:54.570+0000] {logging_mixin.py:188} INFO - [2026-06-16T16:18:54.570+0000] {dag.py:3089} INFO - Sync 1 DAGs
[2026-06-16T16:18:54.592+0000] {logging_mixin.py:188} INFO - [2026-06-16T16:18:54.592+0000] {dag.py:3947} INFO - Setting next_dagrun for 08_gcp_taxi to None, run_after=None
[2026-06-16T16:18:54.622+0000] {processor.py:183} INFO - Processing /opt/airflow/dags/dag_08_gcp_taxi.py took 0.165 seconds
[2026-06-16T16:19:24.667+0000] {processor.py:161} INFO - Started process (PID=19163) to work on /opt/airflow/dags/dag_08_gcp_taxi.py
[2026-06-16T16:19:24.669+0000] {processor.py:830} INFO - Processing file /opt/airflow/dags/dag_08_gcp_taxi.py for tasks to queue
[2026-06-16T16:19:24.671+0000] {logging_mixin.py:188} INFO - [2026-06-16T16:19:24.671+0000] {dagbag.py:545} INFO - Filling up the DagBag from /opt/airflow/dags/dag_08_gcp_taxi.py
[2026-06-16T16:19:24.682+0000] {processor.py:840} INFO - DAG(s) '08_gcp_taxi' retrieved from /opt/airflow/dags/dag_08_gcp_taxi.py
[2026-06-16T16:19:24.740+0000] {logging_mixin.py:188} INFO - [2026-06-16T16:19:24.740+0000] {dag.py:3089} INFO - Sync 1 DAGs
[2026-06-16T16:19:24.760+0000] {logging_mixin.py:188} INFO - [2026-06-16T16:19:24.760+0000] {dag.py:3947} INFO - Setting next_dagrun for 08_gcp_taxi to None, run_after=None
[2026-06-16T16:19:24.789+0000] {processor.py:183} INFO - Processing /opt/airflow/dags/dag_08_gcp_taxi.py took 0.129 seconds
[2026-06-16T16:19:54.839+0000] {processor.py:161} INFO - Started process (PID=19203) to work on /opt/airflow/dags/dag_08_gcp_taxi.py
[2026-06-16T16:19:54.850+0000] {processor.py:830} INFO - Processing file /opt/airflow/dags/dag_08_gcp_taxi.py for tasks to queue
[2026-06-16T16:19:54.852+0000] {logging_mixin.py:188} INFO - [2026-06-16T16:19:54.851+0000] {dagbag.py:545} INFO - Filling up the DagBag from /opt/airflow/dags/dag_08_gcp_taxi.py
[2026-06-16T16:19:54.863+0000] {processor.py:840} INFO - DAG(s) '08_gcp_taxi' retrieved from /opt/airflow/dags/dag_08_gcp_taxi.py
[2026-06-16T16:19:54.916+0000] {logging_mixin.py:188} INFO - [2026-06-16T16:19:54.915+0000] {dag.py:3089} INFO - Sync 1 DAGs
[2026-06-16T16:19:54.930+0000] {logging_mixin.py:188} INFO - [2026-06-16T16:19:54.930+0000] {dag.py:3947} INFO - Setting next_dagrun for 08_gcp_taxi to None, run_after=None
[2026-06-16T16:19:54.955+0000] {processor.py:183} INFO - Processing /opt/airflow/dags/dag_08_gcp_taxi.py took 0.123 seconds
[2026-06-16T16:20:25.008+0000] {processor.py:161} INFO - Started process (PID=19243) to work on /opt/airflow/dags/dag_08_gcp_taxi.py
[2026-06-16T16:20:25.009+0000] {processor.py:830} INFO - Processing file /opt/airflow/dags/dag_08_gcp_taxi.py for tasks to queue
[2026-06-16T16:20:25.012+0000] {logging_mixin.py:188} INFO - [2026-06-16T16:20:25.012+0000] {dagbag.py:545} INFO - Filling up the DagBag from /opt/airflow/dags/dag_08_gcp_taxi.py
[2026-06-16T16:20:25.024+0000] {processor.py:840} INFO - DAG(s) '08_gcp_taxi' retrieved from /opt/airflow/dags/dag_08_gcp_taxi.py
[2026-06-16T16:20:25.078+0000] {logging_mixin.py:188} INFO - [2026-06-16T16:20:25.078+0000] {dag.py:3089} INFO - Sync 1 DAGs
[2026-06-16T16:20:25.095+0000] {logging_mixin.py:188} INFO - [2026-06-16T16:20:25.095+0000] {dag.py:3947} INFO - Setting next_dagrun for 08_gcp_taxi to None, run_after=None
[2026-06-16T16:20:25.119+0000] {processor.py:183} INFO - Processing /opt/airflow/dags/dag_08_gcp_taxi.py took 0.118 seconds
[2026-06-16T16:20:55.159+0000] {processor.py:161} INFO - Started process (PID=19283) to work on /opt/airflow/dags/dag_08_gcp_taxi.py
[2026-06-16T16:20:55.160+0000] {processor.py:830} INFO - Processing file /opt/airflow/dags/dag_08_gcp_taxi.py for tasks to queue
[2026-06-16T16:20:55.162+0000] {logging_mixin.py:188} INFO - [2026-06-16T16:20:55.162+0000] {dagbag.py:545} INFO - Filling up the DagBag from /opt/airflow/dags/dag_08_gcp_taxi.py
[2026-06-16T16:20:55.176+0000] {processor.py:840} INFO - DAG(s) '08_gcp_taxi' retrieved from /opt/airflow/dags/dag_08_gcp_taxi.py
[2026-06-16T16:20:55.231+0000] {logging_mixin.py:188} INFO - [2026-06-16T16:20:55.231+0000] {dag.py:3089} INFO - Sync 1 DAGs
[2026-06-16T16:20:55.248+0000] {logging_mixin.py:188} INFO - [2026-06-16T16:20:55.248+0000] {dag.py:3947} INFO - Setting next_dagrun for 08_gcp_taxi to None, run_after=None
[2026-06-16T16:20:55.272+0000] {processor.py:183} INFO - Processing /opt/airflow/dags/dag_08_gcp_taxi.py took 0.121 seconds
[2026-06-16T16:21:26.282+0000] {processor.py:161} INFO - Started process (PID=19323) to work on /opt/airflow/dags/dag_08_gcp_taxi.py
[2026-06-16T16:21:26.286+0000] {processor.py:830} INFO - Processing file /opt/airflow/dags/dag_08_gcp_taxi.py for tasks to queue
[2026-06-16T16:21:26.289+0000] {logging_mixin.py:188} INFO - [2026-06-16T16:21:26.288+0000] {dagbag.py:545} INFO - Filling up the DagBag from /opt/airflow/dags/dag_08_gcp_taxi.py
[2026-06-16T16:21:26.301+0000] {processor.py:840} INFO - DAG(s) '08_gcp_taxi' retrieved from /opt/airflow/dags/dag_08_gcp_taxi.py
[2026-06-16T16:21:26.362+0000] {logging_mixin.py:188} INFO - [2026-06-16T16:21:26.362+0000] {dag.py:3089} INFO - Sync 1 DAGs
[2026-06-16T16:21:26.379+0000] {logging_mixin.py:188} INFO - [2026-06-16T16:21:26.379+0000] {dag.py:3947} INFO - Setting next_dagrun for 08_gcp_taxi to None, run_after=None
[2026-06-16T16:21:26.403+0000] {processor.py:183} INFO - Processing /opt/airflow/dags/dag_08_gcp_taxi.py took 0.129 seconds
[2026-06-16T16:21:57.306+0000] {processor.py:161} INFO - Started process (PID=19363) to work on /opt/airflow/dags/dag_08_gcp_taxi.py
[2026-06-16T16:21:57.308+0000] {processor.py:830} INFO - Processing file /opt/airflow/dags/dag_08_gcp_taxi.py for tasks to queue
[2026-06-16T16:21:57.311+0000] {logging_mixin.py:188} INFO - [2026-06-16T16:21:57.310+0000] {dagbag.py:545} INFO - Filling up the DagBag from /opt/airflow/dags/dag_08_gcp_taxi.py
[2026-06-16T16:21:57.323+0000] {processor.py:840} INFO - DAG(s) '08_gcp_taxi' retrieved from /opt/airflow/dags/dag_08_gcp_taxi.py
[2026-06-16T16:21:57.379+0000] {logging_mixin.py:188} INFO - [2026-06-16T16:21:57.378+0000] {dag.py:3089} INFO - Sync 1 DAGs
[2026-06-16T16:21:57.394+0000] {logging_mixin.py:188} INFO - [2026-06-16T16:21:57.394+0000] {dag.py:3947} INFO - Setting next_dagrun for 08_gcp_taxi to None, run_after=None
[2026-06-16T16:21:57.417+0000] {processor.py:183} INFO - Processing /opt/airflow/dags/dag_08_gcp_taxi.py took 0.119 seconds
[2026-06-16T16:22:28.046+0000] {processor.py:161} INFO - Started process (PID=19403) to work on /opt/airflow/dags/dag_08_gcp_taxi.py
[2026-06-16T16:22:28.048+0000] {processor.py:830} INFO - Processing file /opt/airflow/dags/dag_08_gcp_taxi.py for tasks to queue
[2026-06-16T16:22:28.051+0000] {logging_mixin.py:188} INFO - [2026-06-16T16:22:28.050+0000] {dagbag.py:545} INFO - Filling up the DagBag from /opt/airflow/dags/dag_08_gcp_taxi.py
[2026-06-16T16:22:28.063+0000] {processor.py:840} INFO - DAG(s) '08_gcp_taxi' retrieved from /opt/airflow/dags/dag_08_gcp_taxi.py
[2026-06-16T16:22:28.119+0000] {logging_mixin.py:188} INFO - [2026-06-16T16:22:28.119+0000] {dag.py:3089} INFO - Sync 1 DAGs
[2026-06-16T16:22:28.137+0000] {logging_mixin.py:188} INFO - [2026-06-16T16:22:28.137+0000] {dag.py:3947} INFO - Setting next_dagrun for 08_gcp_taxi to None, run_after=None
[2026-06-16T16:22:28.164+0000] {processor.py:183} INFO - Processing /opt/airflow/dags/dag_08_gcp_taxi.py took 0.127 seconds
[2026-06-16T16:22:58.434+0000] {processor.py:161} INFO - Started process (PID=19443) to work on /opt/airflow/dags/dag_08_gcp_taxi.py
[2026-06-16T16:22:58.436+0000] {processor.py:830} INFO - Processing file /opt/airflow/dags/dag_08_gcp_taxi.py for tasks to queue
[2026-06-16T16:22:58.438+0000] {logging_mixin.py:188} INFO - [2026-06-16T16:22:58.438+0000] {dagbag.py:545} INFO - Filling up the DagBag from /opt/airflow/dags/dag_08_gcp_taxi.py
[2026-06-16T16:22:58.454+0000] {processor.py:840} INFO - DAG(s) '08_gcp_taxi' retrieved from /opt/airflow/dags/dag_08_gcp_taxi.py
[2026-06-16T16:22:58.523+0000] {logging_mixin.py:188} INFO - [2026-06-16T16:22:58.523+0000] {dag.py:3089} INFO - Sync 1 DAGs
[2026-06-16T16:22:58.542+0000] {logging_mixin.py:188} INFO - [2026-06-16T16:22:58.542+0000] {dag.py:3947} INFO - Setting next_dagrun for 08_gcp_taxi to None, run_after=None
[2026-06-16T16:22:58.727+0000] {processor.py:183} INFO - Processing /opt/airflow/dags/dag_08_gcp_taxi.py took 0.303 seconds
[2026-06-16T16:23:28.769+0000] {processor.py:161} INFO - Started process (PID=19488) to work on /opt/airflow/dags/dag_08_gcp_taxi.py
[2026-06-16T16:23:28.770+0000] {processor.py:830} INFO - Processing file /opt/airflow/dags/dag_08_gcp_taxi.py for tasks to queue
[2026-06-16T16:23:28.772+0000] {logging_mixin.py:188} INFO - [2026-06-16T16:23:28.771+0000] {dagbag.py:545} INFO - Filling up the DagBag from /opt/airflow/dags/dag_08_gcp_taxi.py
[2026-06-16T16:23:28.783+0000] {processor.py:840} INFO - DAG(s) '08_gcp_taxi' retrieved from /opt/airflow/dags/dag_08_gcp_taxi.py
[2026-06-16T16:23:28.835+0000] {logging_mixin.py:188} INFO - [2026-06-16T16:23:28.835+0000] {dag.py:3089} INFO - Sync 1 DAGs
[2026-06-16T16:23:28.848+0000] {logging_mixin.py:188} INFO - [2026-06-16T16:23:28.848+0000] {dag.py:3947} INFO - Setting next_dagrun for 08_gcp_taxi to None, run_after=None
[2026-06-16T16:23:28.869+0000] {processor.py:183} INFO - Processing /opt/airflow/dags/dag_08_gcp_taxi.py took 0.107 seconds
[2026-06-16T16:23:59.108+0000] {processor.py:161} INFO - Started process (PID=19528) to work on /opt/airflow/dags/dag_08_gcp_taxi.py
[2026-06-16T16:23:59.109+0000] {processor.py:830} INFO - Processing file /opt/airflow/dags/dag_08_gcp_taxi.py for tasks to queue
[2026-06-16T16:23:59.111+0000] {logging_mixin.py:188} INFO - [2026-06-16T16:23:59.111+0000] {dagbag.py:545} INFO - Filling up the DagBag from /opt/airflow/dags/dag_08_gcp_taxi.py
[2026-06-16T16:23:59.122+0000] {processor.py:840} INFO - DAG(s) '08_gcp_taxi' retrieved from /opt/airflow/dags/dag_08_gcp_taxi.py
[2026-06-16T16:23:59.174+0000] {logging_mixin.py:188} INFO - [2026-06-16T16:23:59.174+0000] {dag.py:3089} INFO - Sync 1 DAGs
[2026-06-16T16:23:59.187+0000] {logging_mixin.py:188} INFO - [2026-06-16T16:23:59.187+0000] {dag.py:3947} INFO - Setting next_dagrun for 08_gcp_taxi to None, run_after=None
[2026-06-16T16:23:59.209+0000] {processor.py:183} INFO - Processing /opt/airflow/dags/dag_08_gcp_taxi.py took 0.107 seconds
[2026-06-16T16:24:29.302+0000] {processor.py:161} INFO - Started process (PID=19563) to work on /opt/airflow/dags/dag_08_gcp_taxi.py
[2026-06-16T16:24:29.304+0000] {processor.py:830} INFO - Processing file /opt/airflow/dags/dag_08_gcp_taxi.py for tasks to queue
[2026-06-16T16:24:29.306+0000] {logging_mixin.py:188} INFO - [2026-06-16T16:24:29.306+0000] {dagbag.py:545} INFO - Filling up the DagBag from /opt/airflow/dags/dag_08_gcp_taxi.py
[2026-06-16T16:24:29.318+0000] {processor.py:840} INFO - DAG(s) '08_gcp_taxi' retrieved from /opt/airflow/dags/dag_08_gcp_taxi.py
[2026-06-16T16:24:29.374+0000] {logging_mixin.py:188} INFO - [2026-06-16T16:24:29.374+0000] {dag.py:3089} INFO - Sync 1 DAGs
[2026-06-16T16:24:29.391+0000] {logging_mixin.py:188} INFO - [2026-06-16T16:24:29.390+0000] {dag.py:3947} INFO - Setting next_dagrun for 08_gcp_taxi to None, run_after=None
[2026-06-16T16:24:29.413+0000] {processor.py:183} INFO - Processing /opt/airflow/dags/dag_08_gcp_taxi.py took 0.119 seconds
[2026-06-16T16:24:59.505+0000] {processor.py:161} INFO - Started process (PID=19603) to work on /opt/airflow/dags/dag_08_gcp_taxi.py
[2026-06-16T16:24:59.506+0000] {processor.py:830} INFO - Processing file /opt/airflow/dags/dag_08_gcp_taxi.py for tasks to queue
[2026-06-16T16:24:59.509+0000] {logging_mixin.py:188} INFO - [2026-06-16T16:24:59.509+0000] {dagbag.py:545} INFO - Filling up the DagBag from /opt/airflow/dags/dag_08_gcp_taxi.py
[2026-06-16T16:24:59.523+0000] {processor.py:840} INFO - DAG(s) '08_gcp_taxi' retrieved from /opt/airflow/dags/dag_08_gcp_taxi.py
[2026-06-16T16:24:59.586+0000] {logging_mixin.py:188} INFO - [2026-06-16T16:24:59.585+0000] {dag.py:3089} INFO - Sync 1 DAGs
[2026-06-16T16:24:59.608+0000] {logging_mixin.py:188} INFO - [2026-06-16T16:24:59.607+0000] {dag.py:3947} INFO - Setting next_dagrun for 08_gcp_taxi to None, run_after=None
[2026-06-16T16:24:59.632+0000] {processor.py:183} INFO - Processing /opt/airflow/dags/dag_08_gcp_taxi.py took 0.136 seconds
[2026-06-16T16:25:29.950+0000] {processor.py:161} INFO - Started process (PID=19643) to work on /opt/airflow/dags/dag_08_gcp_taxi.py
[2026-06-16T16:25:29.960+0000] {processor.py:830} INFO - Processing file /opt/airflow/dags/dag_08_gcp_taxi.py for tasks to queue
[2026-06-16T16:25:29.962+0000] {logging_mixin.py:188} INFO - [2026-06-16T16:25:29.962+0000] {dagbag.py:545} INFO - Filling up the DagBag from /opt/airflow/dags/dag_08_gcp_taxi.py
[2026-06-16T16:25:29.974+0000] {processor.py:840} INFO - DAG(s) '08_gcp_taxi' retrieved from /opt/airflow/dags/dag_08_gcp_taxi.py
[2026-06-16T16:25:30.037+0000] {logging_mixin.py:188} INFO - [2026-06-16T16:25:30.036+0000] {dag.py:3089} INFO - Sync 1 DAGs
[2026-06-16T16:25:30.264+0000] {logging_mixin.py:188} INFO - [2026-06-16T16:25:30.264+0000] {dag.py:3947} INFO - Setting next_dagrun for 08_gcp_taxi to None, run_after=None
[2026-06-16T16:25:30.298+0000] {processor.py:183} INFO - Processing /opt/airflow/dags/dag_08_gcp_taxi.py took 0.355 seconds
[2026-06-16T16:26:01.132+0000] {processor.py:161} INFO - Started process (PID=19683) to work on /opt/airflow/dags/dag_08_gcp_taxi.py
[2026-06-16T16:26:01.142+0000] {processor.py:830} INFO - Processing file /opt/airflow/dags/dag_08_gcp_taxi.py for tasks to queue
[2026-06-16T16:26:01.146+0000] {logging_mixin.py:188} INFO - [2026-06-16T16:26:01.145+0000] {dagbag.py:545} INFO - Filling up the DagBag from /opt/airflow/dags/dag_08_gcp_taxi.py
[2026-06-16T16:26:01.325+0000] {processor.py:840} INFO - DAG(s) '08_gcp_taxi' retrieved from /opt/airflow/dags/dag_08_gcp_taxi.py
[2026-06-16T16:26:01.379+0000] {logging_mixin.py:188} INFO - [2026-06-16T16:26:01.379+0000] {dag.py:3089} INFO - Sync 1 DAGs
[2026-06-16T16:26:01.392+0000] {logging_mixin.py:188} INFO - [2026-06-16T16:26:01.392+0000] {dag.py:3947} INFO - Setting next_dagrun for 08_gcp_taxi to None, run_after=None
[2026-06-16T16:26:01.414+0000] {processor.py:183} INFO - Processing /opt/airflow/dags/dag_08_gcp_taxi.py took 0.295 seconds
[2026-06-16T16:26:31.475+0000] {processor.py:161} INFO - Started process (PID=19723) to work on /opt/airflow/dags/dag_08_gcp_taxi.py
[2026-06-16T16:26:31.476+0000] {processor.py:830} INFO - Processing file /opt/airflow/dags/dag_08_gcp_taxi.py for tasks to queue
[2026-06-16T16:26:31.478+0000] {logging_mixin.py:188} INFO - [2026-06-16T16:26:31.477+0000] {dagbag.py:545} INFO - Filling up the DagBag from /opt/airflow/dags/dag_08_gcp_taxi.py
[2026-06-16T16:26:31.491+0000] {processor.py:840} INFO - DAG(s) '08_gcp_taxi' retrieved from /opt/airflow/dags/dag_08_gcp_taxi.py
[2026-06-16T16:26:31.549+0000] {logging_mixin.py:188} INFO - [2026-06-16T16:26:31.548+0000] {dag.py:3089} INFO - Sync 1 DAGs
[2026-06-16T16:26:31.565+0000] {logging_mixin.py:188} INFO - [2026-06-16T16:26:31.564+0000] {dag.py:3947} INFO - Setting next_dagrun for 08_gcp_taxi to None, run_after=None
[2026-06-16T16:26:31.589+0000] {processor.py:183} INFO - Processing /opt/airflow/dags/dag_08_gcp_taxi.py took 0.121 seconds
[2026-06-16T16:27:01.677+0000] {processor.py:161} INFO - Started process (PID=19763) to work on /opt/airflow/dags/dag_08_gcp_taxi.py
[2026-06-16T16:27:01.688+0000] {processor.py:830} INFO - Processing file /opt/airflow/dags/dag_08_gcp_taxi.py for tasks to queue
[2026-06-16T16:27:01.691+0000] {logging_mixin.py:188} INFO - [2026-06-16T16:27:01.690+0000] {dagbag.py:545} INFO - Filling up the DagBag from /opt/airflow/dags/dag_08_gcp_taxi.py
[2026-06-16T16:27:01.707+0000] {processor.py:840} INFO - DAG(s) '08_gcp_taxi' retrieved from /opt/airflow/dags/dag_08_gcp_taxi.py
[2026-06-16T16:27:01.765+0000] {logging_mixin.py:188} INFO - [2026-06-16T16:27:01.765+0000] {dag.py:3089} INFO - Sync 1 DAGs
[2026-06-16T16:27:01.782+0000] {logging_mixin.py:188} INFO - [2026-06-16T16:27:01.782+0000] {dag.py:3947} INFO - Setting next_dagrun for 08_gcp_taxi to None, run_after=None
[2026-06-16T16:27:01.807+0000] {processor.py:183} INFO - Processing /opt/airflow/dags/dag_08_gcp_taxi.py took 0.138 seconds
[2026-06-16T16:27:31.860+0000] {processor.py:161} INFO - Started process (PID=19803) to work on /opt/airflow/dags/dag_08_gcp_taxi.py
[2026-06-16T16:27:31.862+0000] {processor.py:830} INFO - Processing file /opt/airflow/dags/dag_08_gcp_taxi.py for tasks to queue
[2026-06-16T16:27:31.864+0000] {logging_mixin.py:188} INFO - [2026-06-16T16:27:31.864+0000] {dagbag.py:545} INFO - Filling up the DagBag from /opt/airflow/dags/dag_08_gcp_taxi.py
[2026-06-16T16:27:31.876+0000] {processor.py:840} INFO - DAG(s) '08_gcp_taxi' retrieved from /opt/airflow/dags/dag_08_gcp_taxi.py
[2026-06-16T16:27:31.937+0000] {logging_mixin.py:188} INFO - [2026-06-16T16:27:31.937+0000] {dag.py:3089} INFO - Sync 1 DAGs
[2026-06-16T16:27:31.954+0000] {logging_mixin.py:188} INFO - [2026-06-16T16:27:31.954+0000] {dag.py:3947} INFO - Setting next_dagrun for 08_gcp_taxi to None, run_after=None
[2026-06-16T16:27:31.980+0000] {processor.py:183} INFO - Processing /opt/airflow/dags/dag_08_gcp_taxi.py took 0.127 seconds
[2026-06-16T16:28:02.047+0000] {processor.py:161} INFO - Started process (PID=19843) to work on /opt/airflow/dags/dag_08_gcp_taxi.py
[2026-06-16T16:28:02.051+0000] {processor.py:830} INFO - Processing file /opt/airflow/dags/dag_08_gcp_taxi.py for tasks to queue
[2026-06-16T16:28:02.053+0000] {logging_mixin.py:188} INFO - [2026-06-16T16:28:02.053+0000] {dagbag.py:545} INFO - Filling up the DagBag from /opt/airflow/dags/dag_08_gcp_taxi.py
[2026-06-16T16:28:02.066+0000] {processor.py:840} INFO - DAG(s) '08_gcp_taxi' retrieved from /opt/airflow/dags/dag_08_gcp_taxi.py
[2026-06-16T16:28:02.123+0000] {logging_mixin.py:188} INFO - [2026-06-16T16:28:02.123+0000] {dag.py:3089} INFO - Sync 1 DAGs
[2026-06-16T16:28:02.139+0000] {logging_mixin.py:188} INFO - [2026-06-16T16:28:02.139+0000] {dag.py:3947} INFO - Setting next_dagrun for 08_gcp_taxi to None, run_after=None
[2026-06-16T16:28:02.162+0000] {processor.py:183} INFO - Processing /opt/airflow/dags/dag_08_gcp_taxi.py took 0.123 seconds
[2026-06-16T16:28:32.249+0000] {processor.py:161} INFO - Started process (PID=19883) to work on /opt/airflow/dags/dag_08_gcp_taxi.py
[2026-06-16T16:28:32.250+0000] {processor.py:830} INFO - Processing file /opt/airflow/dags/dag_08_gcp_taxi.py for tasks to queue
[2026-06-16T16:28:32.253+0000] {logging_mixin.py:188} INFO - [2026-06-16T16:28:32.253+0000] {dagbag.py:545} INFO - Filling up the DagBag from /opt/airflow/dags/dag_08_gcp_taxi.py
[2026-06-16T16:28:32.265+0000] {processor.py:840} INFO - DAG(s) '08_gcp_taxi' retrieved from /opt/airflow/dags/dag_08_gcp_taxi.py
[2026-06-16T16:28:32.327+0000] {logging_mixin.py:188} INFO - [2026-06-16T16:28:32.326+0000] {dag.py:3089} INFO - Sync 1 DAGs
[2026-06-16T16:28:32.344+0000] {logging_mixin.py:188} INFO - [2026-06-16T16:28:32.344+0000] {dag.py:3947} INFO - Setting next_dagrun for 08_gcp_taxi to None, run_after=None
[2026-06-16T16:28:32.369+0000] {processor.py:183} INFO - Processing /opt/airflow/dags/dag_08_gcp_taxi.py took 0.128 seconds
[2026-06-16T16:29:03.273+0000] {processor.py:161} INFO - Started process (PID=19923) to work on /opt/airflow/dags/dag_08_gcp_taxi.py
[2026-06-16T16:29:03.276+0000] {processor.py:830} INFO - Processing file /opt/airflow/dags/dag_08_gcp_taxi.py for tasks to queue
[2026-06-16T16:29:03.278+0000] {logging_mixin.py:188} INFO - [2026-06-16T16:29:03.277+0000] {dagbag.py:545} INFO - Filling up the DagBag from /opt/airflow/dags/dag_08_gcp_taxi.py
[2026-06-16T16:29:03.292+0000] {processor.py:840} INFO - DAG(s) '08_gcp_taxi' retrieved from /opt/airflow/dags/dag_08_gcp_taxi.py
[2026-06-16T16:29:03.350+0000] {logging_mixin.py:188} INFO - [2026-06-16T16:29:03.349+0000] {dag.py:3089} INFO - Sync 1 DAGs
[2026-06-16T16:29:03.367+0000] {logging_mixin.py:188} INFO - [2026-06-16T16:29:03.366+0000] {dag.py:3947} INFO - Setting next_dagrun for 08_gcp_taxi to None, run_after=None
[2026-06-16T16:29:03.390+0000] {processor.py:183} INFO - Processing /opt/airflow/dags/dag_08_gcp_taxi.py took 0.127 seconds
[2026-06-16T16:29:34.303+0000] {processor.py:161} INFO - Started process (PID=19963) to work on /opt/airflow/dags/dag_08_gcp_taxi.py
[2026-06-16T16:29:34.305+0000] {processor.py:830} INFO - Processing file /opt/airflow/dags/dag_08_gcp_taxi.py for tasks to queue
[2026-06-16T16:29:34.307+0000] {logging_mixin.py:188} INFO - [2026-06-16T16:29:34.307+0000] {dagbag.py:545} INFO - Filling up the DagBag from /opt/airflow/dags/dag_08_gcp_taxi.py
[2026-06-16T16:29:34.321+0000] {processor.py:840} INFO - DAG(s) '08_gcp_taxi' retrieved from /opt/airflow/dags/dag_08_gcp_taxi.py
[2026-06-16T16:29:34.386+0000] {logging_mixin.py:188} INFO - [2026-06-16T16:29:34.386+0000] {dag.py:3089} INFO - Sync 1 DAGs
[2026-06-16T16:29:34.408+0000] {logging_mixin.py:188} INFO - [2026-06-16T16:29:34.408+0000] {dag.py:3947} INFO - Setting next_dagrun for 08_gcp_taxi to None, run_after=None
[2026-06-16T16:29:34.442+0000] {processor.py:183} INFO - Processing /opt/airflow/dags/dag_08_gcp_taxi.py took 0.148 seconds
[2026-06-16T16:30:05.253+0000] {processor.py:161} INFO - Started process (PID=20003) to work on /opt/airflow/dags/dag_08_gcp_taxi.py
[2026-06-16T16:30:05.255+0000] {processor.py:830} INFO - Processing file /opt/airflow/dags/dag_08_gcp_taxi.py for tasks to queue
[2026-06-16T16:30:05.258+0000] {logging_mixin.py:188} INFO - [2026-06-16T16:30:05.257+0000] {dagbag.py:545} INFO - Filling up the DagBag from /opt/airflow/dags/dag_08_gcp_taxi.py
[2026-06-16T16:30:05.269+0000] {processor.py:840} INFO - DAG(s) '08_gcp_taxi' retrieved from /opt/airflow/dags/dag_08_gcp_taxi.py
[2026-06-16T16:30:05.330+0000] {logging_mixin.py:188} INFO - [2026-06-16T16:30:05.329+0000] {dag.py:3089} INFO - Sync 1 DAGs
[2026-06-16T16:30:05.356+0000] {logging_mixin.py:188} INFO - [2026-06-16T16:30:05.355+0000] {dag.py:3947} INFO - Setting next_dagrun for 08_gcp_taxi to None, run_after=None
[2026-06-16T16:30:05.386+0000] {processor.py:183} INFO - Processing /opt/airflow/dags/dag_08_gcp_taxi.py took 0.140 seconds
[2026-06-16T16:30:36.366+0000] {processor.py:161} INFO - Started process (PID=20043) to work on /opt/airflow/dags/dag_08_gcp_taxi.py
[2026-06-16T16:30:36.377+0000] {processor.py:830} INFO - Processing file /opt/airflow/dags/dag_08_gcp_taxi.py for tasks to queue
[2026-06-16T16:30:36.379+0000] {logging_mixin.py:188} INFO - [2026-06-16T16:30:36.379+0000] {dagbag.py:545} INFO - Filling up the DagBag from /opt/airflow/dags/dag_08_gcp_taxi.py
[2026-06-16T16:30:36.393+0000] {processor.py:840} INFO - DAG(s) '08_gcp_taxi' retrieved from /opt/airflow/dags/dag_08_gcp_taxi.py
[2026-06-16T16:30:36.451+0000] {logging_mixin.py:188} INFO - [2026-06-16T16:30:36.451+0000] {dag.py:3089} INFO - Sync 1 DAGs
[2026-06-16T16:30:36.469+0000] {logging_mixin.py:188} INFO - [2026-06-16T16:30:36.469+0000] {dag.py:3947} INFO - Setting next_dagrun for 08_gcp_taxi to None, run_after=None
[2026-06-16T16:30:36.495+0000] {processor.py:183} INFO - Processing /opt/airflow/dags/dag_08_gcp_taxi.py took 0.136 seconds
[2026-06-16T16:31:07.322+0000] {processor.py:161} INFO - Started process (PID=20083) to work on /opt/airflow/dags/dag_08_gcp_taxi.py
[2026-06-16T16:31:07.330+0000] {processor.py:830} INFO - Processing file /opt/airflow/dags/dag_08_gcp_taxi.py for tasks to queue
[2026-06-16T16:31:07.333+0000] {logging_mixin.py:188} INFO - [2026-06-16T16:31:07.332+0000] {dagbag.py:545} INFO - Filling up the DagBag from /opt/airflow/dags/dag_08_gcp_taxi.py
[2026-06-16T16:31:07.348+0000] {processor.py:840} INFO - DAG(s) '08_gcp_taxi' retrieved from /opt/airflow/dags/dag_08_gcp_taxi.py
[2026-06-16T16:31:07.404+0000] {logging_mixin.py:188} INFO - [2026-06-16T16:31:07.404+0000] {dag.py:3089} INFO - Sync 1 DAGs
[2026-06-16T16:31:07.421+0000] {logging_mixin.py:188} INFO - [2026-06-16T16:31:07.421+0000] {dag.py:3947} INFO - Setting next_dagrun for 08_gcp_taxi to None, run_after=None
[2026-06-16T16:31:07.445+0000] {processor.py:183} INFO - Processing /opt/airflow/dags/dag_08_gcp_taxi.py took 0.132 seconds
[2026-06-16T16:31:38.306+0000] {processor.py:161} INFO - Started process (PID=20123) to work on /opt/airflow/dags/dag_08_gcp_taxi.py
[2026-06-16T16:31:38.307+0000] {processor.py:830} INFO - Processing file /opt/airflow/dags/dag_08_gcp_taxi.py for tasks to queue
[2026-06-16T16:31:38.310+0000] {logging_mixin.py:188} INFO - [2026-06-16T16:31:38.310+0000] {dagbag.py:545} INFO - Filling up the DagBag from /opt/airflow/dags/dag_08_gcp_taxi.py
[2026-06-16T16:31:38.324+0000] {processor.py:840} INFO - DAG(s) '08_gcp_taxi' retrieved from /opt/airflow/dags/dag_08_gcp_taxi.py
[2026-06-16T16:31:38.390+0000] {logging_mixin.py:188} INFO - [2026-06-16T16:31:38.390+0000] {dag.py:3089} INFO - Sync 1 DAGs
[2026-06-16T16:31:38.407+0000] {logging_mixin.py:188} INFO - [2026-06-16T16:31:38.406+0000] {dag.py:3947} INFO - Setting next_dagrun for 08_gcp_taxi to None, run_after=None
[2026-06-16T16:31:38.440+0000] {processor.py:183} INFO - Processing /opt/airflow/dags/dag_08_gcp_taxi.py took 0.144 seconds
[2026-06-16T16:32:08.570+0000] {processor.py:161} INFO - Started process (PID=20163) to work on /opt/airflow/dags/dag_08_gcp_taxi.py
[2026-06-16T16:32:08.571+0000] {processor.py:830} INFO - Processing file /opt/airflow/dags/dag_08_gcp_taxi.py for tasks to queue
[2026-06-16T16:32:08.574+0000] {logging_mixin.py:188} INFO - [2026-06-16T16:32:08.573+0000] {dagbag.py:545} INFO - Filling up the DagBag from /opt/airflow/dags/dag_08_gcp_taxi.py
[2026-06-16T16:32:08.586+0000] {processor.py:840} INFO - DAG(s) '08_gcp_taxi' retrieved from /opt/airflow/dags/dag_08_gcp_taxi.py
[2026-06-16T16:32:08.647+0000] {logging_mixin.py:188} INFO - [2026-06-16T16:32:08.646+0000] {dag.py:3089} INFO - Sync 1 DAGs
[2026-06-16T16:32:08.664+0000] {logging_mixin.py:188} INFO - [2026-06-16T16:32:08.663+0000] {dag.py:3947} INFO - Setting next_dagrun for 08_gcp_taxi to None, run_after=None
[2026-06-16T16:32:08.687+0000] {processor.py:183} INFO - Processing /opt/airflow/dags/dag_08_gcp_taxi.py took 0.125 seconds
[2026-06-16T16:32:38.791+0000] {processor.py:161} INFO - Started process (PID=20203) to work on /opt/airflow/dags/dag_08_gcp_taxi.py
[2026-06-16T16:32:38.793+0000] {processor.py:830} INFO - Processing file /opt/airflow/dags/dag_08_gcp_taxi.py for tasks to queue
[2026-06-16T16:32:38.796+0000] {logging_mixin.py:188} INFO - [2026-06-16T16:32:38.795+0000] {dagbag.py:545} INFO - Filling up the DagBag from /opt/airflow/dags/dag_08_gcp_taxi.py
[2026-06-16T16:32:38.809+0000] {processor.py:840} INFO - DAG(s) '08_gcp_taxi' retrieved from /opt/airflow/dags/dag_08_gcp_taxi.py
[2026-06-16T16:32:38.868+0000] {logging_mixin.py:188} INFO - [2026-06-16T16:32:38.867+0000] {dag.py:3089} INFO - Sync 1 DAGs
[2026-06-16T16:32:38.884+0000] {logging_mixin.py:188} INFO - [2026-06-16T16:32:38.884+0000] {dag.py:3947} INFO - Setting next_dagrun for 08_gcp_taxi to None, run_after=None
[2026-06-16T16:32:38.909+0000] {processor.py:183} INFO - Processing /opt/airflow/dags/dag_08_gcp_taxi.py took 0.125 seconds
[2026-06-16T16:33:08.945+0000] {processor.py:161} INFO - Started process (PID=20243) to work on /opt/airflow/dags/dag_08_gcp_taxi.py
[2026-06-16T16:33:08.947+0000] {processor.py:830} INFO - Processing file /opt/airflow/dags/dag_08_gcp_taxi.py for tasks to queue
[2026-06-16T16:33:08.949+0000] {logging_mixin.py:188} INFO - [2026-06-16T16:33:08.949+0000] {dagbag.py:545} INFO - Filling up the DagBag from /opt/airflow/dags/dag_08_gcp_taxi.py
[2026-06-16T16:33:08.961+0000] {processor.py:840} INFO - DAG(s) '08_gcp_taxi' retrieved from /opt/airflow/dags/dag_08_gcp_taxi.py
[2026-06-16T16:33:09.016+0000] {logging_mixin.py:188} INFO - [2026-06-16T16:33:09.016+0000] {dag.py:3089} INFO - Sync 1 DAGs
[2026-06-16T16:33:09.032+0000] {logging_mixin.py:188} INFO - [2026-06-16T16:33:09.031+0000] {dag.py:3947} INFO - Setting next_dagrun for 08_gcp_taxi to None, run_after=None
[2026-06-16T16:33:09.056+0000] {processor.py:183} INFO - Processing /opt/airflow/dags/dag_08_gcp_taxi.py took 0.118 seconds
[2026-06-16T16:33:39.116+0000] {processor.py:161} INFO - Started process (PID=20283) to work on /opt/airflow/dags/dag_08_gcp_taxi.py
[2026-06-16T16:33:39.116+0000] {processor.py:830} INFO - Processing file /opt/airflow/dags/dag_08_gcp_taxi.py for tasks to queue
[2026-06-16T16:33:39.118+0000] {logging_mixin.py:188} INFO - [2026-06-16T16:33:39.118+0000] {dagbag.py:545} INFO - Filling up the DagBag from /opt/airflow/dags/dag_08_gcp_taxi.py
[2026-06-16T16:33:39.139+0000] {processor.py:840} INFO - DAG(s) '08_gcp_taxi' retrieved from /opt/airflow/dags/dag_08_gcp_taxi.py
[2026-06-16T16:33:39.206+0000] {logging_mixin.py:188} INFO - [2026-06-16T16:33:39.206+0000] {dag.py:3089} INFO - Sync 1 DAGs
[2026-06-16T16:33:39.221+0000] {logging_mixin.py:188} INFO - [2026-06-16T16:33:39.221+0000] {dag.py:3947} INFO - Setting next_dagrun for 08_gcp_taxi to None, run_after=None
[2026-06-16T16:33:39.249+0000] {processor.py:183} INFO - Processing /opt/airflow/dags/dag_08_gcp_taxi.py took 0.140 seconds
[2026-06-16T16:34:09.335+0000] {processor.py:161} INFO - Started process (PID=20323) to work on /opt/airflow/dags/dag_08_gcp_taxi.py
[2026-06-16T16:34:09.337+0000] {processor.py:830} INFO - Processing file /opt/airflow/dags/dag_08_gcp_taxi.py for tasks to queue
[2026-06-16T16:34:09.339+0000] {logging_mixin.py:188} INFO - [2026-06-16T16:34:09.338+0000] {dagbag.py:545} INFO - Filling up the DagBag from /opt/airflow/dags/dag_08_gcp_taxi.py
[2026-06-16T16:34:09.350+0000] {processor.py:840} INFO - DAG(s) '08_gcp_taxi' retrieved from /opt/airflow/dags/dag_08_gcp_taxi.py
[2026-06-16T16:34:09.407+0000] {logging_mixin.py:188} INFO - [2026-06-16T16:34:09.407+0000] {dag.py:3089} INFO - Sync 1 DAGs
[2026-06-16T16:34:09.422+0000] {logging_mixin.py:188} INFO - [2026-06-16T16:34:09.422+0000] {dag.py:3947} INFO - Setting next_dagrun for 08_gcp_taxi to None, run_after=None
[2026-06-16T16:34:09.445+0000] {processor.py:183} INFO - Processing /opt/airflow/dags/dag_08_gcp_taxi.py took 0.117 seconds
[2026-06-16T16:34:39.533+0000] {processor.py:161} INFO - Started process (PID=20363) to work on /opt/airflow/dags/dag_08_gcp_taxi.py
[2026-06-16T16:34:39.535+0000] {processor.py:830} INFO - Processing file /opt/airflow/dags/dag_08_gcp_taxi.py for tasks to queue
[2026-06-16T16:34:39.537+0000] {logging_mixin.py:188} INFO - [2026-06-16T16:34:39.536+0000] {dagbag.py:545} INFO - Filling up the DagBag from /opt/airflow/dags/dag_08_gcp_taxi.py
[2026-06-16T16:34:39.547+0000] {processor.py:840} INFO - DAG(s) '08_gcp_taxi' retrieved from /opt/airflow/dags/dag_08_gcp_taxi.py
[2026-06-16T16:34:39.599+0000] {logging_mixin.py:188} INFO - [2026-06-16T16:34:39.598+0000] {dag.py:3089} INFO - Sync 1 DAGs
[2026-06-16T16:34:39.612+0000] {logging_mixin.py:188} INFO - [2026-06-16T16:34:39.612+0000] {dag.py:3947} INFO - Setting next_dagrun for 08_gcp_taxi to None, run_after=None
[2026-06-16T16:34:39.636+0000] {processor.py:183} INFO - Processing /opt/airflow/dags/dag_08_gcp_taxi.py took 0.110 seconds
[2026-06-16T16:35:09.718+0000] {processor.py:161} INFO - Started process (PID=20403) to work on /opt/airflow/dags/dag_08_gcp_taxi.py
[2026-06-16T16:35:09.720+0000] {processor.py:830} INFO - Processing file /opt/airflow/dags/dag_08_gcp_taxi.py for tasks to queue
[2026-06-16T16:35:09.721+0000] {logging_mixin.py:188} INFO - [2026-06-16T16:35:09.721+0000] {dagbag.py:545} INFO - Filling up the DagBag from /opt/airflow/dags/dag_08_gcp_taxi.py
[2026-06-16T16:35:09.734+0000] {processor.py:840} INFO - DAG(s) '08_gcp_taxi' retrieved from /opt/airflow/dags/dag_08_gcp_taxi.py
[2026-06-16T16:35:09.789+0000] {logging_mixin.py:188} INFO - [2026-06-16T16:35:09.789+0000] {dag.py:3089} INFO - Sync 1 DAGs
[2026-06-16T16:35:09.806+0000] {logging_mixin.py:188} INFO - [2026-06-16T16:35:09.806+0000] {dag.py:3947} INFO - Setting next_dagrun for 08_gcp_taxi to None, run_after=None
[2026-06-16T16:35:09.829+0000] {processor.py:183} INFO - Processing /opt/airflow/dags/dag_08_gcp_taxi.py took 0.118 seconds
[2026-06-16T16:35:39.886+0000] {processor.py:161} INFO - Started process (PID=20443) to work on /opt/airflow/dags/dag_08_gcp_taxi.py
[2026-06-16T16:35:39.887+0000] {processor.py:830} INFO - Processing file /opt/airflow/dags/dag_08_gcp_taxi.py for tasks to queue
[2026-06-16T16:35:39.889+0000] {logging_mixin.py:188} INFO - [2026-06-16T16:35:39.889+0000] {dagbag.py:545} INFO - Filling up the DagBag from /opt/airflow/dags/dag_08_gcp_taxi.py
[2026-06-16T16:35:39.901+0000] {processor.py:840} INFO - DAG(s) '08_gcp_taxi' retrieved from /opt/airflow/dags/dag_08_gcp_taxi.py
[2026-06-16T16:35:39.951+0000] {logging_mixin.py:188} INFO - [2026-06-16T16:35:39.951+0000] {dag.py:3089} INFO - Sync 1 DAGs
[2026-06-16T16:35:39.966+0000] {logging_mixin.py:188} INFO - [2026-06-16T16:35:39.965+0000] {dag.py:3947} INFO - Setting next_dagrun for 08_gcp_taxi to None, run_after=None
[2026-06-16T16:35:39.989+0000] {processor.py:183} INFO - Processing /opt/airflow/dags/dag_08_gcp_taxi.py took 0.110 seconds
[2026-06-16T16:36:10.050+0000] {processor.py:161} INFO - Started process (PID=20483) to work on /opt/airflow/dags/dag_08_gcp_taxi.py
[2026-06-16T16:36:10.052+0000] {processor.py:830} INFO - Processing file /opt/airflow/dags/dag_08_gcp_taxi.py for tasks to queue
[2026-06-16T16:36:10.054+0000] {logging_mixin.py:188} INFO - [2026-06-16T16:36:10.054+0000] {dagbag.py:545} INFO - Filling up the DagBag from /opt/airflow/dags/dag_08_gcp_taxi.py
[2026-06-16T16:36:10.065+0000] {processor.py:840} INFO - DAG(s) '08_gcp_taxi' retrieved from /opt/airflow/dags/dag_08_gcp_taxi.py
[2026-06-16T16:36:10.116+0000] {logging_mixin.py:188} INFO - [2026-06-16T16:36:10.115+0000] {dag.py:3089} INFO - Sync 1 DAGs
[2026-06-16T16:36:10.129+0000] {logging_mixin.py:188} INFO - [2026-06-16T16:36:10.128+0000] {dag.py:3947} INFO - Setting next_dagrun for 08_gcp_taxi to None, run_after=None
[2026-06-16T16:36:10.155+0000] {processor.py:183} INFO - Processing /opt/airflow/dags/dag_08_gcp_taxi.py took 0.112 seconds
[2026-06-16T16:36:40.282+0000] {processor.py:161} INFO - Started process (PID=20523) to work on /opt/airflow/dags/dag_08_gcp_taxi.py
[2026-06-16T16:36:40.283+0000] {processor.py:830} INFO - Processing file /opt/airflow/dags/dag_08_gcp_taxi.py for tasks to queue
[2026-06-16T16:36:40.285+0000] {logging_mixin.py:188} INFO - [2026-06-16T16:36:40.285+0000] {dagbag.py:545} INFO - Filling up the DagBag from /opt/airflow/dags/dag_08_gcp_taxi.py
[2026-06-16T16:36:40.297+0000] {processor.py:840} INFO - DAG(s) '08_gcp_taxi' retrieved from /opt/airflow/dags/dag_08_gcp_taxi.py
[2026-06-16T16:36:40.348+0000] {logging_mixin.py:188} INFO - [2026-06-16T16:36:40.348+0000] {dag.py:3089} INFO - Sync 1 DAGs
[2026-06-16T16:36:40.363+0000] {logging_mixin.py:188} INFO - [2026-06-16T16:36:40.362+0000] {dag.py:3947} INFO - Setting next_dagrun for 08_gcp_taxi to None, run_after=None
[2026-06-16T16:36:40.387+0000] {processor.py:183} INFO - Processing /opt/airflow/dags/dag_08_gcp_taxi.py took 0.112 seconds
[2026-06-16T16:37:11.124+0000] {processor.py:161} INFO - Started process (PID=20563) to work on /opt/airflow/dags/dag_08_gcp_taxi.py
[2026-06-16T16:37:11.135+0000] {processor.py:830} INFO - Processing file /opt/airflow/dags/dag_08_gcp_taxi.py for tasks to queue
[2026-06-16T16:37:11.137+0000] {logging_mixin.py:188} INFO - [2026-06-16T16:37:11.137+0000] {dagbag.py:545} INFO - Filling up the DagBag from /opt/airflow/dags/dag_08_gcp_taxi.py
[2026-06-16T16:37:11.149+0000] {processor.py:840} INFO - DAG(s) '08_gcp_taxi' retrieved from /opt/airflow/dags/dag_08_gcp_taxi.py
[2026-06-16T16:37:11.207+0000] {logging_mixin.py:188} INFO - [2026-06-16T16:37:11.206+0000] {dag.py:3089} INFO - Sync 1 DAGs
[2026-06-16T16:37:11.225+0000] {logging_mixin.py:188} INFO - [2026-06-16T16:37:11.225+0000] {dag.py:3947} INFO - Setting next_dagrun for 08_gcp_taxi to None, run_after=None
[2026-06-16T16:37:11.250+0000] {processor.py:183} INFO - Processing /opt/airflow/dags/dag_08_gcp_taxi.py took 0.134 seconds
[2026-06-16T16:37:41.378+0000] {processor.py:161} INFO - Started process (PID=20603) to work on /opt/airflow/dags/dag_08_gcp_taxi.py
[2026-06-16T16:37:41.379+0000] {processor.py:830} INFO - Processing file /opt/airflow/dags/dag_08_gcp_taxi.py for tasks to queue
[2026-06-16T16:37:41.382+0000] {logging_mixin.py:188} INFO - [2026-06-16T16:37:41.382+0000] {dagbag.py:545} INFO - Filling up the DagBag from /opt/airflow/dags/dag_08_gcp_taxi.py
[2026-06-16T16:37:41.395+0000] {processor.py:840} INFO - DAG(s) '08_gcp_taxi' retrieved from /opt/airflow/dags/dag_08_gcp_taxi.py
[2026-06-16T16:37:41.450+0000] {logging_mixin.py:188} INFO - [2026-06-16T16:37:41.450+0000] {dag.py:3089} INFO - Sync 1 DAGs
[2026-06-16T16:37:41.467+0000] {logging_mixin.py:188} INFO - [2026-06-16T16:37:41.467+0000] {dag.py:3947} INFO - Setting next_dagrun for 08_gcp_taxi to None, run_after=None
[2026-06-16T16:37:41.488+0000] {processor.py:183} INFO - Processing /opt/airflow/dags/dag_08_gcp_taxi.py took 0.119 seconds
[2026-06-16T16:38:11.548+0000] {processor.py:161} INFO - Started process (PID=20643) to work on /opt/airflow/dags/dag_08_gcp_taxi.py
[2026-06-16T16:38:11.559+0000] {processor.py:830} INFO - Processing file /opt/airflow/dags/dag_08_gcp_taxi.py for tasks to queue
[2026-06-16T16:38:11.561+0000] {logging_mixin.py:188} INFO - [2026-06-16T16:38:11.561+0000] {dagbag.py:545} INFO - Filling up the DagBag from /opt/airflow/dags/dag_08_gcp_taxi.py
[2026-06-16T16:38:11.574+0000] {processor.py:840} INFO - DAG(s) '08_gcp_taxi' retrieved from /opt/airflow/dags/dag_08_gcp_taxi.py
[2026-06-16T16:38:11.631+0000] {logging_mixin.py:188} INFO - [2026-06-16T16:38:11.631+0000] {dag.py:3089} INFO - Sync 1 DAGs
[2026-06-16T16:38:11.647+0000] {logging_mixin.py:188} INFO - [2026-06-16T16:38:11.647+0000] {dag.py:3947} INFO - Setting next_dagrun for 08_gcp_taxi to None, run_after=None
[2026-06-16T16:38:11.670+0000] {processor.py:183} INFO - Processing /opt/airflow/dags/dag_08_gcp_taxi.py took 0.131 seconds
[2026-06-16T16:38:41.742+0000] {processor.py:161} INFO - Started process (PID=20683) to work on /opt/airflow/dags/dag_08_gcp_taxi.py
[2026-06-16T16:38:41.743+0000] {processor.py:830} INFO - Processing file /opt/airflow/dags/dag_08_gcp_taxi.py for tasks to queue
[2026-06-16T16:38:41.746+0000] {logging_mixin.py:188} INFO - [2026-06-16T16:38:41.746+0000] {dagbag.py:545} INFO - Filling up the DagBag from /opt/airflow/dags/dag_08_gcp_taxi.py
[2026-06-16T16:38:41.758+0000] {processor.py:840} INFO - DAG(s) '08_gcp_taxi' retrieved from /opt/airflow/dags/dag_08_gcp_taxi.py
[2026-06-16T16:38:41.819+0000] {logging_mixin.py:188} INFO - [2026-06-16T16:38:41.819+0000] {dag.py:3089} INFO - Sync 1 DAGs
[2026-06-16T16:38:41.836+0000] {logging_mixin.py:188} INFO - [2026-06-16T16:38:41.835+0000] {dag.py:3947} INFO - Setting next_dagrun for 08_gcp_taxi to None, run_after=None
[2026-06-16T16:38:41.859+0000] {processor.py:183} INFO - Processing /opt/airflow/dags/dag_08_gcp_taxi.py took 0.126 seconds
[2026-06-16T16:39:11.905+0000] {processor.py:161} INFO - Started process (PID=20723) to work on /opt/airflow/dags/dag_08_gcp_taxi.py
[2026-06-16T16:39:11.907+0000] {processor.py:830} INFO - Processing file /opt/airflow/dags/dag_08_gcp_taxi.py for tasks to queue
[2026-06-16T16:39:11.910+0000] {logging_mixin.py:188} INFO - [2026-06-16T16:39:11.909+0000] {dagbag.py:545} INFO - Filling up the DagBag from /opt/airflow/dags/dag_08_gcp_taxi.py
[2026-06-16T16:39:11.924+0000] {processor.py:840} INFO - DAG(s) '08_gcp_taxi' retrieved from /opt/airflow/dags/dag_08_gcp_taxi.py
[2026-06-16T16:39:11.986+0000] {logging_mixin.py:188} INFO - [2026-06-16T16:39:11.986+0000] {dag.py:3089} INFO - Sync 1 DAGs
[2026-06-16T16:39:12.007+0000] {logging_mixin.py:188} INFO - [2026-06-16T16:39:12.006+0000] {dag.py:3947} INFO - Setting next_dagrun for 08_gcp_taxi to None, run_after=None
[2026-06-16T16:39:12.031+0000] {processor.py:183} INFO - Processing /opt/airflow/dags/dag_08_gcp_taxi.py took 0.134 seconds
[2026-06-16T16:39:42.067+0000] {processor.py:161} INFO - Started process (PID=20763) to work on /opt/airflow/dags/dag_08_gcp_taxi.py
[2026-06-16T16:39:42.069+0000] {processor.py:830} INFO - Processing file /opt/airflow/dags/dag_08_gcp_taxi.py for tasks to queue
[2026-06-16T16:39:42.071+0000] {logging_mixin.py:188} INFO - [2026-06-16T16:39:42.070+0000] {dagbag.py:545} INFO - Filling up the DagBag from /opt/airflow/dags/dag_08_gcp_taxi.py
[2026-06-16T16:39:42.082+0000] {processor.py:840} INFO - DAG(s) '08_gcp_taxi' retrieved from /opt/airflow/dags/dag_08_gcp_taxi.py
[2026-06-16T16:39:42.133+0000] {logging_mixin.py:188} INFO - [2026-06-16T16:39:42.133+0000] {dag.py:3089} INFO - Sync 1 DAGs
[2026-06-16T16:39:42.146+0000] {logging_mixin.py:188} INFO - [2026-06-16T16:39:42.146+0000] {dag.py:3947} INFO - Setting next_dagrun for 08_gcp_taxi to None, run_after=None
[2026-06-16T16:39:42.169+0000] {processor.py:183} INFO - Processing /opt/airflow/dags/dag_08_gcp_taxi.py took 0.108 seconds
[2026-06-16T16:40:12.213+0000] {processor.py:161} INFO - Started process (PID=20803) to work on /opt/airflow/dags/dag_08_gcp_taxi.py
[2026-06-16T16:40:12.215+0000] {processor.py:830} INFO - Processing file /opt/airflow/dags/dag_08_gcp_taxi.py for tasks to queue
[2026-06-16T16:40:12.217+0000] {logging_mixin.py:188} INFO - [2026-06-16T16:40:12.217+0000] {dagbag.py:545} INFO - Filling up the DagBag from /opt/airflow/dags/dag_08_gcp_taxi.py
[2026-06-16T16:40:12.230+0000] {processor.py:840} INFO - DAG(s) '08_gcp_taxi' retrieved from /opt/airflow/dags/dag_08_gcp_taxi.py
[2026-06-16T16:40:12.287+0000] {logging_mixin.py:188} INFO - [2026-06-16T16:40:12.286+0000] {dag.py:3089} INFO - Sync 1 DAGs
[2026-06-16T16:40:12.303+0000] {logging_mixin.py:188} INFO - [2026-06-16T16:40:12.303+0000] {dag.py:3947} INFO - Setting next_dagrun for 08_gcp_taxi to None, run_after=None
[2026-06-16T16:40:12.329+0000] {processor.py:183} INFO - Processing /opt/airflow/dags/dag_08_gcp_taxi.py took 0.123 seconds
[2026-06-16T16:40:42.437+0000] {processor.py:161} INFO - Started process (PID=20843) to work on /opt/airflow/dags/dag_08_gcp_taxi.py
[2026-06-16T16:40:42.448+0000] {processor.py:830} INFO - Processing file /opt/airflow/dags/dag_08_gcp_taxi.py for tasks to queue
[2026-06-16T16:40:42.450+0000] {logging_mixin.py:188} INFO - [2026-06-16T16:40:42.450+0000] {dagbag.py:545} INFO - Filling up the DagBag from /opt/airflow/dags/dag_08_gcp_taxi.py
[2026-06-16T16:40:42.461+0000] {processor.py:840} INFO - DAG(s) '08_gcp_taxi' retrieved from /opt/airflow/dags/dag_08_gcp_taxi.py
[2026-06-16T16:40:42.515+0000] {logging_mixin.py:188} INFO - [2026-06-16T16:40:42.514+0000] {dag.py:3089} INFO - Sync 1 DAGs
[2026-06-16T16:40:42.531+0000] {logging_mixin.py:188} INFO - [2026-06-16T16:40:42.531+0000] {dag.py:3947} INFO - Setting next_dagrun for 08_gcp_taxi to None, run_after=None
[2026-06-16T16:40:42.561+0000] {processor.py:183} INFO - Processing /opt/airflow/dags/dag_08_gcp_taxi.py took 0.131 seconds
[2026-06-16T16:41:12.619+0000] {processor.py:161} INFO - Started process (PID=20883) to work on /opt/airflow/dags/dag_08_gcp_taxi.py
[2026-06-16T16:41:12.621+0000] {processor.py:830} INFO - Processing file /opt/airflow/dags/dag_08_gcp_taxi.py for tasks to queue
[2026-06-16T16:41:12.623+0000] {logging_mixin.py:188} INFO - [2026-06-16T16:41:12.623+0000] {dagbag.py:545} INFO - Filling up the DagBag from /opt/airflow/dags/dag_08_gcp_taxi.py
[2026-06-16T16:41:12.635+0000] {processor.py:840} INFO - DAG(s) '08_gcp_taxi' retrieved from /opt/airflow/dags/dag_08_gcp_taxi.py
[2026-06-16T16:41:12.685+0000] {logging_mixin.py:188} INFO - [2026-06-16T16:41:12.684+0000] {dag.py:3089} INFO - Sync 1 DAGs
[2026-06-16T16:41:12.698+0000] {logging_mixin.py:188} INFO - [2026-06-16T16:41:12.698+0000] {dag.py:3947} INFO - Setting next_dagrun for 08_gcp_taxi to None, run_after=None
[2026-06-16T16:41:12.723+0000] {processor.py:183} INFO - Processing /opt/airflow/dags/dag_08_gcp_taxi.py took 0.112 seconds
[2026-06-16T16:41:42.825+0000] {processor.py:161} INFO - Started process (PID=20923) to work on /opt/airflow/dags/dag_08_gcp_taxi.py
[2026-06-16T16:41:42.835+0000] {processor.py:830} INFO - Processing file /opt/airflow/dags/dag_08_gcp_taxi.py for tasks to queue
[2026-06-16T16:41:42.837+0000] {logging_mixin.py:188} INFO - [2026-06-16T16:41:42.837+0000] {dagbag.py:545} INFO - Filling up the DagBag from /opt/airflow/dags/dag_08_gcp_taxi.py
[2026-06-16T16:41:42.848+0000] {processor.py:840} INFO - DAG(s) '08_gcp_taxi' retrieved from /opt/airflow/dags/dag_08_gcp_taxi.py
[2026-06-16T16:41:42.899+0000] {logging_mixin.py:188} INFO - [2026-06-16T16:41:42.899+0000] {dag.py:3089} INFO - Sync 1 DAGs
[2026-06-16T16:41:42.912+0000] {logging_mixin.py:188} INFO - [2026-06-16T16:41:42.912+0000] {dag.py:3947} INFO - Setting next_dagrun for 08_gcp_taxi to None, run_after=None
[2026-06-16T16:41:42.935+0000] {processor.py:183} INFO - Processing /opt/airflow/dags/dag_08_gcp_taxi.py took 0.116 seconds
[2026-06-16T16:42:12.996+0000] {processor.py:161} INFO - Started process (PID=20963) to work on /opt/airflow/dags/dag_08_gcp_taxi.py
[2026-06-16T16:42:13.006+0000] {processor.py:830} INFO - Processing file /opt/airflow/dags/dag_08_gcp_taxi.py for tasks to queue
[2026-06-16T16:42:13.008+0000] {logging_mixin.py:188} INFO - [2026-06-16T16:42:13.008+0000] {dagbag.py:545} INFO - Filling up the DagBag from /opt/airflow/dags/dag_08_gcp_taxi.py
[2026-06-16T16:42:13.019+0000] {processor.py:840} INFO - DAG(s) '08_gcp_taxi' retrieved from /opt/airflow/dags/dag_08_gcp_taxi.py
[2026-06-16T16:42:13.070+0000] {logging_mixin.py:188} INFO - [2026-06-16T16:42:13.069+0000] {dag.py:3089} INFO - Sync 1 DAGs
[2026-06-16T16:42:13.083+0000] {logging_mixin.py:188} INFO - [2026-06-16T16:42:13.082+0000] {dag.py:3947} INFO - Setting next_dagrun for 08_gcp_taxi to None, run_after=None
[2026-06-16T16:42:13.108+0000] {processor.py:183} INFO - Processing /opt/airflow/dags/dag_08_gcp_taxi.py took 0.119 seconds
[2026-06-16T16:42:43.160+0000] {processor.py:161} INFO - Started process (PID=21003) to work on /opt/airflow/dags/dag_08_gcp_taxi.py
[2026-06-16T16:42:43.169+0000] {processor.py:830} INFO - Processing file /opt/airflow/dags/dag_08_gcp_taxi.py for tasks to queue
[2026-06-16T16:42:43.171+0000] {logging_mixin.py:188} INFO - [2026-06-16T16:42:43.171+0000] {dagbag.py:545} INFO - Filling up the DagBag from /opt/airflow/dags/dag_08_gcp_taxi.py
[2026-06-16T16:42:43.183+0000] {processor.py:840} INFO - DAG(s) '08_gcp_taxi' retrieved from /opt/airflow/dags/dag_08_gcp_taxi.py
[2026-06-16T16:42:43.235+0000] {logging_mixin.py:188} INFO - [2026-06-16T16:42:43.235+0000] {dag.py:3089} INFO - Sync 1 DAGs
[2026-06-16T16:42:43.250+0000] {logging_mixin.py:188} INFO - [2026-06-16T16:42:43.250+0000] {dag.py:3947} INFO - Setting next_dagrun for 08_gcp_taxi to None, run_after=None
[2026-06-16T16:42:43.277+0000] {processor.py:183} INFO - Processing /opt/airflow/dags/dag_08_gcp_taxi.py took 0.125 seconds
[2026-06-16T16:43:13.367+0000] {processor.py:161} INFO - Started process (PID=21043) to work on /opt/airflow/dags/dag_08_gcp_taxi.py
[2026-06-16T16:43:13.369+0000] {processor.py:830} INFO - Processing file /opt/airflow/dags/dag_08_gcp_taxi.py for tasks to queue
[2026-06-16T16:43:13.371+0000] {logging_mixin.py:188} INFO - [2026-06-16T16:43:13.371+0000] {dagbag.py:545} INFO - Filling up the DagBag from /opt/airflow/dags/dag_08_gcp_taxi.py
[2026-06-16T16:43:13.382+0000] {processor.py:840} INFO - DAG(s) '08_gcp_taxi' retrieved from /opt/airflow/dags/dag_08_gcp_taxi.py
[2026-06-16T16:43:13.443+0000] {logging_mixin.py:188} INFO - [2026-06-16T16:43:13.443+0000] {dag.py:3089} INFO - Sync 1 DAGs
[2026-06-16T16:43:13.460+0000] {logging_mixin.py:188} INFO - [2026-06-16T16:43:13.460+0000] {dag.py:3947} INFO - Setting next_dagrun for 08_gcp_taxi to None, run_after=None
[2026-06-16T16:43:13.488+0000] {processor.py:183} INFO - Processing /opt/airflow/dags/dag_08_gcp_taxi.py took 0.128 seconds
[2026-06-16T16:43:43.624+0000] {processor.py:161} INFO - Started process (PID=21083) to work on /opt/airflow/dags/dag_08_gcp_taxi.py
[2026-06-16T16:43:43.634+0000] {processor.py:830} INFO - Processing file /opt/airflow/dags/dag_08_gcp_taxi.py for tasks to queue
[2026-06-16T16:43:43.637+0000] {logging_mixin.py:188} INFO - [2026-06-16T16:43:43.636+0000] {dagbag.py:545} INFO - Filling up the DagBag from /opt/airflow/dags/dag_08_gcp_taxi.py
[2026-06-16T16:43:43.648+0000] {processor.py:840} INFO - DAG(s) '08_gcp_taxi' retrieved from /opt/airflow/dags/dag_08_gcp_taxi.py
[2026-06-16T16:43:43.699+0000] {logging_mixin.py:188} INFO - [2026-06-16T16:43:43.699+0000] {dag.py:3089} INFO - Sync 1 DAGs
[2026-06-16T16:43:43.714+0000] {logging_mixin.py:188} INFO - [2026-06-16T16:43:43.713+0000] {dag.py:3947} INFO - Setting next_dagrun for 08_gcp_taxi to None, run_after=None
[2026-06-16T16:43:43.735+0000] {processor.py:183} INFO - Processing /opt/airflow/dags/dag_08_gcp_taxi.py took 0.118 seconds
[2026-06-16T16:44:13.834+0000] {processor.py:161} INFO - Started process (PID=21123) to work on /opt/airflow/dags/dag_08_gcp_taxi.py
[2026-06-16T16:44:13.835+0000] {processor.py:830} INFO - Processing file /opt/airflow/dags/dag_08_gcp_taxi.py for tasks to queue
[2026-06-16T16:44:13.837+0000] {logging_mixin.py:188} INFO - [2026-06-16T16:44:13.837+0000] {dagbag.py:545} INFO - Filling up the DagBag from /opt/airflow/dags/dag_08_gcp_taxi.py
[2026-06-16T16:44:13.848+0000] {processor.py:840} INFO - DAG(s) '08_gcp_taxi' retrieved from /opt/airflow/dags/dag_08_gcp_taxi.py
[2026-06-16T16:44:13.899+0000] {logging_mixin.py:188} INFO - [2026-06-16T16:44:13.899+0000] {dag.py:3089} INFO - Sync 1 DAGs
[2026-06-16T16:44:13.912+0000] {logging_mixin.py:188} INFO - [2026-06-16T16:44:13.912+0000] {dag.py:3947} INFO - Setting next_dagrun for 08_gcp_taxi to None, run_after=None
[2026-06-16T16:44:13.937+0000] {processor.py:183} INFO - Processing /opt/airflow/dags/dag_08_gcp_taxi.py took 0.109 seconds
[2026-06-16T16:44:44.019+0000] {processor.py:161} INFO - Started process (PID=21163) to work on /opt/airflow/dags/dag_08_gcp_taxi.py
[2026-06-16T16:44:44.030+0000] {processor.py:830} INFO - Processing file /opt/airflow/dags/dag_08_gcp_taxi.py for tasks to queue
[2026-06-16T16:44:44.032+0000] {logging_mixin.py:188} INFO - [2026-06-16T16:44:44.031+0000] {dagbag.py:545} INFO - Filling up the DagBag from /opt/airflow/dags/dag_08_gcp_taxi.py
[2026-06-16T16:44:44.043+0000] {processor.py:840} INFO - DAG(s) '08_gcp_taxi' retrieved from /opt/airflow/dags/dag_08_gcp_taxi.py
[2026-06-16T16:44:44.095+0000] {logging_mixin.py:188} INFO - [2026-06-16T16:44:44.095+0000] {dag.py:3089} INFO - Sync 1 DAGs
[2026-06-16T16:44:44.110+0000] {logging_mixin.py:188} INFO - [2026-06-16T16:44:44.109+0000] {dag.py:3947} INFO - Setting next_dagrun for 08_gcp_taxi to None, run_after=None
[2026-06-16T16:44:44.133+0000] {processor.py:183} INFO - Processing /opt/airflow/dags/dag_08_gcp_taxi.py took 0.121 seconds
[2026-06-16T16:45:14.219+0000] {processor.py:161} INFO - Started process (PID=21203) to work on /opt/airflow/dags/dag_08_gcp_taxi.py
[2026-06-16T16:45:14.220+0000] {processor.py:830} INFO - Processing file /opt/airflow/dags/dag_08_gcp_taxi.py for tasks to queue
[2026-06-16T16:45:14.223+0000] {logging_mixin.py:188} INFO - [2026-06-16T16:45:14.222+0000] {dagbag.py:545} INFO - Filling up the DagBag from /opt/airflow/dags/dag_08_gcp_taxi.py
[2026-06-16T16:45:14.235+0000] {processor.py:840} INFO - DAG(s) '08_gcp_taxi' retrieved from /opt/airflow/dags/dag_08_gcp_taxi.py
[2026-06-16T16:45:14.297+0000] {logging_mixin.py:188} INFO - [2026-06-16T16:45:14.297+0000] {dag.py:3089} INFO - Sync 1 DAGs
[2026-06-16T16:45:14.315+0000] {logging_mixin.py:188} INFO - [2026-06-16T16:45:14.314+0000] {dag.py:3947} INFO - Setting next_dagrun for 08_gcp_taxi to None, run_after=None
[2026-06-16T16:45:14.339+0000] {processor.py:183} INFO - Processing /opt/airflow/dags/dag_08_gcp_taxi.py took 0.126 seconds
[2026-06-16T16:45:44.427+0000] {processor.py:161} INFO - Started process (PID=21243) to work on /opt/airflow/dags/dag_08_gcp_taxi.py
[2026-06-16T16:45:44.438+0000] {processor.py:830} INFO - Processing file /opt/airflow/dags/dag_08_gcp_taxi.py for tasks to queue
[2026-06-16T16:45:44.440+0000] {logging_mixin.py:188} INFO - [2026-06-16T16:45:44.440+0000] {dagbag.py:545} INFO - Filling up the DagBag from /opt/airflow/dags/dag_08_gcp_taxi.py
[2026-06-16T16:45:44.453+0000] {processor.py:840} INFO - DAG(s) '08_gcp_taxi' retrieved from /opt/airflow/dags/dag_08_gcp_taxi.py
[2026-06-16T16:45:44.510+0000] {logging_mixin.py:188} INFO - [2026-06-16T16:45:44.510+0000] {dag.py:3089} INFO - Sync 1 DAGs
[2026-06-16T16:45:44.528+0000] {logging_mixin.py:188} INFO - [2026-06-16T16:45:44.528+0000] {dag.py:3947} INFO - Setting next_dagrun for 08_gcp_taxi to None, run_after=None
[2026-06-16T16:45:44.551+0000] {processor.py:183} INFO - Processing /opt/airflow/dags/dag_08_gcp_taxi.py took 0.134 seconds
[2026-06-16T16:46:14.619+0000] {processor.py:161} INFO - Started process (PID=21283) to work on /opt/airflow/dags/dag_08_gcp_taxi.py
[2026-06-16T16:46:14.620+0000] {processor.py:830} INFO - Processing file /opt/airflow/dags/dag_08_gcp_taxi.py for tasks to queue
[2026-06-16T16:46:14.622+0000] {logging_mixin.py:188} INFO - [2026-06-16T16:46:14.621+0000] {dagbag.py:545} INFO - Filling up the DagBag from /opt/airflow/dags/dag_08_gcp_taxi.py
[2026-06-16T16:46:14.633+0000] {processor.py:840} INFO - DAG(s) '08_gcp_taxi' retrieved from /opt/airflow/dags/dag_08_gcp_taxi.py
[2026-06-16T16:46:14.685+0000] {logging_mixin.py:188} INFO - [2026-06-16T16:46:14.684+0000] {dag.py:3089} INFO - Sync 1 DAGs
[2026-06-16T16:46:14.699+0000] {logging_mixin.py:188} INFO - [2026-06-16T16:46:14.698+0000] {dag.py:3947} INFO - Setting next_dagrun for 08_gcp_taxi to None, run_after=None
[2026-06-16T16:46:14.722+0000] {processor.py:183} INFO - Processing /opt/airflow/dags/dag_08_gcp_taxi.py took 0.111 seconds
[2026-06-16T16:46:45.677+0000] {processor.py:161} INFO - Started process (PID=21323) to work on /opt/airflow/dags/dag_08_gcp_taxi.py
[2026-06-16T16:46:45.679+0000] {processor.py:830} INFO - Processing file /opt/airflow/dags/dag_08_gcp_taxi.py for tasks to queue
[2026-06-16T16:46:45.682+0000] {logging_mixin.py:188} INFO - [2026-06-16T16:46:45.681+0000] {dagbag.py:545} INFO - Filling up the DagBag from /opt/airflow/dags/dag_08_gcp_taxi.py
[2026-06-16T16:46:45.695+0000] {processor.py:840} INFO - DAG(s) '08_gcp_taxi' retrieved from /opt/airflow/dags/dag_08_gcp_taxi.py
[2026-06-16T16:46:45.757+0000] {logging_mixin.py:188} INFO - [2026-06-16T16:46:45.757+0000] {dag.py:3089} INFO - Sync 1 DAGs
[2026-06-16T16:46:45.775+0000] {logging_mixin.py:188} INFO - [2026-06-16T16:46:45.774+0000] {dag.py:3947} INFO - Setting next_dagrun for 08_gcp_taxi to None, run_after=None
[2026-06-16T16:46:45.800+0000] {processor.py:183} INFO - Processing /opt/airflow/dags/dag_08_gcp_taxi.py took 0.136 seconds
[2026-06-16T16:47:15.926+0000] {processor.py:161} INFO - Started process (PID=21363) to work on /opt/airflow/dags/dag_08_gcp_taxi.py
[2026-06-16T16:47:15.927+0000] {processor.py:830} INFO - Processing file /opt/airflow/dags/dag_08_gcp_taxi.py for tasks to queue
[2026-06-16T16:47:15.929+0000] {logging_mixin.py:188} INFO - [2026-06-16T16:47:15.929+0000] {dagbag.py:545} INFO - Filling up the DagBag from /opt/airflow/dags/dag_08_gcp_taxi.py
[2026-06-16T16:47:15.941+0000] {processor.py:840} INFO - DAG(s) '08_gcp_taxi' retrieved from /opt/airflow/dags/dag_08_gcp_taxi.py
[2026-06-16T16:47:15.998+0000] {logging_mixin.py:188} INFO - [2026-06-16T16:47:15.998+0000] {dag.py:3089} INFO - Sync 1 DAGs
[2026-06-16T16:47:16.016+0000] {logging_mixin.py:188} INFO - [2026-06-16T16:47:16.016+0000] {dag.py:3947} INFO - Setting next_dagrun for 08_gcp_taxi to None, run_after=None
[2026-06-16T16:47:16.040+0000] {processor.py:183} INFO - Processing /opt/airflow/dags/dag_08_gcp_taxi.py took 0.122 seconds
[2026-06-16T16:47:46.153+0000] {processor.py:161} INFO - Started process (PID=21403) to work on /opt/airflow/dags/dag_08_gcp_taxi.py
[2026-06-16T16:47:46.156+0000] {processor.py:830} INFO - Processing file /opt/airflow/dags/dag_08_gcp_taxi.py for tasks to queue
[2026-06-16T16:47:46.158+0000] {logging_mixin.py:188} INFO - [2026-06-16T16:47:46.158+0000] {dagbag.py:545} INFO - Filling up the DagBag from /opt/airflow/dags/dag_08_gcp_taxi.py
[2026-06-16T16:47:46.178+0000] {processor.py:840} INFO - DAG(s) '08_gcp_taxi' retrieved from /opt/airflow/dags/dag_08_gcp_taxi.py
[2026-06-16T16:47:46.257+0000] {logging_mixin.py:188} INFO - [2026-06-16T16:47:46.256+0000] {dag.py:3089} INFO - Sync 1 DAGs
[2026-06-16T16:47:46.273+0000] {logging_mixin.py:188} INFO - [2026-06-16T16:47:46.273+0000] {dag.py:3947} INFO - Setting next_dagrun for 08_gcp_taxi to None, run_after=None
[2026-06-16T16:47:46.299+0000] {processor.py:183} INFO - Processing /opt/airflow/dags/dag_08_gcp_taxi.py took 0.161 seconds
[2026-06-16T16:48:16.376+0000] {processor.py:161} INFO - Started process (PID=21443) to work on /opt/airflow/dags/dag_08_gcp_taxi.py
[2026-06-16T16:48:16.377+0000] {processor.py:830} INFO - Processing file /opt/airflow/dags/dag_08_gcp_taxi.py for tasks to queue
[2026-06-16T16:48:16.379+0000] {logging_mixin.py:188} INFO - [2026-06-16T16:48:16.379+0000] {dagbag.py:545} INFO - Filling up the DagBag from /opt/airflow/dags/dag_08_gcp_taxi.py
[2026-06-16T16:48:16.391+0000] {processor.py:840} INFO - DAG(s) '08_gcp_taxi' retrieved from /opt/airflow/dags/dag_08_gcp_taxi.py
[2026-06-16T16:48:16.449+0000] {logging_mixin.py:188} INFO - [2026-06-16T16:48:16.449+0000] {dag.py:3089} INFO - Sync 1 DAGs
[2026-06-16T16:48:16.465+0000] {logging_mixin.py:188} INFO - [2026-06-16T16:48:16.465+0000] {dag.py:3947} INFO - Setting next_dagrun for 08_gcp_taxi to None, run_after=None
[2026-06-16T16:48:16.492+0000] {processor.py:183} INFO - Processing /opt/airflow/dags/dag_08_gcp_taxi.py took 0.125 seconds
[2026-06-16T16:48:46.557+0000] {processor.py:161} INFO - Started process (PID=21483) to work on /opt/airflow/dags/dag_08_gcp_taxi.py
[2026-06-16T16:48:46.560+0000] {processor.py:830} INFO - Processing file /opt/airflow/dags/dag_08_gcp_taxi.py for tasks to queue
[2026-06-16T16:48:46.562+0000] {logging_mixin.py:188} INFO - [2026-06-16T16:48:46.562+0000] {dagbag.py:545} INFO - Filling up the DagBag from /opt/airflow/dags/dag_08_gcp_taxi.py
[2026-06-16T16:48:46.573+0000] {processor.py:840} INFO - DAG(s) '08_gcp_taxi' retrieved from /opt/airflow/dags/dag_08_gcp_taxi.py
[2026-06-16T16:48:46.627+0000] {logging_mixin.py:188} INFO - [2026-06-16T16:48:46.627+0000] {dag.py:3089} INFO - Sync 1 DAGs
[2026-06-16T16:48:46.643+0000] {logging_mixin.py:188} INFO - [2026-06-16T16:48:46.643+0000] {dag.py:3947} INFO - Setting next_dagrun for 08_gcp_taxi to None, run_after=None
[2026-06-16T16:48:46.666+0000] {processor.py:183} INFO - Processing /opt/airflow/dags/dag_08_gcp_taxi.py took 0.116 seconds
[2026-06-16T16:49:17.291+0000] {processor.py:161} INFO - Started process (PID=21523) to work on /opt/airflow/dags/dag_08_gcp_taxi.py
[2026-06-16T16:49:17.292+0000] {processor.py:830} INFO - Processing file /opt/airflow/dags/dag_08_gcp_taxi.py for tasks to queue
[2026-06-16T16:49:17.294+0000] {logging_mixin.py:188} INFO - [2026-06-16T16:49:17.294+0000] {dagbag.py:545} INFO - Filling up the DagBag from /opt/airflow/dags/dag_08_gcp_taxi.py
[2026-06-16T16:49:17.306+0000] {processor.py:840} INFO - DAG(s) '08_gcp_taxi' retrieved from /opt/airflow/dags/dag_08_gcp_taxi.py
[2026-06-16T16:49:17.364+0000] {logging_mixin.py:188} INFO - [2026-06-16T16:49:17.364+0000] {dag.py:3089} INFO - Sync 1 DAGs
[2026-06-16T16:49:17.381+0000] {logging_mixin.py:188} INFO - [2026-06-16T16:49:17.381+0000] {dag.py:3947} INFO - Setting next_dagrun for 08_gcp_taxi to None, run_after=None
[2026-06-16T16:49:17.407+0000] {processor.py:183} INFO - Processing /opt/airflow/dags/dag_08_gcp_taxi.py took 0.124 seconds
[2026-06-16T16:49:48.373+0000] {processor.py:161} INFO - Started process (PID=21563) to work on /opt/airflow/dags/dag_08_gcp_taxi.py
[2026-06-16T16:49:48.384+0000] {processor.py:830} INFO - Processing file /opt/airflow/dags/dag_08_gcp_taxi.py for tasks to queue
[2026-06-16T16:49:48.387+0000] {logging_mixin.py:188} INFO - [2026-06-16T16:49:48.387+0000] {dagbag.py:545} INFO - Filling up the DagBag from /opt/airflow/dags/dag_08_gcp_taxi.py
[2026-06-16T16:49:48.403+0000] {processor.py:840} INFO - DAG(s) '08_gcp_taxi' retrieved from /opt/airflow/dags/dag_08_gcp_taxi.py
[2026-06-16T16:49:48.471+0000] {logging_mixin.py:188} INFO - [2026-06-16T16:49:48.470+0000] {dag.py:3089} INFO - Sync 1 DAGs
[2026-06-16T16:49:48.487+0000] {logging_mixin.py:188} INFO - [2026-06-16T16:49:48.486+0000] {dag.py:3947} INFO - Setting next_dagrun for 08_gcp_taxi to None, run_after=None
[2026-06-16T16:49:48.513+0000] {processor.py:183} INFO - Processing /opt/airflow/dags/dag_08_gcp_taxi.py took 0.152 seconds
[2026-06-16T16:50:19.371+0000] {processor.py:161} INFO - Started process (PID=21603) to work on /opt/airflow/dags/dag_08_gcp_taxi.py
[2026-06-16T16:50:19.382+0000] {processor.py:830} INFO - Processing file /opt/airflow/dags/dag_08_gcp_taxi.py for tasks to queue
[2026-06-16T16:50:19.384+0000] {logging_mixin.py:188} INFO - [2026-06-16T16:50:19.384+0000] {dagbag.py:545} INFO - Filling up the DagBag from /opt/airflow/dags/dag_08_gcp_taxi.py
[2026-06-16T16:50:19.396+0000] {processor.py:840} INFO - DAG(s) '08_gcp_taxi' retrieved from /opt/airflow/dags/dag_08_gcp_taxi.py
[2026-06-16T16:50:19.454+0000] {logging_mixin.py:188} INFO - [2026-06-16T16:50:19.454+0000] {dag.py:3089} INFO - Sync 1 DAGs
[2026-06-16T16:50:19.471+0000] {logging_mixin.py:188} INFO - [2026-06-16T16:50:19.471+0000] {dag.py:3947} INFO - Setting next_dagrun for 08_gcp_taxi to None, run_after=None
[2026-06-16T16:50:19.496+0000] {processor.py:183} INFO - Processing /opt/airflow/dags/dag_08_gcp_taxi.py took 0.133 seconds
[2026-06-16T16:50:50.351+0000] {processor.py:161} INFO - Started process (PID=21643) to work on /opt/airflow/dags/dag_08_gcp_taxi.py
[2026-06-16T16:50:50.362+0000] {processor.py:830} INFO - Processing file /opt/airflow/dags/dag_08_gcp_taxi.py for tasks to queue
[2026-06-16T16:50:50.364+0000] {logging_mixin.py:188} INFO - [2026-06-16T16:50:50.364+0000] {dagbag.py:545} INFO - Filling up the DagBag from /opt/airflow/dags/dag_08_gcp_taxi.py
[2026-06-16T16:50:50.376+0000] {processor.py:840} INFO - DAG(s) '08_gcp_taxi' retrieved from /opt/airflow/dags/dag_08_gcp_taxi.py
[2026-06-16T16:50:50.431+0000] {logging_mixin.py:188} INFO - [2026-06-16T16:50:50.431+0000] {dag.py:3089} INFO - Sync 1 DAGs
[2026-06-16T16:50:50.447+0000] {logging_mixin.py:188} INFO - [2026-06-16T16:50:50.447+0000] {dag.py:3947} INFO - Setting next_dagrun for 08_gcp_taxi to None, run_after=None
[2026-06-16T16:50:50.472+0000] {processor.py:183} INFO - Processing /opt/airflow/dags/dag_08_gcp_taxi.py took 0.129 seconds
[2026-06-16T16:51:21.426+0000] {processor.py:161} INFO - Started process (PID=21683) to work on /opt/airflow/dags/dag_08_gcp_taxi.py
[2026-06-16T16:51:21.428+0000] {processor.py:830} INFO - Processing file /opt/airflow/dags/dag_08_gcp_taxi.py for tasks to queue
[2026-06-16T16:51:21.431+0000] {logging_mixin.py:188} INFO - [2026-06-16T16:51:21.430+0000] {dagbag.py:545} INFO - Filling up the DagBag from /opt/airflow/dags/dag_08_gcp_taxi.py
[2026-06-16T16:51:21.443+0000] {processor.py:840} INFO - DAG(s) '08_gcp_taxi' retrieved from /opt/airflow/dags/dag_08_gcp_taxi.py
[2026-06-16T16:51:21.500+0000] {logging_mixin.py:188} INFO - [2026-06-16T16:51:21.499+0000] {dag.py:3089} INFO - Sync 1 DAGs
[2026-06-16T16:51:21.516+0000] {logging_mixin.py:188} INFO - [2026-06-16T16:51:21.516+0000] {dag.py:3947} INFO - Setting next_dagrun for 08_gcp_taxi to None, run_after=None
[2026-06-16T16:51:21.540+0000] {processor.py:183} INFO - Processing /opt/airflow/dags/dag_08_gcp_taxi.py took 0.122 seconds
[2026-06-16T16:51:52.379+0000] {processor.py:161} INFO - Started process (PID=21723) to work on /opt/airflow/dags/dag_08_gcp_taxi.py
[2026-06-16T16:51:52.381+0000] {processor.py:830} INFO - Processing file /opt/airflow/dags/dag_08_gcp_taxi.py for tasks to queue
[2026-06-16T16:51:52.385+0000] {logging_mixin.py:188} INFO - [2026-06-16T16:51:52.384+0000] {dagbag.py:545} INFO - Filling up the DagBag from /opt/airflow/dags/dag_08_gcp_taxi.py
[2026-06-16T16:51:52.399+0000] {processor.py:840} INFO - DAG(s) '08_gcp_taxi' retrieved from /opt/airflow/dags/dag_08_gcp_taxi.py
[2026-06-16T16:51:52.459+0000] {logging_mixin.py:188} INFO - [2026-06-16T16:51:52.458+0000] {dag.py:3089} INFO - Sync 1 DAGs
[2026-06-16T16:51:52.476+0000] {logging_mixin.py:188} INFO - [2026-06-16T16:51:52.475+0000] {dag.py:3947} INFO - Setting next_dagrun for 08_gcp_taxi to None, run_after=None
[2026-06-16T16:51:52.500+0000] {processor.py:183} INFO - Processing /opt/airflow/dags/dag_08_gcp_taxi.py took 0.129 seconds
[2026-06-16T16:52:23.386+0000] {processor.py:161} INFO - Started process (PID=21763) to work on /opt/airflow/dags/dag_08_gcp_taxi.py
[2026-06-16T16:52:23.388+0000] {processor.py:830} INFO - Processing file /opt/airflow/dags/dag_08_gcp_taxi.py for tasks to queue
[2026-06-16T16:52:23.390+0000] {logging_mixin.py:188} INFO - [2026-06-16T16:52:23.390+0000] {dagbag.py:545} INFO - Filling up the DagBag from /opt/airflow/dags/dag_08_gcp_taxi.py
[2026-06-16T16:52:23.403+0000] {processor.py:840} INFO - DAG(s) '08_gcp_taxi' retrieved from /opt/airflow/dags/dag_08_gcp_taxi.py
[2026-06-16T16:52:23.464+0000] {logging_mixin.py:188} INFO - [2026-06-16T16:52:23.463+0000] {dag.py:3089} INFO - Sync 1 DAGs
[2026-06-16T16:52:23.479+0000] {logging_mixin.py:188} INFO - [2026-06-16T16:52:23.479+0000] {dag.py:3947} INFO - Setting next_dagrun for 08_gcp_taxi to None, run_after=None
[2026-06-16T16:52:23.504+0000] {processor.py:183} INFO - Processing /opt/airflow/dags/dag_08_gcp_taxi.py took 0.126 seconds
[2026-06-16T16:52:54.403+0000] {processor.py:161} INFO - Started process (PID=21803) to work on /opt/airflow/dags/dag_08_gcp_taxi.py
[2026-06-16T16:52:54.405+0000] {processor.py:830} INFO - Processing file /opt/airflow/dags/dag_08_gcp_taxi.py for tasks to queue
[2026-06-16T16:52:54.408+0000] {logging_mixin.py:188} INFO - [2026-06-16T16:52:54.408+0000] {dagbag.py:545} INFO - Filling up the DagBag from /opt/airflow/dags/dag_08_gcp_taxi.py
[2026-06-16T16:52:54.420+0000] {processor.py:840} INFO - DAG(s) '08_gcp_taxi' retrieved from /opt/airflow/dags/dag_08_gcp_taxi.py
[2026-06-16T16:52:54.476+0000] {logging_mixin.py:188} INFO - [2026-06-16T16:52:54.475+0000] {dag.py:3089} INFO - Sync 1 DAGs
[2026-06-16T16:52:54.492+0000] {logging_mixin.py:188} INFO - [2026-06-16T16:52:54.492+0000] {dag.py:3947} INFO - Setting next_dagrun for 08_gcp_taxi to None, run_after=None
[2026-06-16T16:52:54.517+0000] {processor.py:183} INFO - Processing /opt/airflow/dags/dag_08_gcp_taxi.py took 0.123 seconds
[2026-06-16T16:53:25.449+0000] {processor.py:161} INFO - Started process (PID=21843) to work on /opt/airflow/dags/dag_08_gcp_taxi.py
[2026-06-16T16:53:25.451+0000] {processor.py:830} INFO - Processing file /opt/airflow/dags/dag_08_gcp_taxi.py for tasks to queue
[2026-06-16T16:53:25.454+0000] {logging_mixin.py:188} INFO - [2026-06-16T16:53:25.454+0000] {dagbag.py:545} INFO - Filling up the DagBag from /opt/airflow/dags/dag_08_gcp_taxi.py
[2026-06-16T16:53:25.468+0000] {processor.py:840} INFO - DAG(s) '08_gcp_taxi' retrieved from /opt/airflow/dags/dag_08_gcp_taxi.py
[2026-06-16T16:53:25.534+0000] {logging_mixin.py:188} INFO - [2026-06-16T16:53:25.533+0000] {dag.py:3089} INFO - Sync 1 DAGs
[2026-06-16T16:53:25.550+0000] {logging_mixin.py:188} INFO - [2026-06-16T16:53:25.550+0000] {dag.py:3947} INFO - Setting next_dagrun for 08_gcp_taxi to None, run_after=None
[2026-06-16T16:53:25.574+0000] {processor.py:183} INFO - Processing /opt/airflow/dags/dag_08_gcp_taxi.py took 0.133 seconds
[2026-06-16T16:53:56.434+0000] {processor.py:161} INFO - Started process (PID=21883) to work on /opt/airflow/dags/dag_08_gcp_taxi.py
[2026-06-16T16:53:56.436+0000] {processor.py:830} INFO - Processing file /opt/airflow/dags/dag_08_gcp_taxi.py for tasks to queue
[2026-06-16T16:53:56.438+0000] {logging_mixin.py:188} INFO - [2026-06-16T16:53:56.438+0000] {dagbag.py:545} INFO - Filling up the DagBag from /opt/airflow/dags/dag_08_gcp_taxi.py
[2026-06-16T16:53:56.455+0000] {processor.py:840} INFO - DAG(s) '08_gcp_taxi' retrieved from /opt/airflow/dags/dag_08_gcp_taxi.py
[2026-06-16T16:53:56.520+0000] {logging_mixin.py:188} INFO - [2026-06-16T16:53:56.520+0000] {dag.py:3089} INFO - Sync 1 DAGs
[2026-06-16T16:53:56.536+0000] {logging_mixin.py:188} INFO - [2026-06-16T16:53:56.536+0000] {dag.py:3947} INFO - Setting next_dagrun for 08_gcp_taxi to None, run_after=None
[2026-06-16T16:53:56.562+0000] {processor.py:183} INFO - Processing /opt/airflow/dags/dag_08_gcp_taxi.py took 0.137 seconds
[2026-06-16T16:54:27.389+0000] {processor.py:161} INFO - Started process (PID=21923) to work on /opt/airflow/dags/dag_08_gcp_taxi.py
[2026-06-16T16:54:27.400+0000] {processor.py:830} INFO - Processing file /opt/airflow/dags/dag_08_gcp_taxi.py for tasks to queue
[2026-06-16T16:54:27.402+0000] {logging_mixin.py:188} INFO - [2026-06-16T16:54:27.401+0000] {dagbag.py:545} INFO - Filling up the DagBag from /opt/airflow/dags/dag_08_gcp_taxi.py
[2026-06-16T16:54:27.413+0000] {processor.py:840} INFO - DAG(s) '08_gcp_taxi' retrieved from /opt/airflow/dags/dag_08_gcp_taxi.py
[2026-06-16T16:54:27.469+0000] {logging_mixin.py:188} INFO - [2026-06-16T16:54:27.469+0000] {dag.py:3089} INFO - Sync 1 DAGs
[2026-06-16T16:54:27.485+0000] {logging_mixin.py:188} INFO - [2026-06-16T16:54:27.484+0000] {dag.py:3947} INFO - Setting next_dagrun for 08_gcp_taxi to None, run_after=None
[2026-06-16T16:54:27.508+0000] {processor.py:183} INFO - Processing /opt/airflow/dags/dag_08_gcp_taxi.py took 0.131 seconds
[2026-06-16T16:54:58.514+0000] {processor.py:161} INFO - Started process (PID=21963) to work on /opt/airflow/dags/dag_08_gcp_taxi.py
[2026-06-16T16:54:58.516+0000] {processor.py:830} INFO - Processing file /opt/airflow/dags/dag_08_gcp_taxi.py for tasks to queue
[2026-06-16T16:54:58.519+0000] {logging_mixin.py:188} INFO - [2026-06-16T16:54:58.519+0000] {dagbag.py:545} INFO - Filling up the DagBag from /opt/airflow/dags/dag_08_gcp_taxi.py
[2026-06-16T16:54:58.535+0000] {processor.py:840} INFO - DAG(s) '08_gcp_taxi' retrieved from /opt/airflow/dags/dag_08_gcp_taxi.py
[2026-06-16T16:54:58.598+0000] {logging_mixin.py:188} INFO - [2026-06-16T16:54:58.598+0000] {dag.py:3089} INFO - Sync 1 DAGs
[2026-06-16T16:54:58.614+0000] {logging_mixin.py:188} INFO - [2026-06-16T16:54:58.614+0000] {dag.py:3947} INFO - Setting next_dagrun for 08_gcp_taxi to None, run_after=None
[2026-06-16T16:54:58.639+0000] {processor.py:183} INFO - Processing /opt/airflow/dags/dag_08_gcp_taxi.py took 0.137 seconds
[2026-06-16T16:55:29.518+0000] {processor.py:161} INFO - Started process (PID=22003) to work on /opt/airflow/dags/dag_08_gcp_taxi.py
[2026-06-16T16:55:29.530+0000] {processor.py:830} INFO - Processing file /opt/airflow/dags/dag_08_gcp_taxi.py for tasks to queue
[2026-06-16T16:55:29.533+0000] {logging_mixin.py:188} INFO - [2026-06-16T16:55:29.532+0000] {dagbag.py:545} INFO - Filling up the DagBag from /opt/airflow/dags/dag_08_gcp_taxi.py
[2026-06-16T16:55:29.551+0000] {processor.py:840} INFO - DAG(s) '08_gcp_taxi' retrieved from /opt/airflow/dags/dag_08_gcp_taxi.py
[2026-06-16T16:55:29.620+0000] {logging_mixin.py:188} INFO - [2026-06-16T16:55:29.620+0000] {dag.py:3089} INFO - Sync 1 DAGs
[2026-06-16T16:55:29.636+0000] {logging_mixin.py:188} INFO - [2026-06-16T16:55:29.635+0000] {dag.py:3947} INFO - Setting next_dagrun for 08_gcp_taxi to None, run_after=None
[2026-06-16T16:55:29.660+0000] {processor.py:183} INFO - Processing /opt/airflow/dags/dag_08_gcp_taxi.py took 0.152 seconds
[2026-06-16T16:56:00.712+0000] {processor.py:161} INFO - Started process (PID=22043) to work on /opt/airflow/dags/dag_08_gcp_taxi.py
[2026-06-16T16:56:00.714+0000] {processor.py:830} INFO - Processing file /opt/airflow/dags/dag_08_gcp_taxi.py for tasks to queue
[2026-06-16T16:56:00.717+0000] {logging_mixin.py:188} INFO - [2026-06-16T16:56:00.716+0000] {dagbag.py:545} INFO - Filling up the DagBag from /opt/airflow/dags/dag_08_gcp_taxi.py
[2026-06-16T16:56:00.729+0000] {processor.py:840} INFO - DAG(s) '08_gcp_taxi' retrieved from /opt/airflow/dags/dag_08_gcp_taxi.py
[2026-06-16T16:56:00.789+0000] {logging_mixin.py:188} INFO - [2026-06-16T16:56:00.789+0000] {dag.py:3089} INFO - Sync 1 DAGs
[2026-06-16T16:56:00.813+0000] {logging_mixin.py:188} INFO - [2026-06-16T16:56:00.813+0000] {dag.py:3947} INFO - Setting next_dagrun for 08_gcp_taxi to None, run_after=None
[2026-06-16T16:56:00.837+0000] {processor.py:183} INFO - Processing /opt/airflow/dags/dag_08_gcp_taxi.py took 0.135 seconds
[2026-06-16T16:56:31.777+0000] {processor.py:161} INFO - Started process (PID=22083) to work on /opt/airflow/dags/dag_08_gcp_taxi.py
[2026-06-16T16:56:31.779+0000] {processor.py:830} INFO - Processing file /opt/airflow/dags/dag_08_gcp_taxi.py for tasks to queue
[2026-06-16T16:56:31.782+0000] {logging_mixin.py:188} INFO - [2026-06-16T16:56:31.781+0000] {dagbag.py:545} INFO - Filling up the DagBag from /opt/airflow/dags/dag_08_gcp_taxi.py
[2026-06-16T16:56:31.794+0000] {processor.py:840} INFO - DAG(s) '08_gcp_taxi' retrieved from /opt/airflow/dags/dag_08_gcp_taxi.py
[2026-06-16T16:56:31.853+0000] {logging_mixin.py:188} INFO - [2026-06-16T16:56:31.853+0000] {dag.py:3089} INFO - Sync 1 DAGs
[2026-06-16T16:56:31.871+0000] {logging_mixin.py:188} INFO - [2026-06-16T16:56:31.870+0000] {dag.py:3947} INFO - Setting next_dagrun for 08_gcp_taxi to None, run_after=None
[2026-06-16T16:56:31.895+0000] {processor.py:183} INFO - Processing /opt/airflow/dags/dag_08_gcp_taxi.py took 0.126 seconds
[2026-06-16T16:57:02.919+0000] {processor.py:161} INFO - Started process (PID=22123) to work on /opt/airflow/dags/dag_08_gcp_taxi.py
[2026-06-16T16:57:02.930+0000] {processor.py:830} INFO - Processing file /opt/airflow/dags/dag_08_gcp_taxi.py for tasks to queue
[2026-06-16T16:57:02.932+0000] {logging_mixin.py:188} INFO - [2026-06-16T16:57:02.932+0000] {dagbag.py:545} INFO - Filling up the DagBag from /opt/airflow/dags/dag_08_gcp_taxi.py
[2026-06-16T16:57:02.947+0000] {processor.py:840} INFO - DAG(s) '08_gcp_taxi' retrieved from /opt/airflow/dags/dag_08_gcp_taxi.py
[2026-06-16T16:57:03.010+0000] {logging_mixin.py:188} INFO - [2026-06-16T16:57:03.009+0000] {dag.py:3089} INFO - Sync 1 DAGs
[2026-06-16T16:57:03.026+0000] {logging_mixin.py:188} INFO - [2026-06-16T16:57:03.025+0000] {dag.py:3947} INFO - Setting next_dagrun for 08_gcp_taxi to None, run_after=None
[2026-06-16T16:57:03.052+0000] {processor.py:183} INFO - Processing /opt/airflow/dags/dag_08_gcp_taxi.py took 0.144 seconds
[2026-06-16T16:57:34.056+0000] {processor.py:161} INFO - Started process (PID=22163) to work on /opt/airflow/dags/dag_08_gcp_taxi.py
[2026-06-16T16:57:34.058+0000] {processor.py:830} INFO - Processing file /opt/airflow/dags/dag_08_gcp_taxi.py for tasks to queue
[2026-06-16T16:57:34.061+0000] {logging_mixin.py:188} INFO - [2026-06-16T16:57:34.060+0000] {dagbag.py:545} INFO - Filling up the DagBag from /opt/airflow/dags/dag_08_gcp_taxi.py
[2026-06-16T16:57:34.073+0000] {processor.py:840} INFO - DAG(s) '08_gcp_taxi' retrieved from /opt/airflow/dags/dag_08_gcp_taxi.py
[2026-06-16T16:57:34.129+0000] {logging_mixin.py:188} INFO - [2026-06-16T16:57:34.129+0000] {dag.py:3089} INFO - Sync 1 DAGs
[2026-06-16T16:57:34.145+0000] {logging_mixin.py:188} INFO - [2026-06-16T16:57:34.145+0000] {dag.py:3947} INFO - Setting next_dagrun for 08_gcp_taxi to None, run_after=None
[2026-06-16T16:57:34.171+0000] {processor.py:183} INFO - Processing /opt/airflow/dags/dag_08_gcp_taxi.py took 0.123 seconds
[2026-06-16T16:58:05.171+0000] {processor.py:161} INFO - Started process (PID=22203) to work on /opt/airflow/dags/dag_08_gcp_taxi.py
[2026-06-16T16:58:05.173+0000] {processor.py:830} INFO - Processing file /opt/airflow/dags/dag_08_gcp_taxi.py for tasks to queue
[2026-06-16T16:58:05.176+0000] {logging_mixin.py:188} INFO - [2026-06-16T16:58:05.176+0000] {dagbag.py:545} INFO - Filling up the DagBag from /opt/airflow/dags/dag_08_gcp_taxi.py
[2026-06-16T16:58:05.192+0000] {processor.py:840} INFO - DAG(s) '08_gcp_taxi' retrieved from /opt/airflow/dags/dag_08_gcp_taxi.py
[2026-06-16T16:58:05.248+0000] {logging_mixin.py:188} INFO - [2026-06-16T16:58:05.248+0000] {dag.py:3089} INFO - Sync 1 DAGs
[2026-06-16T16:58:05.263+0000] {logging_mixin.py:188} INFO - [2026-06-16T16:58:05.263+0000] {dag.py:3947} INFO - Setting next_dagrun for 08_gcp_taxi to None, run_after=None
[2026-06-16T16:58:05.290+0000] {processor.py:183} INFO - Processing /opt/airflow/dags/dag_08_gcp_taxi.py took 0.126 seconds
[2026-06-16T16:58:36.272+0000] {processor.py:161} INFO - Started process (PID=22243) to work on /opt/airflow/dags/dag_08_gcp_taxi.py
[2026-06-16T16:58:36.275+0000] {processor.py:830} INFO - Processing file /opt/airflow/dags/dag_08_gcp_taxi.py for tasks to queue
[2026-06-16T16:58:36.279+0000] {logging_mixin.py:188} INFO - [2026-06-16T16:58:36.278+0000] {dagbag.py:545} INFO - Filling up the DagBag from /opt/airflow/dags/dag_08_gcp_taxi.py
[2026-06-16T16:58:36.296+0000] {processor.py:840} INFO - DAG(s) '08_gcp_taxi' retrieved from /opt/airflow/dags/dag_08_gcp_taxi.py
[2026-06-16T16:58:36.358+0000] {logging_mixin.py:188} INFO - [2026-06-16T16:58:36.358+0000] {dag.py:3089} INFO - Sync 1 DAGs
[2026-06-16T16:58:36.374+0000] {logging_mixin.py:188} INFO - [2026-06-16T16:58:36.373+0000] {dag.py:3947} INFO - Setting next_dagrun for 08_gcp_taxi to None, run_after=None
[2026-06-16T16:58:36.398+0000] {processor.py:183} INFO - Processing /opt/airflow/dags/dag_08_gcp_taxi.py took 0.144 seconds
[2026-06-16T16:59:07.349+0000] {processor.py:161} INFO - Started process (PID=22283) to work on /opt/airflow/dags/dag_08_gcp_taxi.py
[2026-06-16T16:59:07.351+0000] {processor.py:830} INFO - Processing file /opt/airflow/dags/dag_08_gcp_taxi.py for tasks to queue
[2026-06-16T16:59:07.354+0000] {logging_mixin.py:188} INFO - [2026-06-16T16:59:07.353+0000] {dagbag.py:545} INFO - Filling up the DagBag from /opt/airflow/dags/dag_08_gcp_taxi.py
[2026-06-16T16:59:07.366+0000] {processor.py:840} INFO - DAG(s) '08_gcp_taxi' retrieved from /opt/airflow/dags/dag_08_gcp_taxi.py
[2026-06-16T16:59:07.423+0000] {logging_mixin.py:188} INFO - [2026-06-16T16:59:07.423+0000] {dag.py:3089} INFO - Sync 1 DAGs
[2026-06-16T16:59:07.439+0000] {logging_mixin.py:188} INFO - [2026-06-16T16:59:07.438+0000] {dag.py:3947} INFO - Setting next_dagrun for 08_gcp_taxi to None, run_after=None
[2026-06-16T16:59:07.462+0000] {processor.py:183} INFO - Processing /opt/airflow/dags/dag_08_gcp_taxi.py took 0.120 seconds
[2026-06-16T16:59:38.307+0000] {processor.py:161} INFO - Started process (PID=22323) to work on /opt/airflow/dags/dag_08_gcp_taxi.py
[2026-06-16T16:59:38.318+0000] {processor.py:830} INFO - Processing file /opt/airflow/dags/dag_08_gcp_taxi.py for tasks to queue
[2026-06-16T16:59:38.320+0000] {logging_mixin.py:188} INFO - [2026-06-16T16:59:38.319+0000] {dagbag.py:545} INFO - Filling up the DagBag from /opt/airflow/dags/dag_08_gcp_taxi.py
[2026-06-16T16:59:38.332+0000] {processor.py:840} INFO - DAG(s) '08_gcp_taxi' retrieved from /opt/airflow/dags/dag_08_gcp_taxi.py
[2026-06-16T16:59:38.390+0000] {logging_mixin.py:188} INFO - [2026-06-16T16:59:38.390+0000] {dag.py:3089} INFO - Sync 1 DAGs
[2026-06-16T16:59:38.410+0000] {logging_mixin.py:188} INFO - [2026-06-16T16:59:38.410+0000] {dag.py:3947} INFO - Setting next_dagrun for 08_gcp_taxi to None, run_after=None
[2026-06-16T16:59:38.435+0000] {processor.py:183} INFO - Processing /opt/airflow/dags/dag_08_gcp_taxi.py took 0.136 seconds
[2026-06-16T17:00:09.385+0000] {processor.py:161} INFO - Started process (PID=22363) to work on /opt/airflow/dags/dag_08_gcp_taxi.py
[2026-06-16T17:00:09.386+0000] {processor.py:830} INFO - Processing file /opt/airflow/dags/dag_08_gcp_taxi.py for tasks to queue
[2026-06-16T17:00:09.389+0000] {logging_mixin.py:188} INFO - [2026-06-16T17:00:09.389+0000] {dagbag.py:545} INFO - Filling up the DagBag from /opt/airflow/dags/dag_08_gcp_taxi.py
[2026-06-16T17:00:09.402+0000] {processor.py:840} INFO - DAG(s) '08_gcp_taxi' retrieved from /opt/airflow/dags/dag_08_gcp_taxi.py
[2026-06-16T17:00:09.461+0000] {logging_mixin.py:188} INFO - [2026-06-16T17:00:09.461+0000] {dag.py:3089} INFO - Sync 1 DAGs
[2026-06-16T17:00:09.480+0000] {logging_mixin.py:188} INFO - [2026-06-16T17:00:09.480+0000] {dag.py:3947} INFO - Setting next_dagrun for 08_gcp_taxi to None, run_after=None
[2026-06-16T17:00:09.506+0000] {processor.py:183} INFO - Processing /opt/airflow/dags/dag_08_gcp_taxi.py took 0.131 seconds
[2026-06-16T17:00:40.351+0000] {processor.py:161} INFO - Started process (PID=22403) to work on /opt/airflow/dags/dag_08_gcp_taxi.py
[2026-06-16T17:00:40.363+0000] {processor.py:830} INFO - Processing file /opt/airflow/dags/dag_08_gcp_taxi.py for tasks to queue
[2026-06-16T17:00:40.365+0000] {logging_mixin.py:188} INFO - [2026-06-16T17:00:40.364+0000] {dagbag.py:545} INFO - Filling up the DagBag from /opt/airflow/dags/dag_08_gcp_taxi.py
[2026-06-16T17:00:40.376+0000] {processor.py:840} INFO - DAG(s) '08_gcp_taxi' retrieved from /opt/airflow/dags/dag_08_gcp_taxi.py
[2026-06-16T17:00:40.435+0000] {logging_mixin.py:188} INFO - [2026-06-16T17:00:40.435+0000] {dag.py:3089} INFO - Sync 1 DAGs
[2026-06-16T17:00:40.453+0000] {logging_mixin.py:188} INFO - [2026-06-16T17:00:40.453+0000] {dag.py:3947} INFO - Setting next_dagrun for 08_gcp_taxi to None, run_after=None
[2026-06-16T17:00:40.478+0000] {processor.py:183} INFO - Processing /opt/airflow/dags/dag_08_gcp_taxi.py took 0.135 seconds
[2026-06-16T17:01:11.301+0000] {processor.py:161} INFO - Started process (PID=22443) to work on /opt/airflow/dags/dag_08_gcp_taxi.py
[2026-06-16T17:01:11.303+0000] {processor.py:830} INFO - Processing file /opt/airflow/dags/dag_08_gcp_taxi.py for tasks to queue
[2026-06-16T17:01:11.306+0000] {logging_mixin.py:188} INFO - [2026-06-16T17:01:11.306+0000] {dagbag.py:545} INFO - Filling up the DagBag from /opt/airflow/dags/dag_08_gcp_taxi.py
[2026-06-16T17:01:11.321+0000] {processor.py:840} INFO - DAG(s) '08_gcp_taxi' retrieved from /opt/airflow/dags/dag_08_gcp_taxi.py
[2026-06-16T17:01:11.383+0000] {logging_mixin.py:188} INFO - [2026-06-16T17:01:11.383+0000] {dag.py:3089} INFO - Sync 1 DAGs
[2026-06-16T17:01:11.399+0000] {logging_mixin.py:188} INFO - [2026-06-16T17:01:11.399+0000] {dag.py:3947} INFO - Setting next_dagrun for 08_gcp_taxi to None, run_after=None
[2026-06-16T17:01:11.424+0000] {processor.py:183} INFO - Processing /opt/airflow/dags/dag_08_gcp_taxi.py took 0.133 seconds
[2026-06-16T17:01:42.418+0000] {processor.py:161} INFO - Started process (PID=22483) to work on /opt/airflow/dags/dag_08_gcp_taxi.py
[2026-06-16T17:01:42.419+0000] {processor.py:830} INFO - Processing file /opt/airflow/dags/dag_08_gcp_taxi.py for tasks to queue
[2026-06-16T17:01:42.423+0000] {logging_mixin.py:188} INFO - [2026-06-16T17:01:42.422+0000] {dagbag.py:545} INFO - Filling up the DagBag from /opt/airflow/dags/dag_08_gcp_taxi.py
[2026-06-16T17:01:42.435+0000] {processor.py:840} INFO - DAG(s) '08_gcp_taxi' retrieved from /opt/airflow/dags/dag_08_gcp_taxi.py
[2026-06-16T17:01:42.494+0000] {logging_mixin.py:188} INFO - [2026-06-16T17:01:42.494+0000] {dag.py:3089} INFO - Sync 1 DAGs
[2026-06-16T17:01:42.512+0000] {logging_mixin.py:188} INFO - [2026-06-16T17:01:42.512+0000] {dag.py:3947} INFO - Setting next_dagrun for 08_gcp_taxi to None, run_after=None
[2026-06-16T17:01:42.538+0000] {processor.py:183} INFO - Processing /opt/airflow/dags/dag_08_gcp_taxi.py took 0.129 seconds
[2026-06-16T17:02:13.332+0000] {processor.py:161} INFO - Started process (PID=22523) to work on /opt/airflow/dags/dag_08_gcp_taxi.py
[2026-06-16T17:02:13.334+0000] {processor.py:830} INFO - Processing file /opt/airflow/dags/dag_08_gcp_taxi.py for tasks to queue
[2026-06-16T17:02:13.337+0000] {logging_mixin.py:188} INFO - [2026-06-16T17:02:13.336+0000] {dagbag.py:545} INFO - Filling up the DagBag from /opt/airflow/dags/dag_08_gcp_taxi.py
[2026-06-16T17:02:13.349+0000] {processor.py:840} INFO - DAG(s) '08_gcp_taxi' retrieved from /opt/airflow/dags/dag_08_gcp_taxi.py
[2026-06-16T17:02:13.406+0000] {logging_mixin.py:188} INFO - [2026-06-16T17:02:13.406+0000] {dag.py:3089} INFO - Sync 1 DAGs
[2026-06-16T17:02:13.423+0000] {logging_mixin.py:188} INFO - [2026-06-16T17:02:13.423+0000] {dag.py:3947} INFO - Setting next_dagrun for 08_gcp_taxi to None, run_after=None
[2026-06-16T17:02:13.447+0000] {processor.py:183} INFO - Processing /opt/airflow/dags/dag_08_gcp_taxi.py took 0.124 seconds
[2026-06-16T17:02:44.310+0000] {processor.py:161} INFO - Started process (PID=22563) to work on /opt/airflow/dags/dag_08_gcp_taxi.py
[2026-06-16T17:02:44.312+0000] {processor.py:830} INFO - Processing file /opt/airflow/dags/dag_08_gcp_taxi.py for tasks to queue
[2026-06-16T17:02:44.315+0000] {logging_mixin.py:188} INFO - [2026-06-16T17:02:44.314+0000] {dagbag.py:545} INFO - Filling up the DagBag from /opt/airflow/dags/dag_08_gcp_taxi.py
[2026-06-16T17:02:44.327+0000] {processor.py:840} INFO - DAG(s) '08_gcp_taxi' retrieved from /opt/airflow/dags/dag_08_gcp_taxi.py
[2026-06-16T17:02:44.384+0000] {logging_mixin.py:188} INFO - [2026-06-16T17:02:44.384+0000] {dag.py:3089} INFO - Sync 1 DAGs
[2026-06-16T17:02:44.400+0000] {logging_mixin.py:188} INFO - [2026-06-16T17:02:44.400+0000] {dag.py:3947} INFO - Setting next_dagrun for 08_gcp_taxi to None, run_after=None
[2026-06-16T17:02:44.423+0000] {processor.py:183} INFO - Processing /opt/airflow/dags/dag_08_gcp_taxi.py took 0.121 seconds
[2026-06-16T17:03:15.343+0000] {processor.py:161} INFO - Started process (PID=22603) to work on /opt/airflow/dags/dag_08_gcp_taxi.py
[2026-06-16T17:03:15.355+0000] {processor.py:830} INFO - Processing file /opt/airflow/dags/dag_08_gcp_taxi.py for tasks to queue
[2026-06-16T17:03:15.357+0000] {logging_mixin.py:188} INFO - [2026-06-16T17:03:15.356+0000] {dagbag.py:545} INFO - Filling up the DagBag from /opt/airflow/dags/dag_08_gcp_taxi.py
[2026-06-16T17:03:15.369+0000] {processor.py:840} INFO - DAG(s) '08_gcp_taxi' retrieved from /opt/airflow/dags/dag_08_gcp_taxi.py
[2026-06-16T17:03:15.434+0000] {logging_mixin.py:188} INFO - [2026-06-16T17:03:15.434+0000] {dag.py:3089} INFO - Sync 1 DAGs
[2026-06-16T17:03:15.449+0000] {logging_mixin.py:188} INFO - [2026-06-16T17:03:15.449+0000] {dag.py:3947} INFO - Setting next_dagrun for 08_gcp_taxi to None, run_after=None
[2026-06-16T17:03:15.473+0000] {processor.py:183} INFO - Processing /opt/airflow/dags/dag_08_gcp_taxi.py took 0.138 seconds
[2026-06-16T17:03:46.427+0000] {processor.py:161} INFO - Started process (PID=22643) to work on /opt/airflow/dags/dag_08_gcp_taxi.py
[2026-06-16T17:03:46.429+0000] {processor.py:830} INFO - Processing file /opt/airflow/dags/dag_08_gcp_taxi.py for tasks to queue
[2026-06-16T17:03:46.432+0000] {logging_mixin.py:188} INFO - [2026-06-16T17:03:46.431+0000] {dagbag.py:545} INFO - Filling up the DagBag from /opt/airflow/dags/dag_08_gcp_taxi.py
[2026-06-16T17:03:46.445+0000] {processor.py:840} INFO - DAG(s) '08_gcp_taxi' retrieved from /opt/airflow/dags/dag_08_gcp_taxi.py
[2026-06-16T17:03:46.518+0000] {logging_mixin.py:188} INFO - [2026-06-16T17:03:46.518+0000] {dag.py:3089} INFO - Sync 1 DAGs
[2026-06-16T17:03:46.536+0000] {logging_mixin.py:188} INFO - [2026-06-16T17:03:46.536+0000] {dag.py:3947} INFO - Setting next_dagrun for 08_gcp_taxi to None, run_after=None
[2026-06-16T17:03:46.561+0000] {processor.py:183} INFO - Processing /opt/airflow/dags/dag_08_gcp_taxi.py took 0.142 seconds
[2026-06-16T17:04:17.571+0000] {processor.py:161} INFO - Started process (PID=22683) to work on /opt/airflow/dags/dag_08_gcp_taxi.py
[2026-06-16T17:04:17.573+0000] {processor.py:830} INFO - Processing file /opt/airflow/dags/dag_08_gcp_taxi.py for tasks to queue
[2026-06-16T17:04:17.575+0000] {logging_mixin.py:188} INFO - [2026-06-16T17:04:17.575+0000] {dagbag.py:545} INFO - Filling up the DagBag from /opt/airflow/dags/dag_08_gcp_taxi.py
[2026-06-16T17:04:17.589+0000] {processor.py:840} INFO - DAG(s) '08_gcp_taxi' retrieved from /opt/airflow/dags/dag_08_gcp_taxi.py
[2026-06-16T17:04:17.650+0000] {logging_mixin.py:188} INFO - [2026-06-16T17:04:17.650+0000] {dag.py:3089} INFO - Sync 1 DAGs
[2026-06-16T17:04:17.667+0000] {logging_mixin.py:188} INFO - [2026-06-16T17:04:17.667+0000] {dag.py:3947} INFO - Setting next_dagrun for 08_gcp_taxi to None, run_after=None
[2026-06-16T17:04:17.693+0000] {processor.py:183} INFO - Processing /opt/airflow/dags/dag_08_gcp_taxi.py took 0.132 seconds
[2026-06-16T17:04:47.797+0000] {processor.py:161} INFO - Started process (PID=22723) to work on /opt/airflow/dags/dag_08_gcp_taxi.py
[2026-06-16T17:04:47.799+0000] {processor.py:830} INFO - Processing file /opt/airflow/dags/dag_08_gcp_taxi.py for tasks to queue
[2026-06-16T17:04:47.801+0000] {logging_mixin.py:188} INFO - [2026-06-16T17:04:47.801+0000] {dagbag.py:545} INFO - Filling up the DagBag from /opt/airflow/dags/dag_08_gcp_taxi.py
[2026-06-16T17:04:47.814+0000] {processor.py:840} INFO - DAG(s) '08_gcp_taxi' retrieved from /opt/airflow/dags/dag_08_gcp_taxi.py
[2026-06-16T17:04:47.879+0000] {logging_mixin.py:188} INFO - [2026-06-16T17:04:47.878+0000] {dag.py:3089} INFO - Sync 1 DAGs
[2026-06-16T17:04:47.897+0000] {logging_mixin.py:188} INFO - [2026-06-16T17:04:47.897+0000] {dag.py:3947} INFO - Setting next_dagrun for 08_gcp_taxi to None, run_after=None
[2026-06-16T17:04:47.923+0000] {processor.py:183} INFO - Processing /opt/airflow/dags/dag_08_gcp_taxi.py took 0.134 seconds
[2026-06-16T17:05:18.053+0000] {processor.py:161} INFO - Started process (PID=22763) to work on /opt/airflow/dags/dag_08_gcp_taxi.py
[2026-06-16T17:05:18.055+0000] {processor.py:830} INFO - Processing file /opt/airflow/dags/dag_08_gcp_taxi.py for tasks to queue
[2026-06-16T17:05:18.058+0000] {logging_mixin.py:188} INFO - [2026-06-16T17:05:18.057+0000] {dagbag.py:545} INFO - Filling up the DagBag from /opt/airflow/dags/dag_08_gcp_taxi.py
[2026-06-16T17:05:18.071+0000] {processor.py:840} INFO - DAG(s) '08_gcp_taxi' retrieved from /opt/airflow/dags/dag_08_gcp_taxi.py
[2026-06-16T17:05:18.138+0000] {logging_mixin.py:188} INFO - [2026-06-16T17:05:18.138+0000] {dag.py:3089} INFO - Sync 1 DAGs
[2026-06-16T17:05:18.161+0000] {logging_mixin.py:188} INFO - [2026-06-16T17:05:18.160+0000] {dag.py:3947} INFO - Setting next_dagrun for 08_gcp_taxi to None, run_after=None
[2026-06-16T17:05:18.184+0000] {processor.py:183} INFO - Processing /opt/airflow/dags/dag_08_gcp_taxi.py took 0.145 seconds
[2026-06-16T17:05:48.253+0000] {processor.py:161} INFO - Started process (PID=22803) to work on /opt/airflow/dags/dag_08_gcp_taxi.py
[2026-06-16T17:05:48.264+0000] {processor.py:830} INFO - Processing file /opt/airflow/dags/dag_08_gcp_taxi.py for tasks to queue
[2026-06-16T17:05:48.266+0000] {logging_mixin.py:188} INFO - [2026-06-16T17:05:48.265+0000] {dagbag.py:545} INFO - Filling up the DagBag from /opt/airflow/dags/dag_08_gcp_taxi.py
[2026-06-16T17:05:48.278+0000] {processor.py:840} INFO - DAG(s) '08_gcp_taxi' retrieved from /opt/airflow/dags/dag_08_gcp_taxi.py
[2026-06-16T17:05:48.334+0000] {logging_mixin.py:188} INFO - [2026-06-16T17:05:48.334+0000] {dag.py:3089} INFO - Sync 1 DAGs
[2026-06-16T17:05:48.351+0000] {logging_mixin.py:188} INFO - [2026-06-16T17:05:48.351+0000] {dag.py:3947} INFO - Setting next_dagrun for 08_gcp_taxi to None, run_after=None
[2026-06-16T17:05:48.374+0000] {processor.py:183} INFO - Processing /opt/airflow/dags/dag_08_gcp_taxi.py took 0.130 seconds
[2026-06-16T17:06:18.475+0000] {processor.py:161} INFO - Started process (PID=22843) to work on /opt/airflow/dags/dag_08_gcp_taxi.py
[2026-06-16T17:06:18.477+0000] {processor.py:830} INFO - Processing file /opt/airflow/dags/dag_08_gcp_taxi.py for tasks to queue
[2026-06-16T17:06:18.479+0000] {logging_mixin.py:188} INFO - [2026-06-16T17:06:18.479+0000] {dagbag.py:545} INFO - Filling up the DagBag from /opt/airflow/dags/dag_08_gcp_taxi.py
[2026-06-16T17:06:18.492+0000] {processor.py:840} INFO - DAG(s) '08_gcp_taxi' retrieved from /opt/airflow/dags/dag_08_gcp_taxi.py
[2026-06-16T17:06:18.549+0000] {logging_mixin.py:188} INFO - [2026-06-16T17:06:18.549+0000] {dag.py:3089} INFO - Sync 1 DAGs
[2026-06-16T17:06:18.565+0000] {logging_mixin.py:188} INFO - [2026-06-16T17:06:18.565+0000] {dag.py:3947} INFO - Setting next_dagrun for 08_gcp_taxi to None, run_after=None
[2026-06-16T17:06:18.588+0000] {processor.py:183} INFO - Processing /opt/airflow/dags/dag_08_gcp_taxi.py took 0.122 seconds
[2026-06-16T17:06:49.561+0000] {processor.py:161} INFO - Started process (PID=22883) to work on /opt/airflow/dags/dag_08_gcp_taxi.py
[2026-06-16T17:06:49.564+0000] {processor.py:830} INFO - Processing file /opt/airflow/dags/dag_08_gcp_taxi.py for tasks to queue
[2026-06-16T17:06:49.567+0000] {logging_mixin.py:188} INFO - [2026-06-16T17:06:49.566+0000] {dagbag.py:545} INFO - Filling up the DagBag from /opt/airflow/dags/dag_08_gcp_taxi.py
[2026-06-16T17:06:49.582+0000] {processor.py:840} INFO - DAG(s) '08_gcp_taxi' retrieved from /opt/airflow/dags/dag_08_gcp_taxi.py
[2026-06-16T17:06:49.643+0000] {logging_mixin.py:188} INFO - [2026-06-16T17:06:49.643+0000] {dag.py:3089} INFO - Sync 1 DAGs
[2026-06-16T17:06:49.659+0000] {logging_mixin.py:188} INFO - [2026-06-16T17:06:49.659+0000] {dag.py:3947} INFO - Setting next_dagrun for 08_gcp_taxi to None, run_after=None
[2026-06-16T17:06:49.686+0000] {processor.py:183} INFO - Processing /opt/airflow/dags/dag_08_gcp_taxi.py took 0.133 seconds
[2026-06-16T17:07:20.655+0000] {processor.py:161} INFO - Started process (PID=22923) to work on /opt/airflow/dags/dag_08_gcp_taxi.py
[2026-06-16T17:07:20.656+0000] {processor.py:830} INFO - Processing file /opt/airflow/dags/dag_08_gcp_taxi.py for tasks to queue
[2026-06-16T17:07:20.659+0000] {logging_mixin.py:188} INFO - [2026-06-16T17:07:20.659+0000] {dagbag.py:545} INFO - Filling up the DagBag from /opt/airflow/dags/dag_08_gcp_taxi.py
[2026-06-16T17:07:20.671+0000] {processor.py:840} INFO - DAG(s) '08_gcp_taxi' retrieved from /opt/airflow/dags/dag_08_gcp_taxi.py
[2026-06-16T17:07:20.727+0000] {logging_mixin.py:188} INFO - [2026-06-16T17:07:20.727+0000] {dag.py:3089} INFO - Sync 1 DAGs
[2026-06-16T17:07:20.744+0000] {logging_mixin.py:188} INFO - [2026-06-16T17:07:20.743+0000] {dag.py:3947} INFO - Setting next_dagrun for 08_gcp_taxi to None, run_after=None
[2026-06-16T17:07:20.767+0000] {processor.py:183} INFO - Processing /opt/airflow/dags/dag_08_gcp_taxi.py took 0.121 seconds
[2026-06-16T17:07:51.677+0000] {processor.py:161} INFO - Started process (PID=22963) to work on /opt/airflow/dags/dag_08_gcp_taxi.py
[2026-06-16T17:07:51.679+0000] {processor.py:830} INFO - Processing file /opt/airflow/dags/dag_08_gcp_taxi.py for tasks to queue
[2026-06-16T17:07:51.683+0000] {logging_mixin.py:188} INFO - [2026-06-16T17:07:51.682+0000] {dagbag.py:545} INFO - Filling up the DagBag from /opt/airflow/dags/dag_08_gcp_taxi.py
[2026-06-16T17:07:51.701+0000] {processor.py:840} INFO - DAG(s) '08_gcp_taxi' retrieved from /opt/airflow/dags/dag_08_gcp_taxi.py
[2026-06-16T17:07:51.762+0000] {logging_mixin.py:188} INFO - [2026-06-16T17:07:51.762+0000] {dag.py:3089} INFO - Sync 1 DAGs
[2026-06-16T17:07:51.777+0000] {logging_mixin.py:188} INFO - [2026-06-16T17:07:51.777+0000] {dag.py:3947} INFO - Setting next_dagrun for 08_gcp_taxi to None, run_after=None
[2026-06-16T17:07:51.803+0000] {processor.py:183} INFO - Processing /opt/airflow/dags/dag_08_gcp_taxi.py took 0.138 seconds
[2026-06-16T17:08:22.801+0000] {processor.py:161} INFO - Started process (PID=23003) to work on /opt/airflow/dags/dag_08_gcp_taxi.py
[2026-06-16T17:08:22.803+0000] {processor.py:830} INFO - Processing file /opt/airflow/dags/dag_08_gcp_taxi.py for tasks to queue
[2026-06-16T17:08:22.807+0000] {logging_mixin.py:188} INFO - [2026-06-16T17:08:22.807+0000] {dagbag.py:545} INFO - Filling up the DagBag from /opt/airflow/dags/dag_08_gcp_taxi.py
[2026-06-16T17:08:22.823+0000] {processor.py:840} INFO - DAG(s) '08_gcp_taxi' retrieved from /opt/airflow/dags/dag_08_gcp_taxi.py
[2026-06-16T17:08:22.885+0000] {logging_mixin.py:188} INFO - [2026-06-16T17:08:22.885+0000] {dag.py:3089} INFO - Sync 1 DAGs
[2026-06-16T17:08:22.902+0000] {logging_mixin.py:188} INFO - [2026-06-16T17:08:22.901+0000] {dag.py:3947} INFO - Setting next_dagrun for 08_gcp_taxi to None, run_after=None
[2026-06-16T17:08:22.928+0000] {processor.py:183} INFO - Processing /opt/airflow/dags/dag_08_gcp_taxi.py took 0.137 seconds
[2026-06-16T17:08:53.845+0000] {processor.py:161} INFO - Started process (PID=23043) to work on /opt/airflow/dags/dag_08_gcp_taxi.py
[2026-06-16T17:08:53.847+0000] {processor.py:830} INFO - Processing file /opt/airflow/dags/dag_08_gcp_taxi.py for tasks to queue
[2026-06-16T17:08:53.850+0000] {logging_mixin.py:188} INFO - [2026-06-16T17:08:53.850+0000] {dagbag.py:545} INFO - Filling up the DagBag from /opt/airflow/dags/dag_08_gcp_taxi.py
[2026-06-16T17:08:53.863+0000] {processor.py:840} INFO - DAG(s) '08_gcp_taxi' retrieved from /opt/airflow/dags/dag_08_gcp_taxi.py
[2026-06-16T17:08:53.921+0000] {logging_mixin.py:188} INFO - [2026-06-16T17:08:53.921+0000] {dag.py:3089} INFO - Sync 1 DAGs
[2026-06-16T17:08:53.937+0000] {logging_mixin.py:188} INFO - [2026-06-16T17:08:53.937+0000] {dag.py:3947} INFO - Setting next_dagrun for 08_gcp_taxi to None, run_after=None
[2026-06-16T17:08:53.960+0000] {processor.py:183} INFO - Processing /opt/airflow/dags/dag_08_gcp_taxi.py took 0.123 seconds
[2026-06-16T17:09:24.820+0000] {processor.py:161} INFO - Started process (PID=23083) to work on /opt/airflow/dags/dag_08_gcp_taxi.py
[2026-06-16T17:09:24.831+0000] {processor.py:830} INFO - Processing file /opt/airflow/dags/dag_08_gcp_taxi.py for tasks to queue
[2026-06-16T17:09:24.833+0000] {logging_mixin.py:188} INFO - [2026-06-16T17:09:24.832+0000] {dagbag.py:545} INFO - Filling up the DagBag from /opt/airflow/dags/dag_08_gcp_taxi.py
[2026-06-16T17:09:24.845+0000] {processor.py:840} INFO - DAG(s) '08_gcp_taxi' retrieved from /opt/airflow/dags/dag_08_gcp_taxi.py
[2026-06-16T17:09:24.905+0000] {logging_mixin.py:188} INFO - [2026-06-16T17:09:24.905+0000] {dag.py:3089} INFO - Sync 1 DAGs
[2026-06-16T17:09:24.924+0000] {logging_mixin.py:188} INFO - [2026-06-16T17:09:24.924+0000] {dag.py:3947} INFO - Setting next_dagrun for 08_gcp_taxi to None, run_after=None
[2026-06-16T17:09:24.953+0000] {processor.py:183} INFO - Processing /opt/airflow/dags/dag_08_gcp_taxi.py took 0.141 seconds
[2026-06-16T17:09:55.970+0000] {processor.py:161} INFO - Started process (PID=23123) to work on /opt/airflow/dags/dag_08_gcp_taxi.py
[2026-06-16T17:09:55.972+0000] {processor.py:830} INFO - Processing file /opt/airflow/dags/dag_08_gcp_taxi.py for tasks to queue
[2026-06-16T17:09:55.974+0000] {logging_mixin.py:188} INFO - [2026-06-16T17:09:55.974+0000] {dagbag.py:545} INFO - Filling up the DagBag from /opt/airflow/dags/dag_08_gcp_taxi.py
[2026-06-16T17:09:55.986+0000] {processor.py:840} INFO - DAG(s) '08_gcp_taxi' retrieved from /opt/airflow/dags/dag_08_gcp_taxi.py
[2026-06-16T17:09:56.045+0000] {logging_mixin.py:188} INFO - [2026-06-16T17:09:56.044+0000] {dag.py:3089} INFO - Sync 1 DAGs
[2026-06-16T17:09:56.062+0000] {logging_mixin.py:188} INFO - [2026-06-16T17:09:56.062+0000] {dag.py:3947} INFO - Setting next_dagrun for 08_gcp_taxi to None, run_after=None
[2026-06-16T17:09:56.086+0000] {processor.py:183} INFO - Processing /opt/airflow/dags/dag_08_gcp_taxi.py took 0.125 seconds
[2026-06-16T17:10:27.098+0000] {processor.py:161} INFO - Started process (PID=23163) to work on /opt/airflow/dags/dag_08_gcp_taxi.py
[2026-06-16T17:10:27.101+0000] {processor.py:830} INFO - Processing file /opt/airflow/dags/dag_08_gcp_taxi.py for tasks to queue
[2026-06-16T17:10:27.103+0000] {logging_mixin.py:188} INFO - [2026-06-16T17:10:27.103+0000] {dagbag.py:545} INFO - Filling up the DagBag from /opt/airflow/dags/dag_08_gcp_taxi.py
[2026-06-16T17:10:27.118+0000] {processor.py:840} INFO - DAG(s) '08_gcp_taxi' retrieved from /opt/airflow/dags/dag_08_gcp_taxi.py
[2026-06-16T17:10:27.178+0000] {logging_mixin.py:188} INFO - [2026-06-16T17:10:27.178+0000] {dag.py:3089} INFO - Sync 1 DAGs
[2026-06-16T17:10:27.196+0000] {logging_mixin.py:188} INFO - [2026-06-16T17:10:27.196+0000] {dag.py:3947} INFO - Setting next_dagrun for 08_gcp_taxi to None, run_after=None
[2026-06-16T17:10:27.220+0000] {processor.py:183} INFO - Processing /opt/airflow/dags/dag_08_gcp_taxi.py took 0.130 seconds
[2026-06-16T17:10:58.181+0000] {processor.py:161} INFO - Started process (PID=23203) to work on /opt/airflow/dags/dag_08_gcp_taxi.py
[2026-06-16T17:10:58.183+0000] {processor.py:830} INFO - Processing file /opt/airflow/dags/dag_08_gcp_taxi.py for tasks to queue
[2026-06-16T17:10:58.186+0000] {logging_mixin.py:188} INFO - [2026-06-16T17:10:58.186+0000] {dagbag.py:545} INFO - Filling up the DagBag from /opt/airflow/dags/dag_08_gcp_taxi.py
[2026-06-16T17:10:58.200+0000] {processor.py:840} INFO - DAG(s) '08_gcp_taxi' retrieved from /opt/airflow/dags/dag_08_gcp_taxi.py
[2026-06-16T17:10:58.285+0000] {logging_mixin.py:188} INFO - [2026-06-16T17:10:58.285+0000] {dag.py:3089} INFO - Sync 1 DAGs
[2026-06-16T17:10:58.303+0000] {logging_mixin.py:188} INFO - [2026-06-16T17:10:58.303+0000] {dag.py:3947} INFO - Setting next_dagrun for 08_gcp_taxi to None, run_after=None
[2026-06-16T17:10:58.328+0000] {processor.py:183} INFO - Processing /opt/airflow/dags/dag_08_gcp_taxi.py took 0.154 seconds
[2026-06-16T17:11:29.296+0000] {processor.py:161} INFO - Started process (PID=23243) to work on /opt/airflow/dags/dag_08_gcp_taxi.py
[2026-06-16T17:11:29.299+0000] {processor.py:830} INFO - Processing file /opt/airflow/dags/dag_08_gcp_taxi.py for tasks to queue
[2026-06-16T17:11:29.301+0000] {logging_mixin.py:188} INFO - [2026-06-16T17:11:29.301+0000] {dagbag.py:545} INFO - Filling up the DagBag from /opt/airflow/dags/dag_08_gcp_taxi.py
[2026-06-16T17:11:29.314+0000] {processor.py:840} INFO - DAG(s) '08_gcp_taxi' retrieved from /opt/airflow/dags/dag_08_gcp_taxi.py
[2026-06-16T17:11:29.374+0000] {logging_mixin.py:188} INFO - [2026-06-16T17:11:29.373+0000] {dag.py:3089} INFO - Sync 1 DAGs
[2026-06-16T17:11:29.396+0000] {logging_mixin.py:188} INFO - [2026-06-16T17:11:29.395+0000] {dag.py:3947} INFO - Setting next_dagrun for 08_gcp_taxi to None, run_after=None
[2026-06-16T17:11:29.421+0000] {processor.py:183} INFO - Processing /opt/airflow/dags/dag_08_gcp_taxi.py took 0.132 seconds
[2026-06-16T17:12:00.394+0000] {processor.py:161} INFO - Started process (PID=23283) to work on /opt/airflow/dags/dag_08_gcp_taxi.py
[2026-06-16T17:12:00.396+0000] {processor.py:830} INFO - Processing file /opt/airflow/dags/dag_08_gcp_taxi.py for tasks to queue
[2026-06-16T17:12:00.399+0000] {logging_mixin.py:188} INFO - [2026-06-16T17:12:00.398+0000] {dagbag.py:545} INFO - Filling up the DagBag from /opt/airflow/dags/dag_08_gcp_taxi.py
[2026-06-16T17:12:00.411+0000] {processor.py:840} INFO - DAG(s) '08_gcp_taxi' retrieved from /opt/airflow/dags/dag_08_gcp_taxi.py
[2026-06-16T17:12:00.472+0000] {logging_mixin.py:188} INFO - [2026-06-16T17:12:00.472+0000] {dag.py:3089} INFO - Sync 1 DAGs
[2026-06-16T17:12:00.493+0000] {logging_mixin.py:188} INFO - [2026-06-16T17:12:00.493+0000] {dag.py:3947} INFO - Setting next_dagrun for 08_gcp_taxi to None, run_after=None
[2026-06-16T17:12:00.519+0000] {processor.py:183} INFO - Processing /opt/airflow/dags/dag_08_gcp_taxi.py took 0.132 seconds
[2026-06-16T17:12:31.481+0000] {processor.py:161} INFO - Started process (PID=23323) to work on /opt/airflow/dags/dag_08_gcp_taxi.py
[2026-06-16T17:12:31.494+0000] {processor.py:830} INFO - Processing file /opt/airflow/dags/dag_08_gcp_taxi.py for tasks to queue
[2026-06-16T17:12:31.497+0000] {logging_mixin.py:188} INFO - [2026-06-16T17:12:31.497+0000] {dagbag.py:545} INFO - Filling up the DagBag from /opt/airflow/dags/dag_08_gcp_taxi.py
[2026-06-16T17:12:31.510+0000] {processor.py:840} INFO - DAG(s) '08_gcp_taxi' retrieved from /opt/airflow/dags/dag_08_gcp_taxi.py
[2026-06-16T17:12:31.571+0000] {logging_mixin.py:188} INFO - [2026-06-16T17:12:31.570+0000] {dag.py:3089} INFO - Sync 1 DAGs
[2026-06-16T17:12:31.587+0000] {logging_mixin.py:188} INFO - [2026-06-16T17:12:31.587+0000] {dag.py:3947} INFO - Setting next_dagrun for 08_gcp_taxi to None, run_after=None
[2026-06-16T17:12:31.611+0000] {processor.py:183} INFO - Processing /opt/airflow/dags/dag_08_gcp_taxi.py took 0.139 seconds
[2026-06-16T17:13:02.571+0000] {processor.py:161} INFO - Started process (PID=23363) to work on /opt/airflow/dags/dag_08_gcp_taxi.py
[2026-06-16T17:13:02.573+0000] {processor.py:830} INFO - Processing file /opt/airflow/dags/dag_08_gcp_taxi.py for tasks to queue
[2026-06-16T17:13:02.575+0000] {logging_mixin.py:188} INFO - [2026-06-16T17:13:02.575+0000] {dagbag.py:545} INFO - Filling up the DagBag from /opt/airflow/dags/dag_08_gcp_taxi.py
[2026-06-16T17:13:02.589+0000] {processor.py:840} INFO - DAG(s) '08_gcp_taxi' retrieved from /opt/airflow/dags/dag_08_gcp_taxi.py
[2026-06-16T17:13:02.650+0000] {logging_mixin.py:188} INFO - [2026-06-16T17:13:02.650+0000] {dag.py:3089} INFO - Sync 1 DAGs
[2026-06-16T17:13:02.671+0000] {logging_mixin.py:188} INFO - [2026-06-16T17:13:02.671+0000] {dag.py:3947} INFO - Setting next_dagrun for 08_gcp_taxi to None, run_after=None
[2026-06-16T17:13:02.695+0000] {processor.py:183} INFO - Processing /opt/airflow/dags/dag_08_gcp_taxi.py took 0.136 seconds
[2026-06-16T17:13:32.841+0000] {processor.py:161} INFO - Started process (PID=23403) to work on /opt/airflow/dags/dag_08_gcp_taxi.py
[2026-06-16T17:13:32.842+0000] {processor.py:830} INFO - Processing file /opt/airflow/dags/dag_08_gcp_taxi.py for tasks to queue
[2026-06-16T17:13:32.844+0000] {logging_mixin.py:188} INFO - [2026-06-16T17:13:32.843+0000] {dagbag.py:545} INFO - Filling up the DagBag from /opt/airflow/dags/dag_08_gcp_taxi.py
[2026-06-16T17:13:32.855+0000] {processor.py:840} INFO - DAG(s) '08_gcp_taxi' retrieved from /opt/airflow/dags/dag_08_gcp_taxi.py
[2026-06-16T17:13:32.909+0000] {logging_mixin.py:188} INFO - [2026-06-16T17:13:32.909+0000] {dag.py:3089} INFO - Sync 1 DAGs
[2026-06-16T17:13:32.927+0000] {logging_mixin.py:188} INFO - [2026-06-16T17:13:32.927+0000] {dag.py:3947} INFO - Setting next_dagrun for 08_gcp_taxi to None, run_after=None
[2026-06-16T17:13:32.950+0000] {processor.py:183} INFO - Processing /opt/airflow/dags/dag_08_gcp_taxi.py took 0.116 seconds
[2026-06-16T17:14:03.051+0000] {processor.py:161} INFO - Started process (PID=23443) to work on /opt/airflow/dags/dag_08_gcp_taxi.py
[2026-06-16T17:14:03.053+0000] {processor.py:830} INFO - Processing file /opt/airflow/dags/dag_08_gcp_taxi.py for tasks to queue
[2026-06-16T17:14:03.055+0000] {logging_mixin.py:188} INFO - [2026-06-16T17:14:03.055+0000] {dagbag.py:545} INFO - Filling up the DagBag from /opt/airflow/dags/dag_08_gcp_taxi.py
[2026-06-16T17:14:03.066+0000] {processor.py:840} INFO - DAG(s) '08_gcp_taxi' retrieved from /opt/airflow/dags/dag_08_gcp_taxi.py
[2026-06-16T17:14:03.117+0000] {logging_mixin.py:188} INFO - [2026-06-16T17:14:03.117+0000] {dag.py:3089} INFO - Sync 1 DAGs
[2026-06-16T17:14:03.132+0000] {logging_mixin.py:188} INFO - [2026-06-16T17:14:03.132+0000] {dag.py:3947} INFO - Setting next_dagrun for 08_gcp_taxi to None, run_after=None
[2026-06-16T17:14:03.157+0000] {processor.py:183} INFO - Processing /opt/airflow/dags/dag_08_gcp_taxi.py took 0.113 seconds
[2026-06-16T17:14:33.241+0000] {processor.py:161} INFO - Started process (PID=23483) to work on /opt/airflow/dags/dag_08_gcp_taxi.py
[2026-06-16T17:14:33.242+0000] {processor.py:830} INFO - Processing file /opt/airflow/dags/dag_08_gcp_taxi.py for tasks to queue
[2026-06-16T17:14:33.244+0000] {logging_mixin.py:188} INFO - [2026-06-16T17:14:33.244+0000] {dagbag.py:545} INFO - Filling up the DagBag from /opt/airflow/dags/dag_08_gcp_taxi.py
[2026-06-16T17:14:33.255+0000] {processor.py:840} INFO - DAG(s) '08_gcp_taxi' retrieved from /opt/airflow/dags/dag_08_gcp_taxi.py
[2026-06-16T17:14:33.305+0000] {logging_mixin.py:188} INFO - [2026-06-16T17:14:33.305+0000] {dag.py:3089} INFO - Sync 1 DAGs
[2026-06-16T17:14:33.318+0000] {logging_mixin.py:188} INFO - [2026-06-16T17:14:33.318+0000] {dag.py:3947} INFO - Setting next_dagrun for 08_gcp_taxi to None, run_after=None
[2026-06-16T17:14:33.342+0000] {processor.py:183} INFO - Processing /opt/airflow/dags/dag_08_gcp_taxi.py took 0.108 seconds
[2026-06-16T17:15:03.597+0000] {processor.py:161} INFO - Started process (PID=23523) to work on /opt/airflow/dags/dag_08_gcp_taxi.py
[2026-06-16T17:15:03.599+0000] {processor.py:830} INFO - Processing file /opt/airflow/dags/dag_08_gcp_taxi.py for tasks to queue
[2026-06-16T17:15:03.601+0000] {logging_mixin.py:188} INFO - [2026-06-16T17:15:03.601+0000] {dagbag.py:545} INFO - Filling up the DagBag from /opt/airflow/dags/dag_08_gcp_taxi.py
[2026-06-16T17:15:03.612+0000] {processor.py:840} INFO - DAG(s) '08_gcp_taxi' retrieved from /opt/airflow/dags/dag_08_gcp_taxi.py
[2026-06-16T17:15:03.662+0000] {logging_mixin.py:188} INFO - [2026-06-16T17:15:03.662+0000] {dag.py:3089} INFO - Sync 1 DAGs
[2026-06-16T17:15:03.834+0000] {logging_mixin.py:188} INFO - [2026-06-16T17:15:03.834+0000] {dag.py:3947} INFO - Setting next_dagrun for 08_gcp_taxi to None, run_after=None
[2026-06-16T17:15:03.865+0000] {processor.py:183} INFO - Processing /opt/airflow/dags/dag_08_gcp_taxi.py took 0.274 seconds
[2026-06-16T17:15:34.857+0000] {processor.py:161} INFO - Started process (PID=23563) to work on /opt/airflow/dags/dag_08_gcp_taxi.py
[2026-06-16T17:15:34.859+0000] {processor.py:830} INFO - Processing file /opt/airflow/dags/dag_08_gcp_taxi.py for tasks to queue
[2026-06-16T17:15:34.862+0000] {logging_mixin.py:188} INFO - [2026-06-16T17:15:34.861+0000] {dagbag.py:545} INFO - Filling up the DagBag from /opt/airflow/dags/dag_08_gcp_taxi.py
[2026-06-16T17:15:34.876+0000] {processor.py:840} INFO - DAG(s) '08_gcp_taxi' retrieved from /opt/airflow/dags/dag_08_gcp_taxi.py
[2026-06-16T17:15:34.935+0000] {logging_mixin.py:188} INFO - [2026-06-16T17:15:34.934+0000] {dag.py:3089} INFO - Sync 1 DAGs
[2026-06-16T17:15:34.952+0000] {logging_mixin.py:188} INFO - [2026-06-16T17:15:34.952+0000] {dag.py:3947} INFO - Setting next_dagrun for 08_gcp_taxi to None, run_after=None
[2026-06-16T17:15:34.976+0000] {processor.py:183} INFO - Processing /opt/airflow/dags/dag_08_gcp_taxi.py took 0.130 seconds
[2026-06-16T17:16:05.926+0000] {processor.py:161} INFO - Started process (PID=23603) to work on /opt/airflow/dags/dag_08_gcp_taxi.py
[2026-06-16T17:16:05.938+0000] {processor.py:830} INFO - Processing file /opt/airflow/dags/dag_08_gcp_taxi.py for tasks to queue
[2026-06-16T17:16:05.941+0000] {logging_mixin.py:188} INFO - [2026-06-16T17:16:05.941+0000] {dagbag.py:545} INFO - Filling up the DagBag from /opt/airflow/dags/dag_08_gcp_taxi.py
[2026-06-16T17:16:05.953+0000] {processor.py:840} INFO - DAG(s) '08_gcp_taxi' retrieved from /opt/airflow/dags/dag_08_gcp_taxi.py
[2026-06-16T17:16:06.009+0000] {logging_mixin.py:188} INFO - [2026-06-16T17:16:06.009+0000] {dag.py:3089} INFO - Sync 1 DAGs
[2026-06-16T17:16:06.026+0000] {logging_mixin.py:188} INFO - [2026-06-16T17:16:06.026+0000] {dag.py:3947} INFO - Setting next_dagrun for 08_gcp_taxi to None, run_after=None
[2026-06-16T17:16:06.048+0000] {processor.py:183} INFO - Processing /opt/airflow/dags/dag_08_gcp_taxi.py took 0.130 seconds
[2026-06-16T17:16:36.435+0000] {processor.py:161} INFO - Started process (PID=23643) to work on /opt/airflow/dags/dag_08_gcp_taxi.py
[2026-06-16T17:16:36.437+0000] {processor.py:830} INFO - Processing file /opt/airflow/dags/dag_08_gcp_taxi.py for tasks to queue
[2026-06-16T17:16:36.440+0000] {logging_mixin.py:188} INFO - [2026-06-16T17:16:36.439+0000] {dagbag.py:545} INFO - Filling up the DagBag from /opt/airflow/dags/dag_08_gcp_taxi.py
[2026-06-16T17:16:36.453+0000] {processor.py:840} INFO - DAG(s) '08_gcp_taxi' retrieved from /opt/airflow/dags/dag_08_gcp_taxi.py
[2026-06-16T17:16:36.522+0000] {logging_mixin.py:188} INFO - [2026-06-16T17:16:36.521+0000] {dag.py:3089} INFO - Sync 1 DAGs
[2026-06-16T17:16:36.690+0000] {logging_mixin.py:188} INFO - [2026-06-16T17:16:36.690+0000] {dag.py:3947} INFO - Setting next_dagrun for 08_gcp_taxi to None, run_after=None
[2026-06-16T17:16:36.724+0000] {processor.py:183} INFO - Processing /opt/airflow/dags/dag_08_gcp_taxi.py took 0.297 seconds
[2026-06-16T17:17:07.704+0000] {processor.py:161} INFO - Started process (PID=23683) to work on /opt/airflow/dags/dag_08_gcp_taxi.py
[2026-06-16T17:17:07.707+0000] {processor.py:830} INFO - Processing file /opt/airflow/dags/dag_08_gcp_taxi.py for tasks to queue
[2026-06-16T17:17:07.710+0000] {logging_mixin.py:188} INFO - [2026-06-16T17:17:07.709+0000] {dagbag.py:545} INFO - Filling up the DagBag from /opt/airflow/dags/dag_08_gcp_taxi.py
[2026-06-16T17:17:07.722+0000] {processor.py:840} INFO - DAG(s) '08_gcp_taxi' retrieved from /opt/airflow/dags/dag_08_gcp_taxi.py
[2026-06-16T17:17:07.778+0000] {logging_mixin.py:188} INFO - [2026-06-16T17:17:07.778+0000] {dag.py:3089} INFO - Sync 1 DAGs
[2026-06-16T17:17:07.794+0000] {logging_mixin.py:188} INFO - [2026-06-16T17:17:07.794+0000] {dag.py:3947} INFO - Setting next_dagrun for 08_gcp_taxi to None, run_after=None
[2026-06-16T17:17:07.817+0000] {processor.py:183} INFO - Processing /opt/airflow/dags/dag_08_gcp_taxi.py took 0.121 seconds
[2026-06-16T17:17:38.850+0000] {processor.py:161} INFO - Started process (PID=23723) to work on /opt/airflow/dags/dag_08_gcp_taxi.py
[2026-06-16T17:17:38.861+0000] {processor.py:830} INFO - Processing file /opt/airflow/dags/dag_08_gcp_taxi.py for tasks to queue
[2026-06-16T17:17:38.864+0000] {logging_mixin.py:188} INFO - [2026-06-16T17:17:38.863+0000] {dagbag.py:545} INFO - Filling up the DagBag from /opt/airflow/dags/dag_08_gcp_taxi.py
[2026-06-16T17:17:38.876+0000] {processor.py:840} INFO - DAG(s) '08_gcp_taxi' retrieved from /opt/airflow/dags/dag_08_gcp_taxi.py
[2026-06-16T17:17:38.935+0000] {logging_mixin.py:188} INFO - [2026-06-16T17:17:38.935+0000] {dag.py:3089} INFO - Sync 1 DAGs
[2026-06-16T17:17:38.952+0000] {logging_mixin.py:188} INFO - [2026-06-16T17:17:38.952+0000] {dag.py:3947} INFO - Setting next_dagrun for 08_gcp_taxi to None, run_after=None
[2026-06-16T17:17:38.976+0000] {processor.py:183} INFO - Processing /opt/airflow/dags/dag_08_gcp_taxi.py took 0.133 seconds
[2026-06-16T17:18:09.253+0000] {processor.py:161} INFO - Started process (PID=23763) to work on /opt/airflow/dags/dag_08_gcp_taxi.py
[2026-06-16T17:18:09.254+0000] {processor.py:830} INFO - Processing file /opt/airflow/dags/dag_08_gcp_taxi.py for tasks to queue
[2026-06-16T17:18:09.257+0000] {logging_mixin.py:188} INFO - [2026-06-16T17:18:09.257+0000] {dagbag.py:545} INFO - Filling up the DagBag from /opt/airflow/dags/dag_08_gcp_taxi.py
[2026-06-16T17:18:09.276+0000] {processor.py:840} INFO - DAG(s) '08_gcp_taxi' retrieved from /opt/airflow/dags/dag_08_gcp_taxi.py
[2026-06-16T17:18:09.342+0000] {logging_mixin.py:188} INFO - [2026-06-16T17:18:09.342+0000] {dag.py:3089} INFO - Sync 1 DAGs
[2026-06-16T17:18:09.537+0000] {logging_mixin.py:188} INFO - [2026-06-16T17:18:09.537+0000] {dag.py:3947} INFO - Setting next_dagrun for 08_gcp_taxi to None, run_after=None
[2026-06-16T17:18:09.569+0000] {processor.py:183} INFO - Processing /opt/airflow/dags/dag_08_gcp_taxi.py took 0.332 seconds
[2026-06-16T17:18:39.695+0000] {processor.py:161} INFO - Started process (PID=23803) to work on /opt/airflow/dags/dag_08_gcp_taxi.py
[2026-06-16T17:18:39.705+0000] {processor.py:830} INFO - Processing file /opt/airflow/dags/dag_08_gcp_taxi.py for tasks to queue
[2026-06-16T17:18:39.707+0000] {logging_mixin.py:188} INFO - [2026-06-16T17:18:39.707+0000] {dagbag.py:545} INFO - Filling up the DagBag from /opt/airflow/dags/dag_08_gcp_taxi.py
[2026-06-16T17:18:39.879+0000] {processor.py:840} INFO - DAG(s) '08_gcp_taxi' retrieved from /opt/airflow/dags/dag_08_gcp_taxi.py
[2026-06-16T17:18:39.932+0000] {logging_mixin.py:188} INFO - [2026-06-16T17:18:39.932+0000] {dag.py:3089} INFO - Sync 1 DAGs
[2026-06-16T17:18:39.944+0000] {logging_mixin.py:188} INFO - [2026-06-16T17:18:39.944+0000] {dag.py:3947} INFO - Setting next_dagrun for 08_gcp_taxi to None, run_after=None
[2026-06-16T17:18:39.965+0000] {processor.py:183} INFO - Processing /opt/airflow/dags/dag_08_gcp_taxi.py took 0.279 seconds
[2026-06-16T17:19:10.920+0000] {processor.py:161} INFO - Started process (PID=23843) to work on /opt/airflow/dags/dag_08_gcp_taxi.py
[2026-06-16T17:19:10.922+0000] {processor.py:830} INFO - Processing file /opt/airflow/dags/dag_08_gcp_taxi.py for tasks to queue
[2026-06-16T17:19:10.925+0000] {logging_mixin.py:188} INFO - [2026-06-16T17:19:10.924+0000] {dagbag.py:545} INFO - Filling up the DagBag from /opt/airflow/dags/dag_08_gcp_taxi.py
[2026-06-16T17:19:10.937+0000] {processor.py:840} INFO - DAG(s) '08_gcp_taxi' retrieved from /opt/airflow/dags/dag_08_gcp_taxi.py
[2026-06-16T17:19:10.993+0000] {logging_mixin.py:188} INFO - [2026-06-16T17:19:10.993+0000] {dag.py:3089} INFO - Sync 1 DAGs
[2026-06-16T17:19:11.009+0000] {logging_mixin.py:188} INFO - [2026-06-16T17:19:11.009+0000] {dag.py:3947} INFO - Setting next_dagrun for 08_gcp_taxi to None, run_after=None
[2026-06-16T17:19:11.034+0000] {processor.py:183} INFO - Processing /opt/airflow/dags/dag_08_gcp_taxi.py took 0.121 seconds
[2026-06-16T17:19:41.898+0000] {processor.py:161} INFO - Started process (PID=23883) to work on /opt/airflow/dags/dag_08_gcp_taxi.py
[2026-06-16T17:19:41.900+0000] {processor.py:830} INFO - Processing file /opt/airflow/dags/dag_08_gcp_taxi.py for tasks to queue
[2026-06-16T17:19:41.903+0000] {logging_mixin.py:188} INFO - [2026-06-16T17:19:41.903+0000] {dagbag.py:545} INFO - Filling up the DagBag from /opt/airflow/dags/dag_08_gcp_taxi.py
[2026-06-16T17:19:41.915+0000] {processor.py:840} INFO - DAG(s) '08_gcp_taxi' retrieved from /opt/airflow/dags/dag_08_gcp_taxi.py
[2026-06-16T17:19:41.971+0000] {logging_mixin.py:188} INFO - [2026-06-16T17:19:41.971+0000] {dag.py:3089} INFO - Sync 1 DAGs
[2026-06-16T17:19:41.987+0000] {logging_mixin.py:188} INFO - [2026-06-16T17:19:41.987+0000] {dag.py:3947} INFO - Setting next_dagrun for 08_gcp_taxi to None, run_after=None
[2026-06-16T17:19:42.009+0000] {processor.py:183} INFO - Processing /opt/airflow/dags/dag_08_gcp_taxi.py took 0.119 seconds
[2026-06-16T17:20:12.978+0000] {processor.py:161} INFO - Started process (PID=23923) to work on /opt/airflow/dags/dag_08_gcp_taxi.py
[2026-06-16T17:20:12.980+0000] {processor.py:830} INFO - Processing file /opt/airflow/dags/dag_08_gcp_taxi.py for tasks to queue
[2026-06-16T17:20:12.983+0000] {logging_mixin.py:188} INFO - [2026-06-16T17:20:12.983+0000] {dagbag.py:545} INFO - Filling up the DagBag from /opt/airflow/dags/dag_08_gcp_taxi.py
[2026-06-16T17:20:12.998+0000] {processor.py:840} INFO - DAG(s) '08_gcp_taxi' retrieved from /opt/airflow/dags/dag_08_gcp_taxi.py
[2026-06-16T17:20:13.058+0000] {logging_mixin.py:188} INFO - [2026-06-16T17:20:13.058+0000] {dag.py:3089} INFO - Sync 1 DAGs
[2026-06-16T17:20:13.077+0000] {logging_mixin.py:188} INFO - [2026-06-16T17:20:13.076+0000] {dag.py:3947} INFO - Setting next_dagrun for 08_gcp_taxi to None, run_after=None
[2026-06-16T17:20:13.100+0000] {processor.py:183} INFO - Processing /opt/airflow/dags/dag_08_gcp_taxi.py took 0.131 seconds
[2026-06-16T17:20:43.969+0000] {processor.py:161} INFO - Started process (PID=23963) to work on /opt/airflow/dags/dag_08_gcp_taxi.py
[2026-06-16T17:20:43.980+0000] {processor.py:830} INFO - Processing file /opt/airflow/dags/dag_08_gcp_taxi.py for tasks to queue
[2026-06-16T17:20:43.982+0000] {logging_mixin.py:188} INFO - [2026-06-16T17:20:43.982+0000] {dagbag.py:545} INFO - Filling up the DagBag from /opt/airflow/dags/dag_08_gcp_taxi.py
[2026-06-16T17:20:43.994+0000] {processor.py:840} INFO - DAG(s) '08_gcp_taxi' retrieved from /opt/airflow/dags/dag_08_gcp_taxi.py
[2026-06-16T17:20:44.055+0000] {logging_mixin.py:188} INFO - [2026-06-16T17:20:44.054+0000] {dag.py:3089} INFO - Sync 1 DAGs
[2026-06-16T17:20:44.072+0000] {logging_mixin.py:188} INFO - [2026-06-16T17:20:44.072+0000] {dag.py:3947} INFO - Setting next_dagrun for 08_gcp_taxi to None, run_after=None
[2026-06-16T17:20:44.097+0000] {processor.py:183} INFO - Processing /opt/airflow/dags/dag_08_gcp_taxi.py took 0.137 seconds
[2026-06-16T17:21:15.057+0000] {processor.py:161} INFO - Started process (PID=24003) to work on /opt/airflow/dags/dag_08_gcp_taxi.py
[2026-06-16T17:21:15.058+0000] {processor.py:830} INFO - Processing file /opt/airflow/dags/dag_08_gcp_taxi.py for tasks to queue
[2026-06-16T17:21:15.061+0000] {logging_mixin.py:188} INFO - [2026-06-16T17:21:15.060+0000] {dagbag.py:545} INFO - Filling up the DagBag from /opt/airflow/dags/dag_08_gcp_taxi.py
[2026-06-16T17:21:15.074+0000] {processor.py:840} INFO - DAG(s) '08_gcp_taxi' retrieved from /opt/airflow/dags/dag_08_gcp_taxi.py
[2026-06-16T17:21:15.139+0000] {logging_mixin.py:188} INFO - [2026-06-16T17:21:15.138+0000] {dag.py:3089} INFO - Sync 1 DAGs
[2026-06-16T17:21:15.157+0000] {logging_mixin.py:188} INFO - [2026-06-16T17:21:15.156+0000] {dag.py:3947} INFO - Setting next_dagrun for 08_gcp_taxi to None, run_after=None
[2026-06-16T17:21:15.181+0000] {processor.py:183} INFO - Processing /opt/airflow/dags/dag_08_gcp_taxi.py took 0.135 seconds
[2026-06-16T17:21:46.153+0000] {processor.py:161} INFO - Started process (PID=24043) to work on /opt/airflow/dags/dag_08_gcp_taxi.py
[2026-06-16T17:21:46.157+0000] {processor.py:830} INFO - Processing file /opt/airflow/dags/dag_08_gcp_taxi.py for tasks to queue
[2026-06-16T17:21:46.159+0000] {logging_mixin.py:188} INFO - [2026-06-16T17:21:46.159+0000] {dagbag.py:545} INFO - Filling up the DagBag from /opt/airflow/dags/dag_08_gcp_taxi.py
[2026-06-16T17:21:46.173+0000] {processor.py:840} INFO - DAG(s) '08_gcp_taxi' retrieved from /opt/airflow/dags/dag_08_gcp_taxi.py
[2026-06-16T17:21:46.231+0000] {logging_mixin.py:188} INFO - [2026-06-16T17:21:46.231+0000] {dag.py:3089} INFO - Sync 1 DAGs
[2026-06-16T17:21:46.248+0000] {logging_mixin.py:188} INFO - [2026-06-16T17:21:46.248+0000] {dag.py:3947} INFO - Setting next_dagrun for 08_gcp_taxi to None, run_after=None
[2026-06-16T17:21:46.277+0000] {processor.py:183} INFO - Processing /opt/airflow/dags/dag_08_gcp_taxi.py took 0.134 seconds
[2026-06-16T17:22:17.089+0000] {processor.py:161} INFO - Started process (PID=24083) to work on /opt/airflow/dags/dag_08_gcp_taxi.py
[2026-06-16T17:22:17.090+0000] {processor.py:830} INFO - Processing file /opt/airflow/dags/dag_08_gcp_taxi.py for tasks to queue
[2026-06-16T17:22:17.093+0000] {logging_mixin.py:188} INFO - [2026-06-16T17:22:17.093+0000] {dagbag.py:545} INFO - Filling up the DagBag from /opt/airflow/dags/dag_08_gcp_taxi.py
[2026-06-16T17:22:17.106+0000] {processor.py:840} INFO - DAG(s) '08_gcp_taxi' retrieved from /opt/airflow/dags/dag_08_gcp_taxi.py
[2026-06-16T17:22:17.165+0000] {logging_mixin.py:188} INFO - [2026-06-16T17:22:17.164+0000] {dag.py:3089} INFO - Sync 1 DAGs
[2026-06-16T17:22:17.181+0000] {logging_mixin.py:188} INFO - [2026-06-16T17:22:17.181+0000] {dag.py:3947} INFO - Setting next_dagrun for 08_gcp_taxi to None, run_after=None
[2026-06-16T17:22:17.206+0000] {processor.py:183} INFO - Processing /opt/airflow/dags/dag_08_gcp_taxi.py took 0.125 seconds
[2026-06-16T17:22:48.135+0000] {processor.py:161} INFO - Started process (PID=24123) to work on /opt/airflow/dags/dag_08_gcp_taxi.py
[2026-06-16T17:22:48.136+0000] {processor.py:830} INFO - Processing file /opt/airflow/dags/dag_08_gcp_taxi.py for tasks to queue
[2026-06-16T17:22:48.140+0000] {logging_mixin.py:188} INFO - [2026-06-16T17:22:48.139+0000] {dagbag.py:545} INFO - Filling up the DagBag from /opt/airflow/dags/dag_08_gcp_taxi.py
[2026-06-16T17:22:48.157+0000] {processor.py:840} INFO - DAG(s) '08_gcp_taxi' retrieved from /opt/airflow/dags/dag_08_gcp_taxi.py
[2026-06-16T17:22:48.221+0000] {logging_mixin.py:188} INFO - [2026-06-16T17:22:48.221+0000] {dag.py:3089} INFO - Sync 1 DAGs
[2026-06-16T17:22:48.236+0000] {logging_mixin.py:188} INFO - [2026-06-16T17:22:48.235+0000] {dag.py:3947} INFO - Setting next_dagrun for 08_gcp_taxi to None, run_after=None
[2026-06-16T17:22:48.259+0000] {processor.py:183} INFO - Processing /opt/airflow/dags/dag_08_gcp_taxi.py took 0.132 seconds
[2026-06-16T17:23:19.235+0000] {processor.py:161} INFO - Started process (PID=24163) to work on /opt/airflow/dags/dag_08_gcp_taxi.py
[2026-06-16T17:23:19.238+0000] {processor.py:830} INFO - Processing file /opt/airflow/dags/dag_08_gcp_taxi.py for tasks to queue
[2026-06-16T17:23:19.240+0000] {logging_mixin.py:188} INFO - [2026-06-16T17:23:19.240+0000] {dagbag.py:545} INFO - Filling up the DagBag from /opt/airflow/dags/dag_08_gcp_taxi.py
[2026-06-16T17:23:19.253+0000] {processor.py:840} INFO - DAG(s) '08_gcp_taxi' retrieved from /opt/airflow/dags/dag_08_gcp_taxi.py
[2026-06-16T17:23:19.309+0000] {logging_mixin.py:188} INFO - [2026-06-16T17:23:19.309+0000] {dag.py:3089} INFO - Sync 1 DAGs
[2026-06-16T17:23:19.325+0000] {logging_mixin.py:188} INFO - [2026-06-16T17:23:19.325+0000] {dag.py:3947} INFO - Setting next_dagrun for 08_gcp_taxi to None, run_after=None
[2026-06-16T17:23:19.348+0000] {processor.py:183} INFO - Processing /opt/airflow/dags/dag_08_gcp_taxi.py took 0.121 seconds
[2026-06-16T17:23:50.342+0000] {processor.py:161} INFO - Started process (PID=24203) to work on /opt/airflow/dags/dag_08_gcp_taxi.py
[2026-06-16T17:23:50.343+0000] {processor.py:830} INFO - Processing file /opt/airflow/dags/dag_08_gcp_taxi.py for tasks to queue
[2026-06-16T17:23:50.346+0000] {logging_mixin.py:188} INFO - [2026-06-16T17:23:50.346+0000] {dagbag.py:545} INFO - Filling up the DagBag from /opt/airflow/dags/dag_08_gcp_taxi.py
[2026-06-16T17:23:50.360+0000] {processor.py:840} INFO - DAG(s) '08_gcp_taxi' retrieved from /opt/airflow/dags/dag_08_gcp_taxi.py
[2026-06-16T17:23:50.425+0000] {logging_mixin.py:188} INFO - [2026-06-16T17:23:50.424+0000] {dag.py:3089} INFO - Sync 1 DAGs
[2026-06-16T17:23:50.443+0000] {logging_mixin.py:188} INFO - [2026-06-16T17:23:50.443+0000] {dag.py:3947} INFO - Setting next_dagrun for 08_gcp_taxi to None, run_after=None
[2026-06-16T17:23:50.469+0000] {processor.py:183} INFO - Processing /opt/airflow/dags/dag_08_gcp_taxi.py took 0.137 seconds
[2026-06-16T17:24:21.458+0000] {processor.py:161} INFO - Started process (PID=24243) to work on /opt/airflow/dags/dag_08_gcp_taxi.py
[2026-06-16T17:24:21.469+0000] {processor.py:830} INFO - Processing file /opt/airflow/dags/dag_08_gcp_taxi.py for tasks to queue
[2026-06-16T17:24:21.472+0000] {logging_mixin.py:188} INFO - [2026-06-16T17:24:21.471+0000] {dagbag.py:545} INFO - Filling up the DagBag from /opt/airflow/dags/dag_08_gcp_taxi.py
[2026-06-16T17:24:21.483+0000] {processor.py:840} INFO - DAG(s) '08_gcp_taxi' retrieved from /opt/airflow/dags/dag_08_gcp_taxi.py
[2026-06-16T17:24:21.541+0000] {logging_mixin.py:188} INFO - [2026-06-16T17:24:21.541+0000] {dag.py:3089} INFO - Sync 1 DAGs
[2026-06-16T17:24:21.557+0000] {logging_mixin.py:188} INFO - [2026-06-16T17:24:21.557+0000] {dag.py:3947} INFO - Setting next_dagrun for 08_gcp_taxi to None, run_after=None
[2026-06-16T17:24:21.582+0000] {processor.py:183} INFO - Processing /opt/airflow/dags/dag_08_gcp_taxi.py took 0.131 seconds
[2026-06-16T17:24:52.585+0000] {processor.py:161} INFO - Started process (PID=24283) to work on /opt/airflow/dags/dag_08_gcp_taxi.py
[2026-06-16T17:24:52.586+0000] {processor.py:830} INFO - Processing file /opt/airflow/dags/dag_08_gcp_taxi.py for tasks to queue
[2026-06-16T17:24:52.589+0000] {logging_mixin.py:188} INFO - [2026-06-16T17:24:52.588+0000] {dagbag.py:545} INFO - Filling up the DagBag from /opt/airflow/dags/dag_08_gcp_taxi.py
[2026-06-16T17:24:52.601+0000] {processor.py:840} INFO - DAG(s) '08_gcp_taxi' retrieved from /opt/airflow/dags/dag_08_gcp_taxi.py
[2026-06-16T17:24:52.678+0000] {logging_mixin.py:188} INFO - [2026-06-16T17:24:52.677+0000] {dag.py:3089} INFO - Sync 1 DAGs
[2026-06-16T17:24:52.702+0000] {logging_mixin.py:188} INFO - [2026-06-16T17:24:52.701+0000] {dag.py:3947} INFO - Setting next_dagrun for 08_gcp_taxi to None, run_after=None
[2026-06-16T17:24:52.735+0000] {processor.py:183} INFO - Processing /opt/airflow/dags/dag_08_gcp_taxi.py took 0.159 seconds
[2026-06-16T17:25:23.684+0000] {processor.py:161} INFO - Started process (PID=24323) to work on /opt/airflow/dags/dag_08_gcp_taxi.py
[2026-06-16T17:25:23.695+0000] {processor.py:830} INFO - Processing file /opt/airflow/dags/dag_08_gcp_taxi.py for tasks to queue
[2026-06-16T17:25:23.697+0000] {logging_mixin.py:188} INFO - [2026-06-16T17:25:23.696+0000] {dagbag.py:545} INFO - Filling up the DagBag from /opt/airflow/dags/dag_08_gcp_taxi.py
[2026-06-16T17:25:23.709+0000] {processor.py:840} INFO - DAG(s) '08_gcp_taxi' retrieved from /opt/airflow/dags/dag_08_gcp_taxi.py
[2026-06-16T17:25:23.767+0000] {logging_mixin.py:188} INFO - [2026-06-16T17:25:23.767+0000] {dag.py:3089} INFO - Sync 1 DAGs
[2026-06-16T17:25:23.785+0000] {logging_mixin.py:188} INFO - [2026-06-16T17:25:23.785+0000] {dag.py:3947} INFO - Setting next_dagrun for 08_gcp_taxi to None, run_after=None
[2026-06-16T17:25:23.811+0000] {processor.py:183} INFO - Processing /opt/airflow/dags/dag_08_gcp_taxi.py took 0.136 seconds
[2026-06-16T17:25:54.663+0000] {processor.py:161} INFO - Started process (PID=24363) to work on /opt/airflow/dags/dag_08_gcp_taxi.py
[2026-06-16T17:25:54.680+0000] {processor.py:830} INFO - Processing file /opt/airflow/dags/dag_08_gcp_taxi.py for tasks to queue
[2026-06-16T17:25:54.682+0000] {logging_mixin.py:188} INFO - [2026-06-16T17:25:54.681+0000] {dagbag.py:545} INFO - Filling up the DagBag from /opt/airflow/dags/dag_08_gcp_taxi.py
[2026-06-16T17:25:54.694+0000] {processor.py:840} INFO - DAG(s) '08_gcp_taxi' retrieved from /opt/airflow/dags/dag_08_gcp_taxi.py
[2026-06-16T17:25:54.753+0000] {logging_mixin.py:188} INFO - [2026-06-16T17:25:54.753+0000] {dag.py:3089} INFO - Sync 1 DAGs
[2026-06-16T17:25:54.770+0000] {logging_mixin.py:188} INFO - [2026-06-16T17:25:54.770+0000] {dag.py:3947} INFO - Setting next_dagrun for 08_gcp_taxi to None, run_after=None
[2026-06-16T17:25:54.795+0000] {processor.py:183} INFO - Processing /opt/airflow/dags/dag_08_gcp_taxi.py took 0.139 seconds
[2026-06-16T17:26:25.604+0000] {processor.py:161} INFO - Started process (PID=24403) to work on /opt/airflow/dags/dag_08_gcp_taxi.py
[2026-06-16T17:26:25.606+0000] {processor.py:830} INFO - Processing file /opt/airflow/dags/dag_08_gcp_taxi.py for tasks to queue
[2026-06-16T17:26:25.609+0000] {logging_mixin.py:188} INFO - [2026-06-16T17:26:25.608+0000] {dagbag.py:545} INFO - Filling up the DagBag from /opt/airflow/dags/dag_08_gcp_taxi.py
[2026-06-16T17:26:25.621+0000] {processor.py:840} INFO - DAG(s) '08_gcp_taxi' retrieved from /opt/airflow/dags/dag_08_gcp_taxi.py
[2026-06-16T17:26:25.678+0000] {logging_mixin.py:188} INFO - [2026-06-16T17:26:25.677+0000] {dag.py:3089} INFO - Sync 1 DAGs
[2026-06-16T17:26:25.698+0000] {logging_mixin.py:188} INFO - [2026-06-16T17:26:25.697+0000] {dag.py:3947} INFO - Setting next_dagrun for 08_gcp_taxi to None, run_after=None
[2026-06-16T17:26:25.726+0000] {processor.py:183} INFO - Processing /opt/airflow/dags/dag_08_gcp_taxi.py took 0.130 seconds
[2026-06-16T17:26:56.680+0000] {processor.py:161} INFO - Started process (PID=24443) to work on /opt/airflow/dags/dag_08_gcp_taxi.py
[2026-06-16T17:26:56.683+0000] {processor.py:830} INFO - Processing file /opt/airflow/dags/dag_08_gcp_taxi.py for tasks to queue
[2026-06-16T17:26:56.685+0000] {logging_mixin.py:188} INFO - [2026-06-16T17:26:56.685+0000] {dagbag.py:545} INFO - Filling up the DagBag from /opt/airflow/dags/dag_08_gcp_taxi.py
[2026-06-16T17:26:56.697+0000] {processor.py:840} INFO - DAG(s) '08_gcp_taxi' retrieved from /opt/airflow/dags/dag_08_gcp_taxi.py
[2026-06-16T17:26:56.753+0000] {logging_mixin.py:188} INFO - [2026-06-16T17:26:56.753+0000] {dag.py:3089} INFO - Sync 1 DAGs
[2026-06-16T17:26:56.770+0000] {logging_mixin.py:188} INFO - [2026-06-16T17:26:56.770+0000] {dag.py:3947} INFO - Setting next_dagrun for 08_gcp_taxi to None, run_after=None
[2026-06-16T17:26:56.793+0000] {processor.py:183} INFO - Processing /opt/airflow/dags/dag_08_gcp_taxi.py took 0.121 seconds
[2026-06-16T17:27:27.749+0000] {processor.py:161} INFO - Started process (PID=24483) to work on /opt/airflow/dags/dag_08_gcp_taxi.py
[2026-06-16T17:27:27.751+0000] {processor.py:830} INFO - Processing file /opt/airflow/dags/dag_08_gcp_taxi.py for tasks to queue
[2026-06-16T17:27:27.754+0000] {logging_mixin.py:188} INFO - [2026-06-16T17:27:27.753+0000] {dagbag.py:545} INFO - Filling up the DagBag from /opt/airflow/dags/dag_08_gcp_taxi.py
[2026-06-16T17:27:27.766+0000] {processor.py:840} INFO - DAG(s) '08_gcp_taxi' retrieved from /opt/airflow/dags/dag_08_gcp_taxi.py
[2026-06-16T17:27:27.825+0000] {logging_mixin.py:188} INFO - [2026-06-16T17:27:27.825+0000] {dag.py:3089} INFO - Sync 1 DAGs
[2026-06-16T17:27:27.843+0000] {logging_mixin.py:188} INFO - [2026-06-16T17:27:27.842+0000] {dag.py:3947} INFO - Setting next_dagrun for 08_gcp_taxi to None, run_after=None
[2026-06-16T17:27:27.868+0000] {processor.py:183} INFO - Processing /opt/airflow/dags/dag_08_gcp_taxi.py took 0.128 seconds
[2026-06-16T17:27:58.771+0000] {processor.py:161} INFO - Started process (PID=24523) to work on /opt/airflow/dags/dag_08_gcp_taxi.py
[2026-06-16T17:27:58.774+0000] {processor.py:830} INFO - Processing file /opt/airflow/dags/dag_08_gcp_taxi.py for tasks to queue
[2026-06-16T17:27:58.777+0000] {logging_mixin.py:188} INFO - [2026-06-16T17:27:58.776+0000] {dagbag.py:545} INFO - Filling up the DagBag from /opt/airflow/dags/dag_08_gcp_taxi.py
[2026-06-16T17:27:58.793+0000] {processor.py:840} INFO - DAG(s) '08_gcp_taxi' retrieved from /opt/airflow/dags/dag_08_gcp_taxi.py
[2026-06-16T17:27:58.866+0000] {logging_mixin.py:188} INFO - [2026-06-16T17:27:58.866+0000] {dag.py:3089} INFO - Sync 1 DAGs
[2026-06-16T17:27:58.884+0000] {logging_mixin.py:188} INFO - [2026-06-16T17:27:58.884+0000] {dag.py:3947} INFO - Setting next_dagrun for 08_gcp_taxi to None, run_after=None
[2026-06-16T17:27:58.908+0000] {processor.py:183} INFO - Processing /opt/airflow/dags/dag_08_gcp_taxi.py took 0.147 seconds
[2026-06-16T17:28:29.828+0000] {processor.py:161} INFO - Started process (PID=24563) to work on /opt/airflow/dags/dag_08_gcp_taxi.py
[2026-06-16T17:28:29.830+0000] {processor.py:830} INFO - Processing file /opt/airflow/dags/dag_08_gcp_taxi.py for tasks to queue
[2026-06-16T17:28:29.833+0000] {logging_mixin.py:188} INFO - [2026-06-16T17:28:29.833+0000] {dagbag.py:545} INFO - Filling up the DagBag from /opt/airflow/dags/dag_08_gcp_taxi.py
[2026-06-16T17:28:29.846+0000] {processor.py:840} INFO - DAG(s) '08_gcp_taxi' retrieved from /opt/airflow/dags/dag_08_gcp_taxi.py
[2026-06-16T17:28:29.906+0000] {logging_mixin.py:188} INFO - [2026-06-16T17:28:29.905+0000] {dag.py:3089} INFO - Sync 1 DAGs
[2026-06-16T17:28:29.922+0000] {logging_mixin.py:188} INFO - [2026-06-16T17:28:29.922+0000] {dag.py:3947} INFO - Setting next_dagrun for 08_gcp_taxi to None, run_after=None
[2026-06-16T17:28:29.948+0000] {processor.py:183} INFO - Processing /opt/airflow/dags/dag_08_gcp_taxi.py took 0.128 seconds
[2026-06-16T17:29:00.893+0000] {processor.py:161} INFO - Started process (PID=24603) to work on /opt/airflow/dags/dag_08_gcp_taxi.py
[2026-06-16T17:29:00.895+0000] {processor.py:830} INFO - Processing file /opt/airflow/dags/dag_08_gcp_taxi.py for tasks to queue
[2026-06-16T17:29:00.898+0000] {logging_mixin.py:188} INFO - [2026-06-16T17:29:00.897+0000] {dagbag.py:545} INFO - Filling up the DagBag from /opt/airflow/dags/dag_08_gcp_taxi.py
[2026-06-16T17:29:00.910+0000] {processor.py:840} INFO - DAG(s) '08_gcp_taxi' retrieved from /opt/airflow/dags/dag_08_gcp_taxi.py
[2026-06-16T17:29:00.966+0000] {logging_mixin.py:188} INFO - [2026-06-16T17:29:00.966+0000] {dag.py:3089} INFO - Sync 1 DAGs
[2026-06-16T17:29:00.982+0000] {logging_mixin.py:188} INFO - [2026-06-16T17:29:00.982+0000] {dag.py:3947} INFO - Setting next_dagrun for 08_gcp_taxi to None, run_after=None
[2026-06-16T17:29:01.006+0000] {processor.py:183} INFO - Processing /opt/airflow/dags/dag_08_gcp_taxi.py took 0.121 seconds
[2026-06-16T17:29:32.020+0000] {processor.py:161} INFO - Started process (PID=24643) to work on /opt/airflow/dags/dag_08_gcp_taxi.py
[2026-06-16T17:29:32.022+0000] {processor.py:830} INFO - Processing file /opt/airflow/dags/dag_08_gcp_taxi.py for tasks to queue
[2026-06-16T17:29:32.026+0000] {logging_mixin.py:188} INFO - [2026-06-16T17:29:32.025+0000] {dagbag.py:545} INFO - Filling up the DagBag from /opt/airflow/dags/dag_08_gcp_taxi.py
[2026-06-16T17:29:32.041+0000] {processor.py:840} INFO - DAG(s) '08_gcp_taxi' retrieved from /opt/airflow/dags/dag_08_gcp_taxi.py
[2026-06-16T17:29:32.100+0000] {logging_mixin.py:188} INFO - [2026-06-16T17:29:32.100+0000] {dag.py:3089} INFO - Sync 1 DAGs
[2026-06-16T17:29:32.117+0000] {logging_mixin.py:188} INFO - [2026-06-16T17:29:32.116+0000] {dag.py:3947} INFO - Setting next_dagrun for 08_gcp_taxi to None, run_after=None
[2026-06-16T17:29:32.145+0000] {processor.py:183} INFO - Processing /opt/airflow/dags/dag_08_gcp_taxi.py took 0.138 seconds
[2026-06-16T17:30:03.068+0000] {processor.py:161} INFO - Started process (PID=24683) to work on /opt/airflow/dags/dag_08_gcp_taxi.py
[2026-06-16T17:30:03.069+0000] {processor.py:830} INFO - Processing file /opt/airflow/dags/dag_08_gcp_taxi.py for tasks to queue
[2026-06-16T17:30:03.073+0000] {logging_mixin.py:188} INFO - [2026-06-16T17:30:03.072+0000] {dagbag.py:545} INFO - Filling up the DagBag from /opt/airflow/dags/dag_08_gcp_taxi.py
[2026-06-16T17:30:03.085+0000] {processor.py:840} INFO - DAG(s) '08_gcp_taxi' retrieved from /opt/airflow/dags/dag_08_gcp_taxi.py
[2026-06-16T17:30:03.150+0000] {logging_mixin.py:188} INFO - [2026-06-16T17:30:03.149+0000] {dag.py:3089} INFO - Sync 1 DAGs
[2026-06-16T17:30:03.170+0000] {logging_mixin.py:188} INFO - [2026-06-16T17:30:03.170+0000] {dag.py:3947} INFO - Setting next_dagrun for 08_gcp_taxi to None, run_after=None
[2026-06-16T17:30:03.195+0000] {processor.py:183} INFO - Processing /opt/airflow/dags/dag_08_gcp_taxi.py took 0.134 seconds
[2026-06-16T17:30:34.096+0000] {processor.py:161} INFO - Started process (PID=24723) to work on /opt/airflow/dags/dag_08_gcp_taxi.py
[2026-06-16T17:30:34.107+0000] {processor.py:830} INFO - Processing file /opt/airflow/dags/dag_08_gcp_taxi.py for tasks to queue
[2026-06-16T17:30:34.109+0000] {logging_mixin.py:188} INFO - [2026-06-16T17:30:34.108+0000] {dagbag.py:545} INFO - Filling up the DagBag from /opt/airflow/dags/dag_08_gcp_taxi.py
[2026-06-16T17:30:34.121+0000] {processor.py:840} INFO - DAG(s) '08_gcp_taxi' retrieved from /opt/airflow/dags/dag_08_gcp_taxi.py
[2026-06-16T17:30:34.179+0000] {logging_mixin.py:188} INFO - [2026-06-16T17:30:34.179+0000] {dag.py:3089} INFO - Sync 1 DAGs
[2026-06-16T17:30:34.195+0000] {logging_mixin.py:188} INFO - [2026-06-16T17:30:34.195+0000] {dag.py:3947} INFO - Setting next_dagrun for 08_gcp_taxi to None, run_after=None
[2026-06-16T17:30:34.218+0000] {processor.py:183} INFO - Processing /opt/airflow/dags/dag_08_gcp_taxi.py took 0.130 seconds
[2026-06-16T17:31:05.191+0000] {processor.py:161} INFO - Started process (PID=24763) to work on /opt/airflow/dags/dag_08_gcp_taxi.py
[2026-06-16T17:31:05.193+0000] {processor.py:830} INFO - Processing file /opt/airflow/dags/dag_08_gcp_taxi.py for tasks to queue
[2026-06-16T17:31:05.197+0000] {logging_mixin.py:188} INFO - [2026-06-16T17:31:05.196+0000] {dagbag.py:545} INFO - Filling up the DagBag from /opt/airflow/dags/dag_08_gcp_taxi.py
[2026-06-16T17:31:05.209+0000] {processor.py:840} INFO - DAG(s) '08_gcp_taxi' retrieved from /opt/airflow/dags/dag_08_gcp_taxi.py
[2026-06-16T17:31:05.268+0000] {logging_mixin.py:188} INFO - [2026-06-16T17:31:05.267+0000] {dag.py:3089} INFO - Sync 1 DAGs
[2026-06-16T17:31:05.284+0000] {logging_mixin.py:188} INFO - [2026-06-16T17:31:05.284+0000] {dag.py:3947} INFO - Setting next_dagrun for 08_gcp_taxi to None, run_after=None
[2026-06-16T17:31:05.308+0000] {processor.py:183} INFO - Processing /opt/airflow/dags/dag_08_gcp_taxi.py took 0.125 seconds
[2026-06-16T17:31:36.143+0000] {processor.py:161} INFO - Started process (PID=24803) to work on /opt/airflow/dags/dag_08_gcp_taxi.py
[2026-06-16T17:31:36.144+0000] {processor.py:830} INFO - Processing file /opt/airflow/dags/dag_08_gcp_taxi.py for tasks to queue
[2026-06-16T17:31:36.148+0000] {logging_mixin.py:188} INFO - [2026-06-16T17:31:36.147+0000] {dagbag.py:545} INFO - Filling up the DagBag from /opt/airflow/dags/dag_08_gcp_taxi.py
[2026-06-16T17:31:36.160+0000] {processor.py:840} INFO - DAG(s) '08_gcp_taxi' retrieved from /opt/airflow/dags/dag_08_gcp_taxi.py
[2026-06-16T17:31:36.216+0000] {logging_mixin.py:188} INFO - [2026-06-16T17:31:36.216+0000] {dag.py:3089} INFO - Sync 1 DAGs
[2026-06-16T17:31:36.233+0000] {logging_mixin.py:188} INFO - [2026-06-16T17:31:36.233+0000] {dag.py:3947} INFO - Setting next_dagrun for 08_gcp_taxi to None, run_after=None
[2026-06-16T17:31:36.256+0000] {processor.py:183} INFO - Processing /opt/airflow/dags/dag_08_gcp_taxi.py took 0.122 seconds
[2026-06-16T17:32:07.233+0000] {processor.py:161} INFO - Started process (PID=24843) to work on /opt/airflow/dags/dag_08_gcp_taxi.py
[2026-06-16T17:32:07.244+0000] {processor.py:830} INFO - Processing file /opt/airflow/dags/dag_08_gcp_taxi.py for tasks to queue
[2026-06-16T17:32:07.246+0000] {logging_mixin.py:188} INFO - [2026-06-16T17:32:07.245+0000] {dagbag.py:545} INFO - Filling up the DagBag from /opt/airflow/dags/dag_08_gcp_taxi.py
[2026-06-16T17:32:07.259+0000] {processor.py:840} INFO - DAG(s) '08_gcp_taxi' retrieved from /opt/airflow/dags/dag_08_gcp_taxi.py
[2026-06-16T17:32:07.342+0000] {logging_mixin.py:188} INFO - [2026-06-16T17:32:07.342+0000] {dag.py:3089} INFO - Sync 1 DAGs
[2026-06-16T17:32:07.362+0000] {logging_mixin.py:188} INFO - [2026-06-16T17:32:07.362+0000] {dag.py:3947} INFO - Setting next_dagrun for 08_gcp_taxi to None, run_after=None
[2026-06-16T17:32:07.390+0000] {processor.py:183} INFO - Processing /opt/airflow/dags/dag_08_gcp_taxi.py took 0.165 seconds
[2026-06-16T17:32:37.450+0000] {processor.py:161} INFO - Started process (PID=24883) to work on /opt/airflow/dags/dag_08_gcp_taxi.py
[2026-06-16T17:32:37.452+0000] {processor.py:830} INFO - Processing file /opt/airflow/dags/dag_08_gcp_taxi.py for tasks to queue
[2026-06-16T17:32:37.455+0000] {logging_mixin.py:188} INFO - [2026-06-16T17:32:37.455+0000] {dagbag.py:545} INFO - Filling up the DagBag from /opt/airflow/dags/dag_08_gcp_taxi.py
[2026-06-16T17:32:37.467+0000] {processor.py:840} INFO - DAG(s) '08_gcp_taxi' retrieved from /opt/airflow/dags/dag_08_gcp_taxi.py
[2026-06-16T17:32:37.526+0000] {logging_mixin.py:188} INFO - [2026-06-16T17:32:37.526+0000] {dag.py:3089} INFO - Sync 1 DAGs
[2026-06-16T17:32:37.545+0000] {logging_mixin.py:188} INFO - [2026-06-16T17:32:37.544+0000] {dag.py:3947} INFO - Setting next_dagrun for 08_gcp_taxi to None, run_after=None
[2026-06-16T17:32:37.573+0000] {processor.py:183} INFO - Processing /opt/airflow/dags/dag_08_gcp_taxi.py took 0.130 seconds
[2026-06-16T17:33:07.617+0000] {processor.py:161} INFO - Started process (PID=24923) to work on /opt/airflow/dags/dag_08_gcp_taxi.py
[2026-06-16T17:33:07.619+0000] {processor.py:830} INFO - Processing file /opt/airflow/dags/dag_08_gcp_taxi.py for tasks to queue
[2026-06-16T17:33:07.621+0000] {logging_mixin.py:188} INFO - [2026-06-16T17:33:07.621+0000] {dagbag.py:545} INFO - Filling up the DagBag from /opt/airflow/dags/dag_08_gcp_taxi.py
[2026-06-16T17:33:07.632+0000] {processor.py:840} INFO - DAG(s) '08_gcp_taxi' retrieved from /opt/airflow/dags/dag_08_gcp_taxi.py
[2026-06-16T17:33:07.684+0000] {logging_mixin.py:188} INFO - [2026-06-16T17:33:07.684+0000] {dag.py:3089} INFO - Sync 1 DAGs
[2026-06-16T17:33:07.699+0000] {logging_mixin.py:188} INFO - [2026-06-16T17:33:07.699+0000] {dag.py:3947} INFO - Setting next_dagrun for 08_gcp_taxi to None, run_after=None
[2026-06-16T17:33:07.722+0000] {processor.py:183} INFO - Processing /opt/airflow/dags/dag_08_gcp_taxi.py took 0.112 seconds
[2026-06-16T17:33:37.764+0000] {processor.py:161} INFO - Started process (PID=24963) to work on /opt/airflow/dags/dag_08_gcp_taxi.py
[2026-06-16T17:33:37.766+0000] {processor.py:830} INFO - Processing file /opt/airflow/dags/dag_08_gcp_taxi.py for tasks to queue
[2026-06-16T17:33:37.768+0000] {logging_mixin.py:188} INFO - [2026-06-16T17:33:37.768+0000] {dagbag.py:545} INFO - Filling up the DagBag from /opt/airflow/dags/dag_08_gcp_taxi.py
[2026-06-16T17:33:37.782+0000] {processor.py:840} INFO - DAG(s) '08_gcp_taxi' retrieved from /opt/airflow/dags/dag_08_gcp_taxi.py
[2026-06-16T17:33:37.845+0000] {logging_mixin.py:188} INFO - [2026-06-16T17:33:37.845+0000] {dag.py:3089} INFO - Sync 1 DAGs
[2026-06-16T17:33:37.863+0000] {logging_mixin.py:188} INFO - [2026-06-16T17:33:37.863+0000] {dag.py:3947} INFO - Setting next_dagrun for 08_gcp_taxi to None, run_after=None
[2026-06-16T17:33:37.886+0000] {processor.py:183} INFO - Processing /opt/airflow/dags/dag_08_gcp_taxi.py took 0.132 seconds
[2026-06-16T17:34:07.938+0000] {processor.py:161} INFO - Started process (PID=25003) to work on /opt/airflow/dags/dag_08_gcp_taxi.py
[2026-06-16T17:34:07.939+0000] {processor.py:830} INFO - Processing file /opt/airflow/dags/dag_08_gcp_taxi.py for tasks to queue
[2026-06-16T17:34:07.941+0000] {logging_mixin.py:188} INFO - [2026-06-16T17:34:07.941+0000] {dagbag.py:545} INFO - Filling up the DagBag from /opt/airflow/dags/dag_08_gcp_taxi.py
[2026-06-16T17:34:07.953+0000] {processor.py:840} INFO - DAG(s) '08_gcp_taxi' retrieved from /opt/airflow/dags/dag_08_gcp_taxi.py
[2026-06-16T17:34:08.003+0000] {logging_mixin.py:188} INFO - [2026-06-16T17:34:08.003+0000] {dag.py:3089} INFO - Sync 1 DAGs
[2026-06-16T17:34:08.016+0000] {logging_mixin.py:188} INFO - [2026-06-16T17:34:08.016+0000] {dag.py:3947} INFO - Setting next_dagrun for 08_gcp_taxi to None, run_after=None
[2026-06-16T17:34:08.041+0000] {processor.py:183} INFO - Processing /opt/airflow/dags/dag_08_gcp_taxi.py took 0.110 seconds
[2026-06-16T17:34:39.010+0000] {processor.py:161} INFO - Started process (PID=25043) to work on /opt/airflow/dags/dag_08_gcp_taxi.py
[2026-06-16T17:34:39.011+0000] {processor.py:830} INFO - Processing file /opt/airflow/dags/dag_08_gcp_taxi.py for tasks to queue
[2026-06-16T17:34:39.015+0000] {logging_mixin.py:188} INFO - [2026-06-16T17:34:39.014+0000] {dagbag.py:545} INFO - Filling up the DagBag from /opt/airflow/dags/dag_08_gcp_taxi.py
[2026-06-16T17:34:39.033+0000] {processor.py:840} INFO - DAG(s) '08_gcp_taxi' retrieved from /opt/airflow/dags/dag_08_gcp_taxi.py
[2026-06-16T17:34:39.098+0000] {logging_mixin.py:188} INFO - [2026-06-16T17:34:39.098+0000] {dag.py:3089} INFO - Sync 1 DAGs
[2026-06-16T17:34:39.112+0000] {logging_mixin.py:188} INFO - [2026-06-16T17:34:39.112+0000] {dag.py:3947} INFO - Setting next_dagrun for 08_gcp_taxi to None, run_after=None
[2026-06-16T17:34:39.133+0000] {processor.py:183} INFO - Processing /opt/airflow/dags/dag_08_gcp_taxi.py took 0.134 seconds
[2026-06-16T17:35:09.321+0000] {processor.py:161} INFO - Started process (PID=25083) to work on /opt/airflow/dags/dag_08_gcp_taxi.py
[2026-06-16T17:35:09.323+0000] {processor.py:830} INFO - Processing file /opt/airflow/dags/dag_08_gcp_taxi.py for tasks to queue
[2026-06-16T17:35:09.325+0000] {logging_mixin.py:188} INFO - [2026-06-16T17:35:09.325+0000] {dagbag.py:545} INFO - Filling up the DagBag from /opt/airflow/dags/dag_08_gcp_taxi.py
[2026-06-16T17:35:09.337+0000] {processor.py:840} INFO - DAG(s) '08_gcp_taxi' retrieved from /opt/airflow/dags/dag_08_gcp_taxi.py
[2026-06-16T17:35:09.397+0000] {logging_mixin.py:188} INFO - [2026-06-16T17:35:09.396+0000] {dag.py:3089} INFO - Sync 1 DAGs
[2026-06-16T17:35:09.413+0000] {logging_mixin.py:188} INFO - [2026-06-16T17:35:09.413+0000] {dag.py:3947} INFO - Setting next_dagrun for 08_gcp_taxi to None, run_after=None
[2026-06-16T17:35:09.436+0000] {processor.py:183} INFO - Processing /opt/airflow/dags/dag_08_gcp_taxi.py took 0.124 seconds
[2026-06-16T17:35:39.525+0000] {processor.py:161} INFO - Started process (PID=25123) to work on /opt/airflow/dags/dag_08_gcp_taxi.py
[2026-06-16T17:35:39.527+0000] {processor.py:830} INFO - Processing file /opt/airflow/dags/dag_08_gcp_taxi.py for tasks to queue
[2026-06-16T17:35:39.530+0000] {logging_mixin.py:188} INFO - [2026-06-16T17:35:39.529+0000] {dagbag.py:545} INFO - Filling up the DagBag from /opt/airflow/dags/dag_08_gcp_taxi.py
[2026-06-16T17:35:39.543+0000] {processor.py:840} INFO - DAG(s) '08_gcp_taxi' retrieved from /opt/airflow/dags/dag_08_gcp_taxi.py
[2026-06-16T17:35:39.600+0000] {logging_mixin.py:188} INFO - [2026-06-16T17:35:39.599+0000] {dag.py:3089} INFO - Sync 1 DAGs
[2026-06-16T17:35:39.616+0000] {logging_mixin.py:188} INFO - [2026-06-16T17:35:39.616+0000] {dag.py:3947} INFO - Setting next_dagrun for 08_gcp_taxi to None, run_after=None
[2026-06-16T17:35:39.640+0000] {processor.py:183} INFO - Processing /opt/airflow/dags/dag_08_gcp_taxi.py took 0.123 seconds
[2026-06-16T17:36:09.696+0000] {processor.py:161} INFO - Started process (PID=25163) to work on /opt/airflow/dags/dag_08_gcp_taxi.py
[2026-06-16T17:36:09.698+0000] {processor.py:830} INFO - Processing file /opt/airflow/dags/dag_08_gcp_taxi.py for tasks to queue
[2026-06-16T17:36:09.701+0000] {logging_mixin.py:188} INFO - [2026-06-16T17:36:09.700+0000] {dagbag.py:545} INFO - Filling up the DagBag from /opt/airflow/dags/dag_08_gcp_taxi.py
[2026-06-16T17:36:09.713+0000] {processor.py:840} INFO - DAG(s) '08_gcp_taxi' retrieved from /opt/airflow/dags/dag_08_gcp_taxi.py
[2026-06-16T17:36:09.772+0000] {logging_mixin.py:188} INFO - [2026-06-16T17:36:09.772+0000] {dag.py:3089} INFO - Sync 1 DAGs
[2026-06-16T17:36:09.789+0000] {logging_mixin.py:188} INFO - [2026-06-16T17:36:09.789+0000] {dag.py:3947} INFO - Setting next_dagrun for 08_gcp_taxi to None, run_after=None
[2026-06-16T17:36:09.813+0000] {processor.py:183} INFO - Processing /opt/airflow/dags/dag_08_gcp_taxi.py took 0.125 seconds
[2026-06-16T17:36:39.943+0000] {processor.py:161} INFO - Started process (PID=25203) to work on /opt/airflow/dags/dag_08_gcp_taxi.py
[2026-06-16T17:36:39.945+0000] {processor.py:830} INFO - Processing file /opt/airflow/dags/dag_08_gcp_taxi.py for tasks to queue
[2026-06-16T17:36:39.947+0000] {logging_mixin.py:188} INFO - [2026-06-16T17:36:39.946+0000] {dagbag.py:545} INFO - Filling up the DagBag from /opt/airflow/dags/dag_08_gcp_taxi.py
[2026-06-16T17:36:39.961+0000] {processor.py:840} INFO - DAG(s) '08_gcp_taxi' retrieved from /opt/airflow/dags/dag_08_gcp_taxi.py
[2026-06-16T17:36:40.021+0000] {logging_mixin.py:188} INFO - [2026-06-16T17:36:40.020+0000] {dag.py:3089} INFO - Sync 1 DAGs
[2026-06-16T17:36:40.038+0000] {logging_mixin.py:188} INFO - [2026-06-16T17:36:40.038+0000] {dag.py:3947} INFO - Setting next_dagrun for 08_gcp_taxi to None, run_after=None
[2026-06-16T17:36:40.060+0000] {processor.py:183} INFO - Processing /opt/airflow/dags/dag_08_gcp_taxi.py took 0.127 seconds
[2026-06-16T17:37:10.703+0000] {processor.py:161} INFO - Started process (PID=25243) to work on /opt/airflow/dags/dag_08_gcp_taxi.py
[2026-06-16T17:37:10.705+0000] {processor.py:830} INFO - Processing file /opt/airflow/dags/dag_08_gcp_taxi.py for tasks to queue
[2026-06-16T17:37:10.708+0000] {logging_mixin.py:188} INFO - [2026-06-16T17:37:10.707+0000] {dagbag.py:545} INFO - Filling up the DagBag from /opt/airflow/dags/dag_08_gcp_taxi.py
[2026-06-16T17:37:10.722+0000] {processor.py:840} INFO - DAG(s) '08_gcp_taxi' retrieved from /opt/airflow/dags/dag_08_gcp_taxi.py
[2026-06-16T17:37:10.783+0000] {logging_mixin.py:188} INFO - [2026-06-16T17:37:10.782+0000] {dag.py:3089} INFO - Sync 1 DAGs
[2026-06-16T17:37:10.799+0000] {logging_mixin.py:188} INFO - [2026-06-16T17:37:10.799+0000] {dag.py:3947} INFO - Setting next_dagrun for 08_gcp_taxi to None, run_after=None
[2026-06-16T17:37:10.824+0000] {processor.py:183} INFO - Processing /opt/airflow/dags/dag_08_gcp_taxi.py took 0.129 seconds
[2026-06-16T17:37:40.908+0000] {processor.py:161} INFO - Started process (PID=25288) to work on /opt/airflow/dags/dag_08_gcp_taxi.py
[2026-06-16T17:37:40.910+0000] {processor.py:830} INFO - Processing file /opt/airflow/dags/dag_08_gcp_taxi.py for tasks to queue
[2026-06-16T17:37:40.912+0000] {logging_mixin.py:188} INFO - [2026-06-16T17:37:40.912+0000] {dagbag.py:545} INFO - Filling up the DagBag from /opt/airflow/dags/dag_08_gcp_taxi.py
[2026-06-16T17:37:40.924+0000] {processor.py:840} INFO - DAG(s) '08_gcp_taxi' retrieved from /opt/airflow/dags/dag_08_gcp_taxi.py
[2026-06-16T17:37:40.979+0000] {logging_mixin.py:188} INFO - [2026-06-16T17:37:40.978+0000] {dag.py:3089} INFO - Sync 1 DAGs
[2026-06-16T17:37:40.992+0000] {logging_mixin.py:188} INFO - [2026-06-16T17:37:40.992+0000] {dag.py:3947} INFO - Setting next_dagrun for 08_gcp_taxi to None, run_after=None
[2026-06-16T17:37:41.012+0000] {processor.py:183} INFO - Processing /opt/airflow/dags/dag_08_gcp_taxi.py took 0.111 seconds
[2026-06-16T17:38:11.118+0000] {processor.py:161} INFO - Started process (PID=25328) to work on /opt/airflow/dags/dag_08_gcp_taxi.py
[2026-06-16T17:38:11.119+0000] {processor.py:830} INFO - Processing file /opt/airflow/dags/dag_08_gcp_taxi.py for tasks to queue
[2026-06-16T17:38:11.121+0000] {logging_mixin.py:188} INFO - [2026-06-16T17:38:11.121+0000] {dagbag.py:545} INFO - Filling up the DagBag from /opt/airflow/dags/dag_08_gcp_taxi.py
[2026-06-16T17:38:11.132+0000] {processor.py:840} INFO - DAG(s) '08_gcp_taxi' retrieved from /opt/airflow/dags/dag_08_gcp_taxi.py
[2026-06-16T17:38:11.184+0000] {logging_mixin.py:188} INFO - [2026-06-16T17:38:11.184+0000] {dag.py:3089} INFO - Sync 1 DAGs
[2026-06-16T17:38:11.198+0000] {logging_mixin.py:188} INFO - [2026-06-16T17:38:11.197+0000] {dag.py:3947} INFO - Setting next_dagrun for 08_gcp_taxi to None, run_after=None
[2026-06-16T17:38:11.220+0000] {processor.py:183} INFO - Processing /opt/airflow/dags/dag_08_gcp_taxi.py took 0.109 seconds
[2026-06-16T17:38:41.351+0000] {processor.py:161} INFO - Started process (PID=25368) to work on /opt/airflow/dags/dag_08_gcp_taxi.py
[2026-06-16T17:38:41.353+0000] {processor.py:830} INFO - Processing file /opt/airflow/dags/dag_08_gcp_taxi.py for tasks to queue
[2026-06-16T17:38:41.355+0000] {logging_mixin.py:188} INFO - [2026-06-16T17:38:41.355+0000] {dagbag.py:545} INFO - Filling up the DagBag from /opt/airflow/dags/dag_08_gcp_taxi.py
[2026-06-16T17:38:41.367+0000] {processor.py:840} INFO - DAG(s) '08_gcp_taxi' retrieved from /opt/airflow/dags/dag_08_gcp_taxi.py
[2026-06-16T17:38:41.422+0000] {logging_mixin.py:188} INFO - [2026-06-16T17:38:41.422+0000] {dag.py:3089} INFO - Sync 1 DAGs
[2026-06-16T17:38:41.437+0000] {logging_mixin.py:188} INFO - [2026-06-16T17:38:41.437+0000] {dag.py:3947} INFO - Setting next_dagrun for 08_gcp_taxi to None, run_after=None
[2026-06-16T17:38:41.458+0000] {processor.py:183} INFO - Processing /opt/airflow/dags/dag_08_gcp_taxi.py took 0.115 seconds
[2026-06-16T17:39:12.149+0000] {processor.py:161} INFO - Started process (PID=25403) to work on /opt/airflow/dags/dag_08_gcp_taxi.py
[2026-06-16T17:39:12.151+0000] {processor.py:830} INFO - Processing file /opt/airflow/dags/dag_08_gcp_taxi.py for tasks to queue
[2026-06-16T17:39:12.153+0000] {logging_mixin.py:188} INFO - [2026-06-16T17:39:12.153+0000] {dagbag.py:545} INFO - Filling up the DagBag from /opt/airflow/dags/dag_08_gcp_taxi.py
[2026-06-16T17:39:12.166+0000] {processor.py:840} INFO - DAG(s) '08_gcp_taxi' retrieved from /opt/airflow/dags/dag_08_gcp_taxi.py
[2026-06-16T17:39:12.225+0000] {logging_mixin.py:188} INFO - [2026-06-16T17:39:12.224+0000] {dag.py:3089} INFO - Sync 1 DAGs
[2026-06-16T17:39:12.244+0000] {logging_mixin.py:188} INFO - [2026-06-16T17:39:12.244+0000] {dag.py:3947} INFO - Setting next_dagrun for 08_gcp_taxi to None, run_after=None
[2026-06-16T17:39:12.269+0000] {processor.py:183} INFO - Processing /opt/airflow/dags/dag_08_gcp_taxi.py took 0.128 seconds
[2026-06-16T17:39:43.133+0000] {processor.py:161} INFO - Started process (PID=25443) to work on /opt/airflow/dags/dag_08_gcp_taxi.py
[2026-06-16T17:39:43.135+0000] {processor.py:830} INFO - Processing file /opt/airflow/dags/dag_08_gcp_taxi.py for tasks to queue
[2026-06-16T17:39:43.138+0000] {logging_mixin.py:188} INFO - [2026-06-16T17:39:43.138+0000] {dagbag.py:545} INFO - Filling up the DagBag from /opt/airflow/dags/dag_08_gcp_taxi.py
[2026-06-16T17:39:43.151+0000] {processor.py:840} INFO - DAG(s) '08_gcp_taxi' retrieved from /opt/airflow/dags/dag_08_gcp_taxi.py
[2026-06-16T17:39:43.208+0000] {logging_mixin.py:188} INFO - [2026-06-16T17:39:43.208+0000] {dag.py:3089} INFO - Sync 1 DAGs
[2026-06-16T17:39:43.226+0000] {logging_mixin.py:188} INFO - [2026-06-16T17:39:43.225+0000] {dag.py:3947} INFO - Setting next_dagrun for 08_gcp_taxi to None, run_after=None
[2026-06-16T17:39:43.250+0000] {processor.py:183} INFO - Processing /opt/airflow/dags/dag_08_gcp_taxi.py took 0.124 seconds
[2026-06-16T17:40:14.237+0000] {processor.py:161} INFO - Started process (PID=25483) to work on /opt/airflow/dags/dag_08_gcp_taxi.py
[2026-06-16T17:40:14.239+0000] {processor.py:830} INFO - Processing file /opt/airflow/dags/dag_08_gcp_taxi.py for tasks to queue
[2026-06-16T17:40:14.242+0000] {logging_mixin.py:188} INFO - [2026-06-16T17:40:14.241+0000] {dagbag.py:545} INFO - Filling up the DagBag from /opt/airflow/dags/dag_08_gcp_taxi.py
[2026-06-16T17:40:14.262+0000] {processor.py:840} INFO - DAG(s) '08_gcp_taxi' retrieved from /opt/airflow/dags/dag_08_gcp_taxi.py
[2026-06-16T17:40:14.328+0000] {logging_mixin.py:188} INFO - [2026-06-16T17:40:14.327+0000] {dag.py:3089} INFO - Sync 1 DAGs
[2026-06-16T17:40:14.343+0000] {logging_mixin.py:188} INFO - [2026-06-16T17:40:14.343+0000] {dag.py:3947} INFO - Setting next_dagrun for 08_gcp_taxi to None, run_after=None
[2026-06-16T17:40:14.368+0000] {processor.py:183} INFO - Processing /opt/airflow/dags/dag_08_gcp_taxi.py took 0.143 seconds
[2026-06-16T17:40:45.354+0000] {processor.py:161} INFO - Started process (PID=25523) to work on /opt/airflow/dags/dag_08_gcp_taxi.py
[2026-06-16T17:40:45.356+0000] {processor.py:830} INFO - Processing file /opt/airflow/dags/dag_08_gcp_taxi.py for tasks to queue
[2026-06-16T17:40:45.359+0000] {logging_mixin.py:188} INFO - [2026-06-16T17:40:45.358+0000] {dagbag.py:545} INFO - Filling up the DagBag from /opt/airflow/dags/dag_08_gcp_taxi.py
[2026-06-16T17:40:45.372+0000] {processor.py:840} INFO - DAG(s) '08_gcp_taxi' retrieved from /opt/airflow/dags/dag_08_gcp_taxi.py
[2026-06-16T17:40:45.437+0000] {logging_mixin.py:188} INFO - [2026-06-16T17:40:45.436+0000] {dag.py:3089} INFO - Sync 1 DAGs
[2026-06-16T17:40:45.454+0000] {logging_mixin.py:188} INFO - [2026-06-16T17:40:45.454+0000] {dag.py:3947} INFO - Setting next_dagrun for 08_gcp_taxi to None, run_after=None
[2026-06-16T17:40:45.478+0000] {processor.py:183} INFO - Processing /opt/airflow/dags/dag_08_gcp_taxi.py took 0.134 seconds
[2026-06-16T17:41:16.466+0000] {processor.py:161} INFO - Started process (PID=25563) to work on /opt/airflow/dags/dag_08_gcp_taxi.py
[2026-06-16T17:41:16.480+0000] {processor.py:830} INFO - Processing file /opt/airflow/dags/dag_08_gcp_taxi.py for tasks to queue
[2026-06-16T17:41:16.482+0000] {logging_mixin.py:188} INFO - [2026-06-16T17:41:16.482+0000] {dagbag.py:545} INFO - Filling up the DagBag from /opt/airflow/dags/dag_08_gcp_taxi.py
[2026-06-16T17:41:16.497+0000] {processor.py:840} INFO - DAG(s) '08_gcp_taxi' retrieved from /opt/airflow/dags/dag_08_gcp_taxi.py
[2026-06-16T17:41:16.554+0000] {logging_mixin.py:188} INFO - [2026-06-16T17:41:16.554+0000] {dag.py:3089} INFO - Sync 1 DAGs
[2026-06-16T17:41:16.571+0000] {logging_mixin.py:188} INFO - [2026-06-16T17:41:16.570+0000] {dag.py:3947} INFO - Setting next_dagrun for 08_gcp_taxi to None, run_after=None
[2026-06-16T17:41:16.594+0000] {processor.py:183} INFO - Processing /opt/airflow/dags/dag_08_gcp_taxi.py took 0.136 seconds
[2026-06-16T17:41:47.592+0000] {processor.py:161} INFO - Started process (PID=25603) to work on /opt/airflow/dags/dag_08_gcp_taxi.py
[2026-06-16T17:41:47.603+0000] {processor.py:830} INFO - Processing file /opt/airflow/dags/dag_08_gcp_taxi.py for tasks to queue
[2026-06-16T17:41:47.605+0000] {logging_mixin.py:188} INFO - [2026-06-16T17:41:47.605+0000] {dagbag.py:545} INFO - Filling up the DagBag from /opt/airflow/dags/dag_08_gcp_taxi.py
[2026-06-16T17:41:47.617+0000] {processor.py:840} INFO - DAG(s) '08_gcp_taxi' retrieved from /opt/airflow/dags/dag_08_gcp_taxi.py
[2026-06-16T17:41:47.680+0000] {logging_mixin.py:188} INFO - [2026-06-16T17:41:47.679+0000] {dag.py:3089} INFO - Sync 1 DAGs
[2026-06-16T17:41:47.695+0000] {logging_mixin.py:188} INFO - [2026-06-16T17:41:47.695+0000] {dag.py:3947} INFO - Setting next_dagrun for 08_gcp_taxi to None, run_after=None
[2026-06-16T17:41:47.719+0000] {processor.py:183} INFO - Processing /opt/airflow/dags/dag_08_gcp_taxi.py took 0.135 seconds
[2026-06-16T17:42:18.570+0000] {processor.py:161} INFO - Started process (PID=25643) to work on /opt/airflow/dags/dag_08_gcp_taxi.py
[2026-06-16T17:42:18.572+0000] {processor.py:830} INFO - Processing file /opt/airflow/dags/dag_08_gcp_taxi.py for tasks to queue
[2026-06-16T17:42:18.575+0000] {logging_mixin.py:188} INFO - [2026-06-16T17:42:18.574+0000] {dagbag.py:545} INFO - Filling up the DagBag from /opt/airflow/dags/dag_08_gcp_taxi.py
[2026-06-16T17:42:18.587+0000] {processor.py:840} INFO - DAG(s) '08_gcp_taxi' retrieved from /opt/airflow/dags/dag_08_gcp_taxi.py
[2026-06-16T17:42:18.667+0000] {logging_mixin.py:188} INFO - [2026-06-16T17:42:18.667+0000] {dag.py:3089} INFO - Sync 1 DAGs
[2026-06-16T17:42:18.691+0000] {logging_mixin.py:188} INFO - [2026-06-16T17:42:18.691+0000] {dag.py:3947} INFO - Setting next_dagrun for 08_gcp_taxi to None, run_after=None
[2026-06-16T17:42:18.717+0000] {processor.py:183} INFO - Processing /opt/airflow/dags/dag_08_gcp_taxi.py took 0.155 seconds
[2026-06-16T17:42:48.843+0000] {processor.py:161} INFO - Started process (PID=25683) to work on /opt/airflow/dags/dag_08_gcp_taxi.py
[2026-06-16T17:42:48.845+0000] {processor.py:830} INFO - Processing file /opt/airflow/dags/dag_08_gcp_taxi.py for tasks to queue
[2026-06-16T17:42:48.847+0000] {logging_mixin.py:188} INFO - [2026-06-16T17:42:48.847+0000] {dagbag.py:545} INFO - Filling up the DagBag from /opt/airflow/dags/dag_08_gcp_taxi.py
[2026-06-16T17:42:48.864+0000] {processor.py:840} INFO - DAG(s) '08_gcp_taxi' retrieved from /opt/airflow/dags/dag_08_gcp_taxi.py
[2026-06-16T17:42:48.947+0000] {logging_mixin.py:188} INFO - [2026-06-16T17:42:48.947+0000] {dag.py:3089} INFO - Sync 1 DAGs
[2026-06-16T17:42:48.967+0000] {logging_mixin.py:188} INFO - [2026-06-16T17:42:48.967+0000] {dag.py:3947} INFO - Setting next_dagrun for 08_gcp_taxi to None, run_after=None
[2026-06-16T17:42:48.995+0000] {processor.py:183} INFO - Processing /opt/airflow/dags/dag_08_gcp_taxi.py took 0.169 seconds
[2026-06-16T17:43:20.002+0000] {processor.py:161} INFO - Started process (PID=25723) to work on /opt/airflow/dags/dag_08_gcp_taxi.py
[2026-06-16T17:43:20.004+0000] {processor.py:830} INFO - Processing file /opt/airflow/dags/dag_08_gcp_taxi.py for tasks to queue
[2026-06-16T17:43:20.006+0000] {logging_mixin.py:188} INFO - [2026-06-16T17:43:20.006+0000] {dagbag.py:545} INFO - Filling up the DagBag from /opt/airflow/dags/dag_08_gcp_taxi.py
[2026-06-16T17:43:20.019+0000] {processor.py:840} INFO - DAG(s) '08_gcp_taxi' retrieved from /opt/airflow/dags/dag_08_gcp_taxi.py
[2026-06-16T17:43:20.076+0000] {logging_mixin.py:188} INFO - [2026-06-16T17:43:20.075+0000] {dag.py:3089} INFO - Sync 1 DAGs
[2026-06-16T17:43:20.093+0000] {logging_mixin.py:188} INFO - [2026-06-16T17:43:20.092+0000] {dag.py:3947} INFO - Setting next_dagrun for 08_gcp_taxi to None, run_after=None
[2026-06-16T17:43:20.116+0000] {processor.py:183} INFO - Processing /opt/airflow/dags/dag_08_gcp_taxi.py took 0.122 seconds
[2026-06-16T17:43:51.083+0000] {processor.py:161} INFO - Started process (PID=25763) to work on /opt/airflow/dags/dag_08_gcp_taxi.py
[2026-06-16T17:43:51.094+0000] {processor.py:830} INFO - Processing file /opt/airflow/dags/dag_08_gcp_taxi.py for tasks to queue
[2026-06-16T17:43:51.096+0000] {logging_mixin.py:188} INFO - [2026-06-16T17:43:51.096+0000] {dagbag.py:545} INFO - Filling up the DagBag from /opt/airflow/dags/dag_08_gcp_taxi.py
[2026-06-16T17:43:51.109+0000] {processor.py:840} INFO - DAG(s) '08_gcp_taxi' retrieved from /opt/airflow/dags/dag_08_gcp_taxi.py
[2026-06-16T17:43:51.166+0000] {logging_mixin.py:188} INFO - [2026-06-16T17:43:51.166+0000] {dag.py:3089} INFO - Sync 1 DAGs
[2026-06-16T17:43:51.182+0000] {logging_mixin.py:188} INFO - [2026-06-16T17:43:51.182+0000] {dag.py:3947} INFO - Setting next_dagrun for 08_gcp_taxi to None, run_after=None
[2026-06-16T17:43:51.205+0000] {processor.py:183} INFO - Processing /opt/airflow/dags/dag_08_gcp_taxi.py took 0.131 seconds
[2026-06-16T17:44:22.208+0000] {processor.py:161} INFO - Started process (PID=25803) to work on /opt/airflow/dags/dag_08_gcp_taxi.py
[2026-06-16T17:44:22.219+0000] {processor.py:830} INFO - Processing file /opt/airflow/dags/dag_08_gcp_taxi.py for tasks to queue
[2026-06-16T17:44:22.221+0000] {logging_mixin.py:188} INFO - [2026-06-16T17:44:22.221+0000] {dagbag.py:545} INFO - Filling up the DagBag from /opt/airflow/dags/dag_08_gcp_taxi.py
[2026-06-16T17:44:22.233+0000] {processor.py:840} INFO - DAG(s) '08_gcp_taxi' retrieved from /opt/airflow/dags/dag_08_gcp_taxi.py
[2026-06-16T17:44:22.299+0000] {logging_mixin.py:188} INFO - [2026-06-16T17:44:22.299+0000] {dag.py:3089} INFO - Sync 1 DAGs
[2026-06-16T17:44:22.320+0000] {logging_mixin.py:188} INFO - [2026-06-16T17:44:22.320+0000] {dag.py:3947} INFO - Setting next_dagrun for 08_gcp_taxi to None, run_after=None
[2026-06-16T17:44:22.344+0000] {processor.py:183} INFO - Processing /opt/airflow/dags/dag_08_gcp_taxi.py took 0.144 seconds
[2026-06-16T17:44:53.189+0000] {processor.py:161} INFO - Started process (PID=25843) to work on /opt/airflow/dags/dag_08_gcp_taxi.py
[2026-06-16T17:44:53.190+0000] {processor.py:830} INFO - Processing file /opt/airflow/dags/dag_08_gcp_taxi.py for tasks to queue
[2026-06-16T17:44:53.194+0000] {logging_mixin.py:188} INFO - [2026-06-16T17:44:53.193+0000] {dagbag.py:545} INFO - Filling up the DagBag from /opt/airflow/dags/dag_08_gcp_taxi.py
[2026-06-16T17:44:53.206+0000] {processor.py:840} INFO - DAG(s) '08_gcp_taxi' retrieved from /opt/airflow/dags/dag_08_gcp_taxi.py
[2026-06-16T17:44:53.281+0000] {logging_mixin.py:188} INFO - [2026-06-16T17:44:53.281+0000] {dag.py:3089} INFO - Sync 1 DAGs
[2026-06-16T17:44:53.298+0000] {logging_mixin.py:188} INFO - [2026-06-16T17:44:53.298+0000] {dag.py:3947} INFO - Setting next_dagrun for 08_gcp_taxi to None, run_after=None
[2026-06-16T17:44:53.324+0000] {processor.py:183} INFO - Processing /opt/airflow/dags/dag_08_gcp_taxi.py took 0.144 seconds
[2026-06-16T17:45:24.307+0000] {processor.py:161} INFO - Started process (PID=25883) to work on /opt/airflow/dags/dag_08_gcp_taxi.py
[2026-06-16T17:45:24.314+0000] {processor.py:830} INFO - Processing file /opt/airflow/dags/dag_08_gcp_taxi.py for tasks to queue
[2026-06-16T17:45:24.316+0000] {logging_mixin.py:188} INFO - [2026-06-16T17:45:24.316+0000] {dagbag.py:545} INFO - Filling up the DagBag from /opt/airflow/dags/dag_08_gcp_taxi.py
[2026-06-16T17:45:24.330+0000] {processor.py:840} INFO - DAG(s) '08_gcp_taxi' retrieved from /opt/airflow/dags/dag_08_gcp_taxi.py
[2026-06-16T17:45:24.392+0000] {logging_mixin.py:188} INFO - [2026-06-16T17:45:24.392+0000] {dag.py:3089} INFO - Sync 1 DAGs
[2026-06-16T17:45:24.410+0000] {logging_mixin.py:188} INFO - [2026-06-16T17:45:24.410+0000] {dag.py:3947} INFO - Setting next_dagrun for 08_gcp_taxi to None, run_after=None
[2026-06-16T17:45:24.436+0000] {processor.py:183} INFO - Processing /opt/airflow/dags/dag_08_gcp_taxi.py took 0.143 seconds
[2026-06-16T17:45:55.388+0000] {processor.py:161} INFO - Started process (PID=25923) to work on /opt/airflow/dags/dag_08_gcp_taxi.py
[2026-06-16T17:45:55.389+0000] {processor.py:830} INFO - Processing file /opt/airflow/dags/dag_08_gcp_taxi.py for tasks to queue
[2026-06-16T17:45:55.391+0000] {logging_mixin.py:188} INFO - [2026-06-16T17:45:55.391+0000] {dagbag.py:545} INFO - Filling up the DagBag from /opt/airflow/dags/dag_08_gcp_taxi.py
[2026-06-16T17:45:55.403+0000] {processor.py:840} INFO - DAG(s) '08_gcp_taxi' retrieved from /opt/airflow/dags/dag_08_gcp_taxi.py
[2026-06-16T17:45:55.462+0000] {logging_mixin.py:188} INFO - [2026-06-16T17:45:55.462+0000] {dag.py:3089} INFO - Sync 1 DAGs
[2026-06-16T17:45:55.480+0000] {logging_mixin.py:188} INFO - [2026-06-16T17:45:55.480+0000] {dag.py:3947} INFO - Setting next_dagrun for 08_gcp_taxi to None, run_after=None
[2026-06-16T17:45:55.507+0000] {processor.py:183} INFO - Processing /opt/airflow/dags/dag_08_gcp_taxi.py took 0.129 seconds
[2026-06-16T17:46:26.396+0000] {processor.py:161} INFO - Started process (PID=25963) to work on /opt/airflow/dags/dag_08_gcp_taxi.py
[2026-06-16T17:46:26.406+0000] {processor.py:830} INFO - Processing file /opt/airflow/dags/dag_08_gcp_taxi.py for tasks to queue
[2026-06-16T17:46:26.408+0000] {logging_mixin.py:188} INFO - [2026-06-16T17:46:26.408+0000] {dagbag.py:545} INFO - Filling up the DagBag from /opt/airflow/dags/dag_08_gcp_taxi.py
[2026-06-16T17:46:26.420+0000] {processor.py:840} INFO - DAG(s) '08_gcp_taxi' retrieved from /opt/airflow/dags/dag_08_gcp_taxi.py
[2026-06-16T17:46:26.480+0000] {logging_mixin.py:188} INFO - [2026-06-16T17:46:26.480+0000] {dag.py:3089} INFO - Sync 1 DAGs
[2026-06-16T17:46:26.498+0000] {logging_mixin.py:188} INFO - [2026-06-16T17:46:26.498+0000] {dag.py:3947} INFO - Setting next_dagrun for 08_gcp_taxi to None, run_after=None
[2026-06-16T17:46:26.525+0000] {processor.py:183} INFO - Processing /opt/airflow/dags/dag_08_gcp_taxi.py took 0.138 seconds
[2026-06-16T17:46:56.724+0000] {processor.py:161} INFO - Started process (PID=26003) to work on /opt/airflow/dags/dag_08_gcp_taxi.py
[2026-06-16T17:46:56.764+0000] {processor.py:830} INFO - Processing file /opt/airflow/dags/dag_08_gcp_taxi.py for tasks to queue
[2026-06-16T17:46:56.770+0000] {logging_mixin.py:188} INFO - [2026-06-16T17:46:56.769+0000] {dagbag.py:545} INFO - Filling up the DagBag from /opt/airflow/dags/dag_08_gcp_taxi.py
[2026-06-16T17:46:56.865+0000] {processor.py:840} INFO - DAG(s) '08_gcp_taxi' retrieved from /opt/airflow/dags/dag_08_gcp_taxi.py
[2026-06-16T17:46:57.208+0000] {logging_mixin.py:188} INFO - [2026-06-16T17:46:57.208+0000] {dag.py:3089} INFO - Sync 1 DAGs
[2026-06-16T17:46:57.291+0000] {logging_mixin.py:188} INFO - [2026-06-16T17:46:57.291+0000] {dag.py:3947} INFO - Setting next_dagrun for 08_gcp_taxi to None, run_after=None
[2026-06-16T17:46:57.405+0000] {processor.py:183} INFO - Processing /opt/airflow/dags/dag_08_gcp_taxi.py took 0.720 seconds
