[2026-06-16T11:42:20.048+0000] {processor.py:161} INFO - Started process (PID=201) to work on /opt/airflow/dags/dag_01_hello_world.py
[2026-06-16T11:42:20.049+0000] {processor.py:830} INFO - Processing file /opt/airflow/dags/dag_01_hello_world.py for tasks to queue
[2026-06-16T11:42:20.052+0000] {logging_mixin.py:188} INFO - [2026-06-16T11:42:20.052+0000] {dagbag.py:545} INFO - Filling up the DagBag from /opt/airflow/dags/dag_01_hello_world.py
[2026-06-16T11:42:20.064+0000] {processor.py:840} INFO - DAG(s) '01_hello_world' retrieved from /opt/airflow/dags/dag_01_hello_world.py
[2026-06-16T11:42:20.268+0000] {logging_mixin.py:188} INFO - [2026-06-16T11:42:20.267+0000] {override.py:1858} INFO - Created Permission View: can read on DAG:01_hello_world
[2026-06-16T11:42:20.285+0000] {logging_mixin.py:188} INFO - [2026-06-16T11:42:20.284+0000] {override.py:1858} INFO - Created Permission View: can delete on DAG:01_hello_world
[2026-06-16T11:42:20.298+0000] {logging_mixin.py:188} INFO - [2026-06-16T11:42:20.298+0000] {override.py:1858} INFO - Created Permission View: can edit on DAG:01_hello_world
[2026-06-16T11:42:20.299+0000] {logging_mixin.py:188} INFO - [2026-06-16T11:42:20.299+0000] {dag.py:3089} INFO - Sync 1 DAGs
[2026-06-16T11:42:20.319+0000] {logging_mixin.py:188} INFO - [2026-06-16T11:42:20.318+0000] {dag.py:3111} INFO - Creating ORM DAG for 01_hello_world
[2026-06-16T11:42:20.320+0000] {logging_mixin.py:188} INFO - [2026-06-16T11:42:20.320+0000] {dag.py:3947} INFO - Setting next_dagrun for 01_hello_world to None, run_after=None
[2026-06-16T11:42:20.347+0000] {processor.py:183} INFO - Processing /opt/airflow/dags/dag_01_hello_world.py took 0.311 seconds
[2026-06-16T11:42:51.251+0000] {processor.py:161} INFO - Started process (PID=228) to work on /opt/airflow/dags/dag_01_hello_world.py
[2026-06-16T11:42:51.261+0000] {processor.py:830} INFO - Processing file /opt/airflow/dags/dag_01_hello_world.py for tasks to queue
[2026-06-16T11:42:51.264+0000] {logging_mixin.py:188} INFO - [2026-06-16T11:42:51.263+0000] {dagbag.py:545} INFO - Filling up the DagBag from /opt/airflow/dags/dag_01_hello_world.py
[2026-06-16T11:42:51.273+0000] {processor.py:840} INFO - DAG(s) '01_hello_world' retrieved from /opt/airflow/dags/dag_01_hello_world.py
[2026-06-16T11:42:51.317+0000] {logging_mixin.py:188} INFO - [2026-06-16T11:42:51.316+0000] {dag.py:3089} INFO - Sync 1 DAGs
[2026-06-16T11:42:51.330+0000] {logging_mixin.py:188} INFO - [2026-06-16T11:42:51.330+0000] {dag.py:3947} INFO - Setting next_dagrun for 01_hello_world to None, run_after=None
[2026-06-16T11:42:51.356+0000] {processor.py:183} INFO - Processing /opt/airflow/dags/dag_01_hello_world.py took 0.114 seconds
[2026-06-16T11:43:21.727+0000] {processor.py:161} INFO - Started process (PID=257) to work on /opt/airflow/dags/dag_01_hello_world.py
[2026-06-16T11:43:21.728+0000] {processor.py:830} INFO - Processing file /opt/airflow/dags/dag_01_hello_world.py for tasks to queue
[2026-06-16T11:43:21.730+0000] {logging_mixin.py:188} INFO - [2026-06-16T11:43:21.730+0000] {dagbag.py:545} INFO - Filling up the DagBag from /opt/airflow/dags/dag_01_hello_world.py
[2026-06-16T11:43:21.750+0000] {processor.py:840} INFO - DAG(s) '01_hello_world' retrieved from /opt/airflow/dags/dag_01_hello_world.py
[2026-06-16T11:43:21.829+0000] {logging_mixin.py:188} INFO - [2026-06-16T11:43:21.829+0000] {dag.py:3089} INFO - Sync 1 DAGs
[2026-06-16T11:43:21.858+0000] {logging_mixin.py:188} INFO - [2026-06-16T11:43:21.858+0000] {dag.py:3947} INFO - Setting next_dagrun for 01_hello_world to None, run_after=None
[2026-06-16T11:43:21.900+0000] {processor.py:183} INFO - Processing /opt/airflow/dags/dag_01_hello_world.py took 0.183 seconds
[2026-06-16T11:43:52.023+0000] {processor.py:161} INFO - Started process (PID=284) to work on /opt/airflow/dags/dag_01_hello_world.py
[2026-06-16T11:43:52.025+0000] {processor.py:830} INFO - Processing file /opt/airflow/dags/dag_01_hello_world.py for tasks to queue
[2026-06-16T11:43:52.028+0000] {logging_mixin.py:188} INFO - [2026-06-16T11:43:52.028+0000] {dagbag.py:545} INFO - Filling up the DagBag from /opt/airflow/dags/dag_01_hello_world.py
[2026-06-16T11:43:52.042+0000] {processor.py:840} INFO - DAG(s) '01_hello_world' retrieved from /opt/airflow/dags/dag_01_hello_world.py
[2026-06-16T11:43:52.102+0000] {logging_mixin.py:188} INFO - [2026-06-16T11:43:52.102+0000] {dag.py:3089} INFO - Sync 1 DAGs
[2026-06-16T11:43:52.123+0000] {logging_mixin.py:188} INFO - [2026-06-16T11:43:52.122+0000] {dag.py:3947} INFO - Setting next_dagrun for 01_hello_world to None, run_after=None
[2026-06-16T11:43:52.164+0000] {processor.py:183} INFO - Processing /opt/airflow/dags/dag_01_hello_world.py took 0.152 seconds
[2026-06-16T11:44:22.329+0000] {processor.py:161} INFO - Started process (PID=309) to work on /opt/airflow/dags/dag_01_hello_world.py
[2026-06-16T11:44:22.331+0000] {processor.py:830} INFO - Processing file /opt/airflow/dags/dag_01_hello_world.py for tasks to queue
[2026-06-16T11:44:22.334+0000] {logging_mixin.py:188} INFO - [2026-06-16T11:44:22.334+0000] {dagbag.py:545} INFO - Filling up the DagBag from /opt/airflow/dags/dag_01_hello_world.py
[2026-06-16T11:44:22.348+0000] {processor.py:840} INFO - DAG(s) '01_hello_world' retrieved from /opt/airflow/dags/dag_01_hello_world.py
[2026-06-16T11:44:22.399+0000] {logging_mixin.py:188} INFO - [2026-06-16T11:44:22.399+0000] {dag.py:3089} INFO - Sync 1 DAGs
[2026-06-16T11:44:22.420+0000] {logging_mixin.py:188} INFO - [2026-06-16T11:44:22.420+0000] {dag.py:3947} INFO - Setting next_dagrun for 01_hello_world to None, run_after=None
[2026-06-16T11:44:22.486+0000] {processor.py:183} INFO - Processing /opt/airflow/dags/dag_01_hello_world.py took 0.172 seconds
[2026-06-16T11:44:52.638+0000] {processor.py:161} INFO - Started process (PID=334) to work on /opt/airflow/dags/dag_01_hello_world.py
[2026-06-16T11:44:52.640+0000] {processor.py:830} INFO - Processing file /opt/airflow/dags/dag_01_hello_world.py for tasks to queue
[2026-06-16T11:44:52.643+0000] {logging_mixin.py:188} INFO - [2026-06-16T11:44:52.642+0000] {dagbag.py:545} INFO - Filling up the DagBag from /opt/airflow/dags/dag_01_hello_world.py
[2026-06-16T11:44:52.654+0000] {processor.py:840} INFO - DAG(s) '01_hello_world' retrieved from /opt/airflow/dags/dag_01_hello_world.py
[2026-06-16T11:44:52.701+0000] {logging_mixin.py:188} INFO - [2026-06-16T11:44:52.701+0000] {dag.py:3089} INFO - Sync 1 DAGs
[2026-06-16T11:44:52.724+0000] {logging_mixin.py:188} INFO - [2026-06-16T11:44:52.723+0000] {dag.py:3947} INFO - Setting next_dagrun for 01_hello_world to None, run_after=None
[2026-06-16T11:44:52.775+0000] {processor.py:183} INFO - Processing /opt/airflow/dags/dag_01_hello_world.py took 0.149 seconds
[2026-06-16T11:45:22.881+0000] {processor.py:161} INFO - Started process (PID=361) to work on /opt/airflow/dags/dag_01_hello_world.py
[2026-06-16T11:45:22.884+0000] {processor.py:830} INFO - Processing file /opt/airflow/dags/dag_01_hello_world.py for tasks to queue
[2026-06-16T11:45:22.888+0000] {logging_mixin.py:188} INFO - [2026-06-16T11:45:22.887+0000] {dagbag.py:545} INFO - Filling up the DagBag from /opt/airflow/dags/dag_01_hello_world.py
[2026-06-16T11:45:22.909+0000] {processor.py:840} INFO - DAG(s) '01_hello_world' retrieved from /opt/airflow/dags/dag_01_hello_world.py
[2026-06-16T11:45:23.013+0000] {logging_mixin.py:188} INFO - [2026-06-16T11:45:23.013+0000] {dag.py:3089} INFO - Sync 1 DAGs
[2026-06-16T11:45:23.065+0000] {logging_mixin.py:188} INFO - [2026-06-16T11:45:23.064+0000] {dag.py:3947} INFO - Setting next_dagrun for 01_hello_world to None, run_after=None
[2026-06-16T11:45:23.177+0000] {processor.py:183} INFO - Processing /opt/airflow/dags/dag_01_hello_world.py took 0.316 seconds
[2026-06-16T11:45:53.276+0000] {processor.py:161} INFO - Started process (PID=386) to work on /opt/airflow/dags/dag_01_hello_world.py
[2026-06-16T11:45:53.289+0000] {processor.py:830} INFO - Processing file /opt/airflow/dags/dag_01_hello_world.py for tasks to queue
[2026-06-16T11:45:53.292+0000] {logging_mixin.py:188} INFO - [2026-06-16T11:45:53.292+0000] {dagbag.py:545} INFO - Filling up the DagBag from /opt/airflow/dags/dag_01_hello_world.py
[2026-06-16T11:45:53.300+0000] {processor.py:840} INFO - DAG(s) '01_hello_world' retrieved from /opt/airflow/dags/dag_01_hello_world.py
[2026-06-16T11:45:53.342+0000] {logging_mixin.py:188} INFO - [2026-06-16T11:45:53.342+0000] {dag.py:3089} INFO - Sync 1 DAGs
[2026-06-16T11:45:53.758+0000] {logging_mixin.py:188} INFO - [2026-06-16T11:45:53.757+0000] {dag.py:3947} INFO - Setting next_dagrun for 01_hello_world to None, run_after=None
[2026-06-16T11:45:54.407+0000] {processor.py:183} INFO - Processing /opt/airflow/dags/dag_01_hello_world.py took 1.139 seconds
[2026-06-16T11:46:24.496+0000] {processor.py:161} INFO - Started process (PID=421) to work on /opt/airflow/dags/dag_01_hello_world.py
[2026-06-16T11:46:24.499+0000] {processor.py:830} INFO - Processing file /opt/airflow/dags/dag_01_hello_world.py for tasks to queue
[2026-06-16T11:46:24.503+0000] {logging_mixin.py:188} INFO - [2026-06-16T11:46:24.502+0000] {dagbag.py:545} INFO - Filling up the DagBag from /opt/airflow/dags/dag_01_hello_world.py
[2026-06-16T11:46:24.515+0000] {processor.py:840} INFO - DAG(s) '01_hello_world' retrieved from /opt/airflow/dags/dag_01_hello_world.py
[2026-06-16T11:46:24.565+0000] {logging_mixin.py:188} INFO - [2026-06-16T11:46:24.565+0000] {dag.py:3089} INFO - Sync 1 DAGs
[2026-06-16T11:46:24.588+0000] {logging_mixin.py:188} INFO - [2026-06-16T11:46:24.588+0000] {dag.py:3947} INFO - Setting next_dagrun for 01_hello_world to None, run_after=None
[2026-06-16T11:46:24.620+0000] {processor.py:183} INFO - Processing /opt/airflow/dags/dag_01_hello_world.py took 0.133 seconds
[2026-06-16T11:46:54.747+0000] {processor.py:161} INFO - Started process (PID=448) to work on /opt/airflow/dags/dag_01_hello_world.py
[2026-06-16T11:46:54.750+0000] {processor.py:830} INFO - Processing file /opt/airflow/dags/dag_01_hello_world.py for tasks to queue
[2026-06-16T11:46:54.755+0000] {logging_mixin.py:188} INFO - [2026-06-16T11:46:54.754+0000] {dagbag.py:545} INFO - Filling up the DagBag from /opt/airflow/dags/dag_01_hello_world.py
[2026-06-16T11:46:54.773+0000] {processor.py:840} INFO - DAG(s) '01_hello_world' retrieved from /opt/airflow/dags/dag_01_hello_world.py
[2026-06-16T11:46:54.834+0000] {logging_mixin.py:188} INFO - [2026-06-16T11:46:54.833+0000] {dag.py:3089} INFO - Sync 1 DAGs
[2026-06-16T11:46:54.860+0000] {logging_mixin.py:188} INFO - [2026-06-16T11:46:54.859+0000] {dag.py:3947} INFO - Setting next_dagrun for 01_hello_world to None, run_after=None
[2026-06-16T11:46:54.908+0000] {processor.py:183} INFO - Processing /opt/airflow/dags/dag_01_hello_world.py took 0.175 seconds
[2026-06-16T11:47:24.984+0000] {processor.py:161} INFO - Started process (PID=473) to work on /opt/airflow/dags/dag_01_hello_world.py
[2026-06-16T11:47:24.992+0000] {processor.py:830} INFO - Processing file /opt/airflow/dags/dag_01_hello_world.py for tasks to queue
[2026-06-16T11:47:24.995+0000] {logging_mixin.py:188} INFO - [2026-06-16T11:47:24.994+0000] {dagbag.py:545} INFO - Filling up the DagBag from /opt/airflow/dags/dag_01_hello_world.py
[2026-06-16T11:47:25.005+0000] {processor.py:840} INFO - DAG(s) '01_hello_world' retrieved from /opt/airflow/dags/dag_01_hello_world.py
[2026-06-16T11:47:25.057+0000] {logging_mixin.py:188} INFO - [2026-06-16T11:47:25.057+0000] {dag.py:3089} INFO - Sync 1 DAGs
[2026-06-16T11:47:25.075+0000] {logging_mixin.py:188} INFO - [2026-06-16T11:47:25.075+0000] {dag.py:3947} INFO - Setting next_dagrun for 01_hello_world to None, run_after=None
[2026-06-16T11:47:25.133+0000] {processor.py:183} INFO - Processing /opt/airflow/dags/dag_01_hello_world.py took 0.157 seconds
[2026-06-16T11:47:55.871+0000] {processor.py:161} INFO - Started process (PID=498) to work on /opt/airflow/dags/dag_01_hello_world.py
[2026-06-16T11:47:55.877+0000] {processor.py:830} INFO - Processing file /opt/airflow/dags/dag_01_hello_world.py for tasks to queue
[2026-06-16T11:47:55.879+0000] {logging_mixin.py:188} INFO - [2026-06-16T11:47:55.879+0000] {dagbag.py:545} INFO - Filling up the DagBag from /opt/airflow/dags/dag_01_hello_world.py
[2026-06-16T11:47:55.892+0000] {processor.py:840} INFO - DAG(s) '01_hello_world' retrieved from /opt/airflow/dags/dag_01_hello_world.py
[2026-06-16T11:47:55.942+0000] {logging_mixin.py:188} INFO - [2026-06-16T11:47:55.942+0000] {dag.py:3089} INFO - Sync 1 DAGs
[2026-06-16T11:47:55.962+0000] {logging_mixin.py:188} INFO - [2026-06-16T11:47:55.961+0000] {dag.py:3947} INFO - Setting next_dagrun for 01_hello_world to None, run_after=None
[2026-06-16T11:47:56.026+0000] {processor.py:183} INFO - Processing /opt/airflow/dags/dag_01_hello_world.py took 0.163 seconds
[2026-06-16T11:48:26.887+0000] {processor.py:161} INFO - Started process (PID=523) to work on /opt/airflow/dags/dag_01_hello_world.py
[2026-06-16T11:48:26.888+0000] {processor.py:830} INFO - Processing file /opt/airflow/dags/dag_01_hello_world.py for tasks to queue
[2026-06-16T11:48:26.890+0000] {logging_mixin.py:188} INFO - [2026-06-16T11:48:26.890+0000] {dagbag.py:545} INFO - Filling up the DagBag from /opt/airflow/dags/dag_01_hello_world.py
[2026-06-16T11:48:26.900+0000] {processor.py:840} INFO - DAG(s) '01_hello_world' retrieved from /opt/airflow/dags/dag_01_hello_world.py
[2026-06-16T11:48:26.941+0000] {logging_mixin.py:188} INFO - [2026-06-16T11:48:26.941+0000] {dag.py:3089} INFO - Sync 1 DAGs
[2026-06-16T11:48:26.956+0000] {logging_mixin.py:188} INFO - [2026-06-16T11:48:26.956+0000] {dag.py:3947} INFO - Setting next_dagrun for 01_hello_world to None, run_after=None
[2026-06-16T11:48:26.985+0000] {processor.py:183} INFO - Processing /opt/airflow/dags/dag_01_hello_world.py took 0.106 seconds
[2026-06-16T11:48:57.124+0000] {processor.py:161} INFO - Started process (PID=548) to work on /opt/airflow/dags/dag_01_hello_world.py
[2026-06-16T11:48:57.126+0000] {processor.py:830} INFO - Processing file /opt/airflow/dags/dag_01_hello_world.py for tasks to queue
[2026-06-16T11:48:57.130+0000] {logging_mixin.py:188} INFO - [2026-06-16T11:48:57.129+0000] {dagbag.py:545} INFO - Filling up the DagBag from /opt/airflow/dags/dag_01_hello_world.py
[2026-06-16T11:48:57.143+0000] {processor.py:840} INFO - DAG(s) '01_hello_world' retrieved from /opt/airflow/dags/dag_01_hello_world.py
[2026-06-16T11:48:57.187+0000] {logging_mixin.py:188} INFO - [2026-06-16T11:48:57.187+0000] {dag.py:3089} INFO - Sync 1 DAGs
[2026-06-16T11:48:57.203+0000] {logging_mixin.py:188} INFO - [2026-06-16T11:48:57.202+0000] {dag.py:3947} INFO - Setting next_dagrun for 01_hello_world to None, run_after=None
[2026-06-16T11:48:57.229+0000] {processor.py:183} INFO - Processing /opt/airflow/dags/dag_01_hello_world.py took 0.113 seconds
[2026-06-16T11:49:27.345+0000] {processor.py:161} INFO - Started process (PID=573) to work on /opt/airflow/dags/dag_01_hello_world.py
[2026-06-16T11:49:27.347+0000] {processor.py:830} INFO - Processing file /opt/airflow/dags/dag_01_hello_world.py for tasks to queue
[2026-06-16T11:49:27.350+0000] {logging_mixin.py:188} INFO - [2026-06-16T11:49:27.349+0000] {dagbag.py:545} INFO - Filling up the DagBag from /opt/airflow/dags/dag_01_hello_world.py
[2026-06-16T11:49:27.365+0000] {processor.py:840} INFO - DAG(s) '01_hello_world' retrieved from /opt/airflow/dags/dag_01_hello_world.py
[2026-06-16T11:49:27.419+0000] {logging_mixin.py:188} INFO - [2026-06-16T11:49:27.419+0000] {dag.py:3089} INFO - Sync 1 DAGs
[2026-06-16T11:49:27.444+0000] {logging_mixin.py:188} INFO - [2026-06-16T11:49:27.444+0000] {dag.py:3947} INFO - Setting next_dagrun for 01_hello_world to None, run_after=None
[2026-06-16T11:49:27.474+0000] {processor.py:183} INFO - Processing /opt/airflow/dags/dag_01_hello_world.py took 0.141 seconds
[2026-06-16T11:49:58.204+0000] {processor.py:161} INFO - Started process (PID=598) to work on /opt/airflow/dags/dag_01_hello_world.py
[2026-06-16T11:49:58.205+0000] {processor.py:830} INFO - Processing file /opt/airflow/dags/dag_01_hello_world.py for tasks to queue
[2026-06-16T11:49:58.207+0000] {logging_mixin.py:188} INFO - [2026-06-16T11:49:58.207+0000] {dagbag.py:545} INFO - Filling up the DagBag from /opt/airflow/dags/dag_01_hello_world.py
[2026-06-16T11:49:58.218+0000] {processor.py:840} INFO - DAG(s) '01_hello_world' retrieved from /opt/airflow/dags/dag_01_hello_world.py
[2026-06-16T11:49:58.278+0000] {logging_mixin.py:188} INFO - [2026-06-16T11:49:58.277+0000] {dag.py:3089} INFO - Sync 1 DAGs
[2026-06-16T11:49:58.304+0000] {logging_mixin.py:188} INFO - [2026-06-16T11:49:58.303+0000] {dag.py:3947} INFO - Setting next_dagrun for 01_hello_world to None, run_after=None
[2026-06-16T11:49:58.342+0000] {processor.py:183} INFO - Processing /opt/airflow/dags/dag_01_hello_world.py took 0.147 seconds
[2026-06-16T11:53:14.112+0000] {processor.py:161} INFO - Started process (PID=201) to work on /opt/airflow/dags/dag_01_hello_world.py
[2026-06-16T11:53:14.114+0000] {processor.py:830} INFO - Processing file /opt/airflow/dags/dag_01_hello_world.py for tasks to queue
[2026-06-16T11:53:14.118+0000] {logging_mixin.py:188} INFO - [2026-06-16T11:53:14.117+0000] {dagbag.py:545} INFO - Filling up the DagBag from /opt/airflow/dags/dag_01_hello_world.py
[2026-06-16T11:53:14.139+0000] {processor.py:840} INFO - DAG(s) '01_hello_world' retrieved from /opt/airflow/dags/dag_01_hello_world.py
[2026-06-16T11:53:14.297+0000] {logging_mixin.py:188} INFO - [2026-06-16T11:53:14.296+0000] {override.py:1858} INFO - Created Permission View: can edit on DAG:01_hello_world
[2026-06-16T11:53:14.310+0000] {logging_mixin.py:188} INFO - [2026-06-16T11:53:14.309+0000] {override.py:1858} INFO - Created Permission View: can delete on DAG:01_hello_world
[2026-06-16T11:53:14.318+0000] {logging_mixin.py:188} INFO - [2026-06-16T11:53:14.318+0000] {override.py:1858} INFO - Created Permission View: can read on DAG:01_hello_world
[2026-06-16T11:53:14.319+0000] {logging_mixin.py:188} INFO - [2026-06-16T11:53:14.318+0000] {dag.py:3089} INFO - Sync 1 DAGs
[2026-06-16T11:53:14.333+0000] {logging_mixin.py:188} INFO - [2026-06-16T11:53:14.333+0000] {dag.py:3111} INFO - Creating ORM DAG for 01_hello_world
[2026-06-16T11:53:14.334+0000] {logging_mixin.py:188} INFO - [2026-06-16T11:53:14.334+0000] {dag.py:3947} INFO - Setting next_dagrun for 01_hello_world to None, run_after=None
[2026-06-16T11:53:14.354+0000] {processor.py:183} INFO - Processing /opt/airflow/dags/dag_01_hello_world.py took 0.254 seconds
[2026-06-16T11:53:45.289+0000] {processor.py:161} INFO - Started process (PID=228) to work on /opt/airflow/dags/dag_01_hello_world.py
[2026-06-16T11:53:45.300+0000] {processor.py:830} INFO - Processing file /opt/airflow/dags/dag_01_hello_world.py for tasks to queue
[2026-06-16T11:53:45.303+0000] {logging_mixin.py:188} INFO - [2026-06-16T11:53:45.302+0000] {dagbag.py:545} INFO - Filling up the DagBag from /opt/airflow/dags/dag_01_hello_world.py
[2026-06-16T11:53:45.312+0000] {processor.py:840} INFO - DAG(s) '01_hello_world' retrieved from /opt/airflow/dags/dag_01_hello_world.py
[2026-06-16T11:53:45.358+0000] {logging_mixin.py:188} INFO - [2026-06-16T11:53:45.358+0000] {dag.py:3089} INFO - Sync 1 DAGs
[2026-06-16T11:53:45.374+0000] {logging_mixin.py:188} INFO - [2026-06-16T11:53:45.374+0000] {dag.py:3947} INFO - Setting next_dagrun for 01_hello_world to None, run_after=None
[2026-06-16T11:53:45.404+0000] {processor.py:183} INFO - Processing /opt/airflow/dags/dag_01_hello_world.py took 0.124 seconds
[2026-06-16T11:54:16.125+0000] {processor.py:161} INFO - Started process (PID=253) to work on /opt/airflow/dags/dag_01_hello_world.py
[2026-06-16T11:54:16.128+0000] {processor.py:830} INFO - Processing file /opt/airflow/dags/dag_01_hello_world.py for tasks to queue
[2026-06-16T11:54:16.131+0000] {logging_mixin.py:188} INFO - [2026-06-16T11:54:16.130+0000] {dagbag.py:545} INFO - Filling up the DagBag from /opt/airflow/dags/dag_01_hello_world.py
[2026-06-16T11:54:16.142+0000] {processor.py:840} INFO - DAG(s) '01_hello_world' retrieved from /opt/airflow/dags/dag_01_hello_world.py
[2026-06-16T11:54:16.206+0000] {logging_mixin.py:188} INFO - [2026-06-16T11:54:16.205+0000] {dag.py:3089} INFO - Sync 1 DAGs
[2026-06-16T11:54:16.227+0000] {logging_mixin.py:188} INFO - [2026-06-16T11:54:16.226+0000] {dag.py:3947} INFO - Setting next_dagrun for 01_hello_world to None, run_after=None
[2026-06-16T11:54:16.253+0000] {processor.py:183} INFO - Processing /opt/airflow/dags/dag_01_hello_world.py took 0.138 seconds
[2026-06-16T11:54:47.027+0000] {processor.py:161} INFO - Started process (PID=278) to work on /opt/airflow/dags/dag_01_hello_world.py
[2026-06-16T11:54:47.029+0000] {processor.py:830} INFO - Processing file /opt/airflow/dags/dag_01_hello_world.py for tasks to queue
[2026-06-16T11:54:47.031+0000] {logging_mixin.py:188} INFO - [2026-06-16T11:54:47.031+0000] {dagbag.py:545} INFO - Filling up the DagBag from /opt/airflow/dags/dag_01_hello_world.py
[2026-06-16T11:54:47.043+0000] {processor.py:840} INFO - DAG(s) '01_hello_world' retrieved from /opt/airflow/dags/dag_01_hello_world.py
[2026-06-16T11:54:47.091+0000] {logging_mixin.py:188} INFO - [2026-06-16T11:54:47.091+0000] {dag.py:3089} INFO - Sync 1 DAGs
[2026-06-16T11:54:47.111+0000] {logging_mixin.py:188} INFO - [2026-06-16T11:54:47.111+0000] {dag.py:3947} INFO - Setting next_dagrun for 01_hello_world to None, run_after=None
[2026-06-16T11:54:47.141+0000] {processor.py:183} INFO - Processing /opt/airflow/dags/dag_01_hello_world.py took 0.123 seconds
[2026-06-16T11:55:18.041+0000] {processor.py:161} INFO - Started process (PID=303) to work on /opt/airflow/dags/dag_01_hello_world.py
[2026-06-16T11:55:18.043+0000] {processor.py:830} INFO - Processing file /opt/airflow/dags/dag_01_hello_world.py for tasks to queue
[2026-06-16T11:55:18.045+0000] {logging_mixin.py:188} INFO - [2026-06-16T11:55:18.044+0000] {dagbag.py:545} INFO - Filling up the DagBag from /opt/airflow/dags/dag_01_hello_world.py
[2026-06-16T11:55:18.054+0000] {processor.py:840} INFO - DAG(s) '01_hello_world' retrieved from /opt/airflow/dags/dag_01_hello_world.py
[2026-06-16T11:55:18.098+0000] {logging_mixin.py:188} INFO - [2026-06-16T11:55:18.098+0000] {dag.py:3089} INFO - Sync 1 DAGs
[2026-06-16T11:55:18.115+0000] {logging_mixin.py:188} INFO - [2026-06-16T11:55:18.115+0000] {dag.py:3947} INFO - Setting next_dagrun for 01_hello_world to None, run_after=None
[2026-06-16T11:55:18.142+0000] {processor.py:183} INFO - Processing /opt/airflow/dags/dag_01_hello_world.py took 0.109 seconds
[2026-06-16T11:55:48.908+0000] {processor.py:161} INFO - Started process (PID=328) to work on /opt/airflow/dags/dag_01_hello_world.py
[2026-06-16T11:55:48.909+0000] {processor.py:830} INFO - Processing file /opt/airflow/dags/dag_01_hello_world.py for tasks to queue
[2026-06-16T11:55:48.911+0000] {logging_mixin.py:188} INFO - [2026-06-16T11:55:48.911+0000] {dagbag.py:545} INFO - Filling up the DagBag from /opt/airflow/dags/dag_01_hello_world.py
[2026-06-16T11:55:48.919+0000] {processor.py:840} INFO - DAG(s) '01_hello_world' retrieved from /opt/airflow/dags/dag_01_hello_world.py
[2026-06-16T11:55:48.962+0000] {logging_mixin.py:188} INFO - [2026-06-16T11:55:48.961+0000] {dag.py:3089} INFO - Sync 1 DAGs
[2026-06-16T11:55:48.979+0000] {logging_mixin.py:188} INFO - [2026-06-16T11:55:48.979+0000] {dag.py:3947} INFO - Setting next_dagrun for 01_hello_world to None, run_after=None
[2026-06-16T11:55:49.008+0000] {processor.py:183} INFO - Processing /opt/airflow/dags/dag_01_hello_world.py took 0.107 seconds
[2026-06-16T11:56:19.061+0000] {processor.py:161} INFO - Started process (PID=353) to work on /opt/airflow/dags/dag_01_hello_world.py
[2026-06-16T11:56:19.063+0000] {processor.py:830} INFO - Processing file /opt/airflow/dags/dag_01_hello_world.py for tasks to queue
[2026-06-16T11:56:19.065+0000] {logging_mixin.py:188} INFO - [2026-06-16T11:56:19.065+0000] {dagbag.py:545} INFO - Filling up the DagBag from /opt/airflow/dags/dag_01_hello_world.py
[2026-06-16T11:56:19.077+0000] {processor.py:840} INFO - DAG(s) '01_hello_world' retrieved from /opt/airflow/dags/dag_01_hello_world.py
[2026-06-16T11:56:19.130+0000] {logging_mixin.py:188} INFO - [2026-06-16T11:56:19.130+0000] {dag.py:3089} INFO - Sync 1 DAGs
[2026-06-16T11:56:19.150+0000] {logging_mixin.py:188} INFO - [2026-06-16T11:56:19.150+0000] {dag.py:3947} INFO - Setting next_dagrun for 01_hello_world to None, run_after=None
[2026-06-16T11:56:19.180+0000] {processor.py:183} INFO - Processing /opt/airflow/dags/dag_01_hello_world.py took 0.128 seconds
[2026-06-16T11:59:24.807+0000] {processor.py:161} INFO - Started process (PID=201) to work on /opt/airflow/dags/dag_01_hello_world.py
[2026-06-16T11:59:24.809+0000] {processor.py:830} INFO - Processing file /opt/airflow/dags/dag_01_hello_world.py for tasks to queue
[2026-06-16T11:59:24.811+0000] {logging_mixin.py:188} INFO - [2026-06-16T11:59:24.811+0000] {dagbag.py:545} INFO - Filling up the DagBag from /opt/airflow/dags/dag_01_hello_world.py
[2026-06-16T11:59:24.824+0000] {processor.py:840} INFO - DAG(s) '01_hello_world' retrieved from /opt/airflow/dags/dag_01_hello_world.py
[2026-06-16T11:59:24.996+0000] {logging_mixin.py:188} INFO - [2026-06-16T11:59:24.995+0000] {override.py:1858} INFO - Created Permission View: can edit on DAG:01_hello_world
[2026-06-16T11:59:25.013+0000] {logging_mixin.py:188} INFO - [2026-06-16T11:59:25.013+0000] {override.py:1858} INFO - Created Permission View: can delete on DAG:01_hello_world
[2026-06-16T11:59:25.025+0000] {logging_mixin.py:188} INFO - [2026-06-16T11:59:25.025+0000] {override.py:1858} INFO - Created Permission View: can read on DAG:01_hello_world
[2026-06-16T11:59:25.026+0000] {logging_mixin.py:188} INFO - [2026-06-16T11:59:25.026+0000] {dag.py:3089} INFO - Sync 1 DAGs
[2026-06-16T11:59:25.043+0000] {logging_mixin.py:188} INFO - [2026-06-16T11:59:25.043+0000] {dag.py:3111} INFO - Creating ORM DAG for 01_hello_world
[2026-06-16T11:59:25.044+0000] {logging_mixin.py:188} INFO - [2026-06-16T11:59:25.044+0000] {dag.py:3947} INFO - Setting next_dagrun for 01_hello_world to None, run_after=None
[2026-06-16T11:59:25.069+0000] {processor.py:183} INFO - Processing /opt/airflow/dags/dag_01_hello_world.py took 0.270 seconds
[2026-06-16T11:59:56.061+0000] {processor.py:161} INFO - Started process (PID=228) to work on /opt/airflow/dags/dag_01_hello_world.py
[2026-06-16T11:59:56.063+0000] {processor.py:830} INFO - Processing file /opt/airflow/dags/dag_01_hello_world.py for tasks to queue
[2026-06-16T11:59:56.065+0000] {logging_mixin.py:188} INFO - [2026-06-16T11:59:56.064+0000] {dagbag.py:545} INFO - Filling up the DagBag from /opt/airflow/dags/dag_01_hello_world.py
[2026-06-16T11:59:56.076+0000] {processor.py:840} INFO - DAG(s) '01_hello_world' retrieved from /opt/airflow/dags/dag_01_hello_world.py
[2026-06-16T11:59:56.137+0000] {logging_mixin.py:188} INFO - [2026-06-16T11:59:56.136+0000] {dag.py:3089} INFO - Sync 1 DAGs
[2026-06-16T11:59:56.164+0000] {logging_mixin.py:188} INFO - [2026-06-16T11:59:56.163+0000] {dag.py:3947} INFO - Setting next_dagrun for 01_hello_world to None, run_after=None
[2026-06-16T11:59:56.196+0000] {processor.py:183} INFO - Processing /opt/airflow/dags/dag_01_hello_world.py took 0.144 seconds
[2026-06-16T12:00:26.902+0000] {processor.py:161} INFO - Started process (PID=253) to work on /opt/airflow/dags/dag_01_hello_world.py
[2026-06-16T12:00:26.904+0000] {processor.py:830} INFO - Processing file /opt/airflow/dags/dag_01_hello_world.py for tasks to queue
[2026-06-16T12:00:26.906+0000] {logging_mixin.py:188} INFO - [2026-06-16T12:00:26.906+0000] {dagbag.py:545} INFO - Filling up the DagBag from /opt/airflow/dags/dag_01_hello_world.py
[2026-06-16T12:00:26.916+0000] {processor.py:840} INFO - DAG(s) '01_hello_world' retrieved from /opt/airflow/dags/dag_01_hello_world.py
[2026-06-16T12:00:26.972+0000] {logging_mixin.py:188} INFO - [2026-06-16T12:00:26.972+0000] {dag.py:3089} INFO - Sync 1 DAGs
[2026-06-16T12:00:26.995+0000] {logging_mixin.py:188} INFO - [2026-06-16T12:00:26.994+0000] {dag.py:3947} INFO - Setting next_dagrun for 01_hello_world to None, run_after=None
[2026-06-16T12:00:27.020+0000] {processor.py:183} INFO - Processing /opt/airflow/dags/dag_01_hello_world.py took 0.125 seconds
[2026-06-16T12:00:57.861+0000] {processor.py:161} INFO - Started process (PID=278) to work on /opt/airflow/dags/dag_01_hello_world.py
[2026-06-16T12:00:57.871+0000] {processor.py:830} INFO - Processing file /opt/airflow/dags/dag_01_hello_world.py for tasks to queue
[2026-06-16T12:00:57.873+0000] {logging_mixin.py:188} INFO - [2026-06-16T12:00:57.873+0000] {dagbag.py:545} INFO - Filling up the DagBag from /opt/airflow/dags/dag_01_hello_world.py
[2026-06-16T12:00:57.886+0000] {processor.py:840} INFO - DAG(s) '01_hello_world' retrieved from /opt/airflow/dags/dag_01_hello_world.py
[2026-06-16T12:00:57.932+0000] {logging_mixin.py:188} INFO - [2026-06-16T12:00:57.932+0000] {dag.py:3089} INFO - Sync 1 DAGs
[2026-06-16T12:00:57.952+0000] {logging_mixin.py:188} INFO - [2026-06-16T12:00:57.951+0000] {dag.py:3947} INFO - Setting next_dagrun for 01_hello_world to None, run_after=None
[2026-06-16T12:00:57.984+0000] {processor.py:183} INFO - Processing /opt/airflow/dags/dag_01_hello_world.py took 0.132 seconds
[2026-06-16T12:01:28.739+0000] {processor.py:161} INFO - Started process (PID=303) to work on /opt/airflow/dags/dag_01_hello_world.py
[2026-06-16T12:01:28.739+0000] {processor.py:830} INFO - Processing file /opt/airflow/dags/dag_01_hello_world.py for tasks to queue
[2026-06-16T12:01:28.743+0000] {logging_mixin.py:188} INFO - [2026-06-16T12:01:28.742+0000] {dagbag.py:545} INFO - Filling up the DagBag from /opt/airflow/dags/dag_01_hello_world.py
[2026-06-16T12:01:28.752+0000] {processor.py:840} INFO - DAG(s) '01_hello_world' retrieved from /opt/airflow/dags/dag_01_hello_world.py
[2026-06-16T12:01:28.791+0000] {logging_mixin.py:188} INFO - [2026-06-16T12:01:28.791+0000] {dag.py:3089} INFO - Sync 1 DAGs
[2026-06-16T12:01:28.805+0000] {logging_mixin.py:188} INFO - [2026-06-16T12:01:28.805+0000] {dag.py:3947} INFO - Setting next_dagrun for 01_hello_world to None, run_after=None
[2026-06-16T12:01:28.836+0000] {processor.py:183} INFO - Processing /opt/airflow/dags/dag_01_hello_world.py took 0.104 seconds
[2026-06-16T12:01:59.707+0000] {processor.py:161} INFO - Started process (PID=328) to work on /opt/airflow/dags/dag_01_hello_world.py
[2026-06-16T12:01:59.708+0000] {processor.py:830} INFO - Processing file /opt/airflow/dags/dag_01_hello_world.py for tasks to queue
[2026-06-16T12:01:59.711+0000] {logging_mixin.py:188} INFO - [2026-06-16T12:01:59.711+0000] {dagbag.py:545} INFO - Filling up the DagBag from /opt/airflow/dags/dag_01_hello_world.py
[2026-06-16T12:01:59.719+0000] {processor.py:840} INFO - DAG(s) '01_hello_world' retrieved from /opt/airflow/dags/dag_01_hello_world.py
[2026-06-16T12:01:59.766+0000] {logging_mixin.py:188} INFO - [2026-06-16T12:01:59.765+0000] {dag.py:3089} INFO - Sync 1 DAGs
[2026-06-16T12:01:59.781+0000] {logging_mixin.py:188} INFO - [2026-06-16T12:01:59.780+0000] {dag.py:3947} INFO - Setting next_dagrun for 01_hello_world to None, run_after=None
[2026-06-16T12:01:59.807+0000] {processor.py:183} INFO - Processing /opt/airflow/dags/dag_01_hello_world.py took 0.107 seconds
[2026-06-16T12:02:30.597+0000] {processor.py:161} INFO - Started process (PID=353) to work on /opt/airflow/dags/dag_01_hello_world.py
[2026-06-16T12:02:30.598+0000] {processor.py:830} INFO - Processing file /opt/airflow/dags/dag_01_hello_world.py for tasks to queue
[2026-06-16T12:02:30.601+0000] {logging_mixin.py:188} INFO - [2026-06-16T12:02:30.600+0000] {dagbag.py:545} INFO - Filling up the DagBag from /opt/airflow/dags/dag_01_hello_world.py
[2026-06-16T12:02:30.611+0000] {processor.py:840} INFO - DAG(s) '01_hello_world' retrieved from /opt/airflow/dags/dag_01_hello_world.py
[2026-06-16T12:02:30.658+0000] {logging_mixin.py:188} INFO - [2026-06-16T12:02:30.658+0000] {dag.py:3089} INFO - Sync 1 DAGs
[2026-06-16T12:02:30.676+0000] {logging_mixin.py:188} INFO - [2026-06-16T12:02:30.676+0000] {dag.py:3947} INFO - Setting next_dagrun for 01_hello_world to None, run_after=None
[2026-06-16T12:02:30.710+0000] {processor.py:183} INFO - Processing /opt/airflow/dags/dag_01_hello_world.py took 0.121 seconds
[2026-06-16T12:03:01.121+0000] {processor.py:161} INFO - Started process (PID=378) to work on /opt/airflow/dags/dag_01_hello_world.py
[2026-06-16T12:03:01.132+0000] {processor.py:830} INFO - Processing file /opt/airflow/dags/dag_01_hello_world.py for tasks to queue
[2026-06-16T12:03:01.134+0000] {logging_mixin.py:188} INFO - [2026-06-16T12:03:01.134+0000] {dagbag.py:545} INFO - Filling up the DagBag from /opt/airflow/dags/dag_01_hello_world.py
[2026-06-16T12:03:01.145+0000] {processor.py:840} INFO - DAG(s) '01_hello_world' retrieved from /opt/airflow/dags/dag_01_hello_world.py
[2026-06-16T12:03:01.191+0000] {logging_mixin.py:188} INFO - [2026-06-16T12:03:01.190+0000] {dag.py:3089} INFO - Sync 1 DAGs
[2026-06-16T12:03:01.208+0000] {logging_mixin.py:188} INFO - [2026-06-16T12:03:01.208+0000] {dag.py:3947} INFO - Setting next_dagrun for 01_hello_world to None, run_after=None
[2026-06-16T12:03:01.242+0000] {processor.py:183} INFO - Processing /opt/airflow/dags/dag_01_hello_world.py took 0.131 seconds
[2026-06-16T12:03:31.970+0000] {processor.py:161} INFO - Started process (PID=403) to work on /opt/airflow/dags/dag_01_hello_world.py
[2026-06-16T12:03:31.971+0000] {processor.py:830} INFO - Processing file /opt/airflow/dags/dag_01_hello_world.py for tasks to queue
[2026-06-16T12:03:31.973+0000] {logging_mixin.py:188} INFO - [2026-06-16T12:03:31.973+0000] {dagbag.py:545} INFO - Filling up the DagBag from /opt/airflow/dags/dag_01_hello_world.py
[2026-06-16T12:03:31.981+0000] {processor.py:840} INFO - DAG(s) '01_hello_world' retrieved from /opt/airflow/dags/dag_01_hello_world.py
[2026-06-16T12:03:32.020+0000] {logging_mixin.py:188} INFO - [2026-06-16T12:03:32.020+0000] {dag.py:3089} INFO - Sync 1 DAGs
[2026-06-16T12:03:32.040+0000] {logging_mixin.py:188} INFO - [2026-06-16T12:03:32.039+0000] {dag.py:3947} INFO - Setting next_dagrun for 01_hello_world to None, run_after=None
[2026-06-16T12:03:32.064+0000] {processor.py:183} INFO - Processing /opt/airflow/dags/dag_01_hello_world.py took 0.101 seconds
[2026-06-16T12:04:02.750+0000] {processor.py:161} INFO - Started process (PID=428) to work on /opt/airflow/dags/dag_01_hello_world.py
[2026-06-16T12:04:02.761+0000] {processor.py:830} INFO - Processing file /opt/airflow/dags/dag_01_hello_world.py for tasks to queue
[2026-06-16T12:04:02.763+0000] {logging_mixin.py:188} INFO - [2026-06-16T12:04:02.763+0000] {dagbag.py:545} INFO - Filling up the DagBag from /opt/airflow/dags/dag_01_hello_world.py
[2026-06-16T12:04:02.772+0000] {processor.py:840} INFO - DAG(s) '01_hello_world' retrieved from /opt/airflow/dags/dag_01_hello_world.py
[2026-06-16T12:04:02.817+0000] {logging_mixin.py:188} INFO - [2026-06-16T12:04:02.817+0000] {dag.py:3089} INFO - Sync 1 DAGs
[2026-06-16T12:04:02.834+0000] {logging_mixin.py:188} INFO - [2026-06-16T12:04:02.833+0000] {dag.py:3947} INFO - Setting next_dagrun for 01_hello_world to None, run_after=None
[2026-06-16T12:04:02.867+0000] {processor.py:183} INFO - Processing /opt/airflow/dags/dag_01_hello_world.py took 0.125 seconds
[2026-06-16T12:04:33.571+0000] {processor.py:161} INFO - Started process (PID=458) to work on /opt/airflow/dags/dag_01_hello_world.py
[2026-06-16T12:04:33.582+0000] {processor.py:830} INFO - Processing file /opt/airflow/dags/dag_01_hello_world.py for tasks to queue
[2026-06-16T12:04:33.585+0000] {logging_mixin.py:188} INFO - [2026-06-16T12:04:33.584+0000] {dagbag.py:545} INFO - Filling up the DagBag from /opt/airflow/dags/dag_01_hello_world.py
[2026-06-16T12:04:33.594+0000] {processor.py:840} INFO - DAG(s) '01_hello_world' retrieved from /opt/airflow/dags/dag_01_hello_world.py
[2026-06-16T12:04:33.634+0000] {logging_mixin.py:188} INFO - [2026-06-16T12:04:33.634+0000] {dag.py:3089} INFO - Sync 1 DAGs
[2026-06-16T12:04:33.648+0000] {logging_mixin.py:188} INFO - [2026-06-16T12:04:33.648+0000] {dag.py:3947} INFO - Setting next_dagrun for 01_hello_world to None, run_after=None
[2026-06-16T12:04:33.676+0000] {processor.py:183} INFO - Processing /opt/airflow/dags/dag_01_hello_world.py took 0.113 seconds
[2026-06-16T12:05:03.710+0000] {processor.py:161} INFO - Started process (PID=488) to work on /opt/airflow/dags/dag_01_hello_world.py
[2026-06-16T12:05:03.712+0000] {processor.py:830} INFO - Processing file /opt/airflow/dags/dag_01_hello_world.py for tasks to queue
[2026-06-16T12:05:03.714+0000] {logging_mixin.py:188} INFO - [2026-06-16T12:05:03.713+0000] {dagbag.py:545} INFO - Filling up the DagBag from /opt/airflow/dags/dag_01_hello_world.py
[2026-06-16T12:05:03.722+0000] {processor.py:840} INFO - DAG(s) '01_hello_world' retrieved from /opt/airflow/dags/dag_01_hello_world.py
[2026-06-16T12:05:03.765+0000] {logging_mixin.py:188} INFO - [2026-06-16T12:05:03.765+0000] {dag.py:3089} INFO - Sync 1 DAGs
[2026-06-16T12:05:03.782+0000] {logging_mixin.py:188} INFO - [2026-06-16T12:05:03.782+0000] {dag.py:3947} INFO - Setting next_dagrun for 01_hello_world to None, run_after=None
[2026-06-16T12:05:03.806+0000] {processor.py:183} INFO - Processing /opt/airflow/dags/dag_01_hello_world.py took 0.103 seconds
[2026-06-16T12:05:34.725+0000] {processor.py:161} INFO - Started process (PID=518) to work on /opt/airflow/dags/dag_01_hello_world.py
[2026-06-16T12:05:34.727+0000] {processor.py:830} INFO - Processing file /opt/airflow/dags/dag_01_hello_world.py for tasks to queue
[2026-06-16T12:05:34.729+0000] {logging_mixin.py:188} INFO - [2026-06-16T12:05:34.729+0000] {dagbag.py:545} INFO - Filling up the DagBag from /opt/airflow/dags/dag_01_hello_world.py
[2026-06-16T12:05:34.739+0000] {processor.py:840} INFO - DAG(s) '01_hello_world' retrieved from /opt/airflow/dags/dag_01_hello_world.py
[2026-06-16T12:05:34.782+0000] {logging_mixin.py:188} INFO - [2026-06-16T12:05:34.782+0000] {dag.py:3089} INFO - Sync 1 DAGs
[2026-06-16T12:05:34.802+0000] {logging_mixin.py:188} INFO - [2026-06-16T12:05:34.801+0000] {dag.py:3947} INFO - Setting next_dagrun for 01_hello_world to None, run_after=None
[2026-06-16T12:05:34.829+0000] {processor.py:183} INFO - Processing /opt/airflow/dags/dag_01_hello_world.py took 0.113 seconds
[2026-06-16T12:06:05.693+0000] {processor.py:161} INFO - Started process (PID=546) to work on /opt/airflow/dags/dag_01_hello_world.py
[2026-06-16T12:06:05.695+0000] {processor.py:830} INFO - Processing file /opt/airflow/dags/dag_01_hello_world.py for tasks to queue
[2026-06-16T12:06:05.699+0000] {logging_mixin.py:188} INFO - [2026-06-16T12:06:05.698+0000] {dagbag.py:545} INFO - Filling up the DagBag from /opt/airflow/dags/dag_01_hello_world.py
[2026-06-16T12:06:05.710+0000] {processor.py:840} INFO - DAG(s) '01_hello_world' retrieved from /opt/airflow/dags/dag_01_hello_world.py
[2026-06-16T12:06:05.758+0000] {logging_mixin.py:188} INFO - [2026-06-16T12:06:05.758+0000] {dag.py:3089} INFO - Sync 1 DAGs
[2026-06-16T12:06:05.775+0000] {logging_mixin.py:188} INFO - [2026-06-16T12:06:05.774+0000] {dag.py:3947} INFO - Setting next_dagrun for 01_hello_world to None, run_after=None
[2026-06-16T12:06:05.801+0000] {processor.py:183} INFO - Processing /opt/airflow/dags/dag_01_hello_world.py took 0.119 seconds
[2026-06-16T12:06:36.828+0000] {processor.py:161} INFO - Started process (PID=578) to work on /opt/airflow/dags/dag_01_hello_world.py
[2026-06-16T12:06:36.830+0000] {processor.py:830} INFO - Processing file /opt/airflow/dags/dag_01_hello_world.py for tasks to queue
[2026-06-16T12:06:36.832+0000] {logging_mixin.py:188} INFO - [2026-06-16T12:06:36.831+0000] {dagbag.py:545} INFO - Filling up the DagBag from /opt/airflow/dags/dag_01_hello_world.py
[2026-06-16T12:06:36.841+0000] {processor.py:840} INFO - DAG(s) '01_hello_world' retrieved from /opt/airflow/dags/dag_01_hello_world.py
[2026-06-16T12:06:36.883+0000] {logging_mixin.py:188} INFO - [2026-06-16T12:06:36.883+0000] {dag.py:3089} INFO - Sync 1 DAGs
[2026-06-16T12:06:36.898+0000] {logging_mixin.py:188} INFO - [2026-06-16T12:06:36.898+0000] {dag.py:3947} INFO - Setting next_dagrun for 01_hello_world to None, run_after=None
[2026-06-16T12:06:36.935+0000] {processor.py:183} INFO - Processing /opt/airflow/dags/dag_01_hello_world.py took 0.114 seconds
[2026-06-16T12:07:07.940+0000] {processor.py:161} INFO - Started process (PID=608) to work on /opt/airflow/dags/dag_01_hello_world.py
[2026-06-16T12:07:07.941+0000] {processor.py:830} INFO - Processing file /opt/airflow/dags/dag_01_hello_world.py for tasks to queue
[2026-06-16T12:07:07.943+0000] {logging_mixin.py:188} INFO - [2026-06-16T12:07:07.943+0000] {dagbag.py:545} INFO - Filling up the DagBag from /opt/airflow/dags/dag_01_hello_world.py
[2026-06-16T12:07:07.951+0000] {processor.py:840} INFO - DAG(s) '01_hello_world' retrieved from /opt/airflow/dags/dag_01_hello_world.py
[2026-06-16T12:07:07.991+0000] {logging_mixin.py:188} INFO - [2026-06-16T12:07:07.991+0000] {dag.py:3089} INFO - Sync 1 DAGs
[2026-06-16T12:07:08.005+0000] {logging_mixin.py:188} INFO - [2026-06-16T12:07:08.005+0000] {dag.py:3947} INFO - Setting next_dagrun for 01_hello_world to None, run_after=None
[2026-06-16T12:07:08.031+0000] {processor.py:183} INFO - Processing /opt/airflow/dags/dag_01_hello_world.py took 0.099 seconds
[2026-06-16T12:07:38.867+0000] {processor.py:161} INFO - Started process (PID=636) to work on /opt/airflow/dags/dag_01_hello_world.py
[2026-06-16T12:07:38.868+0000] {processor.py:830} INFO - Processing file /opt/airflow/dags/dag_01_hello_world.py for tasks to queue
[2026-06-16T12:07:38.871+0000] {logging_mixin.py:188} INFO - [2026-06-16T12:07:38.870+0000] {dagbag.py:545} INFO - Filling up the DagBag from /opt/airflow/dags/dag_01_hello_world.py
[2026-06-16T12:07:38.881+0000] {processor.py:840} INFO - DAG(s) '01_hello_world' retrieved from /opt/airflow/dags/dag_01_hello_world.py
[2026-06-16T12:07:38.930+0000] {logging_mixin.py:188} INFO - [2026-06-16T12:07:38.930+0000] {dag.py:3089} INFO - Sync 1 DAGs
[2026-06-16T12:07:38.951+0000] {logging_mixin.py:188} INFO - [2026-06-16T12:07:38.950+0000] {dag.py:3947} INFO - Setting next_dagrun for 01_hello_world to None, run_after=None
[2026-06-16T12:07:38.977+0000] {processor.py:183} INFO - Processing /opt/airflow/dags/dag_01_hello_world.py took 0.121 seconds
[2026-06-16T12:16:55.934+0000] {processor.py:161} INFO - Started process (PID=213) to work on /opt/airflow/dags/dag_01_hello_world.py
[2026-06-16T12:16:55.936+0000] {processor.py:830} INFO - Processing file /opt/airflow/dags/dag_01_hello_world.py for tasks to queue
[2026-06-16T12:16:55.940+0000] {logging_mixin.py:188} INFO - [2026-06-16T12:16:55.939+0000] {dagbag.py:545} INFO - Filling up the DagBag from /opt/airflow/dags/dag_01_hello_world.py
[2026-06-16T12:16:55.952+0000] {processor.py:840} INFO - DAG(s) '01_hello_world' retrieved from /opt/airflow/dags/dag_01_hello_world.py
[2026-06-16T12:16:56.146+0000] {logging_mixin.py:188} INFO - [2026-06-16T12:16:56.145+0000] {override.py:1858} INFO - Created Permission View: can edit on DAG:01_hello_world
[2026-06-16T12:16:56.161+0000] {logging_mixin.py:188} INFO - [2026-06-16T12:16:56.161+0000] {override.py:1858} INFO - Created Permission View: can read on DAG:01_hello_world
[2026-06-16T12:16:56.173+0000] {logging_mixin.py:188} INFO - [2026-06-16T12:16:56.172+0000] {override.py:1858} INFO - Created Permission View: can delete on DAG:01_hello_world
[2026-06-16T12:16:56.173+0000] {logging_mixin.py:188} INFO - [2026-06-16T12:16:56.173+0000] {dag.py:3089} INFO - Sync 1 DAGs
[2026-06-16T12:16:56.192+0000] {logging_mixin.py:188} INFO - [2026-06-16T12:16:56.192+0000] {dag.py:3111} INFO - Creating ORM DAG for 01_hello_world
[2026-06-16T12:16:56.193+0000] {logging_mixin.py:188} INFO - [2026-06-16T12:16:56.193+0000] {dag.py:3947} INFO - Setting next_dagrun for 01_hello_world to None, run_after=None
[2026-06-16T12:16:56.219+0000] {processor.py:183} INFO - Processing /opt/airflow/dags/dag_01_hello_world.py took 0.295 seconds
[2026-06-16T12:17:26.596+0000] {processor.py:161} INFO - Started process (PID=248) to work on /opt/airflow/dags/dag_01_hello_world.py
[2026-06-16T12:17:26.597+0000] {processor.py:830} INFO - Processing file /opt/airflow/dags/dag_01_hello_world.py for tasks to queue
[2026-06-16T12:17:26.599+0000] {logging_mixin.py:188} INFO - [2026-06-16T12:17:26.599+0000] {dagbag.py:545} INFO - Filling up the DagBag from /opt/airflow/dags/dag_01_hello_world.py
[2026-06-16T12:17:26.607+0000] {processor.py:840} INFO - DAG(s) '01_hello_world' retrieved from /opt/airflow/dags/dag_01_hello_world.py
[2026-06-16T12:17:26.644+0000] {logging_mixin.py:188} INFO - [2026-06-16T12:17:26.644+0000] {dag.py:3089} INFO - Sync 1 DAGs
[2026-06-16T12:17:26.657+0000] {logging_mixin.py:188} INFO - [2026-06-16T12:17:26.657+0000] {dag.py:3947} INFO - Setting next_dagrun for 01_hello_world to None, run_after=None
[2026-06-16T12:17:26.684+0000] {processor.py:183} INFO - Processing /opt/airflow/dags/dag_01_hello_world.py took 0.094 seconds
[2026-06-16T12:17:56.867+0000] {processor.py:161} INFO - Started process (PID=286) to work on /opt/airflow/dags/dag_01_hello_world.py
[2026-06-16T12:17:56.868+0000] {processor.py:830} INFO - Processing file /opt/airflow/dags/dag_01_hello_world.py for tasks to queue
[2026-06-16T12:17:56.871+0000] {logging_mixin.py:188} INFO - [2026-06-16T12:17:56.871+0000] {dagbag.py:545} INFO - Filling up the DagBag from /opt/airflow/dags/dag_01_hello_world.py
[2026-06-16T12:17:56.882+0000] {processor.py:840} INFO - DAG(s) '01_hello_world' retrieved from /opt/airflow/dags/dag_01_hello_world.py
[2026-06-16T12:17:56.930+0000] {logging_mixin.py:188} INFO - [2026-06-16T12:17:56.930+0000] {dag.py:3089} INFO - Sync 1 DAGs
[2026-06-16T12:17:56.951+0000] {logging_mixin.py:188} INFO - [2026-06-16T12:17:56.951+0000] {dag.py:3947} INFO - Setting next_dagrun for 01_hello_world to None, run_after=None
[2026-06-16T12:17:56.982+0000] {processor.py:183} INFO - Processing /opt/airflow/dags/dag_01_hello_world.py took 0.125 seconds
[2026-06-16T12:18:27.633+0000] {processor.py:161} INFO - Started process (PID=321) to work on /opt/airflow/dags/dag_01_hello_world.py
[2026-06-16T12:18:27.634+0000] {processor.py:830} INFO - Processing file /opt/airflow/dags/dag_01_hello_world.py for tasks to queue
[2026-06-16T12:18:27.636+0000] {logging_mixin.py:188} INFO - [2026-06-16T12:18:27.636+0000] {dagbag.py:545} INFO - Filling up the DagBag from /opt/airflow/dags/dag_01_hello_world.py
[2026-06-16T12:18:27.646+0000] {processor.py:840} INFO - DAG(s) '01_hello_world' retrieved from /opt/airflow/dags/dag_01_hello_world.py
[2026-06-16T12:18:27.689+0000] {logging_mixin.py:188} INFO - [2026-06-16T12:18:27.689+0000] {dag.py:3089} INFO - Sync 1 DAGs
[2026-06-16T12:18:27.705+0000] {logging_mixin.py:188} INFO - [2026-06-16T12:18:27.705+0000] {dag.py:3947} INFO - Setting next_dagrun for 01_hello_world to None, run_after=None
[2026-06-16T12:18:27.731+0000] {processor.py:183} INFO - Processing /opt/airflow/dags/dag_01_hello_world.py took 0.107 seconds
[2026-06-16T12:18:58.426+0000] {processor.py:161} INFO - Started process (PID=356) to work on /opt/airflow/dags/dag_01_hello_world.py
[2026-06-16T12:18:58.428+0000] {processor.py:830} INFO - Processing file /opt/airflow/dags/dag_01_hello_world.py for tasks to queue
[2026-06-16T12:18:58.432+0000] {logging_mixin.py:188} INFO - [2026-06-16T12:18:58.431+0000] {dagbag.py:545} INFO - Filling up the DagBag from /opt/airflow/dags/dag_01_hello_world.py
[2026-06-16T12:18:58.448+0000] {processor.py:840} INFO - DAG(s) '01_hello_world' retrieved from /opt/airflow/dags/dag_01_hello_world.py
[2026-06-16T12:18:58.071+0000] {logging_mixin.py:188} INFO - [2026-06-16T12:18:58.071+0000] {dag.py:3089} INFO - Sync 1 DAGs
[2026-06-16T12:18:58.091+0000] {logging_mixin.py:188} INFO - [2026-06-16T12:18:58.090+0000] {dag.py:3947} INFO - Setting next_dagrun for 01_hello_world to None, run_after=None
[2026-06-16T12:18:58.122+0000] {processor.py:183} INFO - Processing /opt/airflow/dags/dag_01_hello_world.py took 0.146 seconds
[2026-06-16T12:19:28.770+0000] {processor.py:161} INFO - Started process (PID=396) to work on /opt/airflow/dags/dag_01_hello_world.py
[2026-06-16T12:19:28.771+0000] {processor.py:830} INFO - Processing file /opt/airflow/dags/dag_01_hello_world.py for tasks to queue
[2026-06-16T12:19:28.774+0000] {logging_mixin.py:188} INFO - [2026-06-16T12:19:28.773+0000] {dagbag.py:545} INFO - Filling up the DagBag from /opt/airflow/dags/dag_01_hello_world.py
[2026-06-16T12:19:28.785+0000] {processor.py:840} INFO - DAG(s) '01_hello_world' retrieved from /opt/airflow/dags/dag_01_hello_world.py
[2026-06-16T12:19:28.840+0000] {logging_mixin.py:188} INFO - [2026-06-16T12:19:28.840+0000] {dag.py:3089} INFO - Sync 1 DAGs
[2026-06-16T12:19:28.858+0000] {logging_mixin.py:188} INFO - [2026-06-16T12:19:28.858+0000] {dag.py:3947} INFO - Setting next_dagrun for 01_hello_world to None, run_after=None
[2026-06-16T12:19:28.886+0000] {processor.py:183} INFO - Processing /opt/airflow/dags/dag_01_hello_world.py took 0.124 seconds
[2026-06-16T12:19:59.435+0000] {processor.py:161} INFO - Started process (PID=436) to work on /opt/airflow/dags/dag_01_hello_world.py
[2026-06-16T12:19:59.437+0000] {processor.py:830} INFO - Processing file /opt/airflow/dags/dag_01_hello_world.py for tasks to queue
[2026-06-16T12:19:59.440+0000] {logging_mixin.py:188} INFO - [2026-06-16T12:19:59.439+0000] {dagbag.py:545} INFO - Filling up the DagBag from /opt/airflow/dags/dag_01_hello_world.py
[2026-06-16T12:19:59.450+0000] {processor.py:840} INFO - DAG(s) '01_hello_world' retrieved from /opt/airflow/dags/dag_01_hello_world.py
[2026-06-16T12:19:59.503+0000] {logging_mixin.py:188} INFO - [2026-06-16T12:19:59.502+0000] {dag.py:3089} INFO - Sync 1 DAGs
[2026-06-16T12:19:59.524+0000] {logging_mixin.py:188} INFO - [2026-06-16T12:19:59.523+0000] {dag.py:3947} INFO - Setting next_dagrun for 01_hello_world to None, run_after=None
[2026-06-16T12:19:59.552+0000] {processor.py:183} INFO - Processing /opt/airflow/dags/dag_01_hello_world.py took 0.124 seconds
[2026-06-16T12:20:30.053+0000] {processor.py:161} INFO - Started process (PID=471) to work on /opt/airflow/dags/dag_01_hello_world.py
[2026-06-16T12:20:30.054+0000] {processor.py:830} INFO - Processing file /opt/airflow/dags/dag_01_hello_world.py for tasks to queue
[2026-06-16T12:20:30.057+0000] {logging_mixin.py:188} INFO - [2026-06-16T12:20:30.056+0000] {dagbag.py:545} INFO - Filling up the DagBag from /opt/airflow/dags/dag_01_hello_world.py
[2026-06-16T12:20:30.065+0000] {processor.py:840} INFO - DAG(s) '01_hello_world' retrieved from /opt/airflow/dags/dag_01_hello_world.py
[2026-06-16T12:20:30.107+0000] {logging_mixin.py:188} INFO - [2026-06-16T12:20:30.107+0000] {dag.py:3089} INFO - Sync 1 DAGs
[2026-06-16T12:20:30.124+0000] {logging_mixin.py:188} INFO - [2026-06-16T12:20:30.124+0000] {dag.py:3947} INFO - Setting next_dagrun for 01_hello_world to None, run_after=None
[2026-06-16T12:20:30.149+0000] {processor.py:183} INFO - Processing /opt/airflow/dags/dag_01_hello_world.py took 0.102 seconds
[2026-06-16T12:21:00.445+0000] {processor.py:161} INFO - Started process (PID=508) to work on /opt/airflow/dags/dag_01_hello_world.py
[2026-06-16T12:21:00.446+0000] {processor.py:830} INFO - Processing file /opt/airflow/dags/dag_01_hello_world.py for tasks to queue
[2026-06-16T12:21:00.448+0000] {logging_mixin.py:188} INFO - [2026-06-16T12:21:00.448+0000] {dagbag.py:545} INFO - Filling up the DagBag from /opt/airflow/dags/dag_01_hello_world.py
[2026-06-16T12:21:00.457+0000] {processor.py:840} INFO - DAG(s) '01_hello_world' retrieved from /opt/airflow/dags/dag_01_hello_world.py
[2026-06-16T12:21:00.504+0000] {logging_mixin.py:188} INFO - [2026-06-16T12:21:00.503+0000] {dag.py:3089} INFO - Sync 1 DAGs
[2026-06-16T12:21:00.519+0000] {logging_mixin.py:188} INFO - [2026-06-16T12:21:00.519+0000] {dag.py:3947} INFO - Setting next_dagrun for 01_hello_world to None, run_after=None
[2026-06-16T12:21:00.546+0000] {processor.py:183} INFO - Processing /opt/airflow/dags/dag_01_hello_world.py took 0.109 seconds
[2026-06-16T12:21:30.866+0000] {processor.py:161} INFO - Started process (PID=543) to work on /opt/airflow/dags/dag_01_hello_world.py
[2026-06-16T12:21:30.867+0000] {processor.py:830} INFO - Processing file /opt/airflow/dags/dag_01_hello_world.py for tasks to queue
[2026-06-16T12:21:30.871+0000] {logging_mixin.py:188} INFO - [2026-06-16T12:21:30.870+0000] {dagbag.py:545} INFO - Filling up the DagBag from /opt/airflow/dags/dag_01_hello_world.py
[2026-06-16T12:21:30.882+0000] {processor.py:840} INFO - DAG(s) '01_hello_world' retrieved from /opt/airflow/dags/dag_01_hello_world.py
[2026-06-16T12:21:30.936+0000] {logging_mixin.py:188} INFO - [2026-06-16T12:21:30.936+0000] {dag.py:3089} INFO - Sync 1 DAGs
[2026-06-16T12:21:30.954+0000] {logging_mixin.py:188} INFO - [2026-06-16T12:21:30.954+0000] {dag.py:3947} INFO - Setting next_dagrun for 01_hello_world to None, run_after=None
[2026-06-16T12:21:30.984+0000] {processor.py:183} INFO - Processing /opt/airflow/dags/dag_01_hello_world.py took 0.128 seconds
[2026-06-16T12:22:01.041+0000] {processor.py:161} INFO - Started process (PID=578) to work on /opt/airflow/dags/dag_01_hello_world.py
[2026-06-16T12:22:01.042+0000] {processor.py:830} INFO - Processing file /opt/airflow/dags/dag_01_hello_world.py for tasks to queue
[2026-06-16T12:22:01.044+0000] {logging_mixin.py:188} INFO - [2026-06-16T12:22:01.044+0000] {dagbag.py:545} INFO - Filling up the DagBag from /opt/airflow/dags/dag_01_hello_world.py
[2026-06-16T12:22:01.053+0000] {processor.py:840} INFO - DAG(s) '01_hello_world' retrieved from /opt/airflow/dags/dag_01_hello_world.py
[2026-06-16T12:22:01.104+0000] {logging_mixin.py:188} INFO - [2026-06-16T12:22:01.104+0000] {dag.py:3089} INFO - Sync 1 DAGs
[2026-06-16T12:22:01.126+0000] {logging_mixin.py:188} INFO - [2026-06-16T12:22:01.125+0000] {dag.py:3947} INFO - Setting next_dagrun for 01_hello_world to None, run_after=None
[2026-06-16T12:22:01.155+0000] {processor.py:183} INFO - Processing /opt/airflow/dags/dag_01_hello_world.py took 0.124 seconds
[2026-06-16T12:22:32.169+0000] {processor.py:161} INFO - Started process (PID=613) to work on /opt/airflow/dags/dag_01_hello_world.py
[2026-06-16T12:22:32.171+0000] {processor.py:830} INFO - Processing file /opt/airflow/dags/dag_01_hello_world.py for tasks to queue
[2026-06-16T12:22:32.177+0000] {logging_mixin.py:188} INFO - [2026-06-16T12:22:32.176+0000] {dagbag.py:545} INFO - Filling up the DagBag from /opt/airflow/dags/dag_01_hello_world.py
[2026-06-16T12:22:32.189+0000] {processor.py:840} INFO - DAG(s) '01_hello_world' retrieved from /opt/airflow/dags/dag_01_hello_world.py
[2026-06-16T12:22:32.238+0000] {logging_mixin.py:188} INFO - [2026-06-16T12:22:32.237+0000] {dag.py:3089} INFO - Sync 1 DAGs
[2026-06-16T12:22:32.255+0000] {logging_mixin.py:188} INFO - [2026-06-16T12:22:32.254+0000] {dag.py:3947} INFO - Setting next_dagrun for 01_hello_world to None, run_after=None
[2026-06-16T12:22:32.277+0000] {processor.py:183} INFO - Processing /opt/airflow/dags/dag_01_hello_world.py took 0.120 seconds
[2026-06-16T12:23:02.340+0000] {processor.py:161} INFO - Started process (PID=646) to work on /opt/airflow/dags/dag_01_hello_world.py
[2026-06-16T12:23:02.342+0000] {processor.py:830} INFO - Processing file /opt/airflow/dags/dag_01_hello_world.py for tasks to queue
[2026-06-16T12:23:02.346+0000] {logging_mixin.py:188} INFO - [2026-06-16T12:23:02.345+0000] {dagbag.py:545} INFO - Filling up the DagBag from /opt/airflow/dags/dag_01_hello_world.py
[2026-06-16T12:23:02.356+0000] {processor.py:840} INFO - DAG(s) '01_hello_world' retrieved from /opt/airflow/dags/dag_01_hello_world.py
[2026-06-16T12:23:02.407+0000] {logging_mixin.py:188} INFO - [2026-06-16T12:23:02.407+0000] {dag.py:3089} INFO - Sync 1 DAGs
[2026-06-16T12:23:02.426+0000] {logging_mixin.py:188} INFO - [2026-06-16T12:23:02.426+0000] {dag.py:3947} INFO - Setting next_dagrun for 01_hello_world to None, run_after=None
[2026-06-16T12:23:02.456+0000] {processor.py:183} INFO - Processing /opt/airflow/dags/dag_01_hello_world.py took 0.125 seconds
[2026-06-16T12:23:32.838+0000] {processor.py:161} INFO - Started process (PID=686) to work on /opt/airflow/dags/dag_01_hello_world.py
[2026-06-16T12:23:32.840+0000] {processor.py:830} INFO - Processing file /opt/airflow/dags/dag_01_hello_world.py for tasks to queue
[2026-06-16T12:23:32.844+0000] {logging_mixin.py:188} INFO - [2026-06-16T12:23:32.843+0000] {dagbag.py:545} INFO - Filling up the DagBag from /opt/airflow/dags/dag_01_hello_world.py
[2026-06-16T12:23:32.859+0000] {processor.py:840} INFO - DAG(s) '01_hello_world' retrieved from /opt/airflow/dags/dag_01_hello_world.py
[2026-06-16T12:23:32.916+0000] {logging_mixin.py:188} INFO - [2026-06-16T12:23:32.916+0000] {dag.py:3089} INFO - Sync 1 DAGs
[2026-06-16T12:23:32.935+0000] {logging_mixin.py:188} INFO - [2026-06-16T12:23:32.935+0000] {dag.py:3947} INFO - Setting next_dagrun for 01_hello_world to None, run_after=None
[2026-06-16T12:23:32.970+0000] {processor.py:183} INFO - Processing /opt/airflow/dags/dag_01_hello_world.py took 0.146 seconds
[2026-06-16T12:24:03.079+0000] {processor.py:161} INFO - Started process (PID=726) to work on /opt/airflow/dags/dag_01_hello_world.py
[2026-06-16T12:24:03.080+0000] {processor.py:830} INFO - Processing file /opt/airflow/dags/dag_01_hello_world.py for tasks to queue
[2026-06-16T12:24:03.083+0000] {logging_mixin.py:188} INFO - [2026-06-16T12:24:03.082+0000] {dagbag.py:545} INFO - Filling up the DagBag from /opt/airflow/dags/dag_01_hello_world.py
[2026-06-16T12:24:03.094+0000] {processor.py:840} INFO - DAG(s) '01_hello_world' retrieved from /opt/airflow/dags/dag_01_hello_world.py
[2026-06-16T12:24:03.141+0000] {logging_mixin.py:188} INFO - [2026-06-16T12:24:03.141+0000] {dag.py:3089} INFO - Sync 1 DAGs
[2026-06-16T12:24:03.160+0000] {logging_mixin.py:188} INFO - [2026-06-16T12:24:03.159+0000] {dag.py:3947} INFO - Setting next_dagrun for 01_hello_world to None, run_after=None
[2026-06-16T12:24:03.195+0000] {processor.py:183} INFO - Processing /opt/airflow/dags/dag_01_hello_world.py took 0.126 seconds
[2026-06-16T12:24:33.376+0000] {processor.py:161} INFO - Started process (PID=766) to work on /opt/airflow/dags/dag_01_hello_world.py
[2026-06-16T12:24:33.378+0000] {processor.py:830} INFO - Processing file /opt/airflow/dags/dag_01_hello_world.py for tasks to queue
[2026-06-16T12:24:33.381+0000] {logging_mixin.py:188} INFO - [2026-06-16T12:24:33.380+0000] {dagbag.py:545} INFO - Filling up the DagBag from /opt/airflow/dags/dag_01_hello_world.py
[2026-06-16T12:24:33.395+0000] {processor.py:840} INFO - DAG(s) '01_hello_world' retrieved from /opt/airflow/dags/dag_01_hello_world.py
[2026-06-16T12:24:33.445+0000] {logging_mixin.py:188} INFO - [2026-06-16T12:24:33.445+0000] {dag.py:3089} INFO - Sync 1 DAGs
[2026-06-16T12:24:33.464+0000] {logging_mixin.py:188} INFO - [2026-06-16T12:24:33.464+0000] {dag.py:3947} INFO - Setting next_dagrun for 01_hello_world to None, run_after=None
[2026-06-16T12:24:33.499+0000] {processor.py:183} INFO - Processing /opt/airflow/dags/dag_01_hello_world.py took 0.134 seconds
[2026-06-16T12:25:03.765+0000] {processor.py:161} INFO - Started process (PID=804) to work on /opt/airflow/dags/dag_01_hello_world.py
[2026-06-16T12:25:03.767+0000] {processor.py:830} INFO - Processing file /opt/airflow/dags/dag_01_hello_world.py for tasks to queue
[2026-06-16T12:25:03.769+0000] {logging_mixin.py:188} INFO - [2026-06-16T12:25:03.769+0000] {dagbag.py:545} INFO - Filling up the DagBag from /opt/airflow/dags/dag_01_hello_world.py
[2026-06-16T12:25:03.782+0000] {processor.py:840} INFO - DAG(s) '01_hello_world' retrieved from /opt/airflow/dags/dag_01_hello_world.py
[2026-06-16T12:25:03.833+0000] {logging_mixin.py:188} INFO - [2026-06-16T12:25:03.832+0000] {dag.py:3089} INFO - Sync 1 DAGs
[2026-06-16T12:25:03.853+0000] {logging_mixin.py:188} INFO - [2026-06-16T12:25:03.853+0000] {dag.py:3947} INFO - Setting next_dagrun for 01_hello_world to None, run_after=None
[2026-06-16T12:25:03.970+0000] {processor.py:183} INFO - Processing /opt/airflow/dags/dag_01_hello_world.py took 0.217 seconds
[2026-06-16T12:25:34.096+0000] {processor.py:161} INFO - Started process (PID=839) to work on /opt/airflow/dags/dag_01_hello_world.py
[2026-06-16T12:25:34.098+0000] {processor.py:830} INFO - Processing file /opt/airflow/dags/dag_01_hello_world.py for tasks to queue
[2026-06-16T12:25:34.100+0000] {logging_mixin.py:188} INFO - [2026-06-16T12:25:34.099+0000] {dagbag.py:545} INFO - Filling up the DagBag from /opt/airflow/dags/dag_01_hello_world.py
[2026-06-16T12:25:34.111+0000] {processor.py:840} INFO - DAG(s) '01_hello_world' retrieved from /opt/airflow/dags/dag_01_hello_world.py
[2026-06-16T12:25:34.164+0000] {logging_mixin.py:188} INFO - [2026-06-16T12:25:34.163+0000] {dag.py:3089} INFO - Sync 1 DAGs
[2026-06-16T12:25:34.182+0000] {logging_mixin.py:188} INFO - [2026-06-16T12:25:34.182+0000] {dag.py:3947} INFO - Setting next_dagrun for 01_hello_world to None, run_after=None
[2026-06-16T12:25:34.211+0000] {processor.py:183} INFO - Processing /opt/airflow/dags/dag_01_hello_world.py took 0.125 seconds
[2026-06-16T12:26:04.295+0000] {processor.py:161} INFO - Started process (PID=877) to work on /opt/airflow/dags/dag_01_hello_world.py
[2026-06-16T12:26:04.297+0000] {processor.py:830} INFO - Processing file /opt/airflow/dags/dag_01_hello_world.py for tasks to queue
[2026-06-16T12:26:04.299+0000] {logging_mixin.py:188} INFO - [2026-06-16T12:26:04.299+0000] {dagbag.py:545} INFO - Filling up the DagBag from /opt/airflow/dags/dag_01_hello_world.py
[2026-06-16T12:26:04.310+0000] {processor.py:840} INFO - DAG(s) '01_hello_world' retrieved from /opt/airflow/dags/dag_01_hello_world.py
[2026-06-16T12:26:04.356+0000] {logging_mixin.py:188} INFO - [2026-06-16T12:26:04.356+0000] {dag.py:3089} INFO - Sync 1 DAGs
[2026-06-16T12:26:04.373+0000] {logging_mixin.py:188} INFO - [2026-06-16T12:26:04.372+0000] {dag.py:3947} INFO - Setting next_dagrun for 01_hello_world to None, run_after=None
[2026-06-16T12:26:04.397+0000] {processor.py:183} INFO - Processing /opt/airflow/dags/dag_01_hello_world.py took 0.112 seconds
[2026-06-16T12:26:34.707+0000] {processor.py:161} INFO - Started process (PID=912) to work on /opt/airflow/dags/dag_01_hello_world.py
[2026-06-16T12:26:34.721+0000] {processor.py:830} INFO - Processing file /opt/airflow/dags/dag_01_hello_world.py for tasks to queue
[2026-06-16T12:26:34.725+0000] {logging_mixin.py:188} INFO - [2026-06-16T12:26:34.724+0000] {dagbag.py:545} INFO - Filling up the DagBag from /opt/airflow/dags/dag_01_hello_world.py
[2026-06-16T12:26:34.765+0000] {processor.py:840} INFO - DAG(s) '01_hello_world' retrieved from /opt/airflow/dags/dag_01_hello_world.py
[2026-06-16T12:26:34.854+0000] {logging_mixin.py:188} INFO - [2026-06-16T12:26:34.854+0000] {dag.py:3089} INFO - Sync 1 DAGs
[2026-06-16T12:26:34.884+0000] {logging_mixin.py:188} INFO - [2026-06-16T12:26:34.884+0000] {dag.py:3947} INFO - Setting next_dagrun for 01_hello_world to None, run_after=None
[2026-06-16T12:26:34.919+0000] {processor.py:183} INFO - Processing /opt/airflow/dags/dag_01_hello_world.py took 0.261 seconds
[2026-06-16T12:27:05.040+0000] {processor.py:161} INFO - Started process (PID=947) to work on /opt/airflow/dags/dag_01_hello_world.py
[2026-06-16T12:27:05.042+0000] {processor.py:830} INFO - Processing file /opt/airflow/dags/dag_01_hello_world.py for tasks to queue
[2026-06-16T12:27:05.045+0000] {logging_mixin.py:188} INFO - [2026-06-16T12:27:05.045+0000] {dagbag.py:545} INFO - Filling up the DagBag from /opt/airflow/dags/dag_01_hello_world.py
[2026-06-16T12:27:05.058+0000] {processor.py:840} INFO - DAG(s) '01_hello_world' retrieved from /opt/airflow/dags/dag_01_hello_world.py
[2026-06-16T12:27:05.110+0000] {logging_mixin.py:188} INFO - [2026-06-16T12:27:05.110+0000] {dag.py:3089} INFO - Sync 1 DAGs
[2026-06-16T12:27:05.131+0000] {logging_mixin.py:188} INFO - [2026-06-16T12:27:05.130+0000] {dag.py:3947} INFO - Setting next_dagrun for 01_hello_world to None, run_after=None
[2026-06-16T12:27:05.162+0000] {processor.py:183} INFO - Processing /opt/airflow/dags/dag_01_hello_world.py took 0.133 seconds
[2026-06-16T12:27:35.322+0000] {processor.py:161} INFO - Started process (PID=983) to work on /opt/airflow/dags/dag_01_hello_world.py
[2026-06-16T12:27:35.323+0000] {processor.py:830} INFO - Processing file /opt/airflow/dags/dag_01_hello_world.py for tasks to queue
[2026-06-16T12:27:35.326+0000] {logging_mixin.py:188} INFO - [2026-06-16T12:27:35.325+0000] {dagbag.py:545} INFO - Filling up the DagBag from /opt/airflow/dags/dag_01_hello_world.py
[2026-06-16T12:27:35.336+0000] {processor.py:840} INFO - DAG(s) '01_hello_world' retrieved from /opt/airflow/dags/dag_01_hello_world.py
[2026-06-16T12:27:35.378+0000] {logging_mixin.py:188} INFO - [2026-06-16T12:27:35.377+0000] {dag.py:3089} INFO - Sync 1 DAGs
[2026-06-16T12:27:35.394+0000] {logging_mixin.py:188} INFO - [2026-06-16T12:27:35.394+0000] {dag.py:3947} INFO - Setting next_dagrun for 01_hello_world to None, run_after=None
[2026-06-16T12:27:35.419+0000] {processor.py:183} INFO - Processing /opt/airflow/dags/dag_01_hello_world.py took 0.107 seconds
[2026-06-16T12:28:05.626+0000] {processor.py:161} INFO - Started process (PID=1022) to work on /opt/airflow/dags/dag_01_hello_world.py
[2026-06-16T12:28:05.627+0000] {processor.py:830} INFO - Processing file /opt/airflow/dags/dag_01_hello_world.py for tasks to queue
[2026-06-16T12:28:05.630+0000] {logging_mixin.py:188} INFO - [2026-06-16T12:28:05.629+0000] {dagbag.py:545} INFO - Filling up the DagBag from /opt/airflow/dags/dag_01_hello_world.py
[2026-06-16T12:28:05.641+0000] {processor.py:840} INFO - DAG(s) '01_hello_world' retrieved from /opt/airflow/dags/dag_01_hello_world.py
[2026-06-16T12:28:05.690+0000] {logging_mixin.py:188} INFO - [2026-06-16T12:28:05.690+0000] {dag.py:3089} INFO - Sync 1 DAGs
[2026-06-16T12:28:05.715+0000] {logging_mixin.py:188} INFO - [2026-06-16T12:28:05.715+0000] {dag.py:3947} INFO - Setting next_dagrun for 01_hello_world to None, run_after=None
[2026-06-16T12:28:05.744+0000] {processor.py:183} INFO - Processing /opt/airflow/dags/dag_01_hello_world.py took 0.128 seconds
[2026-06-16T12:28:36.760+0000] {processor.py:161} INFO - Started process (PID=1057) to work on /opt/airflow/dags/dag_01_hello_world.py
[2026-06-16T12:28:36.762+0000] {processor.py:830} INFO - Processing file /opt/airflow/dags/dag_01_hello_world.py for tasks to queue
[2026-06-16T12:28:36.764+0000] {logging_mixin.py:188} INFO - [2026-06-16T12:28:36.764+0000] {dagbag.py:545} INFO - Filling up the DagBag from /opt/airflow/dags/dag_01_hello_world.py
[2026-06-16T12:28:36.775+0000] {processor.py:840} INFO - DAG(s) '01_hello_world' retrieved from /opt/airflow/dags/dag_01_hello_world.py
[2026-06-16T12:28:36.826+0000] {logging_mixin.py:188} INFO - [2026-06-16T12:28:36.826+0000] {dag.py:3089} INFO - Sync 1 DAGs
[2026-06-16T12:28:36.850+0000] {logging_mixin.py:188} INFO - [2026-06-16T12:28:36.849+0000] {dag.py:3947} INFO - Setting next_dagrun for 01_hello_world to None, run_after=None
[2026-06-16T12:28:36.881+0000] {processor.py:183} INFO - Processing /opt/airflow/dags/dag_01_hello_world.py took 0.130 seconds
[2026-06-16T12:29:07.049+0000] {processor.py:161} INFO - Started process (PID=1092) to work on /opt/airflow/dags/dag_01_hello_world.py
[2026-06-16T12:29:07.050+0000] {processor.py:830} INFO - Processing file /opt/airflow/dags/dag_01_hello_world.py for tasks to queue
[2026-06-16T12:29:07.052+0000] {logging_mixin.py:188} INFO - [2026-06-16T12:29:07.052+0000] {dagbag.py:545} INFO - Filling up the DagBag from /opt/airflow/dags/dag_01_hello_world.py
[2026-06-16T12:29:07.061+0000] {processor.py:840} INFO - DAG(s) '01_hello_world' retrieved from /opt/airflow/dags/dag_01_hello_world.py
[2026-06-16T12:29:07.106+0000] {logging_mixin.py:188} INFO - [2026-06-16T12:29:07.105+0000] {dag.py:3089} INFO - Sync 1 DAGs
[2026-06-16T12:29:07.124+0000] {logging_mixin.py:188} INFO - [2026-06-16T12:29:07.124+0000] {dag.py:3947} INFO - Setting next_dagrun for 01_hello_world to None, run_after=None
[2026-06-16T12:29:07.151+0000] {processor.py:183} INFO - Processing /opt/airflow/dags/dag_01_hello_world.py took 0.111 seconds
[2026-06-16T12:29:37.223+0000] {processor.py:161} INFO - Started process (PID=1127) to work on /opt/airflow/dags/dag_01_hello_world.py
[2026-06-16T12:29:37.225+0000] {processor.py:830} INFO - Processing file /opt/airflow/dags/dag_01_hello_world.py for tasks to queue
[2026-06-16T12:29:37.228+0000] {logging_mixin.py:188} INFO - [2026-06-16T12:29:37.227+0000] {dagbag.py:545} INFO - Filling up the DagBag from /opt/airflow/dags/dag_01_hello_world.py
[2026-06-16T12:29:37.237+0000] {processor.py:840} INFO - DAG(s) '01_hello_world' retrieved from /opt/airflow/dags/dag_01_hello_world.py
[2026-06-16T12:29:37.285+0000] {logging_mixin.py:188} INFO - [2026-06-16T12:29:37.284+0000] {dag.py:3089} INFO - Sync 1 DAGs
[2026-06-16T12:29:37.306+0000] {logging_mixin.py:188} INFO - [2026-06-16T12:29:37.306+0000] {dag.py:3947} INFO - Setting next_dagrun for 01_hello_world to None, run_after=None
[2026-06-16T12:29:37.336+0000] {processor.py:183} INFO - Processing /opt/airflow/dags/dag_01_hello_world.py took 0.121 seconds
[2026-06-16T12:30:07.458+0000] {processor.py:161} INFO - Started process (PID=1162) to work on /opt/airflow/dags/dag_01_hello_world.py
[2026-06-16T12:30:07.459+0000] {processor.py:830} INFO - Processing file /opt/airflow/dags/dag_01_hello_world.py for tasks to queue
[2026-06-16T12:30:07.462+0000] {logging_mixin.py:188} INFO - [2026-06-16T12:30:07.462+0000] {dagbag.py:545} INFO - Filling up the DagBag from /opt/airflow/dags/dag_01_hello_world.py
[2026-06-16T12:30:07.470+0000] {processor.py:840} INFO - DAG(s) '01_hello_world' retrieved from /opt/airflow/dags/dag_01_hello_world.py
[2026-06-16T12:30:07.517+0000] {logging_mixin.py:188} INFO - [2026-06-16T12:30:07.516+0000] {dag.py:3089} INFO - Sync 1 DAGs
[2026-06-16T12:30:07.533+0000] {logging_mixin.py:188} INFO - [2026-06-16T12:30:07.532+0000] {dag.py:3947} INFO - Setting next_dagrun for 01_hello_world to None, run_after=None
[2026-06-16T12:30:07.559+0000] {processor.py:183} INFO - Processing /opt/airflow/dags/dag_01_hello_world.py took 0.110 seconds
[2026-06-16T12:30:38.467+0000] {processor.py:161} INFO - Started process (PID=1197) to work on /opt/airflow/dags/dag_01_hello_world.py
[2026-06-16T12:30:38.468+0000] {processor.py:830} INFO - Processing file /opt/airflow/dags/dag_01_hello_world.py for tasks to queue
[2026-06-16T12:30:38.470+0000] {logging_mixin.py:188} INFO - [2026-06-16T12:30:38.470+0000] {dagbag.py:545} INFO - Filling up the DagBag from /opt/airflow/dags/dag_01_hello_world.py
[2026-06-16T12:30:38.479+0000] {processor.py:840} INFO - DAG(s) '01_hello_world' retrieved from /opt/airflow/dags/dag_01_hello_world.py
[2026-06-16T12:30:38.523+0000] {logging_mixin.py:188} INFO - [2026-06-16T12:30:38.523+0000] {dag.py:3089} INFO - Sync 1 DAGs
[2026-06-16T12:30:38.542+0000] {logging_mixin.py:188} INFO - [2026-06-16T12:30:38.542+0000] {dag.py:3947} INFO - Setting next_dagrun for 01_hello_world to None, run_after=None
[2026-06-16T12:30:38.568+0000] {processor.py:183} INFO - Processing /opt/airflow/dags/dag_01_hello_world.py took 0.109 seconds
[2026-06-16T12:31:08.618+0000] {processor.py:161} INFO - Started process (PID=1227) to work on /opt/airflow/dags/dag_01_hello_world.py
[2026-06-16T12:31:08.620+0000] {processor.py:830} INFO - Processing file /opt/airflow/dags/dag_01_hello_world.py for tasks to queue
[2026-06-16T12:31:08.624+0000] {logging_mixin.py:188} INFO - [2026-06-16T12:31:08.623+0000] {dagbag.py:545} INFO - Filling up the DagBag from /opt/airflow/dags/dag_01_hello_world.py
[2026-06-16T12:31:08.638+0000] {processor.py:840} INFO - DAG(s) '01_hello_world' retrieved from /opt/airflow/dags/dag_01_hello_world.py
[2026-06-16T12:31:08.688+0000] {logging_mixin.py:188} INFO - [2026-06-16T12:31:08.687+0000] {dag.py:3089} INFO - Sync 1 DAGs
[2026-06-16T12:31:08.707+0000] {logging_mixin.py:188} INFO - [2026-06-16T12:31:08.707+0000] {dag.py:3947} INFO - Setting next_dagrun for 01_hello_world to None, run_after=None
[2026-06-16T12:31:08.743+0000] {processor.py:183} INFO - Processing /opt/airflow/dags/dag_01_hello_world.py took 0.139 seconds
[2026-06-16T12:31:38.932+0000] {processor.py:161} INFO - Started process (PID=1267) to work on /opt/airflow/dags/dag_01_hello_world.py
[2026-06-16T12:31:38.934+0000] {processor.py:830} INFO - Processing file /opt/airflow/dags/dag_01_hello_world.py for tasks to queue
[2026-06-16T12:31:38.936+0000] {logging_mixin.py:188} INFO - [2026-06-16T12:31:38.936+0000] {dagbag.py:545} INFO - Filling up the DagBag from /opt/airflow/dags/dag_01_hello_world.py
[2026-06-16T12:31:38.949+0000] {processor.py:840} INFO - DAG(s) '01_hello_world' retrieved from /opt/airflow/dags/dag_01_hello_world.py
[2026-06-16T12:31:39.005+0000] {logging_mixin.py:188} INFO - [2026-06-16T12:31:39.004+0000] {dag.py:3089} INFO - Sync 1 DAGs
[2026-06-16T12:31:39.026+0000] {logging_mixin.py:188} INFO - [2026-06-16T12:31:39.025+0000] {dag.py:3947} INFO - Setting next_dagrun for 01_hello_world to None, run_after=None
[2026-06-16T12:31:39.056+0000] {processor.py:183} INFO - Processing /opt/airflow/dags/dag_01_hello_world.py took 0.135 seconds
[2026-06-16T12:32:09.522+0000] {processor.py:161} INFO - Started process (PID=1293) to work on /opt/airflow/dags/dag_01_hello_world.py
[2026-06-16T12:32:09.524+0000] {processor.py:830} INFO - Processing file /opt/airflow/dags/dag_01_hello_world.py for tasks to queue
[2026-06-16T12:32:09.528+0000] {logging_mixin.py:188} INFO - [2026-06-16T12:32:09.527+0000] {dagbag.py:545} INFO - Filling up the DagBag from /opt/airflow/dags/dag_01_hello_world.py
[2026-06-16T12:32:09.542+0000] {processor.py:840} INFO - DAG(s) '01_hello_world' retrieved from /opt/airflow/dags/dag_01_hello_world.py
[2026-06-16T12:32:09.596+0000] {logging_mixin.py:188} INFO - [2026-06-16T12:32:09.596+0000] {dag.py:3089} INFO - Sync 1 DAGs
[2026-06-16T12:32:09.620+0000] {logging_mixin.py:188} INFO - [2026-06-16T12:32:09.619+0000] {dag.py:3947} INFO - Setting next_dagrun for 01_hello_world to None, run_after=None
[2026-06-16T12:32:09.647+0000] {processor.py:183} INFO - Processing /opt/airflow/dags/dag_01_hello_world.py took 0.138 seconds
[2026-06-16T12:32:39.728+0000] {processor.py:161} INFO - Started process (PID=1327) to work on /opt/airflow/dags/dag_01_hello_world.py
[2026-06-16T12:32:39.730+0000] {processor.py:830} INFO - Processing file /opt/airflow/dags/dag_01_hello_world.py for tasks to queue
[2026-06-16T12:32:39.733+0000] {logging_mixin.py:188} INFO - [2026-06-16T12:32:39.732+0000] {dagbag.py:545} INFO - Filling up the DagBag from /opt/airflow/dags/dag_01_hello_world.py
[2026-06-16T12:32:39.753+0000] {processor.py:840} INFO - DAG(s) '01_hello_world' retrieved from /opt/airflow/dags/dag_01_hello_world.py
[2026-06-16T12:32:39.865+0000] {logging_mixin.py:188} INFO - [2026-06-16T12:32:39.864+0000] {dag.py:3089} INFO - Sync 1 DAGs
[2026-06-16T12:32:39.916+0000] {logging_mixin.py:188} INFO - [2026-06-16T12:32:39.915+0000] {dag.py:3947} INFO - Setting next_dagrun for 01_hello_world to None, run_after=None
[2026-06-16T12:32:39.956+0000] {processor.py:183} INFO - Processing /opt/airflow/dags/dag_01_hello_world.py took 0.238 seconds
[2026-06-16T12:33:10.037+0000] {processor.py:161} INFO - Started process (PID=1362) to work on /opt/airflow/dags/dag_01_hello_world.py
[2026-06-16T12:33:10.038+0000] {processor.py:830} INFO - Processing file /opt/airflow/dags/dag_01_hello_world.py for tasks to queue
[2026-06-16T12:33:10.040+0000] {logging_mixin.py:188} INFO - [2026-06-16T12:33:10.040+0000] {dagbag.py:545} INFO - Filling up the DagBag from /opt/airflow/dags/dag_01_hello_world.py
[2026-06-16T12:33:10.052+0000] {processor.py:840} INFO - DAG(s) '01_hello_world' retrieved from /opt/airflow/dags/dag_01_hello_world.py
[2026-06-16T12:33:10.098+0000] {logging_mixin.py:188} INFO - [2026-06-16T12:33:10.098+0000] {dag.py:3089} INFO - Sync 1 DAGs
[2026-06-16T12:33:10.114+0000] {logging_mixin.py:188} INFO - [2026-06-16T12:33:10.114+0000] {dag.py:3947} INFO - Setting next_dagrun for 01_hello_world to None, run_after=None
[2026-06-16T12:33:10.138+0000] {processor.py:183} INFO - Processing /opt/airflow/dags/dag_01_hello_world.py took 0.109 seconds
[2026-06-16T12:33:40.285+0000] {processor.py:161} INFO - Started process (PID=1397) to work on /opt/airflow/dags/dag_01_hello_world.py
[2026-06-16T12:33:40.289+0000] {processor.py:830} INFO - Processing file /opt/airflow/dags/dag_01_hello_world.py for tasks to queue
[2026-06-16T12:33:40.292+0000] {logging_mixin.py:188} INFO - [2026-06-16T12:33:40.291+0000] {dagbag.py:545} INFO - Filling up the DagBag from /opt/airflow/dags/dag_01_hello_world.py
[2026-06-16T12:33:40.302+0000] {processor.py:840} INFO - DAG(s) '01_hello_world' retrieved from /opt/airflow/dags/dag_01_hello_world.py
[2026-06-16T12:33:40.344+0000] {logging_mixin.py:188} INFO - [2026-06-16T12:33:40.344+0000] {dag.py:3089} INFO - Sync 1 DAGs
[2026-06-16T12:33:40.359+0000] {logging_mixin.py:188} INFO - [2026-06-16T12:33:40.359+0000] {dag.py:3947} INFO - Setting next_dagrun for 01_hello_world to None, run_after=None
[2026-06-16T12:33:40.383+0000] {processor.py:183} INFO - Processing /opt/airflow/dags/dag_01_hello_world.py took 0.106 seconds
[2026-06-16T12:34:10.611+0000] {processor.py:161} INFO - Started process (PID=1432) to work on /opt/airflow/dags/dag_01_hello_world.py
[2026-06-16T12:34:10.613+0000] {processor.py:830} INFO - Processing file /opt/airflow/dags/dag_01_hello_world.py for tasks to queue
[2026-06-16T12:34:10.616+0000] {logging_mixin.py:188} INFO - [2026-06-16T12:34:10.615+0000] {dagbag.py:545} INFO - Filling up the DagBag from /opt/airflow/dags/dag_01_hello_world.py
[2026-06-16T12:34:10.630+0000] {processor.py:840} INFO - DAG(s) '01_hello_world' retrieved from /opt/airflow/dags/dag_01_hello_world.py
[2026-06-16T12:34:10.674+0000] {logging_mixin.py:188} INFO - [2026-06-16T12:34:10.674+0000] {dag.py:3089} INFO - Sync 1 DAGs
[2026-06-16T12:34:10.692+0000] {logging_mixin.py:188} INFO - [2026-06-16T12:34:10.692+0000] {dag.py:3947} INFO - Setting next_dagrun for 01_hello_world to None, run_after=None
[2026-06-16T12:34:10.719+0000] {processor.py:183} INFO - Processing /opt/airflow/dags/dag_01_hello_world.py took 0.120 seconds
[2026-06-16T12:34:40.848+0000] {processor.py:161} INFO - Started process (PID=1468) to work on /opt/airflow/dags/dag_01_hello_world.py
[2026-06-16T12:34:40.850+0000] {processor.py:830} INFO - Processing file /opt/airflow/dags/dag_01_hello_world.py for tasks to queue
[2026-06-16T12:34:40.853+0000] {logging_mixin.py:188} INFO - [2026-06-16T12:34:40.852+0000] {dagbag.py:545} INFO - Filling up the DagBag from /opt/airflow/dags/dag_01_hello_world.py
[2026-06-16T12:34:40.865+0000] {processor.py:840} INFO - DAG(s) '01_hello_world' retrieved from /opt/airflow/dags/dag_01_hello_world.py
[2026-06-16T12:34:40.912+0000] {logging_mixin.py:188} INFO - [2026-06-16T12:34:40.912+0000] {dag.py:3089} INFO - Sync 1 DAGs
[2026-06-16T12:34:40.928+0000] {logging_mixin.py:188} INFO - [2026-06-16T12:34:40.928+0000] {dag.py:3947} INFO - Setting next_dagrun for 01_hello_world to None, run_after=None
[2026-06-16T12:34:40.951+0000] {processor.py:183} INFO - Processing /opt/airflow/dags/dag_01_hello_world.py took 0.114 seconds
[2026-06-16T12:35:11.324+0000] {processor.py:161} INFO - Started process (PID=1504) to work on /opt/airflow/dags/dag_01_hello_world.py
[2026-06-16T12:35:11.326+0000] {processor.py:830} INFO - Processing file /opt/airflow/dags/dag_01_hello_world.py for tasks to queue
[2026-06-16T12:35:11.329+0000] {logging_mixin.py:188} INFO - [2026-06-16T12:35:11.328+0000] {dagbag.py:545} INFO - Filling up the DagBag from /opt/airflow/dags/dag_01_hello_world.py
[2026-06-16T12:35:11.344+0000] {processor.py:840} INFO - DAG(s) '01_hello_world' retrieved from /opt/airflow/dags/dag_01_hello_world.py
[2026-06-16T12:35:11.400+0000] {logging_mixin.py:188} INFO - [2026-06-16T12:35:11.399+0000] {dag.py:3089} INFO - Sync 1 DAGs
[2026-06-16T12:35:11.425+0000] {logging_mixin.py:188} INFO - [2026-06-16T12:35:11.424+0000] {dag.py:3947} INFO - Setting next_dagrun for 01_hello_world to None, run_after=None
[2026-06-16T12:35:11.454+0000] {processor.py:183} INFO - Processing /opt/airflow/dags/dag_01_hello_world.py took 0.148 seconds
[2026-06-16T12:35:42.485+0000] {processor.py:161} INFO - Started process (PID=1539) to work on /opt/airflow/dags/dag_01_hello_world.py
[2026-06-16T12:35:42.487+0000] {processor.py:830} INFO - Processing file /opt/airflow/dags/dag_01_hello_world.py for tasks to queue
[2026-06-16T12:35:42.490+0000] {logging_mixin.py:188} INFO - [2026-06-16T12:35:42.489+0000] {dagbag.py:545} INFO - Filling up the DagBag from /opt/airflow/dags/dag_01_hello_world.py
[2026-06-16T12:35:42.497+0000] {processor.py:840} INFO - DAG(s) '01_hello_world' retrieved from /opt/airflow/dags/dag_01_hello_world.py
[2026-06-16T12:35:42.535+0000] {logging_mixin.py:188} INFO - [2026-06-16T12:35:42.535+0000] {dag.py:3089} INFO - Sync 1 DAGs
[2026-06-16T12:35:42.548+0000] {logging_mixin.py:188} INFO - [2026-06-16T12:35:42.548+0000] {dag.py:3947} INFO - Setting next_dagrun for 01_hello_world to None, run_after=None
[2026-06-16T12:35:42.575+0000] {processor.py:183} INFO - Processing /opt/airflow/dags/dag_01_hello_world.py took 0.097 seconds
[2026-06-16T12:36:13.556+0000] {processor.py:161} INFO - Started process (PID=1574) to work on /opt/airflow/dags/dag_01_hello_world.py
[2026-06-16T12:36:13.557+0000] {processor.py:830} INFO - Processing file /opt/airflow/dags/dag_01_hello_world.py for tasks to queue
[2026-06-16T12:36:13.559+0000] {logging_mixin.py:188} INFO - [2026-06-16T12:36:13.559+0000] {dagbag.py:545} INFO - Filling up the DagBag from /opt/airflow/dags/dag_01_hello_world.py
[2026-06-16T12:36:13.568+0000] {processor.py:840} INFO - DAG(s) '01_hello_world' retrieved from /opt/airflow/dags/dag_01_hello_world.py
[2026-06-16T12:36:13.608+0000] {logging_mixin.py:188} INFO - [2026-06-16T12:36:13.608+0000] {dag.py:3089} INFO - Sync 1 DAGs
[2026-06-16T12:36:13.622+0000] {logging_mixin.py:188} INFO - [2026-06-16T12:36:13.622+0000] {dag.py:3947} INFO - Setting next_dagrun for 01_hello_world to None, run_after=None
[2026-06-16T12:36:13.649+0000] {processor.py:183} INFO - Processing /opt/airflow/dags/dag_01_hello_world.py took 0.102 seconds
[2026-06-16T12:36:44.543+0000] {processor.py:161} INFO - Started process (PID=1609) to work on /opt/airflow/dags/dag_01_hello_world.py
[2026-06-16T12:36:44.544+0000] {processor.py:830} INFO - Processing file /opt/airflow/dags/dag_01_hello_world.py for tasks to queue
[2026-06-16T12:36:44.547+0000] {logging_mixin.py:188} INFO - [2026-06-16T12:36:44.546+0000] {dagbag.py:545} INFO - Filling up the DagBag from /opt/airflow/dags/dag_01_hello_world.py
[2026-06-16T12:36:44.558+0000] {processor.py:840} INFO - DAG(s) '01_hello_world' retrieved from /opt/airflow/dags/dag_01_hello_world.py
[2026-06-16T12:36:44.606+0000] {logging_mixin.py:188} INFO - [2026-06-16T12:36:44.605+0000] {dag.py:3089} INFO - Sync 1 DAGs
[2026-06-16T12:36:44.622+0000] {logging_mixin.py:188} INFO - [2026-06-16T12:36:44.622+0000] {dag.py:3947} INFO - Setting next_dagrun for 01_hello_world to None, run_after=None
[2026-06-16T12:36:44.646+0000] {processor.py:183} INFO - Processing /opt/airflow/dags/dag_01_hello_world.py took 0.114 seconds
[2026-06-16T12:37:15.092+0000] {processor.py:161} INFO - Started process (PID=1654) to work on /opt/airflow/dags/dag_01_hello_world.py
[2026-06-16T12:37:15.093+0000] {processor.py:830} INFO - Processing file /opt/airflow/dags/dag_01_hello_world.py for tasks to queue
[2026-06-16T12:37:15.096+0000] {logging_mixin.py:188} INFO - [2026-06-16T12:37:15.095+0000] {dagbag.py:545} INFO - Filling up the DagBag from /opt/airflow/dags/dag_01_hello_world.py
[2026-06-16T12:37:15.110+0000] {processor.py:840} INFO - DAG(s) '01_hello_world' retrieved from /opt/airflow/dags/dag_01_hello_world.py
[2026-06-16T12:37:15.165+0000] {logging_mixin.py:188} INFO - [2026-06-16T12:37:15.165+0000] {dag.py:3089} INFO - Sync 1 DAGs
[2026-06-16T12:37:15.192+0000] {logging_mixin.py:188} INFO - [2026-06-16T12:37:15.191+0000] {dag.py:3947} INFO - Setting next_dagrun for 01_hello_world to None, run_after=None
[2026-06-16T12:37:15.223+0000] {processor.py:183} INFO - Processing /opt/airflow/dags/dag_01_hello_world.py took 0.142 seconds
[2026-06-16T12:37:45.475+0000] {processor.py:161} INFO - Started process (PID=1696) to work on /opt/airflow/dags/dag_01_hello_world.py
[2026-06-16T12:37:45.478+0000] {processor.py:830} INFO - Processing file /opt/airflow/dags/dag_01_hello_world.py for tasks to queue
[2026-06-16T12:37:45.481+0000] {logging_mixin.py:188} INFO - [2026-06-16T12:37:45.480+0000] {dagbag.py:545} INFO - Filling up the DagBag from /opt/airflow/dags/dag_01_hello_world.py
[2026-06-16T12:37:45.492+0000] {processor.py:840} INFO - DAG(s) '01_hello_world' retrieved from /opt/airflow/dags/dag_01_hello_world.py
[2026-06-16T12:37:45.541+0000] {logging_mixin.py:188} INFO - [2026-06-16T12:37:45.541+0000] {dag.py:3089} INFO - Sync 1 DAGs
[2026-06-16T12:37:45.559+0000] {logging_mixin.py:188} INFO - [2026-06-16T12:37:45.559+0000] {dag.py:3947} INFO - Setting next_dagrun for 01_hello_world to None, run_after=None
[2026-06-16T12:37:45.587+0000] {processor.py:183} INFO - Processing /opt/airflow/dags/dag_01_hello_world.py took 0.123 seconds
[2026-06-16T12:38:15.839+0000] {processor.py:161} INFO - Started process (PID=1736) to work on /opt/airflow/dags/dag_01_hello_world.py
[2026-06-16T12:38:15.843+0000] {processor.py:830} INFO - Processing file /opt/airflow/dags/dag_01_hello_world.py for tasks to queue
[2026-06-16T12:38:15.846+0000] {logging_mixin.py:188} INFO - [2026-06-16T12:38:15.845+0000] {dagbag.py:545} INFO - Filling up the DagBag from /opt/airflow/dags/dag_01_hello_world.py
[2026-06-16T12:38:15.861+0000] {processor.py:840} INFO - DAG(s) '01_hello_world' retrieved from /opt/airflow/dags/dag_01_hello_world.py
[2026-06-16T12:38:15.936+0000] {logging_mixin.py:188} INFO - [2026-06-16T12:38:15.936+0000] {dag.py:3089} INFO - Sync 1 DAGs
[2026-06-16T12:38:15.984+0000] {logging_mixin.py:188} INFO - [2026-06-16T12:38:15.984+0000] {dag.py:3947} INFO - Setting next_dagrun for 01_hello_world to None, run_after=None
[2026-06-16T12:38:16.013+0000] {processor.py:183} INFO - Processing /opt/airflow/dags/dag_01_hello_world.py took 0.186 seconds
[2026-06-16T12:38:46.073+0000] {processor.py:161} INFO - Started process (PID=1779) to work on /opt/airflow/dags/dag_01_hello_world.py
[2026-06-16T12:38:46.075+0000] {processor.py:830} INFO - Processing file /opt/airflow/dags/dag_01_hello_world.py for tasks to queue
[2026-06-16T12:38:46.079+0000] {logging_mixin.py:188} INFO - [2026-06-16T12:38:46.078+0000] {dagbag.py:545} INFO - Filling up the DagBag from /opt/airflow/dags/dag_01_hello_world.py
[2026-06-16T12:38:46.090+0000] {processor.py:840} INFO - DAG(s) '01_hello_world' retrieved from /opt/airflow/dags/dag_01_hello_world.py
[2026-06-16T12:38:46.149+0000] {logging_mixin.py:188} INFO - [2026-06-16T12:38:46.149+0000] {dag.py:3089} INFO - Sync 1 DAGs
[2026-06-16T12:38:46.172+0000] {logging_mixin.py:188} INFO - [2026-06-16T12:38:46.172+0000] {dag.py:3947} INFO - Setting next_dagrun for 01_hello_world to None, run_after=None
[2026-06-16T12:38:46.211+0000] {processor.py:183} INFO - Processing /opt/airflow/dags/dag_01_hello_world.py took 0.148 seconds
[2026-06-16T12:39:16.338+0000] {processor.py:161} INFO - Started process (PID=1826) to work on /opt/airflow/dags/dag_01_hello_world.py
[2026-06-16T12:39:16.350+0000] {processor.py:830} INFO - Processing file /opt/airflow/dags/dag_01_hello_world.py for tasks to queue
[2026-06-16T12:39:16.354+0000] {logging_mixin.py:188} INFO - [2026-06-16T12:39:16.353+0000] {dagbag.py:545} INFO - Filling up the DagBag from /opt/airflow/dags/dag_01_hello_world.py
[2026-06-16T12:39:16.364+0000] {processor.py:840} INFO - DAG(s) '01_hello_world' retrieved from /opt/airflow/dags/dag_01_hello_world.py
[2026-06-16T12:39:16.413+0000] {logging_mixin.py:188} INFO - [2026-06-16T12:39:16.412+0000] {dag.py:3089} INFO - Sync 1 DAGs
[2026-06-16T12:39:16.433+0000] {logging_mixin.py:188} INFO - [2026-06-16T12:39:16.433+0000] {dag.py:3947} INFO - Setting next_dagrun for 01_hello_world to None, run_after=None
[2026-06-16T12:39:16.460+0000] {processor.py:183} INFO - Processing /opt/airflow/dags/dag_01_hello_world.py took 0.131 seconds
[2026-06-16T12:39:46.627+0000] {processor.py:161} INFO - Started process (PID=1868) to work on /opt/airflow/dags/dag_01_hello_world.py
[2026-06-16T12:39:46.629+0000] {processor.py:830} INFO - Processing file /opt/airflow/dags/dag_01_hello_world.py for tasks to queue
[2026-06-16T12:39:46.632+0000] {logging_mixin.py:188} INFO - [2026-06-16T12:39:46.632+0000] {dagbag.py:545} INFO - Filling up the DagBag from /opt/airflow/dags/dag_01_hello_world.py
[2026-06-16T12:39:46.642+0000] {processor.py:840} INFO - DAG(s) '01_hello_world' retrieved from /opt/airflow/dags/dag_01_hello_world.py
[2026-06-16T12:39:46.697+0000] {logging_mixin.py:188} INFO - [2026-06-16T12:39:46.696+0000] {dag.py:3089} INFO - Sync 1 DAGs
[2026-06-16T12:39:46.719+0000] {logging_mixin.py:188} INFO - [2026-06-16T12:39:46.718+0000] {dag.py:3947} INFO - Setting next_dagrun for 01_hello_world to None, run_after=None
[2026-06-16T12:39:46.757+0000] {processor.py:183} INFO - Processing /opt/airflow/dags/dag_01_hello_world.py took 0.139 seconds
[2026-06-16T12:40:16.824+0000] {processor.py:161} INFO - Started process (PID=1908) to work on /opt/airflow/dags/dag_01_hello_world.py
[2026-06-16T12:40:16.835+0000] {processor.py:830} INFO - Processing file /opt/airflow/dags/dag_01_hello_world.py for tasks to queue
[2026-06-16T12:40:16.838+0000] {logging_mixin.py:188} INFO - [2026-06-16T12:40:16.837+0000] {dagbag.py:545} INFO - Filling up the DagBag from /opt/airflow/dags/dag_01_hello_world.py
[2026-06-16T12:40:16.847+0000] {processor.py:840} INFO - DAG(s) '01_hello_world' retrieved from /opt/airflow/dags/dag_01_hello_world.py
[2026-06-16T12:40:16.892+0000] {logging_mixin.py:188} INFO - [2026-06-16T12:40:16.892+0000] {dag.py:3089} INFO - Sync 1 DAGs
[2026-06-16T12:40:16.909+0000] {logging_mixin.py:188} INFO - [2026-06-16T12:40:16.909+0000] {dag.py:3947} INFO - Setting next_dagrun for 01_hello_world to None, run_after=None
[2026-06-16T12:40:16.938+0000] {processor.py:183} INFO - Processing /opt/airflow/dags/dag_01_hello_world.py took 0.122 seconds
[2026-06-16T12:40:47.123+0000] {processor.py:161} INFO - Started process (PID=1951) to work on /opt/airflow/dags/dag_01_hello_world.py
[2026-06-16T12:40:47.125+0000] {processor.py:830} INFO - Processing file /opt/airflow/dags/dag_01_hello_world.py for tasks to queue
[2026-06-16T12:40:47.128+0000] {logging_mixin.py:188} INFO - [2026-06-16T12:40:47.127+0000] {dagbag.py:545} INFO - Filling up the DagBag from /opt/airflow/dags/dag_01_hello_world.py
[2026-06-16T12:40:47.138+0000] {processor.py:840} INFO - DAG(s) '01_hello_world' retrieved from /opt/airflow/dags/dag_01_hello_world.py
[2026-06-16T12:40:47.186+0000] {logging_mixin.py:188} INFO - [2026-06-16T12:40:47.186+0000] {dag.py:3089} INFO - Sync 1 DAGs
[2026-06-16T12:40:47.208+0000] {logging_mixin.py:188} INFO - [2026-06-16T12:40:47.207+0000] {dag.py:3947} INFO - Setting next_dagrun for 01_hello_world to None, run_after=None
[2026-06-16T12:40:47.232+0000] {processor.py:183} INFO - Processing /opt/airflow/dags/dag_01_hello_world.py took 0.118 seconds
[2026-06-16T12:41:17.318+0000] {processor.py:161} INFO - Started process (PID=1991) to work on /opt/airflow/dags/dag_01_hello_world.py
[2026-06-16T12:41:17.320+0000] {processor.py:830} INFO - Processing file /opt/airflow/dags/dag_01_hello_world.py for tasks to queue
[2026-06-16T12:41:17.324+0000] {logging_mixin.py:188} INFO - [2026-06-16T12:41:17.323+0000] {dagbag.py:545} INFO - Filling up the DagBag from /opt/airflow/dags/dag_01_hello_world.py
[2026-06-16T12:41:17.344+0000] {processor.py:840} INFO - DAG(s) '01_hello_world' retrieved from /opt/airflow/dags/dag_01_hello_world.py
[2026-06-16T12:41:17.399+0000] {logging_mixin.py:188} INFO - [2026-06-16T12:41:17.398+0000] {dag.py:3089} INFO - Sync 1 DAGs
[2026-06-16T12:41:17.427+0000] {logging_mixin.py:188} INFO - [2026-06-16T12:41:17.426+0000] {dag.py:3947} INFO - Setting next_dagrun for 01_hello_world to None, run_after=None
[2026-06-16T12:41:17.460+0000] {processor.py:183} INFO - Processing /opt/airflow/dags/dag_01_hello_world.py took 0.155 seconds
[2026-06-16T12:41:47.615+0000] {processor.py:161} INFO - Started process (PID=2038) to work on /opt/airflow/dags/dag_01_hello_world.py
[2026-06-16T12:41:47.617+0000] {processor.py:830} INFO - Processing file /opt/airflow/dags/dag_01_hello_world.py for tasks to queue
[2026-06-16T12:41:47.619+0000] {logging_mixin.py:188} INFO - [2026-06-16T12:41:47.618+0000] {dagbag.py:545} INFO - Filling up the DagBag from /opt/airflow/dags/dag_01_hello_world.py
[2026-06-16T12:41:47.626+0000] {processor.py:840} INFO - DAG(s) '01_hello_world' retrieved from /opt/airflow/dags/dag_01_hello_world.py
[2026-06-16T12:41:47.666+0000] {logging_mixin.py:188} INFO - [2026-06-16T12:41:47.666+0000] {dag.py:3089} INFO - Sync 1 DAGs
[2026-06-16T12:41:47.680+0000] {logging_mixin.py:188} INFO - [2026-06-16T12:41:47.680+0000] {dag.py:3947} INFO - Setting next_dagrun for 01_hello_world to None, run_after=None
[2026-06-16T12:41:47.707+0000] {processor.py:183} INFO - Processing /opt/airflow/dags/dag_01_hello_world.py took 0.100 seconds
[2026-06-16T12:42:17.856+0000] {processor.py:161} INFO - Started process (PID=2078) to work on /opt/airflow/dags/dag_01_hello_world.py
[2026-06-16T12:42:17.858+0000] {processor.py:830} INFO - Processing file /opt/airflow/dags/dag_01_hello_world.py for tasks to queue
[2026-06-16T12:42:17.860+0000] {logging_mixin.py:188} INFO - [2026-06-16T12:42:17.859+0000] {dagbag.py:545} INFO - Filling up the DagBag from /opt/airflow/dags/dag_01_hello_world.py
[2026-06-16T12:42:17.877+0000] {processor.py:840} INFO - DAG(s) '01_hello_world' retrieved from /opt/airflow/dags/dag_01_hello_world.py
[2026-06-16T12:42:17.931+0000] {logging_mixin.py:188} INFO - [2026-06-16T12:42:17.931+0000] {dag.py:3089} INFO - Sync 1 DAGs
[2026-06-16T12:42:17.949+0000] {logging_mixin.py:188} INFO - [2026-06-16T12:42:17.948+0000] {dag.py:3947} INFO - Setting next_dagrun for 01_hello_world to None, run_after=None
[2026-06-16T12:42:17.980+0000] {processor.py:183} INFO - Processing /opt/airflow/dags/dag_01_hello_world.py took 0.133 seconds
[2026-06-16T12:42:48.078+0000] {processor.py:161} INFO - Started process (PID=2118) to work on /opt/airflow/dags/dag_01_hello_world.py
[2026-06-16T12:42:48.086+0000] {processor.py:830} INFO - Processing file /opt/airflow/dags/dag_01_hello_world.py for tasks to queue
[2026-06-16T12:42:48.091+0000] {logging_mixin.py:188} INFO - [2026-06-16T12:42:48.090+0000] {dagbag.py:545} INFO - Filling up the DagBag from /opt/airflow/dags/dag_01_hello_world.py
[2026-06-16T12:42:48.108+0000] {processor.py:840} INFO - DAG(s) '01_hello_world' retrieved from /opt/airflow/dags/dag_01_hello_world.py
[2026-06-16T12:42:48.154+0000] {logging_mixin.py:188} INFO - [2026-06-16T12:42:48.154+0000] {dag.py:3089} INFO - Sync 1 DAGs
[2026-06-16T12:42:48.175+0000] {logging_mixin.py:188} INFO - [2026-06-16T12:42:48.174+0000] {dag.py:3947} INFO - Setting next_dagrun for 01_hello_world to None, run_after=None
[2026-06-16T12:42:48.202+0000] {processor.py:183} INFO - Processing /opt/airflow/dags/dag_01_hello_world.py took 0.136 seconds
[2026-06-16T12:43:18.337+0000] {processor.py:161} INFO - Started process (PID=2158) to work on /opt/airflow/dags/dag_01_hello_world.py
[2026-06-16T12:43:18.338+0000] {processor.py:830} INFO - Processing file /opt/airflow/dags/dag_01_hello_world.py for tasks to queue
[2026-06-16T12:43:18.341+0000] {logging_mixin.py:188} INFO - [2026-06-16T12:43:18.340+0000] {dagbag.py:545} INFO - Filling up the DagBag from /opt/airflow/dags/dag_01_hello_world.py
[2026-06-16T12:43:18.351+0000] {processor.py:840} INFO - DAG(s) '01_hello_world' retrieved from /opt/airflow/dags/dag_01_hello_world.py
[2026-06-16T12:43:18.399+0000] {logging_mixin.py:188} INFO - [2026-06-16T12:43:18.399+0000] {dag.py:3089} INFO - Sync 1 DAGs
[2026-06-16T12:43:18.414+0000] {logging_mixin.py:188} INFO - [2026-06-16T12:43:18.414+0000] {dag.py:3947} INFO - Setting next_dagrun for 01_hello_world to None, run_after=None
[2026-06-16T12:43:18.443+0000] {processor.py:183} INFO - Processing /opt/airflow/dags/dag_01_hello_world.py took 0.113 seconds
[2026-06-16T12:43:48.651+0000] {processor.py:161} INFO - Started process (PID=2198) to work on /opt/airflow/dags/dag_01_hello_world.py
[2026-06-16T12:43:48.652+0000] {processor.py:830} INFO - Processing file /opt/airflow/dags/dag_01_hello_world.py for tasks to queue
[2026-06-16T12:43:48.655+0000] {logging_mixin.py:188} INFO - [2026-06-16T12:43:48.655+0000] {dagbag.py:545} INFO - Filling up the DagBag from /opt/airflow/dags/dag_01_hello_world.py
[2026-06-16T12:43:48.669+0000] {processor.py:840} INFO - DAG(s) '01_hello_world' retrieved from /opt/airflow/dags/dag_01_hello_world.py
[2026-06-16T12:43:48.737+0000] {logging_mixin.py:188} INFO - [2026-06-16T12:43:48.736+0000] {dag.py:3089} INFO - Sync 1 DAGs
[2026-06-16T12:43:48.757+0000] {logging_mixin.py:188} INFO - [2026-06-16T12:43:48.757+0000] {dag.py:3947} INFO - Setting next_dagrun for 01_hello_world to None, run_after=None
[2026-06-16T12:43:48.790+0000] {processor.py:183} INFO - Processing /opt/airflow/dags/dag_01_hello_world.py took 0.152 seconds
[2026-06-16T12:44:19.376+0000] {processor.py:161} INFO - Started process (PID=2238) to work on /opt/airflow/dags/dag_01_hello_world.py
[2026-06-16T12:44:19.378+0000] {processor.py:830} INFO - Processing file /opt/airflow/dags/dag_01_hello_world.py for tasks to queue
[2026-06-16T12:44:19.382+0000] {logging_mixin.py:188} INFO - [2026-06-16T12:44:19.381+0000] {dagbag.py:545} INFO - Filling up the DagBag from /opt/airflow/dags/dag_01_hello_world.py
[2026-06-16T12:44:19.394+0000] {processor.py:840} INFO - DAG(s) '01_hello_world' retrieved from /opt/airflow/dags/dag_01_hello_world.py
[2026-06-16T12:44:19.443+0000] {logging_mixin.py:188} INFO - [2026-06-16T12:44:19.443+0000] {dag.py:3089} INFO - Sync 1 DAGs
[2026-06-16T12:44:19.464+0000] {logging_mixin.py:188} INFO - [2026-06-16T12:44:19.463+0000] {dag.py:3947} INFO - Setting next_dagrun for 01_hello_world to None, run_after=None
[2026-06-16T12:44:19.494+0000] {processor.py:183} INFO - Processing /opt/airflow/dags/dag_01_hello_world.py took 0.130 seconds
[2026-06-16T12:44:50.225+0000] {processor.py:161} INFO - Started process (PID=2278) to work on /opt/airflow/dags/dag_01_hello_world.py
[2026-06-16T12:44:50.228+0000] {processor.py:830} INFO - Processing file /opt/airflow/dags/dag_01_hello_world.py for tasks to queue
[2026-06-16T12:44:50.230+0000] {logging_mixin.py:188} INFO - [2026-06-16T12:44:50.230+0000] {dagbag.py:545} INFO - Filling up the DagBag from /opt/airflow/dags/dag_01_hello_world.py
[2026-06-16T12:44:50.242+0000] {processor.py:840} INFO - DAG(s) '01_hello_world' retrieved from /opt/airflow/dags/dag_01_hello_world.py
[2026-06-16T12:44:50.283+0000] {logging_mixin.py:188} INFO - [2026-06-16T12:44:50.283+0000] {dag.py:3089} INFO - Sync 1 DAGs
[2026-06-16T12:44:50.300+0000] {logging_mixin.py:188} INFO - [2026-06-16T12:44:50.300+0000] {dag.py:3947} INFO - Setting next_dagrun for 01_hello_world to None, run_after=None
[2026-06-16T12:44:50.329+0000] {processor.py:183} INFO - Processing /opt/airflow/dags/dag_01_hello_world.py took 0.112 seconds
[2026-06-16T12:45:20.497+0000] {processor.py:161} INFO - Started process (PID=2318) to work on /opt/airflow/dags/dag_01_hello_world.py
[2026-06-16T12:45:20.498+0000] {processor.py:830} INFO - Processing file /opt/airflow/dags/dag_01_hello_world.py for tasks to queue
[2026-06-16T12:45:20.501+0000] {logging_mixin.py:188} INFO - [2026-06-16T12:45:20.501+0000] {dagbag.py:545} INFO - Filling up the DagBag from /opt/airflow/dags/dag_01_hello_world.py
[2026-06-16T12:45:20.510+0000] {processor.py:840} INFO - DAG(s) '01_hello_world' retrieved from /opt/airflow/dags/dag_01_hello_world.py
[2026-06-16T12:45:20.555+0000] {logging_mixin.py:188} INFO - [2026-06-16T12:45:20.554+0000] {dag.py:3089} INFO - Sync 1 DAGs
[2026-06-16T12:45:20.569+0000] {logging_mixin.py:188} INFO - [2026-06-16T12:45:20.568+0000] {dag.py:3947} INFO - Setting next_dagrun for 01_hello_world to None, run_after=None
[2026-06-16T12:45:20.594+0000] {processor.py:183} INFO - Processing /opt/airflow/dags/dag_01_hello_world.py took 0.106 seconds
[2026-06-16T12:45:51.518+0000] {processor.py:161} INFO - Started process (PID=2358) to work on /opt/airflow/dags/dag_01_hello_world.py
[2026-06-16T12:45:51.521+0000] {processor.py:830} INFO - Processing file /opt/airflow/dags/dag_01_hello_world.py for tasks to queue
[2026-06-16T12:45:51.525+0000] {logging_mixin.py:188} INFO - [2026-06-16T12:45:51.524+0000] {dagbag.py:545} INFO - Filling up the DagBag from /opt/airflow/dags/dag_01_hello_world.py
[2026-06-16T12:45:51.538+0000] {processor.py:840} INFO - DAG(s) '01_hello_world' retrieved from /opt/airflow/dags/dag_01_hello_world.py
[2026-06-16T12:45:51.592+0000] {logging_mixin.py:188} INFO - [2026-06-16T12:45:51.592+0000] {dag.py:3089} INFO - Sync 1 DAGs
[2026-06-16T12:45:51.618+0000] {logging_mixin.py:188} INFO - [2026-06-16T12:45:51.618+0000] {dag.py:3947} INFO - Setting next_dagrun for 01_hello_world to None, run_after=None
[2026-06-16T12:45:51.650+0000] {processor.py:183} INFO - Processing /opt/airflow/dags/dag_01_hello_world.py took 0.147 seconds
[2026-06-16T12:46:21.770+0000] {processor.py:161} INFO - Started process (PID=2398) to work on /opt/airflow/dags/dag_01_hello_world.py
[2026-06-16T12:46:21.772+0000] {processor.py:830} INFO - Processing file /opt/airflow/dags/dag_01_hello_world.py for tasks to queue
[2026-06-16T12:46:21.774+0000] {logging_mixin.py:188} INFO - [2026-06-16T12:46:21.774+0000] {dagbag.py:545} INFO - Filling up the DagBag from /opt/airflow/dags/dag_01_hello_world.py
[2026-06-16T12:46:21.783+0000] {processor.py:840} INFO - DAG(s) '01_hello_world' retrieved from /opt/airflow/dags/dag_01_hello_world.py
[2026-06-16T12:46:21.826+0000] {logging_mixin.py:188} INFO - [2026-06-16T12:46:21.825+0000] {dag.py:3089} INFO - Sync 1 DAGs
[2026-06-16T12:46:21.843+0000] {logging_mixin.py:188} INFO - [2026-06-16T12:46:21.842+0000] {dag.py:3947} INFO - Setting next_dagrun for 01_hello_world to None, run_after=None
[2026-06-16T12:46:21.876+0000] {processor.py:183} INFO - Processing /opt/airflow/dags/dag_01_hello_world.py took 0.114 seconds
[2026-06-16T12:46:52.012+0000] {processor.py:161} INFO - Started process (PID=2438) to work on /opt/airflow/dags/dag_01_hello_world.py
[2026-06-16T12:46:52.013+0000] {processor.py:830} INFO - Processing file /opt/airflow/dags/dag_01_hello_world.py for tasks to queue
[2026-06-16T12:46:52.015+0000] {logging_mixin.py:188} INFO - [2026-06-16T12:46:52.015+0000] {dagbag.py:545} INFO - Filling up the DagBag from /opt/airflow/dags/dag_01_hello_world.py
[2026-06-16T12:46:52.024+0000] {processor.py:840} INFO - DAG(s) '01_hello_world' retrieved from /opt/airflow/dags/dag_01_hello_world.py
[2026-06-16T12:46:52.064+0000] {logging_mixin.py:188} INFO - [2026-06-16T12:46:52.064+0000] {dag.py:3089} INFO - Sync 1 DAGs
[2026-06-16T12:46:52.084+0000] {logging_mixin.py:188} INFO - [2026-06-16T12:46:52.083+0000] {dag.py:3947} INFO - Setting next_dagrun for 01_hello_world to None, run_after=None
[2026-06-16T12:46:52.114+0000] {processor.py:183} INFO - Processing /opt/airflow/dags/dag_01_hello_world.py took 0.109 seconds
[2026-06-16T12:47:22.329+0000] {processor.py:161} INFO - Started process (PID=2478) to work on /opt/airflow/dags/dag_01_hello_world.py
[2026-06-16T12:47:22.330+0000] {processor.py:830} INFO - Processing file /opt/airflow/dags/dag_01_hello_world.py for tasks to queue
[2026-06-16T12:47:22.333+0000] {logging_mixin.py:188} INFO - [2026-06-16T12:47:22.333+0000] {dagbag.py:545} INFO - Filling up the DagBag from /opt/airflow/dags/dag_01_hello_world.py
[2026-06-16T12:47:22.343+0000] {processor.py:840} INFO - DAG(s) '01_hello_world' retrieved from /opt/airflow/dags/dag_01_hello_world.py
[2026-06-16T12:47:22.390+0000] {logging_mixin.py:188} INFO - [2026-06-16T12:47:22.390+0000] {dag.py:3089} INFO - Sync 1 DAGs
[2026-06-16T12:47:22.406+0000] {logging_mixin.py:188} INFO - [2026-06-16T12:47:22.406+0000] {dag.py:3947} INFO - Setting next_dagrun for 01_hello_world to None, run_after=None
[2026-06-16T12:47:22.436+0000] {processor.py:183} INFO - Processing /opt/airflow/dags/dag_01_hello_world.py took 0.115 seconds
[2026-06-16T12:47:52.557+0000] {processor.py:161} INFO - Started process (PID=2518) to work on /opt/airflow/dags/dag_01_hello_world.py
[2026-06-16T12:47:52.559+0000] {processor.py:830} INFO - Processing file /opt/airflow/dags/dag_01_hello_world.py for tasks to queue
[2026-06-16T12:47:52.563+0000] {logging_mixin.py:188} INFO - [2026-06-16T12:47:52.562+0000] {dagbag.py:545} INFO - Filling up the DagBag from /opt/airflow/dags/dag_01_hello_world.py
[2026-06-16T12:47:52.580+0000] {processor.py:840} INFO - DAG(s) '01_hello_world' retrieved from /opt/airflow/dags/dag_01_hello_world.py
[2026-06-16T12:47:52.650+0000] {logging_mixin.py:188} INFO - [2026-06-16T12:47:52.649+0000] {dag.py:3089} INFO - Sync 1 DAGs
[2026-06-16T12:47:52.669+0000] {logging_mixin.py:188} INFO - [2026-06-16T12:47:52.668+0000] {dag.py:3947} INFO - Setting next_dagrun for 01_hello_world to None, run_after=None
[2026-06-16T12:47:52.698+0000] {processor.py:183} INFO - Processing /opt/airflow/dags/dag_01_hello_world.py took 0.153 seconds
[2026-06-16T12:48:23.730+0000] {processor.py:161} INFO - Started process (PID=2558) to work on /opt/airflow/dags/dag_01_hello_world.py
[2026-06-16T12:48:23.740+0000] {processor.py:830} INFO - Processing file /opt/airflow/dags/dag_01_hello_world.py for tasks to queue
[2026-06-16T12:48:23.743+0000] {logging_mixin.py:188} INFO - [2026-06-16T12:48:23.743+0000] {dagbag.py:545} INFO - Filling up the DagBag from /opt/airflow/dags/dag_01_hello_world.py
[2026-06-16T12:48:23.755+0000] {processor.py:840} INFO - DAG(s) '01_hello_world' retrieved from /opt/airflow/dags/dag_01_hello_world.py
[2026-06-16T12:48:23.798+0000] {logging_mixin.py:188} INFO - [2026-06-16T12:48:23.798+0000] {dag.py:3089} INFO - Sync 1 DAGs
[2026-06-16T12:48:23.813+0000] {logging_mixin.py:188} INFO - [2026-06-16T12:48:23.812+0000] {dag.py:3947} INFO - Setting next_dagrun for 01_hello_world to None, run_after=None
[2026-06-16T12:48:23.840+0000] {processor.py:183} INFO - Processing /opt/airflow/dags/dag_01_hello_world.py took 0.117 seconds
[2026-06-16T12:48:54.084+0000] {processor.py:161} INFO - Started process (PID=2601) to work on /opt/airflow/dags/dag_01_hello_world.py
[2026-06-16T12:48:54.086+0000] {processor.py:830} INFO - Processing file /opt/airflow/dags/dag_01_hello_world.py for tasks to queue
[2026-06-16T12:48:54.092+0000] {logging_mixin.py:188} INFO - [2026-06-16T12:48:54.091+0000] {dagbag.py:545} INFO - Filling up the DagBag from /opt/airflow/dags/dag_01_hello_world.py
[2026-06-16T12:48:54.105+0000] {processor.py:840} INFO - DAG(s) '01_hello_world' retrieved from /opt/airflow/dags/dag_01_hello_world.py
[2026-06-16T12:48:54.157+0000] {logging_mixin.py:188} INFO - [2026-06-16T12:48:54.156+0000] {dag.py:3089} INFO - Sync 1 DAGs
[2026-06-16T12:48:54.177+0000] {logging_mixin.py:188} INFO - [2026-06-16T12:48:54.177+0000] {dag.py:3947} INFO - Setting next_dagrun for 01_hello_world to None, run_after=None
[2026-06-16T12:48:54.206+0000] {processor.py:183} INFO - Processing /opt/airflow/dags/dag_01_hello_world.py took 0.131 seconds
[2026-06-16T12:49:24.715+0000] {processor.py:161} INFO - Started process (PID=2646) to work on /opt/airflow/dags/dag_01_hello_world.py
[2026-06-16T12:49:24.717+0000] {processor.py:830} INFO - Processing file /opt/airflow/dags/dag_01_hello_world.py for tasks to queue
[2026-06-16T12:49:24.721+0000] {logging_mixin.py:188} INFO - [2026-06-16T12:49:24.721+0000] {dagbag.py:545} INFO - Filling up the DagBag from /opt/airflow/dags/dag_01_hello_world.py
[2026-06-16T12:49:24.733+0000] {processor.py:840} INFO - DAG(s) '01_hello_world' retrieved from /opt/airflow/dags/dag_01_hello_world.py
[2026-06-16T12:49:24.821+0000] {logging_mixin.py:188} INFO - [2026-06-16T12:49:24.820+0000] {dag.py:3089} INFO - Sync 1 DAGs
[2026-06-16T12:49:24.852+0000] {logging_mixin.py:188} INFO - [2026-06-16T12:49:24.852+0000] {dag.py:3947} INFO - Setting next_dagrun for 01_hello_world to None, run_after=None
[2026-06-16T12:49:24.903+0000] {processor.py:183} INFO - Processing /opt/airflow/dags/dag_01_hello_world.py took 0.201 seconds
[2026-06-16T12:49:55.125+0000] {processor.py:161} INFO - Started process (PID=2686) to work on /opt/airflow/dags/dag_01_hello_world.py
[2026-06-16T12:49:55.127+0000] {processor.py:830} INFO - Processing file /opt/airflow/dags/dag_01_hello_world.py for tasks to queue
[2026-06-16T12:49:55.129+0000] {logging_mixin.py:188} INFO - [2026-06-16T12:49:55.129+0000] {dagbag.py:545} INFO - Filling up the DagBag from /opt/airflow/dags/dag_01_hello_world.py
[2026-06-16T12:49:55.138+0000] {processor.py:840} INFO - DAG(s) '01_hello_world' retrieved from /opt/airflow/dags/dag_01_hello_world.py
[2026-06-16T12:49:55.177+0000] {logging_mixin.py:188} INFO - [2026-06-16T12:49:55.177+0000] {dag.py:3089} INFO - Sync 1 DAGs
[2026-06-16T12:49:55.193+0000] {logging_mixin.py:188} INFO - [2026-06-16T12:49:55.193+0000] {dag.py:3947} INFO - Setting next_dagrun for 01_hello_world to None, run_after=None
[2026-06-16T12:49:55.216+0000] {processor.py:183} INFO - Processing /opt/airflow/dags/dag_01_hello_world.py took 0.099 seconds
[2026-06-16T12:50:25.337+0000] {processor.py:161} INFO - Started process (PID=2726) to work on /opt/airflow/dags/dag_01_hello_world.py
[2026-06-16T12:50:25.339+0000] {processor.py:830} INFO - Processing file /opt/airflow/dags/dag_01_hello_world.py for tasks to queue
[2026-06-16T12:50:25.342+0000] {logging_mixin.py:188} INFO - [2026-06-16T12:50:25.341+0000] {dagbag.py:545} INFO - Filling up the DagBag from /opt/airflow/dags/dag_01_hello_world.py
[2026-06-16T12:50:25.350+0000] {processor.py:840} INFO - DAG(s) '01_hello_world' retrieved from /opt/airflow/dags/dag_01_hello_world.py
[2026-06-16T12:50:25.398+0000] {logging_mixin.py:188} INFO - [2026-06-16T12:50:25.398+0000] {dag.py:3089} INFO - Sync 1 DAGs
[2026-06-16T12:50:25.416+0000] {logging_mixin.py:188} INFO - [2026-06-16T12:50:25.415+0000] {dag.py:3947} INFO - Setting next_dagrun for 01_hello_world to None, run_after=None
[2026-06-16T12:50:25.445+0000] {processor.py:183} INFO - Processing /opt/airflow/dags/dag_01_hello_world.py took 0.117 seconds
[2026-06-16T12:50:55.593+0000] {processor.py:161} INFO - Started process (PID=2766) to work on /opt/airflow/dags/dag_01_hello_world.py
[2026-06-16T12:50:55.595+0000] {processor.py:830} INFO - Processing file /opt/airflow/dags/dag_01_hello_world.py for tasks to queue
[2026-06-16T12:50:55.597+0000] {logging_mixin.py:188} INFO - [2026-06-16T12:50:55.597+0000] {dagbag.py:545} INFO - Filling up the DagBag from /opt/airflow/dags/dag_01_hello_world.py
[2026-06-16T12:50:55.605+0000] {processor.py:840} INFO - DAG(s) '01_hello_world' retrieved from /opt/airflow/dags/dag_01_hello_world.py
[2026-06-16T12:50:55.664+0000] {logging_mixin.py:188} INFO - [2026-06-16T12:50:55.663+0000] {dag.py:3089} INFO - Sync 1 DAGs
[2026-06-16T12:50:55.692+0000] {logging_mixin.py:188} INFO - [2026-06-16T12:50:55.692+0000] {dag.py:3947} INFO - Setting next_dagrun for 01_hello_world to None, run_after=None
[2026-06-16T12:50:55.726+0000] {processor.py:183} INFO - Processing /opt/airflow/dags/dag_01_hello_world.py took 0.140 seconds
[2026-06-16T12:51:26.095+0000] {processor.py:161} INFO - Started process (PID=2806) to work on /opt/airflow/dags/dag_01_hello_world.py
[2026-06-16T12:51:26.097+0000] {processor.py:830} INFO - Processing file /opt/airflow/dags/dag_01_hello_world.py for tasks to queue
[2026-06-16T12:51:26.099+0000] {logging_mixin.py:188} INFO - [2026-06-16T12:51:26.098+0000] {dagbag.py:545} INFO - Filling up the DagBag from /opt/airflow/dags/dag_01_hello_world.py
[2026-06-16T12:51:26.107+0000] {processor.py:840} INFO - DAG(s) '01_hello_world' retrieved from /opt/airflow/dags/dag_01_hello_world.py
[2026-06-16T12:51:26.144+0000] {logging_mixin.py:188} INFO - [2026-06-16T12:51:26.143+0000] {dag.py:3089} INFO - Sync 1 DAGs
[2026-06-16T12:51:26.157+0000] {logging_mixin.py:188} INFO - [2026-06-16T12:51:26.157+0000] {dag.py:3947} INFO - Setting next_dagrun for 01_hello_world to None, run_after=None
[2026-06-16T12:51:26.177+0000] {processor.py:183} INFO - Processing /opt/airflow/dags/dag_01_hello_world.py took 0.090 seconds
[2026-06-16T12:51:57.198+0000] {processor.py:161} INFO - Started process (PID=2846) to work on /opt/airflow/dags/dag_01_hello_world.py
[2026-06-16T12:51:57.200+0000] {processor.py:830} INFO - Processing file /opt/airflow/dags/dag_01_hello_world.py for tasks to queue
[2026-06-16T12:51:57.203+0000] {logging_mixin.py:188} INFO - [2026-06-16T12:51:57.202+0000] {dagbag.py:545} INFO - Filling up the DagBag from /opt/airflow/dags/dag_01_hello_world.py
[2026-06-16T12:51:57.214+0000] {processor.py:840} INFO - DAG(s) '01_hello_world' retrieved from /opt/airflow/dags/dag_01_hello_world.py
[2026-06-16T12:51:57.262+0000] {logging_mixin.py:188} INFO - [2026-06-16T12:51:57.262+0000] {dag.py:3089} INFO - Sync 1 DAGs
[2026-06-16T12:51:57.282+0000] {logging_mixin.py:188} INFO - [2026-06-16T12:51:57.282+0000] {dag.py:3947} INFO - Setting next_dagrun for 01_hello_world to None, run_after=None
[2026-06-16T12:51:57.313+0000] {processor.py:183} INFO - Processing /opt/airflow/dags/dag_01_hello_world.py took 0.127 seconds
[2026-06-16T12:52:27.957+0000] {processor.py:161} INFO - Started process (PID=2888) to work on /opt/airflow/dags/dag_01_hello_world.py
[2026-06-16T12:52:27.957+0000] {processor.py:830} INFO - Processing file /opt/airflow/dags/dag_01_hello_world.py for tasks to queue
[2026-06-16T12:52:27.959+0000] {logging_mixin.py:188} INFO - [2026-06-16T12:52:27.959+0000] {dagbag.py:545} INFO - Filling up the DagBag from /opt/airflow/dags/dag_01_hello_world.py
[2026-06-16T12:52:27.967+0000] {processor.py:840} INFO - DAG(s) '01_hello_world' retrieved from /opt/airflow/dags/dag_01_hello_world.py
[2026-06-16T12:52:28.006+0000] {logging_mixin.py:188} INFO - [2026-06-16T12:52:28.006+0000] {dag.py:3089} INFO - Sync 1 DAGs
[2026-06-16T12:52:28.157+0000] {logging_mixin.py:188} INFO - [2026-06-16T12:52:28.157+0000] {dag.py:3947} INFO - Setting next_dagrun for 01_hello_world to None, run_after=None
[2026-06-16T12:52:28.184+0000] {processor.py:183} INFO - Processing /opt/airflow/dags/dag_01_hello_world.py took 0.234 seconds
[2026-06-16T12:52:58.337+0000] {processor.py:161} INFO - Started process (PID=2926) to work on /opt/airflow/dags/dag_01_hello_world.py
[2026-06-16T12:52:58.339+0000] {processor.py:830} INFO - Processing file /opt/airflow/dags/dag_01_hello_world.py for tasks to queue
[2026-06-16T12:52:58.341+0000] {logging_mixin.py:188} INFO - [2026-06-16T12:52:58.341+0000] {dagbag.py:545} INFO - Filling up the DagBag from /opt/airflow/dags/dag_01_hello_world.py
[2026-06-16T12:52:58.349+0000] {processor.py:840} INFO - DAG(s) '01_hello_world' retrieved from /opt/airflow/dags/dag_01_hello_world.py
[2026-06-16T12:52:58.386+0000] {logging_mixin.py:188} INFO - [2026-06-16T12:52:58.386+0000] {dag.py:3089} INFO - Sync 1 DAGs
[2026-06-16T12:52:58.400+0000] {logging_mixin.py:188} INFO - [2026-06-16T12:52:58.399+0000] {dag.py:3947} INFO - Setting next_dagrun for 01_hello_world to None, run_after=None
[2026-06-16T12:52:58.421+0000] {processor.py:183} INFO - Processing /opt/airflow/dags/dag_01_hello_world.py took 0.092 seconds
[2026-06-16T12:53:29.183+0000] {processor.py:161} INFO - Started process (PID=2968) to work on /opt/airflow/dags/dag_01_hello_world.py
[2026-06-16T12:53:29.184+0000] {processor.py:830} INFO - Processing file /opt/airflow/dags/dag_01_hello_world.py for tasks to queue
[2026-06-16T12:53:29.188+0000] {logging_mixin.py:188} INFO - [2026-06-16T12:53:29.188+0000] {dagbag.py:545} INFO - Filling up the DagBag from /opt/airflow/dags/dag_01_hello_world.py
[2026-06-16T12:53:29.198+0000] {processor.py:840} INFO - DAG(s) '01_hello_world' retrieved from /opt/airflow/dags/dag_01_hello_world.py
[2026-06-16T12:53:29.242+0000] {logging_mixin.py:188} INFO - [2026-06-16T12:53:29.241+0000] {dag.py:3089} INFO - Sync 1 DAGs
[2026-06-16T12:53:29.257+0000] {logging_mixin.py:188} INFO - [2026-06-16T12:53:29.257+0000] {dag.py:3947} INFO - Setting next_dagrun for 01_hello_world to None, run_after=None
[2026-06-16T12:53:29.281+0000] {processor.py:183} INFO - Processing /opt/airflow/dags/dag_01_hello_world.py took 0.107 seconds
[2026-06-16T12:53:59.350+0000] {processor.py:161} INFO - Started process (PID=3006) to work on /opt/airflow/dags/dag_01_hello_world.py
[2026-06-16T12:53:59.351+0000] {processor.py:830} INFO - Processing file /opt/airflow/dags/dag_01_hello_world.py for tasks to queue
[2026-06-16T12:53:59.354+0000] {logging_mixin.py:188} INFO - [2026-06-16T12:53:59.353+0000] {dagbag.py:545} INFO - Filling up the DagBag from /opt/airflow/dags/dag_01_hello_world.py
[2026-06-16T12:53:59.362+0000] {processor.py:840} INFO - DAG(s) '01_hello_world' retrieved from /opt/airflow/dags/dag_01_hello_world.py
[2026-06-16T12:53:59.406+0000] {logging_mixin.py:188} INFO - [2026-06-16T12:53:59.406+0000] {dag.py:3089} INFO - Sync 1 DAGs
[2026-06-16T12:53:59.423+0000] {logging_mixin.py:188} INFO - [2026-06-16T12:53:59.422+0000] {dag.py:3947} INFO - Setting next_dagrun for 01_hello_world to None, run_after=None
[2026-06-16T12:53:59.449+0000] {processor.py:183} INFO - Processing /opt/airflow/dags/dag_01_hello_world.py took 0.106 seconds
[2026-06-16T12:54:29.546+0000] {processor.py:161} INFO - Started process (PID=3046) to work on /opt/airflow/dags/dag_01_hello_world.py
[2026-06-16T12:54:29.548+0000] {processor.py:830} INFO - Processing file /opt/airflow/dags/dag_01_hello_world.py for tasks to queue
[2026-06-16T12:54:29.551+0000] {logging_mixin.py:188} INFO - [2026-06-16T12:54:29.550+0000] {dagbag.py:545} INFO - Filling up the DagBag from /opt/airflow/dags/dag_01_hello_world.py
[2026-06-16T12:54:29.563+0000] {processor.py:840} INFO - DAG(s) '01_hello_world' retrieved from /opt/airflow/dags/dag_01_hello_world.py
[2026-06-16T12:54:29.618+0000] {logging_mixin.py:188} INFO - [2026-06-16T12:54:29.618+0000] {dag.py:3089} INFO - Sync 1 DAGs
[2026-06-16T12:54:29.636+0000] {logging_mixin.py:188} INFO - [2026-06-16T12:54:29.636+0000] {dag.py:3947} INFO - Setting next_dagrun for 01_hello_world to None, run_after=None
[2026-06-16T12:54:29.662+0000] {processor.py:183} INFO - Processing /opt/airflow/dags/dag_01_hello_world.py took 0.129 seconds
[2026-06-16T12:54:59.796+0000] {processor.py:161} INFO - Started process (PID=3086) to work on /opt/airflow/dags/dag_01_hello_world.py
[2026-06-16T12:54:59.798+0000] {processor.py:830} INFO - Processing file /opt/airflow/dags/dag_01_hello_world.py for tasks to queue
[2026-06-16T12:54:59.800+0000] {logging_mixin.py:188} INFO - [2026-06-16T12:54:59.800+0000] {dagbag.py:545} INFO - Filling up the DagBag from /opt/airflow/dags/dag_01_hello_world.py
[2026-06-16T12:54:59.809+0000] {processor.py:840} INFO - DAG(s) '01_hello_world' retrieved from /opt/airflow/dags/dag_01_hello_world.py
[2026-06-16T12:54:59.860+0000] {logging_mixin.py:188} INFO - [2026-06-16T12:54:59.859+0000] {dag.py:3089} INFO - Sync 1 DAGs
[2026-06-16T12:54:59.876+0000] {logging_mixin.py:188} INFO - [2026-06-16T12:54:59.876+0000] {dag.py:3947} INFO - Setting next_dagrun for 01_hello_world to None, run_after=None
[2026-06-16T12:54:59.904+0000] {processor.py:183} INFO - Processing /opt/airflow/dags/dag_01_hello_world.py took 0.118 seconds
[2026-06-16T12:55:29.987+0000] {processor.py:161} INFO - Started process (PID=3126) to work on /opt/airflow/dags/dag_01_hello_world.py
[2026-06-16T12:55:29.988+0000] {processor.py:830} INFO - Processing file /opt/airflow/dags/dag_01_hello_world.py for tasks to queue
[2026-06-16T12:55:29.990+0000] {logging_mixin.py:188} INFO - [2026-06-16T12:55:29.990+0000] {dagbag.py:545} INFO - Filling up the DagBag from /opt/airflow/dags/dag_01_hello_world.py
[2026-06-16T12:55:29.998+0000] {processor.py:840} INFO - DAG(s) '01_hello_world' retrieved from /opt/airflow/dags/dag_01_hello_world.py
[2026-06-16T12:55:30.038+0000] {logging_mixin.py:188} INFO - [2026-06-16T12:55:30.038+0000] {dag.py:3089} INFO - Sync 1 DAGs
[2026-06-16T12:55:30.052+0000] {logging_mixin.py:188} INFO - [2026-06-16T12:55:30.052+0000] {dag.py:3947} INFO - Setting next_dagrun for 01_hello_world to None, run_after=None
[2026-06-16T12:55:30.076+0000] {processor.py:183} INFO - Processing /opt/airflow/dags/dag_01_hello_world.py took 0.097 seconds
[2026-06-16T12:56:00.196+0000] {processor.py:161} INFO - Started process (PID=3166) to work on /opt/airflow/dags/dag_01_hello_world.py
[2026-06-16T12:56:00.198+0000] {processor.py:830} INFO - Processing file /opt/airflow/dags/dag_01_hello_world.py for tasks to queue
[2026-06-16T12:56:00.200+0000] {logging_mixin.py:188} INFO - [2026-06-16T12:56:00.200+0000] {dagbag.py:545} INFO - Filling up the DagBag from /opt/airflow/dags/dag_01_hello_world.py
[2026-06-16T12:56:00.211+0000] {processor.py:840} INFO - DAG(s) '01_hello_world' retrieved from /opt/airflow/dags/dag_01_hello_world.py
[2026-06-16T12:56:00.255+0000] {logging_mixin.py:188} INFO - [2026-06-16T12:56:00.255+0000] {dag.py:3089} INFO - Sync 1 DAGs
[2026-06-16T12:56:00.273+0000] {logging_mixin.py:188} INFO - [2026-06-16T12:56:00.273+0000] {dag.py:3947} INFO - Setting next_dagrun for 01_hello_world to None, run_after=None
[2026-06-16T12:56:00.298+0000] {processor.py:183} INFO - Processing /opt/airflow/dags/dag_01_hello_world.py took 0.112 seconds
[2026-06-16T12:56:30.469+0000] {processor.py:161} INFO - Started process (PID=3206) to work on /opt/airflow/dags/dag_01_hello_world.py
[2026-06-16T12:56:30.471+0000] {processor.py:830} INFO - Processing file /opt/airflow/dags/dag_01_hello_world.py for tasks to queue
[2026-06-16T12:56:30.474+0000] {logging_mixin.py:188} INFO - [2026-06-16T12:56:30.473+0000] {dagbag.py:545} INFO - Filling up the DagBag from /opt/airflow/dags/dag_01_hello_world.py
[2026-06-16T12:56:30.486+0000] {processor.py:840} INFO - DAG(s) '01_hello_world' retrieved from /opt/airflow/dags/dag_01_hello_world.py
[2026-06-16T12:56:30.541+0000] {logging_mixin.py:188} INFO - [2026-06-16T12:56:30.540+0000] {dag.py:3089} INFO - Sync 1 DAGs
[2026-06-16T12:56:30.556+0000] {logging_mixin.py:188} INFO - [2026-06-16T12:56:30.556+0000] {dag.py:3947} INFO - Setting next_dagrun for 01_hello_world to None, run_after=None
[2026-06-16T12:56:30.582+0000] {processor.py:183} INFO - Processing /opt/airflow/dags/dag_01_hello_world.py took 0.125 seconds
[2026-06-16T12:57:00.848+0000] {processor.py:161} INFO - Started process (PID=3246) to work on /opt/airflow/dags/dag_01_hello_world.py
[2026-06-16T12:57:00.849+0000] {processor.py:830} INFO - Processing file /opt/airflow/dags/dag_01_hello_world.py for tasks to queue
[2026-06-16T12:57:00.852+0000] {logging_mixin.py:188} INFO - [2026-06-16T12:57:00.852+0000] {dagbag.py:545} INFO - Filling up the DagBag from /opt/airflow/dags/dag_01_hello_world.py
[2026-06-16T12:57:00.870+0000] {processor.py:840} INFO - DAG(s) '01_hello_world' retrieved from /opt/airflow/dags/dag_01_hello_world.py
[2026-06-16T12:57:00.938+0000] {logging_mixin.py:188} INFO - [2026-06-16T12:57:00.937+0000] {dag.py:3089} INFO - Sync 1 DAGs
[2026-06-16T12:57:00.961+0000] {logging_mixin.py:188} INFO - [2026-06-16T12:57:00.961+0000] {dag.py:3947} INFO - Setting next_dagrun for 01_hello_world to None, run_after=None
[2026-06-16T12:57:00.990+0000] {processor.py:183} INFO - Processing /opt/airflow/dags/dag_01_hello_world.py took 0.157 seconds
[2026-06-16T12:57:31.878+0000] {processor.py:161} INFO - Started process (PID=3286) to work on /opt/airflow/dags/dag_01_hello_world.py
[2026-06-16T12:57:31.880+0000] {processor.py:830} INFO - Processing file /opt/airflow/dags/dag_01_hello_world.py for tasks to queue
[2026-06-16T12:57:31.882+0000] {logging_mixin.py:188} INFO - [2026-06-16T12:57:31.882+0000] {dagbag.py:545} INFO - Filling up the DagBag from /opt/airflow/dags/dag_01_hello_world.py
[2026-06-16T12:57:31.890+0000] {processor.py:840} INFO - DAG(s) '01_hello_world' retrieved from /opt/airflow/dags/dag_01_hello_world.py
[2026-06-16T12:57:31.932+0000] {logging_mixin.py:188} INFO - [2026-06-16T12:57:31.932+0000] {dag.py:3089} INFO - Sync 1 DAGs
[2026-06-16T12:57:31.947+0000] {logging_mixin.py:188} INFO - [2026-06-16T12:57:31.947+0000] {dag.py:3947} INFO - Setting next_dagrun for 01_hello_world to None, run_after=None
[2026-06-16T12:57:31.973+0000] {processor.py:183} INFO - Processing /opt/airflow/dags/dag_01_hello_world.py took 0.102 seconds
[2026-06-16T12:58:02.949+0000] {processor.py:161} INFO - Started process (PID=3326) to work on /opt/airflow/dags/dag_01_hello_world.py
[2026-06-16T12:58:02.950+0000] {processor.py:830} INFO - Processing file /opt/airflow/dags/dag_01_hello_world.py for tasks to queue
[2026-06-16T12:58:02.952+0000] {logging_mixin.py:188} INFO - [2026-06-16T12:58:02.952+0000] {dagbag.py:545} INFO - Filling up the DagBag from /opt/airflow/dags/dag_01_hello_world.py
[2026-06-16T12:58:02.963+0000] {processor.py:840} INFO - DAG(s) '01_hello_world' retrieved from /opt/airflow/dags/dag_01_hello_world.py
[2026-06-16T12:58:03.009+0000] {logging_mixin.py:188} INFO - [2026-06-16T12:58:03.009+0000] {dag.py:3089} INFO - Sync 1 DAGs
[2026-06-16T12:58:03.028+0000] {logging_mixin.py:188} INFO - [2026-06-16T12:58:03.028+0000] {dag.py:3947} INFO - Setting next_dagrun for 01_hello_world to None, run_after=None
[2026-06-16T12:58:03.057+0000] {processor.py:183} INFO - Processing /opt/airflow/dags/dag_01_hello_world.py took 0.117 seconds
[2026-06-16T12:58:33.167+0000] {processor.py:161} INFO - Started process (PID=3366) to work on /opt/airflow/dags/dag_01_hello_world.py
[2026-06-16T12:58:33.168+0000] {processor.py:830} INFO - Processing file /opt/airflow/dags/dag_01_hello_world.py for tasks to queue
[2026-06-16T12:58:33.170+0000] {logging_mixin.py:188} INFO - [2026-06-16T12:58:33.170+0000] {dagbag.py:545} INFO - Filling up the DagBag from /opt/airflow/dags/dag_01_hello_world.py
[2026-06-16T12:58:33.180+0000] {processor.py:840} INFO - DAG(s) '01_hello_world' retrieved from /opt/airflow/dags/dag_01_hello_world.py
[2026-06-16T12:58:33.220+0000] {logging_mixin.py:188} INFO - [2026-06-16T12:58:33.219+0000] {dag.py:3089} INFO - Sync 1 DAGs
[2026-06-16T12:58:33.234+0000] {logging_mixin.py:188} INFO - [2026-06-16T12:58:33.234+0000] {dag.py:3947} INFO - Setting next_dagrun for 01_hello_world to None, run_after=None
[2026-06-16T12:58:33.260+0000] {processor.py:183} INFO - Processing /opt/airflow/dags/dag_01_hello_world.py took 0.103 seconds
[2026-06-16T12:59:03.348+0000] {processor.py:161} INFO - Started process (PID=3406) to work on /opt/airflow/dags/dag_01_hello_world.py
[2026-06-16T12:59:03.349+0000] {processor.py:830} INFO - Processing file /opt/airflow/dags/dag_01_hello_world.py for tasks to queue
[2026-06-16T12:59:03.351+0000] {logging_mixin.py:188} INFO - [2026-06-16T12:59:03.351+0000] {dagbag.py:545} INFO - Filling up the DagBag from /opt/airflow/dags/dag_01_hello_world.py
[2026-06-16T12:59:03.364+0000] {processor.py:840} INFO - DAG(s) '01_hello_world' retrieved from /opt/airflow/dags/dag_01_hello_world.py
[2026-06-16T12:59:03.408+0000] {logging_mixin.py:188} INFO - [2026-06-16T12:59:03.407+0000] {dag.py:3089} INFO - Sync 1 DAGs
[2026-06-16T12:59:03.426+0000] {logging_mixin.py:188} INFO - [2026-06-16T12:59:03.426+0000] {dag.py:3947} INFO - Setting next_dagrun for 01_hello_world to None, run_after=None
[2026-06-16T12:59:03.452+0000] {processor.py:183} INFO - Processing /opt/airflow/dags/dag_01_hello_world.py took 0.113 seconds
[2026-06-16T12:59:33.531+0000] {processor.py:161} INFO - Started process (PID=3446) to work on /opt/airflow/dags/dag_01_hello_world.py
[2026-06-16T12:59:33.533+0000] {processor.py:830} INFO - Processing file /opt/airflow/dags/dag_01_hello_world.py for tasks to queue
[2026-06-16T12:59:33.535+0000] {logging_mixin.py:188} INFO - [2026-06-16T12:59:33.535+0000] {dagbag.py:545} INFO - Filling up the DagBag from /opt/airflow/dags/dag_01_hello_world.py
[2026-06-16T12:59:33.545+0000] {processor.py:840} INFO - DAG(s) '01_hello_world' retrieved from /opt/airflow/dags/dag_01_hello_world.py
[2026-06-16T12:59:33.594+0000] {logging_mixin.py:188} INFO - [2026-06-16T12:59:33.594+0000] {dag.py:3089} INFO - Sync 1 DAGs
[2026-06-16T12:59:33.613+0000] {logging_mixin.py:188} INFO - [2026-06-16T12:59:33.613+0000] {dag.py:3947} INFO - Setting next_dagrun for 01_hello_world to None, run_after=None
[2026-06-16T12:59:33.641+0000] {processor.py:183} INFO - Processing /opt/airflow/dags/dag_01_hello_world.py took 0.119 seconds
[2026-06-16T13:00:03.806+0000] {processor.py:161} INFO - Started process (PID=3486) to work on /opt/airflow/dags/dag_01_hello_world.py
[2026-06-16T13:00:03.807+0000] {processor.py:830} INFO - Processing file /opt/airflow/dags/dag_01_hello_world.py for tasks to queue
[2026-06-16T13:00:03.809+0000] {logging_mixin.py:188} INFO - [2026-06-16T13:00:03.809+0000] {dagbag.py:545} INFO - Filling up the DagBag from /opt/airflow/dags/dag_01_hello_world.py
[2026-06-16T13:00:03.820+0000] {processor.py:840} INFO - DAG(s) '01_hello_world' retrieved from /opt/airflow/dags/dag_01_hello_world.py
[2026-06-16T13:00:03.865+0000] {logging_mixin.py:188} INFO - [2026-06-16T13:00:03.864+0000] {dag.py:3089} INFO - Sync 1 DAGs
[2026-06-16T13:00:03.884+0000] {logging_mixin.py:188} INFO - [2026-06-16T13:00:03.883+0000] {dag.py:3947} INFO - Setting next_dagrun for 01_hello_world to None, run_after=None
[2026-06-16T13:00:03.908+0000] {processor.py:183} INFO - Processing /opt/airflow/dags/dag_01_hello_world.py took 0.112 seconds
[2026-06-16T13:00:33.998+0000] {processor.py:161} INFO - Started process (PID=3526) to work on /opt/airflow/dags/dag_01_hello_world.py
[2026-06-16T13:00:34.000+0000] {processor.py:830} INFO - Processing file /opt/airflow/dags/dag_01_hello_world.py for tasks to queue
[2026-06-16T13:00:34.002+0000] {logging_mixin.py:188} INFO - [2026-06-16T13:00:34.002+0000] {dagbag.py:545} INFO - Filling up the DagBag from /opt/airflow/dags/dag_01_hello_world.py
[2026-06-16T13:00:34.011+0000] {processor.py:840} INFO - DAG(s) '01_hello_world' retrieved from /opt/airflow/dags/dag_01_hello_world.py
[2026-06-16T13:00:34.054+0000] {logging_mixin.py:188} INFO - [2026-06-16T13:00:34.053+0000] {dag.py:3089} INFO - Sync 1 DAGs
[2026-06-16T13:00:34.071+0000] {logging_mixin.py:188} INFO - [2026-06-16T13:00:34.071+0000] {dag.py:3947} INFO - Setting next_dagrun for 01_hello_world to None, run_after=None
[2026-06-16T13:00:34.098+0000] {processor.py:183} INFO - Processing /opt/airflow/dags/dag_01_hello_world.py took 0.108 seconds
[2026-06-16T13:01:04.179+0000] {processor.py:161} INFO - Started process (PID=3566) to work on /opt/airflow/dags/dag_01_hello_world.py
[2026-06-16T13:01:04.180+0000] {processor.py:830} INFO - Processing file /opt/airflow/dags/dag_01_hello_world.py for tasks to queue
[2026-06-16T13:01:04.185+0000] {logging_mixin.py:188} INFO - [2026-06-16T13:01:04.184+0000] {dagbag.py:545} INFO - Filling up the DagBag from /opt/airflow/dags/dag_01_hello_world.py
[2026-06-16T13:01:04.200+0000] {processor.py:840} INFO - DAG(s) '01_hello_world' retrieved from /opt/airflow/dags/dag_01_hello_world.py
[2026-06-16T13:01:04.247+0000] {logging_mixin.py:188} INFO - [2026-06-16T13:01:04.247+0000] {dag.py:3089} INFO - Sync 1 DAGs
[2026-06-16T13:01:04.267+0000] {logging_mixin.py:188} INFO - [2026-06-16T13:01:04.267+0000] {dag.py:3947} INFO - Setting next_dagrun for 01_hello_world to None, run_after=None
[2026-06-16T13:01:04.293+0000] {processor.py:183} INFO - Processing /opt/airflow/dags/dag_01_hello_world.py took 0.125 seconds
[2026-06-16T13:01:34.421+0000] {processor.py:161} INFO - Started process (PID=3606) to work on /opt/airflow/dags/dag_01_hello_world.py
[2026-06-16T13:01:34.423+0000] {processor.py:830} INFO - Processing file /opt/airflow/dags/dag_01_hello_world.py for tasks to queue
[2026-06-16T13:01:34.425+0000] {logging_mixin.py:188} INFO - [2026-06-16T13:01:34.425+0000] {dagbag.py:545} INFO - Filling up the DagBag from /opt/airflow/dags/dag_01_hello_world.py
[2026-06-16T13:01:34.436+0000] {processor.py:840} INFO - DAG(s) '01_hello_world' retrieved from /opt/airflow/dags/dag_01_hello_world.py
[2026-06-16T13:01:34.482+0000] {logging_mixin.py:188} INFO - [2026-06-16T13:01:34.482+0000] {dag.py:3089} INFO - Sync 1 DAGs
[2026-06-16T13:01:34.500+0000] {logging_mixin.py:188} INFO - [2026-06-16T13:01:34.500+0000] {dag.py:3947} INFO - Setting next_dagrun for 01_hello_world to None, run_after=None
[2026-06-16T13:01:34.526+0000] {processor.py:183} INFO - Processing /opt/airflow/dags/dag_01_hello_world.py took 0.116 seconds
[2026-06-16T13:02:04.673+0000] {processor.py:161} INFO - Started process (PID=3646) to work on /opt/airflow/dags/dag_01_hello_world.py
[2026-06-16T13:02:04.674+0000] {processor.py:830} INFO - Processing file /opt/airflow/dags/dag_01_hello_world.py for tasks to queue
[2026-06-16T13:02:04.676+0000] {logging_mixin.py:188} INFO - [2026-06-16T13:02:04.676+0000] {dagbag.py:545} INFO - Filling up the DagBag from /opt/airflow/dags/dag_01_hello_world.py
[2026-06-16T13:02:04.686+0000] {processor.py:840} INFO - DAG(s) '01_hello_world' retrieved from /opt/airflow/dags/dag_01_hello_world.py
[2026-06-16T13:02:04.730+0000] {logging_mixin.py:188} INFO - [2026-06-16T13:02:04.730+0000] {dag.py:3089} INFO - Sync 1 DAGs
[2026-06-16T13:02:04.748+0000] {logging_mixin.py:188} INFO - [2026-06-16T13:02:04.748+0000] {dag.py:3947} INFO - Setting next_dagrun for 01_hello_world to None, run_after=None
[2026-06-16T13:02:04.775+0000] {processor.py:183} INFO - Processing /opt/airflow/dags/dag_01_hello_world.py took 0.111 seconds
[2026-06-16T13:02:34.853+0000] {processor.py:161} INFO - Started process (PID=3686) to work on /opt/airflow/dags/dag_01_hello_world.py
[2026-06-16T13:02:34.855+0000] {processor.py:830} INFO - Processing file /opt/airflow/dags/dag_01_hello_world.py for tasks to queue
[2026-06-16T13:02:34.857+0000] {logging_mixin.py:188} INFO - [2026-06-16T13:02:34.857+0000] {dagbag.py:545} INFO - Filling up the DagBag from /opt/airflow/dags/dag_01_hello_world.py
[2026-06-16T13:02:34.868+0000] {processor.py:840} INFO - DAG(s) '01_hello_world' retrieved from /opt/airflow/dags/dag_01_hello_world.py
[2026-06-16T13:02:34.911+0000] {logging_mixin.py:188} INFO - [2026-06-16T13:02:34.910+0000] {dag.py:3089} INFO - Sync 1 DAGs
[2026-06-16T13:02:34.928+0000] {logging_mixin.py:188} INFO - [2026-06-16T13:02:34.928+0000] {dag.py:3947} INFO - Setting next_dagrun for 01_hello_world to None, run_after=None
[2026-06-16T13:02:34.954+0000] {processor.py:183} INFO - Processing /opt/airflow/dags/dag_01_hello_world.py took 0.109 seconds
[2026-06-16T13:03:05.037+0000] {processor.py:161} INFO - Started process (PID=3726) to work on /opt/airflow/dags/dag_01_hello_world.py
[2026-06-16T13:03:05.040+0000] {processor.py:830} INFO - Processing file /opt/airflow/dags/dag_01_hello_world.py for tasks to queue
[2026-06-16T13:03:05.042+0000] {logging_mixin.py:188} INFO - [2026-06-16T13:03:05.042+0000] {dagbag.py:545} INFO - Filling up the DagBag from /opt/airflow/dags/dag_01_hello_world.py
[2026-06-16T13:03:05.051+0000] {processor.py:840} INFO - DAG(s) '01_hello_world' retrieved from /opt/airflow/dags/dag_01_hello_world.py
[2026-06-16T13:03:05.108+0000] {logging_mixin.py:188} INFO - [2026-06-16T13:03:05.107+0000] {dag.py:3089} INFO - Sync 1 DAGs
[2026-06-16T13:03:05.126+0000] {logging_mixin.py:188} INFO - [2026-06-16T13:03:05.125+0000] {dag.py:3947} INFO - Setting next_dagrun for 01_hello_world to None, run_after=None
[2026-06-16T13:03:05.151+0000] {processor.py:183} INFO - Processing /opt/airflow/dags/dag_01_hello_world.py took 0.122 seconds
[2026-06-16T13:03:35.229+0000] {processor.py:161} INFO - Started process (PID=3766) to work on /opt/airflow/dags/dag_01_hello_world.py
[2026-06-16T13:03:35.231+0000] {processor.py:830} INFO - Processing file /opt/airflow/dags/dag_01_hello_world.py for tasks to queue
[2026-06-16T13:03:35.233+0000] {logging_mixin.py:188} INFO - [2026-06-16T13:03:35.233+0000] {dagbag.py:545} INFO - Filling up the DagBag from /opt/airflow/dags/dag_01_hello_world.py
[2026-06-16T13:03:35.242+0000] {processor.py:840} INFO - DAG(s) '01_hello_world' retrieved from /opt/airflow/dags/dag_01_hello_world.py
[2026-06-16T13:03:35.291+0000] {logging_mixin.py:188} INFO - [2026-06-16T13:03:35.291+0000] {dag.py:3089} INFO - Sync 1 DAGs
[2026-06-16T13:03:35.307+0000] {logging_mixin.py:188} INFO - [2026-06-16T13:03:35.307+0000] {dag.py:3947} INFO - Setting next_dagrun for 01_hello_world to None, run_after=None
[2026-06-16T13:03:35.334+0000] {processor.py:183} INFO - Processing /opt/airflow/dags/dag_01_hello_world.py took 0.114 seconds
[2026-06-16T13:04:05.433+0000] {processor.py:161} INFO - Started process (PID=3806) to work on /opt/airflow/dags/dag_01_hello_world.py
[2026-06-16T13:04:05.435+0000] {processor.py:830} INFO - Processing file /opt/airflow/dags/dag_01_hello_world.py for tasks to queue
[2026-06-16T13:04:05.437+0000] {logging_mixin.py:188} INFO - [2026-06-16T13:04:05.436+0000] {dagbag.py:545} INFO - Filling up the DagBag from /opt/airflow/dags/dag_01_hello_world.py
[2026-06-16T13:04:05.446+0000] {processor.py:840} INFO - DAG(s) '01_hello_world' retrieved from /opt/airflow/dags/dag_01_hello_world.py
[2026-06-16T13:04:05.494+0000] {logging_mixin.py:188} INFO - [2026-06-16T13:04:05.493+0000] {dag.py:3089} INFO - Sync 1 DAGs
[2026-06-16T13:04:05.512+0000] {logging_mixin.py:188} INFO - [2026-06-16T13:04:05.511+0000] {dag.py:3947} INFO - Setting next_dagrun for 01_hello_world to None, run_after=None
[2026-06-16T13:04:05.539+0000] {processor.py:183} INFO - Processing /opt/airflow/dags/dag_01_hello_world.py took 0.115 seconds
[2026-06-16T13:04:35.670+0000] {processor.py:161} INFO - Started process (PID=3846) to work on /opt/airflow/dags/dag_01_hello_world.py
[2026-06-16T13:04:35.671+0000] {processor.py:830} INFO - Processing file /opt/airflow/dags/dag_01_hello_world.py for tasks to queue
[2026-06-16T13:04:35.673+0000] {logging_mixin.py:188} INFO - [2026-06-16T13:04:35.672+0000] {dagbag.py:545} INFO - Filling up the DagBag from /opt/airflow/dags/dag_01_hello_world.py
[2026-06-16T13:04:35.681+0000] {processor.py:840} INFO - DAG(s) '01_hello_world' retrieved from /opt/airflow/dags/dag_01_hello_world.py
[2026-06-16T13:04:35.722+0000] {logging_mixin.py:188} INFO - [2026-06-16T13:04:35.722+0000] {dag.py:3089} INFO - Sync 1 DAGs
[2026-06-16T13:04:35.737+0000] {logging_mixin.py:188} INFO - [2026-06-16T13:04:35.737+0000] {dag.py:3947} INFO - Setting next_dagrun for 01_hello_world to None, run_after=None
[2026-06-16T13:04:35.764+0000] {processor.py:183} INFO - Processing /opt/airflow/dags/dag_01_hello_world.py took 0.103 seconds
[2026-06-16T13:05:05.840+0000] {processor.py:161} INFO - Started process (PID=3886) to work on /opt/airflow/dags/dag_01_hello_world.py
[2026-06-16T13:05:05.841+0000] {processor.py:830} INFO - Processing file /opt/airflow/dags/dag_01_hello_world.py for tasks to queue
[2026-06-16T13:05:05.843+0000] {logging_mixin.py:188} INFO - [2026-06-16T13:05:05.843+0000] {dagbag.py:545} INFO - Filling up the DagBag from /opt/airflow/dags/dag_01_hello_world.py
[2026-06-16T13:05:05.852+0000] {processor.py:840} INFO - DAG(s) '01_hello_world' retrieved from /opt/airflow/dags/dag_01_hello_world.py
[2026-06-16T13:05:05.891+0000] {logging_mixin.py:188} INFO - [2026-06-16T13:05:05.890+0000] {dag.py:3089} INFO - Sync 1 DAGs
[2026-06-16T13:05:05.905+0000] {logging_mixin.py:188} INFO - [2026-06-16T13:05:05.905+0000] {dag.py:3947} INFO - Setting next_dagrun for 01_hello_world to None, run_after=None
[2026-06-16T13:05:05.931+0000] {processor.py:183} INFO - Processing /opt/airflow/dags/dag_01_hello_world.py took 0.100 seconds
[2026-06-16T13:05:36.004+0000] {processor.py:161} INFO - Started process (PID=3926) to work on /opt/airflow/dags/dag_01_hello_world.py
[2026-06-16T13:05:36.006+0000] {processor.py:830} INFO - Processing file /opt/airflow/dags/dag_01_hello_world.py for tasks to queue
[2026-06-16T13:05:36.008+0000] {logging_mixin.py:188} INFO - [2026-06-16T13:05:36.008+0000] {dagbag.py:545} INFO - Filling up the DagBag from /opt/airflow/dags/dag_01_hello_world.py
[2026-06-16T13:05:36.016+0000] {processor.py:840} INFO - DAG(s) '01_hello_world' retrieved from /opt/airflow/dags/dag_01_hello_world.py
[2026-06-16T13:05:36.056+0000] {logging_mixin.py:188} INFO - [2026-06-16T13:05:36.056+0000] {dag.py:3089} INFO - Sync 1 DAGs
[2026-06-16T13:05:36.070+0000] {logging_mixin.py:188} INFO - [2026-06-16T13:05:36.070+0000] {dag.py:3947} INFO - Setting next_dagrun for 01_hello_world to None, run_after=None
[2026-06-16T13:05:36.097+0000] {processor.py:183} INFO - Processing /opt/airflow/dags/dag_01_hello_world.py took 0.100 seconds
[2026-06-16T13:06:07.038+0000] {processor.py:161} INFO - Started process (PID=3966) to work on /opt/airflow/dags/dag_01_hello_world.py
[2026-06-16T13:06:07.039+0000] {processor.py:830} INFO - Processing file /opt/airflow/dags/dag_01_hello_world.py for tasks to queue
[2026-06-16T13:06:07.042+0000] {logging_mixin.py:188} INFO - [2026-06-16T13:06:07.041+0000] {dagbag.py:545} INFO - Filling up the DagBag from /opt/airflow/dags/dag_01_hello_world.py
[2026-06-16T13:06:07.052+0000] {processor.py:840} INFO - DAG(s) '01_hello_world' retrieved from /opt/airflow/dags/dag_01_hello_world.py
[2026-06-16T13:06:07.094+0000] {logging_mixin.py:188} INFO - [2026-06-16T13:06:07.093+0000] {dag.py:3089} INFO - Sync 1 DAGs
[2026-06-16T13:06:07.113+0000] {logging_mixin.py:188} INFO - [2026-06-16T13:06:07.113+0000] {dag.py:3947} INFO - Setting next_dagrun for 01_hello_world to None, run_after=None
[2026-06-16T13:06:07.139+0000] {processor.py:183} INFO - Processing /opt/airflow/dags/dag_01_hello_world.py took 0.111 seconds
[2026-06-16T13:06:37.971+0000] {processor.py:161} INFO - Started process (PID=4006) to work on /opt/airflow/dags/dag_01_hello_world.py
[2026-06-16T13:06:37.973+0000] {processor.py:830} INFO - Processing file /opt/airflow/dags/dag_01_hello_world.py for tasks to queue
[2026-06-16T13:06:37.975+0000] {logging_mixin.py:188} INFO - [2026-06-16T13:06:37.975+0000] {dagbag.py:545} INFO - Filling up the DagBag from /opt/airflow/dags/dag_01_hello_world.py
[2026-06-16T13:06:37.986+0000] {processor.py:840} INFO - DAG(s) '01_hello_world' retrieved from /opt/airflow/dags/dag_01_hello_world.py
[2026-06-16T13:06:38.029+0000] {logging_mixin.py:188} INFO - [2026-06-16T13:06:38.029+0000] {dag.py:3089} INFO - Sync 1 DAGs
[2026-06-16T13:06:38.049+0000] {logging_mixin.py:188} INFO - [2026-06-16T13:06:38.049+0000] {dag.py:3947} INFO - Setting next_dagrun for 01_hello_world to None, run_after=None
[2026-06-16T13:06:38.074+0000] {processor.py:183} INFO - Processing /opt/airflow/dags/dag_01_hello_world.py took 0.111 seconds
[2026-06-16T13:07:08.188+0000] {processor.py:161} INFO - Started process (PID=4046) to work on /opt/airflow/dags/dag_01_hello_world.py
[2026-06-16T13:07:08.190+0000] {processor.py:830} INFO - Processing file /opt/airflow/dags/dag_01_hello_world.py for tasks to queue
[2026-06-16T13:07:08.192+0000] {logging_mixin.py:188} INFO - [2026-06-16T13:07:08.192+0000] {dagbag.py:545} INFO - Filling up the DagBag from /opt/airflow/dags/dag_01_hello_world.py
[2026-06-16T13:07:08.202+0000] {processor.py:840} INFO - DAG(s) '01_hello_world' retrieved from /opt/airflow/dags/dag_01_hello_world.py
[2026-06-16T13:07:08.244+0000] {logging_mixin.py:188} INFO - [2026-06-16T13:07:08.244+0000] {dag.py:3089} INFO - Sync 1 DAGs
[2026-06-16T13:07:08.262+0000] {logging_mixin.py:188} INFO - [2026-06-16T13:07:08.262+0000] {dag.py:3947} INFO - Setting next_dagrun for 01_hello_world to None, run_after=None
[2026-06-16T13:07:08.287+0000] {processor.py:183} INFO - Processing /opt/airflow/dags/dag_01_hello_world.py took 0.110 seconds
[2026-06-16T13:07:38.362+0000] {processor.py:161} INFO - Started process (PID=4086) to work on /opt/airflow/dags/dag_01_hello_world.py
[2026-06-16T13:07:38.363+0000] {processor.py:830} INFO - Processing file /opt/airflow/dags/dag_01_hello_world.py for tasks to queue
[2026-06-16T13:07:38.365+0000] {logging_mixin.py:188} INFO - [2026-06-16T13:07:38.365+0000] {dagbag.py:545} INFO - Filling up the DagBag from /opt/airflow/dags/dag_01_hello_world.py
[2026-06-16T13:07:38.375+0000] {processor.py:840} INFO - DAG(s) '01_hello_world' retrieved from /opt/airflow/dags/dag_01_hello_world.py
[2026-06-16T13:07:38.416+0000] {logging_mixin.py:188} INFO - [2026-06-16T13:07:38.416+0000] {dag.py:3089} INFO - Sync 1 DAGs
[2026-06-16T13:07:38.431+0000] {logging_mixin.py:188} INFO - [2026-06-16T13:07:38.431+0000] {dag.py:3947} INFO - Setting next_dagrun for 01_hello_world to None, run_after=None
[2026-06-16T13:07:38.457+0000] {processor.py:183} INFO - Processing /opt/airflow/dags/dag_01_hello_world.py took 0.103 seconds
[2026-06-16T13:08:08.636+0000] {processor.py:161} INFO - Started process (PID=4126) to work on /opt/airflow/dags/dag_01_hello_world.py
[2026-06-16T13:08:08.637+0000] {processor.py:830} INFO - Processing file /opt/airflow/dags/dag_01_hello_world.py for tasks to queue
[2026-06-16T13:08:08.639+0000] {logging_mixin.py:188} INFO - [2026-06-16T13:08:08.638+0000] {dagbag.py:545} INFO - Filling up the DagBag from /opt/airflow/dags/dag_01_hello_world.py
[2026-06-16T13:08:08.649+0000] {processor.py:840} INFO - DAG(s) '01_hello_world' retrieved from /opt/airflow/dags/dag_01_hello_world.py
[2026-06-16T13:08:08.689+0000] {logging_mixin.py:188} INFO - [2026-06-16T13:08:08.689+0000] {dag.py:3089} INFO - Sync 1 DAGs
[2026-06-16T13:08:08.706+0000] {logging_mixin.py:188} INFO - [2026-06-16T13:08:08.706+0000] {dag.py:3947} INFO - Setting next_dagrun for 01_hello_world to None, run_after=None
[2026-06-16T13:08:08.734+0000] {processor.py:183} INFO - Processing /opt/airflow/dags/dag_01_hello_world.py took 0.106 seconds
[2026-06-16T13:08:38.824+0000] {processor.py:161} INFO - Started process (PID=4166) to work on /opt/airflow/dags/dag_01_hello_world.py
[2026-06-16T13:08:38.826+0000] {processor.py:830} INFO - Processing file /opt/airflow/dags/dag_01_hello_world.py for tasks to queue
[2026-06-16T13:08:38.828+0000] {logging_mixin.py:188} INFO - [2026-06-16T13:08:38.828+0000] {dagbag.py:545} INFO - Filling up the DagBag from /opt/airflow/dags/dag_01_hello_world.py
[2026-06-16T13:08:38.839+0000] {processor.py:840} INFO - DAG(s) '01_hello_world' retrieved from /opt/airflow/dags/dag_01_hello_world.py
[2026-06-16T13:08:38.887+0000] {logging_mixin.py:188} INFO - [2026-06-16T13:08:38.887+0000] {dag.py:3089} INFO - Sync 1 DAGs
[2026-06-16T13:08:38.905+0000] {logging_mixin.py:188} INFO - [2026-06-16T13:08:38.904+0000] {dag.py:3947} INFO - Setting next_dagrun for 01_hello_world to None, run_after=None
[2026-06-16T13:08:38.930+0000] {processor.py:183} INFO - Processing /opt/airflow/dags/dag_01_hello_world.py took 0.114 seconds
[2026-06-16T13:09:08.991+0000] {processor.py:161} INFO - Started process (PID=4206) to work on /opt/airflow/dags/dag_01_hello_world.py
[2026-06-16T13:09:08.992+0000] {processor.py:830} INFO - Processing file /opt/airflow/dags/dag_01_hello_world.py for tasks to queue
[2026-06-16T13:09:08.994+0000] {logging_mixin.py:188} INFO - [2026-06-16T13:09:08.994+0000] {dagbag.py:545} INFO - Filling up the DagBag from /opt/airflow/dags/dag_01_hello_world.py
[2026-06-16T13:09:09.005+0000] {processor.py:840} INFO - DAG(s) '01_hello_world' retrieved from /opt/airflow/dags/dag_01_hello_world.py
[2026-06-16T13:09:09.047+0000] {logging_mixin.py:188} INFO - [2026-06-16T13:09:09.047+0000] {dag.py:3089} INFO - Sync 1 DAGs
[2026-06-16T13:09:09.062+0000] {logging_mixin.py:188} INFO - [2026-06-16T13:09:09.062+0000] {dag.py:3947} INFO - Setting next_dagrun for 01_hello_world to None, run_after=None
[2026-06-16T13:09:09.090+0000] {processor.py:183} INFO - Processing /opt/airflow/dags/dag_01_hello_world.py took 0.108 seconds
[2026-06-16T13:09:39.131+0000] {processor.py:161} INFO - Started process (PID=4243) to work on /opt/airflow/dags/dag_01_hello_world.py
[2026-06-16T13:09:39.141+0000] {processor.py:830} INFO - Processing file /opt/airflow/dags/dag_01_hello_world.py for tasks to queue
[2026-06-16T13:09:39.143+0000] {logging_mixin.py:188} INFO - [2026-06-16T13:09:39.143+0000] {dagbag.py:545} INFO - Filling up the DagBag from /opt/airflow/dags/dag_01_hello_world.py
[2026-06-16T13:09:39.151+0000] {processor.py:840} INFO - DAG(s) '01_hello_world' retrieved from /opt/airflow/dags/dag_01_hello_world.py
[2026-06-16T13:09:39.190+0000] {logging_mixin.py:188} INFO - [2026-06-16T13:09:39.189+0000] {dag.py:3089} INFO - Sync 1 DAGs
[2026-06-16T13:09:39.205+0000] {logging_mixin.py:188} INFO - [2026-06-16T13:09:39.205+0000] {dag.py:3947} INFO - Setting next_dagrun for 01_hello_world to None, run_after=None
[2026-06-16T13:09:39.232+0000] {processor.py:183} INFO - Processing /opt/airflow/dags/dag_01_hello_world.py took 0.109 seconds
[2026-06-16T13:10:09.296+0000] {processor.py:161} INFO - Started process (PID=4283) to work on /opt/airflow/dags/dag_01_hello_world.py
[2026-06-16T13:10:09.297+0000] {processor.py:830} INFO - Processing file /opt/airflow/dags/dag_01_hello_world.py for tasks to queue
[2026-06-16T13:10:09.300+0000] {logging_mixin.py:188} INFO - [2026-06-16T13:10:09.299+0000] {dagbag.py:545} INFO - Filling up the DagBag from /opt/airflow/dags/dag_01_hello_world.py
[2026-06-16T13:10:09.311+0000] {processor.py:840} INFO - DAG(s) '01_hello_world' retrieved from /opt/airflow/dags/dag_01_hello_world.py
[2026-06-16T13:10:09.351+0000] {logging_mixin.py:188} INFO - [2026-06-16T13:10:09.350+0000] {dag.py:3089} INFO - Sync 1 DAGs
[2026-06-16T13:10:09.367+0000] {logging_mixin.py:188} INFO - [2026-06-16T13:10:09.367+0000] {dag.py:3947} INFO - Setting next_dagrun for 01_hello_world to None, run_after=None
[2026-06-16T13:10:09.392+0000] {processor.py:183} INFO - Processing /opt/airflow/dags/dag_01_hello_world.py took 0.103 seconds
[2026-06-16T13:10:39.473+0000] {processor.py:161} INFO - Started process (PID=4323) to work on /opt/airflow/dags/dag_01_hello_world.py
[2026-06-16T13:10:39.484+0000] {processor.py:830} INFO - Processing file /opt/airflow/dags/dag_01_hello_world.py for tasks to queue
[2026-06-16T13:10:39.486+0000] {logging_mixin.py:188} INFO - [2026-06-16T13:10:39.486+0000] {dagbag.py:545} INFO - Filling up the DagBag from /opt/airflow/dags/dag_01_hello_world.py
[2026-06-16T13:10:39.495+0000] {processor.py:840} INFO - DAG(s) '01_hello_world' retrieved from /opt/airflow/dags/dag_01_hello_world.py
[2026-06-16T13:10:39.531+0000] {logging_mixin.py:188} INFO - [2026-06-16T13:10:39.531+0000] {dag.py:3089} INFO - Sync 1 DAGs
[2026-06-16T13:10:39.545+0000] {logging_mixin.py:188} INFO - [2026-06-16T13:10:39.544+0000] {dag.py:3947} INFO - Setting next_dagrun for 01_hello_world to None, run_after=None
[2026-06-16T13:10:39.571+0000] {processor.py:183} INFO - Processing /opt/airflow/dags/dag_01_hello_world.py took 0.106 seconds
[2026-06-16T13:11:09.641+0000] {processor.py:161} INFO - Started process (PID=4363) to work on /opt/airflow/dags/dag_01_hello_world.py
[2026-06-16T13:11:09.642+0000] {processor.py:830} INFO - Processing file /opt/airflow/dags/dag_01_hello_world.py for tasks to queue
[2026-06-16T13:11:09.645+0000] {logging_mixin.py:188} INFO - [2026-06-16T13:11:09.645+0000] {dagbag.py:545} INFO - Filling up the DagBag from /opt/airflow/dags/dag_01_hello_world.py
[2026-06-16T13:11:09.653+0000] {processor.py:840} INFO - DAG(s) '01_hello_world' retrieved from /opt/airflow/dags/dag_01_hello_world.py
[2026-06-16T13:11:09.690+0000] {logging_mixin.py:188} INFO - [2026-06-16T13:11:09.690+0000] {dag.py:3089} INFO - Sync 1 DAGs
[2026-06-16T13:11:09.704+0000] {logging_mixin.py:188} INFO - [2026-06-16T13:11:09.704+0000] {dag.py:3947} INFO - Setting next_dagrun for 01_hello_world to None, run_after=None
[2026-06-16T13:11:09.729+0000] {processor.py:183} INFO - Processing /opt/airflow/dags/dag_01_hello_world.py took 0.098 seconds
[2026-06-16T13:11:39.798+0000] {processor.py:161} INFO - Started process (PID=4403) to work on /opt/airflow/dags/dag_01_hello_world.py
[2026-06-16T13:11:39.809+0000] {processor.py:830} INFO - Processing file /opt/airflow/dags/dag_01_hello_world.py for tasks to queue
[2026-06-16T13:11:39.812+0000] {logging_mixin.py:188} INFO - [2026-06-16T13:11:39.811+0000] {dagbag.py:545} INFO - Filling up the DagBag from /opt/airflow/dags/dag_01_hello_world.py
[2026-06-16T13:11:39.821+0000] {processor.py:840} INFO - DAG(s) '01_hello_world' retrieved from /opt/airflow/dags/dag_01_hello_world.py
[2026-06-16T13:11:39.864+0000] {logging_mixin.py:188} INFO - [2026-06-16T13:11:39.863+0000] {dag.py:3089} INFO - Sync 1 DAGs
[2026-06-16T13:11:39.878+0000] {logging_mixin.py:188} INFO - [2026-06-16T13:11:39.878+0000] {dag.py:3947} INFO - Setting next_dagrun for 01_hello_world to None, run_after=None
[2026-06-16T13:11:39.902+0000] {processor.py:183} INFO - Processing /opt/airflow/dags/dag_01_hello_world.py took 0.111 seconds
[2026-06-16T13:12:10.035+0000] {processor.py:161} INFO - Started process (PID=4443) to work on /opt/airflow/dags/dag_01_hello_world.py
[2026-06-16T13:12:10.036+0000] {processor.py:830} INFO - Processing file /opt/airflow/dags/dag_01_hello_world.py for tasks to queue
[2026-06-16T13:12:10.039+0000] {logging_mixin.py:188} INFO - [2026-06-16T13:12:10.038+0000] {dagbag.py:545} INFO - Filling up the DagBag from /opt/airflow/dags/dag_01_hello_world.py
[2026-06-16T13:12:10.047+0000] {processor.py:840} INFO - DAG(s) '01_hello_world' retrieved from /opt/airflow/dags/dag_01_hello_world.py
[2026-06-16T13:12:10.083+0000] {logging_mixin.py:188} INFO - [2026-06-16T13:12:10.083+0000] {dag.py:3089} INFO - Sync 1 DAGs
[2026-06-16T13:12:10.097+0000] {logging_mixin.py:188} INFO - [2026-06-16T13:12:10.096+0000] {dag.py:3947} INFO - Setting next_dagrun for 01_hello_world to None, run_after=None
[2026-06-16T13:12:10.123+0000] {processor.py:183} INFO - Processing /opt/airflow/dags/dag_01_hello_world.py took 0.094 seconds
[2026-06-16T13:12:40.191+0000] {processor.py:161} INFO - Started process (PID=4483) to work on /opt/airflow/dags/dag_01_hello_world.py
[2026-06-16T13:12:40.202+0000] {processor.py:830} INFO - Processing file /opt/airflow/dags/dag_01_hello_world.py for tasks to queue
[2026-06-16T13:12:40.204+0000] {logging_mixin.py:188} INFO - [2026-06-16T13:12:40.204+0000] {dagbag.py:545} INFO - Filling up the DagBag from /opt/airflow/dags/dag_01_hello_world.py
[2026-06-16T13:12:40.213+0000] {processor.py:840} INFO - DAG(s) '01_hello_world' retrieved from /opt/airflow/dags/dag_01_hello_world.py
[2026-06-16T13:12:40.261+0000] {logging_mixin.py:188} INFO - [2026-06-16T13:12:40.260+0000] {dag.py:3089} INFO - Sync 1 DAGs
[2026-06-16T13:12:40.278+0000] {logging_mixin.py:188} INFO - [2026-06-16T13:12:40.278+0000] {dag.py:3947} INFO - Setting next_dagrun for 01_hello_world to None, run_after=None
[2026-06-16T13:12:40.305+0000] {processor.py:183} INFO - Processing /opt/airflow/dags/dag_01_hello_world.py took 0.121 seconds
[2026-06-16T13:13:10.390+0000] {processor.py:161} INFO - Started process (PID=4523) to work on /opt/airflow/dags/dag_01_hello_world.py
[2026-06-16T13:13:10.392+0000] {processor.py:830} INFO - Processing file /opt/airflow/dags/dag_01_hello_world.py for tasks to queue
[2026-06-16T13:13:10.394+0000] {logging_mixin.py:188} INFO - [2026-06-16T13:13:10.394+0000] {dagbag.py:545} INFO - Filling up the DagBag from /opt/airflow/dags/dag_01_hello_world.py
[2026-06-16T13:13:10.403+0000] {processor.py:840} INFO - DAG(s) '01_hello_world' retrieved from /opt/airflow/dags/dag_01_hello_world.py
[2026-06-16T13:13:10.441+0000] {logging_mixin.py:188} INFO - [2026-06-16T13:13:10.441+0000] {dag.py:3089} INFO - Sync 1 DAGs
[2026-06-16T13:13:10.454+0000] {logging_mixin.py:188} INFO - [2026-06-16T13:13:10.454+0000] {dag.py:3947} INFO - Setting next_dagrun for 01_hello_world to None, run_after=None
[2026-06-16T13:13:10.480+0000] {processor.py:183} INFO - Processing /opt/airflow/dags/dag_01_hello_world.py took 0.097 seconds
[2026-06-16T13:13:40.561+0000] {processor.py:161} INFO - Started process (PID=4563) to work on /opt/airflow/dags/dag_01_hello_world.py
[2026-06-16T13:13:40.571+0000] {processor.py:830} INFO - Processing file /opt/airflow/dags/dag_01_hello_world.py for tasks to queue
[2026-06-16T13:13:40.573+0000] {logging_mixin.py:188} INFO - [2026-06-16T13:13:40.573+0000] {dagbag.py:545} INFO - Filling up the DagBag from /opt/airflow/dags/dag_01_hello_world.py
[2026-06-16T13:13:40.581+0000] {processor.py:840} INFO - DAG(s) '01_hello_world' retrieved from /opt/airflow/dags/dag_01_hello_world.py
[2026-06-16T13:13:40.621+0000] {logging_mixin.py:188} INFO - [2026-06-16T13:13:40.621+0000] {dag.py:3089} INFO - Sync 1 DAGs
[2026-06-16T13:13:40.637+0000] {logging_mixin.py:188} INFO - [2026-06-16T13:13:40.637+0000] {dag.py:3947} INFO - Setting next_dagrun for 01_hello_world to None, run_after=None
[2026-06-16T13:13:40.660+0000] {processor.py:183} INFO - Processing /opt/airflow/dags/dag_01_hello_world.py took 0.106 seconds
[2026-06-16T13:14:10.757+0000] {processor.py:161} INFO - Started process (PID=4603) to work on /opt/airflow/dags/dag_01_hello_world.py
[2026-06-16T13:14:10.758+0000] {processor.py:830} INFO - Processing file /opt/airflow/dags/dag_01_hello_world.py for tasks to queue
[2026-06-16T13:14:10.760+0000] {logging_mixin.py:188} INFO - [2026-06-16T13:14:10.760+0000] {dagbag.py:545} INFO - Filling up the DagBag from /opt/airflow/dags/dag_01_hello_world.py
[2026-06-16T13:14:10.771+0000] {processor.py:840} INFO - DAG(s) '01_hello_world' retrieved from /opt/airflow/dags/dag_01_hello_world.py
[2026-06-16T13:14:10.815+0000] {logging_mixin.py:188} INFO - [2026-06-16T13:14:10.815+0000] {dag.py:3089} INFO - Sync 1 DAGs
[2026-06-16T13:14:10.832+0000] {logging_mixin.py:188} INFO - [2026-06-16T13:14:10.831+0000] {dag.py:3947} INFO - Setting next_dagrun for 01_hello_world to None, run_after=None
[2026-06-16T13:14:10.861+0000] {processor.py:183} INFO - Processing /opt/airflow/dags/dag_01_hello_world.py took 0.111 seconds
[2026-06-16T13:14:40.940+0000] {processor.py:161} INFO - Started process (PID=4643) to work on /opt/airflow/dags/dag_01_hello_world.py
[2026-06-16T13:14:40.942+0000] {processor.py:830} INFO - Processing file /opt/airflow/dags/dag_01_hello_world.py for tasks to queue
[2026-06-16T13:14:40.945+0000] {logging_mixin.py:188} INFO - [2026-06-16T13:14:40.944+0000] {dagbag.py:545} INFO - Filling up the DagBag from /opt/airflow/dags/dag_01_hello_world.py
[2026-06-16T13:14:40.953+0000] {processor.py:840} INFO - DAG(s) '01_hello_world' retrieved from /opt/airflow/dags/dag_01_hello_world.py
[2026-06-16T13:14:40.989+0000] {logging_mixin.py:188} INFO - [2026-06-16T13:14:40.989+0000] {dag.py:3089} INFO - Sync 1 DAGs
[2026-06-16T13:14:41.002+0000] {logging_mixin.py:188} INFO - [2026-06-16T13:14:41.002+0000] {dag.py:3947} INFO - Setting next_dagrun for 01_hello_world to None, run_after=None
[2026-06-16T13:14:41.026+0000] {processor.py:183} INFO - Processing /opt/airflow/dags/dag_01_hello_world.py took 0.094 seconds
[2026-06-16T13:15:11.133+0000] {processor.py:161} INFO - Started process (PID=4683) to work on /opt/airflow/dags/dag_01_hello_world.py
[2026-06-16T13:15:11.143+0000] {processor.py:830} INFO - Processing file /opt/airflow/dags/dag_01_hello_world.py for tasks to queue
[2026-06-16T13:15:11.145+0000] {logging_mixin.py:188} INFO - [2026-06-16T13:15:11.145+0000] {dagbag.py:545} INFO - Filling up the DagBag from /opt/airflow/dags/dag_01_hello_world.py
[2026-06-16T13:15:11.154+0000] {processor.py:840} INFO - DAG(s) '01_hello_world' retrieved from /opt/airflow/dags/dag_01_hello_world.py
[2026-06-16T13:15:11.194+0000] {logging_mixin.py:188} INFO - [2026-06-16T13:15:11.194+0000] {dag.py:3089} INFO - Sync 1 DAGs
[2026-06-16T13:15:11.209+0000] {logging_mixin.py:188} INFO - [2026-06-16T13:15:11.209+0000] {dag.py:3947} INFO - Setting next_dagrun for 01_hello_world to None, run_after=None
[2026-06-16T13:15:11.234+0000] {processor.py:183} INFO - Processing /opt/airflow/dags/dag_01_hello_world.py took 0.109 seconds
[2026-06-16T13:15:41.300+0000] {processor.py:161} INFO - Started process (PID=4723) to work on /opt/airflow/dags/dag_01_hello_world.py
[2026-06-16T13:15:41.302+0000] {processor.py:830} INFO - Processing file /opt/airflow/dags/dag_01_hello_world.py for tasks to queue
[2026-06-16T13:15:41.304+0000] {logging_mixin.py:188} INFO - [2026-06-16T13:15:41.304+0000] {dagbag.py:545} INFO - Filling up the DagBag from /opt/airflow/dags/dag_01_hello_world.py
[2026-06-16T13:15:41.313+0000] {processor.py:840} INFO - DAG(s) '01_hello_world' retrieved from /opt/airflow/dags/dag_01_hello_world.py
[2026-06-16T13:15:41.362+0000] {logging_mixin.py:188} INFO - [2026-06-16T13:15:41.361+0000] {dag.py:3089} INFO - Sync 1 DAGs
[2026-06-16T13:15:41.386+0000] {logging_mixin.py:188} INFO - [2026-06-16T13:15:41.385+0000] {dag.py:3947} INFO - Setting next_dagrun for 01_hello_world to None, run_after=None
[2026-06-16T13:15:41.415+0000] {processor.py:183} INFO - Processing /opt/airflow/dags/dag_01_hello_world.py took 0.123 seconds
[2026-06-16T13:16:11.501+0000] {processor.py:161} INFO - Started process (PID=4763) to work on /opt/airflow/dags/dag_01_hello_world.py
[2026-06-16T13:16:11.511+0000] {processor.py:830} INFO - Processing file /opt/airflow/dags/dag_01_hello_world.py for tasks to queue
[2026-06-16T13:16:11.513+0000] {logging_mixin.py:188} INFO - [2026-06-16T13:16:11.513+0000] {dagbag.py:545} INFO - Filling up the DagBag from /opt/airflow/dags/dag_01_hello_world.py
[2026-06-16T13:16:11.521+0000] {processor.py:840} INFO - DAG(s) '01_hello_world' retrieved from /opt/airflow/dags/dag_01_hello_world.py
[2026-06-16T13:16:11.557+0000] {logging_mixin.py:188} INFO - [2026-06-16T13:16:11.557+0000] {dag.py:3089} INFO - Sync 1 DAGs
[2026-06-16T13:16:11.572+0000] {logging_mixin.py:188} INFO - [2026-06-16T13:16:11.572+0000] {dag.py:3947} INFO - Setting next_dagrun for 01_hello_world to None, run_after=None
[2026-06-16T13:16:11.596+0000] {processor.py:183} INFO - Processing /opt/airflow/dags/dag_01_hello_world.py took 0.102 seconds
[2026-06-16T13:16:41.667+0000] {processor.py:161} INFO - Started process (PID=4803) to work on /opt/airflow/dags/dag_01_hello_world.py
[2026-06-16T13:16:41.669+0000] {processor.py:830} INFO - Processing file /opt/airflow/dags/dag_01_hello_world.py for tasks to queue
[2026-06-16T13:16:41.672+0000] {logging_mixin.py:188} INFO - [2026-06-16T13:16:41.671+0000] {dagbag.py:545} INFO - Filling up the DagBag from /opt/airflow/dags/dag_01_hello_world.py
[2026-06-16T13:16:41.679+0000] {processor.py:840} INFO - DAG(s) '01_hello_world' retrieved from /opt/airflow/dags/dag_01_hello_world.py
[2026-06-16T13:16:41.716+0000] {logging_mixin.py:188} INFO - [2026-06-16T13:16:41.716+0000] {dag.py:3089} INFO - Sync 1 DAGs
[2026-06-16T13:16:41.730+0000] {logging_mixin.py:188} INFO - [2026-06-16T13:16:41.729+0000] {dag.py:3947} INFO - Setting next_dagrun for 01_hello_world to None, run_after=None
[2026-06-16T13:16:41.757+0000] {processor.py:183} INFO - Processing /opt/airflow/dags/dag_01_hello_world.py took 0.097 seconds
[2026-06-16T13:17:11.838+0000] {processor.py:161} INFO - Started process (PID=4843) to work on /opt/airflow/dags/dag_01_hello_world.py
[2026-06-16T13:17:11.839+0000] {processor.py:830} INFO - Processing file /opt/airflow/dags/dag_01_hello_world.py for tasks to queue
[2026-06-16T13:17:11.841+0000] {logging_mixin.py:188} INFO - [2026-06-16T13:17:11.840+0000] {dagbag.py:545} INFO - Filling up the DagBag from /opt/airflow/dags/dag_01_hello_world.py
[2026-06-16T13:17:11.849+0000] {processor.py:840} INFO - DAG(s) '01_hello_world' retrieved from /opt/airflow/dags/dag_01_hello_world.py
[2026-06-16T13:17:11.890+0000] {logging_mixin.py:188} INFO - [2026-06-16T13:17:11.890+0000] {dag.py:3089} INFO - Sync 1 DAGs
[2026-06-16T13:17:11.904+0000] {logging_mixin.py:188} INFO - [2026-06-16T13:17:11.904+0000] {dag.py:3947} INFO - Setting next_dagrun for 01_hello_world to None, run_after=None
[2026-06-16T13:17:11.929+0000] {processor.py:183} INFO - Processing /opt/airflow/dags/dag_01_hello_world.py took 0.100 seconds
[2026-06-16T13:17:42.004+0000] {processor.py:161} INFO - Started process (PID=4883) to work on /opt/airflow/dags/dag_01_hello_world.py
[2026-06-16T13:17:42.007+0000] {processor.py:830} INFO - Processing file /opt/airflow/dags/dag_01_hello_world.py for tasks to queue
[2026-06-16T13:17:42.010+0000] {logging_mixin.py:188} INFO - [2026-06-16T13:17:42.009+0000] {dagbag.py:545} INFO - Filling up the DagBag from /opt/airflow/dags/dag_01_hello_world.py
[2026-06-16T13:17:42.018+0000] {processor.py:840} INFO - DAG(s) '01_hello_world' retrieved from /opt/airflow/dags/dag_01_hello_world.py
[2026-06-16T13:17:42.058+0000] {logging_mixin.py:188} INFO - [2026-06-16T13:17:42.057+0000] {dag.py:3089} INFO - Sync 1 DAGs
[2026-06-16T13:17:42.072+0000] {logging_mixin.py:188} INFO - [2026-06-16T13:17:42.072+0000] {dag.py:3947} INFO - Setting next_dagrun for 01_hello_world to None, run_after=None
[2026-06-16T13:17:42.098+0000] {processor.py:183} INFO - Processing /opt/airflow/dags/dag_01_hello_world.py took 0.103 seconds
[2026-06-16T13:18:12.232+0000] {processor.py:161} INFO - Started process (PID=4923) to work on /opt/airflow/dags/dag_01_hello_world.py
[2026-06-16T13:18:12.233+0000] {processor.py:830} INFO - Processing file /opt/airflow/dags/dag_01_hello_world.py for tasks to queue
[2026-06-16T13:18:12.235+0000] {logging_mixin.py:188} INFO - [2026-06-16T13:18:12.234+0000] {dagbag.py:545} INFO - Filling up the DagBag from /opt/airflow/dags/dag_01_hello_world.py
[2026-06-16T13:18:12.243+0000] {processor.py:840} INFO - DAG(s) '01_hello_world' retrieved from /opt/airflow/dags/dag_01_hello_world.py
[2026-06-16T13:18:12.282+0000] {logging_mixin.py:188} INFO - [2026-06-16T13:18:12.281+0000] {dag.py:3089} INFO - Sync 1 DAGs
[2026-06-16T13:18:12.295+0000] {logging_mixin.py:188} INFO - [2026-06-16T13:18:12.295+0000] {dag.py:3947} INFO - Setting next_dagrun for 01_hello_world to None, run_after=None
[2026-06-16T13:18:12.320+0000] {processor.py:183} INFO - Processing /opt/airflow/dags/dag_01_hello_world.py took 0.095 seconds
[2026-06-16T13:18:43.011+0000] {processor.py:161} INFO - Started process (PID=4966) to work on /opt/airflow/dags/dag_01_hello_world.py
[2026-06-16T13:18:43.012+0000] {processor.py:830} INFO - Processing file /opt/airflow/dags/dag_01_hello_world.py for tasks to queue
[2026-06-16T13:18:43.014+0000] {logging_mixin.py:188} INFO - [2026-06-16T13:18:43.014+0000] {dagbag.py:545} INFO - Filling up the DagBag from /opt/airflow/dags/dag_01_hello_world.py
[2026-06-16T13:18:43.025+0000] {processor.py:840} INFO - DAG(s) '01_hello_world' retrieved from /opt/airflow/dags/dag_01_hello_world.py
[2026-06-16T13:18:43.085+0000] {logging_mixin.py:188} INFO - [2026-06-16T13:18:43.085+0000] {dag.py:3089} INFO - Sync 1 DAGs
[2026-06-16T13:18:43.101+0000] {logging_mixin.py:188} INFO - [2026-06-16T13:18:43.101+0000] {dag.py:3947} INFO - Setting next_dagrun for 01_hello_world to None, run_after=None
[2026-06-16T13:18:43.126+0000] {processor.py:183} INFO - Processing /opt/airflow/dags/dag_01_hello_world.py took 0.125 seconds
[2026-06-16T13:19:14.078+0000] {processor.py:161} INFO - Started process (PID=5006) to work on /opt/airflow/dags/dag_01_hello_world.py
[2026-06-16T13:19:14.079+0000] {processor.py:830} INFO - Processing file /opt/airflow/dags/dag_01_hello_world.py for tasks to queue
[2026-06-16T13:19:14.082+0000] {logging_mixin.py:188} INFO - [2026-06-16T13:19:14.082+0000] {dagbag.py:545} INFO - Filling up the DagBag from /opt/airflow/dags/dag_01_hello_world.py
[2026-06-16T13:19:14.094+0000] {processor.py:840} INFO - DAG(s) '01_hello_world' retrieved from /opt/airflow/dags/dag_01_hello_world.py
[2026-06-16T13:19:14.148+0000] {logging_mixin.py:188} INFO - [2026-06-16T13:19:14.148+0000] {dag.py:3089} INFO - Sync 1 DAGs
[2026-06-16T13:19:14.172+0000] {logging_mixin.py:188} INFO - [2026-06-16T13:19:14.171+0000] {dag.py:3947} INFO - Setting next_dagrun for 01_hello_world to None, run_after=None
[2026-06-16T13:19:14.203+0000] {processor.py:183} INFO - Processing /opt/airflow/dags/dag_01_hello_world.py took 0.135 seconds
[2026-06-16T13:19:45.086+0000] {processor.py:161} INFO - Started process (PID=5046) to work on /opt/airflow/dags/dag_01_hello_world.py
[2026-06-16T13:19:45.088+0000] {processor.py:830} INFO - Processing file /opt/airflow/dags/dag_01_hello_world.py for tasks to queue
[2026-06-16T13:19:45.092+0000] {logging_mixin.py:188} INFO - [2026-06-16T13:19:45.091+0000] {dagbag.py:545} INFO - Filling up the DagBag from /opt/airflow/dags/dag_01_hello_world.py
[2026-06-16T13:19:45.102+0000] {processor.py:840} INFO - DAG(s) '01_hello_world' retrieved from /opt/airflow/dags/dag_01_hello_world.py
[2026-06-16T13:19:45.146+0000] {logging_mixin.py:188} INFO - [2026-06-16T13:19:45.146+0000] {dag.py:3089} INFO - Sync 1 DAGs
[2026-06-16T13:19:45.164+0000] {logging_mixin.py:188} INFO - [2026-06-16T13:19:45.164+0000] {dag.py:3947} INFO - Setting next_dagrun for 01_hello_world to None, run_after=None
[2026-06-16T13:19:45.189+0000] {processor.py:183} INFO - Processing /opt/airflow/dags/dag_01_hello_world.py took 0.111 seconds
[2026-06-16T13:20:16.158+0000] {processor.py:161} INFO - Started process (PID=5086) to work on /opt/airflow/dags/dag_01_hello_world.py
[2026-06-16T13:20:16.159+0000] {processor.py:830} INFO - Processing file /opt/airflow/dags/dag_01_hello_world.py for tasks to queue
[2026-06-16T13:20:16.162+0000] {logging_mixin.py:188} INFO - [2026-06-16T13:20:16.161+0000] {dagbag.py:545} INFO - Filling up the DagBag from /opt/airflow/dags/dag_01_hello_world.py
[2026-06-16T13:20:16.172+0000] {processor.py:840} INFO - DAG(s) '01_hello_world' retrieved from /opt/airflow/dags/dag_01_hello_world.py
[2026-06-16T13:20:16.216+0000] {logging_mixin.py:188} INFO - [2026-06-16T13:20:16.216+0000] {dag.py:3089} INFO - Sync 1 DAGs
[2026-06-16T13:20:16.233+0000] {logging_mixin.py:188} INFO - [2026-06-16T13:20:16.233+0000] {dag.py:3947} INFO - Setting next_dagrun for 01_hello_world to None, run_after=None
[2026-06-16T13:20:16.259+0000] {processor.py:183} INFO - Processing /opt/airflow/dags/dag_01_hello_world.py took 0.110 seconds
[2026-06-16T13:20:46.347+0000] {processor.py:161} INFO - Started process (PID=5126) to work on /opt/airflow/dags/dag_01_hello_world.py
[2026-06-16T13:20:46.348+0000] {processor.py:830} INFO - Processing file /opt/airflow/dags/dag_01_hello_world.py for tasks to queue
[2026-06-16T13:20:46.351+0000] {logging_mixin.py:188} INFO - [2026-06-16T13:20:46.350+0000] {dagbag.py:545} INFO - Filling up the DagBag from /opt/airflow/dags/dag_01_hello_world.py
[2026-06-16T13:20:46.359+0000] {processor.py:840} INFO - DAG(s) '01_hello_world' retrieved from /opt/airflow/dags/dag_01_hello_world.py
[2026-06-16T13:20:46.398+0000] {logging_mixin.py:188} INFO - [2026-06-16T13:20:46.398+0000] {dag.py:3089} INFO - Sync 1 DAGs
[2026-06-16T13:20:46.413+0000] {logging_mixin.py:188} INFO - [2026-06-16T13:20:46.412+0000] {dag.py:3947} INFO - Setting next_dagrun for 01_hello_world to None, run_after=None
[2026-06-16T13:20:46.441+0000] {processor.py:183} INFO - Processing /opt/airflow/dags/dag_01_hello_world.py took 0.102 seconds
[2026-06-16T13:21:16.610+0000] {processor.py:161} INFO - Started process (PID=5166) to work on /opt/airflow/dags/dag_01_hello_world.py
[2026-06-16T13:21:16.611+0000] {processor.py:830} INFO - Processing file /opt/airflow/dags/dag_01_hello_world.py for tasks to queue
[2026-06-16T13:21:16.614+0000] {logging_mixin.py:188} INFO - [2026-06-16T13:21:16.613+0000] {dagbag.py:545} INFO - Filling up the DagBag from /opt/airflow/dags/dag_01_hello_world.py
[2026-06-16T13:21:16.622+0000] {processor.py:840} INFO - DAG(s) '01_hello_world' retrieved from /opt/airflow/dags/dag_01_hello_world.py
[2026-06-16T13:21:16.668+0000] {logging_mixin.py:188} INFO - [2026-06-16T13:21:16.668+0000] {dag.py:3089} INFO - Sync 1 DAGs
[2026-06-16T13:21:16.686+0000] {logging_mixin.py:188} INFO - [2026-06-16T13:21:16.686+0000] {dag.py:3947} INFO - Setting next_dagrun for 01_hello_world to None, run_after=None
[2026-06-16T13:21:16.717+0000] {processor.py:183} INFO - Processing /opt/airflow/dags/dag_01_hello_world.py took 0.115 seconds
[2026-06-16T13:21:46.774+0000] {processor.py:161} INFO - Started process (PID=5203) to work on /opt/airflow/dags/dag_01_hello_world.py
[2026-06-16T13:21:46.776+0000] {processor.py:830} INFO - Processing file /opt/airflow/dags/dag_01_hello_world.py for tasks to queue
[2026-06-16T13:21:46.778+0000] {logging_mixin.py:188} INFO - [2026-06-16T13:21:46.778+0000] {dagbag.py:545} INFO - Filling up the DagBag from /opt/airflow/dags/dag_01_hello_world.py
[2026-06-16T13:21:46.786+0000] {processor.py:840} INFO - DAG(s) '01_hello_world' retrieved from /opt/airflow/dags/dag_01_hello_world.py
[2026-06-16T13:21:46.827+0000] {logging_mixin.py:188} INFO - [2026-06-16T13:21:46.826+0000] {dag.py:3089} INFO - Sync 1 DAGs
[2026-06-16T13:21:46.840+0000] {logging_mixin.py:188} INFO - [2026-06-16T13:21:46.840+0000] {dag.py:3947} INFO - Setting next_dagrun for 01_hello_world to None, run_after=None
[2026-06-16T13:21:46.866+0000] {processor.py:183} INFO - Processing /opt/airflow/dags/dag_01_hello_world.py took 0.099 seconds
[2026-06-16T13:22:16.946+0000] {processor.py:161} INFO - Started process (PID=5243) to work on /opt/airflow/dags/dag_01_hello_world.py
[2026-06-16T13:22:16.948+0000] {processor.py:830} INFO - Processing file /opt/airflow/dags/dag_01_hello_world.py for tasks to queue
[2026-06-16T13:22:16.949+0000] {logging_mixin.py:188} INFO - [2026-06-16T13:22:16.949+0000] {dagbag.py:545} INFO - Filling up the DagBag from /opt/airflow/dags/dag_01_hello_world.py
[2026-06-16T13:22:16.958+0000] {processor.py:840} INFO - DAG(s) '01_hello_world' retrieved from /opt/airflow/dags/dag_01_hello_world.py
[2026-06-16T13:22:16.995+0000] {logging_mixin.py:188} INFO - [2026-06-16T13:22:16.995+0000] {dag.py:3089} INFO - Sync 1 DAGs
[2026-06-16T13:22:17.009+0000] {logging_mixin.py:188} INFO - [2026-06-16T13:22:17.009+0000] {dag.py:3947} INFO - Setting next_dagrun for 01_hello_world to None, run_after=None
[2026-06-16T13:22:17.034+0000] {processor.py:183} INFO - Processing /opt/airflow/dags/dag_01_hello_world.py took 0.095 seconds
[2026-06-16T13:22:47.110+0000] {processor.py:161} INFO - Started process (PID=5283) to work on /opt/airflow/dags/dag_01_hello_world.py
[2026-06-16T13:22:47.112+0000] {processor.py:830} INFO - Processing file /opt/airflow/dags/dag_01_hello_world.py for tasks to queue
[2026-06-16T13:22:47.114+0000] {logging_mixin.py:188} INFO - [2026-06-16T13:22:47.113+0000] {dagbag.py:545} INFO - Filling up the DagBag from /opt/airflow/dags/dag_01_hello_world.py
[2026-06-16T13:22:47.122+0000] {processor.py:840} INFO - DAG(s) '01_hello_world' retrieved from /opt/airflow/dags/dag_01_hello_world.py
[2026-06-16T13:22:47.159+0000] {logging_mixin.py:188} INFO - [2026-06-16T13:22:47.159+0000] {dag.py:3089} INFO - Sync 1 DAGs
[2026-06-16T13:22:47.173+0000] {logging_mixin.py:188} INFO - [2026-06-16T13:22:47.172+0000] {dag.py:3947} INFO - Setting next_dagrun for 01_hello_world to None, run_after=None
[2026-06-16T13:22:47.199+0000] {processor.py:183} INFO - Processing /opt/airflow/dags/dag_01_hello_world.py took 0.097 seconds
[2026-06-16T13:23:17.315+0000] {processor.py:161} INFO - Started process (PID=5323) to work on /opt/airflow/dags/dag_01_hello_world.py
[2026-06-16T13:23:17.317+0000] {processor.py:830} INFO - Processing file /opt/airflow/dags/dag_01_hello_world.py for tasks to queue
[2026-06-16T13:23:17.319+0000] {logging_mixin.py:188} INFO - [2026-06-16T13:23:17.319+0000] {dagbag.py:545} INFO - Filling up the DagBag from /opt/airflow/dags/dag_01_hello_world.py
[2026-06-16T13:23:17.327+0000] {processor.py:840} INFO - DAG(s) '01_hello_world' retrieved from /opt/airflow/dags/dag_01_hello_world.py
[2026-06-16T13:23:17.364+0000] {logging_mixin.py:188} INFO - [2026-06-16T13:23:17.363+0000] {dag.py:3089} INFO - Sync 1 DAGs
[2026-06-16T13:23:17.377+0000] {logging_mixin.py:188} INFO - [2026-06-16T13:23:17.377+0000] {dag.py:3947} INFO - Setting next_dagrun for 01_hello_world to None, run_after=None
[2026-06-16T13:23:17.405+0000] {processor.py:183} INFO - Processing /opt/airflow/dags/dag_01_hello_world.py took 0.097 seconds
[2026-06-16T13:23:47.479+0000] {processor.py:161} INFO - Started process (PID=5363) to work on /opt/airflow/dags/dag_01_hello_world.py
[2026-06-16T13:23:47.489+0000] {processor.py:830} INFO - Processing file /opt/airflow/dags/dag_01_hello_world.py for tasks to queue
[2026-06-16T13:23:47.491+0000] {logging_mixin.py:188} INFO - [2026-06-16T13:23:47.491+0000] {dagbag.py:545} INFO - Filling up the DagBag from /opt/airflow/dags/dag_01_hello_world.py
[2026-06-16T13:23:47.501+0000] {processor.py:840} INFO - DAG(s) '01_hello_world' retrieved from /opt/airflow/dags/dag_01_hello_world.py
[2026-06-16T13:23:47.547+0000] {logging_mixin.py:188} INFO - [2026-06-16T13:23:47.546+0000] {dag.py:3089} INFO - Sync 1 DAGs
[2026-06-16T13:23:47.568+0000] {logging_mixin.py:188} INFO - [2026-06-16T13:23:47.567+0000] {dag.py:3947} INFO - Setting next_dagrun for 01_hello_world to None, run_after=None
[2026-06-16T13:23:47.594+0000] {processor.py:183} INFO - Processing /opt/airflow/dags/dag_01_hello_world.py took 0.123 seconds
[2026-06-16T13:24:17.666+0000] {processor.py:161} INFO - Started process (PID=5403) to work on /opt/airflow/dags/dag_01_hello_world.py
[2026-06-16T13:24:17.668+0000] {processor.py:830} INFO - Processing file /opt/airflow/dags/dag_01_hello_world.py for tasks to queue
[2026-06-16T13:24:17.670+0000] {logging_mixin.py:188} INFO - [2026-06-16T13:24:17.670+0000] {dagbag.py:545} INFO - Filling up the DagBag from /opt/airflow/dags/dag_01_hello_world.py
[2026-06-16T13:24:17.680+0000] {processor.py:840} INFO - DAG(s) '01_hello_world' retrieved from /opt/airflow/dags/dag_01_hello_world.py
[2026-06-16T13:24:17.721+0000] {logging_mixin.py:188} INFO - [2026-06-16T13:24:17.721+0000] {dag.py:3089} INFO - Sync 1 DAGs
[2026-06-16T13:24:17.736+0000] {logging_mixin.py:188} INFO - [2026-06-16T13:24:17.736+0000] {dag.py:3947} INFO - Setting next_dagrun for 01_hello_world to None, run_after=None
[2026-06-16T13:24:17.762+0000] {processor.py:183} INFO - Processing /opt/airflow/dags/dag_01_hello_world.py took 0.103 seconds
[2026-06-16T13:24:47.834+0000] {processor.py:161} INFO - Started process (PID=5443) to work on /opt/airflow/dags/dag_01_hello_world.py
[2026-06-16T13:24:47.844+0000] {processor.py:830} INFO - Processing file /opt/airflow/dags/dag_01_hello_world.py for tasks to queue
[2026-06-16T13:24:47.846+0000] {logging_mixin.py:188} INFO - [2026-06-16T13:24:47.846+0000] {dagbag.py:545} INFO - Filling up the DagBag from /opt/airflow/dags/dag_01_hello_world.py
[2026-06-16T13:24:47.856+0000] {processor.py:840} INFO - DAG(s) '01_hello_world' retrieved from /opt/airflow/dags/dag_01_hello_world.py
[2026-06-16T13:24:47.893+0000] {logging_mixin.py:188} INFO - [2026-06-16T13:24:47.893+0000] {dag.py:3089} INFO - Sync 1 DAGs
[2026-06-16T13:24:47.907+0000] {logging_mixin.py:188} INFO - [2026-06-16T13:24:47.907+0000] {dag.py:3947} INFO - Setting next_dagrun for 01_hello_world to None, run_after=None
[2026-06-16T13:24:47.933+0000] {processor.py:183} INFO - Processing /opt/airflow/dags/dag_01_hello_world.py took 0.106 seconds
[2026-06-16T13:25:18.336+0000] {processor.py:161} INFO - Started process (PID=5486) to work on /opt/airflow/dags/dag_01_hello_world.py
[2026-06-16T13:25:18.337+0000] {processor.py:830} INFO - Processing file /opt/airflow/dags/dag_01_hello_world.py for tasks to queue
[2026-06-16T13:25:18.340+0000] {logging_mixin.py:188} INFO - [2026-06-16T13:25:18.339+0000] {dagbag.py:545} INFO - Filling up the DagBag from /opt/airflow/dags/dag_01_hello_world.py
[2026-06-16T13:25:18.349+0000] {processor.py:840} INFO - DAG(s) '01_hello_world' retrieved from /opt/airflow/dags/dag_01_hello_world.py
[2026-06-16T13:25:18.393+0000] {logging_mixin.py:188} INFO - [2026-06-16T13:25:18.393+0000] {dag.py:3089} INFO - Sync 1 DAGs
[2026-06-16T13:25:18.414+0000] {logging_mixin.py:188} INFO - [2026-06-16T13:25:18.414+0000] {dag.py:3947} INFO - Setting next_dagrun for 01_hello_world to None, run_after=None
[2026-06-16T13:25:18.446+0000] {processor.py:183} INFO - Processing /opt/airflow/dags/dag_01_hello_world.py took 0.119 seconds
[2026-06-16T13:25:49.404+0000] {processor.py:161} INFO - Started process (PID=5526) to work on /opt/airflow/dags/dag_01_hello_world.py
[2026-06-16T13:25:49.406+0000] {processor.py:830} INFO - Processing file /opt/airflow/dags/dag_01_hello_world.py for tasks to queue
[2026-06-16T13:25:49.408+0000] {logging_mixin.py:188} INFO - [2026-06-16T13:25:49.408+0000] {dagbag.py:545} INFO - Filling up the DagBag from /opt/airflow/dags/dag_01_hello_world.py
[2026-06-16T13:25:49.419+0000] {processor.py:840} INFO - DAG(s) '01_hello_world' retrieved from /opt/airflow/dags/dag_01_hello_world.py
[2026-06-16T13:25:49.461+0000] {logging_mixin.py:188} INFO - [2026-06-16T13:25:49.461+0000] {dag.py:3089} INFO - Sync 1 DAGs
[2026-06-16T13:25:49.480+0000] {logging_mixin.py:188} INFO - [2026-06-16T13:25:49.479+0000] {dag.py:3947} INFO - Setting next_dagrun for 01_hello_world to None, run_after=None
[2026-06-16T13:25:49.505+0000] {processor.py:183} INFO - Processing /opt/airflow/dags/dag_01_hello_world.py took 0.111 seconds
[2026-06-16T13:26:19.630+0000] {processor.py:161} INFO - Started process (PID=5566) to work on /opt/airflow/dags/dag_01_hello_world.py
[2026-06-16T13:26:19.631+0000] {processor.py:830} INFO - Processing file /opt/airflow/dags/dag_01_hello_world.py for tasks to queue
[2026-06-16T13:26:19.633+0000] {logging_mixin.py:188} INFO - [2026-06-16T13:26:19.633+0000] {dagbag.py:545} INFO - Filling up the DagBag from /opt/airflow/dags/dag_01_hello_world.py
[2026-06-16T13:26:19.641+0000] {processor.py:840} INFO - DAG(s) '01_hello_world' retrieved from /opt/airflow/dags/dag_01_hello_world.py
[2026-06-16T13:26:19.681+0000] {logging_mixin.py:188} INFO - [2026-06-16T13:26:19.681+0000] {dag.py:3089} INFO - Sync 1 DAGs
[2026-06-16T13:26:19.695+0000] {logging_mixin.py:188} INFO - [2026-06-16T13:26:19.695+0000] {dag.py:3947} INFO - Setting next_dagrun for 01_hello_world to None, run_after=None
[2026-06-16T13:26:19.721+0000] {processor.py:183} INFO - Processing /opt/airflow/dags/dag_01_hello_world.py took 0.099 seconds
[2026-06-16T13:26:49.820+0000] {processor.py:161} INFO - Started process (PID=5606) to work on /opt/airflow/dags/dag_01_hello_world.py
[2026-06-16T13:26:49.821+0000] {processor.py:830} INFO - Processing file /opt/airflow/dags/dag_01_hello_world.py for tasks to queue
[2026-06-16T13:26:49.823+0000] {logging_mixin.py:188} INFO - [2026-06-16T13:26:49.823+0000] {dagbag.py:545} INFO - Filling up the DagBag from /opt/airflow/dags/dag_01_hello_world.py
[2026-06-16T13:26:49.832+0000] {processor.py:840} INFO - DAG(s) '01_hello_world' retrieved from /opt/airflow/dags/dag_01_hello_world.py
[2026-06-16T13:26:49.872+0000] {logging_mixin.py:188} INFO - [2026-06-16T13:26:49.872+0000] {dag.py:3089} INFO - Sync 1 DAGs
[2026-06-16T13:26:49.887+0000] {logging_mixin.py:188} INFO - [2026-06-16T13:26:49.887+0000] {dag.py:3947} INFO - Setting next_dagrun for 01_hello_world to None, run_after=None
[2026-06-16T13:26:49.916+0000] {processor.py:183} INFO - Processing /opt/airflow/dags/dag_01_hello_world.py took 0.104 seconds
[2026-06-16T13:27:20.085+0000] {processor.py:161} INFO - Started process (PID=5646) to work on /opt/airflow/dags/dag_01_hello_world.py
[2026-06-16T13:27:20.086+0000] {processor.py:830} INFO - Processing file /opt/airflow/dags/dag_01_hello_world.py for tasks to queue
[2026-06-16T13:27:20.088+0000] {logging_mixin.py:188} INFO - [2026-06-16T13:27:20.088+0000] {dagbag.py:545} INFO - Filling up the DagBag from /opt/airflow/dags/dag_01_hello_world.py
[2026-06-16T13:27:20.098+0000] {processor.py:840} INFO - DAG(s) '01_hello_world' retrieved from /opt/airflow/dags/dag_01_hello_world.py
[2026-06-16T13:27:20.142+0000] {logging_mixin.py:188} INFO - [2026-06-16T13:27:20.142+0000] {dag.py:3089} INFO - Sync 1 DAGs
[2026-06-16T13:27:20.159+0000] {logging_mixin.py:188} INFO - [2026-06-16T13:27:20.159+0000] {dag.py:3947} INFO - Setting next_dagrun for 01_hello_world to None, run_after=None
[2026-06-16T13:27:20.185+0000] {processor.py:183} INFO - Processing /opt/airflow/dags/dag_01_hello_world.py took 0.109 seconds
[2026-06-16T13:27:50.269+0000] {processor.py:161} INFO - Started process (PID=5686) to work on /opt/airflow/dags/dag_01_hello_world.py
[2026-06-16T13:27:50.270+0000] {processor.py:830} INFO - Processing file /opt/airflow/dags/dag_01_hello_world.py for tasks to queue
[2026-06-16T13:27:50.273+0000] {logging_mixin.py:188} INFO - [2026-06-16T13:27:50.272+0000] {dagbag.py:545} INFO - Filling up the DagBag from /opt/airflow/dags/dag_01_hello_world.py
[2026-06-16T13:27:50.282+0000] {processor.py:840} INFO - DAG(s) '01_hello_world' retrieved from /opt/airflow/dags/dag_01_hello_world.py
[2026-06-16T13:27:50.330+0000] {logging_mixin.py:188} INFO - [2026-06-16T13:27:50.329+0000] {dag.py:3089} INFO - Sync 1 DAGs
[2026-06-16T13:27:50.348+0000] {logging_mixin.py:188} INFO - [2026-06-16T13:27:50.348+0000] {dag.py:3947} INFO - Setting next_dagrun for 01_hello_world to None, run_after=None
[2026-06-16T13:27:50.373+0000] {processor.py:183} INFO - Processing /opt/airflow/dags/dag_01_hello_world.py took 0.113 seconds
[2026-06-16T13:28:20.432+0000] {processor.py:161} INFO - Started process (PID=5726) to work on /opt/airflow/dags/dag_01_hello_world.py
[2026-06-16T13:28:20.433+0000] {processor.py:830} INFO - Processing file /opt/airflow/dags/dag_01_hello_world.py for tasks to queue
[2026-06-16T13:28:20.436+0000] {logging_mixin.py:188} INFO - [2026-06-16T13:28:20.435+0000] {dagbag.py:545} INFO - Filling up the DagBag from /opt/airflow/dags/dag_01_hello_world.py
[2026-06-16T13:28:20.446+0000] {processor.py:840} INFO - DAG(s) '01_hello_world' retrieved from /opt/airflow/dags/dag_01_hello_world.py
[2026-06-16T13:28:20.499+0000] {logging_mixin.py:188} INFO - [2026-06-16T13:28:20.499+0000] {dag.py:3089} INFO - Sync 1 DAGs
[2026-06-16T13:28:20.523+0000] {logging_mixin.py:188} INFO - [2026-06-16T13:28:20.523+0000] {dag.py:3947} INFO - Setting next_dagrun for 01_hello_world to None, run_after=None
[2026-06-16T13:28:20.559+0000] {processor.py:183} INFO - Processing /opt/airflow/dags/dag_01_hello_world.py took 0.135 seconds
[2026-06-16T13:28:50.640+0000] {processor.py:161} INFO - Started process (PID=5766) to work on /opt/airflow/dags/dag_01_hello_world.py
[2026-06-16T13:28:50.642+0000] {processor.py:830} INFO - Processing file /opt/airflow/dags/dag_01_hello_world.py for tasks to queue
[2026-06-16T13:28:50.644+0000] {logging_mixin.py:188} INFO - [2026-06-16T13:28:50.644+0000] {dagbag.py:545} INFO - Filling up the DagBag from /opt/airflow/dags/dag_01_hello_world.py
[2026-06-16T13:28:50.654+0000] {processor.py:840} INFO - DAG(s) '01_hello_world' retrieved from /opt/airflow/dags/dag_01_hello_world.py
[2026-06-16T13:28:50.696+0000] {logging_mixin.py:188} INFO - [2026-06-16T13:28:50.695+0000] {dag.py:3089} INFO - Sync 1 DAGs
[2026-06-16T13:28:50.710+0000] {logging_mixin.py:188} INFO - [2026-06-16T13:28:50.710+0000] {dag.py:3947} INFO - Setting next_dagrun for 01_hello_world to None, run_after=None
[2026-06-16T13:28:50.735+0000] {processor.py:183} INFO - Processing /opt/airflow/dags/dag_01_hello_world.py took 0.103 seconds
[2026-06-16T13:29:20.931+0000] {processor.py:161} INFO - Started process (PID=5806) to work on /opt/airflow/dags/dag_01_hello_world.py
[2026-06-16T13:29:20.932+0000] {processor.py:830} INFO - Processing file /opt/airflow/dags/dag_01_hello_world.py for tasks to queue
[2026-06-16T13:29:20.935+0000] {logging_mixin.py:188} INFO - [2026-06-16T13:29:20.934+0000] {dagbag.py:545} INFO - Filling up the DagBag from /opt/airflow/dags/dag_01_hello_world.py
[2026-06-16T13:29:20.945+0000] {processor.py:840} INFO - DAG(s) '01_hello_world' retrieved from /opt/airflow/dags/dag_01_hello_world.py
[2026-06-16T13:29:20.991+0000] {logging_mixin.py:188} INFO - [2026-06-16T13:29:20.991+0000] {dag.py:3089} INFO - Sync 1 DAGs
[2026-06-16T13:29:21.013+0000] {logging_mixin.py:188} INFO - [2026-06-16T13:29:21.013+0000] {dag.py:3947} INFO - Setting next_dagrun for 01_hello_world to None, run_after=None
[2026-06-16T13:29:21.041+0000] {processor.py:183} INFO - Processing /opt/airflow/dags/dag_01_hello_world.py took 0.119 seconds
[2026-06-16T13:29:51.099+0000] {processor.py:161} INFO - Started process (PID=5846) to work on /opt/airflow/dags/dag_01_hello_world.py
[2026-06-16T13:29:51.101+0000] {processor.py:830} INFO - Processing file /opt/airflow/dags/dag_01_hello_world.py for tasks to queue
[2026-06-16T13:29:51.103+0000] {logging_mixin.py:188} INFO - [2026-06-16T13:29:51.103+0000] {dagbag.py:545} INFO - Filling up the DagBag from /opt/airflow/dags/dag_01_hello_world.py
[2026-06-16T13:29:51.111+0000] {processor.py:840} INFO - DAG(s) '01_hello_world' retrieved from /opt/airflow/dags/dag_01_hello_world.py
[2026-06-16T13:29:51.151+0000] {logging_mixin.py:188} INFO - [2026-06-16T13:29:51.151+0000] {dag.py:3089} INFO - Sync 1 DAGs
[2026-06-16T13:29:51.165+0000] {logging_mixin.py:188} INFO - [2026-06-16T13:29:51.165+0000] {dag.py:3947} INFO - Setting next_dagrun for 01_hello_world to None, run_after=None
[2026-06-16T13:29:51.194+0000] {processor.py:183} INFO - Processing /opt/airflow/dags/dag_01_hello_world.py took 0.104 seconds
[2026-06-16T13:30:22.043+0000] {processor.py:161} INFO - Started process (PID=5886) to work on /opt/airflow/dags/dag_01_hello_world.py
[2026-06-16T13:30:22.044+0000] {processor.py:830} INFO - Processing file /opt/airflow/dags/dag_01_hello_world.py for tasks to queue
[2026-06-16T13:30:22.046+0000] {logging_mixin.py:188} INFO - [2026-06-16T13:30:22.046+0000] {dagbag.py:545} INFO - Filling up the DagBag from /opt/airflow/dags/dag_01_hello_world.py
[2026-06-16T13:30:22.058+0000] {processor.py:840} INFO - DAG(s) '01_hello_world' retrieved from /opt/airflow/dags/dag_01_hello_world.py
[2026-06-16T13:30:22.102+0000] {logging_mixin.py:188} INFO - [2026-06-16T13:30:22.102+0000] {dag.py:3089} INFO - Sync 1 DAGs
[2026-06-16T13:30:22.120+0000] {logging_mixin.py:188} INFO - [2026-06-16T13:30:22.120+0000] {dag.py:3947} INFO - Setting next_dagrun for 01_hello_world to None, run_after=None
[2026-06-16T13:30:22.146+0000] {processor.py:183} INFO - Processing /opt/airflow/dags/dag_01_hello_world.py took 0.113 seconds
[2026-06-16T13:30:53.119+0000] {processor.py:161} INFO - Started process (PID=5926) to work on /opt/airflow/dags/dag_01_hello_world.py
[2026-06-16T13:30:53.120+0000] {processor.py:830} INFO - Processing file /opt/airflow/dags/dag_01_hello_world.py for tasks to queue
[2026-06-16T13:30:53.122+0000] {logging_mixin.py:188} INFO - [2026-06-16T13:30:53.122+0000] {dagbag.py:545} INFO - Filling up the DagBag from /opt/airflow/dags/dag_01_hello_world.py
[2026-06-16T13:30:53.130+0000] {processor.py:840} INFO - DAG(s) '01_hello_world' retrieved from /opt/airflow/dags/dag_01_hello_world.py
[2026-06-16T13:30:53.171+0000] {logging_mixin.py:188} INFO - [2026-06-16T13:30:53.171+0000] {dag.py:3089} INFO - Sync 1 DAGs
[2026-06-16T13:30:53.185+0000] {logging_mixin.py:188} INFO - [2026-06-16T13:30:53.185+0000] {dag.py:3947} INFO - Setting next_dagrun for 01_hello_world to None, run_after=None
[2026-06-16T13:30:53.217+0000] {processor.py:183} INFO - Processing /opt/airflow/dags/dag_01_hello_world.py took 0.105 seconds
[2026-06-16T13:31:23.265+0000] {processor.py:161} INFO - Started process (PID=5963) to work on /opt/airflow/dags/dag_01_hello_world.py
[2026-06-16T13:31:23.266+0000] {processor.py:830} INFO - Processing file /opt/airflow/dags/dag_01_hello_world.py for tasks to queue
[2026-06-16T13:31:23.269+0000] {logging_mixin.py:188} INFO - [2026-06-16T13:31:23.268+0000] {dagbag.py:545} INFO - Filling up the DagBag from /opt/airflow/dags/dag_01_hello_world.py
[2026-06-16T13:31:23.280+0000] {processor.py:840} INFO - DAG(s) '01_hello_world' retrieved from /opt/airflow/dags/dag_01_hello_world.py
[2026-06-16T13:31:23.321+0000] {logging_mixin.py:188} INFO - [2026-06-16T13:31:23.321+0000] {dag.py:3089} INFO - Sync 1 DAGs
[2026-06-16T13:31:23.336+0000] {logging_mixin.py:188} INFO - [2026-06-16T13:31:23.336+0000] {dag.py:3947} INFO - Setting next_dagrun for 01_hello_world to None, run_after=None
[2026-06-16T13:31:23.361+0000] {processor.py:183} INFO - Processing /opt/airflow/dags/dag_01_hello_world.py took 0.105 seconds
[2026-06-16T13:31:53.470+0000] {processor.py:161} INFO - Started process (PID=6006) to work on /opt/airflow/dags/dag_01_hello_world.py
[2026-06-16T13:31:53.476+0000] {processor.py:830} INFO - Processing file /opt/airflow/dags/dag_01_hello_world.py for tasks to queue
[2026-06-16T13:31:53.478+0000] {logging_mixin.py:188} INFO - [2026-06-16T13:31:53.478+0000] {dagbag.py:545} INFO - Filling up the DagBag from /opt/airflow/dags/dag_01_hello_world.py
[2026-06-16T13:31:53.486+0000] {processor.py:840} INFO - DAG(s) '01_hello_world' retrieved from /opt/airflow/dags/dag_01_hello_world.py
[2026-06-16T13:31:53.527+0000] {logging_mixin.py:188} INFO - [2026-06-16T13:31:53.527+0000] {dag.py:3089} INFO - Sync 1 DAGs
[2026-06-16T13:31:53.542+0000] {logging_mixin.py:188} INFO - [2026-06-16T13:31:53.542+0000] {dag.py:3947} INFO - Setting next_dagrun for 01_hello_world to None, run_after=None
[2026-06-16T13:31:53.568+0000] {processor.py:183} INFO - Processing /opt/airflow/dags/dag_01_hello_world.py took 0.106 seconds
[2026-06-16T13:32:23.715+0000] {processor.py:161} INFO - Started process (PID=6046) to work on /opt/airflow/dags/dag_01_hello_world.py
[2026-06-16T13:32:23.716+0000] {processor.py:830} INFO - Processing file /opt/airflow/dags/dag_01_hello_world.py for tasks to queue
[2026-06-16T13:32:23.718+0000] {logging_mixin.py:188} INFO - [2026-06-16T13:32:23.718+0000] {dagbag.py:545} INFO - Filling up the DagBag from /opt/airflow/dags/dag_01_hello_world.py
[2026-06-16T13:32:23.727+0000] {processor.py:840} INFO - DAG(s) '01_hello_world' retrieved from /opt/airflow/dags/dag_01_hello_world.py
[2026-06-16T13:32:23.768+0000] {logging_mixin.py:188} INFO - [2026-06-16T13:32:23.767+0000] {dag.py:3089} INFO - Sync 1 DAGs
[2026-06-16T13:32:23.782+0000] {logging_mixin.py:188} INFO - [2026-06-16T13:32:23.782+0000] {dag.py:3947} INFO - Setting next_dagrun for 01_hello_world to None, run_after=None
[2026-06-16T13:32:23.808+0000] {processor.py:183} INFO - Processing /opt/airflow/dags/dag_01_hello_world.py took 0.102 seconds
[2026-06-16T13:32:54.633+0000] {processor.py:161} INFO - Started process (PID=6086) to work on /opt/airflow/dags/dag_01_hello_world.py
[2026-06-16T13:32:54.634+0000] {processor.py:830} INFO - Processing file /opt/airflow/dags/dag_01_hello_world.py for tasks to queue
[2026-06-16T13:32:54.636+0000] {logging_mixin.py:188} INFO - [2026-06-16T13:32:54.636+0000] {dagbag.py:545} INFO - Filling up the DagBag from /opt/airflow/dags/dag_01_hello_world.py
[2026-06-16T13:32:54.644+0000] {processor.py:840} INFO - DAG(s) '01_hello_world' retrieved from /opt/airflow/dags/dag_01_hello_world.py
[2026-06-16T13:32:54.686+0000] {logging_mixin.py:188} INFO - [2026-06-16T13:32:54.686+0000] {dag.py:3089} INFO - Sync 1 DAGs
[2026-06-16T13:32:54.703+0000] {logging_mixin.py:188} INFO - [2026-06-16T13:32:54.702+0000] {dag.py:3947} INFO - Setting next_dagrun for 01_hello_world to None, run_after=None
[2026-06-16T13:32:54.731+0000] {processor.py:183} INFO - Processing /opt/airflow/dags/dag_01_hello_world.py took 0.108 seconds
[2026-06-16T13:33:24.828+0000] {processor.py:161} INFO - Started process (PID=6126) to work on /opt/airflow/dags/dag_01_hello_world.py
[2026-06-16T13:33:24.829+0000] {processor.py:830} INFO - Processing file /opt/airflow/dags/dag_01_hello_world.py for tasks to queue
[2026-06-16T13:33:24.831+0000] {logging_mixin.py:188} INFO - [2026-06-16T13:33:24.831+0000] {dagbag.py:545} INFO - Filling up the DagBag from /opt/airflow/dags/dag_01_hello_world.py
[2026-06-16T13:33:24.840+0000] {processor.py:840} INFO - DAG(s) '01_hello_world' retrieved from /opt/airflow/dags/dag_01_hello_world.py
[2026-06-16T13:33:24.879+0000] {logging_mixin.py:188} INFO - [2026-06-16T13:33:24.879+0000] {dag.py:3089} INFO - Sync 1 DAGs
[2026-06-16T13:33:24.894+0000] {logging_mixin.py:188} INFO - [2026-06-16T13:33:24.893+0000] {dag.py:3947} INFO - Setting next_dagrun for 01_hello_world to None, run_after=None
[2026-06-16T13:33:24.919+0000] {processor.py:183} INFO - Processing /opt/airflow/dags/dag_01_hello_world.py took 0.099 seconds
[2026-06-16T13:33:55.000+0000] {processor.py:161} INFO - Started process (PID=6166) to work on /opt/airflow/dags/dag_01_hello_world.py
[2026-06-16T13:33:55.002+0000] {processor.py:830} INFO - Processing file /opt/airflow/dags/dag_01_hello_world.py for tasks to queue
[2026-06-16T13:33:55.004+0000] {logging_mixin.py:188} INFO - [2026-06-16T13:33:55.004+0000] {dagbag.py:545} INFO - Filling up the DagBag from /opt/airflow/dags/dag_01_hello_world.py
[2026-06-16T13:33:55.013+0000] {processor.py:840} INFO - DAG(s) '01_hello_world' retrieved from /opt/airflow/dags/dag_01_hello_world.py
[2026-06-16T13:33:55.057+0000] {logging_mixin.py:188} INFO - [2026-06-16T13:33:55.057+0000] {dag.py:3089} INFO - Sync 1 DAGs
[2026-06-16T13:33:55.075+0000] {logging_mixin.py:188} INFO - [2026-06-16T13:33:55.075+0000] {dag.py:3947} INFO - Setting next_dagrun for 01_hello_world to None, run_after=None
[2026-06-16T13:33:55.105+0000] {processor.py:183} INFO - Processing /opt/airflow/dags/dag_01_hello_world.py took 0.115 seconds
[2026-06-16T13:34:25.206+0000] {processor.py:161} INFO - Started process (PID=6206) to work on /opt/airflow/dags/dag_01_hello_world.py
[2026-06-16T13:34:25.207+0000] {processor.py:830} INFO - Processing file /opt/airflow/dags/dag_01_hello_world.py for tasks to queue
[2026-06-16T13:34:25.210+0000] {logging_mixin.py:188} INFO - [2026-06-16T13:34:25.209+0000] {dagbag.py:545} INFO - Filling up the DagBag from /opt/airflow/dags/dag_01_hello_world.py
[2026-06-16T13:34:25.221+0000] {processor.py:840} INFO - DAG(s) '01_hello_world' retrieved from /opt/airflow/dags/dag_01_hello_world.py
[2026-06-16T13:34:25.264+0000] {logging_mixin.py:188} INFO - [2026-06-16T13:34:25.264+0000] {dag.py:3089} INFO - Sync 1 DAGs
[2026-06-16T13:34:25.282+0000] {logging_mixin.py:188} INFO - [2026-06-16T13:34:25.281+0000] {dag.py:3947} INFO - Setting next_dagrun for 01_hello_world to None, run_after=None
[2026-06-16T13:34:25.308+0000] {processor.py:183} INFO - Processing /opt/airflow/dags/dag_01_hello_world.py took 0.109 seconds
[2026-06-16T13:34:55.383+0000] {processor.py:161} INFO - Started process (PID=6246) to work on /opt/airflow/dags/dag_01_hello_world.py
[2026-06-16T13:34:55.384+0000] {processor.py:830} INFO - Processing file /opt/airflow/dags/dag_01_hello_world.py for tasks to queue
[2026-06-16T13:34:55.387+0000] {logging_mixin.py:188} INFO - [2026-06-16T13:34:55.386+0000] {dagbag.py:545} INFO - Filling up the DagBag from /opt/airflow/dags/dag_01_hello_world.py
[2026-06-16T13:34:55.400+0000] {processor.py:840} INFO - DAG(s) '01_hello_world' retrieved from /opt/airflow/dags/dag_01_hello_world.py
[2026-06-16T13:34:55.443+0000] {logging_mixin.py:188} INFO - [2026-06-16T13:34:55.442+0000] {dag.py:3089} INFO - Sync 1 DAGs
[2026-06-16T13:34:55.463+0000] {logging_mixin.py:188} INFO - [2026-06-16T13:34:55.462+0000] {dag.py:3947} INFO - Setting next_dagrun for 01_hello_world to None, run_after=None
[2026-06-16T13:34:55.491+0000] {processor.py:183} INFO - Processing /opt/airflow/dags/dag_01_hello_world.py took 0.117 seconds
[2026-06-16T13:35:25.581+0000] {processor.py:161} INFO - Started process (PID=6286) to work on /opt/airflow/dags/dag_01_hello_world.py
[2026-06-16T13:35:25.582+0000] {processor.py:830} INFO - Processing file /opt/airflow/dags/dag_01_hello_world.py for tasks to queue
[2026-06-16T13:35:25.584+0000] {logging_mixin.py:188} INFO - [2026-06-16T13:35:25.584+0000] {dagbag.py:545} INFO - Filling up the DagBag from /opt/airflow/dags/dag_01_hello_world.py
[2026-06-16T13:35:25.593+0000] {processor.py:840} INFO - DAG(s) '01_hello_world' retrieved from /opt/airflow/dags/dag_01_hello_world.py
[2026-06-16T13:35:25.636+0000] {logging_mixin.py:188} INFO - [2026-06-16T13:35:25.635+0000] {dag.py:3089} INFO - Sync 1 DAGs
[2026-06-16T13:35:25.656+0000] {logging_mixin.py:188} INFO - [2026-06-16T13:35:25.655+0000] {dag.py:3947} INFO - Setting next_dagrun for 01_hello_world to None, run_after=None
[2026-06-16T13:35:25.685+0000] {processor.py:183} INFO - Processing /opt/airflow/dags/dag_01_hello_world.py took 0.112 seconds
[2026-06-16T13:35:55.777+0000] {processor.py:161} INFO - Started process (PID=6326) to work on /opt/airflow/dags/dag_01_hello_world.py
[2026-06-16T13:35:55.781+0000] {processor.py:830} INFO - Processing file /opt/airflow/dags/dag_01_hello_world.py for tasks to queue
[2026-06-16T13:35:55.783+0000] {logging_mixin.py:188} INFO - [2026-06-16T13:35:55.783+0000] {dagbag.py:545} INFO - Filling up the DagBag from /opt/airflow/dags/dag_01_hello_world.py
[2026-06-16T13:35:55.792+0000] {processor.py:840} INFO - DAG(s) '01_hello_world' retrieved from /opt/airflow/dags/dag_01_hello_world.py
[2026-06-16T13:35:55.837+0000] {logging_mixin.py:188} INFO - [2026-06-16T13:35:55.836+0000] {dag.py:3089} INFO - Sync 1 DAGs
[2026-06-16T13:35:55.854+0000] {logging_mixin.py:188} INFO - [2026-06-16T13:35:55.854+0000] {dag.py:3947} INFO - Setting next_dagrun for 01_hello_world to None, run_after=None
[2026-06-16T13:35:55.882+0000] {processor.py:183} INFO - Processing /opt/airflow/dags/dag_01_hello_world.py took 0.114 seconds
[2026-06-16T13:36:25.979+0000] {processor.py:161} INFO - Started process (PID=6366) to work on /opt/airflow/dags/dag_01_hello_world.py
[2026-06-16T13:36:25.981+0000] {processor.py:830} INFO - Processing file /opt/airflow/dags/dag_01_hello_world.py for tasks to queue
[2026-06-16T13:36:25.983+0000] {logging_mixin.py:188} INFO - [2026-06-16T13:36:25.982+0000] {dagbag.py:545} INFO - Filling up the DagBag from /opt/airflow/dags/dag_01_hello_world.py
[2026-06-16T13:36:25.993+0000] {processor.py:840} INFO - DAG(s) '01_hello_world' retrieved from /opt/airflow/dags/dag_01_hello_world.py
[2026-06-16T13:36:26.036+0000] {logging_mixin.py:188} INFO - [2026-06-16T13:36:26.036+0000] {dag.py:3089} INFO - Sync 1 DAGs
[2026-06-16T13:36:26.054+0000] {logging_mixin.py:188} INFO - [2026-06-16T13:36:26.053+0000] {dag.py:3947} INFO - Setting next_dagrun for 01_hello_world to None, run_after=None
[2026-06-16T13:36:26.079+0000] {processor.py:183} INFO - Processing /opt/airflow/dags/dag_01_hello_world.py took 0.109 seconds
[2026-06-16T13:36:56.170+0000] {processor.py:161} INFO - Started process (PID=6406) to work on /opt/airflow/dags/dag_01_hello_world.py
[2026-06-16T13:36:56.174+0000] {processor.py:830} INFO - Processing file /opt/airflow/dags/dag_01_hello_world.py for tasks to queue
[2026-06-16T13:36:56.177+0000] {logging_mixin.py:188} INFO - [2026-06-16T13:36:56.176+0000] {dagbag.py:545} INFO - Filling up the DagBag from /opt/airflow/dags/dag_01_hello_world.py
[2026-06-16T13:36:56.187+0000] {processor.py:840} INFO - DAG(s) '01_hello_world' retrieved from /opt/airflow/dags/dag_01_hello_world.py
[2026-06-16T13:36:56.233+0000] {logging_mixin.py:188} INFO - [2026-06-16T13:36:56.233+0000] {dag.py:3089} INFO - Sync 1 DAGs
[2026-06-16T13:36:56.249+0000] {logging_mixin.py:188} INFO - [2026-06-16T13:36:56.249+0000] {dag.py:3947} INFO - Setting next_dagrun for 01_hello_world to None, run_after=None
[2026-06-16T13:36:56.276+0000] {processor.py:183} INFO - Processing /opt/airflow/dags/dag_01_hello_world.py took 0.114 seconds
[2026-06-16T13:37:26.369+0000] {processor.py:161} INFO - Started process (PID=6446) to work on /opt/airflow/dags/dag_01_hello_world.py
[2026-06-16T13:37:26.370+0000] {processor.py:830} INFO - Processing file /opt/airflow/dags/dag_01_hello_world.py for tasks to queue
[2026-06-16T13:37:26.372+0000] {logging_mixin.py:188} INFO - [2026-06-16T13:37:26.372+0000] {dagbag.py:545} INFO - Filling up the DagBag from /opt/airflow/dags/dag_01_hello_world.py
[2026-06-16T13:37:26.382+0000] {processor.py:840} INFO - DAG(s) '01_hello_world' retrieved from /opt/airflow/dags/dag_01_hello_world.py
[2026-06-16T13:37:26.430+0000] {logging_mixin.py:188} INFO - [2026-06-16T13:37:26.430+0000] {dag.py:3089} INFO - Sync 1 DAGs
[2026-06-16T13:37:26.448+0000] {logging_mixin.py:188} INFO - [2026-06-16T13:37:26.448+0000] {dag.py:3947} INFO - Setting next_dagrun for 01_hello_world to None, run_after=None
[2026-06-16T13:37:26.474+0000] {processor.py:183} INFO - Processing /opt/airflow/dags/dag_01_hello_world.py took 0.114 seconds
[2026-06-16T13:37:56.585+0000] {processor.py:161} INFO - Started process (PID=6486) to work on /opt/airflow/dags/dag_01_hello_world.py
[2026-06-16T13:37:56.590+0000] {processor.py:830} INFO - Processing file /opt/airflow/dags/dag_01_hello_world.py for tasks to queue
[2026-06-16T13:37:56.593+0000] {logging_mixin.py:188} INFO - [2026-06-16T13:37:56.592+0000] {dagbag.py:545} INFO - Filling up the DagBag from /opt/airflow/dags/dag_01_hello_world.py
[2026-06-16T13:37:56.602+0000] {processor.py:840} INFO - DAG(s) '01_hello_world' retrieved from /opt/airflow/dags/dag_01_hello_world.py
[2026-06-16T13:37:56.646+0000] {logging_mixin.py:188} INFO - [2026-06-16T13:37:56.646+0000] {dag.py:3089} INFO - Sync 1 DAGs
[2026-06-16T13:37:56.662+0000] {logging_mixin.py:188} INFO - [2026-06-16T13:37:56.662+0000] {dag.py:3947} INFO - Setting next_dagrun for 01_hello_world to None, run_after=None
[2026-06-16T13:37:56.689+0000] {processor.py:183} INFO - Processing /opt/airflow/dags/dag_01_hello_world.py took 0.113 seconds
[2026-06-16T13:38:26.798+0000] {processor.py:161} INFO - Started process (PID=6526) to work on /opt/airflow/dags/dag_01_hello_world.py
[2026-06-16T13:38:26.799+0000] {processor.py:830} INFO - Processing file /opt/airflow/dags/dag_01_hello_world.py for tasks to queue
[2026-06-16T13:38:26.801+0000] {logging_mixin.py:188} INFO - [2026-06-16T13:38:26.801+0000] {dagbag.py:545} INFO - Filling up the DagBag from /opt/airflow/dags/dag_01_hello_world.py
[2026-06-16T13:38:26.809+0000] {processor.py:840} INFO - DAG(s) '01_hello_world' retrieved from /opt/airflow/dags/dag_01_hello_world.py
[2026-06-16T13:38:26.860+0000] {logging_mixin.py:188} INFO - [2026-06-16T13:38:26.859+0000] {dag.py:3089} INFO - Sync 1 DAGs
[2026-06-16T13:38:26.879+0000] {logging_mixin.py:188} INFO - [2026-06-16T13:38:26.879+0000] {dag.py:3947} INFO - Setting next_dagrun for 01_hello_world to None, run_after=None
[2026-06-16T13:38:26.908+0000] {processor.py:183} INFO - Processing /opt/airflow/dags/dag_01_hello_world.py took 0.119 seconds
[2026-06-16T13:38:57.798+0000] {processor.py:161} INFO - Started process (PID=6566) to work on /opt/airflow/dags/dag_01_hello_world.py
[2026-06-16T13:38:57.800+0000] {processor.py:830} INFO - Processing file /opt/airflow/dags/dag_01_hello_world.py for tasks to queue
[2026-06-16T13:38:57.802+0000] {logging_mixin.py:188} INFO - [2026-06-16T13:38:57.801+0000] {dagbag.py:545} INFO - Filling up the DagBag from /opt/airflow/dags/dag_01_hello_world.py
[2026-06-16T13:38:57.810+0000] {processor.py:840} INFO - DAG(s) '01_hello_world' retrieved from /opt/airflow/dags/dag_01_hello_world.py
[2026-06-16T13:38:57.852+0000] {logging_mixin.py:188} INFO - [2026-06-16T13:38:57.852+0000] {dag.py:3089} INFO - Sync 1 DAGs
[2026-06-16T13:38:57.868+0000] {logging_mixin.py:188} INFO - [2026-06-16T13:38:57.868+0000] {dag.py:3947} INFO - Setting next_dagrun for 01_hello_world to None, run_after=None
[2026-06-16T13:38:57.895+0000] {processor.py:183} INFO - Processing /opt/airflow/dags/dag_01_hello_world.py took 0.106 seconds
[2026-06-16T13:39:28.750+0000] {processor.py:161} INFO - Started process (PID=6606) to work on /opt/airflow/dags/dag_01_hello_world.py
[2026-06-16T13:39:28.753+0000] {processor.py:830} INFO - Processing file /opt/airflow/dags/dag_01_hello_world.py for tasks to queue
[2026-06-16T13:39:28.756+0000] {logging_mixin.py:188} INFO - [2026-06-16T13:39:28.755+0000] {dagbag.py:545} INFO - Filling up the DagBag from /opt/airflow/dags/dag_01_hello_world.py
[2026-06-16T13:39:28.768+0000] {processor.py:840} INFO - DAG(s) '01_hello_world' retrieved from /opt/airflow/dags/dag_01_hello_world.py
[2026-06-16T13:39:28.818+0000] {logging_mixin.py:188} INFO - [2026-06-16T13:39:28.817+0000] {dag.py:3089} INFO - Sync 1 DAGs
[2026-06-16T13:39:28.836+0000] {logging_mixin.py:188} INFO - [2026-06-16T13:39:28.836+0000] {dag.py:3947} INFO - Setting next_dagrun for 01_hello_world to None, run_after=None
[2026-06-16T13:39:28.861+0000] {processor.py:183} INFO - Processing /opt/airflow/dags/dag_01_hello_world.py took 0.122 seconds
[2026-06-16T13:39:59.038+0000] {processor.py:161} INFO - Started process (PID=6646) to work on /opt/airflow/dags/dag_01_hello_world.py
[2026-06-16T13:39:59.040+0000] {processor.py:830} INFO - Processing file /opt/airflow/dags/dag_01_hello_world.py for tasks to queue
[2026-06-16T13:39:59.043+0000] {logging_mixin.py:188} INFO - [2026-06-16T13:39:59.042+0000] {dagbag.py:545} INFO - Filling up the DagBag from /opt/airflow/dags/dag_01_hello_world.py
[2026-06-16T13:39:59.058+0000] {processor.py:840} INFO - DAG(s) '01_hello_world' retrieved from /opt/airflow/dags/dag_01_hello_world.py
[2026-06-16T13:39:59.103+0000] {logging_mixin.py:188} INFO - [2026-06-16T13:39:59.103+0000] {dag.py:3089} INFO - Sync 1 DAGs
[2026-06-16T13:39:59.123+0000] {logging_mixin.py:188} INFO - [2026-06-16T13:39:59.123+0000] {dag.py:3947} INFO - Setting next_dagrun for 01_hello_world to None, run_after=None
[2026-06-16T13:39:59.150+0000] {processor.py:183} INFO - Processing /opt/airflow/dags/dag_01_hello_world.py took 0.120 seconds
[2026-06-16T13:40:30.116+0000] {processor.py:161} INFO - Started process (PID=6686) to work on /opt/airflow/dags/dag_01_hello_world.py
[2026-06-16T13:40:30.117+0000] {processor.py:830} INFO - Processing file /opt/airflow/dags/dag_01_hello_world.py for tasks to queue
[2026-06-16T13:40:30.119+0000] {logging_mixin.py:188} INFO - [2026-06-16T13:40:30.119+0000] {dagbag.py:545} INFO - Filling up the DagBag from /opt/airflow/dags/dag_01_hello_world.py
[2026-06-16T13:40:30.127+0000] {processor.py:840} INFO - DAG(s) '01_hello_world' retrieved from /opt/airflow/dags/dag_01_hello_world.py
[2026-06-16T13:40:30.170+0000] {logging_mixin.py:188} INFO - [2026-06-16T13:40:30.170+0000] {dag.py:3089} INFO - Sync 1 DAGs
[2026-06-16T13:40:30.188+0000] {logging_mixin.py:188} INFO - [2026-06-16T13:40:30.187+0000] {dag.py:3947} INFO - Setting next_dagrun for 01_hello_world to None, run_after=None
[2026-06-16T13:40:30.214+0000] {processor.py:183} INFO - Processing /opt/airflow/dags/dag_01_hello_world.py took 0.107 seconds
[2026-06-16T13:41:00.326+0000] {processor.py:161} INFO - Started process (PID=6726) to work on /opt/airflow/dags/dag_01_hello_world.py
[2026-06-16T13:41:00.327+0000] {processor.py:830} INFO - Processing file /opt/airflow/dags/dag_01_hello_world.py for tasks to queue
[2026-06-16T13:41:00.329+0000] {logging_mixin.py:188} INFO - [2026-06-16T13:41:00.329+0000] {dagbag.py:545} INFO - Filling up the DagBag from /opt/airflow/dags/dag_01_hello_world.py
[2026-06-16T13:41:00.337+0000] {processor.py:840} INFO - DAG(s) '01_hello_world' retrieved from /opt/airflow/dags/dag_01_hello_world.py
[2026-06-16T13:41:00.375+0000] {logging_mixin.py:188} INFO - [2026-06-16T13:41:00.375+0000] {dag.py:3089} INFO - Sync 1 DAGs
[2026-06-16T13:41:00.390+0000] {logging_mixin.py:188} INFO - [2026-06-16T13:41:00.390+0000] {dag.py:3947} INFO - Setting next_dagrun for 01_hello_world to None, run_after=None
[2026-06-16T13:41:00.416+0000] {processor.py:183} INFO - Processing /opt/airflow/dags/dag_01_hello_world.py took 0.097 seconds
[2026-06-16T13:41:30.496+0000] {processor.py:161} INFO - Started process (PID=6766) to work on /opt/airflow/dags/dag_01_hello_world.py
[2026-06-16T13:41:30.497+0000] {processor.py:830} INFO - Processing file /opt/airflow/dags/dag_01_hello_world.py for tasks to queue
[2026-06-16T13:41:30.500+0000] {logging_mixin.py:188} INFO - [2026-06-16T13:41:30.499+0000] {dagbag.py:545} INFO - Filling up the DagBag from /opt/airflow/dags/dag_01_hello_world.py
[2026-06-16T13:41:30.509+0000] {processor.py:840} INFO - DAG(s) '01_hello_world' retrieved from /opt/airflow/dags/dag_01_hello_world.py
[2026-06-16T13:41:30.559+0000] {logging_mixin.py:188} INFO - [2026-06-16T13:41:30.558+0000] {dag.py:3089} INFO - Sync 1 DAGs
[2026-06-16T13:41:30.579+0000] {logging_mixin.py:188} INFO - [2026-06-16T13:41:30.579+0000] {dag.py:3947} INFO - Setting next_dagrun for 01_hello_world to None, run_after=None
[2026-06-16T13:41:30.604+0000] {processor.py:183} INFO - Processing /opt/airflow/dags/dag_01_hello_world.py took 0.117 seconds
[2026-06-16T13:42:01.596+0000] {processor.py:161} INFO - Started process (PID=6806) to work on /opt/airflow/dags/dag_01_hello_world.py
[2026-06-16T13:42:01.597+0000] {processor.py:830} INFO - Processing file /opt/airflow/dags/dag_01_hello_world.py for tasks to queue
[2026-06-16T13:42:01.600+0000] {logging_mixin.py:188} INFO - [2026-06-16T13:42:01.599+0000] {dagbag.py:545} INFO - Filling up the DagBag from /opt/airflow/dags/dag_01_hello_world.py
[2026-06-16T13:42:01.609+0000] {processor.py:840} INFO - DAG(s) '01_hello_world' retrieved from /opt/airflow/dags/dag_01_hello_world.py
[2026-06-16T13:42:01.655+0000] {logging_mixin.py:188} INFO - [2026-06-16T13:42:01.655+0000] {dag.py:3089} INFO - Sync 1 DAGs
[2026-06-16T13:42:01.671+0000] {logging_mixin.py:188} INFO - [2026-06-16T13:42:01.670+0000] {dag.py:3947} INFO - Setting next_dagrun for 01_hello_world to None, run_after=None
[2026-06-16T13:42:01.699+0000] {processor.py:183} INFO - Processing /opt/airflow/dags/dag_01_hello_world.py took 0.111 seconds
[2026-06-16T13:42:32.678+0000] {processor.py:161} INFO - Started process (PID=6846) to work on /opt/airflow/dags/dag_01_hello_world.py
[2026-06-16T13:42:32.680+0000] {processor.py:830} INFO - Processing file /opt/airflow/dags/dag_01_hello_world.py for tasks to queue
[2026-06-16T13:42:32.685+0000] {logging_mixin.py:188} INFO - [2026-06-16T13:42:32.684+0000] {dagbag.py:545} INFO - Filling up the DagBag from /opt/airflow/dags/dag_01_hello_world.py
[2026-06-16T13:42:32.698+0000] {processor.py:840} INFO - DAG(s) '01_hello_world' retrieved from /opt/airflow/dags/dag_01_hello_world.py
[2026-06-16T13:42:32.745+0000] {logging_mixin.py:188} INFO - [2026-06-16T13:42:32.744+0000] {dag.py:3089} INFO - Sync 1 DAGs
[2026-06-16T13:42:32.764+0000] {logging_mixin.py:188} INFO - [2026-06-16T13:42:32.764+0000] {dag.py:3947} INFO - Setting next_dagrun for 01_hello_world to None, run_after=None
[2026-06-16T13:42:32.796+0000] {processor.py:183} INFO - Processing /opt/airflow/dags/dag_01_hello_world.py took 0.128 seconds
[2026-06-16T13:43:02.892+0000] {processor.py:161} INFO - Started process (PID=6886) to work on /opt/airflow/dags/dag_01_hello_world.py
[2026-06-16T13:43:02.893+0000] {processor.py:830} INFO - Processing file /opt/airflow/dags/dag_01_hello_world.py for tasks to queue
[2026-06-16T13:43:02.896+0000] {logging_mixin.py:188} INFO - [2026-06-16T13:43:02.895+0000] {dagbag.py:545} INFO - Filling up the DagBag from /opt/airflow/dags/dag_01_hello_world.py
[2026-06-16T13:43:02.906+0000] {processor.py:840} INFO - DAG(s) '01_hello_world' retrieved from /opt/airflow/dags/dag_01_hello_world.py
[2026-06-16T13:43:02.950+0000] {logging_mixin.py:188} INFO - [2026-06-16T13:43:02.950+0000] {dag.py:3089} INFO - Sync 1 DAGs
[2026-06-16T13:43:02.971+0000] {logging_mixin.py:188} INFO - [2026-06-16T13:43:02.971+0000] {dag.py:3947} INFO - Setting next_dagrun for 01_hello_world to None, run_after=None
[2026-06-16T13:43:02.998+0000] {processor.py:183} INFO - Processing /opt/airflow/dags/dag_01_hello_world.py took 0.115 seconds
[2026-06-16T13:43:33.227+0000] {processor.py:161} INFO - Started process (PID=6926) to work on /opt/airflow/dags/dag_01_hello_world.py
[2026-06-16T13:43:33.228+0000] {processor.py:830} INFO - Processing file /opt/airflow/dags/dag_01_hello_world.py for tasks to queue
[2026-06-16T13:43:33.231+0000] {logging_mixin.py:188} INFO - [2026-06-16T13:43:33.230+0000] {dagbag.py:545} INFO - Filling up the DagBag from /opt/airflow/dags/dag_01_hello_world.py
[2026-06-16T13:43:33.240+0000] {processor.py:840} INFO - DAG(s) '01_hello_world' retrieved from /opt/airflow/dags/dag_01_hello_world.py
[2026-06-16T13:43:33.283+0000] {logging_mixin.py:188} INFO - [2026-06-16T13:43:33.283+0000] {dag.py:3089} INFO - Sync 1 DAGs
[2026-06-16T13:43:33.299+0000] {logging_mixin.py:188} INFO - [2026-06-16T13:43:33.299+0000] {dag.py:3947} INFO - Setting next_dagrun for 01_hello_world to None, run_after=None
[2026-06-16T13:43:33.329+0000] {processor.py:183} INFO - Processing /opt/airflow/dags/dag_01_hello_world.py took 0.111 seconds
[2026-06-16T13:44:04.200+0000] {processor.py:161} INFO - Started process (PID=6966) to work on /opt/airflow/dags/dag_01_hello_world.py
[2026-06-16T13:44:04.201+0000] {processor.py:830} INFO - Processing file /opt/airflow/dags/dag_01_hello_world.py for tasks to queue
[2026-06-16T13:44:04.207+0000] {logging_mixin.py:188} INFO - [2026-06-16T13:44:04.206+0000] {dagbag.py:545} INFO - Filling up the DagBag from /opt/airflow/dags/dag_01_hello_world.py
[2026-06-16T13:44:04.222+0000] {processor.py:840} INFO - DAG(s) '01_hello_world' retrieved from /opt/airflow/dags/dag_01_hello_world.py
[2026-06-16T13:44:04.295+0000] {logging_mixin.py:188} INFO - [2026-06-16T13:44:04.295+0000] {dag.py:3089} INFO - Sync 1 DAGs
[2026-06-16T13:44:04.325+0000] {logging_mixin.py:188} INFO - [2026-06-16T13:44:04.325+0000] {dag.py:3947} INFO - Setting next_dagrun for 01_hello_world to None, run_after=None
[2026-06-16T13:44:04.353+0000] {processor.py:183} INFO - Processing /opt/airflow/dags/dag_01_hello_world.py took 0.165 seconds
[2026-06-16T13:44:34.393+0000] {processor.py:161} INFO - Started process (PID=7003) to work on /opt/airflow/dags/dag_01_hello_world.py
[2026-06-16T13:44:34.394+0000] {processor.py:830} INFO - Processing file /opt/airflow/dags/dag_01_hello_world.py for tasks to queue
[2026-06-16T13:44:34.396+0000] {logging_mixin.py:188} INFO - [2026-06-16T13:44:34.396+0000] {dagbag.py:545} INFO - Filling up the DagBag from /opt/airflow/dags/dag_01_hello_world.py
[2026-06-16T13:44:34.405+0000] {processor.py:840} INFO - DAG(s) '01_hello_world' retrieved from /opt/airflow/dags/dag_01_hello_world.py
[2026-06-16T13:44:34.442+0000] {logging_mixin.py:188} INFO - [2026-06-16T13:44:34.441+0000] {dag.py:3089} INFO - Sync 1 DAGs
[2026-06-16T13:44:34.455+0000] {logging_mixin.py:188} INFO - [2026-06-16T13:44:34.455+0000] {dag.py:3947} INFO - Setting next_dagrun for 01_hello_world to None, run_after=None
[2026-06-16T13:44:34.481+0000] {processor.py:183} INFO - Processing /opt/airflow/dags/dag_01_hello_world.py took 0.096 seconds
[2026-06-16T13:45:04.832+0000] {processor.py:161} INFO - Started process (PID=7046) to work on /opt/airflow/dags/dag_01_hello_world.py
[2026-06-16T13:45:04.833+0000] {processor.py:830} INFO - Processing file /opt/airflow/dags/dag_01_hello_world.py for tasks to queue
[2026-06-16T13:45:04.836+0000] {logging_mixin.py:188} INFO - [2026-06-16T13:45:04.836+0000] {dagbag.py:545} INFO - Filling up the DagBag from /opt/airflow/dags/dag_01_hello_world.py
[2026-06-16T13:45:04.851+0000] {processor.py:840} INFO - DAG(s) '01_hello_world' retrieved from /opt/airflow/dags/dag_01_hello_world.py
[2026-06-16T13:45:04.903+0000] {logging_mixin.py:188} INFO - [2026-06-16T13:45:04.903+0000] {dag.py:3089} INFO - Sync 1 DAGs
[2026-06-16T13:45:04.928+0000] {logging_mixin.py:188} INFO - [2026-06-16T13:45:04.927+0000] {dag.py:3947} INFO - Setting next_dagrun for 01_hello_world to None, run_after=None
[2026-06-16T13:45:04.952+0000] {processor.py:183} INFO - Processing /opt/airflow/dags/dag_01_hello_world.py took 0.129 seconds
[2026-06-16T13:45:35.931+0000] {processor.py:161} INFO - Started process (PID=7086) to work on /opt/airflow/dags/dag_01_hello_world.py
[2026-06-16T13:45:35.932+0000] {processor.py:830} INFO - Processing file /opt/airflow/dags/dag_01_hello_world.py for tasks to queue
[2026-06-16T13:45:35.935+0000] {logging_mixin.py:188} INFO - [2026-06-16T13:45:35.935+0000] {dagbag.py:545} INFO - Filling up the DagBag from /opt/airflow/dags/dag_01_hello_world.py
[2026-06-16T13:45:35.944+0000] {processor.py:840} INFO - DAG(s) '01_hello_world' retrieved from /opt/airflow/dags/dag_01_hello_world.py
[2026-06-16T13:45:35.988+0000] {logging_mixin.py:188} INFO - [2026-06-16T13:45:35.988+0000] {dag.py:3089} INFO - Sync 1 DAGs
[2026-06-16T13:45:36.004+0000] {logging_mixin.py:188} INFO - [2026-06-16T13:45:36.004+0000] {dag.py:3947} INFO - Setting next_dagrun for 01_hello_world to None, run_after=None
[2026-06-16T13:45:36.031+0000] {processor.py:183} INFO - Processing /opt/airflow/dags/dag_01_hello_world.py took 0.110 seconds
[2026-06-16T13:46:06.066+0000] {processor.py:161} INFO - Started process (PID=7123) to work on /opt/airflow/dags/dag_01_hello_world.py
[2026-06-16T13:46:06.076+0000] {processor.py:830} INFO - Processing file /opt/airflow/dags/dag_01_hello_world.py for tasks to queue
[2026-06-16T13:46:06.078+0000] {logging_mixin.py:188} INFO - [2026-06-16T13:46:06.078+0000] {dagbag.py:545} INFO - Filling up the DagBag from /opt/airflow/dags/dag_01_hello_world.py
[2026-06-16T13:46:06.086+0000] {processor.py:840} INFO - DAG(s) '01_hello_world' retrieved from /opt/airflow/dags/dag_01_hello_world.py
[2026-06-16T13:46:06.129+0000] {logging_mixin.py:188} INFO - [2026-06-16T13:46:06.129+0000] {dag.py:3089} INFO - Sync 1 DAGs
[2026-06-16T13:46:06.143+0000] {logging_mixin.py:188} INFO - [2026-06-16T13:46:06.143+0000] {dag.py:3947} INFO - Setting next_dagrun for 01_hello_world to None, run_after=None
[2026-06-16T13:46:06.166+0000] {processor.py:183} INFO - Processing /opt/airflow/dags/dag_01_hello_world.py took 0.107 seconds
[2026-06-16T13:46:36.534+0000] {processor.py:161} INFO - Started process (PID=7166) to work on /opt/airflow/dags/dag_01_hello_world.py
[2026-06-16T13:46:36.535+0000] {processor.py:830} INFO - Processing file /opt/airflow/dags/dag_01_hello_world.py for tasks to queue
[2026-06-16T13:46:36.538+0000] {logging_mixin.py:188} INFO - [2026-06-16T13:46:36.537+0000] {dagbag.py:545} INFO - Filling up the DagBag from /opt/airflow/dags/dag_01_hello_world.py
[2026-06-16T13:46:36.546+0000] {processor.py:840} INFO - DAG(s) '01_hello_world' retrieved from /opt/airflow/dags/dag_01_hello_world.py
[2026-06-16T13:46:36.590+0000] {logging_mixin.py:188} INFO - [2026-06-16T13:46:36.590+0000] {dag.py:3089} INFO - Sync 1 DAGs
[2026-06-16T13:46:36.607+0000] {logging_mixin.py:188} INFO - [2026-06-16T13:46:36.607+0000] {dag.py:3947} INFO - Setting next_dagrun for 01_hello_world to None, run_after=None
[2026-06-16T13:46:36.635+0000] {processor.py:183} INFO - Processing /opt/airflow/dags/dag_01_hello_world.py took 0.111 seconds
[2026-06-16T13:47:06.859+0000] {processor.py:161} INFO - Started process (PID=7206) to work on /opt/airflow/dags/dag_01_hello_world.py
[2026-06-16T13:47:06.861+0000] {processor.py:830} INFO - Processing file /opt/airflow/dags/dag_01_hello_world.py for tasks to queue
[2026-06-16T13:47:06.862+0000] {logging_mixin.py:188} INFO - [2026-06-16T13:47:06.862+0000] {dagbag.py:545} INFO - Filling up the DagBag from /opt/airflow/dags/dag_01_hello_world.py
[2026-06-16T13:47:06.870+0000] {processor.py:840} INFO - DAG(s) '01_hello_world' retrieved from /opt/airflow/dags/dag_01_hello_world.py
[2026-06-16T13:47:06.912+0000] {logging_mixin.py:188} INFO - [2026-06-16T13:47:06.912+0000] {dag.py:3089} INFO - Sync 1 DAGs
[2026-06-16T13:47:06.927+0000] {logging_mixin.py:188} INFO - [2026-06-16T13:47:06.927+0000] {dag.py:3947} INFO - Setting next_dagrun for 01_hello_world to None, run_after=None
[2026-06-16T13:47:06.955+0000] {processor.py:183} INFO - Processing /opt/airflow/dags/dag_01_hello_world.py took 0.102 seconds
[2026-06-16T13:47:37.644+0000] {processor.py:161} INFO - Started process (PID=7246) to work on /opt/airflow/dags/dag_01_hello_world.py
[2026-06-16T13:47:37.644+0000] {processor.py:830} INFO - Processing file /opt/airflow/dags/dag_01_hello_world.py for tasks to queue
[2026-06-16T13:47:37.646+0000] {logging_mixin.py:188} INFO - [2026-06-16T13:47:37.646+0000] {dagbag.py:545} INFO - Filling up the DagBag from /opt/airflow/dags/dag_01_hello_world.py
[2026-06-16T13:47:37.654+0000] {processor.py:840} INFO - DAG(s) '01_hello_world' retrieved from /opt/airflow/dags/dag_01_hello_world.py
[2026-06-16T13:47:37.693+0000] {logging_mixin.py:188} INFO - [2026-06-16T13:47:37.693+0000] {dag.py:3089} INFO - Sync 1 DAGs
[2026-06-16T13:47:37.708+0000] {logging_mixin.py:188} INFO - [2026-06-16T13:47:37.708+0000] {dag.py:3947} INFO - Setting next_dagrun for 01_hello_world to None, run_after=None
[2026-06-16T13:47:37.732+0000] {processor.py:183} INFO - Processing /opt/airflow/dags/dag_01_hello_world.py took 0.096 seconds
[2026-06-16T13:48:07.772+0000] {processor.py:161} INFO - Started process (PID=7281) to work on /opt/airflow/dags/dag_01_hello_world.py
[2026-06-16T13:48:07.774+0000] {processor.py:830} INFO - Processing file /opt/airflow/dags/dag_01_hello_world.py for tasks to queue
[2026-06-16T13:48:07.777+0000] {logging_mixin.py:188} INFO - [2026-06-16T13:48:07.776+0000] {dagbag.py:545} INFO - Filling up the DagBag from /opt/airflow/dags/dag_01_hello_world.py
[2026-06-16T13:48:07.787+0000] {processor.py:840} INFO - DAG(s) '01_hello_world' retrieved from /opt/airflow/dags/dag_01_hello_world.py
[2026-06-16T13:48:07.829+0000] {logging_mixin.py:188} INFO - [2026-06-16T13:48:07.829+0000] {dag.py:3089} INFO - Sync 1 DAGs
[2026-06-16T13:48:07.846+0000] {logging_mixin.py:188} INFO - [2026-06-16T13:48:07.845+0000] {dag.py:3947} INFO - Setting next_dagrun for 01_hello_world to None, run_after=None
[2026-06-16T13:48:07.869+0000] {processor.py:183} INFO - Processing /opt/airflow/dags/dag_01_hello_world.py took 0.107 seconds
[2026-06-16T13:48:38.474+0000] {processor.py:161} INFO - Started process (PID=7326) to work on /opt/airflow/dags/dag_01_hello_world.py
[2026-06-16T13:48:38.475+0000] {processor.py:830} INFO - Processing file /opt/airflow/dags/dag_01_hello_world.py for tasks to queue
[2026-06-16T13:48:38.478+0000] {logging_mixin.py:188} INFO - [2026-06-16T13:48:38.477+0000] {dagbag.py:545} INFO - Filling up the DagBag from /opt/airflow/dags/dag_01_hello_world.py
[2026-06-16T13:48:38.487+0000] {processor.py:840} INFO - DAG(s) '01_hello_world' retrieved from /opt/airflow/dags/dag_01_hello_world.py
[2026-06-16T13:48:38.526+0000] {logging_mixin.py:188} INFO - [2026-06-16T13:48:38.526+0000] {dag.py:3089} INFO - Sync 1 DAGs
[2026-06-16T13:48:38.541+0000] {logging_mixin.py:188} INFO - [2026-06-16T13:48:38.540+0000] {dag.py:3947} INFO - Setting next_dagrun for 01_hello_world to None, run_after=None
[2026-06-16T13:48:38.563+0000] {processor.py:183} INFO - Processing /opt/airflow/dags/dag_01_hello_world.py took 0.097 seconds
[2026-06-16T13:49:09.209+0000] {processor.py:161} INFO - Started process (PID=7368) to work on /opt/airflow/dags/dag_01_hello_world.py
[2026-06-16T13:49:09.210+0000] {processor.py:830} INFO - Processing file /opt/airflow/dags/dag_01_hello_world.py for tasks to queue
[2026-06-16T13:49:09.213+0000] {logging_mixin.py:188} INFO - [2026-06-16T13:49:09.213+0000] {dagbag.py:545} INFO - Filling up the DagBag from /opt/airflow/dags/dag_01_hello_world.py
[2026-06-16T13:49:09.221+0000] {processor.py:840} INFO - DAG(s) '01_hello_world' retrieved from /opt/airflow/dags/dag_01_hello_world.py
[2026-06-16T13:49:09.258+0000] {logging_mixin.py:188} INFO - [2026-06-16T13:49:09.258+0000] {dag.py:3089} INFO - Sync 1 DAGs
[2026-06-16T13:49:09.274+0000] {logging_mixin.py:188} INFO - [2026-06-16T13:49:09.274+0000] {dag.py:3947} INFO - Setting next_dagrun for 01_hello_world to None, run_after=None
[2026-06-16T13:49:09.297+0000] {processor.py:183} INFO - Processing /opt/airflow/dags/dag_01_hello_world.py took 0.096 seconds
[2026-06-16T13:49:39.525+0000] {processor.py:161} INFO - Started process (PID=7408) to work on /opt/airflow/dags/dag_01_hello_world.py
[2026-06-16T13:49:39.526+0000] {processor.py:830} INFO - Processing file /opt/airflow/dags/dag_01_hello_world.py for tasks to queue
[2026-06-16T13:49:39.528+0000] {logging_mixin.py:188} INFO - [2026-06-16T13:49:39.528+0000] {dagbag.py:545} INFO - Filling up the DagBag from /opt/airflow/dags/dag_01_hello_world.py
[2026-06-16T13:49:39.538+0000] {processor.py:840} INFO - DAG(s) '01_hello_world' retrieved from /opt/airflow/dags/dag_01_hello_world.py
[2026-06-16T13:49:39.577+0000] {logging_mixin.py:188} INFO - [2026-06-16T13:49:39.577+0000] {dag.py:3089} INFO - Sync 1 DAGs
[2026-06-16T13:49:39.593+0000] {logging_mixin.py:188} INFO - [2026-06-16T13:49:39.593+0000] {dag.py:3947} INFO - Setting next_dagrun for 01_hello_world to None, run_after=None
[2026-06-16T13:49:39.617+0000] {processor.py:183} INFO - Processing /opt/airflow/dags/dag_01_hello_world.py took 0.098 seconds
[2026-06-16T13:50:09.786+0000] {processor.py:161} INFO - Started process (PID=7448) to work on /opt/airflow/dags/dag_01_hello_world.py
[2026-06-16T13:50:09.787+0000] {processor.py:830} INFO - Processing file /opt/airflow/dags/dag_01_hello_world.py for tasks to queue
[2026-06-16T13:50:09.789+0000] {logging_mixin.py:188} INFO - [2026-06-16T13:50:09.788+0000] {dagbag.py:545} INFO - Filling up the DagBag from /opt/airflow/dags/dag_01_hello_world.py
[2026-06-16T13:50:09.796+0000] {processor.py:840} INFO - DAG(s) '01_hello_world' retrieved from /opt/airflow/dags/dag_01_hello_world.py
[2026-06-16T13:50:09.832+0000] {logging_mixin.py:188} INFO - [2026-06-16T13:50:09.831+0000] {dag.py:3089} INFO - Sync 1 DAGs
[2026-06-16T13:50:09.846+0000] {logging_mixin.py:188} INFO - [2026-06-16T13:50:09.846+0000] {dag.py:3947} INFO - Setting next_dagrun for 01_hello_world to None, run_after=None
[2026-06-16T13:50:09.869+0000] {processor.py:183} INFO - Processing /opt/airflow/dags/dag_01_hello_world.py took 0.090 seconds
[2026-06-16T13:50:39.930+0000] {processor.py:161} INFO - Started process (PID=7486) to work on /opt/airflow/dags/dag_01_hello_world.py
[2026-06-16T13:50:39.931+0000] {processor.py:830} INFO - Processing file /opt/airflow/dags/dag_01_hello_world.py for tasks to queue
[2026-06-16T13:50:39.933+0000] {logging_mixin.py:188} INFO - [2026-06-16T13:50:39.933+0000] {dagbag.py:545} INFO - Filling up the DagBag from /opt/airflow/dags/dag_01_hello_world.py
[2026-06-16T13:50:39.943+0000] {processor.py:840} INFO - DAG(s) '01_hello_world' retrieved from /opt/airflow/dags/dag_01_hello_world.py
[2026-06-16T13:50:39.984+0000] {logging_mixin.py:188} INFO - [2026-06-16T13:50:39.984+0000] {dag.py:3089} INFO - Sync 1 DAGs
[2026-06-16T13:50:40.003+0000] {logging_mixin.py:188} INFO - [2026-06-16T13:50:40.003+0000] {dag.py:3947} INFO - Setting next_dagrun for 01_hello_world to None, run_after=None
[2026-06-16T13:50:40.030+0000] {processor.py:183} INFO - Processing /opt/airflow/dags/dag_01_hello_world.py took 0.110 seconds
[2026-06-16T13:51:10.127+0000] {processor.py:161} INFO - Started process (PID=7526) to work on /opt/airflow/dags/dag_01_hello_world.py
[2026-06-16T13:51:10.130+0000] {processor.py:830} INFO - Processing file /opt/airflow/dags/dag_01_hello_world.py for tasks to queue
[2026-06-16T13:51:10.132+0000] {logging_mixin.py:188} INFO - [2026-06-16T13:51:10.132+0000] {dagbag.py:545} INFO - Filling up the DagBag from /opt/airflow/dags/dag_01_hello_world.py
[2026-06-16T13:51:10.144+0000] {processor.py:840} INFO - DAG(s) '01_hello_world' retrieved from /opt/airflow/dags/dag_01_hello_world.py
[2026-06-16T13:51:10.185+0000] {logging_mixin.py:188} INFO - [2026-06-16T13:51:10.185+0000] {dag.py:3089} INFO - Sync 1 DAGs
[2026-06-16T13:51:10.202+0000] {logging_mixin.py:188} INFO - [2026-06-16T13:51:10.202+0000] {dag.py:3947} INFO - Setting next_dagrun for 01_hello_world to None, run_after=None
[2026-06-16T13:51:10.228+0000] {processor.py:183} INFO - Processing /opt/airflow/dags/dag_01_hello_world.py took 0.111 seconds
[2026-06-16T13:51:40.411+0000] {processor.py:161} INFO - Started process (PID=7566) to work on /opt/airflow/dags/dag_01_hello_world.py
[2026-06-16T13:51:40.412+0000] {processor.py:830} INFO - Processing file /opt/airflow/dags/dag_01_hello_world.py for tasks to queue
[2026-06-16T13:51:40.414+0000] {logging_mixin.py:188} INFO - [2026-06-16T13:51:40.414+0000] {dagbag.py:545} INFO - Filling up the DagBag from /opt/airflow/dags/dag_01_hello_world.py
[2026-06-16T13:51:40.423+0000] {processor.py:840} INFO - DAG(s) '01_hello_world' retrieved from /opt/airflow/dags/dag_01_hello_world.py
[2026-06-16T13:51:40.461+0000] {logging_mixin.py:188} INFO - [2026-06-16T13:51:40.461+0000] {dag.py:3089} INFO - Sync 1 DAGs
[2026-06-16T13:51:40.475+0000] {logging_mixin.py:188} INFO - [2026-06-16T13:51:40.475+0000] {dag.py:3947} INFO - Setting next_dagrun for 01_hello_world to None, run_after=None
[2026-06-16T13:51:40.499+0000] {processor.py:183} INFO - Processing /opt/airflow/dags/dag_01_hello_world.py took 0.096 seconds
[2026-06-16T13:52:10.717+0000] {processor.py:161} INFO - Started process (PID=7607) to work on /opt/airflow/dags/dag_01_hello_world.py
[2026-06-16T13:52:10.718+0000] {processor.py:830} INFO - Processing file /opt/airflow/dags/dag_01_hello_world.py for tasks to queue
[2026-06-16T13:52:10.721+0000] {logging_mixin.py:188} INFO - [2026-06-16T13:52:10.720+0000] {dagbag.py:545} INFO - Filling up the DagBag from /opt/airflow/dags/dag_01_hello_world.py
[2026-06-16T13:52:10.731+0000] {processor.py:840} INFO - DAG(s) '01_hello_world' retrieved from /opt/airflow/dags/dag_01_hello_world.py
[2026-06-16T13:52:10.770+0000] {logging_mixin.py:188} INFO - [2026-06-16T13:52:10.770+0000] {dag.py:3089} INFO - Sync 1 DAGs
[2026-06-16T13:52:10.785+0000] {logging_mixin.py:188} INFO - [2026-06-16T13:52:10.785+0000] {dag.py:3947} INFO - Setting next_dagrun for 01_hello_world to None, run_after=None
[2026-06-16T13:52:10.809+0000] {processor.py:183} INFO - Processing /opt/airflow/dags/dag_01_hello_world.py took 0.101 seconds
[2026-06-16T13:52:40.925+0000] {processor.py:161} INFO - Started process (PID=7648) to work on /opt/airflow/dags/dag_01_hello_world.py
[2026-06-16T13:52:40.926+0000] {processor.py:830} INFO - Processing file /opt/airflow/dags/dag_01_hello_world.py for tasks to queue
[2026-06-16T13:52:40.927+0000] {logging_mixin.py:188} INFO - [2026-06-16T13:52:40.927+0000] {dagbag.py:545} INFO - Filling up the DagBag from /opt/airflow/dags/dag_01_hello_world.py
[2026-06-16T13:52:40.935+0000] {processor.py:840} INFO - DAG(s) '01_hello_world' retrieved from /opt/airflow/dags/dag_01_hello_world.py
[2026-06-16T13:52:40.970+0000] {logging_mixin.py:188} INFO - [2026-06-16T13:52:40.969+0000] {dag.py:3089} INFO - Sync 1 DAGs
[2026-06-16T13:52:40.983+0000] {logging_mixin.py:188} INFO - [2026-06-16T13:52:40.983+0000] {dag.py:3947} INFO - Setting next_dagrun for 01_hello_world to None, run_after=None
[2026-06-16T13:52:41.003+0000] {processor.py:183} INFO - Processing /opt/airflow/dags/dag_01_hello_world.py took 0.085 seconds
[2026-06-16T13:53:11.186+0000] {processor.py:161} INFO - Started process (PID=7688) to work on /opt/airflow/dags/dag_01_hello_world.py
[2026-06-16T13:53:11.187+0000] {processor.py:830} INFO - Processing file /opt/airflow/dags/dag_01_hello_world.py for tasks to queue
[2026-06-16T13:53:11.189+0000] {logging_mixin.py:188} INFO - [2026-06-16T13:53:11.189+0000] {dagbag.py:545} INFO - Filling up the DagBag from /opt/airflow/dags/dag_01_hello_world.py
[2026-06-16T13:53:11.197+0000] {processor.py:840} INFO - DAG(s) '01_hello_world' retrieved from /opt/airflow/dags/dag_01_hello_world.py
[2026-06-16T13:53:11.234+0000] {logging_mixin.py:188} INFO - [2026-06-16T13:53:11.234+0000] {dag.py:3089} INFO - Sync 1 DAGs
[2026-06-16T13:53:11.248+0000] {logging_mixin.py:188} INFO - [2026-06-16T13:53:11.248+0000] {dag.py:3947} INFO - Setting next_dagrun for 01_hello_world to None, run_after=None
[2026-06-16T13:53:11.270+0000] {processor.py:183} INFO - Processing /opt/airflow/dags/dag_01_hello_world.py took 0.091 seconds
[2026-06-16T13:53:41.458+0000] {processor.py:161} INFO - Started process (PID=7728) to work on /opt/airflow/dags/dag_01_hello_world.py
[2026-06-16T13:53:41.460+0000] {processor.py:830} INFO - Processing file /opt/airflow/dags/dag_01_hello_world.py for tasks to queue
[2026-06-16T13:53:41.462+0000] {logging_mixin.py:188} INFO - [2026-06-16T13:53:41.462+0000] {dagbag.py:545} INFO - Filling up the DagBag from /opt/airflow/dags/dag_01_hello_world.py
[2026-06-16T13:53:41.473+0000] {processor.py:840} INFO - DAG(s) '01_hello_world' retrieved from /opt/airflow/dags/dag_01_hello_world.py
[2026-06-16T13:53:41.514+0000] {logging_mixin.py:188} INFO - [2026-06-16T13:53:41.513+0000] {dag.py:3089} INFO - Sync 1 DAGs
[2026-06-16T13:53:41.529+0000] {logging_mixin.py:188} INFO - [2026-06-16T13:53:41.528+0000] {dag.py:3947} INFO - Setting next_dagrun for 01_hello_world to None, run_after=None
[2026-06-16T13:53:41.554+0000] {processor.py:183} INFO - Processing /opt/airflow/dags/dag_01_hello_world.py took 0.106 seconds
[2026-06-16T13:54:11.708+0000] {processor.py:161} INFO - Started process (PID=7768) to work on /opt/airflow/dags/dag_01_hello_world.py
[2026-06-16T13:54:11.709+0000] {processor.py:830} INFO - Processing file /opt/airflow/dags/dag_01_hello_world.py for tasks to queue
[2026-06-16T13:54:11.711+0000] {logging_mixin.py:188} INFO - [2026-06-16T13:54:11.711+0000] {dagbag.py:545} INFO - Filling up the DagBag from /opt/airflow/dags/dag_01_hello_world.py
[2026-06-16T13:54:11.719+0000] {processor.py:840} INFO - DAG(s) '01_hello_world' retrieved from /opt/airflow/dags/dag_01_hello_world.py
[2026-06-16T13:54:11.756+0000] {logging_mixin.py:188} INFO - [2026-06-16T13:54:11.755+0000] {dag.py:3089} INFO - Sync 1 DAGs
[2026-06-16T13:54:11.769+0000] {logging_mixin.py:188} INFO - [2026-06-16T13:54:11.769+0000] {dag.py:3947} INFO - Setting next_dagrun for 01_hello_world to None, run_after=None
[2026-06-16T13:54:11.791+0000] {processor.py:183} INFO - Processing /opt/airflow/dags/dag_01_hello_world.py took 0.091 seconds
[2026-06-16T13:54:41.935+0000] {processor.py:161} INFO - Started process (PID=7808) to work on /opt/airflow/dags/dag_01_hello_world.py
[2026-06-16T13:54:41.936+0000] {processor.py:830} INFO - Processing file /opt/airflow/dags/dag_01_hello_world.py for tasks to queue
[2026-06-16T13:54:41.938+0000] {logging_mixin.py:188} INFO - [2026-06-16T13:54:41.937+0000] {dagbag.py:545} INFO - Filling up the DagBag from /opt/airflow/dags/dag_01_hello_world.py
[2026-06-16T13:54:41.945+0000] {processor.py:840} INFO - DAG(s) '01_hello_world' retrieved from /opt/airflow/dags/dag_01_hello_world.py
[2026-06-16T13:54:41.981+0000] {logging_mixin.py:188} INFO - [2026-06-16T13:54:41.981+0000] {dag.py:3089} INFO - Sync 1 DAGs
[2026-06-16T13:54:41.994+0000] {logging_mixin.py:188} INFO - [2026-06-16T13:54:41.994+0000] {dag.py:3947} INFO - Setting next_dagrun for 01_hello_world to None, run_after=None
[2026-06-16T13:54:42.019+0000] {processor.py:183} INFO - Processing /opt/airflow/dags/dag_01_hello_world.py took 0.091 seconds
[2026-06-16T13:55:12.117+0000] {processor.py:161} INFO - Started process (PID=7846) to work on /opt/airflow/dags/dag_01_hello_world.py
[2026-06-16T13:55:12.118+0000] {processor.py:830} INFO - Processing file /opt/airflow/dags/dag_01_hello_world.py for tasks to queue
[2026-06-16T13:55:12.121+0000] {logging_mixin.py:188} INFO - [2026-06-16T13:55:12.120+0000] {dagbag.py:545} INFO - Filling up the DagBag from /opt/airflow/dags/dag_01_hello_world.py
[2026-06-16T13:55:12.130+0000] {processor.py:840} INFO - DAG(s) '01_hello_world' retrieved from /opt/airflow/dags/dag_01_hello_world.py
[2026-06-16T13:55:12.169+0000] {logging_mixin.py:188} INFO - [2026-06-16T13:55:12.169+0000] {dag.py:3089} INFO - Sync 1 DAGs
[2026-06-16T13:55:12.187+0000] {logging_mixin.py:188} INFO - [2026-06-16T13:55:12.187+0000] {dag.py:3947} INFO - Setting next_dagrun for 01_hello_world to None, run_after=None
[2026-06-16T13:55:12.208+0000] {processor.py:183} INFO - Processing /opt/airflow/dags/dag_01_hello_world.py took 0.101 seconds
[2026-06-16T13:55:42.312+0000] {processor.py:161} INFO - Started process (PID=7886) to work on /opt/airflow/dags/dag_01_hello_world.py
[2026-06-16T13:55:42.314+0000] {processor.py:830} INFO - Processing file /opt/airflow/dags/dag_01_hello_world.py for tasks to queue
[2026-06-16T13:55:42.316+0000] {logging_mixin.py:188} INFO - [2026-06-16T13:55:42.316+0000] {dagbag.py:545} INFO - Filling up the DagBag from /opt/airflow/dags/dag_01_hello_world.py
[2026-06-16T13:55:42.326+0000] {processor.py:840} INFO - DAG(s) '01_hello_world' retrieved from /opt/airflow/dags/dag_01_hello_world.py
[2026-06-16T13:55:42.370+0000] {logging_mixin.py:188} INFO - [2026-06-16T13:55:42.370+0000] {dag.py:3089} INFO - Sync 1 DAGs
[2026-06-16T13:55:42.388+0000] {logging_mixin.py:188} INFO - [2026-06-16T13:55:42.387+0000] {dag.py:3947} INFO - Setting next_dagrun for 01_hello_world to None, run_after=None
[2026-06-16T13:55:42.411+0000] {processor.py:183} INFO - Processing /opt/airflow/dags/dag_01_hello_world.py took 0.109 seconds
[2026-06-16T13:56:12.947+0000] {processor.py:161} INFO - Started process (PID=7926) to work on /opt/airflow/dags/dag_01_hello_world.py
[2026-06-16T13:56:12.948+0000] {processor.py:830} INFO - Processing file /opt/airflow/dags/dag_01_hello_world.py for tasks to queue
[2026-06-16T13:56:12.951+0000] {logging_mixin.py:188} INFO - [2026-06-16T13:56:12.951+0000] {dagbag.py:545} INFO - Filling up the DagBag from /opt/airflow/dags/dag_01_hello_world.py
[2026-06-16T13:56:12.961+0000] {processor.py:840} INFO - DAG(s) '01_hello_world' retrieved from /opt/airflow/dags/dag_01_hello_world.py
[2026-06-16T13:56:13.002+0000] {logging_mixin.py:188} INFO - [2026-06-16T13:56:13.002+0000] {dag.py:3089} INFO - Sync 1 DAGs
[2026-06-16T13:56:13.018+0000] {logging_mixin.py:188} INFO - [2026-06-16T13:56:13.018+0000] {dag.py:3947} INFO - Setting next_dagrun for 01_hello_world to None, run_after=None
[2026-06-16T13:56:13.043+0000] {processor.py:183} INFO - Processing /opt/airflow/dags/dag_01_hello_world.py took 0.104 seconds
[2026-06-16T13:56:43.890+0000] {processor.py:161} INFO - Started process (PID=7966) to work on /opt/airflow/dags/dag_01_hello_world.py
[2026-06-16T13:56:43.891+0000] {processor.py:830} INFO - Processing file /opt/airflow/dags/dag_01_hello_world.py for tasks to queue
[2026-06-16T13:56:43.893+0000] {logging_mixin.py:188} INFO - [2026-06-16T13:56:43.893+0000] {dagbag.py:545} INFO - Filling up the DagBag from /opt/airflow/dags/dag_01_hello_world.py
[2026-06-16T13:56:43.902+0000] {processor.py:840} INFO - DAG(s) '01_hello_world' retrieved from /opt/airflow/dags/dag_01_hello_world.py
[2026-06-16T13:56:43.949+0000] {logging_mixin.py:188} INFO - [2026-06-16T13:56:43.949+0000] {dag.py:3089} INFO - Sync 1 DAGs
[2026-06-16T13:56:43.965+0000] {logging_mixin.py:188} INFO - [2026-06-16T13:56:43.964+0000] {dag.py:3947} INFO - Setting next_dagrun for 01_hello_world to None, run_after=None
[2026-06-16T13:56:43.990+0000] {processor.py:183} INFO - Processing /opt/airflow/dags/dag_01_hello_world.py took 0.108 seconds
[2026-06-16T13:57:14.150+0000] {processor.py:161} INFO - Started process (PID=8006) to work on /opt/airflow/dags/dag_01_hello_world.py
[2026-06-16T13:57:14.151+0000] {processor.py:830} INFO - Processing file /opt/airflow/dags/dag_01_hello_world.py for tasks to queue
[2026-06-16T13:57:14.154+0000] {logging_mixin.py:188} INFO - [2026-06-16T13:57:14.154+0000] {dagbag.py:545} INFO - Filling up the DagBag from /opt/airflow/dags/dag_01_hello_world.py
[2026-06-16T13:57:14.171+0000] {processor.py:840} INFO - DAG(s) '01_hello_world' retrieved from /opt/airflow/dags/dag_01_hello_world.py
[2026-06-16T13:57:14.218+0000] {logging_mixin.py:188} INFO - [2026-06-16T13:57:14.218+0000] {dag.py:3089} INFO - Sync 1 DAGs
[2026-06-16T13:57:14.236+0000] {logging_mixin.py:188} INFO - [2026-06-16T13:57:14.236+0000] {dag.py:3947} INFO - Setting next_dagrun for 01_hello_world to None, run_after=None
[2026-06-16T13:57:14.263+0000] {processor.py:183} INFO - Processing /opt/airflow/dags/dag_01_hello_world.py took 0.123 seconds
[2026-06-16T13:57:44.453+0000] {processor.py:161} INFO - Started process (PID=8046) to work on /opt/airflow/dags/dag_01_hello_world.py
[2026-06-16T13:57:44.454+0000] {processor.py:830} INFO - Processing file /opt/airflow/dags/dag_01_hello_world.py for tasks to queue
[2026-06-16T13:57:44.457+0000] {logging_mixin.py:188} INFO - [2026-06-16T13:57:44.457+0000] {dagbag.py:545} INFO - Filling up the DagBag from /opt/airflow/dags/dag_01_hello_world.py
[2026-06-16T13:57:44.469+0000] {processor.py:840} INFO - DAG(s) '01_hello_world' retrieved from /opt/airflow/dags/dag_01_hello_world.py
[2026-06-16T13:57:44.514+0000] {logging_mixin.py:188} INFO - [2026-06-16T13:57:44.513+0000] {dag.py:3089} INFO - Sync 1 DAGs
[2026-06-16T13:57:44.534+0000] {logging_mixin.py:188} INFO - [2026-06-16T13:57:44.533+0000] {dag.py:3947} INFO - Setting next_dagrun for 01_hello_world to None, run_after=None
[2026-06-16T13:57:44.558+0000] {processor.py:183} INFO - Processing /opt/airflow/dags/dag_01_hello_world.py took 0.114 seconds
[2026-06-16T13:58:14.827+0000] {processor.py:161} INFO - Started process (PID=8088) to work on /opt/airflow/dags/dag_01_hello_world.py
[2026-06-16T13:58:14.829+0000] {processor.py:830} INFO - Processing file /opt/airflow/dags/dag_01_hello_world.py for tasks to queue
[2026-06-16T13:58:14.831+0000] {logging_mixin.py:188} INFO - [2026-06-16T13:58:14.830+0000] {dagbag.py:545} INFO - Filling up the DagBag from /opt/airflow/dags/dag_01_hello_world.py
[2026-06-16T13:58:14.840+0000] {processor.py:840} INFO - DAG(s) '01_hello_world' retrieved from /opt/airflow/dags/dag_01_hello_world.py
[2026-06-16T13:58:14.886+0000] {logging_mixin.py:188} INFO - [2026-06-16T13:58:14.886+0000] {dag.py:3089} INFO - Sync 1 DAGs
[2026-06-16T13:58:14.902+0000] {logging_mixin.py:188} INFO - [2026-06-16T13:58:14.902+0000] {dag.py:3947} INFO - Setting next_dagrun for 01_hello_world to None, run_after=None
[2026-06-16T13:58:14.925+0000] {processor.py:183} INFO - Processing /opt/airflow/dags/dag_01_hello_world.py took 0.111 seconds
[2026-06-16T13:58:45.006+0000] {processor.py:161} INFO - Started process (PID=8128) to work on /opt/airflow/dags/dag_01_hello_world.py
[2026-06-16T13:58:45.008+0000] {processor.py:830} INFO - Processing file /opt/airflow/dags/dag_01_hello_world.py for tasks to queue
[2026-06-16T13:58:45.010+0000] {logging_mixin.py:188} INFO - [2026-06-16T13:58:45.009+0000] {dagbag.py:545} INFO - Filling up the DagBag from /opt/airflow/dags/dag_01_hello_world.py
[2026-06-16T13:58:45.018+0000] {processor.py:840} INFO - DAG(s) '01_hello_world' retrieved from /opt/airflow/dags/dag_01_hello_world.py
[2026-06-16T13:58:45.059+0000] {logging_mixin.py:188} INFO - [2026-06-16T13:58:45.059+0000] {dag.py:3089} INFO - Sync 1 DAGs
[2026-06-16T13:58:45.073+0000] {logging_mixin.py:188} INFO - [2026-06-16T13:58:45.072+0000] {dag.py:3947} INFO - Setting next_dagrun for 01_hello_world to None, run_after=None
[2026-06-16T13:58:45.094+0000] {processor.py:183} INFO - Processing /opt/airflow/dags/dag_01_hello_world.py took 0.096 seconds
[2026-06-16T13:59:15.229+0000] {processor.py:161} INFO - Started process (PID=8168) to work on /opt/airflow/dags/dag_01_hello_world.py
[2026-06-16T13:59:15.231+0000] {processor.py:830} INFO - Processing file /opt/airflow/dags/dag_01_hello_world.py for tasks to queue
[2026-06-16T13:59:15.233+0000] {logging_mixin.py:188} INFO - [2026-06-16T13:59:15.233+0000] {dagbag.py:545} INFO - Filling up the DagBag from /opt/airflow/dags/dag_01_hello_world.py
[2026-06-16T13:59:15.242+0000] {processor.py:840} INFO - DAG(s) '01_hello_world' retrieved from /opt/airflow/dags/dag_01_hello_world.py
[2026-06-16T13:59:15.285+0000] {logging_mixin.py:188} INFO - [2026-06-16T13:59:15.284+0000] {dag.py:3089} INFO - Sync 1 DAGs
[2026-06-16T13:59:15.300+0000] {logging_mixin.py:188} INFO - [2026-06-16T13:59:15.300+0000] {dag.py:3947} INFO - Setting next_dagrun for 01_hello_world to None, run_after=None
[2026-06-16T13:59:15.323+0000] {processor.py:183} INFO - Processing /opt/airflow/dags/dag_01_hello_world.py took 0.104 seconds
[2026-06-16T13:59:45.859+0000] {processor.py:161} INFO - Started process (PID=8206) to work on /opt/airflow/dags/dag_01_hello_world.py
[2026-06-16T13:59:45.861+0000] {processor.py:830} INFO - Processing file /opt/airflow/dags/dag_01_hello_world.py for tasks to queue
[2026-06-16T13:59:45.864+0000] {logging_mixin.py:188} INFO - [2026-06-16T13:59:45.863+0000] {dagbag.py:545} INFO - Filling up the DagBag from /opt/airflow/dags/dag_01_hello_world.py
[2026-06-16T13:59:45.875+0000] {processor.py:840} INFO - DAG(s) '01_hello_world' retrieved from /opt/airflow/dags/dag_01_hello_world.py
[2026-06-16T13:59:45.919+0000] {logging_mixin.py:188} INFO - [2026-06-16T13:59:45.918+0000] {dag.py:3089} INFO - Sync 1 DAGs
[2026-06-16T13:59:45.937+0000] {logging_mixin.py:188} INFO - [2026-06-16T13:59:45.937+0000] {dag.py:3947} INFO - Setting next_dagrun for 01_hello_world to None, run_after=None
[2026-06-16T13:59:45.966+0000] {processor.py:183} INFO - Processing /opt/airflow/dags/dag_01_hello_world.py took 0.114 seconds
[2026-06-16T14:00:16.930+0000] {processor.py:161} INFO - Started process (PID=8246) to work on /opt/airflow/dags/dag_01_hello_world.py
[2026-06-16T14:00:16.932+0000] {processor.py:830} INFO - Processing file /opt/airflow/dags/dag_01_hello_world.py for tasks to queue
[2026-06-16T14:00:16.934+0000] {logging_mixin.py:188} INFO - [2026-06-16T14:00:16.934+0000] {dagbag.py:545} INFO - Filling up the DagBag from /opt/airflow/dags/dag_01_hello_world.py
[2026-06-16T14:00:16.945+0000] {processor.py:840} INFO - DAG(s) '01_hello_world' retrieved from /opt/airflow/dags/dag_01_hello_world.py
[2026-06-16T14:00:16.993+0000] {logging_mixin.py:188} INFO - [2026-06-16T14:00:16.992+0000] {dag.py:3089} INFO - Sync 1 DAGs
[2026-06-16T14:00:17.012+0000] {logging_mixin.py:188} INFO - [2026-06-16T14:00:17.011+0000] {dag.py:3947} INFO - Setting next_dagrun for 01_hello_world to None, run_after=None
[2026-06-16T14:00:17.044+0000] {processor.py:183} INFO - Processing /opt/airflow/dags/dag_01_hello_world.py took 0.124 seconds
[2026-06-16T14:00:47.141+0000] {processor.py:161} INFO - Started process (PID=8286) to work on /opt/airflow/dags/dag_01_hello_world.py
[2026-06-16T14:00:47.142+0000] {processor.py:830} INFO - Processing file /opt/airflow/dags/dag_01_hello_world.py for tasks to queue
[2026-06-16T14:00:47.145+0000] {logging_mixin.py:188} INFO - [2026-06-16T14:00:47.145+0000] {dagbag.py:545} INFO - Filling up the DagBag from /opt/airflow/dags/dag_01_hello_world.py
[2026-06-16T14:00:47.156+0000] {processor.py:840} INFO - DAG(s) '01_hello_world' retrieved from /opt/airflow/dags/dag_01_hello_world.py
[2026-06-16T14:00:47.197+0000] {logging_mixin.py:188} INFO - [2026-06-16T14:00:47.197+0000] {dag.py:3089} INFO - Sync 1 DAGs
[2026-06-16T14:00:47.212+0000] {logging_mixin.py:188} INFO - [2026-06-16T14:00:47.212+0000] {dag.py:3947} INFO - Setting next_dagrun for 01_hello_world to None, run_after=None
[2026-06-16T14:00:47.240+0000] {processor.py:183} INFO - Processing /opt/airflow/dags/dag_01_hello_world.py took 0.109 seconds
[2026-06-16T14:01:17.356+0000] {processor.py:161} INFO - Started process (PID=8326) to work on /opt/airflow/dags/dag_01_hello_world.py
[2026-06-16T14:01:17.358+0000] {processor.py:830} INFO - Processing file /opt/airflow/dags/dag_01_hello_world.py for tasks to queue
[2026-06-16T14:01:17.360+0000] {logging_mixin.py:188} INFO - [2026-06-16T14:01:17.360+0000] {dagbag.py:545} INFO - Filling up the DagBag from /opt/airflow/dags/dag_01_hello_world.py
[2026-06-16T14:01:17.371+0000] {processor.py:840} INFO - DAG(s) '01_hello_world' retrieved from /opt/airflow/dags/dag_01_hello_world.py
[2026-06-16T14:01:17.413+0000] {logging_mixin.py:188} INFO - [2026-06-16T14:01:17.413+0000] {dag.py:3089} INFO - Sync 1 DAGs
[2026-06-16T14:01:17.429+0000] {logging_mixin.py:188} INFO - [2026-06-16T14:01:17.429+0000] {dag.py:3947} INFO - Setting next_dagrun for 01_hello_world to None, run_after=None
[2026-06-16T14:01:17.457+0000] {processor.py:183} INFO - Processing /opt/airflow/dags/dag_01_hello_world.py took 0.111 seconds
[2026-06-16T14:01:47.586+0000] {processor.py:161} INFO - Started process (PID=8366) to work on /opt/airflow/dags/dag_01_hello_world.py
[2026-06-16T14:01:47.588+0000] {processor.py:830} INFO - Processing file /opt/airflow/dags/dag_01_hello_world.py for tasks to queue
[2026-06-16T14:01:47.591+0000] {logging_mixin.py:188} INFO - [2026-06-16T14:01:47.590+0000] {dagbag.py:545} INFO - Filling up the DagBag from /opt/airflow/dags/dag_01_hello_world.py
[2026-06-16T14:01:47.601+0000] {processor.py:840} INFO - DAG(s) '01_hello_world' retrieved from /opt/airflow/dags/dag_01_hello_world.py
[2026-06-16T14:01:47.644+0000] {logging_mixin.py:188} INFO - [2026-06-16T14:01:47.644+0000] {dag.py:3089} INFO - Sync 1 DAGs
[2026-06-16T14:01:47.661+0000] {logging_mixin.py:188} INFO - [2026-06-16T14:01:47.661+0000] {dag.py:3947} INFO - Setting next_dagrun for 01_hello_world to None, run_after=None
[2026-06-16T14:01:47.684+0000] {processor.py:183} INFO - Processing /opt/airflow/dags/dag_01_hello_world.py took 0.108 seconds
[2026-06-16T14:02:17.756+0000] {processor.py:161} INFO - Started process (PID=8406) to work on /opt/airflow/dags/dag_01_hello_world.py
[2026-06-16T14:02:17.757+0000] {processor.py:830} INFO - Processing file /opt/airflow/dags/dag_01_hello_world.py for tasks to queue
[2026-06-16T14:02:17.760+0000] {logging_mixin.py:188} INFO - [2026-06-16T14:02:17.759+0000] {dagbag.py:545} INFO - Filling up the DagBag from /opt/airflow/dags/dag_01_hello_world.py
[2026-06-16T14:02:17.768+0000] {processor.py:840} INFO - DAG(s) '01_hello_world' retrieved from /opt/airflow/dags/dag_01_hello_world.py
[2026-06-16T14:02:17.807+0000] {logging_mixin.py:188} INFO - [2026-06-16T14:02:17.807+0000] {dag.py:3089} INFO - Sync 1 DAGs
[2026-06-16T14:02:17.821+0000] {logging_mixin.py:188} INFO - [2026-06-16T14:02:17.821+0000] {dag.py:3947} INFO - Setting next_dagrun for 01_hello_world to None, run_after=None
[2026-06-16T14:02:17.845+0000] {processor.py:183} INFO - Processing /opt/airflow/dags/dag_01_hello_world.py took 0.097 seconds
[2026-06-16T14:02:48.013+0000] {processor.py:161} INFO - Started process (PID=8446) to work on /opt/airflow/dags/dag_01_hello_world.py
[2026-06-16T14:02:48.015+0000] {processor.py:830} INFO - Processing file /opt/airflow/dags/dag_01_hello_world.py for tasks to queue
[2026-06-16T14:02:48.019+0000] {logging_mixin.py:188} INFO - [2026-06-16T14:02:48.019+0000] {dagbag.py:545} INFO - Filling up the DagBag from /opt/airflow/dags/dag_01_hello_world.py
[2026-06-16T14:02:48.032+0000] {processor.py:840} INFO - DAG(s) '01_hello_world' retrieved from /opt/airflow/dags/dag_01_hello_world.py
[2026-06-16T14:02:48.080+0000] {logging_mixin.py:188} INFO - [2026-06-16T14:02:48.079+0000] {dag.py:3089} INFO - Sync 1 DAGs
[2026-06-16T14:02:48.098+0000] {logging_mixin.py:188} INFO - [2026-06-16T14:02:48.097+0000] {dag.py:3947} INFO - Setting next_dagrun for 01_hello_world to None, run_after=None
[2026-06-16T14:02:48.132+0000] {processor.py:183} INFO - Processing /opt/airflow/dags/dag_01_hello_world.py took 0.132 seconds
[2026-06-16T14:03:18.396+0000] {processor.py:161} INFO - Started process (PID=8488) to work on /opt/airflow/dags/dag_01_hello_world.py
[2026-06-16T14:03:18.397+0000] {processor.py:830} INFO - Processing file /opt/airflow/dags/dag_01_hello_world.py for tasks to queue
[2026-06-16T14:03:18.400+0000] {logging_mixin.py:188} INFO - [2026-06-16T14:03:18.400+0000] {dagbag.py:545} INFO - Filling up the DagBag from /opt/airflow/dags/dag_01_hello_world.py
[2026-06-16T14:03:18.410+0000] {processor.py:840} INFO - DAG(s) '01_hello_world' retrieved from /opt/airflow/dags/dag_01_hello_world.py
[2026-06-16T14:03:18.452+0000] {logging_mixin.py:188} INFO - [2026-06-16T14:03:18.452+0000] {dag.py:3089} INFO - Sync 1 DAGs
[2026-06-16T14:03:18.468+0000] {logging_mixin.py:188} INFO - [2026-06-16T14:03:18.468+0000] {dag.py:3947} INFO - Setting next_dagrun for 01_hello_world to None, run_after=None
[2026-06-16T14:03:18.491+0000] {processor.py:183} INFO - Processing /opt/airflow/dags/dag_01_hello_world.py took 0.105 seconds
[2026-06-16T14:03:48.565+0000] {processor.py:161} INFO - Started process (PID=8528) to work on /opt/airflow/dags/dag_01_hello_world.py
[2026-06-16T14:03:48.566+0000] {processor.py:830} INFO - Processing file /opt/airflow/dags/dag_01_hello_world.py for tasks to queue
[2026-06-16T14:03:48.568+0000] {logging_mixin.py:188} INFO - [2026-06-16T14:03:48.568+0000] {dagbag.py:545} INFO - Filling up the DagBag from /opt/airflow/dags/dag_01_hello_world.py
[2026-06-16T14:03:48.576+0000] {processor.py:840} INFO - DAG(s) '01_hello_world' retrieved from /opt/airflow/dags/dag_01_hello_world.py
[2026-06-16T14:03:48.616+0000] {logging_mixin.py:188} INFO - [2026-06-16T14:03:48.616+0000] {dag.py:3089} INFO - Sync 1 DAGs
[2026-06-16T14:03:48.634+0000] {logging_mixin.py:188} INFO - [2026-06-16T14:03:48.633+0000] {dag.py:3947} INFO - Setting next_dagrun for 01_hello_world to None, run_after=None
[2026-06-16T14:03:48.663+0000] {processor.py:183} INFO - Processing /opt/airflow/dags/dag_01_hello_world.py took 0.106 seconds
[2026-06-16T14:04:18.804+0000] {processor.py:161} INFO - Started process (PID=8568) to work on /opt/airflow/dags/dag_01_hello_world.py
[2026-06-16T14:04:18.806+0000] {processor.py:830} INFO - Processing file /opt/airflow/dags/dag_01_hello_world.py for tasks to queue
[2026-06-16T14:04:18.808+0000] {logging_mixin.py:188} INFO - [2026-06-16T14:04:18.807+0000] {dagbag.py:545} INFO - Filling up the DagBag from /opt/airflow/dags/dag_01_hello_world.py
[2026-06-16T14:04:18.816+0000] {processor.py:840} INFO - DAG(s) '01_hello_world' retrieved from /opt/airflow/dags/dag_01_hello_world.py
[2026-06-16T14:04:18.859+0000] {logging_mixin.py:188} INFO - [2026-06-16T14:04:18.858+0000] {dag.py:3089} INFO - Sync 1 DAGs
[2026-06-16T14:04:18.873+0000] {logging_mixin.py:188} INFO - [2026-06-16T14:04:18.873+0000] {dag.py:3947} INFO - Setting next_dagrun for 01_hello_world to None, run_after=None
[2026-06-16T14:04:18.897+0000] {processor.py:183} INFO - Processing /opt/airflow/dags/dag_01_hello_world.py took 0.103 seconds
[2026-06-16T14:04:48.990+0000] {processor.py:161} INFO - Started process (PID=8608) to work on /opt/airflow/dags/dag_01_hello_world.py
[2026-06-16T14:04:48.991+0000] {processor.py:830} INFO - Processing file /opt/airflow/dags/dag_01_hello_world.py for tasks to queue
[2026-06-16T14:04:48.994+0000] {logging_mixin.py:188} INFO - [2026-06-16T14:04:48.993+0000] {dagbag.py:545} INFO - Filling up the DagBag from /opt/airflow/dags/dag_01_hello_world.py
[2026-06-16T14:04:49.008+0000] {processor.py:840} INFO - DAG(s) '01_hello_world' retrieved from /opt/airflow/dags/dag_01_hello_world.py
[2026-06-16T14:04:49.051+0000] {logging_mixin.py:188} INFO - [2026-06-16T14:04:49.050+0000] {dag.py:3089} INFO - Sync 1 DAGs
[2026-06-16T14:04:49.067+0000] {logging_mixin.py:188} INFO - [2026-06-16T14:04:49.067+0000] {dag.py:3947} INFO - Setting next_dagrun for 01_hello_world to None, run_after=None
[2026-06-16T14:04:49.089+0000] {processor.py:183} INFO - Processing /opt/airflow/dags/dag_01_hello_world.py took 0.107 seconds
[2026-06-16T14:05:19.214+0000] {processor.py:161} INFO - Started process (PID=8648) to work on /opt/airflow/dags/dag_01_hello_world.py
[2026-06-16T14:05:19.216+0000] {processor.py:830} INFO - Processing file /opt/airflow/dags/dag_01_hello_world.py for tasks to queue
[2026-06-16T14:05:19.218+0000] {logging_mixin.py:188} INFO - [2026-06-16T14:05:19.218+0000] {dagbag.py:545} INFO - Filling up the DagBag from /opt/airflow/dags/dag_01_hello_world.py
[2026-06-16T14:05:19.228+0000] {processor.py:840} INFO - DAG(s) '01_hello_world' retrieved from /opt/airflow/dags/dag_01_hello_world.py
[2026-06-16T14:05:19.268+0000] {logging_mixin.py:188} INFO - [2026-06-16T14:05:19.268+0000] {dag.py:3089} INFO - Sync 1 DAGs
[2026-06-16T14:05:19.285+0000] {logging_mixin.py:188} INFO - [2026-06-16T14:05:19.284+0000] {dag.py:3947} INFO - Setting next_dagrun for 01_hello_world to None, run_after=None
[2026-06-16T14:05:19.313+0000] {processor.py:183} INFO - Processing /opt/airflow/dags/dag_01_hello_world.py took 0.108 seconds
[2026-06-16T14:05:49.398+0000] {processor.py:161} INFO - Started process (PID=8688) to work on /opt/airflow/dags/dag_01_hello_world.py
[2026-06-16T14:05:49.399+0000] {processor.py:830} INFO - Processing file /opt/airflow/dags/dag_01_hello_world.py for tasks to queue
[2026-06-16T14:05:49.403+0000] {logging_mixin.py:188} INFO - [2026-06-16T14:05:49.402+0000] {dagbag.py:545} INFO - Filling up the DagBag from /opt/airflow/dags/dag_01_hello_world.py
[2026-06-16T14:05:49.410+0000] {processor.py:840} INFO - DAG(s) '01_hello_world' retrieved from /opt/airflow/dags/dag_01_hello_world.py
[2026-06-16T14:05:49.450+0000] {logging_mixin.py:188} INFO - [2026-06-16T14:05:49.450+0000] {dag.py:3089} INFO - Sync 1 DAGs
[2026-06-16T14:05:49.468+0000] {logging_mixin.py:188} INFO - [2026-06-16T14:05:49.467+0000] {dag.py:3947} INFO - Setting next_dagrun for 01_hello_world to None, run_after=None
[2026-06-16T14:05:49.494+0000] {processor.py:183} INFO - Processing /opt/airflow/dags/dag_01_hello_world.py took 0.104 seconds
[2026-06-16T14:06:19.535+0000] {processor.py:161} INFO - Started process (PID=8726) to work on /opt/airflow/dags/dag_01_hello_world.py
[2026-06-16T14:06:19.537+0000] {processor.py:830} INFO - Processing file /opt/airflow/dags/dag_01_hello_world.py for tasks to queue
[2026-06-16T14:06:19.540+0000] {logging_mixin.py:188} INFO - [2026-06-16T14:06:19.540+0000] {dagbag.py:545} INFO - Filling up the DagBag from /opt/airflow/dags/dag_01_hello_world.py
[2026-06-16T14:06:19.551+0000] {processor.py:840} INFO - DAG(s) '01_hello_world' retrieved from /opt/airflow/dags/dag_01_hello_world.py
[2026-06-16T14:06:19.592+0000] {logging_mixin.py:188} INFO - [2026-06-16T14:06:19.592+0000] {dag.py:3089} INFO - Sync 1 DAGs
[2026-06-16T14:06:19.607+0000] {logging_mixin.py:188} INFO - [2026-06-16T14:06:19.607+0000] {dag.py:3947} INFO - Setting next_dagrun for 01_hello_world to None, run_after=None
[2026-06-16T14:06:19.633+0000] {processor.py:183} INFO - Processing /opt/airflow/dags/dag_01_hello_world.py took 0.108 seconds
[2026-06-16T14:06:50.698+0000] {processor.py:161} INFO - Started process (PID=8768) to work on /opt/airflow/dags/dag_01_hello_world.py
[2026-06-16T14:06:50.699+0000] {processor.py:830} INFO - Processing file /opt/airflow/dags/dag_01_hello_world.py for tasks to queue
[2026-06-16T14:06:50.701+0000] {logging_mixin.py:188} INFO - [2026-06-16T14:06:50.701+0000] {dagbag.py:545} INFO - Filling up the DagBag from /opt/airflow/dags/dag_01_hello_world.py
[2026-06-16T14:06:50.709+0000] {processor.py:840} INFO - DAG(s) '01_hello_world' retrieved from /opt/airflow/dags/dag_01_hello_world.py
[2026-06-16T14:06:50.752+0000] {logging_mixin.py:188} INFO - [2026-06-16T14:06:50.752+0000] {dag.py:3089} INFO - Sync 1 DAGs
[2026-06-16T14:06:50.768+0000] {logging_mixin.py:188} INFO - [2026-06-16T14:06:50.768+0000] {dag.py:3947} INFO - Setting next_dagrun for 01_hello_world to None, run_after=None
[2026-06-16T14:06:50.790+0000] {processor.py:183} INFO - Processing /opt/airflow/dags/dag_01_hello_world.py took 0.102 seconds
[2026-06-16T14:07:20.859+0000] {processor.py:161} INFO - Started process (PID=8808) to work on /opt/airflow/dags/dag_01_hello_world.py
[2026-06-16T14:07:20.860+0000] {processor.py:830} INFO - Processing file /opt/airflow/dags/dag_01_hello_world.py for tasks to queue
[2026-06-16T14:07:20.862+0000] {logging_mixin.py:188} INFO - [2026-06-16T14:07:20.862+0000] {dagbag.py:545} INFO - Filling up the DagBag from /opt/airflow/dags/dag_01_hello_world.py
[2026-06-16T14:07:20.874+0000] {processor.py:840} INFO - DAG(s) '01_hello_world' retrieved from /opt/airflow/dags/dag_01_hello_world.py
[2026-06-16T14:07:20.919+0000] {logging_mixin.py:188} INFO - [2026-06-16T14:07:20.919+0000] {dag.py:3089} INFO - Sync 1 DAGs
[2026-06-16T14:07:20.934+0000] {logging_mixin.py:188} INFO - [2026-06-16T14:07:20.933+0000] {dag.py:3947} INFO - Setting next_dagrun for 01_hello_world to None, run_after=None
[2026-06-16T14:07:20.955+0000] {processor.py:183} INFO - Processing /opt/airflow/dags/dag_01_hello_world.py took 0.103 seconds
[2026-06-16T14:07:51.073+0000] {processor.py:161} INFO - Started process (PID=8848) to work on /opt/airflow/dags/dag_01_hello_world.py
[2026-06-16T14:07:51.074+0000] {processor.py:830} INFO - Processing file /opt/airflow/dags/dag_01_hello_world.py for tasks to queue
[2026-06-16T14:07:51.076+0000] {logging_mixin.py:188} INFO - [2026-06-16T14:07:51.076+0000] {dagbag.py:545} INFO - Filling up the DagBag from /opt/airflow/dags/dag_01_hello_world.py
[2026-06-16T14:07:51.084+0000] {processor.py:840} INFO - DAG(s) '01_hello_world' retrieved from /opt/airflow/dags/dag_01_hello_world.py
[2026-06-16T14:07:51.164+0000] {logging_mixin.py:188} INFO - [2026-06-16T14:07:51.164+0000] {dag.py:3089} INFO - Sync 1 DAGs
[2026-06-16T14:07:51.218+0000] {logging_mixin.py:188} INFO - [2026-06-16T14:07:51.217+0000] {dag.py:3947} INFO - Setting next_dagrun for 01_hello_world to None, run_after=None
[2026-06-16T14:07:51.260+0000] {processor.py:183} INFO - Processing /opt/airflow/dags/dag_01_hello_world.py took 0.196 seconds
[2026-06-16T14:08:21.302+0000] {processor.py:161} INFO - Started process (PID=8886) to work on /opt/airflow/dags/dag_01_hello_world.py
[2026-06-16T14:08:21.303+0000] {processor.py:830} INFO - Processing file /opt/airflow/dags/dag_01_hello_world.py for tasks to queue
[2026-06-16T14:08:21.305+0000] {logging_mixin.py:188} INFO - [2026-06-16T14:08:21.305+0000] {dagbag.py:545} INFO - Filling up the DagBag from /opt/airflow/dags/dag_01_hello_world.py
[2026-06-16T14:08:21.314+0000] {processor.py:840} INFO - DAG(s) '01_hello_world' retrieved from /opt/airflow/dags/dag_01_hello_world.py
[2026-06-16T14:08:21.354+0000] {logging_mixin.py:188} INFO - [2026-06-16T14:08:21.353+0000] {dag.py:3089} INFO - Sync 1 DAGs
[2026-06-16T14:08:21.368+0000] {logging_mixin.py:188} INFO - [2026-06-16T14:08:21.368+0000] {dag.py:3947} INFO - Setting next_dagrun for 01_hello_world to None, run_after=None
[2026-06-16T14:08:21.392+0000] {processor.py:183} INFO - Processing /opt/airflow/dags/dag_01_hello_world.py took 0.098 seconds
[2026-06-16T14:08:52.433+0000] {processor.py:161} INFO - Started process (PID=8926) to work on /opt/airflow/dags/dag_01_hello_world.py
[2026-06-16T14:08:52.433+0000] {processor.py:830} INFO - Processing file /opt/airflow/dags/dag_01_hello_world.py for tasks to queue
[2026-06-16T14:08:52.435+0000] {logging_mixin.py:188} INFO - [2026-06-16T14:08:52.435+0000] {dagbag.py:545} INFO - Filling up the DagBag from /opt/airflow/dags/dag_01_hello_world.py
[2026-06-16T14:08:52.444+0000] {processor.py:840} INFO - DAG(s) '01_hello_world' retrieved from /opt/airflow/dags/dag_01_hello_world.py
[2026-06-16T14:08:52.485+0000] {logging_mixin.py:188} INFO - [2026-06-16T14:08:52.485+0000] {dag.py:3089} INFO - Sync 1 DAGs
[2026-06-16T14:08:52.502+0000] {logging_mixin.py:188} INFO - [2026-06-16T14:08:52.501+0000] {dag.py:3947} INFO - Setting next_dagrun for 01_hello_world to None, run_after=None
[2026-06-16T14:08:52.527+0000] {processor.py:183} INFO - Processing /opt/airflow/dags/dag_01_hello_world.py took 0.102 seconds
[2026-06-16T14:09:23.579+0000] {processor.py:161} INFO - Started process (PID=8966) to work on /opt/airflow/dags/dag_01_hello_world.py
[2026-06-16T14:09:23.581+0000] {processor.py:830} INFO - Processing file /opt/airflow/dags/dag_01_hello_world.py for tasks to queue
[2026-06-16T14:09:23.583+0000] {logging_mixin.py:188} INFO - [2026-06-16T14:09:23.583+0000] {dagbag.py:545} INFO - Filling up the DagBag from /opt/airflow/dags/dag_01_hello_world.py
[2026-06-16T14:09:23.594+0000] {processor.py:840} INFO - DAG(s) '01_hello_world' retrieved from /opt/airflow/dags/dag_01_hello_world.py
[2026-06-16T14:09:23.636+0000] {logging_mixin.py:188} INFO - [2026-06-16T14:09:23.635+0000] {dag.py:3089} INFO - Sync 1 DAGs
[2026-06-16T14:09:23.651+0000] {logging_mixin.py:188} INFO - [2026-06-16T14:09:23.651+0000] {dag.py:3947} INFO - Setting next_dagrun for 01_hello_world to None, run_after=None
[2026-06-16T14:09:23.677+0000] {processor.py:183} INFO - Processing /opt/airflow/dags/dag_01_hello_world.py took 0.107 seconds
[2026-06-16T14:09:53.779+0000] {processor.py:161} INFO - Started process (PID=9006) to work on /opt/airflow/dags/dag_01_hello_world.py
[2026-06-16T14:09:53.780+0000] {processor.py:830} INFO - Processing file /opt/airflow/dags/dag_01_hello_world.py for tasks to queue
[2026-06-16T14:09:53.782+0000] {logging_mixin.py:188} INFO - [2026-06-16T14:09:53.781+0000] {dagbag.py:545} INFO - Filling up the DagBag from /opt/airflow/dags/dag_01_hello_world.py
[2026-06-16T14:09:53.790+0000] {processor.py:840} INFO - DAG(s) '01_hello_world' retrieved from /opt/airflow/dags/dag_01_hello_world.py
[2026-06-16T14:09:53.830+0000] {logging_mixin.py:188} INFO - [2026-06-16T14:09:53.830+0000] {dag.py:3089} INFO - Sync 1 DAGs
[2026-06-16T14:09:53.848+0000] {logging_mixin.py:188} INFO - [2026-06-16T14:09:53.848+0000] {dag.py:3947} INFO - Setting next_dagrun for 01_hello_world to None, run_after=None
[2026-06-16T14:09:53.873+0000] {processor.py:183} INFO - Processing /opt/airflow/dags/dag_01_hello_world.py took 0.102 seconds
[2026-06-16T14:10:23.875+0000] {processor.py:161} INFO - Started process (PID=9046) to work on /opt/airflow/dags/dag_01_hello_world.py
[2026-06-16T14:10:23.876+0000] {processor.py:830} INFO - Processing file /opt/airflow/dags/dag_01_hello_world.py for tasks to queue
[2026-06-16T14:10:23.878+0000] {logging_mixin.py:188} INFO - [2026-06-16T14:10:23.878+0000] {dagbag.py:545} INFO - Filling up the DagBag from /opt/airflow/dags/dag_01_hello_world.py
[2026-06-16T14:10:23.888+0000] {processor.py:840} INFO - DAG(s) '01_hello_world' retrieved from /opt/airflow/dags/dag_01_hello_world.py
[2026-06-16T14:10:23.930+0000] {logging_mixin.py:188} INFO - [2026-06-16T14:10:23.930+0000] {dag.py:3089} INFO - Sync 1 DAGs
[2026-06-16T14:10:23.945+0000] {logging_mixin.py:188} INFO - [2026-06-16T14:10:23.945+0000] {dag.py:3947} INFO - Setting next_dagrun for 01_hello_world to None, run_after=None
[2026-06-16T14:10:23.970+0000] {processor.py:183} INFO - Processing /opt/airflow/dags/dag_01_hello_world.py took 0.104 seconds
[2026-06-16T14:10:54.338+0000] {processor.py:161} INFO - Started process (PID=9076) to work on /opt/airflow/dags/dag_01_hello_world.py
[2026-06-16T14:10:54.339+0000] {processor.py:830} INFO - Processing file /opt/airflow/dags/dag_01_hello_world.py for tasks to queue
[2026-06-16T14:10:54.342+0000] {logging_mixin.py:188} INFO - [2026-06-16T14:10:54.341+0000] {dagbag.py:545} INFO - Filling up the DagBag from /opt/airflow/dags/dag_01_hello_world.py
[2026-06-16T14:10:54.357+0000] {processor.py:840} INFO - DAG(s) '01_hello_world' retrieved from /opt/airflow/dags/dag_01_hello_world.py
[2026-06-16T14:10:54.401+0000] {logging_mixin.py:188} INFO - [2026-06-16T14:10:54.401+0000] {dag.py:3089} INFO - Sync 1 DAGs
[2026-06-16T14:10:54.419+0000] {logging_mixin.py:188} INFO - [2026-06-16T14:10:54.418+0000] {dag.py:3947} INFO - Setting next_dagrun for 01_hello_world to None, run_after=None
[2026-06-16T14:10:54.444+0000] {processor.py:183} INFO - Processing /opt/airflow/dags/dag_01_hello_world.py took 0.116 seconds
[2026-06-16T14:11:24.581+0000] {processor.py:161} INFO - Started process (PID=9116) to work on /opt/airflow/dags/dag_01_hello_world.py
[2026-06-16T14:11:24.584+0000] {processor.py:830} INFO - Processing file /opt/airflow/dags/dag_01_hello_world.py for tasks to queue
[2026-06-16T14:11:24.587+0000] {logging_mixin.py:188} INFO - [2026-06-16T14:11:24.586+0000] {dagbag.py:545} INFO - Filling up the DagBag from /opt/airflow/dags/dag_01_hello_world.py
[2026-06-16T14:11:24.601+0000] {processor.py:840} INFO - DAG(s) '01_hello_world' retrieved from /opt/airflow/dags/dag_01_hello_world.py
[2026-06-16T14:11:24.652+0000] {logging_mixin.py:188} INFO - [2026-06-16T14:11:24.651+0000] {dag.py:3089} INFO - Sync 1 DAGs
[2026-06-16T14:11:24.676+0000] {logging_mixin.py:188} INFO - [2026-06-16T14:11:24.676+0000] {dag.py:3947} INFO - Setting next_dagrun for 01_hello_world to None, run_after=None
[2026-06-16T14:11:24.707+0000] {processor.py:183} INFO - Processing /opt/airflow/dags/dag_01_hello_world.py took 0.135 seconds
[2026-06-16T14:11:54.791+0000] {processor.py:161} INFO - Started process (PID=9156) to work on /opt/airflow/dags/dag_01_hello_world.py
[2026-06-16T14:11:54.793+0000] {processor.py:830} INFO - Processing file /opt/airflow/dags/dag_01_hello_world.py for tasks to queue
[2026-06-16T14:11:54.795+0000] {logging_mixin.py:188} INFO - [2026-06-16T14:11:54.795+0000] {dagbag.py:545} INFO - Filling up the DagBag from /opt/airflow/dags/dag_01_hello_world.py
[2026-06-16T14:11:54.805+0000] {processor.py:840} INFO - DAG(s) '01_hello_world' retrieved from /opt/airflow/dags/dag_01_hello_world.py
[2026-06-16T14:11:54.863+0000] {logging_mixin.py:188} INFO - [2026-06-16T14:11:54.862+0000] {dag.py:3089} INFO - Sync 1 DAGs
[2026-06-16T14:11:54.879+0000] {logging_mixin.py:188} INFO - [2026-06-16T14:11:54.879+0000] {dag.py:3947} INFO - Setting next_dagrun for 01_hello_world to None, run_after=None
[2026-06-16T14:11:54.908+0000] {processor.py:183} INFO - Processing /opt/airflow/dags/dag_01_hello_world.py took 0.125 seconds
[2026-06-16T14:12:25.000+0000] {processor.py:161} INFO - Started process (PID=9196) to work on /opt/airflow/dags/dag_01_hello_world.py
[2026-06-16T14:12:25.002+0000] {processor.py:830} INFO - Processing file /opt/airflow/dags/dag_01_hello_world.py for tasks to queue
[2026-06-16T14:12:25.004+0000] {logging_mixin.py:188} INFO - [2026-06-16T14:12:25.004+0000] {dagbag.py:545} INFO - Filling up the DagBag from /opt/airflow/dags/dag_01_hello_world.py
[2026-06-16T14:12:25.013+0000] {processor.py:840} INFO - DAG(s) '01_hello_world' retrieved from /opt/airflow/dags/dag_01_hello_world.py
[2026-06-16T14:12:25.054+0000] {logging_mixin.py:188} INFO - [2026-06-16T14:12:25.054+0000] {dag.py:3089} INFO - Sync 1 DAGs
[2026-06-16T14:12:25.071+0000] {logging_mixin.py:188} INFO - [2026-06-16T14:12:25.070+0000] {dag.py:3947} INFO - Setting next_dagrun for 01_hello_world to None, run_after=None
[2026-06-16T14:12:25.096+0000] {processor.py:183} INFO - Processing /opt/airflow/dags/dag_01_hello_world.py took 0.105 seconds
[2026-06-16T14:12:55.165+0000] {processor.py:161} INFO - Started process (PID=9236) to work on /opt/airflow/dags/dag_01_hello_world.py
[2026-06-16T14:12:55.167+0000] {processor.py:830} INFO - Processing file /opt/airflow/dags/dag_01_hello_world.py for tasks to queue
[2026-06-16T14:12:55.169+0000] {logging_mixin.py:188} INFO - [2026-06-16T14:12:55.169+0000] {dagbag.py:545} INFO - Filling up the DagBag from /opt/airflow/dags/dag_01_hello_world.py
[2026-06-16T14:12:55.179+0000] {processor.py:840} INFO - DAG(s) '01_hello_world' retrieved from /opt/airflow/dags/dag_01_hello_world.py
[2026-06-16T14:12:55.236+0000] {logging_mixin.py:188} INFO - [2026-06-16T14:12:55.236+0000] {dag.py:3089} INFO - Sync 1 DAGs
[2026-06-16T14:12:55.258+0000] {logging_mixin.py:188} INFO - [2026-06-16T14:12:55.257+0000] {dag.py:3947} INFO - Setting next_dagrun for 01_hello_world to None, run_after=None
[2026-06-16T14:12:55.285+0000] {processor.py:183} INFO - Processing /opt/airflow/dags/dag_01_hello_world.py took 0.128 seconds
[2026-06-16T14:13:25.328+0000] {processor.py:161} INFO - Started process (PID=9273) to work on /opt/airflow/dags/dag_01_hello_world.py
[2026-06-16T14:13:25.330+0000] {processor.py:830} INFO - Processing file /opt/airflow/dags/dag_01_hello_world.py for tasks to queue
[2026-06-16T14:13:25.334+0000] {logging_mixin.py:188} INFO - [2026-06-16T14:13:25.333+0000] {dagbag.py:545} INFO - Filling up the DagBag from /opt/airflow/dags/dag_01_hello_world.py
[2026-06-16T14:13:25.343+0000] {processor.py:840} INFO - DAG(s) '01_hello_world' retrieved from /opt/airflow/dags/dag_01_hello_world.py
[2026-06-16T14:13:25.389+0000] {logging_mixin.py:188} INFO - [2026-06-16T14:13:25.389+0000] {dag.py:3089} INFO - Sync 1 DAGs
[2026-06-16T14:13:25.405+0000] {logging_mixin.py:188} INFO - [2026-06-16T14:13:25.405+0000] {dag.py:3947} INFO - Setting next_dagrun for 01_hello_world to None, run_after=None
[2026-06-16T14:13:25.432+0000] {processor.py:183} INFO - Processing /opt/airflow/dags/dag_01_hello_world.py took 0.113 seconds
[2026-06-16T14:13:55.573+0000] {processor.py:161} INFO - Started process (PID=9313) to work on /opt/airflow/dags/dag_01_hello_world.py
[2026-06-16T14:13:55.575+0000] {processor.py:830} INFO - Processing file /opt/airflow/dags/dag_01_hello_world.py for tasks to queue
[2026-06-16T14:13:55.578+0000] {logging_mixin.py:188} INFO - [2026-06-16T14:13:55.577+0000] {dagbag.py:545} INFO - Filling up the DagBag from /opt/airflow/dags/dag_01_hello_world.py
[2026-06-16T14:13:55.587+0000] {processor.py:840} INFO - DAG(s) '01_hello_world' retrieved from /opt/airflow/dags/dag_01_hello_world.py
[2026-06-16T14:13:55.631+0000] {logging_mixin.py:188} INFO - [2026-06-16T14:13:55.631+0000] {dag.py:3089} INFO - Sync 1 DAGs
[2026-06-16T14:13:55.647+0000] {logging_mixin.py:188} INFO - [2026-06-16T14:13:55.646+0000] {dag.py:3947} INFO - Setting next_dagrun for 01_hello_world to None, run_after=None
[2026-06-16T14:13:55.673+0000] {processor.py:183} INFO - Processing /opt/airflow/dags/dag_01_hello_world.py took 0.108 seconds
[2026-06-16T14:14:25.856+0000] {processor.py:161} INFO - Started process (PID=9353) to work on /opt/airflow/dags/dag_01_hello_world.py
[2026-06-16T14:14:25.858+0000] {processor.py:830} INFO - Processing file /opt/airflow/dags/dag_01_hello_world.py for tasks to queue
[2026-06-16T14:14:25.860+0000] {logging_mixin.py:188} INFO - [2026-06-16T14:14:25.860+0000] {dagbag.py:545} INFO - Filling up the DagBag from /opt/airflow/dags/dag_01_hello_world.py
[2026-06-16T14:14:25.873+0000] {processor.py:840} INFO - DAG(s) '01_hello_world' retrieved from /opt/airflow/dags/dag_01_hello_world.py
[2026-06-16T14:14:25.916+0000] {logging_mixin.py:188} INFO - [2026-06-16T14:14:25.916+0000] {dag.py:3089} INFO - Sync 1 DAGs
[2026-06-16T14:14:25.932+0000] {logging_mixin.py:188} INFO - [2026-06-16T14:14:25.932+0000] {dag.py:3947} INFO - Setting next_dagrun for 01_hello_world to None, run_after=None
[2026-06-16T14:14:25.957+0000] {processor.py:183} INFO - Processing /opt/airflow/dags/dag_01_hello_world.py took 0.110 seconds
[2026-06-16T14:14:56.107+0000] {processor.py:161} INFO - Started process (PID=9396) to work on /opt/airflow/dags/dag_01_hello_world.py
[2026-06-16T14:14:56.109+0000] {processor.py:830} INFO - Processing file /opt/airflow/dags/dag_01_hello_world.py for tasks to queue
[2026-06-16T14:14:56.111+0000] {logging_mixin.py:188} INFO - [2026-06-16T14:14:56.110+0000] {dagbag.py:545} INFO - Filling up the DagBag from /opt/airflow/dags/dag_01_hello_world.py
[2026-06-16T14:14:56.120+0000] {processor.py:840} INFO - DAG(s) '01_hello_world' retrieved from /opt/airflow/dags/dag_01_hello_world.py
[2026-06-16T14:14:56.172+0000] {logging_mixin.py:188} INFO - [2026-06-16T14:14:56.172+0000] {dag.py:3089} INFO - Sync 1 DAGs
[2026-06-16T14:14:56.190+0000] {logging_mixin.py:188} INFO - [2026-06-16T14:14:56.189+0000] {dag.py:3947} INFO - Setting next_dagrun for 01_hello_world to None, run_after=None
[2026-06-16T14:14:56.215+0000] {processor.py:183} INFO - Processing /opt/airflow/dags/dag_01_hello_world.py took 0.116 seconds
[2026-06-16T14:15:27.541+0000] {processor.py:161} INFO - Started process (PID=9448) to work on /opt/airflow/dags/dag_01_hello_world.py
[2026-06-16T14:15:27.542+0000] {processor.py:830} INFO - Processing file /opt/airflow/dags/dag_01_hello_world.py for tasks to queue
[2026-06-16T14:15:27.545+0000] {logging_mixin.py:188} INFO - [2026-06-16T14:15:27.545+0000] {dagbag.py:545} INFO - Filling up the DagBag from /opt/airflow/dags/dag_01_hello_world.py
[2026-06-16T14:15:27.554+0000] {processor.py:840} INFO - DAG(s) '01_hello_world' retrieved from /opt/airflow/dags/dag_01_hello_world.py
[2026-06-16T14:15:27.600+0000] {logging_mixin.py:188} INFO - [2026-06-16T14:15:27.600+0000] {dag.py:3089} INFO - Sync 1 DAGs
[2026-06-16T14:15:27.619+0000] {logging_mixin.py:188} INFO - [2026-06-16T14:15:27.619+0000] {dag.py:3947} INFO - Setting next_dagrun for 01_hello_world to None, run_after=None
[2026-06-16T14:15:27.642+0000] {processor.py:183} INFO - Processing /opt/airflow/dags/dag_01_hello_world.py took 0.114 seconds
[2026-06-16T14:15:57.746+0000] {processor.py:161} INFO - Started process (PID=9488) to work on /opt/airflow/dags/dag_01_hello_world.py
[2026-06-16T14:15:57.747+0000] {processor.py:830} INFO - Processing file /opt/airflow/dags/dag_01_hello_world.py for tasks to queue
[2026-06-16T14:15:57.750+0000] {logging_mixin.py:188} INFO - [2026-06-16T14:15:57.749+0000] {dagbag.py:545} INFO - Filling up the DagBag from /opt/airflow/dags/dag_01_hello_world.py
[2026-06-16T14:15:57.760+0000] {processor.py:840} INFO - DAG(s) '01_hello_world' retrieved from /opt/airflow/dags/dag_01_hello_world.py
[2026-06-16T14:15:57.811+0000] {logging_mixin.py:188} INFO - [2026-06-16T14:15:57.810+0000] {dag.py:3089} INFO - Sync 1 DAGs
[2026-06-16T14:15:57.828+0000] {logging_mixin.py:188} INFO - [2026-06-16T14:15:57.828+0000] {dag.py:3947} INFO - Setting next_dagrun for 01_hello_world to None, run_after=None
[2026-06-16T14:15:57.854+0000] {processor.py:183} INFO - Processing /opt/airflow/dags/dag_01_hello_world.py took 0.117 seconds
[2026-06-16T14:16:27.974+0000] {processor.py:161} INFO - Started process (PID=9528) to work on /opt/airflow/dags/dag_01_hello_world.py
[2026-06-16T14:16:27.975+0000] {processor.py:830} INFO - Processing file /opt/airflow/dags/dag_01_hello_world.py for tasks to queue
[2026-06-16T14:16:27.978+0000] {logging_mixin.py:188} INFO - [2026-06-16T14:16:27.977+0000] {dagbag.py:545} INFO - Filling up the DagBag from /opt/airflow/dags/dag_01_hello_world.py
[2026-06-16T14:16:27.988+0000] {processor.py:840} INFO - DAG(s) '01_hello_world' retrieved from /opt/airflow/dags/dag_01_hello_world.py
[2026-06-16T14:16:28.028+0000] {logging_mixin.py:188} INFO - [2026-06-16T14:16:28.028+0000] {dag.py:3089} INFO - Sync 1 DAGs
[2026-06-16T14:16:28.042+0000] {logging_mixin.py:188} INFO - [2026-06-16T14:16:28.042+0000] {dag.py:3947} INFO - Setting next_dagrun for 01_hello_world to None, run_after=None
[2026-06-16T14:16:28.065+0000] {processor.py:183} INFO - Processing /opt/airflow/dags/dag_01_hello_world.py took 0.100 seconds
[2026-06-16T14:16:58.180+0000] {processor.py:161} INFO - Started process (PID=9568) to work on /opt/airflow/dags/dag_01_hello_world.py
[2026-06-16T14:16:58.182+0000] {processor.py:830} INFO - Processing file /opt/airflow/dags/dag_01_hello_world.py for tasks to queue
[2026-06-16T14:16:58.185+0000] {logging_mixin.py:188} INFO - [2026-06-16T14:16:58.184+0000] {dagbag.py:545} INFO - Filling up the DagBag from /opt/airflow/dags/dag_01_hello_world.py
[2026-06-16T14:16:58.195+0000] {processor.py:840} INFO - DAG(s) '01_hello_world' retrieved from /opt/airflow/dags/dag_01_hello_world.py
[2026-06-16T14:16:58.235+0000] {logging_mixin.py:188} INFO - [2026-06-16T14:16:58.235+0000] {dag.py:3089} INFO - Sync 1 DAGs
[2026-06-16T14:16:58.249+0000] {logging_mixin.py:188} INFO - [2026-06-16T14:16:58.249+0000] {dag.py:3947} INFO - Setting next_dagrun for 01_hello_world to None, run_after=None
[2026-06-16T14:16:58.271+0000] {processor.py:183} INFO - Processing /opt/airflow/dags/dag_01_hello_world.py took 0.102 seconds
[2026-06-16T14:17:28.404+0000] {processor.py:161} INFO - Started process (PID=9608) to work on /opt/airflow/dags/dag_01_hello_world.py
[2026-06-16T14:17:28.405+0000] {processor.py:830} INFO - Processing file /opt/airflow/dags/dag_01_hello_world.py for tasks to queue
[2026-06-16T14:17:28.407+0000] {logging_mixin.py:188} INFO - [2026-06-16T14:17:28.406+0000] {dagbag.py:545} INFO - Filling up the DagBag from /opt/airflow/dags/dag_01_hello_world.py
[2026-06-16T14:17:28.414+0000] {processor.py:840} INFO - DAG(s) '01_hello_world' retrieved from /opt/airflow/dags/dag_01_hello_world.py
[2026-06-16T14:17:28.451+0000] {logging_mixin.py:188} INFO - [2026-06-16T14:17:28.450+0000] {dag.py:3089} INFO - Sync 1 DAGs
[2026-06-16T14:17:28.465+0000] {logging_mixin.py:188} INFO - [2026-06-16T14:17:28.465+0000] {dag.py:3947} INFO - Setting next_dagrun for 01_hello_world to None, run_after=None
[2026-06-16T14:17:28.484+0000] {processor.py:183} INFO - Processing /opt/airflow/dags/dag_01_hello_world.py took 0.090 seconds
[2026-06-16T14:17:58.599+0000] {processor.py:161} INFO - Started process (PID=9647) to work on /opt/airflow/dags/dag_01_hello_world.py
[2026-06-16T14:17:58.601+0000] {processor.py:830} INFO - Processing file /opt/airflow/dags/dag_01_hello_world.py for tasks to queue
[2026-06-16T14:17:58.603+0000] {logging_mixin.py:188} INFO - [2026-06-16T14:17:58.603+0000] {dagbag.py:545} INFO - Filling up the DagBag from /opt/airflow/dags/dag_01_hello_world.py
[2026-06-16T14:17:58.612+0000] {processor.py:840} INFO - DAG(s) '01_hello_world' retrieved from /opt/airflow/dags/dag_01_hello_world.py
[2026-06-16T14:17:58.652+0000] {logging_mixin.py:188} INFO - [2026-06-16T14:17:58.652+0000] {dag.py:3089} INFO - Sync 1 DAGs
[2026-06-16T14:17:58.666+0000] {logging_mixin.py:188} INFO - [2026-06-16T14:17:58.666+0000] {dag.py:3947} INFO - Setting next_dagrun for 01_hello_world to None, run_after=None
[2026-06-16T14:17:58.688+0000] {processor.py:183} INFO - Processing /opt/airflow/dags/dag_01_hello_world.py took 0.099 seconds
[2026-06-16T14:18:28.758+0000] {processor.py:161} INFO - Started process (PID=9686) to work on /opt/airflow/dags/dag_01_hello_world.py
[2026-06-16T14:18:28.760+0000] {processor.py:830} INFO - Processing file /opt/airflow/dags/dag_01_hello_world.py for tasks to queue
[2026-06-16T14:18:28.762+0000] {logging_mixin.py:188} INFO - [2026-06-16T14:18:28.762+0000] {dagbag.py:545} INFO - Filling up the DagBag from /opt/airflow/dags/dag_01_hello_world.py
[2026-06-16T14:18:28.770+0000] {processor.py:840} INFO - DAG(s) '01_hello_world' retrieved from /opt/airflow/dags/dag_01_hello_world.py
[2026-06-16T14:18:28.811+0000] {logging_mixin.py:188} INFO - [2026-06-16T14:18:28.811+0000] {dag.py:3089} INFO - Sync 1 DAGs
[2026-06-16T14:18:28.828+0000] {logging_mixin.py:188} INFO - [2026-06-16T14:18:28.828+0000] {dag.py:3947} INFO - Setting next_dagrun for 01_hello_world to None, run_after=None
[2026-06-16T14:18:28.852+0000] {processor.py:183} INFO - Processing /opt/airflow/dags/dag_01_hello_world.py took 0.102 seconds
[2026-06-16T14:18:59.798+0000] {processor.py:161} INFO - Started process (PID=9726) to work on /opt/airflow/dags/dag_01_hello_world.py
[2026-06-16T14:18:59.799+0000] {processor.py:830} INFO - Processing file /opt/airflow/dags/dag_01_hello_world.py for tasks to queue
[2026-06-16T14:18:59.802+0000] {logging_mixin.py:188} INFO - [2026-06-16T14:18:59.802+0000] {dagbag.py:545} INFO - Filling up the DagBag from /opt/airflow/dags/dag_01_hello_world.py
[2026-06-16T14:18:59.813+0000] {processor.py:840} INFO - DAG(s) '01_hello_world' retrieved from /opt/airflow/dags/dag_01_hello_world.py
[2026-06-16T14:18:59.859+0000] {logging_mixin.py:188} INFO - [2026-06-16T14:18:59.859+0000] {dag.py:3089} INFO - Sync 1 DAGs
[2026-06-16T14:18:59.877+0000] {logging_mixin.py:188} INFO - [2026-06-16T14:18:59.876+0000] {dag.py:3947} INFO - Setting next_dagrun for 01_hello_world to None, run_after=None
[2026-06-16T14:18:59.902+0000] {processor.py:183} INFO - Processing /opt/airflow/dags/dag_01_hello_world.py took 0.113 seconds
[2026-06-16T14:19:30.939+0000] {processor.py:161} INFO - Started process (PID=9766) to work on /opt/airflow/dags/dag_01_hello_world.py
[2026-06-16T14:19:30.940+0000] {processor.py:830} INFO - Processing file /opt/airflow/dags/dag_01_hello_world.py for tasks to queue
[2026-06-16T14:19:30.942+0000] {logging_mixin.py:188} INFO - [2026-06-16T14:19:30.941+0000] {dagbag.py:545} INFO - Filling up the DagBag from /opt/airflow/dags/dag_01_hello_world.py
[2026-06-16T14:19:30.950+0000] {processor.py:840} INFO - DAG(s) '01_hello_world' retrieved from /opt/airflow/dags/dag_01_hello_world.py
[2026-06-16T14:19:30.993+0000] {logging_mixin.py:188} INFO - [2026-06-16T14:19:30.993+0000] {dag.py:3089} INFO - Sync 1 DAGs
[2026-06-16T14:19:31.009+0000] {logging_mixin.py:188} INFO - [2026-06-16T14:19:31.008+0000] {dag.py:3947} INFO - Setting next_dagrun for 01_hello_world to None, run_after=None
[2026-06-16T14:19:31.030+0000] {processor.py:183} INFO - Processing /opt/airflow/dags/dag_01_hello_world.py took 0.099 seconds
[2026-06-16T14:20:01.162+0000] {processor.py:161} INFO - Started process (PID=9806) to work on /opt/airflow/dags/dag_01_hello_world.py
[2026-06-16T14:20:01.164+0000] {processor.py:830} INFO - Processing file /opt/airflow/dags/dag_01_hello_world.py for tasks to queue
[2026-06-16T14:20:01.165+0000] {logging_mixin.py:188} INFO - [2026-06-16T14:20:01.165+0000] {dagbag.py:545} INFO - Filling up the DagBag from /opt/airflow/dags/dag_01_hello_world.py
[2026-06-16T14:20:01.176+0000] {processor.py:840} INFO - DAG(s) '01_hello_world' retrieved from /opt/airflow/dags/dag_01_hello_world.py
[2026-06-16T14:20:01.220+0000] {logging_mixin.py:188} INFO - [2026-06-16T14:20:01.220+0000] {dag.py:3089} INFO - Sync 1 DAGs
[2026-06-16T14:20:01.236+0000] {logging_mixin.py:188} INFO - [2026-06-16T14:20:01.236+0000] {dag.py:3947} INFO - Setting next_dagrun for 01_hello_world to None, run_after=None
[2026-06-16T14:20:01.259+0000] {processor.py:183} INFO - Processing /opt/airflow/dags/dag_01_hello_world.py took 0.104 seconds
[2026-06-16T14:20:31.365+0000] {processor.py:161} INFO - Started process (PID=9846) to work on /opt/airflow/dags/dag_01_hello_world.py
[2026-06-16T14:20:31.367+0000] {processor.py:830} INFO - Processing file /opt/airflow/dags/dag_01_hello_world.py for tasks to queue
[2026-06-16T14:20:31.369+0000] {logging_mixin.py:188} INFO - [2026-06-16T14:20:31.368+0000] {dagbag.py:545} INFO - Filling up the DagBag from /opt/airflow/dags/dag_01_hello_world.py
[2026-06-16T14:20:31.379+0000] {processor.py:840} INFO - DAG(s) '01_hello_world' retrieved from /opt/airflow/dags/dag_01_hello_world.py
[2026-06-16T14:20:31.420+0000] {logging_mixin.py:188} INFO - [2026-06-16T14:20:31.419+0000] {dag.py:3089} INFO - Sync 1 DAGs
[2026-06-16T14:20:31.436+0000] {logging_mixin.py:188} INFO - [2026-06-16T14:20:31.436+0000] {dag.py:3947} INFO - Setting next_dagrun for 01_hello_world to None, run_after=None
[2026-06-16T14:20:31.462+0000] {processor.py:183} INFO - Processing /opt/airflow/dags/dag_01_hello_world.py took 0.106 seconds
[2026-06-16T14:21:01.640+0000] {processor.py:161} INFO - Started process (PID=9886) to work on /opt/airflow/dags/dag_01_hello_world.py
[2026-06-16T14:21:01.642+0000] {processor.py:830} INFO - Processing file /opt/airflow/dags/dag_01_hello_world.py for tasks to queue
[2026-06-16T14:21:01.644+0000] {logging_mixin.py:188} INFO - [2026-06-16T14:21:01.643+0000] {dagbag.py:545} INFO - Filling up the DagBag from /opt/airflow/dags/dag_01_hello_world.py
[2026-06-16T14:21:01.652+0000] {processor.py:840} INFO - DAG(s) '01_hello_world' retrieved from /opt/airflow/dags/dag_01_hello_world.py
[2026-06-16T14:21:01.693+0000] {logging_mixin.py:188} INFO - [2026-06-16T14:21:01.693+0000] {dag.py:3089} INFO - Sync 1 DAGs
[2026-06-16T14:21:01.709+0000] {logging_mixin.py:188} INFO - [2026-06-16T14:21:01.709+0000] {dag.py:3947} INFO - Setting next_dagrun for 01_hello_world to None, run_after=None
[2026-06-16T14:21:01.733+0000] {processor.py:183} INFO - Processing /opt/airflow/dags/dag_01_hello_world.py took 0.100 seconds
[2026-06-16T14:21:31.866+0000] {processor.py:161} INFO - Started process (PID=9926) to work on /opt/airflow/dags/dag_01_hello_world.py
[2026-06-16T14:21:31.868+0000] {processor.py:830} INFO - Processing file /opt/airflow/dags/dag_01_hello_world.py for tasks to queue
[2026-06-16T14:21:31.870+0000] {logging_mixin.py:188} INFO - [2026-06-16T14:21:31.870+0000] {dagbag.py:545} INFO - Filling up the DagBag from /opt/airflow/dags/dag_01_hello_world.py
[2026-06-16T14:21:31.879+0000] {processor.py:840} INFO - DAG(s) '01_hello_world' retrieved from /opt/airflow/dags/dag_01_hello_world.py
[2026-06-16T14:21:31.922+0000] {logging_mixin.py:188} INFO - [2026-06-16T14:21:31.922+0000] {dag.py:3089} INFO - Sync 1 DAGs
[2026-06-16T14:21:31.938+0000] {logging_mixin.py:188} INFO - [2026-06-16T14:21:31.937+0000] {dag.py:3947} INFO - Setting next_dagrun for 01_hello_world to None, run_after=None
[2026-06-16T14:21:31.961+0000] {processor.py:183} INFO - Processing /opt/airflow/dags/dag_01_hello_world.py took 0.103 seconds
[2026-06-16T14:22:01.996+0000] {processor.py:161} INFO - Started process (PID=9961) to work on /opt/airflow/dags/dag_01_hello_world.py
[2026-06-16T14:22:01.998+0000] {processor.py:830} INFO - Processing file /opt/airflow/dags/dag_01_hello_world.py for tasks to queue
[2026-06-16T14:22:02.002+0000] {logging_mixin.py:188} INFO - [2026-06-16T14:22:02.001+0000] {dagbag.py:545} INFO - Filling up the DagBag from /opt/airflow/dags/dag_01_hello_world.py
[2026-06-16T14:22:02.011+0000] {processor.py:840} INFO - DAG(s) '01_hello_world' retrieved from /opt/airflow/dags/dag_01_hello_world.py
[2026-06-16T14:22:02.051+0000] {logging_mixin.py:188} INFO - [2026-06-16T14:22:02.051+0000] {dag.py:3089} INFO - Sync 1 DAGs
[2026-06-16T14:22:02.068+0000] {logging_mixin.py:188} INFO - [2026-06-16T14:22:02.067+0000] {dag.py:3947} INFO - Setting next_dagrun for 01_hello_world to None, run_after=None
[2026-06-16T14:22:02.090+0000] {processor.py:183} INFO - Processing /opt/airflow/dags/dag_01_hello_world.py took 0.104 seconds
[2026-06-16T14:22:33.010+0000] {processor.py:161} INFO - Started process (PID=10006) to work on /opt/airflow/dags/dag_01_hello_world.py
[2026-06-16T14:22:33.012+0000] {processor.py:830} INFO - Processing file /opt/airflow/dags/dag_01_hello_world.py for tasks to queue
[2026-06-16T14:22:33.014+0000] {logging_mixin.py:188} INFO - [2026-06-16T14:22:33.014+0000] {dagbag.py:545} INFO - Filling up the DagBag from /opt/airflow/dags/dag_01_hello_world.py
[2026-06-16T14:22:33.022+0000] {processor.py:840} INFO - DAG(s) '01_hello_world' retrieved from /opt/airflow/dags/dag_01_hello_world.py
[2026-06-16T14:22:33.066+0000] {logging_mixin.py:188} INFO - [2026-06-16T14:22:33.066+0000] {dag.py:3089} INFO - Sync 1 DAGs
[2026-06-16T14:22:33.081+0000] {logging_mixin.py:188} INFO - [2026-06-16T14:22:33.081+0000] {dag.py:3947} INFO - Setting next_dagrun for 01_hello_world to None, run_after=None
[2026-06-16T14:22:33.113+0000] {processor.py:183} INFO - Processing /opt/airflow/dags/dag_01_hello_world.py took 0.110 seconds
[2026-06-16T14:23:03.326+0000] {processor.py:161} INFO - Started process (PID=10046) to work on /opt/airflow/dags/dag_01_hello_world.py
[2026-06-16T14:23:03.329+0000] {processor.py:830} INFO - Processing file /opt/airflow/dags/dag_01_hello_world.py for tasks to queue
[2026-06-16T14:23:03.337+0000] {logging_mixin.py:188} INFO - [2026-06-16T14:23:03.335+0000] {dagbag.py:545} INFO - Filling up the DagBag from /opt/airflow/dags/dag_01_hello_world.py
[2026-06-16T14:23:03.353+0000] {processor.py:840} INFO - DAG(s) '01_hello_world' retrieved from /opt/airflow/dags/dag_01_hello_world.py
[2026-06-16T14:23:03.403+0000] {logging_mixin.py:188} INFO - [2026-06-16T14:23:03.403+0000] {dag.py:3089} INFO - Sync 1 DAGs
[2026-06-16T14:23:03.422+0000] {logging_mixin.py:188} INFO - [2026-06-16T14:23:03.422+0000] {dag.py:3947} INFO - Setting next_dagrun for 01_hello_world to None, run_after=None
[2026-06-16T14:23:03.445+0000] {processor.py:183} INFO - Processing /opt/airflow/dags/dag_01_hello_world.py took 0.149 seconds
[2026-06-16T14:23:34.066+0000] {processor.py:161} INFO - Started process (PID=10086) to work on /opt/airflow/dags/dag_01_hello_world.py
[2026-06-16T14:23:34.067+0000] {processor.py:830} INFO - Processing file /opt/airflow/dags/dag_01_hello_world.py for tasks to queue
[2026-06-16T14:23:34.071+0000] {logging_mixin.py:188} INFO - [2026-06-16T14:23:34.070+0000] {dagbag.py:545} INFO - Filling up the DagBag from /opt/airflow/dags/dag_01_hello_world.py
[2026-06-16T14:23:34.081+0000] {processor.py:840} INFO - DAG(s) '01_hello_world' retrieved from /opt/airflow/dags/dag_01_hello_world.py
[2026-06-16T14:23:34.123+0000] {logging_mixin.py:188} INFO - [2026-06-16T14:23:34.123+0000] {dag.py:3089} INFO - Sync 1 DAGs
[2026-06-16T14:23:34.139+0000] {logging_mixin.py:188} INFO - [2026-06-16T14:23:34.139+0000] {dag.py:3947} INFO - Setting next_dagrun for 01_hello_world to None, run_after=None
[2026-06-16T14:23:34.165+0000] {processor.py:183} INFO - Processing /opt/airflow/dags/dag_01_hello_world.py took 0.108 seconds
[2026-06-16T14:24:05.047+0000] {processor.py:161} INFO - Started process (PID=10126) to work on /opt/airflow/dags/dag_01_hello_world.py
[2026-06-16T14:24:05.048+0000] {processor.py:830} INFO - Processing file /opt/airflow/dags/dag_01_hello_world.py for tasks to queue
[2026-06-16T14:24:05.050+0000] {logging_mixin.py:188} INFO - [2026-06-16T14:24:05.050+0000] {dagbag.py:545} INFO - Filling up the DagBag from /opt/airflow/dags/dag_01_hello_world.py
[2026-06-16T14:24:05.059+0000] {processor.py:840} INFO - DAG(s) '01_hello_world' retrieved from /opt/airflow/dags/dag_01_hello_world.py
[2026-06-16T14:24:05.102+0000] {logging_mixin.py:188} INFO - [2026-06-16T14:24:05.102+0000] {dag.py:3089} INFO - Sync 1 DAGs
[2026-06-16T14:24:05.116+0000] {logging_mixin.py:188} INFO - [2026-06-16T14:24:05.116+0000] {dag.py:3947} INFO - Setting next_dagrun for 01_hello_world to None, run_after=None
[2026-06-16T14:24:05.139+0000] {processor.py:183} INFO - Processing /opt/airflow/dags/dag_01_hello_world.py took 0.100 seconds
[2026-06-16T14:24:35.247+0000] {processor.py:161} INFO - Started process (PID=10166) to work on /opt/airflow/dags/dag_01_hello_world.py
[2026-06-16T14:24:35.249+0000] {processor.py:830} INFO - Processing file /opt/airflow/dags/dag_01_hello_world.py for tasks to queue
[2026-06-16T14:24:35.251+0000] {logging_mixin.py:188} INFO - [2026-06-16T14:24:35.250+0000] {dagbag.py:545} INFO - Filling up the DagBag from /opt/airflow/dags/dag_01_hello_world.py
[2026-06-16T14:24:35.259+0000] {processor.py:840} INFO - DAG(s) '01_hello_world' retrieved from /opt/airflow/dags/dag_01_hello_world.py
[2026-06-16T14:24:35.297+0000] {logging_mixin.py:188} INFO - [2026-06-16T14:24:35.296+0000] {dag.py:3089} INFO - Sync 1 DAGs
[2026-06-16T14:24:35.311+0000] {logging_mixin.py:188} INFO - [2026-06-16T14:24:35.310+0000] {dag.py:3947} INFO - Setting next_dagrun for 01_hello_world to None, run_after=None
[2026-06-16T14:24:35.335+0000] {processor.py:183} INFO - Processing /opt/airflow/dags/dag_01_hello_world.py took 0.095 seconds
[2026-06-16T14:25:06.300+0000] {processor.py:161} INFO - Started process (PID=10206) to work on /opt/airflow/dags/dag_01_hello_world.py
[2026-06-16T14:25:06.301+0000] {processor.py:830} INFO - Processing file /opt/airflow/dags/dag_01_hello_world.py for tasks to queue
[2026-06-16T14:25:06.304+0000] {logging_mixin.py:188} INFO - [2026-06-16T14:25:06.303+0000] {dagbag.py:545} INFO - Filling up the DagBag from /opt/airflow/dags/dag_01_hello_world.py
[2026-06-16T14:25:06.314+0000] {processor.py:840} INFO - DAG(s) '01_hello_world' retrieved from /opt/airflow/dags/dag_01_hello_world.py
[2026-06-16T14:25:06.356+0000] {logging_mixin.py:188} INFO - [2026-06-16T14:25:06.356+0000] {dag.py:3089} INFO - Sync 1 DAGs
[2026-06-16T14:25:06.373+0000] {logging_mixin.py:188} INFO - [2026-06-16T14:25:06.373+0000] {dag.py:3947} INFO - Setting next_dagrun for 01_hello_world to None, run_after=None
[2026-06-16T14:25:06.399+0000] {processor.py:183} INFO - Processing /opt/airflow/dags/dag_01_hello_world.py took 0.109 seconds
[2026-06-16T14:25:37.331+0000] {processor.py:161} INFO - Started process (PID=10246) to work on /opt/airflow/dags/dag_01_hello_world.py
[2026-06-16T14:25:37.332+0000] {processor.py:830} INFO - Processing file /opt/airflow/dags/dag_01_hello_world.py for tasks to queue
[2026-06-16T14:25:37.335+0000] {logging_mixin.py:188} INFO - [2026-06-16T14:25:37.334+0000] {dagbag.py:545} INFO - Filling up the DagBag from /opt/airflow/dags/dag_01_hello_world.py
[2026-06-16T14:25:37.345+0000] {processor.py:840} INFO - DAG(s) '01_hello_world' retrieved from /opt/airflow/dags/dag_01_hello_world.py
[2026-06-16T14:25:37.390+0000] {logging_mixin.py:188} INFO - [2026-06-16T14:25:37.390+0000] {dag.py:3089} INFO - Sync 1 DAGs
[2026-06-16T14:25:37.407+0000] {logging_mixin.py:188} INFO - [2026-06-16T14:25:37.406+0000] {dag.py:3947} INFO - Setting next_dagrun for 01_hello_world to None, run_after=None
[2026-06-16T14:25:37.432+0000] {processor.py:183} INFO - Processing /opt/airflow/dags/dag_01_hello_world.py took 0.110 seconds
[2026-06-16T14:26:08.452+0000] {processor.py:161} INFO - Started process (PID=10288) to work on /opt/airflow/dags/dag_01_hello_world.py
[2026-06-16T14:26:08.454+0000] {processor.py:830} INFO - Processing file /opt/airflow/dags/dag_01_hello_world.py for tasks to queue
[2026-06-16T14:26:08.457+0000] {logging_mixin.py:188} INFO - [2026-06-16T14:26:08.456+0000] {dagbag.py:545} INFO - Filling up the DagBag from /opt/airflow/dags/dag_01_hello_world.py
[2026-06-16T14:26:08.465+0000] {processor.py:840} INFO - DAG(s) '01_hello_world' retrieved from /opt/airflow/dags/dag_01_hello_world.py
[2026-06-16T14:26:08.504+0000] {logging_mixin.py:188} INFO - [2026-06-16T14:26:08.504+0000] {dag.py:3089} INFO - Sync 1 DAGs
[2026-06-16T14:26:08.519+0000] {logging_mixin.py:188} INFO - [2026-06-16T14:26:08.518+0000] {dag.py:3947} INFO - Setting next_dagrun for 01_hello_world to None, run_after=None
[2026-06-16T14:26:08.541+0000] {processor.py:183} INFO - Processing /opt/airflow/dags/dag_01_hello_world.py took 0.097 seconds
[2026-06-16T14:26:38.679+0000] {processor.py:161} INFO - Started process (PID=10328) to work on /opt/airflow/dags/dag_01_hello_world.py
[2026-06-16T14:26:38.680+0000] {processor.py:830} INFO - Processing file /opt/airflow/dags/dag_01_hello_world.py for tasks to queue
[2026-06-16T14:26:38.682+0000] {logging_mixin.py:188} INFO - [2026-06-16T14:26:38.682+0000] {dagbag.py:545} INFO - Filling up the DagBag from /opt/airflow/dags/dag_01_hello_world.py
[2026-06-16T14:26:38.691+0000] {processor.py:840} INFO - DAG(s) '01_hello_world' retrieved from /opt/airflow/dags/dag_01_hello_world.py
[2026-06-16T14:26:38.727+0000] {logging_mixin.py:188} INFO - [2026-06-16T14:26:38.727+0000] {dag.py:3089} INFO - Sync 1 DAGs
[2026-06-16T14:26:38.740+0000] {logging_mixin.py:188} INFO - [2026-06-16T14:26:38.739+0000] {dag.py:3947} INFO - Setting next_dagrun for 01_hello_world to None, run_after=None
[2026-06-16T14:26:38.761+0000] {processor.py:183} INFO - Processing /opt/airflow/dags/dag_01_hello_world.py took 0.088 seconds
[2026-06-16T14:27:08.905+0000] {processor.py:161} INFO - Started process (PID=10368) to work on /opt/airflow/dags/dag_01_hello_world.py
[2026-06-16T14:27:08.906+0000] {processor.py:830} INFO - Processing file /opt/airflow/dags/dag_01_hello_world.py for tasks to queue
[2026-06-16T14:27:08.908+0000] {logging_mixin.py:188} INFO - [2026-06-16T14:27:08.908+0000] {dagbag.py:545} INFO - Filling up the DagBag from /opt/airflow/dags/dag_01_hello_world.py
[2026-06-16T14:27:08.916+0000] {processor.py:840} INFO - DAG(s) '01_hello_world' retrieved from /opt/airflow/dags/dag_01_hello_world.py
[2026-06-16T14:27:08.955+0000] {logging_mixin.py:188} INFO - [2026-06-16T14:27:08.954+0000] {dag.py:3089} INFO - Sync 1 DAGs
[2026-06-16T14:27:08.975+0000] {logging_mixin.py:188} INFO - [2026-06-16T14:27:08.974+0000] {dag.py:3947} INFO - Setting next_dagrun for 01_hello_world to None, run_after=None
[2026-06-16T14:27:09.002+0000] {processor.py:183} INFO - Processing /opt/airflow/dags/dag_01_hello_world.py took 0.106 seconds
[2026-06-16T14:27:39.144+0000] {processor.py:161} INFO - Started process (PID=10408) to work on /opt/airflow/dags/dag_01_hello_world.py
[2026-06-16T14:27:39.145+0000] {processor.py:830} INFO - Processing file /opt/airflow/dags/dag_01_hello_world.py for tasks to queue
[2026-06-16T14:27:39.147+0000] {logging_mixin.py:188} INFO - [2026-06-16T14:27:39.147+0000] {dagbag.py:545} INFO - Filling up the DagBag from /opt/airflow/dags/dag_01_hello_world.py
[2026-06-16T14:27:39.155+0000] {processor.py:840} INFO - DAG(s) '01_hello_world' retrieved from /opt/airflow/dags/dag_01_hello_world.py
[2026-06-16T14:27:39.193+0000] {logging_mixin.py:188} INFO - [2026-06-16T14:27:39.192+0000] {dag.py:3089} INFO - Sync 1 DAGs
[2026-06-16T14:27:39.209+0000] {logging_mixin.py:188} INFO - [2026-06-16T14:27:39.208+0000] {dag.py:3947} INFO - Setting next_dagrun for 01_hello_world to None, run_after=None
[2026-06-16T14:27:39.238+0000] {processor.py:183} INFO - Processing /opt/airflow/dags/dag_01_hello_world.py took 0.101 seconds
[2026-06-16T14:28:09.383+0000] {processor.py:161} INFO - Started process (PID=10448) to work on /opt/airflow/dags/dag_01_hello_world.py
[2026-06-16T14:28:09.385+0000] {processor.py:830} INFO - Processing file /opt/airflow/dags/dag_01_hello_world.py for tasks to queue
[2026-06-16T14:28:09.387+0000] {logging_mixin.py:188} INFO - [2026-06-16T14:28:09.387+0000] {dagbag.py:545} INFO - Filling up the DagBag from /opt/airflow/dags/dag_01_hello_world.py
[2026-06-16T14:28:09.396+0000] {processor.py:840} INFO - DAG(s) '01_hello_world' retrieved from /opt/airflow/dags/dag_01_hello_world.py
[2026-06-16T14:28:09.435+0000] {logging_mixin.py:188} INFO - [2026-06-16T14:28:09.435+0000] {dag.py:3089} INFO - Sync 1 DAGs
[2026-06-16T14:28:09.450+0000] {logging_mixin.py:188} INFO - [2026-06-16T14:28:09.450+0000] {dag.py:3947} INFO - Setting next_dagrun for 01_hello_world to None, run_after=None
[2026-06-16T14:28:09.473+0000] {processor.py:183} INFO - Processing /opt/airflow/dags/dag_01_hello_world.py took 0.099 seconds
[2026-06-16T14:28:39.561+0000] {processor.py:161} INFO - Started process (PID=10486) to work on /opt/airflow/dags/dag_01_hello_world.py
[2026-06-16T14:28:39.563+0000] {processor.py:830} INFO - Processing file /opt/airflow/dags/dag_01_hello_world.py for tasks to queue
[2026-06-16T14:28:39.567+0000] {logging_mixin.py:188} INFO - [2026-06-16T14:28:39.567+0000] {dagbag.py:545} INFO - Filling up the DagBag from /opt/airflow/dags/dag_01_hello_world.py
[2026-06-16T14:28:39.582+0000] {processor.py:840} INFO - DAG(s) '01_hello_world' retrieved from /opt/airflow/dags/dag_01_hello_world.py
[2026-06-16T14:28:39.625+0000] {logging_mixin.py:188} INFO - [2026-06-16T14:28:39.625+0000] {dag.py:3089} INFO - Sync 1 DAGs
[2026-06-16T14:28:39.641+0000] {logging_mixin.py:188} INFO - [2026-06-16T14:28:39.641+0000] {dag.py:3947} INFO - Setting next_dagrun for 01_hello_world to None, run_after=None
[2026-06-16T14:28:39.667+0000] {processor.py:183} INFO - Processing /opt/airflow/dags/dag_01_hello_world.py took 0.118 seconds
[2026-06-16T14:29:10.702+0000] {processor.py:161} INFO - Started process (PID=10526) to work on /opt/airflow/dags/dag_01_hello_world.py
[2026-06-16T14:29:10.704+0000] {processor.py:830} INFO - Processing file /opt/airflow/dags/dag_01_hello_world.py for tasks to queue
[2026-06-16T14:29:10.706+0000] {logging_mixin.py:188} INFO - [2026-06-16T14:29:10.706+0000] {dagbag.py:545} INFO - Filling up the DagBag from /opt/airflow/dags/dag_01_hello_world.py
[2026-06-16T14:29:10.715+0000] {processor.py:840} INFO - DAG(s) '01_hello_world' retrieved from /opt/airflow/dags/dag_01_hello_world.py
[2026-06-16T14:29:10.755+0000] {logging_mixin.py:188} INFO - [2026-06-16T14:29:10.755+0000] {dag.py:3089} INFO - Sync 1 DAGs
[2026-06-16T14:29:10.770+0000] {logging_mixin.py:188} INFO - [2026-06-16T14:29:10.770+0000] {dag.py:3947} INFO - Setting next_dagrun for 01_hello_world to None, run_after=None
[2026-06-16T14:29:10.794+0000] {processor.py:183} INFO - Processing /opt/airflow/dags/dag_01_hello_world.py took 0.098 seconds
[2026-06-16T14:29:41.955+0000] {processor.py:161} INFO - Started process (PID=10568) to work on /opt/airflow/dags/dag_01_hello_world.py
[2026-06-16T14:29:41.956+0000] {processor.py:830} INFO - Processing file /opt/airflow/dags/dag_01_hello_world.py for tasks to queue
[2026-06-16T14:29:41.958+0000] {logging_mixin.py:188} INFO - [2026-06-16T14:29:41.958+0000] {dagbag.py:545} INFO - Filling up the DagBag from /opt/airflow/dags/dag_01_hello_world.py
[2026-06-16T14:29:41.966+0000] {processor.py:840} INFO - DAG(s) '01_hello_world' retrieved from /opt/airflow/dags/dag_01_hello_world.py
[2026-06-16T14:29:42.007+0000] {logging_mixin.py:188} INFO - [2026-06-16T14:29:42.007+0000] {dag.py:3089} INFO - Sync 1 DAGs
[2026-06-16T14:29:42.022+0000] {logging_mixin.py:188} INFO - [2026-06-16T14:29:42.022+0000] {dag.py:3947} INFO - Setting next_dagrun for 01_hello_world to None, run_after=None
[2026-06-16T14:29:42.046+0000] {processor.py:183} INFO - Processing /opt/airflow/dags/dag_01_hello_world.py took 0.100 seconds
[2026-06-16T14:30:12.147+0000] {processor.py:161} INFO - Started process (PID=10608) to work on /opt/airflow/dags/dag_01_hello_world.py
[2026-06-16T14:30:12.149+0000] {processor.py:830} INFO - Processing file /opt/airflow/dags/dag_01_hello_world.py for tasks to queue
[2026-06-16T14:30:12.150+0000] {logging_mixin.py:188} INFO - [2026-06-16T14:30:12.150+0000] {dagbag.py:545} INFO - Filling up the DagBag from /opt/airflow/dags/dag_01_hello_world.py
[2026-06-16T14:30:12.159+0000] {processor.py:840} INFO - DAG(s) '01_hello_world' retrieved from /opt/airflow/dags/dag_01_hello_world.py
[2026-06-16T14:30:12.199+0000] {logging_mixin.py:188} INFO - [2026-06-16T14:30:12.199+0000] {dag.py:3089} INFO - Sync 1 DAGs
[2026-06-16T14:30:12.214+0000] {logging_mixin.py:188} INFO - [2026-06-16T14:30:12.213+0000] {dag.py:3947} INFO - Setting next_dagrun for 01_hello_world to None, run_after=None
[2026-06-16T14:30:12.240+0000] {processor.py:183} INFO - Processing /opt/airflow/dags/dag_01_hello_world.py took 0.100 seconds
[2026-06-16T14:30:42.373+0000] {processor.py:161} INFO - Started process (PID=10648) to work on /opt/airflow/dags/dag_01_hello_world.py
[2026-06-16T14:30:42.375+0000] {processor.py:830} INFO - Processing file /opt/airflow/dags/dag_01_hello_world.py for tasks to queue
[2026-06-16T14:30:42.377+0000] {logging_mixin.py:188} INFO - [2026-06-16T14:30:42.377+0000] {dagbag.py:545} INFO - Filling up the DagBag from /opt/airflow/dags/dag_01_hello_world.py
[2026-06-16T14:30:42.384+0000] {processor.py:840} INFO - DAG(s) '01_hello_world' retrieved from /opt/airflow/dags/dag_01_hello_world.py
[2026-06-16T14:30:42.421+0000] {logging_mixin.py:188} INFO - [2026-06-16T14:30:42.420+0000] {dag.py:3089} INFO - Sync 1 DAGs
[2026-06-16T14:30:42.434+0000] {logging_mixin.py:188} INFO - [2026-06-16T14:30:42.434+0000] {dag.py:3947} INFO - Setting next_dagrun for 01_hello_world to None, run_after=None
[2026-06-16T14:30:42.456+0000] {processor.py:183} INFO - Processing /opt/airflow/dags/dag_01_hello_world.py took 0.092 seconds
[2026-06-16T14:31:13.351+0000] {processor.py:161} INFO - Started process (PID=10686) to work on /opt/airflow/dags/dag_01_hello_world.py
[2026-06-16T14:31:13.353+0000] {processor.py:830} INFO - Processing file /opt/airflow/dags/dag_01_hello_world.py for tasks to queue
[2026-06-16T14:31:13.355+0000] {logging_mixin.py:188} INFO - [2026-06-16T14:31:13.354+0000] {dagbag.py:545} INFO - Filling up the DagBag from /opt/airflow/dags/dag_01_hello_world.py
[2026-06-16T14:31:13.366+0000] {processor.py:840} INFO - DAG(s) '01_hello_world' retrieved from /opt/airflow/dags/dag_01_hello_world.py
[2026-06-16T14:31:13.408+0000] {logging_mixin.py:188} INFO - [2026-06-16T14:31:13.408+0000] {dag.py:3089} INFO - Sync 1 DAGs
[2026-06-16T14:31:13.423+0000] {logging_mixin.py:188} INFO - [2026-06-16T14:31:13.423+0000] {dag.py:3947} INFO - Setting next_dagrun for 01_hello_world to None, run_after=None
[2026-06-16T14:31:13.449+0000] {processor.py:183} INFO - Processing /opt/airflow/dags/dag_01_hello_world.py took 0.108 seconds
[2026-06-16T14:31:44.335+0000] {processor.py:161} INFO - Started process (PID=10726) to work on /opt/airflow/dags/dag_01_hello_world.py
[2026-06-16T14:31:44.337+0000] {processor.py:830} INFO - Processing file /opt/airflow/dags/dag_01_hello_world.py for tasks to queue
[2026-06-16T14:31:44.339+0000] {logging_mixin.py:188} INFO - [2026-06-16T14:31:44.339+0000] {dagbag.py:545} INFO - Filling up the DagBag from /opt/airflow/dags/dag_01_hello_world.py
[2026-06-16T14:31:44.349+0000] {processor.py:840} INFO - DAG(s) '01_hello_world' retrieved from /opt/airflow/dags/dag_01_hello_world.py
[2026-06-16T14:31:44.394+0000] {logging_mixin.py:188} INFO - [2026-06-16T14:31:44.394+0000] {dag.py:3089} INFO - Sync 1 DAGs
[2026-06-16T14:31:44.410+0000] {logging_mixin.py:188} INFO - [2026-06-16T14:31:44.409+0000] {dag.py:3947} INFO - Setting next_dagrun for 01_hello_world to None, run_after=None
[2026-06-16T14:31:44.434+0000] {processor.py:183} INFO - Processing /opt/airflow/dags/dag_01_hello_world.py took 0.108 seconds
[2026-06-16T14:32:14.986+0000] {processor.py:161} INFO - Started process (PID=10766) to work on /opt/airflow/dags/dag_01_hello_world.py
[2026-06-16T14:32:14.987+0000] {processor.py:830} INFO - Processing file /opt/airflow/dags/dag_01_hello_world.py for tasks to queue
[2026-06-16T14:32:14.989+0000] {logging_mixin.py:188} INFO - [2026-06-16T14:32:14.989+0000] {dagbag.py:545} INFO - Filling up the DagBag from /opt/airflow/dags/dag_01_hello_world.py
[2026-06-16T14:32:15.000+0000] {processor.py:840} INFO - DAG(s) '01_hello_world' retrieved from /opt/airflow/dags/dag_01_hello_world.py
[2026-06-16T14:32:15.060+0000] {logging_mixin.py:188} INFO - [2026-06-16T14:32:15.060+0000] {dag.py:3089} INFO - Sync 1 DAGs
[2026-06-16T14:32:14.160+0000] {logging_mixin.py:188} INFO - [2026-06-16T14:32:14.160+0000] {dag.py:3947} INFO - Setting next_dagrun for 01_hello_world to None, run_after=None
[2026-06-16T14:32:14.195+0000] {processor.py:183} INFO - Processing /opt/airflow/dags/dag_01_hello_world.py took 0.139 seconds
[2026-06-16T14:32:44.738+0000] {processor.py:161} INFO - Started process (PID=10796) to work on /opt/airflow/dags/dag_01_hello_world.py
[2026-06-16T14:32:44.740+0000] {processor.py:830} INFO - Processing file /opt/airflow/dags/dag_01_hello_world.py for tasks to queue
[2026-06-16T14:32:44.742+0000] {logging_mixin.py:188} INFO - [2026-06-16T14:32:44.741+0000] {dagbag.py:545} INFO - Filling up the DagBag from /opt/airflow/dags/dag_01_hello_world.py
[2026-06-16T14:32:44.749+0000] {processor.py:840} INFO - DAG(s) '01_hello_world' retrieved from /opt/airflow/dags/dag_01_hello_world.py
[2026-06-16T14:32:44.787+0000] {logging_mixin.py:188} INFO - [2026-06-16T14:32:44.787+0000] {dag.py:3089} INFO - Sync 1 DAGs
[2026-06-16T14:32:44.801+0000] {logging_mixin.py:188} INFO - [2026-06-16T14:32:44.801+0000] {dag.py:3947} INFO - Setting next_dagrun for 01_hello_world to None, run_after=None
[2026-06-16T14:32:44.826+0000] {processor.py:183} INFO - Processing /opt/airflow/dags/dag_01_hello_world.py took 0.095 seconds
[2026-06-16T14:33:14.862+0000] {processor.py:161} INFO - Started process (PID=10833) to work on /opt/airflow/dags/dag_01_hello_world.py
[2026-06-16T14:33:14.863+0000] {processor.py:830} INFO - Processing file /opt/airflow/dags/dag_01_hello_world.py for tasks to queue
[2026-06-16T14:33:14.866+0000] {logging_mixin.py:188} INFO - [2026-06-16T14:33:14.865+0000] {dagbag.py:545} INFO - Filling up the DagBag from /opt/airflow/dags/dag_01_hello_world.py
[2026-06-16T14:33:14.875+0000] {processor.py:840} INFO - DAG(s) '01_hello_world' retrieved from /opt/airflow/dags/dag_01_hello_world.py
[2026-06-16T14:33:14.914+0000] {logging_mixin.py:188} INFO - [2026-06-16T14:33:14.913+0000] {dag.py:3089} INFO - Sync 1 DAGs
[2026-06-16T14:33:14.928+0000] {logging_mixin.py:188} INFO - [2026-06-16T14:33:14.928+0000] {dag.py:3947} INFO - Setting next_dagrun for 01_hello_world to None, run_after=None
[2026-06-16T14:33:14.953+0000] {processor.py:183} INFO - Processing /opt/airflow/dags/dag_01_hello_world.py took 0.098 seconds
[2026-06-16T14:33:45.092+0000] {processor.py:161} INFO - Started process (PID=10876) to work on /opt/airflow/dags/dag_01_hello_world.py
[2026-06-16T14:33:45.096+0000] {processor.py:830} INFO - Processing file /opt/airflow/dags/dag_01_hello_world.py for tasks to queue
[2026-06-16T14:33:45.098+0000] {logging_mixin.py:188} INFO - [2026-06-16T14:33:45.098+0000] {dagbag.py:545} INFO - Filling up the DagBag from /opt/airflow/dags/dag_01_hello_world.py
[2026-06-16T14:33:45.106+0000] {processor.py:840} INFO - DAG(s) '01_hello_world' retrieved from /opt/airflow/dags/dag_01_hello_world.py
[2026-06-16T14:33:45.146+0000] {logging_mixin.py:188} INFO - [2026-06-16T14:33:45.146+0000] {dag.py:3089} INFO - Sync 1 DAGs
[2026-06-16T14:33:45.159+0000] {logging_mixin.py:188} INFO - [2026-06-16T14:33:45.159+0000] {dag.py:3947} INFO - Setting next_dagrun for 01_hello_world to None, run_after=None
[2026-06-16T14:33:45.184+0000] {processor.py:183} INFO - Processing /opt/airflow/dags/dag_01_hello_world.py took 0.099 seconds
[2026-06-16T14:34:15.302+0000] {processor.py:161} INFO - Started process (PID=10916) to work on /opt/airflow/dags/dag_01_hello_world.py
[2026-06-16T14:34:15.304+0000] {processor.py:830} INFO - Processing file /opt/airflow/dags/dag_01_hello_world.py for tasks to queue
[2026-06-16T14:34:15.306+0000] {logging_mixin.py:188} INFO - [2026-06-16T14:34:15.306+0000] {dagbag.py:545} INFO - Filling up the DagBag from /opt/airflow/dags/dag_01_hello_world.py
[2026-06-16T14:34:15.319+0000] {processor.py:840} INFO - DAG(s) '01_hello_world' retrieved from /opt/airflow/dags/dag_01_hello_world.py
[2026-06-16T14:34:15.361+0000] {logging_mixin.py:188} INFO - [2026-06-16T14:34:15.361+0000] {dag.py:3089} INFO - Sync 1 DAGs
[2026-06-16T14:34:15.379+0000] {logging_mixin.py:188} INFO - [2026-06-16T14:34:15.379+0000] {dag.py:3947} INFO - Setting next_dagrun for 01_hello_world to None, run_after=None
[2026-06-16T14:34:15.403+0000] {processor.py:183} INFO - Processing /opt/airflow/dags/dag_01_hello_world.py took 0.112 seconds
[2026-06-16T14:34:45.504+0000] {processor.py:161} INFO - Started process (PID=10956) to work on /opt/airflow/dags/dag_01_hello_world.py
[2026-06-16T14:34:45.506+0000] {processor.py:830} INFO - Processing file /opt/airflow/dags/dag_01_hello_world.py for tasks to queue
[2026-06-16T14:34:45.508+0000] {logging_mixin.py:188} INFO - [2026-06-16T14:34:45.508+0000] {dagbag.py:545} INFO - Filling up the DagBag from /opt/airflow/dags/dag_01_hello_world.py
[2026-06-16T14:34:45.518+0000] {processor.py:840} INFO - DAG(s) '01_hello_world' retrieved from /opt/airflow/dags/dag_01_hello_world.py
[2026-06-16T14:34:45.558+0000] {logging_mixin.py:188} INFO - [2026-06-16T14:34:45.558+0000] {dag.py:3089} INFO - Sync 1 DAGs
[2026-06-16T14:34:45.574+0000] {logging_mixin.py:188} INFO - [2026-06-16T14:34:45.574+0000] {dag.py:3947} INFO - Setting next_dagrun for 01_hello_world to None, run_after=None
[2026-06-16T14:34:45.601+0000] {processor.py:183} INFO - Processing /opt/airflow/dags/dag_01_hello_world.py took 0.105 seconds
[2026-06-16T14:35:15.699+0000] {processor.py:161} INFO - Started process (PID=10996) to work on /opt/airflow/dags/dag_01_hello_world.py
[2026-06-16T14:35:15.700+0000] {processor.py:830} INFO - Processing file /opt/airflow/dags/dag_01_hello_world.py for tasks to queue
[2026-06-16T14:35:15.703+0000] {logging_mixin.py:188} INFO - [2026-06-16T14:35:15.702+0000] {dagbag.py:545} INFO - Filling up the DagBag from /opt/airflow/dags/dag_01_hello_world.py
[2026-06-16T14:35:15.714+0000] {processor.py:840} INFO - DAG(s) '01_hello_world' retrieved from /opt/airflow/dags/dag_01_hello_world.py
[2026-06-16T14:35:15.752+0000] {logging_mixin.py:188} INFO - [2026-06-16T14:35:15.752+0000] {dag.py:3089} INFO - Sync 1 DAGs
[2026-06-16T14:35:15.768+0000] {logging_mixin.py:188} INFO - [2026-06-16T14:35:15.768+0000] {dag.py:3947} INFO - Setting next_dagrun for 01_hello_world to None, run_after=None
[2026-06-16T14:35:15.796+0000] {processor.py:183} INFO - Processing /opt/airflow/dags/dag_01_hello_world.py took 0.107 seconds
[2026-06-16T14:35:45.931+0000] {processor.py:161} INFO - Started process (PID=11036) to work on /opt/airflow/dags/dag_01_hello_world.py
[2026-06-16T14:35:45.933+0000] {processor.py:830} INFO - Processing file /opt/airflow/dags/dag_01_hello_world.py for tasks to queue
[2026-06-16T14:35:45.935+0000] {logging_mixin.py:188} INFO - [2026-06-16T14:35:45.935+0000] {dagbag.py:545} INFO - Filling up the DagBag from /opt/airflow/dags/dag_01_hello_world.py
[2026-06-16T14:35:45.945+0000] {processor.py:840} INFO - DAG(s) '01_hello_world' retrieved from /opt/airflow/dags/dag_01_hello_world.py
[2026-06-16T14:35:45.987+0000] {logging_mixin.py:188} INFO - [2026-06-16T14:35:45.986+0000] {dag.py:3089} INFO - Sync 1 DAGs
[2026-06-16T14:35:46.003+0000] {logging_mixin.py:188} INFO - [2026-06-16T14:35:46.002+0000] {dag.py:3947} INFO - Setting next_dagrun for 01_hello_world to None, run_after=None
[2026-06-16T14:35:46.029+0000] {processor.py:183} INFO - Processing /opt/airflow/dags/dag_01_hello_world.py took 0.106 seconds
[2026-06-16T14:36:16.175+0000] {processor.py:161} INFO - Started process (PID=11076) to work on /opt/airflow/dags/dag_01_hello_world.py
[2026-06-16T14:36:16.176+0000] {processor.py:830} INFO - Processing file /opt/airflow/dags/dag_01_hello_world.py for tasks to queue
[2026-06-16T14:36:16.178+0000] {logging_mixin.py:188} INFO - [2026-06-16T14:36:16.178+0000] {dagbag.py:545} INFO - Filling up the DagBag from /opt/airflow/dags/dag_01_hello_world.py
[2026-06-16T14:36:16.188+0000] {processor.py:840} INFO - DAG(s) '01_hello_world' retrieved from /opt/airflow/dags/dag_01_hello_world.py
[2026-06-16T14:36:16.228+0000] {logging_mixin.py:188} INFO - [2026-06-16T14:36:16.228+0000] {dag.py:3089} INFO - Sync 1 DAGs
[2026-06-16T14:36:16.245+0000] {logging_mixin.py:188} INFO - [2026-06-16T14:36:16.245+0000] {dag.py:3947} INFO - Setting next_dagrun for 01_hello_world to None, run_after=None
[2026-06-16T14:36:16.271+0000] {processor.py:183} INFO - Processing /opt/airflow/dags/dag_01_hello_world.py took 0.105 seconds
[2026-06-16T14:36:46.360+0000] {processor.py:161} INFO - Started process (PID=11116) to work on /opt/airflow/dags/dag_01_hello_world.py
[2026-06-16T14:36:46.364+0000] {processor.py:830} INFO - Processing file /opt/airflow/dags/dag_01_hello_world.py for tasks to queue
[2026-06-16T14:36:46.366+0000] {logging_mixin.py:188} INFO - [2026-06-16T14:36:46.366+0000] {dagbag.py:545} INFO - Filling up the DagBag from /opt/airflow/dags/dag_01_hello_world.py
[2026-06-16T14:36:46.374+0000] {processor.py:840} INFO - DAG(s) '01_hello_world' retrieved from /opt/airflow/dags/dag_01_hello_world.py
[2026-06-16T14:36:46.414+0000] {logging_mixin.py:188} INFO - [2026-06-16T14:36:46.414+0000] {dag.py:3089} INFO - Sync 1 DAGs
[2026-06-16T14:36:46.429+0000] {logging_mixin.py:188} INFO - [2026-06-16T14:36:46.429+0000] {dag.py:3947} INFO - Setting next_dagrun for 01_hello_world to None, run_after=None
[2026-06-16T14:36:46.455+0000] {processor.py:183} INFO - Processing /opt/airflow/dags/dag_01_hello_world.py took 0.102 seconds
[2026-06-16T14:37:16.564+0000] {processor.py:161} INFO - Started process (PID=11156) to work on /opt/airflow/dags/dag_01_hello_world.py
[2026-06-16T14:37:16.565+0000] {processor.py:830} INFO - Processing file /opt/airflow/dags/dag_01_hello_world.py for tasks to queue
[2026-06-16T14:37:16.567+0000] {logging_mixin.py:188} INFO - [2026-06-16T14:37:16.567+0000] {dagbag.py:545} INFO - Filling up the DagBag from /opt/airflow/dags/dag_01_hello_world.py
[2026-06-16T14:37:16.576+0000] {processor.py:840} INFO - DAG(s) '01_hello_world' retrieved from /opt/airflow/dags/dag_01_hello_world.py
[2026-06-16T14:37:16.616+0000] {logging_mixin.py:188} INFO - [2026-06-16T14:37:16.616+0000] {dag.py:3089} INFO - Sync 1 DAGs
[2026-06-16T14:37:16.631+0000] {logging_mixin.py:188} INFO - [2026-06-16T14:37:16.631+0000] {dag.py:3947} INFO - Setting next_dagrun for 01_hello_world to None, run_after=None
[2026-06-16T14:37:16.657+0000] {processor.py:183} INFO - Processing /opt/airflow/dags/dag_01_hello_world.py took 0.101 seconds
[2026-06-16T14:37:46.762+0000] {processor.py:161} INFO - Started process (PID=11196) to work on /opt/airflow/dags/dag_01_hello_world.py
[2026-06-16T14:37:46.764+0000] {processor.py:830} INFO - Processing file /opt/airflow/dags/dag_01_hello_world.py for tasks to queue
[2026-06-16T14:37:46.766+0000] {logging_mixin.py:188} INFO - [2026-06-16T14:37:46.766+0000] {dagbag.py:545} INFO - Filling up the DagBag from /opt/airflow/dags/dag_01_hello_world.py
[2026-06-16T14:37:46.776+0000] {processor.py:840} INFO - DAG(s) '01_hello_world' retrieved from /opt/airflow/dags/dag_01_hello_world.py
[2026-06-16T14:37:46.819+0000] {logging_mixin.py:188} INFO - [2026-06-16T14:37:46.818+0000] {dag.py:3089} INFO - Sync 1 DAGs
[2026-06-16T14:37:46.837+0000] {logging_mixin.py:188} INFO - [2026-06-16T14:37:46.836+0000] {dag.py:3947} INFO - Setting next_dagrun for 01_hello_world to None, run_after=None
[2026-06-16T14:37:46.863+0000] {processor.py:183} INFO - Processing /opt/airflow/dags/dag_01_hello_world.py took 0.111 seconds
[2026-06-16T14:38:16.927+0000] {processor.py:161} INFO - Started process (PID=11236) to work on /opt/airflow/dags/dag_01_hello_world.py
[2026-06-16T14:38:16.929+0000] {processor.py:830} INFO - Processing file /opt/airflow/dags/dag_01_hello_world.py for tasks to queue
[2026-06-16T14:38:16.931+0000] {logging_mixin.py:188} INFO - [2026-06-16T14:38:16.930+0000] {dagbag.py:545} INFO - Filling up the DagBag from /opt/airflow/dags/dag_01_hello_world.py
[2026-06-16T14:38:16.942+0000] {processor.py:840} INFO - DAG(s) '01_hello_world' retrieved from /opt/airflow/dags/dag_01_hello_world.py
[2026-06-16T14:38:16.984+0000] {logging_mixin.py:188} INFO - [2026-06-16T14:38:16.983+0000] {dag.py:3089} INFO - Sync 1 DAGs
[2026-06-16T14:38:17.003+0000] {logging_mixin.py:188} INFO - [2026-06-16T14:38:17.002+0000] {dag.py:3947} INFO - Setting next_dagrun for 01_hello_world to None, run_after=None
[2026-06-16T14:38:17.027+0000] {processor.py:183} INFO - Processing /opt/airflow/dags/dag_01_hello_world.py took 0.108 seconds
[2026-06-16T14:38:48.012+0000] {processor.py:161} INFO - Started process (PID=11276) to work on /opt/airflow/dags/dag_01_hello_world.py
[2026-06-16T14:38:48.016+0000] {processor.py:830} INFO - Processing file /opt/airflow/dags/dag_01_hello_world.py for tasks to queue
[2026-06-16T14:38:48.019+0000] {logging_mixin.py:188} INFO - [2026-06-16T14:38:48.018+0000] {dagbag.py:545} INFO - Filling up the DagBag from /opt/airflow/dags/dag_01_hello_world.py
[2026-06-16T14:38:48.032+0000] {processor.py:840} INFO - DAG(s) '01_hello_world' retrieved from /opt/airflow/dags/dag_01_hello_world.py
[2026-06-16T14:38:48.088+0000] {logging_mixin.py:188} INFO - [2026-06-16T14:38:48.087+0000] {dag.py:3089} INFO - Sync 1 DAGs
[2026-06-16T14:38:48.109+0000] {logging_mixin.py:188} INFO - [2026-06-16T14:38:48.109+0000] {dag.py:3947} INFO - Setting next_dagrun for 01_hello_world to None, run_after=None
[2026-06-16T14:38:48.136+0000] {processor.py:183} INFO - Processing /opt/airflow/dags/dag_01_hello_world.py took 0.132 seconds
[2026-06-16T14:39:19.142+0000] {processor.py:161} INFO - Started process (PID=11316) to work on /opt/airflow/dags/dag_01_hello_world.py
[2026-06-16T14:39:19.144+0000] {processor.py:830} INFO - Processing file /opt/airflow/dags/dag_01_hello_world.py for tasks to queue
[2026-06-16T14:39:19.146+0000] {logging_mixin.py:188} INFO - [2026-06-16T14:39:19.146+0000] {dagbag.py:545} INFO - Filling up the DagBag from /opt/airflow/dags/dag_01_hello_world.py
[2026-06-16T14:39:19.155+0000] {processor.py:840} INFO - DAG(s) '01_hello_world' retrieved from /opt/airflow/dags/dag_01_hello_world.py
[2026-06-16T14:39:19.197+0000] {logging_mixin.py:188} INFO - [2026-06-16T14:39:19.197+0000] {dag.py:3089} INFO - Sync 1 DAGs
[2026-06-16T14:39:19.214+0000] {logging_mixin.py:188} INFO - [2026-06-16T14:39:19.213+0000] {dag.py:3947} INFO - Setting next_dagrun for 01_hello_world to None, run_after=None
[2026-06-16T14:39:19.240+0000] {processor.py:183} INFO - Processing /opt/airflow/dags/dag_01_hello_world.py took 0.106 seconds
[2026-06-16T14:39:49.730+0000] {processor.py:161} INFO - Started process (PID=11356) to work on /opt/airflow/dags/dag_01_hello_world.py
[2026-06-16T14:39:49.732+0000] {processor.py:830} INFO - Processing file /opt/airflow/dags/dag_01_hello_world.py for tasks to queue
[2026-06-16T14:39:49.734+0000] {logging_mixin.py:188} INFO - [2026-06-16T14:39:49.734+0000] {dagbag.py:545} INFO - Filling up the DagBag from /opt/airflow/dags/dag_01_hello_world.py
[2026-06-16T14:39:49.743+0000] {processor.py:840} INFO - DAG(s) '01_hello_world' retrieved from /opt/airflow/dags/dag_01_hello_world.py
[2026-06-16T14:39:49.786+0000] {logging_mixin.py:188} INFO - [2026-06-16T14:39:49.785+0000] {dag.py:3089} INFO - Sync 1 DAGs
[2026-06-16T14:39:49.801+0000] {logging_mixin.py:188} INFO - [2026-06-16T14:39:49.801+0000] {dag.py:3947} INFO - Setting next_dagrun for 01_hello_world to None, run_after=None
[2026-06-16T14:39:49.827+0000] {processor.py:183} INFO - Processing /opt/airflow/dags/dag_01_hello_world.py took 0.105 seconds
[2026-06-16T14:40:20.859+0000] {processor.py:161} INFO - Started process (PID=11396) to work on /opt/airflow/dags/dag_01_hello_world.py
[2026-06-16T14:40:20.861+0000] {processor.py:830} INFO - Processing file /opt/airflow/dags/dag_01_hello_world.py for tasks to queue
[2026-06-16T14:40:20.863+0000] {logging_mixin.py:188} INFO - [2026-06-16T14:40:20.863+0000] {dagbag.py:545} INFO - Filling up the DagBag from /opt/airflow/dags/dag_01_hello_world.py
[2026-06-16T14:40:20.873+0000] {processor.py:840} INFO - DAG(s) '01_hello_world' retrieved from /opt/airflow/dags/dag_01_hello_world.py
[2026-06-16T14:40:20.921+0000] {logging_mixin.py:188} INFO - [2026-06-16T14:40:20.920+0000] {dag.py:3089} INFO - Sync 1 DAGs
[2026-06-16T14:40:20.938+0000] {logging_mixin.py:188} INFO - [2026-06-16T14:40:20.938+0000] {dag.py:3947} INFO - Setting next_dagrun for 01_hello_world to None, run_after=None
[2026-06-16T14:40:20.965+0000] {processor.py:183} INFO - Processing /opt/airflow/dags/dag_01_hello_world.py took 0.115 seconds
[2026-06-16T14:40:51.271+0000] {processor.py:161} INFO - Started process (PID=11436) to work on /opt/airflow/dags/dag_01_hello_world.py
[2026-06-16T14:40:51.272+0000] {processor.py:830} INFO - Processing file /opt/airflow/dags/dag_01_hello_world.py for tasks to queue
[2026-06-16T14:40:51.273+0000] {logging_mixin.py:188} INFO - [2026-06-16T14:40:51.273+0000] {dagbag.py:545} INFO - Filling up the DagBag from /opt/airflow/dags/dag_01_hello_world.py
[2026-06-16T14:40:51.281+0000] {processor.py:840} INFO - DAG(s) '01_hello_world' retrieved from /opt/airflow/dags/dag_01_hello_world.py
[2026-06-16T14:40:51.320+0000] {logging_mixin.py:188} INFO - [2026-06-16T14:40:51.320+0000] {dag.py:3089} INFO - Sync 1 DAGs
[2026-06-16T14:40:51.476+0000] {logging_mixin.py:188} INFO - [2026-06-16T14:40:51.476+0000] {dag.py:3947} INFO - Setting next_dagrun for 01_hello_world to None, run_after=None
[2026-06-16T14:40:51.498+0000] {processor.py:183} INFO - Processing /opt/airflow/dags/dag_01_hello_world.py took 0.235 seconds
[2026-06-16T14:41:22.025+0000] {processor.py:161} INFO - Started process (PID=11476) to work on /opt/airflow/dags/dag_01_hello_world.py
[2026-06-16T14:41:22.026+0000] {processor.py:830} INFO - Processing file /opt/airflow/dags/dag_01_hello_world.py for tasks to queue
[2026-06-16T14:41:22.029+0000] {logging_mixin.py:188} INFO - [2026-06-16T14:41:22.028+0000] {dagbag.py:545} INFO - Filling up the DagBag from /opt/airflow/dags/dag_01_hello_world.py
[2026-06-16T14:41:22.038+0000] {processor.py:840} INFO - DAG(s) '01_hello_world' retrieved from /opt/airflow/dags/dag_01_hello_world.py
[2026-06-16T14:41:22.082+0000] {logging_mixin.py:188} INFO - [2026-06-16T14:41:22.082+0000] {dag.py:3089} INFO - Sync 1 DAGs
[2026-06-16T14:41:22.098+0000] {logging_mixin.py:188} INFO - [2026-06-16T14:41:22.097+0000] {dag.py:3947} INFO - Setting next_dagrun for 01_hello_world to None, run_after=None
[2026-06-16T14:41:22.125+0000] {processor.py:183} INFO - Processing /opt/airflow/dags/dag_01_hello_world.py took 0.108 seconds
[2026-06-16T14:41:52.332+0000] {processor.py:161} INFO - Started process (PID=11516) to work on /opt/airflow/dags/dag_01_hello_world.py
[2026-06-16T14:41:52.333+0000] {processor.py:830} INFO - Processing file /opt/airflow/dags/dag_01_hello_world.py for tasks to queue
[2026-06-16T14:41:52.336+0000] {logging_mixin.py:188} INFO - [2026-06-16T14:41:52.336+0000] {dagbag.py:545} INFO - Filling up the DagBag from /opt/airflow/dags/dag_01_hello_world.py
[2026-06-16T14:41:52.345+0000] {processor.py:840} INFO - DAG(s) '01_hello_world' retrieved from /opt/airflow/dags/dag_01_hello_world.py
[2026-06-16T14:41:52.397+0000] {logging_mixin.py:188} INFO - [2026-06-16T14:41:52.397+0000] {dag.py:3089} INFO - Sync 1 DAGs
[2026-06-16T14:41:52.418+0000] {logging_mixin.py:188} INFO - [2026-06-16T14:41:52.417+0000] {dag.py:3947} INFO - Setting next_dagrun for 01_hello_world to None, run_after=None
[2026-06-16T14:41:52.594+0000] {processor.py:183} INFO - Processing /opt/airflow/dags/dag_01_hello_world.py took 0.272 seconds
[2026-06-16T14:42:22.778+0000] {processor.py:161} INFO - Started process (PID=11556) to work on /opt/airflow/dags/dag_01_hello_world.py
[2026-06-16T14:42:22.779+0000] {processor.py:830} INFO - Processing file /opt/airflow/dags/dag_01_hello_world.py for tasks to queue
[2026-06-16T14:42:22.782+0000] {logging_mixin.py:188} INFO - [2026-06-16T14:42:22.781+0000] {dagbag.py:545} INFO - Filling up the DagBag from /opt/airflow/dags/dag_01_hello_world.py
[2026-06-16T14:42:22.791+0000] {processor.py:840} INFO - DAG(s) '01_hello_world' retrieved from /opt/airflow/dags/dag_01_hello_world.py
[2026-06-16T14:42:22.998+0000] {logging_mixin.py:188} INFO - [2026-06-16T14:42:22.998+0000] {dag.py:3089} INFO - Sync 1 DAGs
[2026-06-16T14:42:23.011+0000] {logging_mixin.py:188} INFO - [2026-06-16T14:42:23.011+0000] {dag.py:3947} INFO - Setting next_dagrun for 01_hello_world to None, run_after=None
[2026-06-16T14:42:23.043+0000] {processor.py:183} INFO - Processing /opt/airflow/dags/dag_01_hello_world.py took 0.274 seconds
[2026-06-16T14:42:53.151+0000] {processor.py:161} INFO - Started process (PID=11596) to work on /opt/airflow/dags/dag_01_hello_world.py
[2026-06-16T14:42:53.152+0000] {processor.py:830} INFO - Processing file /opt/airflow/dags/dag_01_hello_world.py for tasks to queue
[2026-06-16T14:42:53.154+0000] {logging_mixin.py:188} INFO - [2026-06-16T14:42:53.154+0000] {dagbag.py:545} INFO - Filling up the DagBag from /opt/airflow/dags/dag_01_hello_world.py
[2026-06-16T14:42:53.165+0000] {processor.py:840} INFO - DAG(s) '01_hello_world' retrieved from /opt/airflow/dags/dag_01_hello_world.py
[2026-06-16T14:42:53.207+0000] {logging_mixin.py:188} INFO - [2026-06-16T14:42:53.207+0000] {dag.py:3089} INFO - Sync 1 DAGs
[2026-06-16T14:42:53.224+0000] {logging_mixin.py:188} INFO - [2026-06-16T14:42:53.223+0000] {dag.py:3947} INFO - Setting next_dagrun for 01_hello_world to None, run_after=None
[2026-06-16T14:42:53.250+0000] {processor.py:183} INFO - Processing /opt/airflow/dags/dag_01_hello_world.py took 0.107 seconds
[2026-06-16T14:43:24.227+0000] {processor.py:161} INFO - Started process (PID=11636) to work on /opt/airflow/dags/dag_01_hello_world.py
[2026-06-16T14:43:24.229+0000] {processor.py:830} INFO - Processing file /opt/airflow/dags/dag_01_hello_world.py for tasks to queue
[2026-06-16T14:43:24.232+0000] {logging_mixin.py:188} INFO - [2026-06-16T14:43:24.231+0000] {dagbag.py:545} INFO - Filling up the DagBag from /opt/airflow/dags/dag_01_hello_world.py
[2026-06-16T14:43:24.244+0000] {processor.py:840} INFO - DAG(s) '01_hello_world' retrieved from /opt/airflow/dags/dag_01_hello_world.py
[2026-06-16T14:43:24.285+0000] {logging_mixin.py:188} INFO - [2026-06-16T14:43:24.285+0000] {dag.py:3089} INFO - Sync 1 DAGs
[2026-06-16T14:43:24.302+0000] {logging_mixin.py:188} INFO - [2026-06-16T14:43:24.302+0000] {dag.py:3947} INFO - Setting next_dagrun for 01_hello_world to None, run_after=None
[2026-06-16T14:43:24.327+0000] {processor.py:183} INFO - Processing /opt/airflow/dags/dag_01_hello_world.py took 0.110 seconds
[2026-06-16T14:43:55.321+0000] {processor.py:161} INFO - Started process (PID=11676) to work on /opt/airflow/dags/dag_01_hello_world.py
[2026-06-16T14:43:55.321+0000] {processor.py:830} INFO - Processing file /opt/airflow/dags/dag_01_hello_world.py for tasks to queue
[2026-06-16T14:43:55.323+0000] {logging_mixin.py:188} INFO - [2026-06-16T14:43:55.323+0000] {dagbag.py:545} INFO - Filling up the DagBag from /opt/airflow/dags/dag_01_hello_world.py
[2026-06-16T14:43:55.331+0000] {processor.py:840} INFO - DAG(s) '01_hello_world' retrieved from /opt/airflow/dags/dag_01_hello_world.py
[2026-06-16T14:43:55.374+0000] {logging_mixin.py:188} INFO - [2026-06-16T14:43:55.374+0000] {dag.py:3089} INFO - Sync 1 DAGs
[2026-06-16T14:43:55.391+0000] {logging_mixin.py:188} INFO - [2026-06-16T14:43:55.391+0000] {dag.py:3947} INFO - Setting next_dagrun for 01_hello_world to None, run_after=None
[2026-06-16T14:43:55.416+0000] {processor.py:183} INFO - Processing /opt/airflow/dags/dag_01_hello_world.py took 0.104 seconds
[2026-06-16T14:44:26.398+0000] {processor.py:161} INFO - Started process (PID=11716) to work on /opt/airflow/dags/dag_01_hello_world.py
[2026-06-16T14:44:26.400+0000] {processor.py:830} INFO - Processing file /opt/airflow/dags/dag_01_hello_world.py for tasks to queue
[2026-06-16T14:44:26.403+0000] {logging_mixin.py:188} INFO - [2026-06-16T14:44:26.402+0000] {dagbag.py:545} INFO - Filling up the DagBag from /opt/airflow/dags/dag_01_hello_world.py
[2026-06-16T14:44:26.414+0000] {processor.py:840} INFO - DAG(s) '01_hello_world' retrieved from /opt/airflow/dags/dag_01_hello_world.py
[2026-06-16T14:44:26.479+0000] {logging_mixin.py:188} INFO - [2026-06-16T14:44:26.479+0000] {dag.py:3089} INFO - Sync 1 DAGs
[2026-06-16T14:44:26.508+0000] {logging_mixin.py:188} INFO - [2026-06-16T14:44:26.508+0000] {dag.py:3947} INFO - Setting next_dagrun for 01_hello_world to None, run_after=None
[2026-06-16T14:44:26.535+0000] {processor.py:183} INFO - Processing /opt/airflow/dags/dag_01_hello_world.py took 0.149 seconds
[2026-06-16T14:44:57.558+0000] {processor.py:161} INFO - Started process (PID=11756) to work on /opt/airflow/dags/dag_01_hello_world.py
[2026-06-16T14:44:57.559+0000] {processor.py:830} INFO - Processing file /opt/airflow/dags/dag_01_hello_world.py for tasks to queue
[2026-06-16T14:44:57.562+0000] {logging_mixin.py:188} INFO - [2026-06-16T14:44:57.561+0000] {dagbag.py:545} INFO - Filling up the DagBag from /opt/airflow/dags/dag_01_hello_world.py
[2026-06-16T14:44:57.570+0000] {processor.py:840} INFO - DAG(s) '01_hello_world' retrieved from /opt/airflow/dags/dag_01_hello_world.py
[2026-06-16T14:44:57.607+0000] {logging_mixin.py:188} INFO - [2026-06-16T14:44:57.607+0000] {dag.py:3089} INFO - Sync 1 DAGs
[2026-06-16T14:44:57.621+0000] {logging_mixin.py:188} INFO - [2026-06-16T14:44:57.621+0000] {dag.py:3947} INFO - Setting next_dagrun for 01_hello_world to None, run_after=None
[2026-06-16T14:44:57.645+0000] {processor.py:183} INFO - Processing /opt/airflow/dags/dag_01_hello_world.py took 0.096 seconds
[2026-06-16T14:45:28.679+0000] {processor.py:161} INFO - Started process (PID=11796) to work on /opt/airflow/dags/dag_01_hello_world.py
[2026-06-16T14:45:28.680+0000] {processor.py:830} INFO - Processing file /opt/airflow/dags/dag_01_hello_world.py for tasks to queue
[2026-06-16T14:45:28.683+0000] {logging_mixin.py:188} INFO - [2026-06-16T14:45:28.683+0000] {dagbag.py:545} INFO - Filling up the DagBag from /opt/airflow/dags/dag_01_hello_world.py
[2026-06-16T14:45:28.693+0000] {processor.py:840} INFO - DAG(s) '01_hello_world' retrieved from /opt/airflow/dags/dag_01_hello_world.py
[2026-06-16T14:45:28.735+0000] {logging_mixin.py:188} INFO - [2026-06-16T14:45:28.735+0000] {dag.py:3089} INFO - Sync 1 DAGs
[2026-06-16T14:45:28.754+0000] {logging_mixin.py:188} INFO - [2026-06-16T14:45:28.753+0000] {dag.py:3947} INFO - Setting next_dagrun for 01_hello_world to None, run_after=None
[2026-06-16T14:45:28.780+0000] {processor.py:183} INFO - Processing /opt/airflow/dags/dag_01_hello_world.py took 0.110 seconds
[2026-06-16T14:45:59.781+0000] {processor.py:161} INFO - Started process (PID=11836) to work on /opt/airflow/dags/dag_01_hello_world.py
[2026-06-16T14:45:59.782+0000] {processor.py:830} INFO - Processing file /opt/airflow/dags/dag_01_hello_world.py for tasks to queue
[2026-06-16T14:45:59.784+0000] {logging_mixin.py:188} INFO - [2026-06-16T14:45:59.784+0000] {dagbag.py:545} INFO - Filling up the DagBag from /opt/airflow/dags/dag_01_hello_world.py
[2026-06-16T14:45:59.792+0000] {processor.py:840} INFO - DAG(s) '01_hello_world' retrieved from /opt/airflow/dags/dag_01_hello_world.py
[2026-06-16T14:45:59.831+0000] {logging_mixin.py:188} INFO - [2026-06-16T14:45:59.830+0000] {dag.py:3089} INFO - Sync 1 DAGs
[2026-06-16T14:45:59.845+0000] {logging_mixin.py:188} INFO - [2026-06-16T14:45:59.845+0000] {dag.py:3947} INFO - Setting next_dagrun for 01_hello_world to None, run_after=None
[2026-06-16T14:45:59.869+0000] {processor.py:183} INFO - Processing /opt/airflow/dags/dag_01_hello_world.py took 0.095 seconds
[2026-06-16T14:46:30.852+0000] {processor.py:161} INFO - Started process (PID=11876) to work on /opt/airflow/dags/dag_01_hello_world.py
[2026-06-16T14:46:30.857+0000] {processor.py:830} INFO - Processing file /opt/airflow/dags/dag_01_hello_world.py for tasks to queue
[2026-06-16T14:46:30.859+0000] {logging_mixin.py:188} INFO - [2026-06-16T14:46:30.858+0000] {dagbag.py:545} INFO - Filling up the DagBag from /opt/airflow/dags/dag_01_hello_world.py
[2026-06-16T14:46:30.868+0000] {processor.py:840} INFO - DAG(s) '01_hello_world' retrieved from /opt/airflow/dags/dag_01_hello_world.py
[2026-06-16T14:46:30.910+0000] {logging_mixin.py:188} INFO - [2026-06-16T14:46:30.910+0000] {dag.py:3089} INFO - Sync 1 DAGs
[2026-06-16T14:46:30.926+0000] {logging_mixin.py:188} INFO - [2026-06-16T14:46:30.925+0000] {dag.py:3947} INFO - Setting next_dagrun for 01_hello_world to None, run_after=None
[2026-06-16T14:46:30.955+0000] {processor.py:183} INFO - Processing /opt/airflow/dags/dag_01_hello_world.py took 0.112 seconds
[2026-06-16T14:47:01.943+0000] {processor.py:161} INFO - Started process (PID=11916) to work on /opt/airflow/dags/dag_01_hello_world.py
[2026-06-16T14:47:01.945+0000] {processor.py:830} INFO - Processing file /opt/airflow/dags/dag_01_hello_world.py for tasks to queue
[2026-06-16T14:47:01.947+0000] {logging_mixin.py:188} INFO - [2026-06-16T14:47:01.946+0000] {dagbag.py:545} INFO - Filling up the DagBag from /opt/airflow/dags/dag_01_hello_world.py
[2026-06-16T14:47:01.955+0000] {processor.py:840} INFO - DAG(s) '01_hello_world' retrieved from /opt/airflow/dags/dag_01_hello_world.py
[2026-06-16T14:47:01.993+0000] {logging_mixin.py:188} INFO - [2026-06-16T14:47:01.993+0000] {dag.py:3089} INFO - Sync 1 DAGs
[2026-06-16T14:47:02.008+0000] {logging_mixin.py:188} INFO - [2026-06-16T14:47:02.008+0000] {dag.py:3947} INFO - Setting next_dagrun for 01_hello_world to None, run_after=None
[2026-06-16T14:47:02.037+0000] {processor.py:183} INFO - Processing /opt/airflow/dags/dag_01_hello_world.py took 0.100 seconds
[2026-06-16T14:47:33.047+0000] {processor.py:161} INFO - Started process (PID=11956) to work on /opt/airflow/dags/dag_01_hello_world.py
[2026-06-16T14:47:33.048+0000] {processor.py:830} INFO - Processing file /opt/airflow/dags/dag_01_hello_world.py for tasks to queue
[2026-06-16T14:47:33.051+0000] {logging_mixin.py:188} INFO - [2026-06-16T14:47:33.050+0000] {dagbag.py:545} INFO - Filling up the DagBag from /opt/airflow/dags/dag_01_hello_world.py
[2026-06-16T14:47:33.062+0000] {processor.py:840} INFO - DAG(s) '01_hello_world' retrieved from /opt/airflow/dags/dag_01_hello_world.py
[2026-06-16T14:47:33.106+0000] {logging_mixin.py:188} INFO - [2026-06-16T14:47:33.106+0000] {dag.py:3089} INFO - Sync 1 DAGs
[2026-06-16T14:47:33.124+0000] {logging_mixin.py:188} INFO - [2026-06-16T14:47:33.123+0000] {dag.py:3947} INFO - Setting next_dagrun for 01_hello_world to None, run_after=None
[2026-06-16T14:47:33.151+0000] {processor.py:183} INFO - Processing /opt/airflow/dags/dag_01_hello_world.py took 0.113 seconds
[2026-06-16T14:48:04.131+0000] {processor.py:161} INFO - Started process (PID=11996) to work on /opt/airflow/dags/dag_01_hello_world.py
[2026-06-16T14:48:04.135+0000] {processor.py:830} INFO - Processing file /opt/airflow/dags/dag_01_hello_world.py for tasks to queue
[2026-06-16T14:48:04.137+0000] {logging_mixin.py:188} INFO - [2026-06-16T14:48:04.137+0000] {dagbag.py:545} INFO - Filling up the DagBag from /opt/airflow/dags/dag_01_hello_world.py
[2026-06-16T14:48:04.146+0000] {processor.py:840} INFO - DAG(s) '01_hello_world' retrieved from /opt/airflow/dags/dag_01_hello_world.py
[2026-06-16T14:48:04.189+0000] {logging_mixin.py:188} INFO - [2026-06-16T14:48:04.188+0000] {dag.py:3089} INFO - Sync 1 DAGs
[2026-06-16T14:48:04.205+0000] {logging_mixin.py:188} INFO - [2026-06-16T14:48:04.204+0000] {dag.py:3947} INFO - Setting next_dagrun for 01_hello_world to None, run_after=None
[2026-06-16T14:48:04.232+0000] {processor.py:183} INFO - Processing /opt/airflow/dags/dag_01_hello_world.py took 0.109 seconds
[2026-06-16T14:48:35.245+0000] {processor.py:161} INFO - Started process (PID=12036) to work on /opt/airflow/dags/dag_01_hello_world.py
[2026-06-16T14:48:35.246+0000] {processor.py:830} INFO - Processing file /opt/airflow/dags/dag_01_hello_world.py for tasks to queue
[2026-06-16T14:48:35.249+0000] {logging_mixin.py:188} INFO - [2026-06-16T14:48:35.248+0000] {dagbag.py:545} INFO - Filling up the DagBag from /opt/airflow/dags/dag_01_hello_world.py
[2026-06-16T14:48:35.258+0000] {processor.py:840} INFO - DAG(s) '01_hello_world' retrieved from /opt/airflow/dags/dag_01_hello_world.py
[2026-06-16T14:48:35.299+0000] {logging_mixin.py:188} INFO - [2026-06-16T14:48:35.299+0000] {dag.py:3089} INFO - Sync 1 DAGs
[2026-06-16T14:48:35.315+0000] {logging_mixin.py:188} INFO - [2026-06-16T14:48:35.315+0000] {dag.py:3947} INFO - Setting next_dagrun for 01_hello_world to None, run_after=None
[2026-06-16T14:48:35.340+0000] {processor.py:183} INFO - Processing /opt/airflow/dags/dag_01_hello_world.py took 0.103 seconds
[2026-06-16T14:49:06.337+0000] {processor.py:161} INFO - Started process (PID=12076) to work on /opt/airflow/dags/dag_01_hello_world.py
[2026-06-16T14:49:06.338+0000] {processor.py:830} INFO - Processing file /opt/airflow/dags/dag_01_hello_world.py for tasks to queue
[2026-06-16T14:49:06.341+0000] {logging_mixin.py:188} INFO - [2026-06-16T14:49:06.340+0000] {dagbag.py:545} INFO - Filling up the DagBag from /opt/airflow/dags/dag_01_hello_world.py
[2026-06-16T14:49:06.353+0000] {processor.py:840} INFO - DAG(s) '01_hello_world' retrieved from /opt/airflow/dags/dag_01_hello_world.py
[2026-06-16T14:49:06.398+0000] {logging_mixin.py:188} INFO - [2026-06-16T14:49:06.398+0000] {dag.py:3089} INFO - Sync 1 DAGs
[2026-06-16T14:49:06.417+0000] {logging_mixin.py:188} INFO - [2026-06-16T14:49:06.417+0000] {dag.py:3947} INFO - Setting next_dagrun for 01_hello_world to None, run_after=None
[2026-06-16T14:49:06.444+0000] {processor.py:183} INFO - Processing /opt/airflow/dags/dag_01_hello_world.py took 0.116 seconds
[2026-06-16T14:49:37.451+0000] {processor.py:161} INFO - Started process (PID=12116) to work on /opt/airflow/dags/dag_01_hello_world.py
[2026-06-16T14:49:37.454+0000] {processor.py:830} INFO - Processing file /opt/airflow/dags/dag_01_hello_world.py for tasks to queue
[2026-06-16T14:49:37.457+0000] {logging_mixin.py:188} INFO - [2026-06-16T14:49:37.456+0000] {dagbag.py:545} INFO - Filling up the DagBag from /opt/airflow/dags/dag_01_hello_world.py
[2026-06-16T14:49:37.467+0000] {processor.py:840} INFO - DAG(s) '01_hello_world' retrieved from /opt/airflow/dags/dag_01_hello_world.py
[2026-06-16T14:49:37.513+0000] {logging_mixin.py:188} INFO - [2026-06-16T14:49:37.512+0000] {dag.py:3089} INFO - Sync 1 DAGs
[2026-06-16T14:49:37.529+0000] {logging_mixin.py:188} INFO - [2026-06-16T14:49:37.529+0000] {dag.py:3947} INFO - Setting next_dagrun for 01_hello_world to None, run_after=None
[2026-06-16T14:49:37.555+0000] {processor.py:183} INFO - Processing /opt/airflow/dags/dag_01_hello_world.py took 0.113 seconds
[2026-06-16T14:50:08.239+0000] {processor.py:161} INFO - Started process (PID=12156) to work on /opt/airflow/dags/dag_01_hello_world.py
[2026-06-16T14:50:08.241+0000] {processor.py:830} INFO - Processing file /opt/airflow/dags/dag_01_hello_world.py for tasks to queue
[2026-06-16T14:50:08.244+0000] {logging_mixin.py:188} INFO - [2026-06-16T14:50:08.243+0000] {dagbag.py:545} INFO - Filling up the DagBag from /opt/airflow/dags/dag_01_hello_world.py
[2026-06-16T14:50:08.256+0000] {processor.py:840} INFO - DAG(s) '01_hello_world' retrieved from /opt/airflow/dags/dag_01_hello_world.py
[2026-06-16T14:50:08.297+0000] {logging_mixin.py:188} INFO - [2026-06-16T14:50:08.297+0000] {dag.py:3089} INFO - Sync 1 DAGs
[2026-06-16T14:50:08.316+0000] {logging_mixin.py:188} INFO - [2026-06-16T14:50:08.315+0000] {dag.py:3947} INFO - Setting next_dagrun for 01_hello_world to None, run_after=None
[2026-06-16T14:50:08.340+0000] {processor.py:183} INFO - Processing /opt/airflow/dags/dag_01_hello_world.py took 0.112 seconds
[2026-06-16T14:50:39.314+0000] {processor.py:161} INFO - Started process (PID=12196) to work on /opt/airflow/dags/dag_01_hello_world.py
[2026-06-16T14:50:39.318+0000] {processor.py:830} INFO - Processing file /opt/airflow/dags/dag_01_hello_world.py for tasks to queue
[2026-06-16T14:50:39.320+0000] {logging_mixin.py:188} INFO - [2026-06-16T14:50:39.320+0000] {dagbag.py:545} INFO - Filling up the DagBag from /opt/airflow/dags/dag_01_hello_world.py
[2026-06-16T14:50:39.330+0000] {processor.py:840} INFO - DAG(s) '01_hello_world' retrieved from /opt/airflow/dags/dag_01_hello_world.py
[2026-06-16T14:50:39.375+0000] {logging_mixin.py:188} INFO - [2026-06-16T14:50:39.374+0000] {dag.py:3089} INFO - Sync 1 DAGs
[2026-06-16T14:50:39.391+0000] {logging_mixin.py:188} INFO - [2026-06-16T14:50:39.390+0000] {dag.py:3947} INFO - Setting next_dagrun for 01_hello_world to None, run_after=None
[2026-06-16T14:50:39.418+0000] {processor.py:183} INFO - Processing /opt/airflow/dags/dag_01_hello_world.py took 0.112 seconds
[2026-06-16T14:51:10.414+0000] {processor.py:161} INFO - Started process (PID=12236) to work on /opt/airflow/dags/dag_01_hello_world.py
[2026-06-16T14:51:10.415+0000] {processor.py:830} INFO - Processing file /opt/airflow/dags/dag_01_hello_world.py for tasks to queue
[2026-06-16T14:51:10.417+0000] {logging_mixin.py:188} INFO - [2026-06-16T14:51:10.416+0000] {dagbag.py:545} INFO - Filling up the DagBag from /opt/airflow/dags/dag_01_hello_world.py
[2026-06-16T14:51:10.425+0000] {processor.py:840} INFO - DAG(s) '01_hello_world' retrieved from /opt/airflow/dags/dag_01_hello_world.py
[2026-06-16T14:51:10.462+0000] {logging_mixin.py:188} INFO - [2026-06-16T14:51:10.462+0000] {dag.py:3089} INFO - Sync 1 DAGs
[2026-06-16T14:51:10.477+0000] {logging_mixin.py:188} INFO - [2026-06-16T14:51:10.476+0000] {dag.py:3947} INFO - Setting next_dagrun for 01_hello_world to None, run_after=None
[2026-06-16T14:51:10.502+0000] {processor.py:183} INFO - Processing /opt/airflow/dags/dag_01_hello_world.py took 0.095 seconds
[2026-06-16T14:51:40.663+0000] {processor.py:161} INFO - Started process (PID=12276) to work on /opt/airflow/dags/dag_01_hello_world.py
[2026-06-16T14:51:40.668+0000] {processor.py:830} INFO - Processing file /opt/airflow/dags/dag_01_hello_world.py for tasks to queue
[2026-06-16T14:51:40.670+0000] {logging_mixin.py:188} INFO - [2026-06-16T14:51:40.669+0000] {dagbag.py:545} INFO - Filling up the DagBag from /opt/airflow/dags/dag_01_hello_world.py
[2026-06-16T14:51:40.679+0000] {processor.py:840} INFO - DAG(s) '01_hello_world' retrieved from /opt/airflow/dags/dag_01_hello_world.py
[2026-06-16T14:51:40.721+0000] {logging_mixin.py:188} INFO - [2026-06-16T14:51:40.720+0000] {dag.py:3089} INFO - Sync 1 DAGs
[2026-06-16T14:51:40.737+0000] {logging_mixin.py:188} INFO - [2026-06-16T14:51:40.736+0000] {dag.py:3947} INFO - Setting next_dagrun for 01_hello_world to None, run_after=None
[2026-06-16T14:51:40.763+0000] {processor.py:183} INFO - Processing /opt/airflow/dags/dag_01_hello_world.py took 0.108 seconds
[2026-06-16T14:52:10.906+0000] {processor.py:161} INFO - Started process (PID=12316) to work on /opt/airflow/dags/dag_01_hello_world.py
[2026-06-16T14:52:10.907+0000] {processor.py:830} INFO - Processing file /opt/airflow/dags/dag_01_hello_world.py for tasks to queue
[2026-06-16T14:52:10.911+0000] {logging_mixin.py:188} INFO - [2026-06-16T14:52:10.910+0000] {dagbag.py:545} INFO - Filling up the DagBag from /opt/airflow/dags/dag_01_hello_world.py
[2026-06-16T14:52:10.924+0000] {processor.py:840} INFO - DAG(s) '01_hello_world' retrieved from /opt/airflow/dags/dag_01_hello_world.py
[2026-06-16T14:52:10.975+0000] {logging_mixin.py:188} INFO - [2026-06-16T14:52:10.975+0000] {dag.py:3089} INFO - Sync 1 DAGs
[2026-06-16T14:52:10.993+0000] {logging_mixin.py:188} INFO - [2026-06-16T14:52:10.993+0000] {dag.py:3947} INFO - Setting next_dagrun for 01_hello_world to None, run_after=None
[2026-06-16T14:52:11.019+0000] {processor.py:183} INFO - Processing /opt/airflow/dags/dag_01_hello_world.py took 0.120 seconds
[2026-06-16T14:52:42.038+0000] {processor.py:161} INFO - Started process (PID=12356) to work on /opt/airflow/dags/dag_01_hello_world.py
[2026-06-16T14:52:42.042+0000] {processor.py:830} INFO - Processing file /opt/airflow/dags/dag_01_hello_world.py for tasks to queue
[2026-06-16T14:52:42.044+0000] {logging_mixin.py:188} INFO - [2026-06-16T14:52:42.044+0000] {dagbag.py:545} INFO - Filling up the DagBag from /opt/airflow/dags/dag_01_hello_world.py
[2026-06-16T14:52:42.052+0000] {processor.py:840} INFO - DAG(s) '01_hello_world' retrieved from /opt/airflow/dags/dag_01_hello_world.py
[2026-06-16T14:52:42.092+0000] {logging_mixin.py:188} INFO - [2026-06-16T14:52:42.092+0000] {dag.py:3089} INFO - Sync 1 DAGs
[2026-06-16T14:52:42.107+0000] {logging_mixin.py:188} INFO - [2026-06-16T14:52:42.107+0000] {dag.py:3947} INFO - Setting next_dagrun for 01_hello_world to None, run_after=None
[2026-06-16T14:52:42.132+0000] {processor.py:183} INFO - Processing /opt/airflow/dags/dag_01_hello_world.py took 0.101 seconds
[2026-06-16T14:53:13.117+0000] {processor.py:161} INFO - Started process (PID=12396) to work on /opt/airflow/dags/dag_01_hello_world.py
[2026-06-16T14:53:13.119+0000] {processor.py:830} INFO - Processing file /opt/airflow/dags/dag_01_hello_world.py for tasks to queue
[2026-06-16T14:53:13.121+0000] {logging_mixin.py:188} INFO - [2026-06-16T14:53:13.121+0000] {dagbag.py:545} INFO - Filling up the DagBag from /opt/airflow/dags/dag_01_hello_world.py
[2026-06-16T14:53:13.131+0000] {processor.py:840} INFO - DAG(s) '01_hello_world' retrieved from /opt/airflow/dags/dag_01_hello_world.py
[2026-06-16T14:53:13.175+0000] {logging_mixin.py:188} INFO - [2026-06-16T14:53:13.175+0000] {dag.py:3089} INFO - Sync 1 DAGs
[2026-06-16T14:53:13.192+0000] {logging_mixin.py:188} INFO - [2026-06-16T14:53:13.192+0000] {dag.py:3947} INFO - Setting next_dagrun for 01_hello_world to None, run_after=None
[2026-06-16T14:53:13.218+0000] {processor.py:183} INFO - Processing /opt/airflow/dags/dag_01_hello_world.py took 0.109 seconds
[2026-06-16T14:53:44.186+0000] {processor.py:161} INFO - Started process (PID=12436) to work on /opt/airflow/dags/dag_01_hello_world.py
[2026-06-16T14:53:44.187+0000] {processor.py:830} INFO - Processing file /opt/airflow/dags/dag_01_hello_world.py for tasks to queue
[2026-06-16T14:53:44.190+0000] {logging_mixin.py:188} INFO - [2026-06-16T14:53:44.189+0000] {dagbag.py:545} INFO - Filling up the DagBag from /opt/airflow/dags/dag_01_hello_world.py
[2026-06-16T14:53:44.200+0000] {processor.py:840} INFO - DAG(s) '01_hello_world' retrieved from /opt/airflow/dags/dag_01_hello_world.py
[2026-06-16T14:53:44.241+0000] {logging_mixin.py:188} INFO - [2026-06-16T14:53:44.240+0000] {dag.py:3089} INFO - Sync 1 DAGs
[2026-06-16T14:53:44.258+0000] {logging_mixin.py:188} INFO - [2026-06-16T14:53:44.258+0000] {dag.py:3947} INFO - Setting next_dagrun for 01_hello_world to None, run_after=None
[2026-06-16T14:53:44.283+0000] {processor.py:183} INFO - Processing /opt/airflow/dags/dag_01_hello_world.py took 0.105 seconds
[2026-06-16T14:54:14.360+0000] {processor.py:161} INFO - Started process (PID=12476) to work on /opt/airflow/dags/dag_01_hello_world.py
[2026-06-16T14:54:14.363+0000] {processor.py:830} INFO - Processing file /opt/airflow/dags/dag_01_hello_world.py for tasks to queue
[2026-06-16T14:54:14.365+0000] {logging_mixin.py:188} INFO - [2026-06-16T14:54:14.365+0000] {dagbag.py:545} INFO - Filling up the DagBag from /opt/airflow/dags/dag_01_hello_world.py
[2026-06-16T14:54:14.374+0000] {processor.py:840} INFO - DAG(s) '01_hello_world' retrieved from /opt/airflow/dags/dag_01_hello_world.py
[2026-06-16T14:54:14.417+0000] {logging_mixin.py:188} INFO - [2026-06-16T14:54:14.417+0000] {dag.py:3089} INFO - Sync 1 DAGs
[2026-06-16T14:54:14.432+0000] {logging_mixin.py:188} INFO - [2026-06-16T14:54:14.432+0000] {dag.py:3947} INFO - Setting next_dagrun for 01_hello_world to None, run_after=None
[2026-06-16T14:54:14.458+0000] {processor.py:183} INFO - Processing /opt/airflow/dags/dag_01_hello_world.py took 0.106 seconds
[2026-06-16T14:54:45.426+0000] {processor.py:161} INFO - Started process (PID=12516) to work on /opt/airflow/dags/dag_01_hello_world.py
[2026-06-16T14:54:45.427+0000] {processor.py:830} INFO - Processing file /opt/airflow/dags/dag_01_hello_world.py for tasks to queue
[2026-06-16T14:54:45.430+0000] {logging_mixin.py:188} INFO - [2026-06-16T14:54:45.429+0000] {dagbag.py:545} INFO - Filling up the DagBag from /opt/airflow/dags/dag_01_hello_world.py
[2026-06-16T14:54:45.439+0000] {processor.py:840} INFO - DAG(s) '01_hello_world' retrieved from /opt/airflow/dags/dag_01_hello_world.py
[2026-06-16T14:54:45.482+0000] {logging_mixin.py:188} INFO - [2026-06-16T14:54:45.481+0000] {dag.py:3089} INFO - Sync 1 DAGs
[2026-06-16T14:54:45.502+0000] {logging_mixin.py:188} INFO - [2026-06-16T14:54:45.502+0000] {dag.py:3947} INFO - Setting next_dagrun for 01_hello_world to None, run_after=None
[2026-06-16T14:54:45.526+0000] {processor.py:183} INFO - Processing /opt/airflow/dags/dag_01_hello_world.py took 0.109 seconds
[2026-06-16T14:55:16.526+0000] {processor.py:161} INFO - Started process (PID=12556) to work on /opt/airflow/dags/dag_01_hello_world.py
[2026-06-16T14:55:16.529+0000] {processor.py:830} INFO - Processing file /opt/airflow/dags/dag_01_hello_world.py for tasks to queue
[2026-06-16T14:55:16.532+0000] {logging_mixin.py:188} INFO - [2026-06-16T14:55:16.531+0000] {dagbag.py:545} INFO - Filling up the DagBag from /opt/airflow/dags/dag_01_hello_world.py
[2026-06-16T14:55:16.541+0000] {processor.py:840} INFO - DAG(s) '01_hello_world' retrieved from /opt/airflow/dags/dag_01_hello_world.py
[2026-06-16T14:55:16.592+0000] {logging_mixin.py:188} INFO - [2026-06-16T14:55:16.591+0000] {dag.py:3089} INFO - Sync 1 DAGs
[2026-06-16T14:55:16.612+0000] {logging_mixin.py:188} INFO - [2026-06-16T14:55:16.611+0000] {dag.py:3947} INFO - Setting next_dagrun for 01_hello_world to None, run_after=None
[2026-06-16T14:55:16.640+0000] {processor.py:183} INFO - Processing /opt/airflow/dags/dag_01_hello_world.py took 0.124 seconds
[2026-06-16T14:55:47.615+0000] {processor.py:161} INFO - Started process (PID=12596) to work on /opt/airflow/dags/dag_01_hello_world.py
[2026-06-16T14:55:47.616+0000] {processor.py:830} INFO - Processing file /opt/airflow/dags/dag_01_hello_world.py for tasks to queue
[2026-06-16T14:55:47.619+0000] {logging_mixin.py:188} INFO - [2026-06-16T14:55:47.618+0000] {dagbag.py:545} INFO - Filling up the DagBag from /opt/airflow/dags/dag_01_hello_world.py
[2026-06-16T14:55:47.629+0000] {processor.py:840} INFO - DAG(s) '01_hello_world' retrieved from /opt/airflow/dags/dag_01_hello_world.py
[2026-06-16T14:55:47.670+0000] {logging_mixin.py:188} INFO - [2026-06-16T14:55:47.670+0000] {dag.py:3089} INFO - Sync 1 DAGs
[2026-06-16T14:55:47.685+0000] {logging_mixin.py:188} INFO - [2026-06-16T14:55:47.685+0000] {dag.py:3947} INFO - Setting next_dagrun for 01_hello_world to None, run_after=None
[2026-06-16T14:55:47.712+0000] {processor.py:183} INFO - Processing /opt/airflow/dags/dag_01_hello_world.py took 0.106 seconds
[2026-06-16T14:56:18.690+0000] {processor.py:161} INFO - Started process (PID=12636) to work on /opt/airflow/dags/dag_01_hello_world.py
[2026-06-16T14:56:18.692+0000] {processor.py:830} INFO - Processing file /opt/airflow/dags/dag_01_hello_world.py for tasks to queue
[2026-06-16T14:56:18.694+0000] {logging_mixin.py:188} INFO - [2026-06-16T14:56:18.694+0000] {dagbag.py:545} INFO - Filling up the DagBag from /opt/airflow/dags/dag_01_hello_world.py
[2026-06-16T14:56:18.703+0000] {processor.py:840} INFO - DAG(s) '01_hello_world' retrieved from /opt/airflow/dags/dag_01_hello_world.py
[2026-06-16T14:56:18.746+0000] {logging_mixin.py:188} INFO - [2026-06-16T14:56:18.746+0000] {dag.py:3089} INFO - Sync 1 DAGs
[2026-06-16T14:56:18.762+0000] {logging_mixin.py:188} INFO - [2026-06-16T14:56:18.762+0000] {dag.py:3947} INFO - Setting next_dagrun for 01_hello_world to None, run_after=None
[2026-06-16T14:56:18.789+0000] {processor.py:183} INFO - Processing /opt/airflow/dags/dag_01_hello_world.py took 0.107 seconds
[2026-06-16T14:56:49.761+0000] {processor.py:161} INFO - Started process (PID=12676) to work on /opt/airflow/dags/dag_01_hello_world.py
[2026-06-16T14:56:49.762+0000] {processor.py:830} INFO - Processing file /opt/airflow/dags/dag_01_hello_world.py for tasks to queue
[2026-06-16T14:56:49.765+0000] {logging_mixin.py:188} INFO - [2026-06-16T14:56:49.764+0000] {dagbag.py:545} INFO - Filling up the DagBag from /opt/airflow/dags/dag_01_hello_world.py
[2026-06-16T14:56:49.775+0000] {processor.py:840} INFO - DAG(s) '01_hello_world' retrieved from /opt/airflow/dags/dag_01_hello_world.py
[2026-06-16T14:56:49.816+0000] {logging_mixin.py:188} INFO - [2026-06-16T14:56:49.816+0000] {dag.py:3089} INFO - Sync 1 DAGs
[2026-06-16T14:56:49.833+0000] {logging_mixin.py:188} INFO - [2026-06-16T14:56:49.833+0000] {dag.py:3947} INFO - Setting next_dagrun for 01_hello_world to None, run_after=None
[2026-06-16T14:56:49.858+0000] {processor.py:183} INFO - Processing /opt/airflow/dags/dag_01_hello_world.py took 0.107 seconds
[2026-06-16T14:57:20.855+0000] {processor.py:161} INFO - Started process (PID=12716) to work on /opt/airflow/dags/dag_01_hello_world.py
[2026-06-16T14:57:20.857+0000] {processor.py:830} INFO - Processing file /opt/airflow/dags/dag_01_hello_world.py for tasks to queue
[2026-06-16T14:57:20.860+0000] {logging_mixin.py:188} INFO - [2026-06-16T14:57:20.859+0000] {dagbag.py:545} INFO - Filling up the DagBag from /opt/airflow/dags/dag_01_hello_world.py
[2026-06-16T14:57:20.873+0000] {processor.py:840} INFO - DAG(s) '01_hello_world' retrieved from /opt/airflow/dags/dag_01_hello_world.py
[2026-06-16T14:57:20.916+0000] {logging_mixin.py:188} INFO - [2026-06-16T14:57:20.916+0000] {dag.py:3089} INFO - Sync 1 DAGs
[2026-06-16T14:57:20.934+0000] {logging_mixin.py:188} INFO - [2026-06-16T14:57:20.934+0000] {dag.py:3947} INFO - Setting next_dagrun for 01_hello_world to None, run_after=None
[2026-06-16T14:57:20.959+0000] {processor.py:183} INFO - Processing /opt/airflow/dags/dag_01_hello_world.py took 0.113 seconds
[2026-06-16T14:57:51.947+0000] {processor.py:161} INFO - Started process (PID=12756) to work on /opt/airflow/dags/dag_01_hello_world.py
[2026-06-16T14:57:51.948+0000] {processor.py:830} INFO - Processing file /opt/airflow/dags/dag_01_hello_world.py for tasks to queue
[2026-06-16T14:57:51.951+0000] {logging_mixin.py:188} INFO - [2026-06-16T14:57:51.950+0000] {dagbag.py:545} INFO - Filling up the DagBag from /opt/airflow/dags/dag_01_hello_world.py
[2026-06-16T14:57:51.960+0000] {processor.py:840} INFO - DAG(s) '01_hello_world' retrieved from /opt/airflow/dags/dag_01_hello_world.py
[2026-06-16T14:57:52.002+0000] {logging_mixin.py:188} INFO - [2026-06-16T14:57:52.001+0000] {dag.py:3089} INFO - Sync 1 DAGs
[2026-06-16T14:57:52.017+0000] {logging_mixin.py:188} INFO - [2026-06-16T14:57:52.017+0000] {dag.py:3947} INFO - Setting next_dagrun for 01_hello_world to None, run_after=None
[2026-06-16T14:57:52.044+0000] {processor.py:183} INFO - Processing /opt/airflow/dags/dag_01_hello_world.py took 0.105 seconds
[2026-06-16T14:58:23.010+0000] {processor.py:161} INFO - Started process (PID=12796) to work on /opt/airflow/dags/dag_01_hello_world.py
[2026-06-16T14:58:23.012+0000] {processor.py:830} INFO - Processing file /opt/airflow/dags/dag_01_hello_world.py for tasks to queue
[2026-06-16T14:58:23.014+0000] {logging_mixin.py:188} INFO - [2026-06-16T14:58:23.014+0000] {dagbag.py:545} INFO - Filling up the DagBag from /opt/airflow/dags/dag_01_hello_world.py
[2026-06-16T14:58:23.023+0000] {processor.py:840} INFO - DAG(s) '01_hello_world' retrieved from /opt/airflow/dags/dag_01_hello_world.py
[2026-06-16T14:58:23.065+0000] {logging_mixin.py:188} INFO - [2026-06-16T14:58:23.065+0000] {dag.py:3089} INFO - Sync 1 DAGs
[2026-06-16T14:58:23.081+0000] {logging_mixin.py:188} INFO - [2026-06-16T14:58:23.081+0000] {dag.py:3947} INFO - Setting next_dagrun for 01_hello_world to None, run_after=None
[2026-06-16T14:58:23.107+0000] {processor.py:183} INFO - Processing /opt/airflow/dags/dag_01_hello_world.py took 0.105 seconds
[2026-06-16T14:58:54.052+0000] {processor.py:161} INFO - Started process (PID=12836) to work on /opt/airflow/dags/dag_01_hello_world.py
[2026-06-16T14:58:54.053+0000] {processor.py:830} INFO - Processing file /opt/airflow/dags/dag_01_hello_world.py for tasks to queue
[2026-06-16T14:58:54.055+0000] {logging_mixin.py:188} INFO - [2026-06-16T14:58:54.055+0000] {dagbag.py:545} INFO - Filling up the DagBag from /opt/airflow/dags/dag_01_hello_world.py
[2026-06-16T14:58:54.063+0000] {processor.py:840} INFO - DAG(s) '01_hello_world' retrieved from /opt/airflow/dags/dag_01_hello_world.py
[2026-06-16T14:58:54.102+0000] {logging_mixin.py:188} INFO - [2026-06-16T14:58:54.102+0000] {dag.py:3089} INFO - Sync 1 DAGs
[2026-06-16T14:58:54.118+0000] {logging_mixin.py:188} INFO - [2026-06-16T14:58:54.117+0000] {dag.py:3947} INFO - Setting next_dagrun for 01_hello_world to None, run_after=None
[2026-06-16T14:58:54.144+0000] {processor.py:183} INFO - Processing /opt/airflow/dags/dag_01_hello_world.py took 0.102 seconds
[2026-06-16T14:59:24.259+0000] {processor.py:161} INFO - Started process (PID=12876) to work on /opt/airflow/dags/dag_01_hello_world.py
[2026-06-16T14:59:24.260+0000] {processor.py:830} INFO - Processing file /opt/airflow/dags/dag_01_hello_world.py for tasks to queue
[2026-06-16T14:59:24.263+0000] {logging_mixin.py:188} INFO - [2026-06-16T14:59:24.262+0000] {dagbag.py:545} INFO - Filling up the DagBag from /opt/airflow/dags/dag_01_hello_world.py
[2026-06-16T14:59:24.275+0000] {processor.py:840} INFO - DAG(s) '01_hello_world' retrieved from /opt/airflow/dags/dag_01_hello_world.py
[2026-06-16T14:59:24.320+0000] {logging_mixin.py:188} INFO - [2026-06-16T14:59:24.319+0000] {dag.py:3089} INFO - Sync 1 DAGs
[2026-06-16T14:59:24.339+0000] {logging_mixin.py:188} INFO - [2026-06-16T14:59:24.338+0000] {dag.py:3947} INFO - Setting next_dagrun for 01_hello_world to None, run_after=None
[2026-06-16T14:59:24.366+0000] {processor.py:183} INFO - Processing /opt/airflow/dags/dag_01_hello_world.py took 0.117 seconds
[2026-06-16T14:59:54.460+0000] {processor.py:161} INFO - Started process (PID=12916) to work on /opt/airflow/dags/dag_01_hello_world.py
[2026-06-16T14:59:54.462+0000] {processor.py:830} INFO - Processing file /opt/airflow/dags/dag_01_hello_world.py for tasks to queue
[2026-06-16T14:59:54.464+0000] {logging_mixin.py:188} INFO - [2026-06-16T14:59:54.464+0000] {dagbag.py:545} INFO - Filling up the DagBag from /opt/airflow/dags/dag_01_hello_world.py
[2026-06-16T14:59:54.474+0000] {processor.py:840} INFO - DAG(s) '01_hello_world' retrieved from /opt/airflow/dags/dag_01_hello_world.py
[2026-06-16T14:59:54.517+0000] {logging_mixin.py:188} INFO - [2026-06-16T14:59:54.517+0000] {dag.py:3089} INFO - Sync 1 DAGs
[2026-06-16T14:59:54.535+0000] {logging_mixin.py:188} INFO - [2026-06-16T14:59:54.535+0000] {dag.py:3947} INFO - Setting next_dagrun for 01_hello_world to None, run_after=None
[2026-06-16T14:59:54.563+0000] {processor.py:183} INFO - Processing /opt/airflow/dags/dag_01_hello_world.py took 0.112 seconds
[2026-06-16T15:00:24.666+0000] {processor.py:161} INFO - Started process (PID=12956) to work on /opt/airflow/dags/dag_01_hello_world.py
[2026-06-16T15:00:24.667+0000] {processor.py:830} INFO - Processing file /opt/airflow/dags/dag_01_hello_world.py for tasks to queue
[2026-06-16T15:00:24.669+0000] {logging_mixin.py:188} INFO - [2026-06-16T15:00:24.668+0000] {dagbag.py:545} INFO - Filling up the DagBag from /opt/airflow/dags/dag_01_hello_world.py
[2026-06-16T15:00:24.677+0000] {processor.py:840} INFO - DAG(s) '01_hello_world' retrieved from /opt/airflow/dags/dag_01_hello_world.py
[2026-06-16T15:00:24.716+0000] {logging_mixin.py:188} INFO - [2026-06-16T15:00:24.716+0000] {dag.py:3089} INFO - Sync 1 DAGs
[2026-06-16T15:00:24.730+0000] {logging_mixin.py:188} INFO - [2026-06-16T15:00:24.730+0000] {dag.py:3947} INFO - Setting next_dagrun for 01_hello_world to None, run_after=None
[2026-06-16T15:00:24.755+0000] {processor.py:183} INFO - Processing /opt/airflow/dags/dag_01_hello_world.py took 0.097 seconds
[2026-06-16T15:00:55.693+0000] {processor.py:161} INFO - Started process (PID=12996) to work on /opt/airflow/dags/dag_01_hello_world.py
[2026-06-16T15:00:55.696+0000] {processor.py:830} INFO - Processing file /opt/airflow/dags/dag_01_hello_world.py for tasks to queue
[2026-06-16T15:00:55.698+0000] {logging_mixin.py:188} INFO - [2026-06-16T15:00:55.698+0000] {dagbag.py:545} INFO - Filling up the DagBag from /opt/airflow/dags/dag_01_hello_world.py
[2026-06-16T15:00:55.711+0000] {processor.py:840} INFO - DAG(s) '01_hello_world' retrieved from /opt/airflow/dags/dag_01_hello_world.py
[2026-06-16T15:00:55.757+0000] {logging_mixin.py:188} INFO - [2026-06-16T15:00:55.757+0000] {dag.py:3089} INFO - Sync 1 DAGs
[2026-06-16T15:00:55.772+0000] {logging_mixin.py:188} INFO - [2026-06-16T15:00:55.772+0000] {dag.py:3947} INFO - Setting next_dagrun for 01_hello_world to None, run_after=None
[2026-06-16T15:00:55.799+0000] {processor.py:183} INFO - Processing /opt/airflow/dags/dag_01_hello_world.py took 0.114 seconds
[2026-06-16T15:01:25.880+0000] {processor.py:161} INFO - Started process (PID=13036) to work on /opt/airflow/dags/dag_01_hello_world.py
[2026-06-16T15:01:25.881+0000] {processor.py:830} INFO - Processing file /opt/airflow/dags/dag_01_hello_world.py for tasks to queue
[2026-06-16T15:01:25.884+0000] {logging_mixin.py:188} INFO - [2026-06-16T15:01:25.883+0000] {dagbag.py:545} INFO - Filling up the DagBag from /opt/airflow/dags/dag_01_hello_world.py
[2026-06-16T15:01:25.896+0000] {processor.py:840} INFO - DAG(s) '01_hello_world' retrieved from /opt/airflow/dags/dag_01_hello_world.py
[2026-06-16T15:01:25.941+0000] {logging_mixin.py:188} INFO - [2026-06-16T15:01:25.940+0000] {dag.py:3089} INFO - Sync 1 DAGs
[2026-06-16T15:01:25.959+0000] {logging_mixin.py:188} INFO - [2026-06-16T15:01:25.959+0000] {dag.py:3947} INFO - Setting next_dagrun for 01_hello_world to None, run_after=None
[2026-06-16T15:01:25.985+0000] {processor.py:183} INFO - Processing /opt/airflow/dags/dag_01_hello_world.py took 0.114 seconds
[2026-06-16T15:01:57.021+0000] {processor.py:161} INFO - Started process (PID=13076) to work on /opt/airflow/dags/dag_01_hello_world.py
[2026-06-16T15:01:57.022+0000] {processor.py:830} INFO - Processing file /opt/airflow/dags/dag_01_hello_world.py for tasks to queue
[2026-06-16T15:01:57.025+0000] {logging_mixin.py:188} INFO - [2026-06-16T15:01:57.024+0000] {dagbag.py:545} INFO - Filling up the DagBag from /opt/airflow/dags/dag_01_hello_world.py
[2026-06-16T15:01:57.034+0000] {processor.py:840} INFO - DAG(s) '01_hello_world' retrieved from /opt/airflow/dags/dag_01_hello_world.py
[2026-06-16T15:01:57.080+0000] {logging_mixin.py:188} INFO - [2026-06-16T15:01:57.079+0000] {dag.py:3089} INFO - Sync 1 DAGs
[2026-06-16T15:01:57.095+0000] {logging_mixin.py:188} INFO - [2026-06-16T15:01:57.095+0000] {dag.py:3947} INFO - Setting next_dagrun for 01_hello_world to None, run_after=None
[2026-06-16T15:01:57.121+0000] {processor.py:183} INFO - Processing /opt/airflow/dags/dag_01_hello_world.py took 0.108 seconds
[2026-06-16T15:02:28.134+0000] {processor.py:161} INFO - Started process (PID=13116) to work on /opt/airflow/dags/dag_01_hello_world.py
[2026-06-16T15:02:28.135+0000] {processor.py:830} INFO - Processing file /opt/airflow/dags/dag_01_hello_world.py for tasks to queue
[2026-06-16T15:02:28.138+0000] {logging_mixin.py:188} INFO - [2026-06-16T15:02:28.137+0000] {dagbag.py:545} INFO - Filling up the DagBag from /opt/airflow/dags/dag_01_hello_world.py
[2026-06-16T15:02:28.145+0000] {processor.py:840} INFO - DAG(s) '01_hello_world' retrieved from /opt/airflow/dags/dag_01_hello_world.py
[2026-06-16T15:02:28.183+0000] {logging_mixin.py:188} INFO - [2026-06-16T15:02:28.182+0000] {dag.py:3089} INFO - Sync 1 DAGs
[2026-06-16T15:02:28.198+0000] {logging_mixin.py:188} INFO - [2026-06-16T15:02:28.197+0000] {dag.py:3947} INFO - Setting next_dagrun for 01_hello_world to None, run_after=None
[2026-06-16T15:02:28.223+0000] {processor.py:183} INFO - Processing /opt/airflow/dags/dag_01_hello_world.py took 0.095 seconds
[2026-06-16T15:02:59.139+0000] {processor.py:161} INFO - Started process (PID=13156) to work on /opt/airflow/dags/dag_01_hello_world.py
[2026-06-16T15:02:59.141+0000] {processor.py:830} INFO - Processing file /opt/airflow/dags/dag_01_hello_world.py for tasks to queue
[2026-06-16T15:02:59.143+0000] {logging_mixin.py:188} INFO - [2026-06-16T15:02:59.143+0000] {dagbag.py:545} INFO - Filling up the DagBag from /opt/airflow/dags/dag_01_hello_world.py
[2026-06-16T15:02:59.153+0000] {processor.py:840} INFO - DAG(s) '01_hello_world' retrieved from /opt/airflow/dags/dag_01_hello_world.py
[2026-06-16T15:02:59.198+0000] {logging_mixin.py:188} INFO - [2026-06-16T15:02:59.198+0000] {dag.py:3089} INFO - Sync 1 DAGs
[2026-06-16T15:02:59.213+0000] {logging_mixin.py:188} INFO - [2026-06-16T15:02:59.213+0000] {dag.py:3947} INFO - Setting next_dagrun for 01_hello_world to None, run_after=None
[2026-06-16T15:02:59.239+0000] {processor.py:183} INFO - Processing /opt/airflow/dags/dag_01_hello_world.py took 0.109 seconds
[2026-06-16T15:03:30.235+0000] {processor.py:161} INFO - Started process (PID=13196) to work on /opt/airflow/dags/dag_01_hello_world.py
[2026-06-16T15:03:30.236+0000] {processor.py:830} INFO - Processing file /opt/airflow/dags/dag_01_hello_world.py for tasks to queue
[2026-06-16T15:03:30.238+0000] {logging_mixin.py:188} INFO - [2026-06-16T15:03:30.238+0000] {dagbag.py:545} INFO - Filling up the DagBag from /opt/airflow/dags/dag_01_hello_world.py
[2026-06-16T15:03:30.247+0000] {processor.py:840} INFO - DAG(s) '01_hello_world' retrieved from /opt/airflow/dags/dag_01_hello_world.py
[2026-06-16T15:03:30.290+0000] {logging_mixin.py:188} INFO - [2026-06-16T15:03:30.290+0000] {dag.py:3089} INFO - Sync 1 DAGs
[2026-06-16T15:03:30.308+0000] {logging_mixin.py:188} INFO - [2026-06-16T15:03:30.308+0000] {dag.py:3947} INFO - Setting next_dagrun for 01_hello_world to None, run_after=None
[2026-06-16T15:03:30.332+0000] {processor.py:183} INFO - Processing /opt/airflow/dags/dag_01_hello_world.py took 0.107 seconds
[2026-06-16T15:04:01.345+0000] {processor.py:161} INFO - Started process (PID=13236) to work on /opt/airflow/dags/dag_01_hello_world.py
[2026-06-16T15:04:01.345+0000] {processor.py:830} INFO - Processing file /opt/airflow/dags/dag_01_hello_world.py for tasks to queue
[2026-06-16T15:04:01.347+0000] {logging_mixin.py:188} INFO - [2026-06-16T15:04:01.347+0000] {dagbag.py:545} INFO - Filling up the DagBag from /opt/airflow/dags/dag_01_hello_world.py
[2026-06-16T15:04:01.355+0000] {processor.py:840} INFO - DAG(s) '01_hello_world' retrieved from /opt/airflow/dags/dag_01_hello_world.py
[2026-06-16T15:04:01.395+0000] {logging_mixin.py:188} INFO - [2026-06-16T15:04:01.394+0000] {dag.py:3089} INFO - Sync 1 DAGs
[2026-06-16T15:04:01.411+0000] {logging_mixin.py:188} INFO - [2026-06-16T15:04:01.411+0000] {dag.py:3947} INFO - Setting next_dagrun for 01_hello_world to None, run_after=None
[2026-06-16T15:04:01.443+0000] {processor.py:183} INFO - Processing /opt/airflow/dags/dag_01_hello_world.py took 0.105 seconds
[2026-06-16T15:04:32.423+0000] {processor.py:161} INFO - Started process (PID=13276) to work on /opt/airflow/dags/dag_01_hello_world.py
[2026-06-16T15:04:32.425+0000] {processor.py:830} INFO - Processing file /opt/airflow/dags/dag_01_hello_world.py for tasks to queue
[2026-06-16T15:04:32.428+0000] {logging_mixin.py:188} INFO - [2026-06-16T15:04:32.427+0000] {dagbag.py:545} INFO - Filling up the DagBag from /opt/airflow/dags/dag_01_hello_world.py
[2026-06-16T15:04:32.437+0000] {processor.py:840} INFO - DAG(s) '01_hello_world' retrieved from /opt/airflow/dags/dag_01_hello_world.py
[2026-06-16T15:04:32.478+0000] {logging_mixin.py:188} INFO - [2026-06-16T15:04:32.478+0000] {dag.py:3089} INFO - Sync 1 DAGs
[2026-06-16T15:04:32.495+0000] {logging_mixin.py:188} INFO - [2026-06-16T15:04:32.495+0000] {dag.py:3947} INFO - Setting next_dagrun for 01_hello_world to None, run_after=None
[2026-06-16T15:04:32.521+0000] {processor.py:183} INFO - Processing /opt/airflow/dags/dag_01_hello_world.py took 0.107 seconds
[2026-06-16T15:05:03.371+0000] {processor.py:161} INFO - Started process (PID=13316) to work on /opt/airflow/dags/dag_01_hello_world.py
[2026-06-16T15:05:03.372+0000] {processor.py:830} INFO - Processing file /opt/airflow/dags/dag_01_hello_world.py for tasks to queue
[2026-06-16T15:05:03.375+0000] {logging_mixin.py:188} INFO - [2026-06-16T15:05:03.374+0000] {dagbag.py:545} INFO - Filling up the DagBag from /opt/airflow/dags/dag_01_hello_world.py
[2026-06-16T15:05:03.385+0000] {processor.py:840} INFO - DAG(s) '01_hello_world' retrieved from /opt/airflow/dags/dag_01_hello_world.py
[2026-06-16T15:05:03.428+0000] {logging_mixin.py:188} INFO - [2026-06-16T15:05:03.427+0000] {dag.py:3089} INFO - Sync 1 DAGs
[2026-06-16T15:05:03.445+0000] {logging_mixin.py:188} INFO - [2026-06-16T15:05:03.445+0000] {dag.py:3947} INFO - Setting next_dagrun for 01_hello_world to None, run_after=None
[2026-06-16T15:05:03.469+0000] {processor.py:183} INFO - Processing /opt/airflow/dags/dag_01_hello_world.py took 0.107 seconds
[2026-06-16T15:05:33.541+0000] {processor.py:161} INFO - Started process (PID=13356) to work on /opt/airflow/dags/dag_01_hello_world.py
[2026-06-16T15:05:33.542+0000] {processor.py:830} INFO - Processing file /opt/airflow/dags/dag_01_hello_world.py for tasks to queue
[2026-06-16T15:05:33.545+0000] {logging_mixin.py:188} INFO - [2026-06-16T15:05:33.545+0000] {dagbag.py:545} INFO - Filling up the DagBag from /opt/airflow/dags/dag_01_hello_world.py
[2026-06-16T15:05:33.557+0000] {processor.py:840} INFO - DAG(s) '01_hello_world' retrieved from /opt/airflow/dags/dag_01_hello_world.py
[2026-06-16T15:05:33.601+0000] {logging_mixin.py:188} INFO - [2026-06-16T15:05:33.601+0000] {dag.py:3089} INFO - Sync 1 DAGs
[2026-06-16T15:05:33.623+0000] {logging_mixin.py:188} INFO - [2026-06-16T15:05:33.622+0000] {dag.py:3947} INFO - Setting next_dagrun for 01_hello_world to None, run_after=None
[2026-06-16T15:05:33.648+0000] {processor.py:183} INFO - Processing /opt/airflow/dags/dag_01_hello_world.py took 0.117 seconds
[2026-06-16T15:06:04.666+0000] {processor.py:161} INFO - Started process (PID=13396) to work on /opt/airflow/dags/dag_01_hello_world.py
[2026-06-16T15:06:04.670+0000] {processor.py:830} INFO - Processing file /opt/airflow/dags/dag_01_hello_world.py for tasks to queue
[2026-06-16T15:06:04.672+0000] {logging_mixin.py:188} INFO - [2026-06-16T15:06:04.672+0000] {dagbag.py:545} INFO - Filling up the DagBag from /opt/airflow/dags/dag_01_hello_world.py
[2026-06-16T15:06:04.680+0000] {processor.py:840} INFO - DAG(s) '01_hello_world' retrieved from /opt/airflow/dags/dag_01_hello_world.py
[2026-06-16T15:06:04.723+0000] {logging_mixin.py:188} INFO - [2026-06-16T15:06:04.722+0000] {dag.py:3089} INFO - Sync 1 DAGs
[2026-06-16T15:06:04.739+0000] {logging_mixin.py:188} INFO - [2026-06-16T15:06:04.739+0000] {dag.py:3947} INFO - Setting next_dagrun for 01_hello_world to None, run_after=None
[2026-06-16T15:06:04.765+0000] {processor.py:183} INFO - Processing /opt/airflow/dags/dag_01_hello_world.py took 0.105 seconds
[2026-06-16T15:06:34.829+0000] {processor.py:161} INFO - Started process (PID=13436) to work on /opt/airflow/dags/dag_01_hello_world.py
[2026-06-16T15:06:34.830+0000] {processor.py:830} INFO - Processing file /opt/airflow/dags/dag_01_hello_world.py for tasks to queue
[2026-06-16T15:06:34.832+0000] {logging_mixin.py:188} INFO - [2026-06-16T15:06:34.832+0000] {dagbag.py:545} INFO - Filling up the DagBag from /opt/airflow/dags/dag_01_hello_world.py
[2026-06-16T15:06:34.842+0000] {processor.py:840} INFO - DAG(s) '01_hello_world' retrieved from /opt/airflow/dags/dag_01_hello_world.py
[2026-06-16T15:06:34.884+0000] {logging_mixin.py:188} INFO - [2026-06-16T15:06:34.884+0000] {dag.py:3089} INFO - Sync 1 DAGs
[2026-06-16T15:06:34.903+0000] {logging_mixin.py:188} INFO - [2026-06-16T15:06:34.902+0000] {dag.py:3947} INFO - Setting next_dagrun for 01_hello_world to None, run_after=None
[2026-06-16T15:06:34.934+0000] {processor.py:183} INFO - Processing /opt/airflow/dags/dag_01_hello_world.py took 0.114 seconds
[2026-06-16T15:07:05.936+0000] {processor.py:161} INFO - Started process (PID=13476) to work on /opt/airflow/dags/dag_01_hello_world.py
[2026-06-16T15:07:05.938+0000] {processor.py:830} INFO - Processing file /opt/airflow/dags/dag_01_hello_world.py for tasks to queue
[2026-06-16T15:07:05.940+0000] {logging_mixin.py:188} INFO - [2026-06-16T15:07:05.940+0000] {dagbag.py:545} INFO - Filling up the DagBag from /opt/airflow/dags/dag_01_hello_world.py
[2026-06-16T15:07:05.950+0000] {processor.py:840} INFO - DAG(s) '01_hello_world' retrieved from /opt/airflow/dags/dag_01_hello_world.py
[2026-06-16T15:07:05.992+0000] {logging_mixin.py:188} INFO - [2026-06-16T15:07:05.992+0000] {dag.py:3089} INFO - Sync 1 DAGs
[2026-06-16T15:07:06.010+0000] {logging_mixin.py:188} INFO - [2026-06-16T15:07:06.009+0000] {dag.py:3947} INFO - Setting next_dagrun for 01_hello_world to None, run_after=None
[2026-06-16T15:07:06.035+0000] {processor.py:183} INFO - Processing /opt/airflow/dags/dag_01_hello_world.py took 0.110 seconds
[2026-06-16T15:07:37.067+0000] {processor.py:161} INFO - Started process (PID=13516) to work on /opt/airflow/dags/dag_01_hello_world.py
[2026-06-16T15:07:37.069+0000] {processor.py:830} INFO - Processing file /opt/airflow/dags/dag_01_hello_world.py for tasks to queue
[2026-06-16T15:07:37.071+0000] {logging_mixin.py:188} INFO - [2026-06-16T15:07:37.071+0000] {dagbag.py:545} INFO - Filling up the DagBag from /opt/airflow/dags/dag_01_hello_world.py
[2026-06-16T15:07:37.081+0000] {processor.py:840} INFO - DAG(s) '01_hello_world' retrieved from /opt/airflow/dags/dag_01_hello_world.py
[2026-06-16T15:07:37.123+0000] {logging_mixin.py:188} INFO - [2026-06-16T15:07:37.123+0000] {dag.py:3089} INFO - Sync 1 DAGs
[2026-06-16T15:07:37.142+0000] {logging_mixin.py:188} INFO - [2026-06-16T15:07:37.142+0000] {dag.py:3947} INFO - Setting next_dagrun for 01_hello_world to None, run_after=None
[2026-06-16T15:07:37.167+0000] {processor.py:183} INFO - Processing /opt/airflow/dags/dag_01_hello_world.py took 0.107 seconds
[2026-06-16T15:08:08.043+0000] {processor.py:161} INFO - Started process (PID=13556) to work on /opt/airflow/dags/dag_01_hello_world.py
[2026-06-16T15:08:08.048+0000] {processor.py:830} INFO - Processing file /opt/airflow/dags/dag_01_hello_world.py for tasks to queue
[2026-06-16T15:08:08.050+0000] {logging_mixin.py:188} INFO - [2026-06-16T15:08:08.050+0000] {dagbag.py:545} INFO - Filling up the DagBag from /opt/airflow/dags/dag_01_hello_world.py
[2026-06-16T15:08:08.058+0000] {processor.py:840} INFO - DAG(s) '01_hello_world' retrieved from /opt/airflow/dags/dag_01_hello_world.py
[2026-06-16T15:08:08.100+0000] {logging_mixin.py:188} INFO - [2026-06-16T15:08:08.100+0000] {dag.py:3089} INFO - Sync 1 DAGs
[2026-06-16T15:08:08.118+0000] {logging_mixin.py:188} INFO - [2026-06-16T15:08:08.118+0000] {dag.py:3947} INFO - Setting next_dagrun for 01_hello_world to None, run_after=None
[2026-06-16T15:08:08.144+0000] {processor.py:183} INFO - Processing /opt/airflow/dags/dag_01_hello_world.py took 0.108 seconds
[2026-06-16T15:08:39.177+0000] {processor.py:161} INFO - Started process (PID=13596) to work on /opt/airflow/dags/dag_01_hello_world.py
[2026-06-16T15:08:39.178+0000] {processor.py:830} INFO - Processing file /opt/airflow/dags/dag_01_hello_world.py for tasks to queue
[2026-06-16T15:08:39.180+0000] {logging_mixin.py:188} INFO - [2026-06-16T15:08:39.180+0000] {dagbag.py:545} INFO - Filling up the DagBag from /opt/airflow/dags/dag_01_hello_world.py
[2026-06-16T15:08:39.189+0000] {processor.py:840} INFO - DAG(s) '01_hello_world' retrieved from /opt/airflow/dags/dag_01_hello_world.py
[2026-06-16T15:08:39.239+0000] {logging_mixin.py:188} INFO - [2026-06-16T15:08:39.239+0000] {dag.py:3089} INFO - Sync 1 DAGs
[2026-06-16T15:08:39.262+0000] {logging_mixin.py:188} INFO - [2026-06-16T15:08:39.262+0000] {dag.py:3947} INFO - Setting next_dagrun for 01_hello_world to None, run_after=None
[2026-06-16T15:08:39.290+0000] {processor.py:183} INFO - Processing /opt/airflow/dags/dag_01_hello_world.py took 0.120 seconds
[2026-06-16T15:09:09.386+0000] {processor.py:161} INFO - Started process (PID=13636) to work on /opt/airflow/dags/dag_01_hello_world.py
[2026-06-16T15:09:09.388+0000] {processor.py:830} INFO - Processing file /opt/airflow/dags/dag_01_hello_world.py for tasks to queue
[2026-06-16T15:09:09.391+0000] {logging_mixin.py:188} INFO - [2026-06-16T15:09:09.391+0000] {dagbag.py:545} INFO - Filling up the DagBag from /opt/airflow/dags/dag_01_hello_world.py
[2026-06-16T15:09:09.401+0000] {processor.py:840} INFO - DAG(s) '01_hello_world' retrieved from /opt/airflow/dags/dag_01_hello_world.py
[2026-06-16T15:09:09.443+0000] {logging_mixin.py:188} INFO - [2026-06-16T15:09:09.443+0000] {dag.py:3089} INFO - Sync 1 DAGs
[2026-06-16T15:09:09.460+0000] {logging_mixin.py:188} INFO - [2026-06-16T15:09:09.459+0000] {dag.py:3947} INFO - Setting next_dagrun for 01_hello_world to None, run_after=None
[2026-06-16T15:09:09.486+0000] {processor.py:183} INFO - Processing /opt/airflow/dags/dag_01_hello_world.py took 0.108 seconds
[2026-06-16T15:09:39.604+0000] {processor.py:161} INFO - Started process (PID=13676) to work on /opt/airflow/dags/dag_01_hello_world.py
[2026-06-16T15:09:39.605+0000] {processor.py:830} INFO - Processing file /opt/airflow/dags/dag_01_hello_world.py for tasks to queue
[2026-06-16T15:09:39.607+0000] {logging_mixin.py:188} INFO - [2026-06-16T15:09:39.607+0000] {dagbag.py:545} INFO - Filling up the DagBag from /opt/airflow/dags/dag_01_hello_world.py
[2026-06-16T15:09:39.615+0000] {processor.py:840} INFO - DAG(s) '01_hello_world' retrieved from /opt/airflow/dags/dag_01_hello_world.py
[2026-06-16T15:09:39.657+0000] {logging_mixin.py:188} INFO - [2026-06-16T15:09:39.657+0000] {dag.py:3089} INFO - Sync 1 DAGs
[2026-06-16T15:09:39.673+0000] {logging_mixin.py:188} INFO - [2026-06-16T15:09:39.673+0000] {dag.py:3947} INFO - Setting next_dagrun for 01_hello_world to None, run_after=None
[2026-06-16T15:09:39.699+0000] {processor.py:183} INFO - Processing /opt/airflow/dags/dag_01_hello_world.py took 0.103 seconds
[2026-06-16T15:10:09.740+0000] {processor.py:161} INFO - Started process (PID=13713) to work on /opt/airflow/dags/dag_01_hello_world.py
[2026-06-16T15:10:09.751+0000] {processor.py:830} INFO - Processing file /opt/airflow/dags/dag_01_hello_world.py for tasks to queue
[2026-06-16T15:10:09.753+0000] {logging_mixin.py:188} INFO - [2026-06-16T15:10:09.752+0000] {dagbag.py:545} INFO - Filling up the DagBag from /opt/airflow/dags/dag_01_hello_world.py
[2026-06-16T15:10:09.760+0000] {processor.py:840} INFO - DAG(s) '01_hello_world' retrieved from /opt/airflow/dags/dag_01_hello_world.py
[2026-06-16T15:10:09.801+0000] {logging_mixin.py:188} INFO - [2026-06-16T15:10:09.800+0000] {dag.py:3089} INFO - Sync 1 DAGs
[2026-06-16T15:10:09.823+0000] {logging_mixin.py:188} INFO - [2026-06-16T15:10:09.823+0000] {dag.py:3947} INFO - Setting next_dagrun for 01_hello_world to None, run_after=None
[2026-06-16T15:10:09.851+0000] {processor.py:183} INFO - Processing /opt/airflow/dags/dag_01_hello_world.py took 0.117 seconds
[2026-06-16T15:10:39.946+0000] {processor.py:161} INFO - Started process (PID=13753) to work on /opt/airflow/dags/dag_01_hello_world.py
[2026-06-16T15:10:39.948+0000] {processor.py:830} INFO - Processing file /opt/airflow/dags/dag_01_hello_world.py for tasks to queue
[2026-06-16T15:10:39.950+0000] {logging_mixin.py:188} INFO - [2026-06-16T15:10:39.949+0000] {dagbag.py:545} INFO - Filling up the DagBag from /opt/airflow/dags/dag_01_hello_world.py
[2026-06-16T15:10:39.958+0000] {processor.py:840} INFO - DAG(s) '01_hello_world' retrieved from /opt/airflow/dags/dag_01_hello_world.py
[2026-06-16T15:10:39.993+0000] {logging_mixin.py:188} INFO - [2026-06-16T15:10:39.992+0000] {dag.py:3089} INFO - Sync 1 DAGs
[2026-06-16T15:10:40.006+0000] {logging_mixin.py:188} INFO - [2026-06-16T15:10:40.006+0000] {dag.py:3947} INFO - Setting next_dagrun for 01_hello_world to None, run_after=None
[2026-06-16T15:10:40.028+0000] {processor.py:183} INFO - Processing /opt/airflow/dags/dag_01_hello_world.py took 0.088 seconds
[2026-06-16T15:11:10.951+0000] {processor.py:161} INFO - Started process (PID=13796) to work on /opt/airflow/dags/dag_01_hello_world.py
[2026-06-16T15:11:10.953+0000] {processor.py:830} INFO - Processing file /opt/airflow/dags/dag_01_hello_world.py for tasks to queue
[2026-06-16T15:11:10.955+0000] {logging_mixin.py:188} INFO - [2026-06-16T15:11:10.955+0000] {dagbag.py:545} INFO - Filling up the DagBag from /opt/airflow/dags/dag_01_hello_world.py
[2026-06-16T15:11:10.965+0000] {processor.py:840} INFO - DAG(s) '01_hello_world' retrieved from /opt/airflow/dags/dag_01_hello_world.py
[2026-06-16T15:11:11.008+0000] {logging_mixin.py:188} INFO - [2026-06-16T15:11:11.007+0000] {dag.py:3089} INFO - Sync 1 DAGs
[2026-06-16T15:11:11.026+0000] {logging_mixin.py:188} INFO - [2026-06-16T15:11:11.025+0000] {dag.py:3947} INFO - Setting next_dagrun for 01_hello_world to None, run_after=None
[2026-06-16T15:11:11.051+0000] {processor.py:183} INFO - Processing /opt/airflow/dags/dag_01_hello_world.py took 0.109 seconds
[2026-06-16T15:11:41.132+0000] {processor.py:161} INFO - Started process (PID=13836) to work on /opt/airflow/dags/dag_01_hello_world.py
[2026-06-16T15:11:41.133+0000] {processor.py:830} INFO - Processing file /opt/airflow/dags/dag_01_hello_world.py for tasks to queue
[2026-06-16T15:11:41.135+0000] {logging_mixin.py:188} INFO - [2026-06-16T15:11:41.135+0000] {dagbag.py:545} INFO - Filling up the DagBag from /opt/airflow/dags/dag_01_hello_world.py
[2026-06-16T15:11:41.145+0000] {processor.py:840} INFO - DAG(s) '01_hello_world' retrieved from /opt/airflow/dags/dag_01_hello_world.py
[2026-06-16T15:11:41.186+0000] {logging_mixin.py:188} INFO - [2026-06-16T15:11:41.185+0000] {dag.py:3089} INFO - Sync 1 DAGs
[2026-06-16T15:11:41.203+0000] {logging_mixin.py:188} INFO - [2026-06-16T15:11:41.203+0000] {dag.py:3947} INFO - Setting next_dagrun for 01_hello_world to None, run_after=None
[2026-06-16T15:11:41.228+0000] {processor.py:183} INFO - Processing /opt/airflow/dags/dag_01_hello_world.py took 0.105 seconds
[2026-06-16T15:12:11.315+0000] {processor.py:161} INFO - Started process (PID=13876) to work on /opt/airflow/dags/dag_01_hello_world.py
[2026-06-16T15:12:11.317+0000] {processor.py:830} INFO - Processing file /opt/airflow/dags/dag_01_hello_world.py for tasks to queue
[2026-06-16T15:12:11.319+0000] {logging_mixin.py:188} INFO - [2026-06-16T15:12:11.318+0000] {dagbag.py:545} INFO - Filling up the DagBag from /opt/airflow/dags/dag_01_hello_world.py
[2026-06-16T15:12:11.327+0000] {processor.py:840} INFO - DAG(s) '01_hello_world' retrieved from /opt/airflow/dags/dag_01_hello_world.py
[2026-06-16T15:12:11.366+0000] {logging_mixin.py:188} INFO - [2026-06-16T15:12:11.365+0000] {dag.py:3089} INFO - Sync 1 DAGs
[2026-06-16T15:12:11.382+0000] {logging_mixin.py:188} INFO - [2026-06-16T15:12:11.382+0000] {dag.py:3947} INFO - Setting next_dagrun for 01_hello_world to None, run_after=None
[2026-06-16T15:12:11.407+0000] {processor.py:183} INFO - Processing /opt/airflow/dags/dag_01_hello_world.py took 0.099 seconds
[2026-06-16T15:12:41.478+0000] {processor.py:161} INFO - Started process (PID=13916) to work on /opt/airflow/dags/dag_01_hello_world.py
[2026-06-16T15:12:41.479+0000] {processor.py:830} INFO - Processing file /opt/airflow/dags/dag_01_hello_world.py for tasks to queue
[2026-06-16T15:12:41.482+0000] {logging_mixin.py:188} INFO - [2026-06-16T15:12:41.481+0000] {dagbag.py:545} INFO - Filling up the DagBag from /opt/airflow/dags/dag_01_hello_world.py
[2026-06-16T15:12:41.491+0000] {processor.py:840} INFO - DAG(s) '01_hello_world' retrieved from /opt/airflow/dags/dag_01_hello_world.py
[2026-06-16T15:12:41.533+0000] {logging_mixin.py:188} INFO - [2026-06-16T15:12:41.533+0000] {dag.py:3089} INFO - Sync 1 DAGs
[2026-06-16T15:12:41.550+0000] {logging_mixin.py:188} INFO - [2026-06-16T15:12:41.550+0000] {dag.py:3947} INFO - Setting next_dagrun for 01_hello_world to None, run_after=None
[2026-06-16T15:12:41.579+0000] {processor.py:183} INFO - Processing /opt/airflow/dags/dag_01_hello_world.py took 0.109 seconds
[2026-06-16T15:13:11.707+0000] {processor.py:161} INFO - Started process (PID=13956) to work on /opt/airflow/dags/dag_01_hello_world.py
[2026-06-16T15:13:11.708+0000] {processor.py:830} INFO - Processing file /opt/airflow/dags/dag_01_hello_world.py for tasks to queue
[2026-06-16T15:13:11.711+0000] {logging_mixin.py:188} INFO - [2026-06-16T15:13:11.710+0000] {dagbag.py:545} INFO - Filling up the DagBag from /opt/airflow/dags/dag_01_hello_world.py
[2026-06-16T15:13:11.720+0000] {processor.py:840} INFO - DAG(s) '01_hello_world' retrieved from /opt/airflow/dags/dag_01_hello_world.py
[2026-06-16T15:13:11.763+0000] {logging_mixin.py:188} INFO - [2026-06-16T15:13:11.763+0000] {dag.py:3089} INFO - Sync 1 DAGs
[2026-06-16T15:13:11.778+0000] {logging_mixin.py:188} INFO - [2026-06-16T15:13:11.778+0000] {dag.py:3947} INFO - Setting next_dagrun for 01_hello_world to None, run_after=None
[2026-06-16T15:13:11.804+0000] {processor.py:183} INFO - Processing /opt/airflow/dags/dag_01_hello_world.py took 0.105 seconds
[2026-06-16T15:13:41.876+0000] {processor.py:161} INFO - Started process (PID=13996) to work on /opt/airflow/dags/dag_01_hello_world.py
[2026-06-16T15:13:41.877+0000] {processor.py:830} INFO - Processing file /opt/airflow/dags/dag_01_hello_world.py for tasks to queue
[2026-06-16T15:13:41.879+0000] {logging_mixin.py:188} INFO - [2026-06-16T15:13:41.879+0000] {dagbag.py:545} INFO - Filling up the DagBag from /opt/airflow/dags/dag_01_hello_world.py
[2026-06-16T15:13:41.889+0000] {processor.py:840} INFO - DAG(s) '01_hello_world' retrieved from /opt/airflow/dags/dag_01_hello_world.py
[2026-06-16T15:13:41.931+0000] {logging_mixin.py:188} INFO - [2026-06-16T15:13:41.931+0000] {dag.py:3089} INFO - Sync 1 DAGs
[2026-06-16T15:13:41.949+0000] {logging_mixin.py:188} INFO - [2026-06-16T15:13:41.949+0000] {dag.py:3947} INFO - Setting next_dagrun for 01_hello_world to None, run_after=None
[2026-06-16T15:13:41.975+0000] {processor.py:183} INFO - Processing /opt/airflow/dags/dag_01_hello_world.py took 0.108 seconds
[2026-06-16T15:14:12.094+0000] {processor.py:161} INFO - Started process (PID=14036) to work on /opt/airflow/dags/dag_01_hello_world.py
[2026-06-16T15:14:12.097+0000] {processor.py:830} INFO - Processing file /opt/airflow/dags/dag_01_hello_world.py for tasks to queue
[2026-06-16T15:14:12.099+0000] {logging_mixin.py:188} INFO - [2026-06-16T15:14:12.099+0000] {dagbag.py:545} INFO - Filling up the DagBag from /opt/airflow/dags/dag_01_hello_world.py
[2026-06-16T15:14:12.108+0000] {processor.py:840} INFO - DAG(s) '01_hello_world' retrieved from /opt/airflow/dags/dag_01_hello_world.py
[2026-06-16T15:14:12.152+0000] {logging_mixin.py:188} INFO - [2026-06-16T15:14:12.152+0000] {dag.py:3089} INFO - Sync 1 DAGs
[2026-06-16T15:14:12.169+0000] {logging_mixin.py:188} INFO - [2026-06-16T15:14:12.168+0000] {dag.py:3947} INFO - Setting next_dagrun for 01_hello_world to None, run_after=None
[2026-06-16T15:14:12.195+0000] {processor.py:183} INFO - Processing /opt/airflow/dags/dag_01_hello_world.py took 0.110 seconds
[2026-06-16T15:14:42.277+0000] {processor.py:161} INFO - Started process (PID=14076) to work on /opt/airflow/dags/dag_01_hello_world.py
[2026-06-16T15:14:42.279+0000] {processor.py:830} INFO - Processing file /opt/airflow/dags/dag_01_hello_world.py for tasks to queue
[2026-06-16T15:14:42.281+0000] {logging_mixin.py:188} INFO - [2026-06-16T15:14:42.280+0000] {dagbag.py:545} INFO - Filling up the DagBag from /opt/airflow/dags/dag_01_hello_world.py
[2026-06-16T15:14:42.288+0000] {processor.py:840} INFO - DAG(s) '01_hello_world' retrieved from /opt/airflow/dags/dag_01_hello_world.py
[2026-06-16T15:14:42.338+0000] {logging_mixin.py:188} INFO - [2026-06-16T15:14:42.337+0000] {dag.py:3089} INFO - Sync 1 DAGs
[2026-06-16T15:14:42.355+0000] {logging_mixin.py:188} INFO - [2026-06-16T15:14:42.354+0000] {dag.py:3947} INFO - Setting next_dagrun for 01_hello_world to None, run_after=None
[2026-06-16T15:14:42.381+0000] {processor.py:183} INFO - Processing /opt/airflow/dags/dag_01_hello_world.py took 0.111 seconds
[2026-06-16T15:15:12.496+0000] {processor.py:161} INFO - Started process (PID=14116) to work on /opt/airflow/dags/dag_01_hello_world.py
[2026-06-16T15:15:12.498+0000] {processor.py:830} INFO - Processing file /opt/airflow/dags/dag_01_hello_world.py for tasks to queue
[2026-06-16T15:15:12.500+0000] {logging_mixin.py:188} INFO - [2026-06-16T15:15:12.500+0000] {dagbag.py:545} INFO - Filling up the DagBag from /opt/airflow/dags/dag_01_hello_world.py
[2026-06-16T15:15:12.509+0000] {processor.py:840} INFO - DAG(s) '01_hello_world' retrieved from /opt/airflow/dags/dag_01_hello_world.py
[2026-06-16T15:15:12.555+0000] {logging_mixin.py:188} INFO - [2026-06-16T15:15:12.555+0000] {dag.py:3089} INFO - Sync 1 DAGs
[2026-06-16T15:15:12.574+0000] {logging_mixin.py:188} INFO - [2026-06-16T15:15:12.573+0000] {dag.py:3947} INFO - Setting next_dagrun for 01_hello_world to None, run_after=None
[2026-06-16T15:15:12.598+0000] {processor.py:183} INFO - Processing /opt/airflow/dags/dag_01_hello_world.py took 0.111 seconds
[2026-06-16T15:15:42.708+0000] {processor.py:161} INFO - Started process (PID=14156) to work on /opt/airflow/dags/dag_01_hello_world.py
[2026-06-16T15:15:42.709+0000] {processor.py:830} INFO - Processing file /opt/airflow/dags/dag_01_hello_world.py for tasks to queue
[2026-06-16T15:15:42.711+0000] {logging_mixin.py:188} INFO - [2026-06-16T15:15:42.711+0000] {dagbag.py:545} INFO - Filling up the DagBag from /opt/airflow/dags/dag_01_hello_world.py
[2026-06-16T15:15:42.722+0000] {processor.py:840} INFO - DAG(s) '01_hello_world' retrieved from /opt/airflow/dags/dag_01_hello_world.py
[2026-06-16T15:15:42.766+0000] {logging_mixin.py:188} INFO - [2026-06-16T15:15:42.766+0000] {dag.py:3089} INFO - Sync 1 DAGs
[2026-06-16T15:15:42.784+0000] {logging_mixin.py:188} INFO - [2026-06-16T15:15:42.783+0000] {dag.py:3947} INFO - Setting next_dagrun for 01_hello_world to None, run_after=None
[2026-06-16T15:15:42.809+0000] {processor.py:183} INFO - Processing /opt/airflow/dags/dag_01_hello_world.py took 0.110 seconds
[2026-06-16T15:16:12.865+0000] {processor.py:161} INFO - Started process (PID=14196) to work on /opt/airflow/dags/dag_01_hello_world.py
[2026-06-16T15:16:12.867+0000] {processor.py:830} INFO - Processing file /opt/airflow/dags/dag_01_hello_world.py for tasks to queue
[2026-06-16T15:16:12.869+0000] {logging_mixin.py:188} INFO - [2026-06-16T15:16:12.869+0000] {dagbag.py:545} INFO - Filling up the DagBag from /opt/airflow/dags/dag_01_hello_world.py
[2026-06-16T15:16:12.878+0000] {processor.py:840} INFO - DAG(s) '01_hello_world' retrieved from /opt/airflow/dags/dag_01_hello_world.py
[2026-06-16T15:16:12.921+0000] {logging_mixin.py:188} INFO - [2026-06-16T15:16:12.921+0000] {dag.py:3089} INFO - Sync 1 DAGs
[2026-06-16T15:16:12.936+0000] {logging_mixin.py:188} INFO - [2026-06-16T15:16:12.936+0000] {dag.py:3947} INFO - Setting next_dagrun for 01_hello_world to None, run_after=None
[2026-06-16T15:16:12.963+0000] {processor.py:183} INFO - Processing /opt/airflow/dags/dag_01_hello_world.py took 0.106 seconds
[2026-06-16T15:16:43.941+0000] {processor.py:161} INFO - Started process (PID=14236) to work on /opt/airflow/dags/dag_01_hello_world.py
[2026-06-16T15:16:43.942+0000] {processor.py:830} INFO - Processing file /opt/airflow/dags/dag_01_hello_world.py for tasks to queue
[2026-06-16T15:16:43.944+0000] {logging_mixin.py:188} INFO - [2026-06-16T15:16:43.944+0000] {dagbag.py:545} INFO - Filling up the DagBag from /opt/airflow/dags/dag_01_hello_world.py
[2026-06-16T15:16:43.956+0000] {processor.py:840} INFO - DAG(s) '01_hello_world' retrieved from /opt/airflow/dags/dag_01_hello_world.py
[2026-06-16T15:16:44.010+0000] {logging_mixin.py:188} INFO - [2026-06-16T15:16:44.010+0000] {dag.py:3089} INFO - Sync 1 DAGs
[2026-06-16T15:16:44.027+0000] {logging_mixin.py:188} INFO - [2026-06-16T15:16:44.026+0000] {dag.py:3947} INFO - Setting next_dagrun for 01_hello_world to None, run_after=None
[2026-06-16T15:16:44.053+0000] {processor.py:183} INFO - Processing /opt/airflow/dags/dag_01_hello_world.py took 0.122 seconds
[2026-06-16T15:17:14.977+0000] {processor.py:161} INFO - Started process (PID=14276) to work on /opt/airflow/dags/dag_01_hello_world.py
[2026-06-16T15:17:14.979+0000] {processor.py:830} INFO - Processing file /opt/airflow/dags/dag_01_hello_world.py for tasks to queue
[2026-06-16T15:17:14.981+0000] {logging_mixin.py:188} INFO - [2026-06-16T15:17:14.980+0000] {dagbag.py:545} INFO - Filling up the DagBag from /opt/airflow/dags/dag_01_hello_world.py
[2026-06-16T15:17:14.989+0000] {processor.py:840} INFO - DAG(s) '01_hello_world' retrieved from /opt/airflow/dags/dag_01_hello_world.py
[2026-06-16T15:17:15.033+0000] {logging_mixin.py:188} INFO - [2026-06-16T15:17:15.032+0000] {dag.py:3089} INFO - Sync 1 DAGs
[2026-06-16T15:17:15.049+0000] {logging_mixin.py:188} INFO - [2026-06-16T15:17:15.049+0000] {dag.py:3947} INFO - Setting next_dagrun for 01_hello_world to None, run_after=None
[2026-06-16T15:17:15.075+0000] {processor.py:183} INFO - Processing /opt/airflow/dags/dag_01_hello_world.py took 0.106 seconds
[2026-06-16T15:17:46.075+0000] {processor.py:161} INFO - Started process (PID=14316) to work on /opt/airflow/dags/dag_01_hello_world.py
[2026-06-16T15:17:46.077+0000] {processor.py:830} INFO - Processing file /opt/airflow/dags/dag_01_hello_world.py for tasks to queue
[2026-06-16T15:17:46.079+0000] {logging_mixin.py:188} INFO - [2026-06-16T15:17:46.079+0000] {dagbag.py:545} INFO - Filling up the DagBag from /opt/airflow/dags/dag_01_hello_world.py
[2026-06-16T15:17:46.089+0000] {processor.py:840} INFO - DAG(s) '01_hello_world' retrieved from /opt/airflow/dags/dag_01_hello_world.py
[2026-06-16T15:17:46.131+0000] {logging_mixin.py:188} INFO - [2026-06-16T15:17:46.131+0000] {dag.py:3089} INFO - Sync 1 DAGs
[2026-06-16T15:17:46.148+0000] {logging_mixin.py:188} INFO - [2026-06-16T15:17:46.148+0000] {dag.py:3947} INFO - Setting next_dagrun for 01_hello_world to None, run_after=None
[2026-06-16T15:17:46.174+0000] {processor.py:183} INFO - Processing /opt/airflow/dags/dag_01_hello_world.py took 0.107 seconds
[2026-06-16T15:18:17.035+0000] {processor.py:161} INFO - Started process (PID=14356) to work on /opt/airflow/dags/dag_01_hello_world.py
[2026-06-16T15:18:17.036+0000] {processor.py:830} INFO - Processing file /opt/airflow/dags/dag_01_hello_world.py for tasks to queue
[2026-06-16T15:18:17.038+0000] {logging_mixin.py:188} INFO - [2026-06-16T15:18:17.038+0000] {dagbag.py:545} INFO - Filling up the DagBag from /opt/airflow/dags/dag_01_hello_world.py
[2026-06-16T15:18:17.049+0000] {processor.py:840} INFO - DAG(s) '01_hello_world' retrieved from /opt/airflow/dags/dag_01_hello_world.py
[2026-06-16T15:18:17.093+0000] {logging_mixin.py:188} INFO - [2026-06-16T15:18:17.092+0000] {dag.py:3089} INFO - Sync 1 DAGs
[2026-06-16T15:18:17.112+0000] {logging_mixin.py:188} INFO - [2026-06-16T15:18:17.111+0000] {dag.py:3947} INFO - Setting next_dagrun for 01_hello_world to None, run_after=None
[2026-06-16T15:18:17.138+0000] {processor.py:183} INFO - Processing /opt/airflow/dags/dag_01_hello_world.py took 0.112 seconds
[2026-06-16T15:18:48.105+0000] {processor.py:161} INFO - Started process (PID=14396) to work on /opt/airflow/dags/dag_01_hello_world.py
[2026-06-16T15:18:48.106+0000] {processor.py:830} INFO - Processing file /opt/airflow/dags/dag_01_hello_world.py for tasks to queue
[2026-06-16T15:18:48.108+0000] {logging_mixin.py:188} INFO - [2026-06-16T15:18:48.108+0000] {dagbag.py:545} INFO - Filling up the DagBag from /opt/airflow/dags/dag_01_hello_world.py
[2026-06-16T15:18:48.120+0000] {processor.py:840} INFO - DAG(s) '01_hello_world' retrieved from /opt/airflow/dags/dag_01_hello_world.py
[2026-06-16T15:18:48.170+0000] {logging_mixin.py:188} INFO - [2026-06-16T15:18:48.170+0000] {dag.py:3089} INFO - Sync 1 DAGs
[2026-06-16T15:18:48.191+0000] {logging_mixin.py:188} INFO - [2026-06-16T15:18:48.190+0000] {dag.py:3947} INFO - Setting next_dagrun for 01_hello_world to None, run_after=None
[2026-06-16T15:18:48.223+0000] {processor.py:183} INFO - Processing /opt/airflow/dags/dag_01_hello_world.py took 0.128 seconds
[2026-06-16T15:19:18.284+0000] {processor.py:161} INFO - Started process (PID=14436) to work on /opt/airflow/dags/dag_01_hello_world.py
[2026-06-16T15:19:18.285+0000] {processor.py:830} INFO - Processing file /opt/airflow/dags/dag_01_hello_world.py for tasks to queue
[2026-06-16T15:19:18.287+0000] {logging_mixin.py:188} INFO - [2026-06-16T15:19:18.287+0000] {dagbag.py:545} INFO - Filling up the DagBag from /opt/airflow/dags/dag_01_hello_world.py
[2026-06-16T15:19:18.297+0000] {processor.py:840} INFO - DAG(s) '01_hello_world' retrieved from /opt/airflow/dags/dag_01_hello_world.py
[2026-06-16T15:19:18.341+0000] {logging_mixin.py:188} INFO - [2026-06-16T15:19:18.340+0000] {dag.py:3089} INFO - Sync 1 DAGs
[2026-06-16T15:19:18.359+0000] {logging_mixin.py:188} INFO - [2026-06-16T15:19:18.358+0000] {dag.py:3947} INFO - Setting next_dagrun for 01_hello_world to None, run_after=None
[2026-06-16T15:19:18.385+0000] {processor.py:183} INFO - Processing /opt/airflow/dags/dag_01_hello_world.py took 0.109 seconds
[2026-06-16T15:19:48.420+0000] {processor.py:161} INFO - Started process (PID=14473) to work on /opt/airflow/dags/dag_01_hello_world.py
[2026-06-16T15:19:48.421+0000] {processor.py:830} INFO - Processing file /opt/airflow/dags/dag_01_hello_world.py for tasks to queue
[2026-06-16T15:19:48.423+0000] {logging_mixin.py:188} INFO - [2026-06-16T15:19:48.423+0000] {dagbag.py:545} INFO - Filling up the DagBag from /opt/airflow/dags/dag_01_hello_world.py
[2026-06-16T15:19:48.431+0000] {processor.py:840} INFO - DAG(s) '01_hello_world' retrieved from /opt/airflow/dags/dag_01_hello_world.py
[2026-06-16T15:19:48.467+0000] {logging_mixin.py:188} INFO - [2026-06-16T15:19:48.466+0000] {dag.py:3089} INFO - Sync 1 DAGs
[2026-06-16T15:19:48.480+0000] {logging_mixin.py:188} INFO - [2026-06-16T15:19:48.480+0000] {dag.py:3947} INFO - Setting next_dagrun for 01_hello_world to None, run_after=None
[2026-06-16T15:19:48.505+0000] {processor.py:183} INFO - Processing /opt/airflow/dags/dag_01_hello_world.py took 0.091 seconds
[2026-06-16T15:20:18.640+0000] {processor.py:161} INFO - Started process (PID=14513) to work on /opt/airflow/dags/dag_01_hello_world.py
[2026-06-16T15:20:18.643+0000] {processor.py:830} INFO - Processing file /opt/airflow/dags/dag_01_hello_world.py for tasks to queue
[2026-06-16T15:20:18.645+0000] {logging_mixin.py:188} INFO - [2026-06-16T15:20:18.645+0000] {dagbag.py:545} INFO - Filling up the DagBag from /opt/airflow/dags/dag_01_hello_world.py
[2026-06-16T15:20:18.654+0000] {processor.py:840} INFO - DAG(s) '01_hello_world' retrieved from /opt/airflow/dags/dag_01_hello_world.py
[2026-06-16T15:20:18.692+0000] {logging_mixin.py:188} INFO - [2026-06-16T15:20:18.691+0000] {dag.py:3089} INFO - Sync 1 DAGs
[2026-06-16T15:20:18.706+0000] {logging_mixin.py:188} INFO - [2026-06-16T15:20:18.706+0000] {dag.py:3947} INFO - Setting next_dagrun for 01_hello_world to None, run_after=None
[2026-06-16T15:20:18.731+0000] {processor.py:183} INFO - Processing /opt/airflow/dags/dag_01_hello_world.py took 0.098 seconds
[2026-06-16T15:20:48.858+0000] {processor.py:161} INFO - Started process (PID=14553) to work on /opt/airflow/dags/dag_01_hello_world.py
[2026-06-16T15:20:48.859+0000] {processor.py:830} INFO - Processing file /opt/airflow/dags/dag_01_hello_world.py for tasks to queue
[2026-06-16T15:20:48.861+0000] {logging_mixin.py:188} INFO - [2026-06-16T15:20:48.861+0000] {dagbag.py:545} INFO - Filling up the DagBag from /opt/airflow/dags/dag_01_hello_world.py
[2026-06-16T15:20:48.869+0000] {processor.py:840} INFO - DAG(s) '01_hello_world' retrieved from /opt/airflow/dags/dag_01_hello_world.py
[2026-06-16T15:20:48.908+0000] {logging_mixin.py:188} INFO - [2026-06-16T15:20:48.908+0000] {dag.py:3089} INFO - Sync 1 DAGs
[2026-06-16T15:20:48.922+0000] {logging_mixin.py:188} INFO - [2026-06-16T15:20:48.921+0000] {dag.py:3947} INFO - Setting next_dagrun for 01_hello_world to None, run_after=None
[2026-06-16T15:20:48.946+0000] {processor.py:183} INFO - Processing /opt/airflow/dags/dag_01_hello_world.py took 0.095 seconds
[2026-06-16T15:21:19.058+0000] {processor.py:161} INFO - Started process (PID=14593) to work on /opt/airflow/dags/dag_01_hello_world.py
[2026-06-16T15:21:19.069+0000] {processor.py:830} INFO - Processing file /opt/airflow/dags/dag_01_hello_world.py for tasks to queue
[2026-06-16T15:21:19.071+0000] {logging_mixin.py:188} INFO - [2026-06-16T15:21:19.070+0000] {dagbag.py:545} INFO - Filling up the DagBag from /opt/airflow/dags/dag_01_hello_world.py
[2026-06-16T15:21:19.078+0000] {processor.py:840} INFO - DAG(s) '01_hello_world' retrieved from /opt/airflow/dags/dag_01_hello_world.py
[2026-06-16T15:21:19.116+0000] {logging_mixin.py:188} INFO - [2026-06-16T15:21:19.115+0000] {dag.py:3089} INFO - Sync 1 DAGs
[2026-06-16T15:21:19.130+0000] {logging_mixin.py:188} INFO - [2026-06-16T15:21:19.130+0000] {dag.py:3947} INFO - Setting next_dagrun for 01_hello_world to None, run_after=None
[2026-06-16T15:21:19.156+0000] {processor.py:183} INFO - Processing /opt/airflow/dags/dag_01_hello_world.py took 0.104 seconds
[2026-06-16T15:21:49.241+0000] {processor.py:161} INFO - Started process (PID=14633) to work on /opt/airflow/dags/dag_01_hello_world.py
[2026-06-16T15:21:49.242+0000] {processor.py:830} INFO - Processing file /opt/airflow/dags/dag_01_hello_world.py for tasks to queue
[2026-06-16T15:21:49.244+0000] {logging_mixin.py:188} INFO - [2026-06-16T15:21:49.244+0000] {dagbag.py:545} INFO - Filling up the DagBag from /opt/airflow/dags/dag_01_hello_world.py
[2026-06-16T15:21:49.252+0000] {processor.py:840} INFO - DAG(s) '01_hello_world' retrieved from /opt/airflow/dags/dag_01_hello_world.py
[2026-06-16T15:21:49.292+0000] {logging_mixin.py:188} INFO - [2026-06-16T15:21:49.292+0000] {dag.py:3089} INFO - Sync 1 DAGs
[2026-06-16T15:21:49.306+0000] {logging_mixin.py:188} INFO - [2026-06-16T15:21:49.306+0000] {dag.py:3947} INFO - Setting next_dagrun for 01_hello_world to None, run_after=None
[2026-06-16T15:21:49.332+0000] {processor.py:183} INFO - Processing /opt/airflow/dags/dag_01_hello_world.py took 0.098 seconds
[2026-06-16T15:22:19.445+0000] {processor.py:161} INFO - Started process (PID=14673) to work on /opt/airflow/dags/dag_01_hello_world.py
[2026-06-16T15:22:19.448+0000] {processor.py:830} INFO - Processing file /opt/airflow/dags/dag_01_hello_world.py for tasks to queue
[2026-06-16T15:22:19.450+0000] {logging_mixin.py:188} INFO - [2026-06-16T15:22:19.450+0000] {dagbag.py:545} INFO - Filling up the DagBag from /opt/airflow/dags/dag_01_hello_world.py
[2026-06-16T15:22:19.458+0000] {processor.py:840} INFO - DAG(s) '01_hello_world' retrieved from /opt/airflow/dags/dag_01_hello_world.py
[2026-06-16T15:22:19.495+0000] {logging_mixin.py:188} INFO - [2026-06-16T15:22:19.495+0000] {dag.py:3089} INFO - Sync 1 DAGs
[2026-06-16T15:22:19.509+0000] {logging_mixin.py:188} INFO - [2026-06-16T15:22:19.509+0000] {dag.py:3947} INFO - Setting next_dagrun for 01_hello_world to None, run_after=None
[2026-06-16T15:22:19.534+0000] {processor.py:183} INFO - Processing /opt/airflow/dags/dag_01_hello_world.py took 0.096 seconds
[2026-06-16T15:22:49.657+0000] {processor.py:161} INFO - Started process (PID=14713) to work on /opt/airflow/dags/dag_01_hello_world.py
[2026-06-16T15:22:49.658+0000] {processor.py:830} INFO - Processing file /opt/airflow/dags/dag_01_hello_world.py for tasks to queue
[2026-06-16T15:22:49.659+0000] {logging_mixin.py:188} INFO - [2026-06-16T15:22:49.659+0000] {dagbag.py:545} INFO - Filling up the DagBag from /opt/airflow/dags/dag_01_hello_world.py
[2026-06-16T15:22:49.667+0000] {processor.py:840} INFO - DAG(s) '01_hello_world' retrieved from /opt/airflow/dags/dag_01_hello_world.py
[2026-06-16T15:22:49.706+0000] {logging_mixin.py:188} INFO - [2026-06-16T15:22:49.706+0000] {dag.py:3089} INFO - Sync 1 DAGs
[2026-06-16T15:22:49.720+0000] {logging_mixin.py:188} INFO - [2026-06-16T15:22:49.720+0000] {dag.py:3947} INFO - Setting next_dagrun for 01_hello_world to None, run_after=None
[2026-06-16T15:22:49.746+0000] {processor.py:183} INFO - Processing /opt/airflow/dags/dag_01_hello_world.py took 0.096 seconds
[2026-06-16T15:23:19.815+0000] {processor.py:161} INFO - Started process (PID=14753) to work on /opt/airflow/dags/dag_01_hello_world.py
[2026-06-16T15:23:19.816+0000] {processor.py:830} INFO - Processing file /opt/airflow/dags/dag_01_hello_world.py for tasks to queue
[2026-06-16T15:23:19.818+0000] {logging_mixin.py:188} INFO - [2026-06-16T15:23:19.818+0000] {dagbag.py:545} INFO - Filling up the DagBag from /opt/airflow/dags/dag_01_hello_world.py
[2026-06-16T15:23:19.827+0000] {processor.py:840} INFO - DAG(s) '01_hello_world' retrieved from /opt/airflow/dags/dag_01_hello_world.py
[2026-06-16T15:23:19.872+0000] {logging_mixin.py:188} INFO - [2026-06-16T15:23:19.872+0000] {dag.py:3089} INFO - Sync 1 DAGs
[2026-06-16T15:23:19.890+0000] {logging_mixin.py:188} INFO - [2026-06-16T15:23:19.890+0000] {dag.py:3947} INFO - Setting next_dagrun for 01_hello_world to None, run_after=None
[2026-06-16T15:23:19.921+0000] {processor.py:183} INFO - Processing /opt/airflow/dags/dag_01_hello_world.py took 0.113 seconds
[2026-06-16T15:23:50.046+0000] {processor.py:161} INFO - Started process (PID=14793) to work on /opt/airflow/dags/dag_01_hello_world.py
[2026-06-16T15:23:50.047+0000] {processor.py:830} INFO - Processing file /opt/airflow/dags/dag_01_hello_world.py for tasks to queue
[2026-06-16T15:23:50.049+0000] {logging_mixin.py:188} INFO - [2026-06-16T15:23:50.049+0000] {dagbag.py:545} INFO - Filling up the DagBag from /opt/airflow/dags/dag_01_hello_world.py
[2026-06-16T15:23:50.058+0000] {processor.py:840} INFO - DAG(s) '01_hello_world' retrieved from /opt/airflow/dags/dag_01_hello_world.py
[2026-06-16T15:23:50.097+0000] {logging_mixin.py:188} INFO - [2026-06-16T15:23:50.097+0000] {dag.py:3089} INFO - Sync 1 DAGs
[2026-06-16T15:23:50.114+0000] {logging_mixin.py:188} INFO - [2026-06-16T15:23:50.114+0000] {dag.py:3947} INFO - Setting next_dagrun for 01_hello_world to None, run_after=None
[2026-06-16T15:23:50.140+0000] {processor.py:183} INFO - Processing /opt/airflow/dags/dag_01_hello_world.py took 0.102 seconds
[2026-06-16T15:24:20.926+0000] {processor.py:161} INFO - Started process (PID=14836) to work on /opt/airflow/dags/dag_01_hello_world.py
[2026-06-16T15:24:20.927+0000] {processor.py:830} INFO - Processing file /opt/airflow/dags/dag_01_hello_world.py for tasks to queue
[2026-06-16T15:24:20.929+0000] {logging_mixin.py:188} INFO - [2026-06-16T15:24:20.929+0000] {dagbag.py:545} INFO - Filling up the DagBag from /opt/airflow/dags/dag_01_hello_world.py
[2026-06-16T15:24:20.938+0000] {processor.py:840} INFO - DAG(s) '01_hello_world' retrieved from /opt/airflow/dags/dag_01_hello_world.py
[2026-06-16T15:24:20.981+0000] {logging_mixin.py:188} INFO - [2026-06-16T15:24:20.981+0000] {dag.py:3089} INFO - Sync 1 DAGs
[2026-06-16T15:24:20.996+0000] {logging_mixin.py:188} INFO - [2026-06-16T15:24:20.996+0000] {dag.py:3947} INFO - Setting next_dagrun for 01_hello_world to None, run_after=None
[2026-06-16T15:24:21.022+0000] {processor.py:183} INFO - Processing /opt/airflow/dags/dag_01_hello_world.py took 0.105 seconds
[2026-06-16T15:24:51.869+0000] {processor.py:161} INFO - Started process (PID=14876) to work on /opt/airflow/dags/dag_01_hello_world.py
[2026-06-16T15:24:51.870+0000] {processor.py:830} INFO - Processing file /opt/airflow/dags/dag_01_hello_world.py for tasks to queue
[2026-06-16T15:24:51.872+0000] {logging_mixin.py:188} INFO - [2026-06-16T15:24:51.872+0000] {dagbag.py:545} INFO - Filling up the DagBag from /opt/airflow/dags/dag_01_hello_world.py
[2026-06-16T15:24:51.882+0000] {processor.py:840} INFO - DAG(s) '01_hello_world' retrieved from /opt/airflow/dags/dag_01_hello_world.py
[2026-06-16T15:24:51.926+0000] {logging_mixin.py:188} INFO - [2026-06-16T15:24:51.925+0000] {dag.py:3089} INFO - Sync 1 DAGs
[2026-06-16T15:24:51.943+0000] {logging_mixin.py:188} INFO - [2026-06-16T15:24:51.943+0000] {dag.py:3947} INFO - Setting next_dagrun for 01_hello_world to None, run_after=None
[2026-06-16T15:24:51.968+0000] {processor.py:183} INFO - Processing /opt/airflow/dags/dag_01_hello_world.py took 0.108 seconds
[2026-06-16T15:25:22.010+0000] {processor.py:161} INFO - Started process (PID=14913) to work on /opt/airflow/dags/dag_01_hello_world.py
[2026-06-16T15:25:22.012+0000] {processor.py:830} INFO - Processing file /opt/airflow/dags/dag_01_hello_world.py for tasks to queue
[2026-06-16T15:25:22.014+0000] {logging_mixin.py:188} INFO - [2026-06-16T15:25:22.013+0000] {dagbag.py:545} INFO - Filling up the DagBag from /opt/airflow/dags/dag_01_hello_world.py
[2026-06-16T15:25:22.023+0000] {processor.py:840} INFO - DAG(s) '01_hello_world' retrieved from /opt/airflow/dags/dag_01_hello_world.py
[2026-06-16T15:25:22.065+0000] {logging_mixin.py:188} INFO - [2026-06-16T15:25:22.064+0000] {dag.py:3089} INFO - Sync 1 DAGs
[2026-06-16T15:25:22.079+0000] {logging_mixin.py:188} INFO - [2026-06-16T15:25:22.079+0000] {dag.py:3947} INFO - Setting next_dagrun for 01_hello_world to None, run_after=None
[2026-06-16T15:25:22.106+0000] {processor.py:183} INFO - Processing /opt/airflow/dags/dag_01_hello_world.py took 0.103 seconds
[2026-06-16T15:25:52.209+0000] {processor.py:161} INFO - Started process (PID=14953) to work on /opt/airflow/dags/dag_01_hello_world.py
[2026-06-16T15:25:52.210+0000] {processor.py:830} INFO - Processing file /opt/airflow/dags/dag_01_hello_world.py for tasks to queue
[2026-06-16T15:25:52.212+0000] {logging_mixin.py:188} INFO - [2026-06-16T15:25:52.211+0000] {dagbag.py:545} INFO - Filling up the DagBag from /opt/airflow/dags/dag_01_hello_world.py
[2026-06-16T15:25:52.219+0000] {processor.py:840} INFO - DAG(s) '01_hello_world' retrieved from /opt/airflow/dags/dag_01_hello_world.py
[2026-06-16T15:25:52.256+0000] {logging_mixin.py:188} INFO - [2026-06-16T15:25:52.255+0000] {dag.py:3089} INFO - Sync 1 DAGs
[2026-06-16T15:25:52.269+0000] {logging_mixin.py:188} INFO - [2026-06-16T15:25:52.268+0000] {dag.py:3947} INFO - Setting next_dagrun for 01_hello_world to None, run_after=None
[2026-06-16T15:25:52.293+0000] {processor.py:183} INFO - Processing /opt/airflow/dags/dag_01_hello_world.py took 0.092 seconds
[2026-06-16T15:26:22.420+0000] {processor.py:161} INFO - Started process (PID=14993) to work on /opt/airflow/dags/dag_01_hello_world.py
[2026-06-16T15:26:22.432+0000] {processor.py:830} INFO - Processing file /opt/airflow/dags/dag_01_hello_world.py for tasks to queue
[2026-06-16T15:26:22.434+0000] {logging_mixin.py:188} INFO - [2026-06-16T15:26:22.433+0000] {dagbag.py:545} INFO - Filling up the DagBag from /opt/airflow/dags/dag_01_hello_world.py
[2026-06-16T15:26:22.441+0000] {processor.py:840} INFO - DAG(s) '01_hello_world' retrieved from /opt/airflow/dags/dag_01_hello_world.py
[2026-06-16T15:26:22.478+0000] {logging_mixin.py:188} INFO - [2026-06-16T15:26:22.478+0000] {dag.py:3089} INFO - Sync 1 DAGs
[2026-06-16T15:26:22.492+0000] {logging_mixin.py:188} INFO - [2026-06-16T15:26:22.491+0000] {dag.py:3947} INFO - Setting next_dagrun for 01_hello_world to None, run_after=None
[2026-06-16T15:26:22.518+0000] {processor.py:183} INFO - Processing /opt/airflow/dags/dag_01_hello_world.py took 0.104 seconds
[2026-06-16T15:26:53.541+0000] {processor.py:161} INFO - Started process (PID=15036) to work on /opt/airflow/dags/dag_01_hello_world.py
[2026-06-16T15:26:53.542+0000] {processor.py:830} INFO - Processing file /opt/airflow/dags/dag_01_hello_world.py for tasks to queue
[2026-06-16T15:26:53.545+0000] {logging_mixin.py:188} INFO - [2026-06-16T15:26:53.544+0000] {dagbag.py:545} INFO - Filling up the DagBag from /opt/airflow/dags/dag_01_hello_world.py
[2026-06-16T15:26:53.555+0000] {processor.py:840} INFO - DAG(s) '01_hello_world' retrieved from /opt/airflow/dags/dag_01_hello_world.py
[2026-06-16T15:26:53.596+0000] {logging_mixin.py:188} INFO - [2026-06-16T15:26:53.595+0000] {dag.py:3089} INFO - Sync 1 DAGs
[2026-06-16T15:26:53.612+0000] {logging_mixin.py:188} INFO - [2026-06-16T15:26:53.611+0000] {dag.py:3947} INFO - Setting next_dagrun for 01_hello_world to None, run_after=None
[2026-06-16T15:26:53.639+0000] {processor.py:183} INFO - Processing /opt/airflow/dags/dag_01_hello_world.py took 0.106 seconds
[2026-06-16T15:27:24.641+0000] {processor.py:161} INFO - Started process (PID=15076) to work on /opt/airflow/dags/dag_01_hello_world.py
[2026-06-16T15:27:24.642+0000] {processor.py:830} INFO - Processing file /opt/airflow/dags/dag_01_hello_world.py for tasks to queue
[2026-06-16T15:27:24.644+0000] {logging_mixin.py:188} INFO - [2026-06-16T15:27:24.643+0000] {dagbag.py:545} INFO - Filling up the DagBag from /opt/airflow/dags/dag_01_hello_world.py
[2026-06-16T15:27:24.653+0000] {processor.py:840} INFO - DAG(s) '01_hello_world' retrieved from /opt/airflow/dags/dag_01_hello_world.py
[2026-06-16T15:27:24.695+0000] {logging_mixin.py:188} INFO - [2026-06-16T15:27:24.695+0000] {dag.py:3089} INFO - Sync 1 DAGs
[2026-06-16T15:27:24.712+0000] {logging_mixin.py:188} INFO - [2026-06-16T15:27:24.711+0000] {dag.py:3947} INFO - Setting next_dagrun for 01_hello_world to None, run_after=None
[2026-06-16T15:27:24.739+0000] {processor.py:183} INFO - Processing /opt/airflow/dags/dag_01_hello_world.py took 0.106 seconds
[2026-06-16T15:27:55.660+0000] {processor.py:161} INFO - Started process (PID=15116) to work on /opt/airflow/dags/dag_01_hello_world.py
[2026-06-16T15:27:55.661+0000] {processor.py:830} INFO - Processing file /opt/airflow/dags/dag_01_hello_world.py for tasks to queue
[2026-06-16T15:27:55.663+0000] {logging_mixin.py:188} INFO - [2026-06-16T15:27:55.663+0000] {dagbag.py:545} INFO - Filling up the DagBag from /opt/airflow/dags/dag_01_hello_world.py
[2026-06-16T15:27:55.671+0000] {processor.py:840} INFO - DAG(s) '01_hello_world' retrieved from /opt/airflow/dags/dag_01_hello_world.py
[2026-06-16T15:27:55.714+0000] {logging_mixin.py:188} INFO - [2026-06-16T15:27:55.713+0000] {dag.py:3089} INFO - Sync 1 DAGs
[2026-06-16T15:27:55.730+0000] {logging_mixin.py:188} INFO - [2026-06-16T15:27:55.730+0000] {dag.py:3947} INFO - Setting next_dagrun for 01_hello_world to None, run_after=None
[2026-06-16T15:27:55.756+0000] {processor.py:183} INFO - Processing /opt/airflow/dags/dag_01_hello_world.py took 0.104 seconds
[2026-06-16T15:28:26.694+0000] {processor.py:161} INFO - Started process (PID=15156) to work on /opt/airflow/dags/dag_01_hello_world.py
[2026-06-16T15:28:26.695+0000] {processor.py:830} INFO - Processing file /opt/airflow/dags/dag_01_hello_world.py for tasks to queue
[2026-06-16T15:28:26.696+0000] {logging_mixin.py:188} INFO - [2026-06-16T15:28:26.696+0000] {dagbag.py:545} INFO - Filling up the DagBag from /opt/airflow/dags/dag_01_hello_world.py
[2026-06-16T15:28:26.704+0000] {processor.py:840} INFO - DAG(s) '01_hello_world' retrieved from /opt/airflow/dags/dag_01_hello_world.py
[2026-06-16T15:28:26.743+0000] {logging_mixin.py:188} INFO - [2026-06-16T15:28:26.743+0000] {dag.py:3089} INFO - Sync 1 DAGs
[2026-06-16T15:28:26.758+0000] {logging_mixin.py:188} INFO - [2026-06-16T15:28:26.758+0000] {dag.py:3947} INFO - Setting next_dagrun for 01_hello_world to None, run_after=None
[2026-06-16T15:28:26.784+0000] {processor.py:183} INFO - Processing /opt/airflow/dags/dag_01_hello_world.py took 0.098 seconds
[2026-06-16T15:28:57.657+0000] {processor.py:161} INFO - Started process (PID=15196) to work on /opt/airflow/dags/dag_01_hello_world.py
[2026-06-16T15:28:57.659+0000] {processor.py:830} INFO - Processing file /opt/airflow/dags/dag_01_hello_world.py for tasks to queue
[2026-06-16T15:28:57.661+0000] {logging_mixin.py:188} INFO - [2026-06-16T15:28:57.661+0000] {dagbag.py:545} INFO - Filling up the DagBag from /opt/airflow/dags/dag_01_hello_world.py
[2026-06-16T15:28:57.672+0000] {processor.py:840} INFO - DAG(s) '01_hello_world' retrieved from /opt/airflow/dags/dag_01_hello_world.py
[2026-06-16T15:28:57.715+0000] {logging_mixin.py:188} INFO - [2026-06-16T15:28:57.715+0000] {dag.py:3089} INFO - Sync 1 DAGs
[2026-06-16T15:28:57.733+0000] {logging_mixin.py:188} INFO - [2026-06-16T15:28:57.733+0000] {dag.py:3947} INFO - Setting next_dagrun for 01_hello_world to None, run_after=None
[2026-06-16T15:28:57.758+0000] {processor.py:183} INFO - Processing /opt/airflow/dags/dag_01_hello_world.py took 0.110 seconds
[2026-06-16T15:29:28.760+0000] {processor.py:161} INFO - Started process (PID=15236) to work on /opt/airflow/dags/dag_01_hello_world.py
[2026-06-16T15:29:28.765+0000] {processor.py:830} INFO - Processing file /opt/airflow/dags/dag_01_hello_world.py for tasks to queue
[2026-06-16T15:29:28.767+0000] {logging_mixin.py:188} INFO - [2026-06-16T15:29:28.766+0000] {dagbag.py:545} INFO - Filling up the DagBag from /opt/airflow/dags/dag_01_hello_world.py
[2026-06-16T15:29:28.777+0000] {processor.py:840} INFO - DAG(s) '01_hello_world' retrieved from /opt/airflow/dags/dag_01_hello_world.py
[2026-06-16T15:29:28.821+0000] {logging_mixin.py:188} INFO - [2026-06-16T15:29:28.820+0000] {dag.py:3089} INFO - Sync 1 DAGs
[2026-06-16T15:29:28.836+0000] {logging_mixin.py:188} INFO - [2026-06-16T15:29:28.836+0000] {dag.py:3947} INFO - Setting next_dagrun for 01_hello_world to None, run_after=None
[2026-06-16T15:29:28.862+0000] {processor.py:183} INFO - Processing /opt/airflow/dags/dag_01_hello_world.py took 0.110 seconds
[2026-06-16T15:29:59.902+0000] {processor.py:161} INFO - Started process (PID=15276) to work on /opt/airflow/dags/dag_01_hello_world.py
[2026-06-16T15:29:59.903+0000] {processor.py:830} INFO - Processing file /opt/airflow/dags/dag_01_hello_world.py for tasks to queue
[2026-06-16T15:29:59.905+0000] {logging_mixin.py:188} INFO - [2026-06-16T15:29:59.905+0000] {dagbag.py:545} INFO - Filling up the DagBag from /opt/airflow/dags/dag_01_hello_world.py
[2026-06-16T15:29:59.915+0000] {processor.py:840} INFO - DAG(s) '01_hello_world' retrieved from /opt/airflow/dags/dag_01_hello_world.py
[2026-06-16T15:29:59.958+0000] {logging_mixin.py:188} INFO - [2026-06-16T15:29:59.957+0000] {dag.py:3089} INFO - Sync 1 DAGs
[2026-06-16T15:29:59.977+0000] {logging_mixin.py:188} INFO - [2026-06-16T15:29:59.976+0000] {dag.py:3947} INFO - Setting next_dagrun for 01_hello_world to None, run_after=None
[2026-06-16T15:30:00.003+0000] {processor.py:183} INFO - Processing /opt/airflow/dags/dag_01_hello_world.py took 0.109 seconds
[2026-06-16T15:30:30.105+0000] {processor.py:161} INFO - Started process (PID=15316) to work on /opt/airflow/dags/dag_01_hello_world.py
[2026-06-16T15:30:30.108+0000] {processor.py:830} INFO - Processing file /opt/airflow/dags/dag_01_hello_world.py for tasks to queue
[2026-06-16T15:30:30.110+0000] {logging_mixin.py:188} INFO - [2026-06-16T15:30:30.109+0000] {dagbag.py:545} INFO - Filling up the DagBag from /opt/airflow/dags/dag_01_hello_world.py
[2026-06-16T15:30:30.119+0000] {processor.py:840} INFO - DAG(s) '01_hello_world' retrieved from /opt/airflow/dags/dag_01_hello_world.py
[2026-06-16T15:30:30.165+0000] {logging_mixin.py:188} INFO - [2026-06-16T15:30:30.165+0000] {dag.py:3089} INFO - Sync 1 DAGs
[2026-06-16T15:30:30.181+0000] {logging_mixin.py:188} INFO - [2026-06-16T15:30:30.181+0000] {dag.py:3947} INFO - Setting next_dagrun for 01_hello_world to None, run_after=None
[2026-06-16T15:30:30.210+0000] {processor.py:183} INFO - Processing /opt/airflow/dags/dag_01_hello_world.py took 0.114 seconds
[2026-06-16T15:31:00.315+0000] {processor.py:161} INFO - Started process (PID=15356) to work on /opt/airflow/dags/dag_01_hello_world.py
[2026-06-16T15:31:00.316+0000] {processor.py:830} INFO - Processing file /opt/airflow/dags/dag_01_hello_world.py for tasks to queue
[2026-06-16T15:31:00.319+0000] {logging_mixin.py:188} INFO - [2026-06-16T15:31:00.318+0000] {dagbag.py:545} INFO - Filling up the DagBag from /opt/airflow/dags/dag_01_hello_world.py
[2026-06-16T15:31:00.329+0000] {processor.py:840} INFO - DAG(s) '01_hello_world' retrieved from /opt/airflow/dags/dag_01_hello_world.py
[2026-06-16T15:31:00.372+0000] {logging_mixin.py:188} INFO - [2026-06-16T15:31:00.371+0000] {dag.py:3089} INFO - Sync 1 DAGs
[2026-06-16T15:31:00.390+0000] {logging_mixin.py:188} INFO - [2026-06-16T15:31:00.390+0000] {dag.py:3947} INFO - Setting next_dagrun for 01_hello_world to None, run_after=None
[2026-06-16T15:31:00.417+0000] {processor.py:183} INFO - Processing /opt/airflow/dags/dag_01_hello_world.py took 0.110 seconds
[2026-06-16T15:31:31.234+0000] {processor.py:161} INFO - Started process (PID=15396) to work on /opt/airflow/dags/dag_01_hello_world.py
[2026-06-16T15:31:31.235+0000] {processor.py:830} INFO - Processing file /opt/airflow/dags/dag_01_hello_world.py for tasks to queue
[2026-06-16T15:31:31.238+0000] {logging_mixin.py:188} INFO - [2026-06-16T15:31:31.237+0000] {dagbag.py:545} INFO - Filling up the DagBag from /opt/airflow/dags/dag_01_hello_world.py
[2026-06-16T15:31:31.247+0000] {processor.py:840} INFO - DAG(s) '01_hello_world' retrieved from /opt/airflow/dags/dag_01_hello_world.py
[2026-06-16T15:31:31.290+0000] {logging_mixin.py:188} INFO - [2026-06-16T15:31:31.290+0000] {dag.py:3089} INFO - Sync 1 DAGs
[2026-06-16T15:31:31.307+0000] {logging_mixin.py:188} INFO - [2026-06-16T15:31:31.307+0000] {dag.py:3947} INFO - Setting next_dagrun for 01_hello_world to None, run_after=None
[2026-06-16T15:31:31.335+0000] {processor.py:183} INFO - Processing /opt/airflow/dags/dag_01_hello_world.py took 0.110 seconds
[2026-06-16T15:32:02.311+0000] {processor.py:161} INFO - Started process (PID=15436) to work on /opt/airflow/dags/dag_01_hello_world.py
[2026-06-16T15:32:02.312+0000] {processor.py:830} INFO - Processing file /opt/airflow/dags/dag_01_hello_world.py for tasks to queue
[2026-06-16T15:32:02.314+0000] {logging_mixin.py:188} INFO - [2026-06-16T15:32:02.314+0000] {dagbag.py:545} INFO - Filling up the DagBag from /opt/airflow/dags/dag_01_hello_world.py
[2026-06-16T15:32:02.324+0000] {processor.py:840} INFO - DAG(s) '01_hello_world' retrieved from /opt/airflow/dags/dag_01_hello_world.py
[2026-06-16T15:32:02.370+0000] {logging_mixin.py:188} INFO - [2026-06-16T15:32:02.370+0000] {dag.py:3089} INFO - Sync 1 DAGs
[2026-06-16T15:32:02.388+0000] {logging_mixin.py:188} INFO - [2026-06-16T15:32:02.388+0000] {dag.py:3947} INFO - Setting next_dagrun for 01_hello_world to None, run_after=None
[2026-06-16T15:32:02.412+0000] {processor.py:183} INFO - Processing /opt/airflow/dags/dag_01_hello_world.py took 0.109 seconds
[2026-06-16T15:32:32.492+0000] {processor.py:161} INFO - Started process (PID=15476) to work on /opt/airflow/dags/dag_01_hello_world.py
[2026-06-16T15:32:32.493+0000] {processor.py:830} INFO - Processing file /opt/airflow/dags/dag_01_hello_world.py for tasks to queue
[2026-06-16T15:32:32.495+0000] {logging_mixin.py:188} INFO - [2026-06-16T15:32:32.495+0000] {dagbag.py:545} INFO - Filling up the DagBag from /opt/airflow/dags/dag_01_hello_world.py
[2026-06-16T15:32:32.503+0000] {processor.py:840} INFO - DAG(s) '01_hello_world' retrieved from /opt/airflow/dags/dag_01_hello_world.py
[2026-06-16T15:32:32.544+0000] {logging_mixin.py:188} INFO - [2026-06-16T15:32:32.544+0000] {dag.py:3089} INFO - Sync 1 DAGs
[2026-06-16T15:32:32.558+0000] {logging_mixin.py:188} INFO - [2026-06-16T15:32:32.558+0000] {dag.py:3947} INFO - Setting next_dagrun for 01_hello_world to None, run_after=None
[2026-06-16T15:32:32.583+0000] {processor.py:183} INFO - Processing /opt/airflow/dags/dag_01_hello_world.py took 0.098 seconds
[2026-06-16T15:33:03.455+0000] {processor.py:161} INFO - Started process (PID=15515) to work on /opt/airflow/dags/dag_01_hello_world.py
[2026-06-16T15:33:03.456+0000] {processor.py:830} INFO - Processing file /opt/airflow/dags/dag_01_hello_world.py for tasks to queue
[2026-06-16T15:33:03.458+0000] {logging_mixin.py:188} INFO - [2026-06-16T15:33:03.458+0000] {dagbag.py:545} INFO - Filling up the DagBag from /opt/airflow/dags/dag_01_hello_world.py
[2026-06-16T15:33:03.466+0000] {processor.py:840} INFO - DAG(s) '01_hello_world' retrieved from /opt/airflow/dags/dag_01_hello_world.py
[2026-06-16T15:33:03.507+0000] {logging_mixin.py:188} INFO - [2026-06-16T15:33:03.507+0000] {dag.py:3089} INFO - Sync 1 DAGs
[2026-06-16T15:33:03.523+0000] {logging_mixin.py:188} INFO - [2026-06-16T15:33:03.522+0000] {dag.py:3947} INFO - Setting next_dagrun for 01_hello_world to None, run_after=None
[2026-06-16T15:33:03.548+0000] {processor.py:183} INFO - Processing /opt/airflow/dags/dag_01_hello_world.py took 0.100 seconds
[2026-06-16T15:33:33.641+0000] {processor.py:161} INFO - Started process (PID=15556) to work on /opt/airflow/dags/dag_01_hello_world.py
[2026-06-16T15:33:33.642+0000] {processor.py:830} INFO - Processing file /opt/airflow/dags/dag_01_hello_world.py for tasks to queue
[2026-06-16T15:33:33.645+0000] {logging_mixin.py:188} INFO - [2026-06-16T15:33:33.644+0000] {dagbag.py:545} INFO - Filling up the DagBag from /opt/airflow/dags/dag_01_hello_world.py
[2026-06-16T15:33:33.655+0000] {processor.py:840} INFO - DAG(s) '01_hello_world' retrieved from /opt/airflow/dags/dag_01_hello_world.py
[2026-06-16T15:33:33.704+0000] {logging_mixin.py:188} INFO - [2026-06-16T15:33:33.704+0000] {dag.py:3089} INFO - Sync 1 DAGs
[2026-06-16T15:33:33.903+0000] {logging_mixin.py:188} INFO - [2026-06-16T15:33:33.903+0000] {dag.py:3947} INFO - Setting next_dagrun for 01_hello_world to None, run_after=None
[2026-06-16T15:33:33.937+0000] {processor.py:183} INFO - Processing /opt/airflow/dags/dag_01_hello_world.py took 0.305 seconds
[2026-06-16T15:34:03.997+0000] {processor.py:161} INFO - Started process (PID=15596) to work on /opt/airflow/dags/dag_01_hello_world.py
[2026-06-16T15:34:03.998+0000] {processor.py:830} INFO - Processing file /opt/airflow/dags/dag_01_hello_world.py for tasks to queue
[2026-06-16T15:34:04.000+0000] {logging_mixin.py:188} INFO - [2026-06-16T15:34:04.000+0000] {dagbag.py:545} INFO - Filling up the DagBag from /opt/airflow/dags/dag_01_hello_world.py
[2026-06-16T15:34:04.008+0000] {processor.py:840} INFO - DAG(s) '01_hello_world' retrieved from /opt/airflow/dags/dag_01_hello_world.py
[2026-06-16T15:34:04.048+0000] {logging_mixin.py:188} INFO - [2026-06-16T15:34:04.047+0000] {dag.py:3089} INFO - Sync 1 DAGs
[2026-06-16T15:34:04.062+0000] {logging_mixin.py:188} INFO - [2026-06-16T15:34:04.061+0000] {dag.py:3947} INFO - Setting next_dagrun for 01_hello_world to None, run_after=None
[2026-06-16T15:34:04.087+0000] {processor.py:183} INFO - Processing /opt/airflow/dags/dag_01_hello_world.py took 0.098 seconds
[2026-06-16T15:34:34.180+0000] {processor.py:161} INFO - Started process (PID=15636) to work on /opt/airflow/dags/dag_01_hello_world.py
[2026-06-16T15:34:34.181+0000] {processor.py:830} INFO - Processing file /opt/airflow/dags/dag_01_hello_world.py for tasks to queue
[2026-06-16T15:34:34.184+0000] {logging_mixin.py:188} INFO - [2026-06-16T15:34:34.184+0000] {dagbag.py:545} INFO - Filling up the DagBag from /opt/airflow/dags/dag_01_hello_world.py
[2026-06-16T15:34:34.194+0000] {processor.py:840} INFO - DAG(s) '01_hello_world' retrieved from /opt/airflow/dags/dag_01_hello_world.py
[2026-06-16T15:34:34.240+0000] {logging_mixin.py:188} INFO - [2026-06-16T15:34:34.240+0000] {dag.py:3089} INFO - Sync 1 DAGs
[2026-06-16T15:34:34.258+0000] {logging_mixin.py:188} INFO - [2026-06-16T15:34:34.258+0000] {dag.py:3947} INFO - Setting next_dagrun for 01_hello_world to None, run_after=None
[2026-06-16T15:34:34.284+0000] {processor.py:183} INFO - Processing /opt/airflow/dags/dag_01_hello_world.py took 0.116 seconds
[2026-06-16T15:35:04.778+0000] {processor.py:161} INFO - Started process (PID=15676) to work on /opt/airflow/dags/dag_01_hello_world.py
[2026-06-16T15:35:04.779+0000] {processor.py:830} INFO - Processing file /opt/airflow/dags/dag_01_hello_world.py for tasks to queue
[2026-06-16T15:35:04.781+0000] {logging_mixin.py:188} INFO - [2026-06-16T15:35:04.781+0000] {dagbag.py:545} INFO - Filling up the DagBag from /opt/airflow/dags/dag_01_hello_world.py
[2026-06-16T15:35:04.789+0000] {processor.py:840} INFO - DAG(s) '01_hello_world' retrieved from /opt/airflow/dags/dag_01_hello_world.py
[2026-06-16T15:35:04.989+0000] {logging_mixin.py:188} INFO - [2026-06-16T15:35:04.988+0000] {dag.py:3089} INFO - Sync 1 DAGs
[2026-06-16T15:35:05.001+0000] {logging_mixin.py:188} INFO - [2026-06-16T15:35:05.001+0000] {dag.py:3947} INFO - Setting next_dagrun for 01_hello_world to None, run_after=None
[2026-06-16T15:35:05.022+0000] {processor.py:183} INFO - Processing /opt/airflow/dags/dag_01_hello_world.py took 0.251 seconds
[2026-06-16T15:35:35.085+0000] {processor.py:161} INFO - Started process (PID=15713) to work on /opt/airflow/dags/dag_01_hello_world.py
[2026-06-16T15:35:35.095+0000] {processor.py:830} INFO - Processing file /opt/airflow/dags/dag_01_hello_world.py for tasks to queue
[2026-06-16T15:35:35.098+0000] {logging_mixin.py:188} INFO - [2026-06-16T15:35:35.097+0000] {dagbag.py:545} INFO - Filling up the DagBag from /opt/airflow/dags/dag_01_hello_world.py
[2026-06-16T15:35:35.106+0000] {processor.py:840} INFO - DAG(s) '01_hello_world' retrieved from /opt/airflow/dags/dag_01_hello_world.py
[2026-06-16T15:35:35.144+0000] {logging_mixin.py:188} INFO - [2026-06-16T15:35:35.144+0000] {dag.py:3089} INFO - Sync 1 DAGs
[2026-06-16T15:35:35.159+0000] {logging_mixin.py:188} INFO - [2026-06-16T15:35:35.159+0000] {dag.py:3947} INFO - Setting next_dagrun for 01_hello_world to None, run_after=None
[2026-06-16T15:35:35.184+0000] {processor.py:183} INFO - Processing /opt/airflow/dags/dag_01_hello_world.py took 0.106 seconds
[2026-06-16T15:36:06.192+0000] {processor.py:161} INFO - Started process (PID=15756) to work on /opt/airflow/dags/dag_01_hello_world.py
[2026-06-16T15:36:06.193+0000] {processor.py:830} INFO - Processing file /opt/airflow/dags/dag_01_hello_world.py for tasks to queue
[2026-06-16T15:36:06.196+0000] {logging_mixin.py:188} INFO - [2026-06-16T15:36:06.195+0000] {dagbag.py:545} INFO - Filling up the DagBag from /opt/airflow/dags/dag_01_hello_world.py
[2026-06-16T15:36:06.205+0000] {processor.py:840} INFO - DAG(s) '01_hello_world' retrieved from /opt/airflow/dags/dag_01_hello_world.py
[2026-06-16T15:36:06.247+0000] {logging_mixin.py:188} INFO - [2026-06-16T15:36:06.247+0000] {dag.py:3089} INFO - Sync 1 DAGs
[2026-06-16T15:36:06.266+0000] {logging_mixin.py:188} INFO - [2026-06-16T15:36:06.265+0000] {dag.py:3947} INFO - Setting next_dagrun for 01_hello_world to None, run_after=None
[2026-06-16T15:36:06.290+0000] {processor.py:183} INFO - Processing /opt/airflow/dags/dag_01_hello_world.py took 0.108 seconds
[2026-06-16T15:36:36.344+0000] {processor.py:161} INFO - Started process (PID=15796) to work on /opt/airflow/dags/dag_01_hello_world.py
[2026-06-16T15:36:36.347+0000] {processor.py:830} INFO - Processing file /opt/airflow/dags/dag_01_hello_world.py for tasks to queue
[2026-06-16T15:36:36.349+0000] {logging_mixin.py:188} INFO - [2026-06-16T15:36:36.349+0000] {dagbag.py:545} INFO - Filling up the DagBag from /opt/airflow/dags/dag_01_hello_world.py
[2026-06-16T15:36:36.357+0000] {processor.py:840} INFO - DAG(s) '01_hello_world' retrieved from /opt/airflow/dags/dag_01_hello_world.py
[2026-06-16T15:36:36.398+0000] {logging_mixin.py:188} INFO - [2026-06-16T15:36:36.397+0000] {dag.py:3089} INFO - Sync 1 DAGs
[2026-06-16T15:36:36.412+0000] {logging_mixin.py:188} INFO - [2026-06-16T15:36:36.411+0000] {dag.py:3947} INFO - Setting next_dagrun for 01_hello_world to None, run_after=None
[2026-06-16T15:36:36.436+0000] {processor.py:183} INFO - Processing /opt/airflow/dags/dag_01_hello_world.py took 0.099 seconds
[2026-06-16T15:37:06.488+0000] {processor.py:161} INFO - Started process (PID=15833) to work on /opt/airflow/dags/dag_01_hello_world.py
[2026-06-16T15:37:06.489+0000] {processor.py:830} INFO - Processing file /opt/airflow/dags/dag_01_hello_world.py for tasks to queue
[2026-06-16T15:37:06.490+0000] {logging_mixin.py:188} INFO - [2026-06-16T15:37:06.490+0000] {dagbag.py:545} INFO - Filling up the DagBag from /opt/airflow/dags/dag_01_hello_world.py
[2026-06-16T15:37:06.498+0000] {processor.py:840} INFO - DAG(s) '01_hello_world' retrieved from /opt/airflow/dags/dag_01_hello_world.py
[2026-06-16T15:37:06.537+0000] {logging_mixin.py:188} INFO - [2026-06-16T15:37:06.537+0000] {dag.py:3089} INFO - Sync 1 DAGs
[2026-06-16T15:37:06.552+0000] {logging_mixin.py:188} INFO - [2026-06-16T15:37:06.552+0000] {dag.py:3947} INFO - Setting next_dagrun for 01_hello_world to None, run_after=None
[2026-06-16T15:37:06.579+0000] {processor.py:183} INFO - Processing /opt/airflow/dags/dag_01_hello_world.py took 0.100 seconds
[2026-06-16T15:37:37.535+0000] {processor.py:161} INFO - Started process (PID=15876) to work on /opt/airflow/dags/dag_01_hello_world.py
[2026-06-16T15:37:37.537+0000] {processor.py:830} INFO - Processing file /opt/airflow/dags/dag_01_hello_world.py for tasks to queue
[2026-06-16T15:37:37.539+0000] {logging_mixin.py:188} INFO - [2026-06-16T15:37:37.539+0000] {dagbag.py:545} INFO - Filling up the DagBag from /opt/airflow/dags/dag_01_hello_world.py
[2026-06-16T15:37:37.549+0000] {processor.py:840} INFO - DAG(s) '01_hello_world' retrieved from /opt/airflow/dags/dag_01_hello_world.py
[2026-06-16T15:37:37.596+0000] {logging_mixin.py:188} INFO - [2026-06-16T15:37:37.595+0000] {dag.py:3089} INFO - Sync 1 DAGs
[2026-06-16T15:37:37.618+0000] {logging_mixin.py:188} INFO - [2026-06-16T15:37:37.618+0000] {dag.py:3947} INFO - Setting next_dagrun for 01_hello_world to None, run_after=None
[2026-06-16T15:37:37.646+0000] {processor.py:183} INFO - Processing /opt/airflow/dags/dag_01_hello_world.py took 0.121 seconds
[2026-06-16T15:38:08.628+0000] {processor.py:161} INFO - Started process (PID=15916) to work on /opt/airflow/dags/dag_01_hello_world.py
[2026-06-16T15:38:08.629+0000] {processor.py:830} INFO - Processing file /opt/airflow/dags/dag_01_hello_world.py for tasks to queue
[2026-06-16T15:38:08.631+0000] {logging_mixin.py:188} INFO - [2026-06-16T15:38:08.631+0000] {dagbag.py:545} INFO - Filling up the DagBag from /opt/airflow/dags/dag_01_hello_world.py
[2026-06-16T15:38:08.649+0000] {processor.py:840} INFO - DAG(s) '01_hello_world' retrieved from /opt/airflow/dags/dag_01_hello_world.py
[2026-06-16T15:38:08.693+0000] {logging_mixin.py:188} INFO - [2026-06-16T15:38:08.692+0000] {dag.py:3089} INFO - Sync 1 DAGs
[2026-06-16T15:38:08.711+0000] {logging_mixin.py:188} INFO - [2026-06-16T15:38:08.711+0000] {dag.py:3947} INFO - Setting next_dagrun for 01_hello_world to None, run_after=None
[2026-06-16T15:38:08.735+0000] {processor.py:183} INFO - Processing /opt/airflow/dags/dag_01_hello_world.py took 0.116 seconds
[2026-06-16T15:38:38.820+0000] {processor.py:161} INFO - Started process (PID=15956) to work on /opt/airflow/dags/dag_01_hello_world.py
[2026-06-16T15:38:38.822+0000] {processor.py:830} INFO - Processing file /opt/airflow/dags/dag_01_hello_world.py for tasks to queue
[2026-06-16T15:38:38.824+0000] {logging_mixin.py:188} INFO - [2026-06-16T15:38:38.823+0000] {dagbag.py:545} INFO - Filling up the DagBag from /opt/airflow/dags/dag_01_hello_world.py
[2026-06-16T15:38:38.832+0000] {processor.py:840} INFO - DAG(s) '01_hello_world' retrieved from /opt/airflow/dags/dag_01_hello_world.py
[2026-06-16T15:38:38.874+0000] {logging_mixin.py:188} INFO - [2026-06-16T15:38:38.873+0000] {dag.py:3089} INFO - Sync 1 DAGs
[2026-06-16T15:38:38.888+0000] {logging_mixin.py:188} INFO - [2026-06-16T15:38:38.888+0000] {dag.py:3947} INFO - Setting next_dagrun for 01_hello_world to None, run_after=None
[2026-06-16T15:38:38.915+0000] {processor.py:183} INFO - Processing /opt/airflow/dags/dag_01_hello_world.py took 0.102 seconds
[2026-06-16T15:39:09.012+0000] {processor.py:161} INFO - Started process (PID=15996) to work on /opt/airflow/dags/dag_01_hello_world.py
[2026-06-16T15:39:09.013+0000] {processor.py:830} INFO - Processing file /opt/airflow/dags/dag_01_hello_world.py for tasks to queue
[2026-06-16T15:39:09.016+0000] {logging_mixin.py:188} INFO - [2026-06-16T15:39:09.015+0000] {dagbag.py:545} INFO - Filling up the DagBag from /opt/airflow/dags/dag_01_hello_world.py
[2026-06-16T15:39:09.025+0000] {processor.py:840} INFO - DAG(s) '01_hello_world' retrieved from /opt/airflow/dags/dag_01_hello_world.py
[2026-06-16T15:39:09.070+0000] {logging_mixin.py:188} INFO - [2026-06-16T15:39:09.070+0000] {dag.py:3089} INFO - Sync 1 DAGs
[2026-06-16T15:39:09.086+0000] {logging_mixin.py:188} INFO - [2026-06-16T15:39:09.085+0000] {dag.py:3947} INFO - Setting next_dagrun for 01_hello_world to None, run_after=None
[2026-06-16T15:39:09.112+0000] {processor.py:183} INFO - Processing /opt/airflow/dags/dag_01_hello_world.py took 0.110 seconds
[2026-06-16T15:39:39.201+0000] {processor.py:161} INFO - Started process (PID=16036) to work on /opt/airflow/dags/dag_01_hello_world.py
[2026-06-16T15:39:39.203+0000] {processor.py:830} INFO - Processing file /opt/airflow/dags/dag_01_hello_world.py for tasks to queue
[2026-06-16T15:39:39.205+0000] {logging_mixin.py:188} INFO - [2026-06-16T15:39:39.205+0000] {dagbag.py:545} INFO - Filling up the DagBag from /opt/airflow/dags/dag_01_hello_world.py
[2026-06-16T15:39:39.215+0000] {processor.py:840} INFO - DAG(s) '01_hello_world' retrieved from /opt/airflow/dags/dag_01_hello_world.py
[2026-06-16T15:39:39.259+0000] {logging_mixin.py:188} INFO - [2026-06-16T15:39:39.259+0000] {dag.py:3089} INFO - Sync 1 DAGs
[2026-06-16T15:39:39.282+0000] {logging_mixin.py:188} INFO - [2026-06-16T15:39:39.281+0000] {dag.py:3947} INFO - Setting next_dagrun for 01_hello_world to None, run_after=None
[2026-06-16T15:39:39.305+0000] {processor.py:183} INFO - Processing /opt/airflow/dags/dag_01_hello_world.py took 0.113 seconds
[2026-06-16T15:40:09.379+0000] {processor.py:161} INFO - Started process (PID=16076) to work on /opt/airflow/dags/dag_01_hello_world.py
[2026-06-16T15:40:09.381+0000] {processor.py:830} INFO - Processing file /opt/airflow/dags/dag_01_hello_world.py for tasks to queue
[2026-06-16T15:40:09.384+0000] {logging_mixin.py:188} INFO - [2026-06-16T15:40:09.384+0000] {dagbag.py:545} INFO - Filling up the DagBag from /opt/airflow/dags/dag_01_hello_world.py
[2026-06-16T15:40:09.395+0000] {processor.py:840} INFO - DAG(s) '01_hello_world' retrieved from /opt/airflow/dags/dag_01_hello_world.py
[2026-06-16T15:40:09.437+0000] {logging_mixin.py:188} INFO - [2026-06-16T15:40:09.436+0000] {dag.py:3089} INFO - Sync 1 DAGs
[2026-06-16T15:40:09.455+0000] {logging_mixin.py:188} INFO - [2026-06-16T15:40:09.455+0000] {dag.py:3947} INFO - Setting next_dagrun for 01_hello_world to None, run_after=None
[2026-06-16T15:40:09.478+0000] {processor.py:183} INFO - Processing /opt/airflow/dags/dag_01_hello_world.py took 0.109 seconds
[2026-06-16T15:40:39.595+0000] {processor.py:161} INFO - Started process (PID=16116) to work on /opt/airflow/dags/dag_01_hello_world.py
[2026-06-16T15:40:39.596+0000] {processor.py:830} INFO - Processing file /opt/airflow/dags/dag_01_hello_world.py for tasks to queue
[2026-06-16T15:40:39.598+0000] {logging_mixin.py:188} INFO - [2026-06-16T15:40:39.598+0000] {dagbag.py:545} INFO - Filling up the DagBag from /opt/airflow/dags/dag_01_hello_world.py
[2026-06-16T15:40:39.606+0000] {processor.py:840} INFO - DAG(s) '01_hello_world' retrieved from /opt/airflow/dags/dag_01_hello_world.py
[2026-06-16T15:40:39.646+0000] {logging_mixin.py:188} INFO - [2026-06-16T15:40:39.646+0000] {dag.py:3089} INFO - Sync 1 DAGs
[2026-06-16T15:40:39.660+0000] {logging_mixin.py:188} INFO - [2026-06-16T15:40:39.660+0000] {dag.py:3947} INFO - Setting next_dagrun for 01_hello_world to None, run_after=None
[2026-06-16T15:40:39.686+0000] {processor.py:183} INFO - Processing /opt/airflow/dags/dag_01_hello_world.py took 0.099 seconds
[2026-06-16T15:41:10.488+0000] {processor.py:161} INFO - Started process (PID=16156) to work on /opt/airflow/dags/dag_01_hello_world.py
[2026-06-16T15:41:10.491+0000] {processor.py:830} INFO - Processing file /opt/airflow/dags/dag_01_hello_world.py for tasks to queue
[2026-06-16T15:41:10.494+0000] {logging_mixin.py:188} INFO - [2026-06-16T15:41:10.493+0000] {dagbag.py:545} INFO - Filling up the DagBag from /opt/airflow/dags/dag_01_hello_world.py
[2026-06-16T15:41:10.501+0000] {processor.py:840} INFO - DAG(s) '01_hello_world' retrieved from /opt/airflow/dags/dag_01_hello_world.py
[2026-06-16T15:41:10.544+0000] {logging_mixin.py:188} INFO - [2026-06-16T15:41:10.544+0000] {dag.py:3089} INFO - Sync 1 DAGs
[2026-06-16T15:41:10.559+0000] {logging_mixin.py:188} INFO - [2026-06-16T15:41:10.559+0000] {dag.py:3947} INFO - Setting next_dagrun for 01_hello_world to None, run_after=None
[2026-06-16T15:41:10.586+0000] {processor.py:183} INFO - Processing /opt/airflow/dags/dag_01_hello_world.py took 0.105 seconds
[2026-06-16T15:41:40.659+0000] {processor.py:161} INFO - Started process (PID=16196) to work on /opt/airflow/dags/dag_01_hello_world.py
[2026-06-16T15:41:40.660+0000] {processor.py:830} INFO - Processing file /opt/airflow/dags/dag_01_hello_world.py for tasks to queue
[2026-06-16T15:41:40.662+0000] {logging_mixin.py:188} INFO - [2026-06-16T15:41:40.662+0000] {dagbag.py:545} INFO - Filling up the DagBag from /opt/airflow/dags/dag_01_hello_world.py
[2026-06-16T15:41:40.670+0000] {processor.py:840} INFO - DAG(s) '01_hello_world' retrieved from /opt/airflow/dags/dag_01_hello_world.py
[2026-06-16T15:41:40.712+0000] {logging_mixin.py:188} INFO - [2026-06-16T15:41:40.712+0000] {dag.py:3089} INFO - Sync 1 DAGs
[2026-06-16T15:41:40.728+0000] {logging_mixin.py:188} INFO - [2026-06-16T15:41:40.728+0000] {dag.py:3947} INFO - Setting next_dagrun for 01_hello_world to None, run_after=None
[2026-06-16T15:41:40.753+0000] {processor.py:183} INFO - Processing /opt/airflow/dags/dag_01_hello_world.py took 0.102 seconds
[2026-06-16T15:42:10.888+0000] {processor.py:161} INFO - Started process (PID=16236) to work on /opt/airflow/dags/dag_01_hello_world.py
[2026-06-16T15:42:10.889+0000] {processor.py:830} INFO - Processing file /opt/airflow/dags/dag_01_hello_world.py for tasks to queue
[2026-06-16T15:42:10.892+0000] {logging_mixin.py:188} INFO - [2026-06-16T15:42:10.891+0000] {dagbag.py:545} INFO - Filling up the DagBag from /opt/airflow/dags/dag_01_hello_world.py
[2026-06-16T15:42:10.900+0000] {processor.py:840} INFO - DAG(s) '01_hello_world' retrieved from /opt/airflow/dags/dag_01_hello_world.py
[2026-06-16T15:42:10.939+0000] {logging_mixin.py:188} INFO - [2026-06-16T15:42:10.939+0000] {dag.py:3089} INFO - Sync 1 DAGs
[2026-06-16T15:42:10.957+0000] {logging_mixin.py:188} INFO - [2026-06-16T15:42:10.956+0000] {dag.py:3947} INFO - Setting next_dagrun for 01_hello_world to None, run_after=None
[2026-06-16T15:42:10.989+0000] {processor.py:183} INFO - Processing /opt/airflow/dags/dag_01_hello_world.py took 0.108 seconds
[2026-06-16T15:42:41.080+0000] {processor.py:161} INFO - Started process (PID=16276) to work on /opt/airflow/dags/dag_01_hello_world.py
[2026-06-16T15:42:41.081+0000] {processor.py:830} INFO - Processing file /opt/airflow/dags/dag_01_hello_world.py for tasks to queue
[2026-06-16T15:42:41.083+0000] {logging_mixin.py:188} INFO - [2026-06-16T15:42:41.083+0000] {dagbag.py:545} INFO - Filling up the DagBag from /opt/airflow/dags/dag_01_hello_world.py
[2026-06-16T15:42:41.091+0000] {processor.py:840} INFO - DAG(s) '01_hello_world' retrieved from /opt/airflow/dags/dag_01_hello_world.py
[2026-06-16T15:42:41.133+0000] {logging_mixin.py:188} INFO - [2026-06-16T15:42:41.132+0000] {dag.py:3089} INFO - Sync 1 DAGs
[2026-06-16T15:42:41.148+0000] {logging_mixin.py:188} INFO - [2026-06-16T15:42:41.148+0000] {dag.py:3947} INFO - Setting next_dagrun for 01_hello_world to None, run_after=None
[2026-06-16T15:42:41.175+0000] {processor.py:183} INFO - Processing /opt/airflow/dags/dag_01_hello_world.py took 0.104 seconds
[2026-06-16T15:43:11.277+0000] {processor.py:161} INFO - Started process (PID=16316) to work on /opt/airflow/dags/dag_01_hello_world.py
[2026-06-16T15:43:11.278+0000] {processor.py:830} INFO - Processing file /opt/airflow/dags/dag_01_hello_world.py for tasks to queue
[2026-06-16T15:43:11.281+0000] {logging_mixin.py:188} INFO - [2026-06-16T15:43:11.280+0000] {dagbag.py:545} INFO - Filling up the DagBag from /opt/airflow/dags/dag_01_hello_world.py
[2026-06-16T15:43:11.291+0000] {processor.py:840} INFO - DAG(s) '01_hello_world' retrieved from /opt/airflow/dags/dag_01_hello_world.py
[2026-06-16T15:43:11.338+0000] {logging_mixin.py:188} INFO - [2026-06-16T15:43:11.337+0000] {dag.py:3089} INFO - Sync 1 DAGs
[2026-06-16T15:43:11.357+0000] {logging_mixin.py:188} INFO - [2026-06-16T15:43:11.357+0000] {dag.py:3947} INFO - Setting next_dagrun for 01_hello_world to None, run_after=None
[2026-06-16T15:43:11.384+0000] {processor.py:183} INFO - Processing /opt/airflow/dags/dag_01_hello_world.py took 0.116 seconds
[2026-06-16T15:43:42.307+0000] {processor.py:161} INFO - Started process (PID=16356) to work on /opt/airflow/dags/dag_01_hello_world.py
[2026-06-16T15:43:42.308+0000] {processor.py:830} INFO - Processing file /opt/airflow/dags/dag_01_hello_world.py for tasks to queue
[2026-06-16T15:43:42.310+0000] {logging_mixin.py:188} INFO - [2026-06-16T15:43:42.310+0000] {dagbag.py:545} INFO - Filling up the DagBag from /opt/airflow/dags/dag_01_hello_world.py
[2026-06-16T15:43:42.319+0000] {processor.py:840} INFO - DAG(s) '01_hello_world' retrieved from /opt/airflow/dags/dag_01_hello_world.py
[2026-06-16T15:43:42.358+0000] {logging_mixin.py:188} INFO - [2026-06-16T15:43:42.358+0000] {dag.py:3089} INFO - Sync 1 DAGs
[2026-06-16T15:43:42.373+0000] {logging_mixin.py:188} INFO - [2026-06-16T15:43:42.372+0000] {dag.py:3947} INFO - Setting next_dagrun for 01_hello_world to None, run_after=None
[2026-06-16T15:43:42.401+0000] {processor.py:183} INFO - Processing /opt/airflow/dags/dag_01_hello_world.py took 0.101 seconds
[2026-06-16T15:44:12.472+0000] {processor.py:161} INFO - Started process (PID=16396) to work on /opt/airflow/dags/dag_01_hello_world.py
[2026-06-16T15:44:12.474+0000] {processor.py:830} INFO - Processing file /opt/airflow/dags/dag_01_hello_world.py for tasks to queue
[2026-06-16T15:44:12.476+0000] {logging_mixin.py:188} INFO - [2026-06-16T15:44:12.476+0000] {dagbag.py:545} INFO - Filling up the DagBag from /opt/airflow/dags/dag_01_hello_world.py
[2026-06-16T15:44:12.484+0000] {processor.py:840} INFO - DAG(s) '01_hello_world' retrieved from /opt/airflow/dags/dag_01_hello_world.py
[2026-06-16T15:44:12.525+0000] {logging_mixin.py:188} INFO - [2026-06-16T15:44:12.525+0000] {dag.py:3089} INFO - Sync 1 DAGs
[2026-06-16T15:44:12.539+0000] {logging_mixin.py:188} INFO - [2026-06-16T15:44:12.539+0000] {dag.py:3947} INFO - Setting next_dagrun for 01_hello_world to None, run_after=None
[2026-06-16T15:44:12.564+0000] {processor.py:183} INFO - Processing /opt/airflow/dags/dag_01_hello_world.py took 0.101 seconds
[2026-06-16T15:44:43.385+0000] {processor.py:161} INFO - Started process (PID=16436) to work on /opt/airflow/dags/dag_01_hello_world.py
[2026-06-16T15:44:43.386+0000] {processor.py:830} INFO - Processing file /opt/airflow/dags/dag_01_hello_world.py for tasks to queue
[2026-06-16T15:44:43.388+0000] {logging_mixin.py:188} INFO - [2026-06-16T15:44:43.387+0000] {dagbag.py:545} INFO - Filling up the DagBag from /opt/airflow/dags/dag_01_hello_world.py
[2026-06-16T15:44:43.396+0000] {processor.py:840} INFO - DAG(s) '01_hello_world' retrieved from /opt/airflow/dags/dag_01_hello_world.py
[2026-06-16T15:44:43.441+0000] {logging_mixin.py:188} INFO - [2026-06-16T15:44:43.441+0000] {dag.py:3089} INFO - Sync 1 DAGs
[2026-06-16T15:44:43.458+0000] {logging_mixin.py:188} INFO - [2026-06-16T15:44:43.458+0000] {dag.py:3947} INFO - Setting next_dagrun for 01_hello_world to None, run_after=None
[2026-06-16T15:44:43.483+0000] {processor.py:183} INFO - Processing /opt/airflow/dags/dag_01_hello_world.py took 0.106 seconds
[2026-06-16T15:45:13.574+0000] {processor.py:161} INFO - Started process (PID=16476) to work on /opt/airflow/dags/dag_01_hello_world.py
[2026-06-16T15:45:13.578+0000] {processor.py:830} INFO - Processing file /opt/airflow/dags/dag_01_hello_world.py for tasks to queue
[2026-06-16T15:45:13.581+0000] {logging_mixin.py:188} INFO - [2026-06-16T15:45:13.580+0000] {dagbag.py:545} INFO - Filling up the DagBag from /opt/airflow/dags/dag_01_hello_world.py
[2026-06-16T15:45:13.588+0000] {processor.py:840} INFO - DAG(s) '01_hello_world' retrieved from /opt/airflow/dags/dag_01_hello_world.py
[2026-06-16T15:45:13.629+0000] {logging_mixin.py:188} INFO - [2026-06-16T15:45:13.629+0000] {dag.py:3089} INFO - Sync 1 DAGs
[2026-06-16T15:45:13.644+0000] {logging_mixin.py:188} INFO - [2026-06-16T15:45:13.643+0000] {dag.py:3947} INFO - Setting next_dagrun for 01_hello_world to None, run_after=None
[2026-06-16T15:45:13.669+0000] {processor.py:183} INFO - Processing /opt/airflow/dags/dag_01_hello_world.py took 0.102 seconds
[2026-06-16T15:45:43.706+0000] {processor.py:161} INFO - Started process (PID=16513) to work on /opt/airflow/dags/dag_01_hello_world.py
[2026-06-16T15:45:43.707+0000] {processor.py:830} INFO - Processing file /opt/airflow/dags/dag_01_hello_world.py for tasks to queue
[2026-06-16T15:45:43.709+0000] {logging_mixin.py:188} INFO - [2026-06-16T15:45:43.709+0000] {dagbag.py:545} INFO - Filling up the DagBag from /opt/airflow/dags/dag_01_hello_world.py
[2026-06-16T15:45:43.716+0000] {processor.py:840} INFO - DAG(s) '01_hello_world' retrieved from /opt/airflow/dags/dag_01_hello_world.py
[2026-06-16T15:45:43.752+0000] {logging_mixin.py:188} INFO - [2026-06-16T15:45:43.752+0000] {dag.py:3089} INFO - Sync 1 DAGs
[2026-06-16T15:45:43.765+0000] {logging_mixin.py:188} INFO - [2026-06-16T15:45:43.765+0000] {dag.py:3947} INFO - Setting next_dagrun for 01_hello_world to None, run_after=None
[2026-06-16T15:45:43.789+0000] {processor.py:183} INFO - Processing /opt/airflow/dags/dag_01_hello_world.py took 0.090 seconds
[2026-06-16T15:46:13.885+0000] {processor.py:161} INFO - Started process (PID=16553) to work on /opt/airflow/dags/dag_01_hello_world.py
[2026-06-16T15:46:13.895+0000] {processor.py:830} INFO - Processing file /opt/airflow/dags/dag_01_hello_world.py for tasks to queue
[2026-06-16T15:46:13.898+0000] {logging_mixin.py:188} INFO - [2026-06-16T15:46:13.897+0000] {dagbag.py:545} INFO - Filling up the DagBag from /opt/airflow/dags/dag_01_hello_world.py
[2026-06-16T15:46:13.907+0000] {processor.py:840} INFO - DAG(s) '01_hello_world' retrieved from /opt/airflow/dags/dag_01_hello_world.py
[2026-06-16T15:46:13.947+0000] {logging_mixin.py:188} INFO - [2026-06-16T15:46:13.946+0000] {dag.py:3089} INFO - Sync 1 DAGs
[2026-06-16T15:46:13.961+0000] {logging_mixin.py:188} INFO - [2026-06-16T15:46:13.961+0000] {dag.py:3947} INFO - Setting next_dagrun for 01_hello_world to None, run_after=None
[2026-06-16T15:46:13.985+0000] {processor.py:183} INFO - Processing /opt/airflow/dags/dag_01_hello_world.py took 0.109 seconds
[2026-06-16T15:46:44.052+0000] {processor.py:161} INFO - Started process (PID=16593) to work on /opt/airflow/dags/dag_01_hello_world.py
[2026-06-16T15:46:44.053+0000] {processor.py:830} INFO - Processing file /opt/airflow/dags/dag_01_hello_world.py for tasks to queue
[2026-06-16T15:46:44.055+0000] {logging_mixin.py:188} INFO - [2026-06-16T15:46:44.055+0000] {dagbag.py:545} INFO - Filling up the DagBag from /opt/airflow/dags/dag_01_hello_world.py
[2026-06-16T15:46:44.062+0000] {processor.py:840} INFO - DAG(s) '01_hello_world' retrieved from /opt/airflow/dags/dag_01_hello_world.py
[2026-06-16T15:46:44.101+0000] {logging_mixin.py:188} INFO - [2026-06-16T15:46:44.100+0000] {dag.py:3089} INFO - Sync 1 DAGs
[2026-06-16T15:46:44.115+0000] {logging_mixin.py:188} INFO - [2026-06-16T15:46:44.114+0000] {dag.py:3947} INFO - Setting next_dagrun for 01_hello_world to None, run_after=None
[2026-06-16T15:46:44.140+0000] {processor.py:183} INFO - Processing /opt/airflow/dags/dag_01_hello_world.py took 0.096 seconds
[2026-06-16T15:47:14.198+0000] {processor.py:161} INFO - Started process (PID=16633) to work on /opt/airflow/dags/dag_01_hello_world.py
[2026-06-16T15:47:14.208+0000] {processor.py:830} INFO - Processing file /opt/airflow/dags/dag_01_hello_world.py for tasks to queue
[2026-06-16T15:47:14.210+0000] {logging_mixin.py:188} INFO - [2026-06-16T15:47:14.210+0000] {dagbag.py:545} INFO - Filling up the DagBag from /opt/airflow/dags/dag_01_hello_world.py
[2026-06-16T15:47:14.218+0000] {processor.py:840} INFO - DAG(s) '01_hello_world' retrieved from /opt/airflow/dags/dag_01_hello_world.py
[2026-06-16T15:47:14.261+0000] {logging_mixin.py:188} INFO - [2026-06-16T15:47:14.261+0000] {dag.py:3089} INFO - Sync 1 DAGs
[2026-06-16T15:47:14.275+0000] {logging_mixin.py:188} INFO - [2026-06-16T15:47:14.275+0000] {dag.py:3947} INFO - Setting next_dagrun for 01_hello_world to None, run_after=None
[2026-06-16T15:47:14.303+0000] {processor.py:183} INFO - Processing /opt/airflow/dags/dag_01_hello_world.py took 0.112 seconds
[2026-06-16T15:47:45.152+0000] {processor.py:161} INFO - Started process (PID=16676) to work on /opt/airflow/dags/dag_01_hello_world.py
[2026-06-16T15:47:45.154+0000] {processor.py:830} INFO - Processing file /opt/airflow/dags/dag_01_hello_world.py for tasks to queue
[2026-06-16T15:47:45.156+0000] {logging_mixin.py:188} INFO - [2026-06-16T15:47:45.155+0000] {dagbag.py:545} INFO - Filling up the DagBag from /opt/airflow/dags/dag_01_hello_world.py
[2026-06-16T15:47:45.164+0000] {processor.py:840} INFO - DAG(s) '01_hello_world' retrieved from /opt/airflow/dags/dag_01_hello_world.py
[2026-06-16T15:47:45.203+0000] {logging_mixin.py:188} INFO - [2026-06-16T15:47:45.203+0000] {dag.py:3089} INFO - Sync 1 DAGs
[2026-06-16T15:47:45.219+0000] {logging_mixin.py:188} INFO - [2026-06-16T15:47:45.218+0000] {dag.py:3947} INFO - Setting next_dagrun for 01_hello_world to None, run_after=None
[2026-06-16T15:47:45.243+0000] {processor.py:183} INFO - Processing /opt/airflow/dags/dag_01_hello_world.py took 0.098 seconds
[2026-06-16T15:48:15.357+0000] {processor.py:161} INFO - Started process (PID=16716) to work on /opt/airflow/dags/dag_01_hello_world.py
[2026-06-16T15:48:15.358+0000] {processor.py:830} INFO - Processing file /opt/airflow/dags/dag_01_hello_world.py for tasks to queue
[2026-06-16T15:48:15.361+0000] {logging_mixin.py:188} INFO - [2026-06-16T15:48:15.360+0000] {dagbag.py:545} INFO - Filling up the DagBag from /opt/airflow/dags/dag_01_hello_world.py
[2026-06-16T15:48:15.369+0000] {processor.py:840} INFO - DAG(s) '01_hello_world' retrieved from /opt/airflow/dags/dag_01_hello_world.py
[2026-06-16T15:48:15.413+0000] {logging_mixin.py:188} INFO - [2026-06-16T15:48:15.412+0000] {dag.py:3089} INFO - Sync 1 DAGs
[2026-06-16T15:48:15.430+0000] {logging_mixin.py:188} INFO - [2026-06-16T15:48:15.429+0000] {dag.py:3947} INFO - Setting next_dagrun for 01_hello_world to None, run_after=None
[2026-06-16T15:48:15.463+0000] {processor.py:183} INFO - Processing /opt/airflow/dags/dag_01_hello_world.py took 0.114 seconds
[2026-06-16T15:48:45.513+0000] {processor.py:161} INFO - Started process (PID=16753) to work on /opt/airflow/dags/dag_01_hello_world.py
[2026-06-16T15:48:45.524+0000] {processor.py:830} INFO - Processing file /opt/airflow/dags/dag_01_hello_world.py for tasks to queue
[2026-06-16T15:48:45.526+0000] {logging_mixin.py:188} INFO - [2026-06-16T15:48:45.526+0000] {dagbag.py:545} INFO - Filling up the DagBag from /opt/airflow/dags/dag_01_hello_world.py
[2026-06-16T15:48:45.534+0000] {processor.py:840} INFO - DAG(s) '01_hello_world' retrieved from /opt/airflow/dags/dag_01_hello_world.py
[2026-06-16T15:48:45.574+0000] {logging_mixin.py:188} INFO - [2026-06-16T15:48:45.574+0000] {dag.py:3089} INFO - Sync 1 DAGs
[2026-06-16T15:48:45.588+0000] {logging_mixin.py:188} INFO - [2026-06-16T15:48:45.588+0000] {dag.py:3947} INFO - Setting next_dagrun for 01_hello_world to None, run_after=None
[2026-06-16T15:48:45.614+0000] {processor.py:183} INFO - Processing /opt/airflow/dags/dag_01_hello_world.py took 0.111 seconds
[2026-06-16T15:49:15.670+0000] {processor.py:161} INFO - Started process (PID=16793) to work on /opt/airflow/dags/dag_01_hello_world.py
[2026-06-16T15:49:15.672+0000] {processor.py:830} INFO - Processing file /opt/airflow/dags/dag_01_hello_world.py for tasks to queue
[2026-06-16T15:49:15.674+0000] {logging_mixin.py:188} INFO - [2026-06-16T15:49:15.673+0000] {dagbag.py:545} INFO - Filling up the DagBag from /opt/airflow/dags/dag_01_hello_world.py
[2026-06-16T15:49:15.683+0000] {processor.py:840} INFO - DAG(s) '01_hello_world' retrieved from /opt/airflow/dags/dag_01_hello_world.py
[2026-06-16T15:49:15.720+0000] {logging_mixin.py:188} INFO - [2026-06-16T15:49:15.720+0000] {dag.py:3089} INFO - Sync 1 DAGs
[2026-06-16T15:49:15.735+0000] {logging_mixin.py:188} INFO - [2026-06-16T15:49:15.735+0000] {dag.py:3947} INFO - Setting next_dagrun for 01_hello_world to None, run_after=None
[2026-06-16T15:49:15.761+0000] {processor.py:183} INFO - Processing /opt/airflow/dags/dag_01_hello_world.py took 0.099 seconds
[2026-06-16T15:49:46.718+0000] {processor.py:161} INFO - Started process (PID=16836) to work on /opt/airflow/dags/dag_01_hello_world.py
[2026-06-16T15:49:46.719+0000] {processor.py:830} INFO - Processing file /opt/airflow/dags/dag_01_hello_world.py for tasks to queue
[2026-06-16T15:49:46.722+0000] {logging_mixin.py:188} INFO - [2026-06-16T15:49:46.721+0000] {dagbag.py:545} INFO - Filling up the DagBag from /opt/airflow/dags/dag_01_hello_world.py
[2026-06-16T15:49:46.733+0000] {processor.py:840} INFO - DAG(s) '01_hello_world' retrieved from /opt/airflow/dags/dag_01_hello_world.py
[2026-06-16T15:49:46.773+0000] {logging_mixin.py:188} INFO - [2026-06-16T15:49:46.773+0000] {dag.py:3089} INFO - Sync 1 DAGs
[2026-06-16T15:49:46.791+0000] {logging_mixin.py:188} INFO - [2026-06-16T15:49:46.790+0000] {dag.py:3947} INFO - Setting next_dagrun for 01_hello_world to None, run_after=None
[2026-06-16T15:49:46.820+0000] {processor.py:183} INFO - Processing /opt/airflow/dags/dag_01_hello_world.py took 0.110 seconds
[2026-06-16T15:50:17.686+0000] {processor.py:161} INFO - Started process (PID=16876) to work on /opt/airflow/dags/dag_01_hello_world.py
[2026-06-16T15:50:17.687+0000] {processor.py:830} INFO - Processing file /opt/airflow/dags/dag_01_hello_world.py for tasks to queue
[2026-06-16T15:50:17.689+0000] {logging_mixin.py:188} INFO - [2026-06-16T15:50:17.688+0000] {dagbag.py:545} INFO - Filling up the DagBag from /opt/airflow/dags/dag_01_hello_world.py
[2026-06-16T15:50:17.697+0000] {processor.py:840} INFO - DAG(s) '01_hello_world' retrieved from /opt/airflow/dags/dag_01_hello_world.py
[2026-06-16T15:50:17.741+0000] {logging_mixin.py:188} INFO - [2026-06-16T15:50:17.741+0000] {dag.py:3089} INFO - Sync 1 DAGs
[2026-06-16T15:50:17.760+0000] {logging_mixin.py:188} INFO - [2026-06-16T15:50:17.759+0000] {dag.py:3947} INFO - Setting next_dagrun for 01_hello_world to None, run_after=None
[2026-06-16T15:50:17.785+0000] {processor.py:183} INFO - Processing /opt/airflow/dags/dag_01_hello_world.py took 0.107 seconds
[2026-06-16T15:50:48.602+0000] {processor.py:161} INFO - Started process (PID=16916) to work on /opt/airflow/dags/dag_01_hello_world.py
[2026-06-16T15:50:48.604+0000] {processor.py:830} INFO - Processing file /opt/airflow/dags/dag_01_hello_world.py for tasks to queue
[2026-06-16T15:50:48.606+0000] {logging_mixin.py:188} INFO - [2026-06-16T15:50:48.606+0000] {dagbag.py:545} INFO - Filling up the DagBag from /opt/airflow/dags/dag_01_hello_world.py
[2026-06-16T15:50:48.616+0000] {processor.py:840} INFO - DAG(s) '01_hello_world' retrieved from /opt/airflow/dags/dag_01_hello_world.py
[2026-06-16T15:50:48.660+0000] {logging_mixin.py:188} INFO - [2026-06-16T15:50:48.660+0000] {dag.py:3089} INFO - Sync 1 DAGs
[2026-06-16T15:50:48.679+0000] {logging_mixin.py:188} INFO - [2026-06-16T15:50:48.679+0000] {dag.py:3947} INFO - Setting next_dagrun for 01_hello_world to None, run_after=None
[2026-06-16T15:50:48.706+0000] {processor.py:183} INFO - Processing /opt/airflow/dags/dag_01_hello_world.py took 0.114 seconds
[2026-06-16T15:51:19.560+0000] {processor.py:161} INFO - Started process (PID=16956) to work on /opt/airflow/dags/dag_01_hello_world.py
[2026-06-16T15:51:19.562+0000] {processor.py:830} INFO - Processing file /opt/airflow/dags/dag_01_hello_world.py for tasks to queue
[2026-06-16T15:51:19.564+0000] {logging_mixin.py:188} INFO - [2026-06-16T15:51:19.563+0000] {dagbag.py:545} INFO - Filling up the DagBag from /opt/airflow/dags/dag_01_hello_world.py
[2026-06-16T15:51:19.574+0000] {processor.py:840} INFO - DAG(s) '01_hello_world' retrieved from /opt/airflow/dags/dag_01_hello_world.py
[2026-06-16T15:51:19.617+0000] {logging_mixin.py:188} INFO - [2026-06-16T15:51:19.617+0000] {dag.py:3089} INFO - Sync 1 DAGs
[2026-06-16T15:51:19.635+0000] {logging_mixin.py:188} INFO - [2026-06-16T15:51:19.635+0000] {dag.py:3947} INFO - Setting next_dagrun for 01_hello_world to None, run_after=None
[2026-06-16T15:51:19.660+0000] {processor.py:183} INFO - Processing /opt/airflow/dags/dag_01_hello_world.py took 0.109 seconds
[2026-06-16T15:51:50.618+0000] {processor.py:161} INFO - Started process (PID=16996) to work on /opt/airflow/dags/dag_01_hello_world.py
[2026-06-16T15:51:50.620+0000] {processor.py:830} INFO - Processing file /opt/airflow/dags/dag_01_hello_world.py for tasks to queue
[2026-06-16T15:51:50.624+0000] {logging_mixin.py:188} INFO - [2026-06-16T15:51:50.623+0000] {dagbag.py:545} INFO - Filling up the DagBag from /opt/airflow/dags/dag_01_hello_world.py
[2026-06-16T15:51:50.635+0000] {processor.py:840} INFO - DAG(s) '01_hello_world' retrieved from /opt/airflow/dags/dag_01_hello_world.py
[2026-06-16T15:51:50.692+0000] {logging_mixin.py:188} INFO - [2026-06-16T15:51:50.692+0000] {dag.py:3089} INFO - Sync 1 DAGs
[2026-06-16T15:51:50.712+0000] {logging_mixin.py:188} INFO - [2026-06-16T15:51:50.712+0000] {dag.py:3947} INFO - Setting next_dagrun for 01_hello_world to None, run_after=None
[2026-06-16T15:51:50.737+0000] {processor.py:183} INFO - Processing /opt/airflow/dags/dag_01_hello_world.py took 0.128 seconds
[2026-06-16T15:52:20.779+0000] {processor.py:161} INFO - Started process (PID=17033) to work on /opt/airflow/dags/dag_01_hello_world.py
[2026-06-16T15:52:20.781+0000] {processor.py:830} INFO - Processing file /opt/airflow/dags/dag_01_hello_world.py for tasks to queue
[2026-06-16T15:52:20.783+0000] {logging_mixin.py:188} INFO - [2026-06-16T15:52:20.783+0000] {dagbag.py:545} INFO - Filling up the DagBag from /opt/airflow/dags/dag_01_hello_world.py
[2026-06-16T15:52:20.791+0000] {processor.py:840} INFO - DAG(s) '01_hello_world' retrieved from /opt/airflow/dags/dag_01_hello_world.py
[2026-06-16T15:52:20.827+0000] {logging_mixin.py:188} INFO - [2026-06-16T15:52:20.826+0000] {dag.py:3089} INFO - Sync 1 DAGs
[2026-06-16T15:52:20.840+0000] {logging_mixin.py:188} INFO - [2026-06-16T15:52:20.839+0000] {dag.py:3947} INFO - Setting next_dagrun for 01_hello_world to None, run_after=None
[2026-06-16T15:52:20.867+0000] {processor.py:183} INFO - Processing /opt/airflow/dags/dag_01_hello_world.py took 0.094 seconds
[2026-06-16T15:52:50.956+0000] {processor.py:161} INFO - Started process (PID=17073) to work on /opt/airflow/dags/dag_01_hello_world.py
[2026-06-16T15:52:50.966+0000] {processor.py:830} INFO - Processing file /opt/airflow/dags/dag_01_hello_world.py for tasks to queue
[2026-06-16T15:52:50.968+0000] {logging_mixin.py:188} INFO - [2026-06-16T15:52:50.968+0000] {dagbag.py:545} INFO - Filling up the DagBag from /opt/airflow/dags/dag_01_hello_world.py
[2026-06-16T15:52:50.975+0000] {processor.py:840} INFO - DAG(s) '01_hello_world' retrieved from /opt/airflow/dags/dag_01_hello_world.py
[2026-06-16T15:52:51.011+0000] {logging_mixin.py:188} INFO - [2026-06-16T15:52:51.011+0000] {dag.py:3089} INFO - Sync 1 DAGs
[2026-06-16T15:52:51.025+0000] {logging_mixin.py:188} INFO - [2026-06-16T15:52:51.024+0000] {dag.py:3947} INFO - Setting next_dagrun for 01_hello_world to None, run_after=None
[2026-06-16T15:52:51.049+0000] {processor.py:183} INFO - Processing /opt/airflow/dags/dag_01_hello_world.py took 0.100 seconds
[2026-06-16T15:53:21.165+0000] {processor.py:161} INFO - Started process (PID=17113) to work on /opt/airflow/dags/dag_01_hello_world.py
[2026-06-16T15:53:21.168+0000] {processor.py:830} INFO - Processing file /opt/airflow/dags/dag_01_hello_world.py for tasks to queue
[2026-06-16T15:53:21.171+0000] {logging_mixin.py:188} INFO - [2026-06-16T15:53:21.170+0000] {dagbag.py:545} INFO - Filling up the DagBag from /opt/airflow/dags/dag_01_hello_world.py
[2026-06-16T15:53:21.178+0000] {processor.py:840} INFO - DAG(s) '01_hello_world' retrieved from /opt/airflow/dags/dag_01_hello_world.py
[2026-06-16T15:53:21.214+0000] {logging_mixin.py:188} INFO - [2026-06-16T15:53:21.214+0000] {dag.py:3089} INFO - Sync 1 DAGs
[2026-06-16T15:53:21.227+0000] {logging_mixin.py:188} INFO - [2026-06-16T15:53:21.227+0000] {dag.py:3947} INFO - Setting next_dagrun for 01_hello_world to None, run_after=None
[2026-06-16T15:53:21.252+0000] {processor.py:183} INFO - Processing /opt/airflow/dags/dag_01_hello_world.py took 0.094 seconds
[2026-06-16T15:53:51.337+0000] {processor.py:161} INFO - Started process (PID=17153) to work on /opt/airflow/dags/dag_01_hello_world.py
[2026-06-16T15:53:51.339+0000] {processor.py:830} INFO - Processing file /opt/airflow/dags/dag_01_hello_world.py for tasks to queue
[2026-06-16T15:53:51.341+0000] {logging_mixin.py:188} INFO - [2026-06-16T15:53:51.341+0000] {dagbag.py:545} INFO - Filling up the DagBag from /opt/airflow/dags/dag_01_hello_world.py
[2026-06-16T15:53:51.349+0000] {processor.py:840} INFO - DAG(s) '01_hello_world' retrieved from /opt/airflow/dags/dag_01_hello_world.py
[2026-06-16T15:53:51.388+0000] {logging_mixin.py:188} INFO - [2026-06-16T15:53:51.388+0000] {dag.py:3089} INFO - Sync 1 DAGs
[2026-06-16T15:53:51.403+0000] {logging_mixin.py:188} INFO - [2026-06-16T15:53:51.402+0000] {dag.py:3947} INFO - Setting next_dagrun for 01_hello_world to None, run_after=None
[2026-06-16T15:53:51.431+0000] {processor.py:183} INFO - Processing /opt/airflow/dags/dag_01_hello_world.py took 0.102 seconds
[2026-06-16T15:54:21.517+0000] {processor.py:161} INFO - Started process (PID=17193) to work on /opt/airflow/dags/dag_01_hello_world.py
[2026-06-16T15:54:21.519+0000] {processor.py:830} INFO - Processing file /opt/airflow/dags/dag_01_hello_world.py for tasks to queue
[2026-06-16T15:54:21.522+0000] {logging_mixin.py:188} INFO - [2026-06-16T15:54:21.521+0000] {dagbag.py:545} INFO - Filling up the DagBag from /opt/airflow/dags/dag_01_hello_world.py
[2026-06-16T15:54:21.535+0000] {processor.py:840} INFO - DAG(s) '01_hello_world' retrieved from /opt/airflow/dags/dag_01_hello_world.py
[2026-06-16T15:54:21.580+0000] {logging_mixin.py:188} INFO - [2026-06-16T15:54:21.580+0000] {dag.py:3089} INFO - Sync 1 DAGs
[2026-06-16T15:54:21.599+0000] {logging_mixin.py:188} INFO - [2026-06-16T15:54:21.599+0000] {dag.py:3947} INFO - Setting next_dagrun for 01_hello_world to None, run_after=None
[2026-06-16T15:54:21.627+0000] {processor.py:183} INFO - Processing /opt/airflow/dags/dag_01_hello_world.py took 0.122 seconds
[2026-06-16T15:54:51.806+0000] {processor.py:161} INFO - Started process (PID=17236) to work on /opt/airflow/dags/dag_01_hello_world.py
[2026-06-16T15:54:51.808+0000] {processor.py:830} INFO - Processing file /opt/airflow/dags/dag_01_hello_world.py for tasks to queue
[2026-06-16T15:54:51.810+0000] {logging_mixin.py:188} INFO - [2026-06-16T15:54:51.810+0000] {dagbag.py:545} INFO - Filling up the DagBag from /opt/airflow/dags/dag_01_hello_world.py
[2026-06-16T15:54:51.820+0000] {processor.py:840} INFO - DAG(s) '01_hello_world' retrieved from /opt/airflow/dags/dag_01_hello_world.py
[2026-06-16T15:54:51.862+0000] {logging_mixin.py:188} INFO - [2026-06-16T15:54:51.862+0000] {dag.py:3089} INFO - Sync 1 DAGs
[2026-06-16T15:54:51.880+0000] {logging_mixin.py:188} INFO - [2026-06-16T15:54:51.879+0000] {dag.py:3947} INFO - Setting next_dagrun for 01_hello_world to None, run_after=None
[2026-06-16T15:54:51.904+0000] {processor.py:183} INFO - Processing /opt/airflow/dags/dag_01_hello_world.py took 0.108 seconds
[2026-06-16T15:55:22.686+0000] {processor.py:161} INFO - Started process (PID=17276) to work on /opt/airflow/dags/dag_01_hello_world.py
[2026-06-16T15:55:22.687+0000] {processor.py:830} INFO - Processing file /opt/airflow/dags/dag_01_hello_world.py for tasks to queue
[2026-06-16T15:55:22.689+0000] {logging_mixin.py:188} INFO - [2026-06-16T15:55:22.688+0000] {dagbag.py:545} INFO - Filling up the DagBag from /opt/airflow/dags/dag_01_hello_world.py
[2026-06-16T15:55:22.697+0000] {processor.py:840} INFO - DAG(s) '01_hello_world' retrieved from /opt/airflow/dags/dag_01_hello_world.py
[2026-06-16T15:55:22.736+0000] {logging_mixin.py:188} INFO - [2026-06-16T15:55:22.736+0000] {dag.py:3089} INFO - Sync 1 DAGs
[2026-06-16T15:55:22.751+0000] {logging_mixin.py:188} INFO - [2026-06-16T15:55:22.751+0000] {dag.py:3947} INFO - Setting next_dagrun for 01_hello_world to None, run_after=None
[2026-06-16T15:55:22.778+0000] {processor.py:183} INFO - Processing /opt/airflow/dags/dag_01_hello_world.py took 0.100 seconds
[2026-06-16T15:55:52.900+0000] {processor.py:161} INFO - Started process (PID=17316) to work on /opt/airflow/dags/dag_01_hello_world.py
[2026-06-16T15:55:52.902+0000] {processor.py:830} INFO - Processing file /opt/airflow/dags/dag_01_hello_world.py for tasks to queue
[2026-06-16T15:55:52.904+0000] {logging_mixin.py:188} INFO - [2026-06-16T15:55:52.904+0000] {dagbag.py:545} INFO - Filling up the DagBag from /opt/airflow/dags/dag_01_hello_world.py
[2026-06-16T15:55:52.914+0000] {processor.py:840} INFO - DAG(s) '01_hello_world' retrieved from /opt/airflow/dags/dag_01_hello_world.py
[2026-06-16T15:55:52.957+0000] {logging_mixin.py:188} INFO - [2026-06-16T15:55:52.957+0000] {dag.py:3089} INFO - Sync 1 DAGs
[2026-06-16T15:55:52.975+0000] {logging_mixin.py:188} INFO - [2026-06-16T15:55:52.975+0000] {dag.py:3947} INFO - Setting next_dagrun for 01_hello_world to None, run_after=None
[2026-06-16T15:55:53.000+0000] {processor.py:183} INFO - Processing /opt/airflow/dags/dag_01_hello_world.py took 0.110 seconds
[2026-06-16T15:56:23.091+0000] {processor.py:161} INFO - Started process (PID=17356) to work on /opt/airflow/dags/dag_01_hello_world.py
[2026-06-16T15:56:23.092+0000] {processor.py:830} INFO - Processing file /opt/airflow/dags/dag_01_hello_world.py for tasks to queue
[2026-06-16T15:56:23.094+0000] {logging_mixin.py:188} INFO - [2026-06-16T15:56:23.093+0000] {dagbag.py:545} INFO - Filling up the DagBag from /opt/airflow/dags/dag_01_hello_world.py
[2026-06-16T15:56:23.102+0000] {processor.py:840} INFO - DAG(s) '01_hello_world' retrieved from /opt/airflow/dags/dag_01_hello_world.py
[2026-06-16T15:56:23.142+0000] {logging_mixin.py:188} INFO - [2026-06-16T15:56:23.142+0000] {dag.py:3089} INFO - Sync 1 DAGs
[2026-06-16T15:56:23.157+0000] {logging_mixin.py:188} INFO - [2026-06-16T15:56:23.157+0000] {dag.py:3947} INFO - Setting next_dagrun for 01_hello_world to None, run_after=None
[2026-06-16T15:56:23.183+0000] {processor.py:183} INFO - Processing /opt/airflow/dags/dag_01_hello_world.py took 0.100 seconds
[2026-06-16T15:56:53.258+0000] {processor.py:161} INFO - Started process (PID=17396) to work on /opt/airflow/dags/dag_01_hello_world.py
[2026-06-16T15:56:53.259+0000] {processor.py:830} INFO - Processing file /opt/airflow/dags/dag_01_hello_world.py for tasks to queue
[2026-06-16T15:56:53.261+0000] {logging_mixin.py:188} INFO - [2026-06-16T15:56:53.261+0000] {dagbag.py:545} INFO - Filling up the DagBag from /opt/airflow/dags/dag_01_hello_world.py
[2026-06-16T15:56:53.271+0000] {processor.py:840} INFO - DAG(s) '01_hello_world' retrieved from /opt/airflow/dags/dag_01_hello_world.py
[2026-06-16T15:56:53.316+0000] {logging_mixin.py:188} INFO - [2026-06-16T15:56:53.315+0000] {dag.py:3089} INFO - Sync 1 DAGs
[2026-06-16T15:56:53.335+0000] {logging_mixin.py:188} INFO - [2026-06-16T15:56:53.334+0000] {dag.py:3947} INFO - Setting next_dagrun for 01_hello_world to None, run_after=None
[2026-06-16T15:56:53.360+0000] {processor.py:183} INFO - Processing /opt/airflow/dags/dag_01_hello_world.py took 0.112 seconds
[2026-06-16T15:57:23.446+0000] {processor.py:161} INFO - Started process (PID=17436) to work on /opt/airflow/dags/dag_01_hello_world.py
[2026-06-16T15:57:23.447+0000] {processor.py:830} INFO - Processing file /opt/airflow/dags/dag_01_hello_world.py for tasks to queue
[2026-06-16T15:57:23.452+0000] {logging_mixin.py:188} INFO - [2026-06-16T15:57:23.451+0000] {dagbag.py:545} INFO - Filling up the DagBag from /opt/airflow/dags/dag_01_hello_world.py
[2026-06-16T15:57:23.465+0000] {processor.py:840} INFO - DAG(s) '01_hello_world' retrieved from /opt/airflow/dags/dag_01_hello_world.py
[2026-06-16T15:57:23.514+0000] {logging_mixin.py:188} INFO - [2026-06-16T15:57:23.514+0000] {dag.py:3089} INFO - Sync 1 DAGs
[2026-06-16T15:57:23.540+0000] {logging_mixin.py:188} INFO - [2026-06-16T15:57:23.540+0000] {dag.py:3947} INFO - Setting next_dagrun for 01_hello_world to None, run_after=None
[2026-06-16T15:57:23.567+0000] {processor.py:183} INFO - Processing /opt/airflow/dags/dag_01_hello_world.py took 0.133 seconds
[2026-06-16T15:57:54.505+0000] {processor.py:161} INFO - Started process (PID=17476) to work on /opt/airflow/dags/dag_01_hello_world.py
[2026-06-16T15:57:54.506+0000] {processor.py:830} INFO - Processing file /opt/airflow/dags/dag_01_hello_world.py for tasks to queue
[2026-06-16T15:57:54.509+0000] {logging_mixin.py:188} INFO - [2026-06-16T15:57:54.508+0000] {dagbag.py:545} INFO - Filling up the DagBag from /opt/airflow/dags/dag_01_hello_world.py
[2026-06-16T15:57:54.520+0000] {processor.py:840} INFO - DAG(s) '01_hello_world' retrieved from /opt/airflow/dags/dag_01_hello_world.py
[2026-06-16T15:57:54.561+0000] {logging_mixin.py:188} INFO - [2026-06-16T15:57:54.561+0000] {dag.py:3089} INFO - Sync 1 DAGs
[2026-06-16T15:57:54.578+0000] {logging_mixin.py:188} INFO - [2026-06-16T15:57:54.578+0000] {dag.py:3947} INFO - Setting next_dagrun for 01_hello_world to None, run_after=None
[2026-06-16T15:57:54.604+0000] {processor.py:183} INFO - Processing /opt/airflow/dags/dag_01_hello_world.py took 0.107 seconds
[2026-06-16T15:58:24.725+0000] {processor.py:161} INFO - Started process (PID=17516) to work on /opt/airflow/dags/dag_01_hello_world.py
[2026-06-16T15:58:24.726+0000] {processor.py:830} INFO - Processing file /opt/airflow/dags/dag_01_hello_world.py for tasks to queue
[2026-06-16T15:58:24.728+0000] {logging_mixin.py:188} INFO - [2026-06-16T15:58:24.728+0000] {dagbag.py:545} INFO - Filling up the DagBag from /opt/airflow/dags/dag_01_hello_world.py
[2026-06-16T15:58:24.737+0000] {processor.py:840} INFO - DAG(s) '01_hello_world' retrieved from /opt/airflow/dags/dag_01_hello_world.py
[2026-06-16T15:58:24.778+0000] {logging_mixin.py:188} INFO - [2026-06-16T15:58:24.778+0000] {dag.py:3089} INFO - Sync 1 DAGs
[2026-06-16T15:58:24.794+0000] {logging_mixin.py:188} INFO - [2026-06-16T15:58:24.794+0000] {dag.py:3947} INFO - Setting next_dagrun for 01_hello_world to None, run_after=None
[2026-06-16T15:58:24.820+0000] {processor.py:183} INFO - Processing /opt/airflow/dags/dag_01_hello_world.py took 0.102 seconds
[2026-06-16T15:58:54.941+0000] {processor.py:161} INFO - Started process (PID=17556) to work on /opt/airflow/dags/dag_01_hello_world.py
[2026-06-16T15:58:54.943+0000] {processor.py:830} INFO - Processing file /opt/airflow/dags/dag_01_hello_world.py for tasks to queue
[2026-06-16T15:58:54.945+0000] {logging_mixin.py:188} INFO - [2026-06-16T15:58:54.945+0000] {dagbag.py:545} INFO - Filling up the DagBag from /opt/airflow/dags/dag_01_hello_world.py
[2026-06-16T15:58:54.957+0000] {processor.py:840} INFO - DAG(s) '01_hello_world' retrieved from /opt/airflow/dags/dag_01_hello_world.py
[2026-06-16T15:58:54.999+0000] {logging_mixin.py:188} INFO - [2026-06-16T15:58:54.999+0000] {dag.py:3089} INFO - Sync 1 DAGs
[2026-06-16T15:58:55.017+0000] {logging_mixin.py:188} INFO - [2026-06-16T15:58:55.017+0000] {dag.py:3947} INFO - Setting next_dagrun for 01_hello_world to None, run_after=None
[2026-06-16T15:58:55.046+0000] {processor.py:183} INFO - Processing /opt/airflow/dags/dag_01_hello_world.py took 0.114 seconds
[2026-06-16T15:59:25.150+0000] {processor.py:161} INFO - Started process (PID=17596) to work on /opt/airflow/dags/dag_01_hello_world.py
[2026-06-16T15:59:25.151+0000] {processor.py:830} INFO - Processing file /opt/airflow/dags/dag_01_hello_world.py for tasks to queue
[2026-06-16T15:59:25.153+0000] {logging_mixin.py:188} INFO - [2026-06-16T15:59:25.152+0000] {dagbag.py:545} INFO - Filling up the DagBag from /opt/airflow/dags/dag_01_hello_world.py
[2026-06-16T15:59:25.160+0000] {processor.py:840} INFO - DAG(s) '01_hello_world' retrieved from /opt/airflow/dags/dag_01_hello_world.py
[2026-06-16T15:59:25.210+0000] {logging_mixin.py:188} INFO - [2026-06-16T15:59:25.210+0000] {dag.py:3089} INFO - Sync 1 DAGs
[2026-06-16T15:59:25.228+0000] {logging_mixin.py:188} INFO - [2026-06-16T15:59:25.228+0000] {dag.py:3947} INFO - Setting next_dagrun for 01_hello_world to None, run_after=None
[2026-06-16T15:59:25.256+0000] {processor.py:183} INFO - Processing /opt/airflow/dags/dag_01_hello_world.py took 0.114 seconds
[2026-06-16T15:59:55.373+0000] {processor.py:161} INFO - Started process (PID=17636) to work on /opt/airflow/dags/dag_01_hello_world.py
[2026-06-16T15:59:55.375+0000] {processor.py:830} INFO - Processing file /opt/airflow/dags/dag_01_hello_world.py for tasks to queue
[2026-06-16T15:59:55.377+0000] {logging_mixin.py:188} INFO - [2026-06-16T15:59:55.377+0000] {dagbag.py:545} INFO - Filling up the DagBag from /opt/airflow/dags/dag_01_hello_world.py
[2026-06-16T15:59:55.388+0000] {processor.py:840} INFO - DAG(s) '01_hello_world' retrieved from /opt/airflow/dags/dag_01_hello_world.py
[2026-06-16T15:59:55.437+0000] {logging_mixin.py:188} INFO - [2026-06-16T15:59:55.436+0000] {dag.py:3089} INFO - Sync 1 DAGs
[2026-06-16T15:59:55.459+0000] {logging_mixin.py:188} INFO - [2026-06-16T15:59:55.459+0000] {dag.py:3947} INFO - Setting next_dagrun for 01_hello_world to None, run_after=None
[2026-06-16T15:59:55.488+0000] {processor.py:183} INFO - Processing /opt/airflow/dags/dag_01_hello_world.py took 0.123 seconds
[2026-06-16T16:00:25.578+0000] {processor.py:161} INFO - Started process (PID=17676) to work on /opt/airflow/dags/dag_01_hello_world.py
[2026-06-16T16:00:25.579+0000] {processor.py:830} INFO - Processing file /opt/airflow/dags/dag_01_hello_world.py for tasks to queue
[2026-06-16T16:00:25.581+0000] {logging_mixin.py:188} INFO - [2026-06-16T16:00:25.581+0000] {dagbag.py:545} INFO - Filling up the DagBag from /opt/airflow/dags/dag_01_hello_world.py
[2026-06-16T16:00:25.591+0000] {processor.py:840} INFO - DAG(s) '01_hello_world' retrieved from /opt/airflow/dags/dag_01_hello_world.py
[2026-06-16T16:00:25.633+0000] {logging_mixin.py:188} INFO - [2026-06-16T16:00:25.632+0000] {dag.py:3089} INFO - Sync 1 DAGs
[2026-06-16T16:00:25.650+0000] {logging_mixin.py:188} INFO - [2026-06-16T16:00:25.650+0000] {dag.py:3947} INFO - Setting next_dagrun for 01_hello_world to None, run_after=None
[2026-06-16T16:00:25.675+0000] {processor.py:183} INFO - Processing /opt/airflow/dags/dag_01_hello_world.py took 0.106 seconds
[2026-06-16T16:00:55.734+0000] {processor.py:161} INFO - Started process (PID=17716) to work on /opt/airflow/dags/dag_01_hello_world.py
[2026-06-16T16:00:55.735+0000] {processor.py:830} INFO - Processing file /opt/airflow/dags/dag_01_hello_world.py for tasks to queue
[2026-06-16T16:00:55.737+0000] {logging_mixin.py:188} INFO - [2026-06-16T16:00:55.737+0000] {dagbag.py:545} INFO - Filling up the DagBag from /opt/airflow/dags/dag_01_hello_world.py
[2026-06-16T16:00:55.746+0000] {processor.py:840} INFO - DAG(s) '01_hello_world' retrieved from /opt/airflow/dags/dag_01_hello_world.py
[2026-06-16T16:00:55.785+0000] {logging_mixin.py:188} INFO - [2026-06-16T16:00:55.785+0000] {dag.py:3089} INFO - Sync 1 DAGs
[2026-06-16T16:00:55.799+0000] {logging_mixin.py:188} INFO - [2026-06-16T16:00:55.799+0000] {dag.py:3947} INFO - Setting next_dagrun for 01_hello_world to None, run_after=None
[2026-06-16T16:00:55.823+0000] {processor.py:183} INFO - Processing /opt/airflow/dags/dag_01_hello_world.py took 0.097 seconds
[2026-06-16T16:01:25.902+0000] {processor.py:161} INFO - Started process (PID=17756) to work on /opt/airflow/dags/dag_01_hello_world.py
[2026-06-16T16:01:25.903+0000] {processor.py:830} INFO - Processing file /opt/airflow/dags/dag_01_hello_world.py for tasks to queue
[2026-06-16T16:01:25.905+0000] {logging_mixin.py:188} INFO - [2026-06-16T16:01:25.904+0000] {dagbag.py:545} INFO - Filling up the DagBag from /opt/airflow/dags/dag_01_hello_world.py
[2026-06-16T16:01:25.913+0000] {processor.py:840} INFO - DAG(s) '01_hello_world' retrieved from /opt/airflow/dags/dag_01_hello_world.py
[2026-06-16T16:01:25.952+0000] {logging_mixin.py:188} INFO - [2026-06-16T16:01:25.951+0000] {dag.py:3089} INFO - Sync 1 DAGs
[2026-06-16T16:01:25.966+0000] {logging_mixin.py:188} INFO - [2026-06-16T16:01:25.966+0000] {dag.py:3947} INFO - Setting next_dagrun for 01_hello_world to None, run_after=None
[2026-06-16T16:01:25.992+0000] {processor.py:183} INFO - Processing /opt/airflow/dags/dag_01_hello_world.py took 0.098 seconds
[2026-06-16T16:01:56.086+0000] {processor.py:161} INFO - Started process (PID=17796) to work on /opt/airflow/dags/dag_01_hello_world.py
[2026-06-16T16:01:56.088+0000] {processor.py:830} INFO - Processing file /opt/airflow/dags/dag_01_hello_world.py for tasks to queue
[2026-06-16T16:01:56.090+0000] {logging_mixin.py:188} INFO - [2026-06-16T16:01:56.090+0000] {dagbag.py:545} INFO - Filling up the DagBag from /opt/airflow/dags/dag_01_hello_world.py
[2026-06-16T16:01:56.103+0000] {processor.py:840} INFO - DAG(s) '01_hello_world' retrieved from /opt/airflow/dags/dag_01_hello_world.py
[2026-06-16T16:01:56.156+0000] {logging_mixin.py:188} INFO - [2026-06-16T16:01:56.155+0000] {dag.py:3089} INFO - Sync 1 DAGs
[2026-06-16T16:01:56.180+0000] {logging_mixin.py:188} INFO - [2026-06-16T16:01:56.180+0000] {dag.py:3947} INFO - Setting next_dagrun for 01_hello_world to None, run_after=None
[2026-06-16T16:01:56.215+0000] {processor.py:183} INFO - Processing /opt/airflow/dags/dag_01_hello_world.py took 0.138 seconds
[2026-06-16T16:02:26.255+0000] {processor.py:161} INFO - Started process (PID=17833) to work on /opt/airflow/dags/dag_01_hello_world.py
[2026-06-16T16:02:26.256+0000] {processor.py:830} INFO - Processing file /opt/airflow/dags/dag_01_hello_world.py for tasks to queue
[2026-06-16T16:02:26.258+0000] {logging_mixin.py:188} INFO - [2026-06-16T16:02:26.258+0000] {dagbag.py:545} INFO - Filling up the DagBag from /opt/airflow/dags/dag_01_hello_world.py
[2026-06-16T16:02:26.267+0000] {processor.py:840} INFO - DAG(s) '01_hello_world' retrieved from /opt/airflow/dags/dag_01_hello_world.py
[2026-06-16T16:02:26.309+0000] {logging_mixin.py:188} INFO - [2026-06-16T16:02:26.309+0000] {dag.py:3089} INFO - Sync 1 DAGs
[2026-06-16T16:02:26.323+0000] {logging_mixin.py:188} INFO - [2026-06-16T16:02:26.323+0000] {dag.py:3947} INFO - Setting next_dagrun for 01_hello_world to None, run_after=None
[2026-06-16T16:02:26.348+0000] {processor.py:183} INFO - Processing /opt/airflow/dags/dag_01_hello_world.py took 0.100 seconds
[2026-06-16T16:02:56.391+0000] {processor.py:161} INFO - Started process (PID=17873) to work on /opt/airflow/dags/dag_01_hello_world.py
[2026-06-16T16:02:56.401+0000] {processor.py:830} INFO - Processing file /opt/airflow/dags/dag_01_hello_world.py for tasks to queue
[2026-06-16T16:02:56.403+0000] {logging_mixin.py:188} INFO - [2026-06-16T16:02:56.403+0000] {dagbag.py:545} INFO - Filling up the DagBag from /opt/airflow/dags/dag_01_hello_world.py
[2026-06-16T16:02:56.410+0000] {processor.py:840} INFO - DAG(s) '01_hello_world' retrieved from /opt/airflow/dags/dag_01_hello_world.py
[2026-06-16T16:02:56.447+0000] {logging_mixin.py:188} INFO - [2026-06-16T16:02:56.447+0000] {dag.py:3089} INFO - Sync 1 DAGs
[2026-06-16T16:02:56.460+0000] {logging_mixin.py:188} INFO - [2026-06-16T16:02:56.460+0000] {dag.py:3947} INFO - Setting next_dagrun for 01_hello_world to None, run_after=None
[2026-06-16T16:02:56.485+0000] {processor.py:183} INFO - Processing /opt/airflow/dags/dag_01_hello_world.py took 0.101 seconds
[2026-06-16T16:03:27.451+0000] {processor.py:161} INFO - Started process (PID=17916) to work on /opt/airflow/dags/dag_01_hello_world.py
[2026-06-16T16:03:27.453+0000] {processor.py:830} INFO - Processing file /opt/airflow/dags/dag_01_hello_world.py for tasks to queue
[2026-06-16T16:03:27.456+0000] {logging_mixin.py:188} INFO - [2026-06-16T16:03:27.455+0000] {dagbag.py:545} INFO - Filling up the DagBag from /opt/airflow/dags/dag_01_hello_world.py
[2026-06-16T16:03:27.465+0000] {processor.py:840} INFO - DAG(s) '01_hello_world' retrieved from /opt/airflow/dags/dag_01_hello_world.py
[2026-06-16T16:03:27.509+0000] {logging_mixin.py:188} INFO - [2026-06-16T16:03:27.508+0000] {dag.py:3089} INFO - Sync 1 DAGs
[2026-06-16T16:03:27.527+0000] {logging_mixin.py:188} INFO - [2026-06-16T16:03:27.527+0000] {dag.py:3947} INFO - Setting next_dagrun for 01_hello_world to None, run_after=None
[2026-06-16T16:03:27.553+0000] {processor.py:183} INFO - Processing /opt/airflow/dags/dag_01_hello_world.py took 0.111 seconds
[2026-06-16T16:03:58.433+0000] {processor.py:161} INFO - Started process (PID=17956) to work on /opt/airflow/dags/dag_01_hello_world.py
[2026-06-16T16:03:58.434+0000] {processor.py:830} INFO - Processing file /opt/airflow/dags/dag_01_hello_world.py for tasks to queue
[2026-06-16T16:03:58.437+0000] {logging_mixin.py:188} INFO - [2026-06-16T16:03:58.436+0000] {dagbag.py:545} INFO - Filling up the DagBag from /opt/airflow/dags/dag_01_hello_world.py
[2026-06-16T16:03:58.448+0000] {processor.py:840} INFO - DAG(s) '01_hello_world' retrieved from /opt/airflow/dags/dag_01_hello_world.py
[2026-06-16T16:03:58.491+0000] {logging_mixin.py:188} INFO - [2026-06-16T16:03:58.491+0000] {dag.py:3089} INFO - Sync 1 DAGs
[2026-06-16T16:03:58.509+0000] {logging_mixin.py:188} INFO - [2026-06-16T16:03:58.509+0000] {dag.py:3947} INFO - Setting next_dagrun for 01_hello_world to None, run_after=None
[2026-06-16T16:03:58.534+0000] {processor.py:183} INFO - Processing /opt/airflow/dags/dag_01_hello_world.py took 0.111 seconds
[2026-06-16T16:04:29.439+0000] {processor.py:161} INFO - Started process (PID=17996) to work on /opt/airflow/dags/dag_01_hello_world.py
[2026-06-16T16:04:29.440+0000] {processor.py:830} INFO - Processing file /opt/airflow/dags/dag_01_hello_world.py for tasks to queue
[2026-06-16T16:04:29.442+0000] {logging_mixin.py:188} INFO - [2026-06-16T16:04:29.442+0000] {dagbag.py:545} INFO - Filling up the DagBag from /opt/airflow/dags/dag_01_hello_world.py
[2026-06-16T16:04:29.451+0000] {processor.py:840} INFO - DAG(s) '01_hello_world' retrieved from /opt/airflow/dags/dag_01_hello_world.py
[2026-06-16T16:04:29.490+0000] {logging_mixin.py:188} INFO - [2026-06-16T16:04:29.490+0000] {dag.py:3089} INFO - Sync 1 DAGs
[2026-06-16T16:04:29.504+0000] {logging_mixin.py:188} INFO - [2026-06-16T16:04:29.504+0000] {dag.py:3947} INFO - Setting next_dagrun for 01_hello_world to None, run_after=None
[2026-06-16T16:04:29.531+0000] {processor.py:183} INFO - Processing /opt/airflow/dags/dag_01_hello_world.py took 0.101 seconds
[2026-06-16T16:05:00.386+0000] {processor.py:161} INFO - Started process (PID=18036) to work on /opt/airflow/dags/dag_01_hello_world.py
[2026-06-16T16:05:00.387+0000] {processor.py:830} INFO - Processing file /opt/airflow/dags/dag_01_hello_world.py for tasks to queue
[2026-06-16T16:05:00.389+0000] {logging_mixin.py:188} INFO - [2026-06-16T16:05:00.389+0000] {dagbag.py:545} INFO - Filling up the DagBag from /opt/airflow/dags/dag_01_hello_world.py
[2026-06-16T16:05:00.398+0000] {processor.py:840} INFO - DAG(s) '01_hello_world' retrieved from /opt/airflow/dags/dag_01_hello_world.py
[2026-06-16T16:05:00.438+0000] {logging_mixin.py:188} INFO - [2026-06-16T16:05:00.438+0000] {dag.py:3089} INFO - Sync 1 DAGs
[2026-06-16T16:05:00.452+0000] {logging_mixin.py:188} INFO - [2026-06-16T16:05:00.452+0000] {dag.py:3947} INFO - Setting next_dagrun for 01_hello_world to None, run_after=None
[2026-06-16T16:05:00.479+0000] {processor.py:183} INFO - Processing /opt/airflow/dags/dag_01_hello_world.py took 0.101 seconds
[2026-06-16T16:05:30.549+0000] {processor.py:161} INFO - Started process (PID=18076) to work on /opt/airflow/dags/dag_01_hello_world.py
[2026-06-16T16:05:30.551+0000] {processor.py:830} INFO - Processing file /opt/airflow/dags/dag_01_hello_world.py for tasks to queue
[2026-06-16T16:05:30.554+0000] {logging_mixin.py:188} INFO - [2026-06-16T16:05:30.553+0000] {dagbag.py:545} INFO - Filling up the DagBag from /opt/airflow/dags/dag_01_hello_world.py
[2026-06-16T16:05:30.568+0000] {processor.py:840} INFO - DAG(s) '01_hello_world' retrieved from /opt/airflow/dags/dag_01_hello_world.py
[2026-06-16T16:05:30.623+0000] {logging_mixin.py:188} INFO - [2026-06-16T16:05:30.623+0000] {dag.py:3089} INFO - Sync 1 DAGs
[2026-06-16T16:05:30.643+0000] {logging_mixin.py:188} INFO - [2026-06-16T16:05:30.643+0000] {dag.py:3947} INFO - Setting next_dagrun for 01_hello_world to None, run_after=None
[2026-06-16T16:05:30.671+0000] {processor.py:183} INFO - Processing /opt/airflow/dags/dag_01_hello_world.py took 0.132 seconds
[2026-06-16T16:06:00.735+0000] {processor.py:161} INFO - Started process (PID=18116) to work on /opt/airflow/dags/dag_01_hello_world.py
[2026-06-16T16:06:00.737+0000] {processor.py:830} INFO - Processing file /opt/airflow/dags/dag_01_hello_world.py for tasks to queue
[2026-06-16T16:06:00.739+0000] {logging_mixin.py:188} INFO - [2026-06-16T16:06:00.739+0000] {dagbag.py:545} INFO - Filling up the DagBag from /opt/airflow/dags/dag_01_hello_world.py
[2026-06-16T16:06:00.748+0000] {processor.py:840} INFO - DAG(s) '01_hello_world' retrieved from /opt/airflow/dags/dag_01_hello_world.py
[2026-06-16T16:06:00.791+0000] {logging_mixin.py:188} INFO - [2026-06-16T16:06:00.791+0000] {dag.py:3089} INFO - Sync 1 DAGs
[2026-06-16T16:06:00.808+0000] {logging_mixin.py:188} INFO - [2026-06-16T16:06:00.807+0000] {dag.py:3947} INFO - Setting next_dagrun for 01_hello_world to None, run_after=None
[2026-06-16T16:06:00.836+0000] {processor.py:183} INFO - Processing /opt/airflow/dags/dag_01_hello_world.py took 0.110 seconds
[2026-06-16T16:06:30.882+0000] {processor.py:161} INFO - Started process (PID=18153) to work on /opt/airflow/dags/dag_01_hello_world.py
[2026-06-16T16:06:30.883+0000] {processor.py:830} INFO - Processing file /opt/airflow/dags/dag_01_hello_world.py for tasks to queue
[2026-06-16T16:06:30.885+0000] {logging_mixin.py:188} INFO - [2026-06-16T16:06:30.885+0000] {dagbag.py:545} INFO - Filling up the DagBag from /opt/airflow/dags/dag_01_hello_world.py
[2026-06-16T16:06:30.894+0000] {processor.py:840} INFO - DAG(s) '01_hello_world' retrieved from /opt/airflow/dags/dag_01_hello_world.py
[2026-06-16T16:06:30.935+0000] {logging_mixin.py:188} INFO - [2026-06-16T16:06:30.935+0000] {dag.py:3089} INFO - Sync 1 DAGs
[2026-06-16T16:06:30.951+0000] {logging_mixin.py:188} INFO - [2026-06-16T16:06:30.950+0000] {dag.py:3947} INFO - Setting next_dagrun for 01_hello_world to None, run_after=None
[2026-06-16T16:06:30.976+0000] {processor.py:183} INFO - Processing /opt/airflow/dags/dag_01_hello_world.py took 0.103 seconds
[2026-06-16T16:07:01.025+0000] {processor.py:161} INFO - Started process (PID=18193) to work on /opt/airflow/dags/dag_01_hello_world.py
[2026-06-16T16:07:01.036+0000] {processor.py:830} INFO - Processing file /opt/airflow/dags/dag_01_hello_world.py for tasks to queue
[2026-06-16T16:07:01.038+0000] {logging_mixin.py:188} INFO - [2026-06-16T16:07:01.037+0000] {dagbag.py:545} INFO - Filling up the DagBag from /opt/airflow/dags/dag_01_hello_world.py
[2026-06-16T16:07:01.045+0000] {processor.py:840} INFO - DAG(s) '01_hello_world' retrieved from /opt/airflow/dags/dag_01_hello_world.py
[2026-06-16T16:07:01.085+0000] {logging_mixin.py:188} INFO - [2026-06-16T16:07:01.085+0000] {dag.py:3089} INFO - Sync 1 DAGs
[2026-06-16T16:07:01.099+0000] {logging_mixin.py:188} INFO - [2026-06-16T16:07:01.099+0000] {dag.py:3947} INFO - Setting next_dagrun for 01_hello_world to None, run_after=None
[2026-06-16T16:07:01.126+0000] {processor.py:183} INFO - Processing /opt/airflow/dags/dag_01_hello_world.py took 0.108 seconds
[2026-06-16T16:07:31.987+0000] {processor.py:161} INFO - Started process (PID=18233) to work on /opt/airflow/dags/dag_01_hello_world.py
[2026-06-16T16:07:31.988+0000] {processor.py:830} INFO - Processing file /opt/airflow/dags/dag_01_hello_world.py for tasks to queue
[2026-06-16T16:07:31.990+0000] {logging_mixin.py:188} INFO - [2026-06-16T16:07:31.990+0000] {dagbag.py:545} INFO - Filling up the DagBag from /opt/airflow/dags/dag_01_hello_world.py
[2026-06-16T16:07:31.998+0000] {processor.py:840} INFO - DAG(s) '01_hello_world' retrieved from /opt/airflow/dags/dag_01_hello_world.py
[2026-06-16T16:07:32.040+0000] {logging_mixin.py:188} INFO - [2026-06-16T16:07:32.040+0000] {dag.py:3089} INFO - Sync 1 DAGs
[2026-06-16T16:07:32.057+0000] {logging_mixin.py:188} INFO - [2026-06-16T16:07:32.057+0000] {dag.py:3947} INFO - Setting next_dagrun for 01_hello_world to None, run_after=None
[2026-06-16T16:07:32.084+0000] {processor.py:183} INFO - Processing /opt/airflow/dags/dag_01_hello_world.py took 0.106 seconds
[2026-06-16T16:08:02.984+0000] {processor.py:161} INFO - Started process (PID=18273) to work on /opt/airflow/dags/dag_01_hello_world.py
[2026-06-16T16:08:02.986+0000] {processor.py:830} INFO - Processing file /opt/airflow/dags/dag_01_hello_world.py for tasks to queue
[2026-06-16T16:08:02.988+0000] {logging_mixin.py:188} INFO - [2026-06-16T16:08:02.988+0000] {dagbag.py:545} INFO - Filling up the DagBag from /opt/airflow/dags/dag_01_hello_world.py
[2026-06-16T16:08:02.996+0000] {processor.py:840} INFO - DAG(s) '01_hello_world' retrieved from /opt/airflow/dags/dag_01_hello_world.py
[2026-06-16T16:08:03.034+0000] {logging_mixin.py:188} INFO - [2026-06-16T16:08:03.034+0000] {dag.py:3089} INFO - Sync 1 DAGs
[2026-06-16T16:08:03.047+0000] {logging_mixin.py:188} INFO - [2026-06-16T16:08:03.047+0000] {dag.py:3947} INFO - Setting next_dagrun for 01_hello_world to None, run_after=None
[2026-06-16T16:08:03.071+0000] {processor.py:183} INFO - Processing /opt/airflow/dags/dag_01_hello_world.py took 0.094 seconds
[2026-06-16T16:08:33.962+0000] {processor.py:161} INFO - Started process (PID=18313) to work on /opt/airflow/dags/dag_01_hello_world.py
[2026-06-16T16:08:33.963+0000] {processor.py:830} INFO - Processing file /opt/airflow/dags/dag_01_hello_world.py for tasks to queue
[2026-06-16T16:08:33.966+0000] {logging_mixin.py:188} INFO - [2026-06-16T16:08:33.965+0000] {dagbag.py:545} INFO - Filling up the DagBag from /opt/airflow/dags/dag_01_hello_world.py
[2026-06-16T16:08:33.975+0000] {processor.py:840} INFO - DAG(s) '01_hello_world' retrieved from /opt/airflow/dags/dag_01_hello_world.py
[2026-06-16T16:08:34.015+0000] {logging_mixin.py:188} INFO - [2026-06-16T16:08:34.015+0000] {dag.py:3089} INFO - Sync 1 DAGs
[2026-06-16T16:08:34.030+0000] {logging_mixin.py:188} INFO - [2026-06-16T16:08:34.030+0000] {dag.py:3947} INFO - Setting next_dagrun for 01_hello_world to None, run_after=None
[2026-06-16T16:08:34.054+0000] {processor.py:183} INFO - Processing /opt/airflow/dags/dag_01_hello_world.py took 0.102 seconds
[2026-06-16T16:09:04.917+0000] {processor.py:161} INFO - Started process (PID=18353) to work on /opt/airflow/dags/dag_01_hello_world.py
[2026-06-16T16:09:04.918+0000] {processor.py:830} INFO - Processing file /opt/airflow/dags/dag_01_hello_world.py for tasks to queue
[2026-06-16T16:09:04.921+0000] {logging_mixin.py:188} INFO - [2026-06-16T16:09:04.920+0000] {dagbag.py:545} INFO - Filling up the DagBag from /opt/airflow/dags/dag_01_hello_world.py
[2026-06-16T16:09:04.928+0000] {processor.py:840} INFO - DAG(s) '01_hello_world' retrieved from /opt/airflow/dags/dag_01_hello_world.py
[2026-06-16T16:09:04.966+0000] {logging_mixin.py:188} INFO - [2026-06-16T16:09:04.966+0000] {dag.py:3089} INFO - Sync 1 DAGs
[2026-06-16T16:09:04.982+0000] {logging_mixin.py:188} INFO - [2026-06-16T16:09:04.981+0000] {dag.py:3947} INFO - Setting next_dagrun for 01_hello_world to None, run_after=None
[2026-06-16T16:09:05.007+0000] {processor.py:183} INFO - Processing /opt/airflow/dags/dag_01_hello_world.py took 0.097 seconds
[2026-06-16T16:09:35.545+0000] {processor.py:161} INFO - Started process (PID=18393) to work on /opt/airflow/dags/dag_01_hello_world.py
[2026-06-16T16:09:35.557+0000] {processor.py:830} INFO - Processing file /opt/airflow/dags/dag_01_hello_world.py for tasks to queue
[2026-06-16T16:09:35.560+0000] {logging_mixin.py:188} INFO - [2026-06-16T16:09:35.559+0000] {dagbag.py:545} INFO - Filling up the DagBag from /opt/airflow/dags/dag_01_hello_world.py
[2026-06-16T16:09:35.568+0000] {processor.py:840} INFO - DAG(s) '01_hello_world' retrieved from /opt/airflow/dags/dag_01_hello_world.py
[2026-06-16T16:09:35.609+0000] {logging_mixin.py:188} INFO - [2026-06-16T16:09:35.608+0000] {dag.py:3089} INFO - Sync 1 DAGs
[2026-06-16T16:09:35.624+0000] {logging_mixin.py:188} INFO - [2026-06-16T16:09:35.624+0000] {dag.py:3947} INFO - Setting next_dagrun for 01_hello_world to None, run_after=None
[2026-06-16T16:09:35.651+0000] {processor.py:183} INFO - Processing /opt/airflow/dags/dag_01_hello_world.py took 0.114 seconds
[2026-06-16T16:10:06.334+0000] {processor.py:161} INFO - Started process (PID=18433) to work on /opt/airflow/dags/dag_01_hello_world.py
[2026-06-16T16:10:06.335+0000] {processor.py:830} INFO - Processing file /opt/airflow/dags/dag_01_hello_world.py for tasks to queue
[2026-06-16T16:10:06.337+0000] {logging_mixin.py:188} INFO - [2026-06-16T16:10:06.337+0000] {dagbag.py:545} INFO - Filling up the DagBag from /opt/airflow/dags/dag_01_hello_world.py
[2026-06-16T16:10:06.345+0000] {processor.py:840} INFO - DAG(s) '01_hello_world' retrieved from /opt/airflow/dags/dag_01_hello_world.py
[2026-06-16T16:10:06.386+0000] {logging_mixin.py:188} INFO - [2026-06-16T16:10:06.385+0000] {dag.py:3089} INFO - Sync 1 DAGs
[2026-06-16T16:10:06.400+0000] {logging_mixin.py:188} INFO - [2026-06-16T16:10:06.400+0000] {dag.py:3947} INFO - Setting next_dagrun for 01_hello_world to None, run_after=None
[2026-06-16T16:10:06.426+0000] {processor.py:183} INFO - Processing /opt/airflow/dags/dag_01_hello_world.py took 0.100 seconds
[2026-06-16T16:10:37.243+0000] {processor.py:161} INFO - Started process (PID=18473) to work on /opt/airflow/dags/dag_01_hello_world.py
[2026-06-16T16:10:37.255+0000] {processor.py:830} INFO - Processing file /opt/airflow/dags/dag_01_hello_world.py for tasks to queue
[2026-06-16T16:10:37.257+0000] {logging_mixin.py:188} INFO - [2026-06-16T16:10:37.257+0000] {dagbag.py:545} INFO - Filling up the DagBag from /opt/airflow/dags/dag_01_hello_world.py
[2026-06-16T16:10:37.264+0000] {processor.py:840} INFO - DAG(s) '01_hello_world' retrieved from /opt/airflow/dags/dag_01_hello_world.py
[2026-06-16T16:10:37.303+0000] {logging_mixin.py:188} INFO - [2026-06-16T16:10:37.303+0000] {dag.py:3089} INFO - Sync 1 DAGs
[2026-06-16T16:10:37.318+0000] {logging_mixin.py:188} INFO - [2026-06-16T16:10:37.318+0000] {dag.py:3947} INFO - Setting next_dagrun for 01_hello_world to None, run_after=None
[2026-06-16T16:10:37.344+0000] {processor.py:183} INFO - Processing /opt/airflow/dags/dag_01_hello_world.py took 0.107 seconds
[2026-06-16T16:11:08.224+0000] {processor.py:161} INFO - Started process (PID=18513) to work on /opt/airflow/dags/dag_01_hello_world.py
[2026-06-16T16:11:08.226+0000] {processor.py:830} INFO - Processing file /opt/airflow/dags/dag_01_hello_world.py for tasks to queue
[2026-06-16T16:11:08.228+0000] {logging_mixin.py:188} INFO - [2026-06-16T16:11:08.228+0000] {dagbag.py:545} INFO - Filling up the DagBag from /opt/airflow/dags/dag_01_hello_world.py
[2026-06-16T16:11:08.238+0000] {processor.py:840} INFO - DAG(s) '01_hello_world' retrieved from /opt/airflow/dags/dag_01_hello_world.py
[2026-06-16T16:11:08.284+0000] {logging_mixin.py:188} INFO - [2026-06-16T16:11:08.283+0000] {dag.py:3089} INFO - Sync 1 DAGs
[2026-06-16T16:11:08.306+0000] {logging_mixin.py:188} INFO - [2026-06-16T16:11:08.305+0000] {dag.py:3947} INFO - Setting next_dagrun for 01_hello_world to None, run_after=None
[2026-06-16T16:11:08.338+0000] {processor.py:183} INFO - Processing /opt/airflow/dags/dag_01_hello_world.py took 0.122 seconds
[2026-06-16T16:11:39.198+0000] {processor.py:161} INFO - Started process (PID=18553) to work on /opt/airflow/dags/dag_01_hello_world.py
[2026-06-16T16:11:39.209+0000] {processor.py:830} INFO - Processing file /opt/airflow/dags/dag_01_hello_world.py for tasks to queue
[2026-06-16T16:11:39.211+0000] {logging_mixin.py:188} INFO - [2026-06-16T16:11:39.211+0000] {dagbag.py:545} INFO - Filling up the DagBag from /opt/airflow/dags/dag_01_hello_world.py
[2026-06-16T16:11:39.218+0000] {processor.py:840} INFO - DAG(s) '01_hello_world' retrieved from /opt/airflow/dags/dag_01_hello_world.py
[2026-06-16T16:11:39.257+0000] {logging_mixin.py:188} INFO - [2026-06-16T16:11:39.256+0000] {dag.py:3089} INFO - Sync 1 DAGs
[2026-06-16T16:11:39.272+0000] {logging_mixin.py:188} INFO - [2026-06-16T16:11:39.272+0000] {dag.py:3947} INFO - Setting next_dagrun for 01_hello_world to None, run_after=None
[2026-06-16T16:11:39.305+0000] {processor.py:183} INFO - Processing /opt/airflow/dags/dag_01_hello_world.py took 0.114 seconds
[2026-06-16T16:12:10.205+0000] {processor.py:161} INFO - Started process (PID=18593) to work on /opt/airflow/dags/dag_01_hello_world.py
[2026-06-16T16:12:10.206+0000] {processor.py:830} INFO - Processing file /opt/airflow/dags/dag_01_hello_world.py for tasks to queue
[2026-06-16T16:12:10.208+0000] {logging_mixin.py:188} INFO - [2026-06-16T16:12:10.207+0000] {dagbag.py:545} INFO - Filling up the DagBag from /opt/airflow/dags/dag_01_hello_world.py
[2026-06-16T16:12:10.215+0000] {processor.py:840} INFO - DAG(s) '01_hello_world' retrieved from /opt/airflow/dags/dag_01_hello_world.py
[2026-06-16T16:12:10.253+0000] {logging_mixin.py:188} INFO - [2026-06-16T16:12:10.253+0000] {dag.py:3089} INFO - Sync 1 DAGs
[2026-06-16T16:12:10.269+0000] {logging_mixin.py:188} INFO - [2026-06-16T16:12:10.269+0000] {dag.py:3947} INFO - Setting next_dagrun for 01_hello_world to None, run_after=None
[2026-06-16T16:12:10.295+0000] {processor.py:183} INFO - Processing /opt/airflow/dags/dag_01_hello_world.py took 0.098 seconds
[2026-06-16T16:12:41.168+0000] {processor.py:161} INFO - Started process (PID=18633) to work on /opt/airflow/dags/dag_01_hello_world.py
[2026-06-16T16:12:41.170+0000] {processor.py:830} INFO - Processing file /opt/airflow/dags/dag_01_hello_world.py for tasks to queue
[2026-06-16T16:12:41.172+0000] {logging_mixin.py:188} INFO - [2026-06-16T16:12:41.172+0000] {dagbag.py:545} INFO - Filling up the DagBag from /opt/airflow/dags/dag_01_hello_world.py
[2026-06-16T16:12:41.182+0000] {processor.py:840} INFO - DAG(s) '01_hello_world' retrieved from /opt/airflow/dags/dag_01_hello_world.py
[2026-06-16T16:12:41.218+0000] {logging_mixin.py:188} INFO - [2026-06-16T16:12:41.218+0000] {dag.py:3089} INFO - Sync 1 DAGs
[2026-06-16T16:12:41.233+0000] {logging_mixin.py:188} INFO - [2026-06-16T16:12:41.232+0000] {dag.py:3947} INFO - Setting next_dagrun for 01_hello_world to None, run_after=None
[2026-06-16T16:12:41.258+0000] {processor.py:183} INFO - Processing /opt/airflow/dags/dag_01_hello_world.py took 0.098 seconds
[2026-06-16T16:13:12.110+0000] {processor.py:161} INFO - Started process (PID=18673) to work on /opt/airflow/dags/dag_01_hello_world.py
[2026-06-16T16:13:12.111+0000] {processor.py:830} INFO - Processing file /opt/airflow/dags/dag_01_hello_world.py for tasks to queue
[2026-06-16T16:13:12.113+0000] {logging_mixin.py:188} INFO - [2026-06-16T16:13:12.112+0000] {dagbag.py:545} INFO - Filling up the DagBag from /opt/airflow/dags/dag_01_hello_world.py
[2026-06-16T16:13:12.120+0000] {processor.py:840} INFO - DAG(s) '01_hello_world' retrieved from /opt/airflow/dags/dag_01_hello_world.py
[2026-06-16T16:13:12.156+0000] {logging_mixin.py:188} INFO - [2026-06-16T16:13:12.155+0000] {dag.py:3089} INFO - Sync 1 DAGs
[2026-06-16T16:13:12.169+0000] {logging_mixin.py:188} INFO - [2026-06-16T16:13:12.168+0000] {dag.py:3947} INFO - Setting next_dagrun for 01_hello_world to None, run_after=None
[2026-06-16T16:13:12.197+0000] {processor.py:183} INFO - Processing /opt/airflow/dags/dag_01_hello_world.py took 0.095 seconds
[2026-06-16T16:13:43.094+0000] {processor.py:161} INFO - Started process (PID=18713) to work on /opt/airflow/dags/dag_01_hello_world.py
[2026-06-16T16:13:43.104+0000] {processor.py:830} INFO - Processing file /opt/airflow/dags/dag_01_hello_world.py for tasks to queue
[2026-06-16T16:13:43.106+0000] {logging_mixin.py:188} INFO - [2026-06-16T16:13:43.106+0000] {dagbag.py:545} INFO - Filling up the DagBag from /opt/airflow/dags/dag_01_hello_world.py
[2026-06-16T16:13:43.114+0000] {processor.py:840} INFO - DAG(s) '01_hello_world' retrieved from /opt/airflow/dags/dag_01_hello_world.py
[2026-06-16T16:13:43.154+0000] {logging_mixin.py:188} INFO - [2026-06-16T16:13:43.154+0000] {dag.py:3089} INFO - Sync 1 DAGs
[2026-06-16T16:13:43.173+0000] {logging_mixin.py:188} INFO - [2026-06-16T16:13:43.173+0000] {dag.py:3947} INFO - Setting next_dagrun for 01_hello_world to None, run_after=None
[2026-06-16T16:13:43.197+0000] {processor.py:183} INFO - Processing /opt/airflow/dags/dag_01_hello_world.py took 0.111 seconds
[2026-06-16T16:14:14.059+0000] {processor.py:161} INFO - Started process (PID=18753) to work on /opt/airflow/dags/dag_01_hello_world.py
[2026-06-16T16:14:14.069+0000] {processor.py:830} INFO - Processing file /opt/airflow/dags/dag_01_hello_world.py for tasks to queue
[2026-06-16T16:14:14.071+0000] {logging_mixin.py:188} INFO - [2026-06-16T16:14:14.070+0000] {dagbag.py:545} INFO - Filling up the DagBag from /opt/airflow/dags/dag_01_hello_world.py
[2026-06-16T16:14:14.078+0000] {processor.py:840} INFO - DAG(s) '01_hello_world' retrieved from /opt/airflow/dags/dag_01_hello_world.py
[2026-06-16T16:14:14.116+0000] {logging_mixin.py:188} INFO - [2026-06-16T16:14:14.116+0000] {dag.py:3089} INFO - Sync 1 DAGs
[2026-06-16T16:14:14.131+0000] {logging_mixin.py:188} INFO - [2026-06-16T16:14:14.131+0000] {dag.py:3947} INFO - Setting next_dagrun for 01_hello_world to None, run_after=None
[2026-06-16T16:14:14.156+0000] {processor.py:183} INFO - Processing /opt/airflow/dags/dag_01_hello_world.py took 0.105 seconds
[2026-06-16T16:14:45.070+0000] {processor.py:161} INFO - Started process (PID=18793) to work on /opt/airflow/dags/dag_01_hello_world.py
[2026-06-16T16:14:45.073+0000] {processor.py:830} INFO - Processing file /opt/airflow/dags/dag_01_hello_world.py for tasks to queue
[2026-06-16T16:14:45.075+0000] {logging_mixin.py:188} INFO - [2026-06-16T16:14:45.075+0000] {dagbag.py:545} INFO - Filling up the DagBag from /opt/airflow/dags/dag_01_hello_world.py
[2026-06-16T16:14:45.083+0000] {processor.py:840} INFO - DAG(s) '01_hello_world' retrieved from /opt/airflow/dags/dag_01_hello_world.py
[2026-06-16T16:14:45.119+0000] {logging_mixin.py:188} INFO - [2026-06-16T16:14:45.119+0000] {dag.py:3089} INFO - Sync 1 DAGs
[2026-06-16T16:14:45.134+0000] {logging_mixin.py:188} INFO - [2026-06-16T16:14:45.133+0000] {dag.py:3947} INFO - Setting next_dagrun for 01_hello_world to None, run_after=None
[2026-06-16T16:14:45.159+0000] {processor.py:183} INFO - Processing /opt/airflow/dags/dag_01_hello_world.py took 0.096 seconds
[2026-06-16T16:15:16.137+0000] {processor.py:161} INFO - Started process (PID=18833) to work on /opt/airflow/dags/dag_01_hello_world.py
[2026-06-16T16:15:16.138+0000] {processor.py:830} INFO - Processing file /opt/airflow/dags/dag_01_hello_world.py for tasks to queue
[2026-06-16T16:15:16.140+0000] {logging_mixin.py:188} INFO - [2026-06-16T16:15:16.139+0000] {dagbag.py:545} INFO - Filling up the DagBag from /opt/airflow/dags/dag_01_hello_world.py
[2026-06-16T16:15:16.148+0000] {processor.py:840} INFO - DAG(s) '01_hello_world' retrieved from /opt/airflow/dags/dag_01_hello_world.py
[2026-06-16T16:15:16.187+0000] {logging_mixin.py:188} INFO - [2026-06-16T16:15:16.187+0000] {dag.py:3089} INFO - Sync 1 DAGs
[2026-06-16T16:15:16.204+0000] {logging_mixin.py:188} INFO - [2026-06-16T16:15:16.204+0000] {dag.py:3947} INFO - Setting next_dagrun for 01_hello_world to None, run_after=None
[2026-06-16T16:15:16.228+0000] {processor.py:183} INFO - Processing /opt/airflow/dags/dag_01_hello_world.py took 0.101 seconds
[2026-06-16T16:15:46.295+0000] {processor.py:161} INFO - Started process (PID=18873) to work on /opt/airflow/dags/dag_01_hello_world.py
[2026-06-16T16:15:46.306+0000] {processor.py:830} INFO - Processing file /opt/airflow/dags/dag_01_hello_world.py for tasks to queue
[2026-06-16T16:15:46.308+0000] {logging_mixin.py:188} INFO - [2026-06-16T16:15:46.308+0000] {dagbag.py:545} INFO - Filling up the DagBag from /opt/airflow/dags/dag_01_hello_world.py
[2026-06-16T16:15:46.316+0000] {processor.py:840} INFO - DAG(s) '01_hello_world' retrieved from /opt/airflow/dags/dag_01_hello_world.py
[2026-06-16T16:15:46.353+0000] {logging_mixin.py:188} INFO - [2026-06-16T16:15:46.352+0000] {dag.py:3089} INFO - Sync 1 DAGs
[2026-06-16T16:15:46.366+0000] {logging_mixin.py:188} INFO - [2026-06-16T16:15:46.366+0000] {dag.py:3947} INFO - Setting next_dagrun for 01_hello_world to None, run_after=None
[2026-06-16T16:15:46.392+0000] {processor.py:183} INFO - Processing /opt/airflow/dags/dag_01_hello_world.py took 0.104 seconds
[2026-06-16T16:16:17.320+0000] {processor.py:161} INFO - Started process (PID=18913) to work on /opt/airflow/dags/dag_01_hello_world.py
[2026-06-16T16:16:17.321+0000] {processor.py:830} INFO - Processing file /opt/airflow/dags/dag_01_hello_world.py for tasks to queue
[2026-06-16T16:16:17.323+0000] {logging_mixin.py:188} INFO - [2026-06-16T16:16:17.323+0000] {dagbag.py:545} INFO - Filling up the DagBag from /opt/airflow/dags/dag_01_hello_world.py
[2026-06-16T16:16:17.332+0000] {processor.py:840} INFO - DAG(s) '01_hello_world' retrieved from /opt/airflow/dags/dag_01_hello_world.py
[2026-06-16T16:16:17.369+0000] {logging_mixin.py:188} INFO - [2026-06-16T16:16:17.368+0000] {dag.py:3089} INFO - Sync 1 DAGs
[2026-06-16T16:16:17.382+0000] {logging_mixin.py:188} INFO - [2026-06-16T16:16:17.382+0000] {dag.py:3947} INFO - Setting next_dagrun for 01_hello_world to None, run_after=None
[2026-06-16T16:16:17.405+0000] {processor.py:183} INFO - Processing /opt/airflow/dags/dag_01_hello_world.py took 0.094 seconds
[2026-06-16T16:16:47.462+0000] {processor.py:161} INFO - Started process (PID=18953) to work on /opt/airflow/dags/dag_01_hello_world.py
[2026-06-16T16:16:47.466+0000] {processor.py:830} INFO - Processing file /opt/airflow/dags/dag_01_hello_world.py for tasks to queue
[2026-06-16T16:16:47.468+0000] {logging_mixin.py:188} INFO - [2026-06-16T16:16:47.467+0000] {dagbag.py:545} INFO - Filling up the DagBag from /opt/airflow/dags/dag_01_hello_world.py
[2026-06-16T16:16:47.475+0000] {processor.py:840} INFO - DAG(s) '01_hello_world' retrieved from /opt/airflow/dags/dag_01_hello_world.py
[2026-06-16T16:16:47.512+0000] {logging_mixin.py:188} INFO - [2026-06-16T16:16:47.512+0000] {dag.py:3089} INFO - Sync 1 DAGs
[2026-06-16T16:16:47.526+0000] {logging_mixin.py:188} INFO - [2026-06-16T16:16:47.526+0000] {dag.py:3947} INFO - Setting next_dagrun for 01_hello_world to None, run_after=None
[2026-06-16T16:16:47.551+0000] {processor.py:183} INFO - Processing /opt/airflow/dags/dag_01_hello_world.py took 0.096 seconds
[2026-06-16T16:17:17.685+0000] {processor.py:161} INFO - Started process (PID=18993) to work on /opt/airflow/dags/dag_01_hello_world.py
[2026-06-16T16:17:17.685+0000] {processor.py:830} INFO - Processing file /opt/airflow/dags/dag_01_hello_world.py for tasks to queue
[2026-06-16T16:17:17.687+0000] {logging_mixin.py:188} INFO - [2026-06-16T16:17:17.687+0000] {dagbag.py:545} INFO - Filling up the DagBag from /opt/airflow/dags/dag_01_hello_world.py
[2026-06-16T16:17:17.695+0000] {processor.py:840} INFO - DAG(s) '01_hello_world' retrieved from /opt/airflow/dags/dag_01_hello_world.py
[2026-06-16T16:17:17.736+0000] {logging_mixin.py:188} INFO - [2026-06-16T16:17:17.736+0000] {dag.py:3089} INFO - Sync 1 DAGs
[2026-06-16T16:17:17.752+0000] {logging_mixin.py:188} INFO - [2026-06-16T16:17:17.752+0000] {dag.py:3947} INFO - Setting next_dagrun for 01_hello_world to None, run_after=None
[2026-06-16T16:17:17.780+0000] {processor.py:183} INFO - Processing /opt/airflow/dags/dag_01_hello_world.py took 0.104 seconds
[2026-06-16T16:17:47.885+0000] {processor.py:161} INFO - Started process (PID=19033) to work on /opt/airflow/dags/dag_01_hello_world.py
[2026-06-16T16:17:47.887+0000] {processor.py:830} INFO - Processing file /opt/airflow/dags/dag_01_hello_world.py for tasks to queue
[2026-06-16T16:17:47.890+0000] {logging_mixin.py:188} INFO - [2026-06-16T16:17:47.890+0000] {dagbag.py:545} INFO - Filling up the DagBag from /opt/airflow/dags/dag_01_hello_world.py
[2026-06-16T16:17:47.898+0000] {processor.py:840} INFO - DAG(s) '01_hello_world' retrieved from /opt/airflow/dags/dag_01_hello_world.py
[2026-06-16T16:17:47.936+0000] {logging_mixin.py:188} INFO - [2026-06-16T16:17:47.936+0000] {dag.py:3089} INFO - Sync 1 DAGs
[2026-06-16T16:17:47.951+0000] {logging_mixin.py:188} INFO - [2026-06-16T16:17:47.951+0000] {dag.py:3947} INFO - Setting next_dagrun for 01_hello_world to None, run_after=None
[2026-06-16T16:17:47.978+0000] {processor.py:183} INFO - Processing /opt/airflow/dags/dag_01_hello_world.py took 0.100 seconds
[2026-06-16T16:18:18.089+0000] {processor.py:161} INFO - Started process (PID=19073) to work on /opt/airflow/dags/dag_01_hello_world.py
[2026-06-16T16:18:18.090+0000] {processor.py:830} INFO - Processing file /opt/airflow/dags/dag_01_hello_world.py for tasks to queue
[2026-06-16T16:18:18.092+0000] {logging_mixin.py:188} INFO - [2026-06-16T16:18:18.092+0000] {dagbag.py:545} INFO - Filling up the DagBag from /opt/airflow/dags/dag_01_hello_world.py
[2026-06-16T16:18:18.099+0000] {processor.py:840} INFO - DAG(s) '01_hello_world' retrieved from /opt/airflow/dags/dag_01_hello_world.py
[2026-06-16T16:18:18.134+0000] {logging_mixin.py:188} INFO - [2026-06-16T16:18:18.134+0000] {dag.py:3089} INFO - Sync 1 DAGs
[2026-06-16T16:18:18.148+0000] {logging_mixin.py:188} INFO - [2026-06-16T16:18:18.147+0000] {dag.py:3947} INFO - Setting next_dagrun for 01_hello_world to None, run_after=None
[2026-06-16T16:18:18.171+0000] {processor.py:183} INFO - Processing /opt/airflow/dags/dag_01_hello_world.py took 0.089 seconds
[2026-06-16T16:18:48.282+0000] {processor.py:161} INFO - Started process (PID=19113) to work on /opt/airflow/dags/dag_01_hello_world.py
[2026-06-16T16:18:48.287+0000] {processor.py:830} INFO - Processing file /opt/airflow/dags/dag_01_hello_world.py for tasks to queue
[2026-06-16T16:18:48.293+0000] {logging_mixin.py:188} INFO - [2026-06-16T16:18:48.292+0000] {dagbag.py:545} INFO - Filling up the DagBag from /opt/airflow/dags/dag_01_hello_world.py
[2026-06-16T16:18:48.318+0000] {processor.py:840} INFO - DAG(s) '01_hello_world' retrieved from /opt/airflow/dags/dag_01_hello_world.py
[2026-06-16T16:18:48.361+0000] {logging_mixin.py:188} INFO - [2026-06-16T16:18:48.360+0000] {dag.py:3089} INFO - Sync 1 DAGs
[2026-06-16T16:18:48.377+0000] {logging_mixin.py:188} INFO - [2026-06-16T16:18:48.377+0000] {dag.py:3947} INFO - Setting next_dagrun for 01_hello_world to None, run_after=None
[2026-06-16T16:18:48.398+0000] {processor.py:183} INFO - Processing /opt/airflow/dags/dag_01_hello_world.py took 0.131 seconds
[2026-06-16T16:19:18.513+0000] {processor.py:161} INFO - Started process (PID=19153) to work on /opt/airflow/dags/dag_01_hello_world.py
[2026-06-16T16:19:18.514+0000] {processor.py:830} INFO - Processing file /opt/airflow/dags/dag_01_hello_world.py for tasks to queue
[2026-06-16T16:19:18.517+0000] {logging_mixin.py:188} INFO - [2026-06-16T16:19:18.516+0000] {dagbag.py:545} INFO - Filling up the DagBag from /opt/airflow/dags/dag_01_hello_world.py
[2026-06-16T16:19:18.524+0000] {processor.py:840} INFO - DAG(s) '01_hello_world' retrieved from /opt/airflow/dags/dag_01_hello_world.py
[2026-06-16T16:19:18.560+0000] {logging_mixin.py:188} INFO - [2026-06-16T16:19:18.559+0000] {dag.py:3089} INFO - Sync 1 DAGs
[2026-06-16T16:19:18.573+0000] {logging_mixin.py:188} INFO - [2026-06-16T16:19:18.572+0000] {dag.py:3947} INFO - Setting next_dagrun for 01_hello_world to None, run_after=None
[2026-06-16T16:19:18.597+0000] {processor.py:183} INFO - Processing /opt/airflow/dags/dag_01_hello_world.py took 0.090 seconds
[2026-06-16T16:19:49.335+0000] {processor.py:161} INFO - Started process (PID=19193) to work on /opt/airflow/dags/dag_01_hello_world.py
[2026-06-16T16:19:49.337+0000] {processor.py:830} INFO - Processing file /opt/airflow/dags/dag_01_hello_world.py for tasks to queue
[2026-06-16T16:19:49.340+0000] {logging_mixin.py:188} INFO - [2026-06-16T16:19:49.340+0000] {dagbag.py:545} INFO - Filling up the DagBag from /opt/airflow/dags/dag_01_hello_world.py
[2026-06-16T16:19:49.348+0000] {processor.py:840} INFO - DAG(s) '01_hello_world' retrieved from /opt/airflow/dags/dag_01_hello_world.py
[2026-06-16T16:19:49.391+0000] {logging_mixin.py:188} INFO - [2026-06-16T16:19:49.391+0000] {dag.py:3089} INFO - Sync 1 DAGs
[2026-06-16T16:19:49.405+0000] {logging_mixin.py:188} INFO - [2026-06-16T16:19:49.405+0000] {dag.py:3947} INFO - Setting next_dagrun for 01_hello_world to None, run_after=None
[2026-06-16T16:19:49.429+0000] {processor.py:183} INFO - Processing /opt/airflow/dags/dag_01_hello_world.py took 0.102 seconds
[2026-06-16T16:20:19.529+0000] {processor.py:161} INFO - Started process (PID=19233) to work on /opt/airflow/dags/dag_01_hello_world.py
[2026-06-16T16:20:19.530+0000] {processor.py:830} INFO - Processing file /opt/airflow/dags/dag_01_hello_world.py for tasks to queue
[2026-06-16T16:20:19.533+0000] {logging_mixin.py:188} INFO - [2026-06-16T16:20:19.532+0000] {dagbag.py:545} INFO - Filling up the DagBag from /opt/airflow/dags/dag_01_hello_world.py
[2026-06-16T16:20:19.540+0000] {processor.py:840} INFO - DAG(s) '01_hello_world' retrieved from /opt/airflow/dags/dag_01_hello_world.py
[2026-06-16T16:20:19.578+0000] {logging_mixin.py:188} INFO - [2026-06-16T16:20:19.578+0000] {dag.py:3089} INFO - Sync 1 DAGs
[2026-06-16T16:20:19.593+0000] {logging_mixin.py:188} INFO - [2026-06-16T16:20:19.592+0000] {dag.py:3947} INFO - Setting next_dagrun for 01_hello_world to None, run_after=None
[2026-06-16T16:20:19.620+0000] {processor.py:183} INFO - Processing /opt/airflow/dags/dag_01_hello_world.py took 0.098 seconds
[2026-06-16T16:20:49.671+0000] {processor.py:161} INFO - Started process (PID=19273) to work on /opt/airflow/dags/dag_01_hello_world.py
[2026-06-16T16:20:49.674+0000] {processor.py:830} INFO - Processing file /opt/airflow/dags/dag_01_hello_world.py for tasks to queue
[2026-06-16T16:20:49.677+0000] {logging_mixin.py:188} INFO - [2026-06-16T16:20:49.676+0000] {dagbag.py:545} INFO - Filling up the DagBag from /opt/airflow/dags/dag_01_hello_world.py
[2026-06-16T16:20:49.684+0000] {processor.py:840} INFO - DAG(s) '01_hello_world' retrieved from /opt/airflow/dags/dag_01_hello_world.py
[2026-06-16T16:20:49.720+0000] {logging_mixin.py:188} INFO - [2026-06-16T16:20:49.720+0000] {dag.py:3089} INFO - Sync 1 DAGs
[2026-06-16T16:20:49.734+0000] {logging_mixin.py:188} INFO - [2026-06-16T16:20:49.733+0000] {dag.py:3947} INFO - Setting next_dagrun for 01_hello_world to None, run_after=None
[2026-06-16T16:20:49.757+0000] {processor.py:183} INFO - Processing /opt/airflow/dags/dag_01_hello_world.py took 0.093 seconds
[2026-06-16T16:21:19.814+0000] {processor.py:161} INFO - Started process (PID=19313) to work on /opt/airflow/dags/dag_01_hello_world.py
[2026-06-16T16:21:19.815+0000] {processor.py:830} INFO - Processing file /opt/airflow/dags/dag_01_hello_world.py for tasks to queue
[2026-06-16T16:21:19.818+0000] {logging_mixin.py:188} INFO - [2026-06-16T16:21:19.818+0000] {dagbag.py:545} INFO - Filling up the DagBag from /opt/airflow/dags/dag_01_hello_world.py
[2026-06-16T16:21:19.826+0000] {processor.py:840} INFO - DAG(s) '01_hello_world' retrieved from /opt/airflow/dags/dag_01_hello_world.py
[2026-06-16T16:21:19.863+0000] {logging_mixin.py:188} INFO - [2026-06-16T16:21:19.862+0000] {dag.py:3089} INFO - Sync 1 DAGs
[2026-06-16T16:21:19.876+0000] {logging_mixin.py:188} INFO - [2026-06-16T16:21:19.876+0000] {dag.py:3947} INFO - Setting next_dagrun for 01_hello_world to None, run_after=None
[2026-06-16T16:21:19.901+0000] {processor.py:183} INFO - Processing /opt/airflow/dags/dag_01_hello_world.py took 0.093 seconds
[2026-06-16T16:21:50.834+0000] {processor.py:161} INFO - Started process (PID=19353) to work on /opt/airflow/dags/dag_01_hello_world.py
[2026-06-16T16:21:50.845+0000] {processor.py:830} INFO - Processing file /opt/airflow/dags/dag_01_hello_world.py for tasks to queue
[2026-06-16T16:21:50.847+0000] {logging_mixin.py:188} INFO - [2026-06-16T16:21:50.847+0000] {dagbag.py:545} INFO - Filling up the DagBag from /opt/airflow/dags/dag_01_hello_world.py
[2026-06-16T16:21:50.855+0000] {processor.py:840} INFO - DAG(s) '01_hello_world' retrieved from /opt/airflow/dags/dag_01_hello_world.py
[2026-06-16T16:21:50.890+0000] {logging_mixin.py:188} INFO - [2026-06-16T16:21:50.890+0000] {dag.py:3089} INFO - Sync 1 DAGs
[2026-06-16T16:21:50.904+0000] {logging_mixin.py:188} INFO - [2026-06-16T16:21:50.904+0000] {dag.py:3947} INFO - Setting next_dagrun for 01_hello_world to None, run_after=None
[2026-06-16T16:21:50.928+0000] {processor.py:183} INFO - Processing /opt/airflow/dags/dag_01_hello_world.py took 0.102 seconds
[2026-06-16T16:22:21.860+0000] {processor.py:161} INFO - Started process (PID=19393) to work on /opt/airflow/dags/dag_01_hello_world.py
[2026-06-16T16:22:21.862+0000] {processor.py:830} INFO - Processing file /opt/airflow/dags/dag_01_hello_world.py for tasks to queue
[2026-06-16T16:22:21.864+0000] {logging_mixin.py:188} INFO - [2026-06-16T16:22:21.864+0000] {dagbag.py:545} INFO - Filling up the DagBag from /opt/airflow/dags/dag_01_hello_world.py
[2026-06-16T16:22:21.879+0000] {processor.py:840} INFO - DAG(s) '01_hello_world' retrieved from /opt/airflow/dags/dag_01_hello_world.py
[2026-06-16T16:22:21.918+0000] {logging_mixin.py:188} INFO - [2026-06-16T16:22:21.918+0000] {dag.py:3089} INFO - Sync 1 DAGs
[2026-06-16T16:22:21.932+0000] {logging_mixin.py:188} INFO - [2026-06-16T16:22:21.932+0000] {dag.py:3947} INFO - Setting next_dagrun for 01_hello_world to None, run_after=None
[2026-06-16T16:22:21.957+0000] {processor.py:183} INFO - Processing /opt/airflow/dags/dag_01_hello_world.py took 0.106 seconds
[2026-06-16T16:22:52.247+0000] {processor.py:161} INFO - Started process (PID=19433) to work on /opt/airflow/dags/dag_01_hello_world.py
[2026-06-16T16:22:52.248+0000] {processor.py:830} INFO - Processing file /opt/airflow/dags/dag_01_hello_world.py for tasks to queue
[2026-06-16T16:22:52.251+0000] {logging_mixin.py:188} INFO - [2026-06-16T16:22:52.251+0000] {dagbag.py:545} INFO - Filling up the DagBag from /opt/airflow/dags/dag_01_hello_world.py
[2026-06-16T16:22:52.258+0000] {processor.py:840} INFO - DAG(s) '01_hello_world' retrieved from /opt/airflow/dags/dag_01_hello_world.py
[2026-06-16T16:22:52.296+0000] {logging_mixin.py:188} INFO - [2026-06-16T16:22:52.296+0000] {dag.py:3089} INFO - Sync 1 DAGs
[2026-06-16T16:22:52.310+0000] {logging_mixin.py:188} INFO - [2026-06-16T16:22:52.310+0000] {dag.py:3947} INFO - Setting next_dagrun for 01_hello_world to None, run_after=None
[2026-06-16T16:22:52.337+0000] {processor.py:183} INFO - Processing /opt/airflow/dags/dag_01_hello_world.py took 0.097 seconds
[2026-06-16T16:23:22.468+0000] {processor.py:161} INFO - Started process (PID=19473) to work on /opt/airflow/dags/dag_01_hello_world.py
[2026-06-16T16:23:22.469+0000] {processor.py:830} INFO - Processing file /opt/airflow/dags/dag_01_hello_world.py for tasks to queue
[2026-06-16T16:23:22.472+0000] {logging_mixin.py:188} INFO - [2026-06-16T16:23:22.472+0000] {dagbag.py:545} INFO - Filling up the DagBag from /opt/airflow/dags/dag_01_hello_world.py
[2026-06-16T16:23:22.479+0000] {processor.py:840} INFO - DAG(s) '01_hello_world' retrieved from /opt/airflow/dags/dag_01_hello_world.py
[2026-06-16T16:23:22.516+0000] {logging_mixin.py:188} INFO - [2026-06-16T16:23:22.515+0000] {dag.py:3089} INFO - Sync 1 DAGs
[2026-06-16T16:23:22.529+0000] {logging_mixin.py:188} INFO - [2026-06-16T16:23:22.528+0000] {dag.py:3947} INFO - Setting next_dagrun for 01_hello_world to None, run_after=None
[2026-06-16T16:23:22.554+0000] {processor.py:183} INFO - Processing /opt/airflow/dags/dag_01_hello_world.py took 0.093 seconds
[2026-06-16T16:23:52.666+0000] {processor.py:161} INFO - Started process (PID=19513) to work on /opt/airflow/dags/dag_01_hello_world.py
[2026-06-16T16:23:52.670+0000] {processor.py:830} INFO - Processing file /opt/airflow/dags/dag_01_hello_world.py for tasks to queue
[2026-06-16T16:23:52.673+0000] {logging_mixin.py:188} INFO - [2026-06-16T16:23:52.672+0000] {dagbag.py:545} INFO - Filling up the DagBag from /opt/airflow/dags/dag_01_hello_world.py
[2026-06-16T16:23:52.682+0000] {processor.py:840} INFO - DAG(s) '01_hello_world' retrieved from /opt/airflow/dags/dag_01_hello_world.py
[2026-06-16T16:23:52.722+0000] {logging_mixin.py:188} INFO - [2026-06-16T16:23:52.721+0000] {dag.py:3089} INFO - Sync 1 DAGs
[2026-06-16T16:23:52.736+0000] {logging_mixin.py:188} INFO - [2026-06-16T16:23:52.735+0000] {dag.py:3947} INFO - Setting next_dagrun for 01_hello_world to None, run_after=None
[2026-06-16T16:23:52.765+0000] {processor.py:183} INFO - Processing /opt/airflow/dags/dag_01_hello_world.py took 0.105 seconds
[2026-06-16T16:24:23.006+0000] {processor.py:161} INFO - Started process (PID=19553) to work on /opt/airflow/dags/dag_01_hello_world.py
[2026-06-16T16:24:23.007+0000] {processor.py:830} INFO - Processing file /opt/airflow/dags/dag_01_hello_world.py for tasks to queue
[2026-06-16T16:24:23.010+0000] {logging_mixin.py:188} INFO - [2026-06-16T16:24:23.010+0000] {dagbag.py:545} INFO - Filling up the DagBag from /opt/airflow/dags/dag_01_hello_world.py
[2026-06-16T16:24:23.018+0000] {processor.py:840} INFO - DAG(s) '01_hello_world' retrieved from /opt/airflow/dags/dag_01_hello_world.py
[2026-06-16T16:24:23.057+0000] {logging_mixin.py:188} INFO - [2026-06-16T16:24:23.056+0000] {dag.py:3089} INFO - Sync 1 DAGs
[2026-06-16T16:24:23.207+0000] {logging_mixin.py:188} INFO - [2026-06-16T16:24:23.207+0000] {dag.py:3947} INFO - Setting next_dagrun for 01_hello_world to None, run_after=None
[2026-06-16T16:24:23.233+0000] {processor.py:183} INFO - Processing /opt/airflow/dags/dag_01_hello_world.py took 0.234 seconds
[2026-06-16T16:24:53.332+0000] {processor.py:161} INFO - Started process (PID=19593) to work on /opt/airflow/dags/dag_01_hello_world.py
[2026-06-16T16:24:53.343+0000] {processor.py:830} INFO - Processing file /opt/airflow/dags/dag_01_hello_world.py for tasks to queue
[2026-06-16T16:24:53.345+0000] {logging_mixin.py:188} INFO - [2026-06-16T16:24:53.345+0000] {dagbag.py:545} INFO - Filling up the DagBag from /opt/airflow/dags/dag_01_hello_world.py
[2026-06-16T16:24:53.353+0000] {processor.py:840} INFO - DAG(s) '01_hello_world' retrieved from /opt/airflow/dags/dag_01_hello_world.py
[2026-06-16T16:24:53.389+0000] {logging_mixin.py:188} INFO - [2026-06-16T16:24:53.389+0000] {dag.py:3089} INFO - Sync 1 DAGs
[2026-06-16T16:24:53.403+0000] {logging_mixin.py:188} INFO - [2026-06-16T16:24:53.403+0000] {dag.py:3947} INFO - Setting next_dagrun for 01_hello_world to None, run_after=None
[2026-06-16T16:24:53.428+0000] {processor.py:183} INFO - Processing /opt/airflow/dags/dag_01_hello_world.py took 0.103 seconds
[2026-06-16T16:25:23.664+0000] {processor.py:161} INFO - Started process (PID=19633) to work on /opt/airflow/dags/dag_01_hello_world.py
[2026-06-16T16:25:23.665+0000] {processor.py:830} INFO - Processing file /opt/airflow/dags/dag_01_hello_world.py for tasks to queue
[2026-06-16T16:25:23.668+0000] {logging_mixin.py:188} INFO - [2026-06-16T16:25:23.668+0000] {dagbag.py:545} INFO - Filling up the DagBag from /opt/airflow/dags/dag_01_hello_world.py
[2026-06-16T16:25:23.675+0000] {processor.py:840} INFO - DAG(s) '01_hello_world' retrieved from /opt/airflow/dags/dag_01_hello_world.py
[2026-06-16T16:25:23.711+0000] {logging_mixin.py:188} INFO - [2026-06-16T16:25:23.711+0000] {dag.py:3089} INFO - Sync 1 DAGs
[2026-06-16T16:25:23.724+0000] {logging_mixin.py:188} INFO - [2026-06-16T16:25:23.723+0000] {dag.py:3947} INFO - Setting next_dagrun for 01_hello_world to None, run_after=None
[2026-06-16T16:25:23.873+0000] {processor.py:183} INFO - Processing /opt/airflow/dags/dag_01_hello_world.py took 0.215 seconds
[2026-06-16T16:25:54.034+0000] {processor.py:161} INFO - Started process (PID=19673) to work on /opt/airflow/dags/dag_01_hello_world.py
[2026-06-16T16:25:54.036+0000] {processor.py:830} INFO - Processing file /opt/airflow/dags/dag_01_hello_world.py for tasks to queue
[2026-06-16T16:25:54.039+0000] {logging_mixin.py:188} INFO - [2026-06-16T16:25:54.039+0000] {dagbag.py:545} INFO - Filling up the DagBag from /opt/airflow/dags/dag_01_hello_world.py
[2026-06-16T16:25:54.048+0000] {processor.py:840} INFO - DAG(s) '01_hello_world' retrieved from /opt/airflow/dags/dag_01_hello_world.py
[2026-06-16T16:25:54.212+0000] {logging_mixin.py:188} INFO - [2026-06-16T16:25:54.212+0000] {dag.py:3089} INFO - Sync 1 DAGs
[2026-06-16T16:25:54.223+0000] {logging_mixin.py:188} INFO - [2026-06-16T16:25:54.222+0000] {dag.py:3947} INFO - Setting next_dagrun for 01_hello_world to None, run_after=None
[2026-06-16T16:25:54.243+0000] {processor.py:183} INFO - Processing /opt/airflow/dags/dag_01_hello_world.py took 0.216 seconds
[2026-06-16T16:26:24.312+0000] {processor.py:161} INFO - Started process (PID=19713) to work on /opt/airflow/dags/dag_01_hello_world.py
[2026-06-16T16:26:24.313+0000] {processor.py:830} INFO - Processing file /opt/airflow/dags/dag_01_hello_world.py for tasks to queue
[2026-06-16T16:26:24.315+0000] {logging_mixin.py:188} INFO - [2026-06-16T16:26:24.314+0000] {dagbag.py:545} INFO - Filling up the DagBag from /opt/airflow/dags/dag_01_hello_world.py
[2026-06-16T16:26:24.322+0000] {processor.py:840} INFO - DAG(s) '01_hello_world' retrieved from /opt/airflow/dags/dag_01_hello_world.py
[2026-06-16T16:26:24.359+0000] {logging_mixin.py:188} INFO - [2026-06-16T16:26:24.359+0000] {dag.py:3089} INFO - Sync 1 DAGs
[2026-06-16T16:26:24.372+0000] {logging_mixin.py:188} INFO - [2026-06-16T16:26:24.372+0000] {dag.py:3947} INFO - Setting next_dagrun for 01_hello_world to None, run_after=None
[2026-06-16T16:26:24.396+0000] {processor.py:183} INFO - Processing /opt/airflow/dags/dag_01_hello_world.py took 0.092 seconds
[2026-06-16T16:26:54.511+0000] {processor.py:161} INFO - Started process (PID=19753) to work on /opt/airflow/dags/dag_01_hello_world.py
[2026-06-16T16:26:54.514+0000] {processor.py:830} INFO - Processing file /opt/airflow/dags/dag_01_hello_world.py for tasks to queue
[2026-06-16T16:26:54.517+0000] {logging_mixin.py:188} INFO - [2026-06-16T16:26:54.517+0000] {dagbag.py:545} INFO - Filling up the DagBag from /opt/airflow/dags/dag_01_hello_world.py
[2026-06-16T16:26:54.526+0000] {processor.py:840} INFO - DAG(s) '01_hello_world' retrieved from /opt/airflow/dags/dag_01_hello_world.py
[2026-06-16T16:26:54.567+0000] {logging_mixin.py:188} INFO - [2026-06-16T16:26:54.567+0000] {dag.py:3089} INFO - Sync 1 DAGs
[2026-06-16T16:26:54.581+0000] {logging_mixin.py:188} INFO - [2026-06-16T16:26:54.581+0000] {dag.py:3947} INFO - Setting next_dagrun for 01_hello_world to None, run_after=None
[2026-06-16T16:26:54.605+0000] {processor.py:183} INFO - Processing /opt/airflow/dags/dag_01_hello_world.py took 0.101 seconds
[2026-06-16T16:27:24.675+0000] {processor.py:161} INFO - Started process (PID=19793) to work on /opt/airflow/dags/dag_01_hello_world.py
[2026-06-16T16:27:24.676+0000] {processor.py:830} INFO - Processing file /opt/airflow/dags/dag_01_hello_world.py for tasks to queue
[2026-06-16T16:27:24.678+0000] {logging_mixin.py:188} INFO - [2026-06-16T16:27:24.678+0000] {dagbag.py:545} INFO - Filling up the DagBag from /opt/airflow/dags/dag_01_hello_world.py
[2026-06-16T16:27:24.686+0000] {processor.py:840} INFO - DAG(s) '01_hello_world' retrieved from /opt/airflow/dags/dag_01_hello_world.py
[2026-06-16T16:27:24.722+0000] {logging_mixin.py:188} INFO - [2026-06-16T16:27:24.722+0000] {dag.py:3089} INFO - Sync 1 DAGs
[2026-06-16T16:27:24.735+0000] {logging_mixin.py:188} INFO - [2026-06-16T16:27:24.734+0000] {dag.py:3947} INFO - Setting next_dagrun for 01_hello_world to None, run_after=None
[2026-06-16T16:27:24.760+0000] {processor.py:183} INFO - Processing /opt/airflow/dags/dag_01_hello_world.py took 0.092 seconds
[2026-06-16T16:27:54.878+0000] {processor.py:161} INFO - Started process (PID=19833) to work on /opt/airflow/dags/dag_01_hello_world.py
[2026-06-16T16:27:54.881+0000] {processor.py:830} INFO - Processing file /opt/airflow/dags/dag_01_hello_world.py for tasks to queue
[2026-06-16T16:27:54.884+0000] {logging_mixin.py:188} INFO - [2026-06-16T16:27:54.884+0000] {dagbag.py:545} INFO - Filling up the DagBag from /opt/airflow/dags/dag_01_hello_world.py
[2026-06-16T16:27:54.892+0000] {processor.py:840} INFO - DAG(s) '01_hello_world' retrieved from /opt/airflow/dags/dag_01_hello_world.py
[2026-06-16T16:27:54.927+0000] {logging_mixin.py:188} INFO - [2026-06-16T16:27:54.927+0000] {dag.py:3089} INFO - Sync 1 DAGs
[2026-06-16T16:27:54.941+0000] {logging_mixin.py:188} INFO - [2026-06-16T16:27:54.940+0000] {dag.py:3947} INFO - Setting next_dagrun for 01_hello_world to None, run_after=None
[2026-06-16T16:27:54.965+0000] {processor.py:183} INFO - Processing /opt/airflow/dags/dag_01_hello_world.py took 0.093 seconds
[2026-06-16T16:28:25.088+0000] {processor.py:161} INFO - Started process (PID=19873) to work on /opt/airflow/dags/dag_01_hello_world.py
[2026-06-16T16:28:25.089+0000] {processor.py:830} INFO - Processing file /opt/airflow/dags/dag_01_hello_world.py for tasks to queue
[2026-06-16T16:28:25.091+0000] {logging_mixin.py:188} INFO - [2026-06-16T16:28:25.091+0000] {dagbag.py:545} INFO - Filling up the DagBag from /opt/airflow/dags/dag_01_hello_world.py
[2026-06-16T16:28:25.098+0000] {processor.py:840} INFO - DAG(s) '01_hello_world' retrieved from /opt/airflow/dags/dag_01_hello_world.py
[2026-06-16T16:28:25.136+0000] {logging_mixin.py:188} INFO - [2026-06-16T16:28:25.136+0000] {dag.py:3089} INFO - Sync 1 DAGs
[2026-06-16T16:28:25.148+0000] {logging_mixin.py:188} INFO - [2026-06-16T16:28:25.148+0000] {dag.py:3947} INFO - Setting next_dagrun for 01_hello_world to None, run_after=None
[2026-06-16T16:28:25.174+0000] {processor.py:183} INFO - Processing /opt/airflow/dags/dag_01_hello_world.py took 0.093 seconds
[2026-06-16T16:28:56.098+0000] {processor.py:161} INFO - Started process (PID=19913) to work on /opt/airflow/dags/dag_01_hello_world.py
[2026-06-16T16:28:56.102+0000] {processor.py:830} INFO - Processing file /opt/airflow/dags/dag_01_hello_world.py for tasks to queue
[2026-06-16T16:28:56.104+0000] {logging_mixin.py:188} INFO - [2026-06-16T16:28:56.104+0000] {dagbag.py:545} INFO - Filling up the DagBag from /opt/airflow/dags/dag_01_hello_world.py
[2026-06-16T16:28:56.113+0000] {processor.py:840} INFO - DAG(s) '01_hello_world' retrieved from /opt/airflow/dags/dag_01_hello_world.py
[2026-06-16T16:28:56.151+0000] {logging_mixin.py:188} INFO - [2026-06-16T16:28:56.151+0000] {dag.py:3089} INFO - Sync 1 DAGs
[2026-06-16T16:28:56.168+0000] {logging_mixin.py:188} INFO - [2026-06-16T16:28:56.167+0000] {dag.py:3947} INFO - Setting next_dagrun for 01_hello_world to None, run_after=None
[2026-06-16T16:28:56.195+0000] {processor.py:183} INFO - Processing /opt/airflow/dags/dag_01_hello_world.py took 0.104 seconds
[2026-06-16T16:29:27.130+0000] {processor.py:161} INFO - Started process (PID=19953) to work on /opt/airflow/dags/dag_01_hello_world.py
[2026-06-16T16:29:27.140+0000] {processor.py:830} INFO - Processing file /opt/airflow/dags/dag_01_hello_world.py for tasks to queue
[2026-06-16T16:29:27.142+0000] {logging_mixin.py:188} INFO - [2026-06-16T16:29:27.142+0000] {dagbag.py:545} INFO - Filling up the DagBag from /opt/airflow/dags/dag_01_hello_world.py
[2026-06-16T16:29:27.149+0000] {processor.py:840} INFO - DAG(s) '01_hello_world' retrieved from /opt/airflow/dags/dag_01_hello_world.py
[2026-06-16T16:29:27.185+0000] {logging_mixin.py:188} INFO - [2026-06-16T16:29:27.185+0000] {dag.py:3089} INFO - Sync 1 DAGs
[2026-06-16T16:29:27.198+0000] {logging_mixin.py:188} INFO - [2026-06-16T16:29:27.198+0000] {dag.py:3947} INFO - Setting next_dagrun for 01_hello_world to None, run_after=None
[2026-06-16T16:29:27.222+0000] {processor.py:183} INFO - Processing /opt/airflow/dags/dag_01_hello_world.py took 0.100 seconds
[2026-06-16T16:29:58.082+0000] {processor.py:161} INFO - Started process (PID=19993) to work on /opt/airflow/dags/dag_01_hello_world.py
[2026-06-16T16:29:58.083+0000] {processor.py:830} INFO - Processing file /opt/airflow/dags/dag_01_hello_world.py for tasks to queue
[2026-06-16T16:29:58.085+0000] {logging_mixin.py:188} INFO - [2026-06-16T16:29:58.085+0000] {dagbag.py:545} INFO - Filling up the DagBag from /opt/airflow/dags/dag_01_hello_world.py
[2026-06-16T16:29:58.092+0000] {processor.py:840} INFO - DAG(s) '01_hello_world' retrieved from /opt/airflow/dags/dag_01_hello_world.py
[2026-06-16T16:29:58.128+0000] {logging_mixin.py:188} INFO - [2026-06-16T16:29:58.128+0000] {dag.py:3089} INFO - Sync 1 DAGs
[2026-06-16T16:29:58.141+0000] {logging_mixin.py:188} INFO - [2026-06-16T16:29:58.141+0000] {dag.py:3947} INFO - Setting next_dagrun for 01_hello_world to None, run_after=None
[2026-06-16T16:29:58.169+0000] {processor.py:183} INFO - Processing /opt/airflow/dags/dag_01_hello_world.py took 0.094 seconds
[2026-06-16T16:30:28.204+0000] {processor.py:161} INFO - Started process (PID=20033) to work on /opt/airflow/dags/dag_01_hello_world.py
[2026-06-16T16:30:28.206+0000] {processor.py:830} INFO - Processing file /opt/airflow/dags/dag_01_hello_world.py for tasks to queue
[2026-06-16T16:30:28.209+0000] {logging_mixin.py:188} INFO - [2026-06-16T16:30:28.209+0000] {dagbag.py:545} INFO - Filling up the DagBag from /opt/airflow/dags/dag_01_hello_world.py
[2026-06-16T16:30:28.217+0000] {processor.py:840} INFO - DAG(s) '01_hello_world' retrieved from /opt/airflow/dags/dag_01_hello_world.py
[2026-06-16T16:30:28.253+0000] {logging_mixin.py:188} INFO - [2026-06-16T16:30:28.253+0000] {dag.py:3089} INFO - Sync 1 DAGs
[2026-06-16T16:30:28.267+0000] {logging_mixin.py:188} INFO - [2026-06-16T16:30:28.267+0000] {dag.py:3947} INFO - Setting next_dagrun for 01_hello_world to None, run_after=None
[2026-06-16T16:30:28.292+0000] {processor.py:183} INFO - Processing /opt/airflow/dags/dag_01_hello_world.py took 0.097 seconds
[2026-06-16T16:30:59.139+0000] {processor.py:161} INFO - Started process (PID=20073) to work on /opt/airflow/dags/dag_01_hello_world.py
[2026-06-16T16:30:59.140+0000] {processor.py:830} INFO - Processing file /opt/airflow/dags/dag_01_hello_world.py for tasks to queue
[2026-06-16T16:30:59.142+0000] {logging_mixin.py:188} INFO - [2026-06-16T16:30:59.142+0000] {dagbag.py:545} INFO - Filling up the DagBag from /opt/airflow/dags/dag_01_hello_world.py
[2026-06-16T16:30:59.149+0000] {processor.py:840} INFO - DAG(s) '01_hello_world' retrieved from /opt/airflow/dags/dag_01_hello_world.py
[2026-06-16T16:30:59.193+0000] {logging_mixin.py:188} INFO - [2026-06-16T16:30:59.192+0000] {dag.py:3089} INFO - Sync 1 DAGs
[2026-06-16T16:30:59.209+0000] {logging_mixin.py:188} INFO - [2026-06-16T16:30:59.208+0000] {dag.py:3947} INFO - Setting next_dagrun for 01_hello_world to None, run_after=None
[2026-06-16T16:30:59.240+0000] {processor.py:183} INFO - Processing /opt/airflow/dags/dag_01_hello_world.py took 0.107 seconds
[2026-06-16T16:31:30.123+0000] {processor.py:161} INFO - Started process (PID=20113) to work on /opt/airflow/dags/dag_01_hello_world.py
[2026-06-16T16:31:30.134+0000] {processor.py:830} INFO - Processing file /opt/airflow/dags/dag_01_hello_world.py for tasks to queue
[2026-06-16T16:31:30.137+0000] {logging_mixin.py:188} INFO - [2026-06-16T16:31:30.136+0000] {dagbag.py:545} INFO - Filling up the DagBag from /opt/airflow/dags/dag_01_hello_world.py
[2026-06-16T16:31:30.144+0000] {processor.py:840} INFO - DAG(s) '01_hello_world' retrieved from /opt/airflow/dags/dag_01_hello_world.py
[2026-06-16T16:31:30.181+0000] {logging_mixin.py:188} INFO - [2026-06-16T16:31:30.181+0000] {dag.py:3089} INFO - Sync 1 DAGs
[2026-06-16T16:31:30.194+0000] {logging_mixin.py:188} INFO - [2026-06-16T16:31:30.194+0000] {dag.py:3947} INFO - Setting next_dagrun for 01_hello_world to None, run_after=None
[2026-06-16T16:31:30.222+0000] {processor.py:183} INFO - Processing /opt/airflow/dags/dag_01_hello_world.py took 0.105 seconds
[2026-06-16T16:32:00.271+0000] {processor.py:161} INFO - Started process (PID=20153) to work on /opt/airflow/dags/dag_01_hello_world.py
[2026-06-16T16:32:00.272+0000] {processor.py:830} INFO - Processing file /opt/airflow/dags/dag_01_hello_world.py for tasks to queue
[2026-06-16T16:32:00.274+0000] {logging_mixin.py:188} INFO - [2026-06-16T16:32:00.274+0000] {dagbag.py:545} INFO - Filling up the DagBag from /opt/airflow/dags/dag_01_hello_world.py
[2026-06-16T16:32:00.282+0000] {processor.py:840} INFO - DAG(s) '01_hello_world' retrieved from /opt/airflow/dags/dag_01_hello_world.py
[2026-06-16T16:32:00.317+0000] {logging_mixin.py:188} INFO - [2026-06-16T16:32:00.317+0000] {dag.py:3089} INFO - Sync 1 DAGs
[2026-06-16T16:32:00.331+0000] {logging_mixin.py:188} INFO - [2026-06-16T16:32:00.331+0000] {dag.py:3947} INFO - Setting next_dagrun for 01_hello_world to None, run_after=None
[2026-06-16T16:32:00.358+0000] {processor.py:183} INFO - Processing /opt/airflow/dags/dag_01_hello_world.py took 0.094 seconds
[2026-06-16T16:32:30.476+0000] {processor.py:161} INFO - Started process (PID=20193) to work on /opt/airflow/dags/dag_01_hello_world.py
[2026-06-16T16:32:30.478+0000] {processor.py:830} INFO - Processing file /opt/airflow/dags/dag_01_hello_world.py for tasks to queue
[2026-06-16T16:32:30.480+0000] {logging_mixin.py:188} INFO - [2026-06-16T16:32:30.480+0000] {dagbag.py:545} INFO - Filling up the DagBag from /opt/airflow/dags/dag_01_hello_world.py
[2026-06-16T16:32:30.488+0000] {processor.py:840} INFO - DAG(s) '01_hello_world' retrieved from /opt/airflow/dags/dag_01_hello_world.py
[2026-06-16T16:32:30.528+0000] {logging_mixin.py:188} INFO - [2026-06-16T16:32:30.528+0000] {dag.py:3089} INFO - Sync 1 DAGs
[2026-06-16T16:32:30.544+0000] {logging_mixin.py:188} INFO - [2026-06-16T16:32:30.543+0000] {dag.py:3947} INFO - Setting next_dagrun for 01_hello_world to None, run_after=None
[2026-06-16T16:32:30.574+0000] {processor.py:183} INFO - Processing /opt/airflow/dags/dag_01_hello_world.py took 0.105 seconds
[2026-06-16T16:33:00.650+0000] {processor.py:161} INFO - Started process (PID=20233) to work on /opt/airflow/dags/dag_01_hello_world.py
[2026-06-16T16:33:00.651+0000] {processor.py:830} INFO - Processing file /opt/airflow/dags/dag_01_hello_world.py for tasks to queue
[2026-06-16T16:33:00.654+0000] {logging_mixin.py:188} INFO - [2026-06-16T16:33:00.654+0000] {dagbag.py:545} INFO - Filling up the DagBag from /opt/airflow/dags/dag_01_hello_world.py
[2026-06-16T16:33:00.662+0000] {processor.py:840} INFO - DAG(s) '01_hello_world' retrieved from /opt/airflow/dags/dag_01_hello_world.py
[2026-06-16T16:33:00.699+0000] {logging_mixin.py:188} INFO - [2026-06-16T16:33:00.698+0000] {dag.py:3089} INFO - Sync 1 DAGs
[2026-06-16T16:33:00.711+0000] {logging_mixin.py:188} INFO - [2026-06-16T16:33:00.711+0000] {dag.py:3947} INFO - Setting next_dagrun for 01_hello_world to None, run_after=None
[2026-06-16T16:33:00.736+0000] {processor.py:183} INFO - Processing /opt/airflow/dags/dag_01_hello_world.py took 0.093 seconds
[2026-06-16T16:33:30.806+0000] {processor.py:161} INFO - Started process (PID=20273) to work on /opt/airflow/dags/dag_01_hello_world.py
[2026-06-16T16:33:30.817+0000] {processor.py:830} INFO - Processing file /opt/airflow/dags/dag_01_hello_world.py for tasks to queue
[2026-06-16T16:33:30.820+0000] {logging_mixin.py:188} INFO - [2026-06-16T16:33:30.820+0000] {dagbag.py:545} INFO - Filling up the DagBag from /opt/airflow/dags/dag_01_hello_world.py
[2026-06-16T16:33:30.828+0000] {processor.py:840} INFO - DAG(s) '01_hello_world' retrieved from /opt/airflow/dags/dag_01_hello_world.py
[2026-06-16T16:33:30.864+0000] {logging_mixin.py:188} INFO - [2026-06-16T16:33:30.864+0000] {dag.py:3089} INFO - Sync 1 DAGs
[2026-06-16T16:33:30.877+0000] {logging_mixin.py:188} INFO - [2026-06-16T16:33:30.877+0000] {dag.py:3947} INFO - Setting next_dagrun for 01_hello_world to None, run_after=None
[2026-06-16T16:33:30.901+0000] {processor.py:183} INFO - Processing /opt/airflow/dags/dag_01_hello_world.py took 0.102 seconds
[2026-06-16T16:34:01.705+0000] {processor.py:161} INFO - Started process (PID=20313) to work on /opt/airflow/dags/dag_01_hello_world.py
[2026-06-16T16:34:01.706+0000] {processor.py:830} INFO - Processing file /opt/airflow/dags/dag_01_hello_world.py for tasks to queue
[2026-06-16T16:34:01.709+0000] {logging_mixin.py:188} INFO - [2026-06-16T16:34:01.709+0000] {dagbag.py:545} INFO - Filling up the DagBag from /opt/airflow/dags/dag_01_hello_world.py
[2026-06-16T16:34:01.717+0000] {processor.py:840} INFO - DAG(s) '01_hello_world' retrieved from /opt/airflow/dags/dag_01_hello_world.py
[2026-06-16T16:34:01.753+0000] {logging_mixin.py:188} INFO - [2026-06-16T16:34:01.752+0000] {dag.py:3089} INFO - Sync 1 DAGs
[2026-06-16T16:34:01.766+0000] {logging_mixin.py:188} INFO - [2026-06-16T16:34:01.766+0000] {dag.py:3947} INFO - Setting next_dagrun for 01_hello_world to None, run_after=None
[2026-06-16T16:34:01.790+0000] {processor.py:183} INFO - Processing /opt/airflow/dags/dag_01_hello_world.py took 0.092 seconds
[2026-06-16T16:34:31.896+0000] {processor.py:161} INFO - Started process (PID=20353) to work on /opt/airflow/dags/dag_01_hello_world.py
[2026-06-16T16:34:31.897+0000] {processor.py:830} INFO - Processing file /opt/airflow/dags/dag_01_hello_world.py for tasks to queue
[2026-06-16T16:34:31.900+0000] {logging_mixin.py:188} INFO - [2026-06-16T16:34:31.900+0000] {dagbag.py:545} INFO - Filling up the DagBag from /opt/airflow/dags/dag_01_hello_world.py
[2026-06-16T16:34:31.908+0000] {processor.py:840} INFO - DAG(s) '01_hello_world' retrieved from /opt/airflow/dags/dag_01_hello_world.py
[2026-06-16T16:34:31.947+0000] {logging_mixin.py:188} INFO - [2026-06-16T16:34:31.946+0000] {dag.py:3089} INFO - Sync 1 DAGs
[2026-06-16T16:34:31.965+0000] {logging_mixin.py:188} INFO - [2026-06-16T16:34:31.965+0000] {dag.py:3947} INFO - Setting next_dagrun for 01_hello_world to None, run_after=None
[2026-06-16T16:34:31.990+0000] {processor.py:183} INFO - Processing /opt/airflow/dags/dag_01_hello_world.py took 0.101 seconds
[2026-06-16T16:35:02.106+0000] {processor.py:161} INFO - Started process (PID=20393) to work on /opt/airflow/dags/dag_01_hello_world.py
[2026-06-16T16:35:02.108+0000] {processor.py:830} INFO - Processing file /opt/airflow/dags/dag_01_hello_world.py for tasks to queue
[2026-06-16T16:35:02.111+0000] {logging_mixin.py:188} INFO - [2026-06-16T16:35:02.110+0000] {dagbag.py:545} INFO - Filling up the DagBag from /opt/airflow/dags/dag_01_hello_world.py
[2026-06-16T16:35:02.118+0000] {processor.py:840} INFO - DAG(s) '01_hello_world' retrieved from /opt/airflow/dags/dag_01_hello_world.py
[2026-06-16T16:35:02.156+0000] {logging_mixin.py:188} INFO - [2026-06-16T16:35:02.155+0000] {dag.py:3089} INFO - Sync 1 DAGs
[2026-06-16T16:35:02.169+0000] {logging_mixin.py:188} INFO - [2026-06-16T16:35:02.169+0000] {dag.py:3947} INFO - Setting next_dagrun for 01_hello_world to None, run_after=None
[2026-06-16T16:35:02.194+0000] {processor.py:183} INFO - Processing /opt/airflow/dags/dag_01_hello_world.py took 0.094 seconds
[2026-06-16T16:35:32.275+0000] {processor.py:161} INFO - Started process (PID=20433) to work on /opt/airflow/dags/dag_01_hello_world.py
[2026-06-16T16:35:32.286+0000] {processor.py:830} INFO - Processing file /opt/airflow/dags/dag_01_hello_world.py for tasks to queue
[2026-06-16T16:35:32.288+0000] {logging_mixin.py:188} INFO - [2026-06-16T16:35:32.288+0000] {dagbag.py:545} INFO - Filling up the DagBag from /opt/airflow/dags/dag_01_hello_world.py
[2026-06-16T16:35:32.296+0000] {processor.py:840} INFO - DAG(s) '01_hello_world' retrieved from /opt/airflow/dags/dag_01_hello_world.py
[2026-06-16T16:35:32.332+0000] {logging_mixin.py:188} INFO - [2026-06-16T16:35:32.332+0000] {dag.py:3089} INFO - Sync 1 DAGs
[2026-06-16T16:35:32.346+0000] {logging_mixin.py:188} INFO - [2026-06-16T16:35:32.345+0000] {dag.py:3947} INFO - Setting next_dagrun for 01_hello_world to None, run_after=None
[2026-06-16T16:35:32.371+0000] {processor.py:183} INFO - Processing /opt/airflow/dags/dag_01_hello_world.py took 0.102 seconds
[2026-06-16T16:36:02.461+0000] {processor.py:161} INFO - Started process (PID=20473) to work on /opt/airflow/dags/dag_01_hello_world.py
[2026-06-16T16:36:02.472+0000] {processor.py:830} INFO - Processing file /opt/airflow/dags/dag_01_hello_world.py for tasks to queue
[2026-06-16T16:36:02.474+0000] {logging_mixin.py:188} INFO - [2026-06-16T16:36:02.474+0000] {dagbag.py:545} INFO - Filling up the DagBag from /opt/airflow/dags/dag_01_hello_world.py
[2026-06-16T16:36:02.482+0000] {processor.py:840} INFO - DAG(s) '01_hello_world' retrieved from /opt/airflow/dags/dag_01_hello_world.py
[2026-06-16T16:36:02.521+0000] {logging_mixin.py:188} INFO - [2026-06-16T16:36:02.521+0000] {dag.py:3089} INFO - Sync 1 DAGs
[2026-06-16T16:36:02.535+0000] {logging_mixin.py:188} INFO - [2026-06-16T16:36:02.534+0000] {dag.py:3947} INFO - Setting next_dagrun for 01_hello_world to None, run_after=None
[2026-06-16T16:36:02.559+0000] {processor.py:183} INFO - Processing /opt/airflow/dags/dag_01_hello_world.py took 0.105 seconds
[2026-06-16T16:36:32.756+0000] {processor.py:161} INFO - Started process (PID=20513) to work on /opt/airflow/dags/dag_01_hello_world.py
[2026-06-16T16:36:32.757+0000] {processor.py:830} INFO - Processing file /opt/airflow/dags/dag_01_hello_world.py for tasks to queue
[2026-06-16T16:36:32.760+0000] {logging_mixin.py:188} INFO - [2026-06-16T16:36:32.760+0000] {dagbag.py:545} INFO - Filling up the DagBag from /opt/airflow/dags/dag_01_hello_world.py
[2026-06-16T16:36:32.768+0000] {processor.py:840} INFO - DAG(s) '01_hello_world' retrieved from /opt/airflow/dags/dag_01_hello_world.py
[2026-06-16T16:36:32.803+0000] {logging_mixin.py:188} INFO - [2026-06-16T16:36:32.803+0000] {dag.py:3089} INFO - Sync 1 DAGs
[2026-06-16T16:36:32.817+0000] {logging_mixin.py:188} INFO - [2026-06-16T16:36:32.816+0000] {dag.py:3947} INFO - Setting next_dagrun for 01_hello_world to None, run_after=None
[2026-06-16T16:36:32.841+0000] {processor.py:183} INFO - Processing /opt/airflow/dags/dag_01_hello_world.py took 0.091 seconds
[2026-06-16T16:37:02.952+0000] {processor.py:161} INFO - Started process (PID=20553) to work on /opt/airflow/dags/dag_01_hello_world.py
[2026-06-16T16:37:02.953+0000] {processor.py:830} INFO - Processing file /opt/airflow/dags/dag_01_hello_world.py for tasks to queue
[2026-06-16T16:37:02.956+0000] {logging_mixin.py:188} INFO - [2026-06-16T16:37:02.956+0000] {dagbag.py:545} INFO - Filling up the DagBag from /opt/airflow/dags/dag_01_hello_world.py
[2026-06-16T16:37:02.966+0000] {processor.py:840} INFO - DAG(s) '01_hello_world' retrieved from /opt/airflow/dags/dag_01_hello_world.py
[2026-06-16T16:37:03.004+0000] {logging_mixin.py:188} INFO - [2026-06-16T16:37:03.004+0000] {dag.py:3089} INFO - Sync 1 DAGs
[2026-06-16T16:37:03.018+0000] {logging_mixin.py:188} INFO - [2026-06-16T16:37:03.018+0000] {dag.py:3947} INFO - Setting next_dagrun for 01_hello_world to None, run_after=None
[2026-06-16T16:37:03.044+0000] {processor.py:183} INFO - Processing /opt/airflow/dags/dag_01_hello_world.py took 0.104 seconds
[2026-06-16T16:37:33.198+0000] {processor.py:161} INFO - Started process (PID=20593) to work on /opt/airflow/dags/dag_01_hello_world.py
[2026-06-16T16:37:33.209+0000] {processor.py:830} INFO - Processing file /opt/airflow/dags/dag_01_hello_world.py for tasks to queue
[2026-06-16T16:37:33.212+0000] {logging_mixin.py:188} INFO - [2026-06-16T16:37:33.212+0000] {dagbag.py:545} INFO - Filling up the DagBag from /opt/airflow/dags/dag_01_hello_world.py
[2026-06-16T16:37:33.219+0000] {processor.py:840} INFO - DAG(s) '01_hello_world' retrieved from /opt/airflow/dags/dag_01_hello_world.py
[2026-06-16T16:37:33.257+0000] {logging_mixin.py:188} INFO - [2026-06-16T16:37:33.257+0000] {dag.py:3089} INFO - Sync 1 DAGs
[2026-06-16T16:37:33.271+0000] {logging_mixin.py:188} INFO - [2026-06-16T16:37:33.270+0000] {dag.py:3947} INFO - Setting next_dagrun for 01_hello_world to None, run_after=None
[2026-06-16T16:37:33.299+0000] {processor.py:183} INFO - Processing /opt/airflow/dags/dag_01_hello_world.py took 0.107 seconds
[2026-06-16T16:38:03.372+0000] {processor.py:161} INFO - Started process (PID=20633) to work on /opt/airflow/dags/dag_01_hello_world.py
[2026-06-16T16:38:03.373+0000] {processor.py:830} INFO - Processing file /opt/airflow/dags/dag_01_hello_world.py for tasks to queue
[2026-06-16T16:38:03.376+0000] {logging_mixin.py:188} INFO - [2026-06-16T16:38:03.376+0000] {dagbag.py:545} INFO - Filling up the DagBag from /opt/airflow/dags/dag_01_hello_world.py
[2026-06-16T16:38:03.386+0000] {processor.py:840} INFO - DAG(s) '01_hello_world' retrieved from /opt/airflow/dags/dag_01_hello_world.py
[2026-06-16T16:38:03.429+0000] {logging_mixin.py:188} INFO - [2026-06-16T16:38:03.429+0000] {dag.py:3089} INFO - Sync 1 DAGs
[2026-06-16T16:38:03.443+0000] {logging_mixin.py:188} INFO - [2026-06-16T16:38:03.443+0000] {dag.py:3947} INFO - Setting next_dagrun for 01_hello_world to None, run_after=None
[2026-06-16T16:38:03.468+0000] {processor.py:183} INFO - Processing /opt/airflow/dags/dag_01_hello_world.py took 0.104 seconds
[2026-06-16T16:38:33.577+0000] {processor.py:161} INFO - Started process (PID=20673) to work on /opt/airflow/dags/dag_01_hello_world.py
[2026-06-16T16:38:33.579+0000] {processor.py:830} INFO - Processing file /opt/airflow/dags/dag_01_hello_world.py for tasks to queue
[2026-06-16T16:38:33.582+0000] {logging_mixin.py:188} INFO - [2026-06-16T16:38:33.581+0000] {dagbag.py:545} INFO - Filling up the DagBag from /opt/airflow/dags/dag_01_hello_world.py
[2026-06-16T16:38:33.589+0000] {processor.py:840} INFO - DAG(s) '01_hello_world' retrieved from /opt/airflow/dags/dag_01_hello_world.py
[2026-06-16T16:38:33.625+0000] {logging_mixin.py:188} INFO - [2026-06-16T16:38:33.625+0000] {dag.py:3089} INFO - Sync 1 DAGs
[2026-06-16T16:38:33.638+0000] {logging_mixin.py:188} INFO - [2026-06-16T16:38:33.638+0000] {dag.py:3947} INFO - Setting next_dagrun for 01_hello_world to None, run_after=None
[2026-06-16T16:38:33.662+0000] {processor.py:183} INFO - Processing /opt/airflow/dags/dag_01_hello_world.py took 0.092 seconds
[2026-06-16T16:39:03.734+0000] {processor.py:161} INFO - Started process (PID=20713) to work on /opt/airflow/dags/dag_01_hello_world.py
[2026-06-16T16:39:03.736+0000] {processor.py:830} INFO - Processing file /opt/airflow/dags/dag_01_hello_world.py for tasks to queue
[2026-06-16T16:39:03.739+0000] {logging_mixin.py:188} INFO - [2026-06-16T16:39:03.738+0000] {dagbag.py:545} INFO - Filling up the DagBag from /opt/airflow/dags/dag_01_hello_world.py
[2026-06-16T16:39:03.747+0000] {processor.py:840} INFO - DAG(s) '01_hello_world' retrieved from /opt/airflow/dags/dag_01_hello_world.py
[2026-06-16T16:39:03.783+0000] {logging_mixin.py:188} INFO - [2026-06-16T16:39:03.783+0000] {dag.py:3089} INFO - Sync 1 DAGs
[2026-06-16T16:39:03.797+0000] {logging_mixin.py:188} INFO - [2026-06-16T16:39:03.797+0000] {dag.py:3947} INFO - Setting next_dagrun for 01_hello_world to None, run_after=None
[2026-06-16T16:39:03.822+0000] {processor.py:183} INFO - Processing /opt/airflow/dags/dag_01_hello_world.py took 0.096 seconds
[2026-06-16T16:39:33.877+0000] {processor.py:161} INFO - Started process (PID=20753) to work on /opt/airflow/dags/dag_01_hello_world.py
[2026-06-16T16:39:33.888+0000] {processor.py:830} INFO - Processing file /opt/airflow/dags/dag_01_hello_world.py for tasks to queue
[2026-06-16T16:39:33.890+0000] {logging_mixin.py:188} INFO - [2026-06-16T16:39:33.890+0000] {dagbag.py:545} INFO - Filling up the DagBag from /opt/airflow/dags/dag_01_hello_world.py
[2026-06-16T16:39:33.898+0000] {processor.py:840} INFO - DAG(s) '01_hello_world' retrieved from /opt/airflow/dags/dag_01_hello_world.py
[2026-06-16T16:39:33.936+0000] {logging_mixin.py:188} INFO - [2026-06-16T16:39:33.936+0000] {dag.py:3089} INFO - Sync 1 DAGs
[2026-06-16T16:39:33.950+0000] {logging_mixin.py:188} INFO - [2026-06-16T16:39:33.950+0000] {dag.py:3947} INFO - Setting next_dagrun for 01_hello_world to None, run_after=None
[2026-06-16T16:39:33.976+0000] {processor.py:183} INFO - Processing /opt/airflow/dags/dag_01_hello_world.py took 0.108 seconds
[2026-06-16T16:40:04.036+0000] {processor.py:161} INFO - Started process (PID=20793) to work on /opt/airflow/dags/dag_01_hello_world.py
[2026-06-16T16:40:04.037+0000] {processor.py:830} INFO - Processing file /opt/airflow/dags/dag_01_hello_world.py for tasks to queue
[2026-06-16T16:40:04.040+0000] {logging_mixin.py:188} INFO - [2026-06-16T16:40:04.040+0000] {dagbag.py:545} INFO - Filling up the DagBag from /opt/airflow/dags/dag_01_hello_world.py
[2026-06-16T16:40:04.047+0000] {processor.py:840} INFO - DAG(s) '01_hello_world' retrieved from /opt/airflow/dags/dag_01_hello_world.py
[2026-06-16T16:40:04.084+0000] {logging_mixin.py:188} INFO - [2026-06-16T16:40:04.084+0000] {dag.py:3089} INFO - Sync 1 DAGs
[2026-06-16T16:40:04.097+0000] {logging_mixin.py:188} INFO - [2026-06-16T16:40:04.097+0000] {dag.py:3947} INFO - Setting next_dagrun for 01_hello_world to None, run_after=None
[2026-06-16T16:40:04.122+0000] {processor.py:183} INFO - Processing /opt/airflow/dags/dag_01_hello_world.py took 0.094 seconds
[2026-06-16T16:40:34.225+0000] {processor.py:161} INFO - Started process (PID=20833) to work on /opt/airflow/dags/dag_01_hello_world.py
[2026-06-16T16:40:34.236+0000] {processor.py:830} INFO - Processing file /opt/airflow/dags/dag_01_hello_world.py for tasks to queue
[2026-06-16T16:40:34.238+0000] {logging_mixin.py:188} INFO - [2026-06-16T16:40:34.238+0000] {dagbag.py:545} INFO - Filling up the DagBag from /opt/airflow/dags/dag_01_hello_world.py
[2026-06-16T16:40:34.246+0000] {processor.py:840} INFO - DAG(s) '01_hello_world' retrieved from /opt/airflow/dags/dag_01_hello_world.py
[2026-06-16T16:40:34.282+0000] {logging_mixin.py:188} INFO - [2026-06-16T16:40:34.281+0000] {dag.py:3089} INFO - Sync 1 DAGs
[2026-06-16T16:40:34.295+0000] {logging_mixin.py:188} INFO - [2026-06-16T16:40:34.294+0000] {dag.py:3947} INFO - Setting next_dagrun for 01_hello_world to None, run_after=None
[2026-06-16T16:40:34.320+0000] {processor.py:183} INFO - Processing /opt/airflow/dags/dag_01_hello_world.py took 0.101 seconds
[2026-06-16T16:41:04.455+0000] {processor.py:161} INFO - Started process (PID=20873) to work on /opt/airflow/dags/dag_01_hello_world.py
[2026-06-16T16:41:04.456+0000] {processor.py:830} INFO - Processing file /opt/airflow/dags/dag_01_hello_world.py for tasks to queue
[2026-06-16T16:41:04.459+0000] {logging_mixin.py:188} INFO - [2026-06-16T16:41:04.459+0000] {dagbag.py:545} INFO - Filling up the DagBag from /opt/airflow/dags/dag_01_hello_world.py
[2026-06-16T16:41:04.467+0000] {processor.py:840} INFO - DAG(s) '01_hello_world' retrieved from /opt/airflow/dags/dag_01_hello_world.py
[2026-06-16T16:41:04.503+0000] {logging_mixin.py:188} INFO - [2026-06-16T16:41:04.503+0000] {dag.py:3089} INFO - Sync 1 DAGs
[2026-06-16T16:41:04.516+0000] {logging_mixin.py:188} INFO - [2026-06-16T16:41:04.516+0000] {dag.py:3947} INFO - Setting next_dagrun for 01_hello_world to None, run_after=None
[2026-06-16T16:41:04.541+0000] {processor.py:183} INFO - Processing /opt/airflow/dags/dag_01_hello_world.py took 0.093 seconds
[2026-06-16T16:41:34.627+0000] {processor.py:161} INFO - Started process (PID=20913) to work on /opt/airflow/dags/dag_01_hello_world.py
[2026-06-16T16:41:34.628+0000] {processor.py:830} INFO - Processing file /opt/airflow/dags/dag_01_hello_world.py for tasks to queue
[2026-06-16T16:41:34.632+0000] {logging_mixin.py:188} INFO - [2026-06-16T16:41:34.631+0000] {dagbag.py:545} INFO - Filling up the DagBag from /opt/airflow/dags/dag_01_hello_world.py
[2026-06-16T16:41:34.641+0000] {processor.py:840} INFO - DAG(s) '01_hello_world' retrieved from /opt/airflow/dags/dag_01_hello_world.py
[2026-06-16T16:41:34.681+0000] {logging_mixin.py:188} INFO - [2026-06-16T16:41:34.681+0000] {dag.py:3089} INFO - Sync 1 DAGs
[2026-06-16T16:41:34.695+0000] {logging_mixin.py:188} INFO - [2026-06-16T16:41:34.695+0000] {dag.py:3947} INFO - Setting next_dagrun for 01_hello_world to None, run_after=None
[2026-06-16T16:41:34.719+0000] {processor.py:183} INFO - Processing /opt/airflow/dags/dag_01_hello_world.py took 0.102 seconds
[2026-06-16T16:42:04.818+0000] {processor.py:161} INFO - Started process (PID=20953) to work on /opt/airflow/dags/dag_01_hello_world.py
[2026-06-16T16:42:04.819+0000] {processor.py:830} INFO - Processing file /opt/airflow/dags/dag_01_hello_world.py for tasks to queue
[2026-06-16T16:42:04.822+0000] {logging_mixin.py:188} INFO - [2026-06-16T16:42:04.821+0000] {dagbag.py:545} INFO - Filling up the DagBag from /opt/airflow/dags/dag_01_hello_world.py
[2026-06-16T16:42:04.829+0000] {processor.py:840} INFO - DAG(s) '01_hello_world' retrieved from /opt/airflow/dags/dag_01_hello_world.py
[2026-06-16T16:42:04.869+0000] {logging_mixin.py:188} INFO - [2026-06-16T16:42:04.868+0000] {dag.py:3089} INFO - Sync 1 DAGs
[2026-06-16T16:42:04.883+0000] {logging_mixin.py:188} INFO - [2026-06-16T16:42:04.883+0000] {dag.py:3947} INFO - Setting next_dagrun for 01_hello_world to None, run_after=None
[2026-06-16T16:42:04.910+0000] {processor.py:183} INFO - Processing /opt/airflow/dags/dag_01_hello_world.py took 0.099 seconds
[2026-06-16T16:42:35.855+0000] {processor.py:161} INFO - Started process (PID=20993) to work on /opt/airflow/dags/dag_01_hello_world.py
[2026-06-16T16:42:35.859+0000] {processor.py:830} INFO - Processing file /opt/airflow/dags/dag_01_hello_world.py for tasks to queue
[2026-06-16T16:42:35.861+0000] {logging_mixin.py:188} INFO - [2026-06-16T16:42:35.861+0000] {dagbag.py:545} INFO - Filling up the DagBag from /opt/airflow/dags/dag_01_hello_world.py
[2026-06-16T16:42:35.869+0000] {processor.py:840} INFO - DAG(s) '01_hello_world' retrieved from /opt/airflow/dags/dag_01_hello_world.py
[2026-06-16T16:42:35.905+0000] {logging_mixin.py:188} INFO - [2026-06-16T16:42:35.905+0000] {dag.py:3089} INFO - Sync 1 DAGs
[2026-06-16T16:42:35.918+0000] {logging_mixin.py:188} INFO - [2026-06-16T16:42:35.918+0000] {dag.py:3947} INFO - Setting next_dagrun for 01_hello_world to None, run_after=None
[2026-06-16T16:42:35.943+0000] {processor.py:183} INFO - Processing /opt/airflow/dags/dag_01_hello_world.py took 0.094 seconds
[2026-06-16T16:43:06.074+0000] {processor.py:161} INFO - Started process (PID=21033) to work on /opt/airflow/dags/dag_01_hello_world.py
[2026-06-16T16:43:06.075+0000] {processor.py:830} INFO - Processing file /opt/airflow/dags/dag_01_hello_world.py for tasks to queue
[2026-06-16T16:43:06.078+0000] {logging_mixin.py:188} INFO - [2026-06-16T16:43:06.077+0000] {dagbag.py:545} INFO - Filling up the DagBag from /opt/airflow/dags/dag_01_hello_world.py
[2026-06-16T16:43:06.085+0000] {processor.py:840} INFO - DAG(s) '01_hello_world' retrieved from /opt/airflow/dags/dag_01_hello_world.py
[2026-06-16T16:43:06.120+0000] {logging_mixin.py:188} INFO - [2026-06-16T16:43:06.120+0000] {dag.py:3089} INFO - Sync 1 DAGs
[2026-06-16T16:43:06.134+0000] {logging_mixin.py:188} INFO - [2026-06-16T16:43:06.133+0000] {dag.py:3947} INFO - Setting next_dagrun for 01_hello_world to None, run_after=None
[2026-06-16T16:43:06.157+0000] {processor.py:183} INFO - Processing /opt/airflow/dags/dag_01_hello_world.py took 0.090 seconds
[2026-06-16T16:43:36.293+0000] {processor.py:161} INFO - Started process (PID=21073) to work on /opt/airflow/dags/dag_01_hello_world.py
[2026-06-16T16:43:36.295+0000] {processor.py:830} INFO - Processing file /opt/airflow/dags/dag_01_hello_world.py for tasks to queue
[2026-06-16T16:43:36.298+0000] {logging_mixin.py:188} INFO - [2026-06-16T16:43:36.297+0000] {dagbag.py:545} INFO - Filling up the DagBag from /opt/airflow/dags/dag_01_hello_world.py
[2026-06-16T16:43:36.306+0000] {processor.py:840} INFO - DAG(s) '01_hello_world' retrieved from /opt/airflow/dags/dag_01_hello_world.py
[2026-06-16T16:43:36.348+0000] {logging_mixin.py:188} INFO - [2026-06-16T16:43:36.347+0000] {dag.py:3089} INFO - Sync 1 DAGs
[2026-06-16T16:43:36.364+0000] {logging_mixin.py:188} INFO - [2026-06-16T16:43:36.364+0000] {dag.py:3947} INFO - Setting next_dagrun for 01_hello_world to None, run_after=None
[2026-06-16T16:43:36.391+0000] {processor.py:183} INFO - Processing /opt/airflow/dags/dag_01_hello_world.py took 0.106 seconds
[2026-06-16T16:44:06.549+0000] {processor.py:161} INFO - Started process (PID=21113) to work on /opt/airflow/dags/dag_01_hello_world.py
[2026-06-16T16:44:06.550+0000] {processor.py:830} INFO - Processing file /opt/airflow/dags/dag_01_hello_world.py for tasks to queue
[2026-06-16T16:44:06.552+0000] {logging_mixin.py:188} INFO - [2026-06-16T16:44:06.552+0000] {dagbag.py:545} INFO - Filling up the DagBag from /opt/airflow/dags/dag_01_hello_world.py
[2026-06-16T16:44:06.560+0000] {processor.py:840} INFO - DAG(s) '01_hello_world' retrieved from /opt/airflow/dags/dag_01_hello_world.py
[2026-06-16T16:44:06.595+0000] {logging_mixin.py:188} INFO - [2026-06-16T16:44:06.595+0000] {dag.py:3089} INFO - Sync 1 DAGs
[2026-06-16T16:44:06.608+0000] {logging_mixin.py:188} INFO - [2026-06-16T16:44:06.608+0000] {dag.py:3947} INFO - Setting next_dagrun for 01_hello_world to None, run_after=None
[2026-06-16T16:44:06.633+0000] {processor.py:183} INFO - Processing /opt/airflow/dags/dag_01_hello_world.py took 0.090 seconds
[2026-06-16T16:44:36.712+0000] {processor.py:161} INFO - Started process (PID=21153) to work on /opt/airflow/dags/dag_01_hello_world.py
[2026-06-16T16:44:36.714+0000] {processor.py:830} INFO - Processing file /opt/airflow/dags/dag_01_hello_world.py for tasks to queue
[2026-06-16T16:44:36.717+0000] {logging_mixin.py:188} INFO - [2026-06-16T16:44:36.717+0000] {dagbag.py:545} INFO - Filling up the DagBag from /opt/airflow/dags/dag_01_hello_world.py
[2026-06-16T16:44:36.725+0000] {processor.py:840} INFO - DAG(s) '01_hello_world' retrieved from /opt/airflow/dags/dag_01_hello_world.py
[2026-06-16T16:44:36.762+0000] {logging_mixin.py:188} INFO - [2026-06-16T16:44:36.762+0000] {dag.py:3089} INFO - Sync 1 DAGs
[2026-06-16T16:44:36.777+0000] {logging_mixin.py:188} INFO - [2026-06-16T16:44:36.777+0000] {dag.py:3947} INFO - Setting next_dagrun for 01_hello_world to None, run_after=None
[2026-06-16T16:44:36.803+0000] {processor.py:183} INFO - Processing /opt/airflow/dags/dag_01_hello_world.py took 0.100 seconds
[2026-06-16T16:45:06.915+0000] {processor.py:161} INFO - Started process (PID=21193) to work on /opt/airflow/dags/dag_01_hello_world.py
[2026-06-16T16:45:06.916+0000] {processor.py:830} INFO - Processing file /opt/airflow/dags/dag_01_hello_world.py for tasks to queue
[2026-06-16T16:45:06.919+0000] {logging_mixin.py:188} INFO - [2026-06-16T16:45:06.918+0000] {dagbag.py:545} INFO - Filling up the DagBag from /opt/airflow/dags/dag_01_hello_world.py
[2026-06-16T16:45:06.926+0000] {processor.py:840} INFO - DAG(s) '01_hello_world' retrieved from /opt/airflow/dags/dag_01_hello_world.py
[2026-06-16T16:45:06.962+0000] {logging_mixin.py:188} INFO - [2026-06-16T16:45:06.962+0000] {dag.py:3089} INFO - Sync 1 DAGs
[2026-06-16T16:45:06.975+0000] {logging_mixin.py:188} INFO - [2026-06-16T16:45:06.975+0000] {dag.py:3947} INFO - Setting next_dagrun for 01_hello_world to None, run_after=None
[2026-06-16T16:45:07.001+0000] {processor.py:183} INFO - Processing /opt/airflow/dags/dag_01_hello_world.py took 0.093 seconds
[2026-06-16T16:45:37.111+0000] {processor.py:161} INFO - Started process (PID=21233) to work on /opt/airflow/dags/dag_01_hello_world.py
[2026-06-16T16:45:37.114+0000] {processor.py:830} INFO - Processing file /opt/airflow/dags/dag_01_hello_world.py for tasks to queue
[2026-06-16T16:45:37.116+0000] {logging_mixin.py:188} INFO - [2026-06-16T16:45:37.116+0000] {dagbag.py:545} INFO - Filling up the DagBag from /opt/airflow/dags/dag_01_hello_world.py
[2026-06-16T16:45:37.123+0000] {processor.py:840} INFO - DAG(s) '01_hello_world' retrieved from /opt/airflow/dags/dag_01_hello_world.py
[2026-06-16T16:45:37.159+0000] {logging_mixin.py:188} INFO - [2026-06-16T16:45:37.159+0000] {dag.py:3089} INFO - Sync 1 DAGs
[2026-06-16T16:45:37.172+0000] {logging_mixin.py:188} INFO - [2026-06-16T16:45:37.171+0000] {dag.py:3947} INFO - Setting next_dagrun for 01_hello_world to None, run_after=None
[2026-06-16T16:45:37.196+0000] {processor.py:183} INFO - Processing /opt/airflow/dags/dag_01_hello_world.py took 0.091 seconds
[2026-06-16T16:46:07.986+0000] {processor.py:161} INFO - Started process (PID=21273) to work on /opt/airflow/dags/dag_01_hello_world.py
[2026-06-16T16:46:07.987+0000] {processor.py:830} INFO - Processing file /opt/airflow/dags/dag_01_hello_world.py for tasks to queue
[2026-06-16T16:46:07.991+0000] {logging_mixin.py:188} INFO - [2026-06-16T16:46:07.990+0000] {dagbag.py:545} INFO - Filling up the DagBag from /opt/airflow/dags/dag_01_hello_world.py
[2026-06-16T16:46:08.000+0000] {processor.py:840} INFO - DAG(s) '01_hello_world' retrieved from /opt/airflow/dags/dag_01_hello_world.py
[2026-06-16T16:46:08.040+0000] {logging_mixin.py:188} INFO - [2026-06-16T16:46:08.039+0000] {dag.py:3089} INFO - Sync 1 DAGs
[2026-06-16T16:46:08.054+0000] {logging_mixin.py:188} INFO - [2026-06-16T16:46:08.054+0000] {dag.py:3947} INFO - Setting next_dagrun for 01_hello_world to None, run_after=None
[2026-06-16T16:46:08.079+0000] {processor.py:183} INFO - Processing /opt/airflow/dags/dag_01_hello_world.py took 0.100 seconds
[2026-06-16T16:46:38.174+0000] {processor.py:161} INFO - Started process (PID=21313) to work on /opt/airflow/dags/dag_01_hello_world.py
[2026-06-16T16:46:38.185+0000] {processor.py:830} INFO - Processing file /opt/airflow/dags/dag_01_hello_world.py for tasks to queue
[2026-06-16T16:46:38.187+0000] {logging_mixin.py:188} INFO - [2026-06-16T16:46:38.187+0000] {dagbag.py:545} INFO - Filling up the DagBag from /opt/airflow/dags/dag_01_hello_world.py
[2026-06-16T16:46:38.194+0000] {processor.py:840} INFO - DAG(s) '01_hello_world' retrieved from /opt/airflow/dags/dag_01_hello_world.py
[2026-06-16T16:46:38.233+0000] {logging_mixin.py:188} INFO - [2026-06-16T16:46:38.232+0000] {dag.py:3089} INFO - Sync 1 DAGs
[2026-06-16T16:46:38.246+0000] {logging_mixin.py:188} INFO - [2026-06-16T16:46:38.245+0000] {dag.py:3947} INFO - Setting next_dagrun for 01_hello_world to None, run_after=None
[2026-06-16T16:46:38.271+0000] {processor.py:183} INFO - Processing /opt/airflow/dags/dag_01_hello_world.py took 0.103 seconds
[2026-06-16T16:47:09.298+0000] {processor.py:161} INFO - Started process (PID=21353) to work on /opt/airflow/dags/dag_01_hello_world.py
[2026-06-16T16:47:09.308+0000] {processor.py:830} INFO - Processing file /opt/airflow/dags/dag_01_hello_world.py for tasks to queue
[2026-06-16T16:47:09.311+0000] {logging_mixin.py:188} INFO - [2026-06-16T16:47:09.311+0000] {dagbag.py:545} INFO - Filling up the DagBag from /opt/airflow/dags/dag_01_hello_world.py
[2026-06-16T16:47:09.319+0000] {processor.py:840} INFO - DAG(s) '01_hello_world' retrieved from /opt/airflow/dags/dag_01_hello_world.py
[2026-06-16T16:47:09.358+0000] {logging_mixin.py:188} INFO - [2026-06-16T16:47:09.358+0000] {dag.py:3089} INFO - Sync 1 DAGs
[2026-06-16T16:47:09.375+0000] {logging_mixin.py:188} INFO - [2026-06-16T16:47:09.374+0000] {dag.py:3947} INFO - Setting next_dagrun for 01_hello_world to None, run_after=None
[2026-06-16T16:47:09.401+0000] {processor.py:183} INFO - Processing /opt/airflow/dags/dag_01_hello_world.py took 0.111 seconds
[2026-06-16T16:47:39.533+0000] {processor.py:161} INFO - Started process (PID=21393) to work on /opt/airflow/dags/dag_01_hello_world.py
[2026-06-16T16:47:39.544+0000] {processor.py:830} INFO - Processing file /opt/airflow/dags/dag_01_hello_world.py for tasks to queue
[2026-06-16T16:47:39.547+0000] {logging_mixin.py:188} INFO - [2026-06-16T16:47:39.546+0000] {dagbag.py:545} INFO - Filling up the DagBag from /opt/airflow/dags/dag_01_hello_world.py
[2026-06-16T16:47:39.554+0000] {processor.py:840} INFO - DAG(s) '01_hello_world' retrieved from /opt/airflow/dags/dag_01_hello_world.py
[2026-06-16T16:47:39.590+0000] {logging_mixin.py:188} INFO - [2026-06-16T16:47:39.590+0000] {dag.py:3089} INFO - Sync 1 DAGs
[2026-06-16T16:47:39.605+0000] {logging_mixin.py:188} INFO - [2026-06-16T16:47:39.604+0000] {dag.py:3947} INFO - Setting next_dagrun for 01_hello_world to None, run_after=None
[2026-06-16T16:47:39.627+0000] {processor.py:183} INFO - Processing /opt/airflow/dags/dag_01_hello_world.py took 0.101 seconds
[2026-06-16T16:48:09.759+0000] {processor.py:161} INFO - Started process (PID=21433) to work on /opt/airflow/dags/dag_01_hello_world.py
[2026-06-16T16:48:09.760+0000] {processor.py:830} INFO - Processing file /opt/airflow/dags/dag_01_hello_world.py for tasks to queue
[2026-06-16T16:48:09.763+0000] {logging_mixin.py:188} INFO - [2026-06-16T16:48:09.762+0000] {dagbag.py:545} INFO - Filling up the DagBag from /opt/airflow/dags/dag_01_hello_world.py
[2026-06-16T16:48:09.770+0000] {processor.py:840} INFO - DAG(s) '01_hello_world' retrieved from /opt/airflow/dags/dag_01_hello_world.py
[2026-06-16T16:48:09.807+0000] {logging_mixin.py:188} INFO - [2026-06-16T16:48:09.806+0000] {dag.py:3089} INFO - Sync 1 DAGs
[2026-06-16T16:48:09.822+0000] {logging_mixin.py:188} INFO - [2026-06-16T16:48:09.821+0000] {dag.py:3947} INFO - Setting next_dagrun for 01_hello_world to None, run_after=None
[2026-06-16T16:48:09.848+0000] {processor.py:183} INFO - Processing /opt/airflow/dags/dag_01_hello_world.py took 0.097 seconds
[2026-06-16T16:48:39.959+0000] {processor.py:161} INFO - Started process (PID=21473) to work on /opt/airflow/dags/dag_01_hello_world.py
[2026-06-16T16:48:39.969+0000] {processor.py:830} INFO - Processing file /opt/airflow/dags/dag_01_hello_world.py for tasks to queue
[2026-06-16T16:48:39.972+0000] {logging_mixin.py:188} INFO - [2026-06-16T16:48:39.972+0000] {dagbag.py:545} INFO - Filling up the DagBag from /opt/airflow/dags/dag_01_hello_world.py
[2026-06-16T16:48:39.979+0000] {processor.py:840} INFO - DAG(s) '01_hello_world' retrieved from /opt/airflow/dags/dag_01_hello_world.py
[2026-06-16T16:48:40.016+0000] {logging_mixin.py:188} INFO - [2026-06-16T16:48:40.015+0000] {dag.py:3089} INFO - Sync 1 DAGs
[2026-06-16T16:48:40.030+0000] {logging_mixin.py:188} INFO - [2026-06-16T16:48:40.030+0000] {dag.py:3947} INFO - Setting next_dagrun for 01_hello_world to None, run_after=None
[2026-06-16T16:48:40.054+0000] {processor.py:183} INFO - Processing /opt/airflow/dags/dag_01_hello_world.py took 0.102 seconds
[2026-06-16T16:49:10.119+0000] {processor.py:161} INFO - Started process (PID=21513) to work on /opt/airflow/dags/dag_01_hello_world.py
[2026-06-16T16:49:10.119+0000] {processor.py:830} INFO - Processing file /opt/airflow/dags/dag_01_hello_world.py for tasks to queue
[2026-06-16T16:49:10.122+0000] {logging_mixin.py:188} INFO - [2026-06-16T16:49:10.121+0000] {dagbag.py:545} INFO - Filling up the DagBag from /opt/airflow/dags/dag_01_hello_world.py
[2026-06-16T16:49:10.129+0000] {processor.py:840} INFO - DAG(s) '01_hello_world' retrieved from /opt/airflow/dags/dag_01_hello_world.py
[2026-06-16T16:49:10.167+0000] {logging_mixin.py:188} INFO - [2026-06-16T16:49:10.167+0000] {dag.py:3089} INFO - Sync 1 DAGs
[2026-06-16T16:49:10.182+0000] {logging_mixin.py:188} INFO - [2026-06-16T16:49:10.182+0000] {dag.py:3947} INFO - Setting next_dagrun for 01_hello_world to None, run_after=None
[2026-06-16T16:49:10.209+0000] {processor.py:183} INFO - Processing /opt/airflow/dags/dag_01_hello_world.py took 0.097 seconds
[2026-06-16T16:49:41.174+0000] {processor.py:161} INFO - Started process (PID=21556) to work on /opt/airflow/dags/dag_01_hello_world.py
[2026-06-16T16:49:41.175+0000] {processor.py:830} INFO - Processing file /opt/airflow/dags/dag_01_hello_world.py for tasks to queue
[2026-06-16T16:49:41.178+0000] {logging_mixin.py:188} INFO - [2026-06-16T16:49:41.177+0000] {dagbag.py:545} INFO - Filling up the DagBag from /opt/airflow/dags/dag_01_hello_world.py
[2026-06-16T16:49:41.189+0000] {processor.py:840} INFO - DAG(s) '01_hello_world' retrieved from /opt/airflow/dags/dag_01_hello_world.py
[2026-06-16T16:49:41.238+0000] {logging_mixin.py:188} INFO - [2026-06-16T16:49:41.238+0000] {dag.py:3089} INFO - Sync 1 DAGs
[2026-06-16T16:49:41.264+0000] {logging_mixin.py:188} INFO - [2026-06-16T16:49:41.264+0000] {dag.py:3947} INFO - Setting next_dagrun for 01_hello_world to None, run_after=None
[2026-06-16T16:49:41.290+0000] {processor.py:183} INFO - Processing /opt/airflow/dags/dag_01_hello_world.py took 0.124 seconds
[2026-06-16T16:50:12.176+0000] {processor.py:161} INFO - Started process (PID=21596) to work on /opt/airflow/dags/dag_01_hello_world.py
[2026-06-16T16:50:12.178+0000] {processor.py:830} INFO - Processing file /opt/airflow/dags/dag_01_hello_world.py for tasks to queue
[2026-06-16T16:50:12.180+0000] {logging_mixin.py:188} INFO - [2026-06-16T16:50:12.180+0000] {dagbag.py:545} INFO - Filling up the DagBag from /opt/airflow/dags/dag_01_hello_world.py
[2026-06-16T16:50:12.190+0000] {processor.py:840} INFO - DAG(s) '01_hello_world' retrieved from /opt/airflow/dags/dag_01_hello_world.py
[2026-06-16T16:50:12.234+0000] {logging_mixin.py:188} INFO - [2026-06-16T16:50:12.234+0000] {dag.py:3089} INFO - Sync 1 DAGs
[2026-06-16T16:50:12.252+0000] {logging_mixin.py:188} INFO - [2026-06-16T16:50:12.252+0000] {dag.py:3947} INFO - Setting next_dagrun for 01_hello_world to None, run_after=None
[2026-06-16T16:50:12.287+0000] {processor.py:183} INFO - Processing /opt/airflow/dags/dag_01_hello_world.py took 0.120 seconds
[2026-06-16T16:50:43.150+0000] {processor.py:161} INFO - Started process (PID=21636) to work on /opt/airflow/dags/dag_01_hello_world.py
[2026-06-16T16:50:43.152+0000] {processor.py:830} INFO - Processing file /opt/airflow/dags/dag_01_hello_world.py for tasks to queue
[2026-06-16T16:50:43.154+0000] {logging_mixin.py:188} INFO - [2026-06-16T16:50:43.154+0000] {dagbag.py:545} INFO - Filling up the DagBag from /opt/airflow/dags/dag_01_hello_world.py
[2026-06-16T16:50:43.164+0000] {processor.py:840} INFO - DAG(s) '01_hello_world' retrieved from /opt/airflow/dags/dag_01_hello_world.py
[2026-06-16T16:50:43.216+0000] {logging_mixin.py:188} INFO - [2026-06-16T16:50:43.215+0000] {dag.py:3089} INFO - Sync 1 DAGs
[2026-06-16T16:50:43.236+0000] {logging_mixin.py:188} INFO - [2026-06-16T16:50:43.236+0000] {dag.py:3947} INFO - Setting next_dagrun for 01_hello_world to None, run_after=None
[2026-06-16T16:50:43.260+0000] {processor.py:183} INFO - Processing /opt/airflow/dags/dag_01_hello_world.py took 0.120 seconds
[2026-06-16T16:51:14.258+0000] {processor.py:161} INFO - Started process (PID=21676) to work on /opt/airflow/dags/dag_01_hello_world.py
[2026-06-16T16:51:14.259+0000] {processor.py:830} INFO - Processing file /opt/airflow/dags/dag_01_hello_world.py for tasks to queue
[2026-06-16T16:51:14.261+0000] {logging_mixin.py:188} INFO - [2026-06-16T16:51:14.260+0000] {dagbag.py:545} INFO - Filling up the DagBag from /opt/airflow/dags/dag_01_hello_world.py
[2026-06-16T16:51:14.269+0000] {processor.py:840} INFO - DAG(s) '01_hello_world' retrieved from /opt/airflow/dags/dag_01_hello_world.py
[2026-06-16T16:51:14.308+0000] {logging_mixin.py:188} INFO - [2026-06-16T16:51:14.308+0000] {dag.py:3089} INFO - Sync 1 DAGs
[2026-06-16T16:51:14.325+0000] {logging_mixin.py:188} INFO - [2026-06-16T16:51:14.325+0000] {dag.py:3947} INFO - Setting next_dagrun for 01_hello_world to None, run_after=None
[2026-06-16T16:51:14.353+0000] {processor.py:183} INFO - Processing /opt/airflow/dags/dag_01_hello_world.py took 0.104 seconds
[2026-06-16T16:51:45.199+0000] {processor.py:161} INFO - Started process (PID=21716) to work on /opt/airflow/dags/dag_01_hello_world.py
[2026-06-16T16:51:45.201+0000] {processor.py:830} INFO - Processing file /opt/airflow/dags/dag_01_hello_world.py for tasks to queue
[2026-06-16T16:51:45.203+0000] {logging_mixin.py:188} INFO - [2026-06-16T16:51:45.202+0000] {dagbag.py:545} INFO - Filling up the DagBag from /opt/airflow/dags/dag_01_hello_world.py
[2026-06-16T16:51:45.211+0000] {processor.py:840} INFO - DAG(s) '01_hello_world' retrieved from /opt/airflow/dags/dag_01_hello_world.py
[2026-06-16T16:51:45.249+0000] {logging_mixin.py:188} INFO - [2026-06-16T16:51:45.249+0000] {dag.py:3089} INFO - Sync 1 DAGs
[2026-06-16T16:51:45.267+0000] {logging_mixin.py:188} INFO - [2026-06-16T16:51:45.266+0000] {dag.py:3947} INFO - Setting next_dagrun for 01_hello_world to None, run_after=None
[2026-06-16T16:51:45.298+0000] {processor.py:183} INFO - Processing /opt/airflow/dags/dag_01_hello_world.py took 0.106 seconds
[2026-06-16T16:52:16.192+0000] {processor.py:161} INFO - Started process (PID=21756) to work on /opt/airflow/dags/dag_01_hello_world.py
[2026-06-16T16:52:16.193+0000] {processor.py:830} INFO - Processing file /opt/airflow/dags/dag_01_hello_world.py for tasks to queue
[2026-06-16T16:52:16.195+0000] {logging_mixin.py:188} INFO - [2026-06-16T16:52:16.195+0000] {dagbag.py:545} INFO - Filling up the DagBag from /opt/airflow/dags/dag_01_hello_world.py
[2026-06-16T16:52:16.203+0000] {processor.py:840} INFO - DAG(s) '01_hello_world' retrieved from /opt/airflow/dags/dag_01_hello_world.py
[2026-06-16T16:52:16.244+0000] {logging_mixin.py:188} INFO - [2026-06-16T16:52:16.244+0000] {dag.py:3089} INFO - Sync 1 DAGs
[2026-06-16T16:52:16.264+0000] {logging_mixin.py:188} INFO - [2026-06-16T16:52:16.263+0000] {dag.py:3947} INFO - Setting next_dagrun for 01_hello_world to None, run_after=None
[2026-06-16T16:52:16.290+0000] {processor.py:183} INFO - Processing /opt/airflow/dags/dag_01_hello_world.py took 0.105 seconds
[2026-06-16T16:52:47.206+0000] {processor.py:161} INFO - Started process (PID=21796) to work on /opt/airflow/dags/dag_01_hello_world.py
[2026-06-16T16:52:47.208+0000] {processor.py:830} INFO - Processing file /opt/airflow/dags/dag_01_hello_world.py for tasks to queue
[2026-06-16T16:52:47.210+0000] {logging_mixin.py:188} INFO - [2026-06-16T16:52:47.210+0000] {dagbag.py:545} INFO - Filling up the DagBag from /opt/airflow/dags/dag_01_hello_world.py
[2026-06-16T16:52:47.221+0000] {processor.py:840} INFO - DAG(s) '01_hello_world' retrieved from /opt/airflow/dags/dag_01_hello_world.py
[2026-06-16T16:52:47.271+0000] {logging_mixin.py:188} INFO - [2026-06-16T16:52:47.271+0000] {dag.py:3089} INFO - Sync 1 DAGs
[2026-06-16T16:52:47.291+0000] {logging_mixin.py:188} INFO - [2026-06-16T16:52:47.291+0000] {dag.py:3947} INFO - Setting next_dagrun for 01_hello_world to None, run_after=None
[2026-06-16T16:52:47.316+0000] {processor.py:183} INFO - Processing /opt/airflow/dags/dag_01_hello_world.py took 0.121 seconds
[2026-06-16T16:53:18.268+0000] {processor.py:161} INFO - Started process (PID=21836) to work on /opt/airflow/dags/dag_01_hello_world.py
[2026-06-16T16:53:18.270+0000] {processor.py:830} INFO - Processing file /opt/airflow/dags/dag_01_hello_world.py for tasks to queue
[2026-06-16T16:53:18.272+0000] {logging_mixin.py:188} INFO - [2026-06-16T16:53:18.272+0000] {dagbag.py:545} INFO - Filling up the DagBag from /opt/airflow/dags/dag_01_hello_world.py
[2026-06-16T16:53:18.283+0000] {processor.py:840} INFO - DAG(s) '01_hello_world' retrieved from /opt/airflow/dags/dag_01_hello_world.py
[2026-06-16T16:53:18.324+0000] {logging_mixin.py:188} INFO - [2026-06-16T16:53:18.324+0000] {dag.py:3089} INFO - Sync 1 DAGs
[2026-06-16T16:53:18.342+0000] {logging_mixin.py:188} INFO - [2026-06-16T16:53:18.341+0000] {dag.py:3947} INFO - Setting next_dagrun for 01_hello_world to None, run_after=None
[2026-06-16T16:53:18.368+0000] {processor.py:183} INFO - Processing /opt/airflow/dags/dag_01_hello_world.py took 0.108 seconds
[2026-06-16T16:53:49.237+0000] {processor.py:161} INFO - Started process (PID=21876) to work on /opt/airflow/dags/dag_01_hello_world.py
[2026-06-16T16:53:49.239+0000] {processor.py:830} INFO - Processing file /opt/airflow/dags/dag_01_hello_world.py for tasks to queue
[2026-06-16T16:53:49.242+0000] {logging_mixin.py:188} INFO - [2026-06-16T16:53:49.242+0000] {dagbag.py:545} INFO - Filling up the DagBag from /opt/airflow/dags/dag_01_hello_world.py
[2026-06-16T16:53:49.252+0000] {processor.py:840} INFO - DAG(s) '01_hello_world' retrieved from /opt/airflow/dags/dag_01_hello_world.py
[2026-06-16T16:53:49.295+0000] {logging_mixin.py:188} INFO - [2026-06-16T16:53:49.295+0000] {dag.py:3089} INFO - Sync 1 DAGs
[2026-06-16T16:53:49.317+0000] {logging_mixin.py:188} INFO - [2026-06-16T16:53:49.316+0000] {dag.py:3947} INFO - Setting next_dagrun for 01_hello_world to None, run_after=None
[2026-06-16T16:53:49.346+0000] {processor.py:183} INFO - Processing /opt/airflow/dags/dag_01_hello_world.py took 0.118 seconds
[2026-06-16T16:54:20.216+0000] {processor.py:161} INFO - Started process (PID=21916) to work on /opt/airflow/dags/dag_01_hello_world.py
[2026-06-16T16:54:20.217+0000] {processor.py:830} INFO - Processing file /opt/airflow/dags/dag_01_hello_world.py for tasks to queue
[2026-06-16T16:54:20.219+0000] {logging_mixin.py:188} INFO - [2026-06-16T16:54:20.219+0000] {dagbag.py:545} INFO - Filling up the DagBag from /opt/airflow/dags/dag_01_hello_world.py
[2026-06-16T16:54:20.228+0000] {processor.py:840} INFO - DAG(s) '01_hello_world' retrieved from /opt/airflow/dags/dag_01_hello_world.py
[2026-06-16T16:54:20.266+0000] {logging_mixin.py:188} INFO - [2026-06-16T16:54:20.266+0000] {dag.py:3089} INFO - Sync 1 DAGs
[2026-06-16T16:54:20.280+0000] {logging_mixin.py:188} INFO - [2026-06-16T16:54:20.280+0000] {dag.py:3947} INFO - Setting next_dagrun for 01_hello_world to None, run_after=None
[2026-06-16T16:54:20.306+0000] {processor.py:183} INFO - Processing /opt/airflow/dags/dag_01_hello_world.py took 0.097 seconds
[2026-06-16T16:54:51.347+0000] {processor.py:161} INFO - Started process (PID=21956) to work on /opt/airflow/dags/dag_01_hello_world.py
[2026-06-16T16:54:51.348+0000] {processor.py:830} INFO - Processing file /opt/airflow/dags/dag_01_hello_world.py for tasks to queue
[2026-06-16T16:54:51.350+0000] {logging_mixin.py:188} INFO - [2026-06-16T16:54:51.350+0000] {dagbag.py:545} INFO - Filling up the DagBag from /opt/airflow/dags/dag_01_hello_world.py
[2026-06-16T16:54:51.358+0000] {processor.py:840} INFO - DAG(s) '01_hello_world' retrieved from /opt/airflow/dags/dag_01_hello_world.py
[2026-06-16T16:54:51.396+0000] {logging_mixin.py:188} INFO - [2026-06-16T16:54:51.396+0000] {dag.py:3089} INFO - Sync 1 DAGs
[2026-06-16T16:54:51.411+0000] {logging_mixin.py:188} INFO - [2026-06-16T16:54:51.411+0000] {dag.py:3947} INFO - Setting next_dagrun for 01_hello_world to None, run_after=None
[2026-06-16T16:54:51.436+0000] {processor.py:183} INFO - Processing /opt/airflow/dags/dag_01_hello_world.py took 0.096 seconds
[2026-06-16T16:55:22.338+0000] {processor.py:161} INFO - Started process (PID=21996) to work on /opt/airflow/dags/dag_01_hello_world.py
[2026-06-16T16:55:22.340+0000] {processor.py:830} INFO - Processing file /opt/airflow/dags/dag_01_hello_world.py for tasks to queue
[2026-06-16T16:55:22.342+0000] {logging_mixin.py:188} INFO - [2026-06-16T16:55:22.342+0000] {dagbag.py:545} INFO - Filling up the DagBag from /opt/airflow/dags/dag_01_hello_world.py
[2026-06-16T16:55:22.352+0000] {processor.py:840} INFO - DAG(s) '01_hello_world' retrieved from /opt/airflow/dags/dag_01_hello_world.py
[2026-06-16T16:55:22.397+0000] {logging_mixin.py:188} INFO - [2026-06-16T16:55:22.397+0000] {dag.py:3089} INFO - Sync 1 DAGs
[2026-06-16T16:55:22.412+0000] {logging_mixin.py:188} INFO - [2026-06-16T16:55:22.412+0000] {dag.py:3947} INFO - Setting next_dagrun for 01_hello_world to None, run_after=None
[2026-06-16T16:55:22.439+0000] {processor.py:183} INFO - Processing /opt/airflow/dags/dag_01_hello_world.py took 0.110 seconds
[2026-06-16T16:55:52.511+0000] {processor.py:161} INFO - Started process (PID=22036) to work on /opt/airflow/dags/dag_01_hello_world.py
[2026-06-16T16:55:52.513+0000] {processor.py:830} INFO - Processing file /opt/airflow/dags/dag_01_hello_world.py for tasks to queue
[2026-06-16T16:55:52.515+0000] {logging_mixin.py:188} INFO - [2026-06-16T16:55:52.515+0000] {dagbag.py:545} INFO - Filling up the DagBag from /opt/airflow/dags/dag_01_hello_world.py
[2026-06-16T16:55:52.526+0000] {processor.py:840} INFO - DAG(s) '01_hello_world' retrieved from /opt/airflow/dags/dag_01_hello_world.py
[2026-06-16T16:55:52.568+0000] {logging_mixin.py:188} INFO - [2026-06-16T16:55:52.567+0000] {dag.py:3089} INFO - Sync 1 DAGs
[2026-06-16T16:55:52.592+0000] {logging_mixin.py:188} INFO - [2026-06-16T16:55:52.592+0000] {dag.py:3947} INFO - Setting next_dagrun for 01_hello_world to None, run_after=None
[2026-06-16T16:55:52.616+0000] {processor.py:183} INFO - Processing /opt/airflow/dags/dag_01_hello_world.py took 0.114 seconds
[2026-06-16T16:56:23.577+0000] {processor.py:161} INFO - Started process (PID=22076) to work on /opt/airflow/dags/dag_01_hello_world.py
[2026-06-16T16:56:23.580+0000] {processor.py:830} INFO - Processing file /opt/airflow/dags/dag_01_hello_world.py for tasks to queue
[2026-06-16T16:56:23.583+0000] {logging_mixin.py:188} INFO - [2026-06-16T16:56:23.582+0000] {dagbag.py:545} INFO - Filling up the DagBag from /opt/airflow/dags/dag_01_hello_world.py
[2026-06-16T16:56:23.593+0000] {processor.py:840} INFO - DAG(s) '01_hello_world' retrieved from /opt/airflow/dags/dag_01_hello_world.py
[2026-06-16T16:56:23.642+0000] {logging_mixin.py:188} INFO - [2026-06-16T16:56:23.641+0000] {dag.py:3089} INFO - Sync 1 DAGs
[2026-06-16T16:56:23.663+0000] {logging_mixin.py:188} INFO - [2026-06-16T16:56:23.662+0000] {dag.py:3947} INFO - Setting next_dagrun for 01_hello_world to None, run_after=None
[2026-06-16T16:56:23.695+0000] {processor.py:183} INFO - Processing /opt/airflow/dags/dag_01_hello_world.py took 0.125 seconds
[2026-06-16T16:56:54.726+0000] {processor.py:161} INFO - Started process (PID=22116) to work on /opt/airflow/dags/dag_01_hello_world.py
[2026-06-16T16:56:54.727+0000] {processor.py:830} INFO - Processing file /opt/airflow/dags/dag_01_hello_world.py for tasks to queue
[2026-06-16T16:56:54.730+0000] {logging_mixin.py:188} INFO - [2026-06-16T16:56:54.729+0000] {dagbag.py:545} INFO - Filling up the DagBag from /opt/airflow/dags/dag_01_hello_world.py
[2026-06-16T16:56:54.740+0000] {processor.py:840} INFO - DAG(s) '01_hello_world' retrieved from /opt/airflow/dags/dag_01_hello_world.py
[2026-06-16T16:56:54.784+0000] {logging_mixin.py:188} INFO - [2026-06-16T16:56:54.783+0000] {dag.py:3089} INFO - Sync 1 DAGs
[2026-06-16T16:56:54.800+0000] {logging_mixin.py:188} INFO - [2026-06-16T16:56:54.799+0000] {dag.py:3947} INFO - Setting next_dagrun for 01_hello_world to None, run_after=None
[2026-06-16T16:56:54.825+0000] {processor.py:183} INFO - Processing /opt/airflow/dags/dag_01_hello_world.py took 0.108 seconds
[2026-06-16T16:57:24.869+0000] {processor.py:161} INFO - Started process (PID=22153) to work on /opt/airflow/dags/dag_01_hello_world.py
[2026-06-16T16:57:24.880+0000] {processor.py:830} INFO - Processing file /opt/airflow/dags/dag_01_hello_world.py for tasks to queue
[2026-06-16T16:57:24.883+0000] {logging_mixin.py:188} INFO - [2026-06-16T16:57:24.882+0000] {dagbag.py:545} INFO - Filling up the DagBag from /opt/airflow/dags/dag_01_hello_world.py
[2026-06-16T16:57:24.890+0000] {processor.py:840} INFO - DAG(s) '01_hello_world' retrieved from /opt/airflow/dags/dag_01_hello_world.py
[2026-06-16T16:57:24.930+0000] {logging_mixin.py:188} INFO - [2026-06-16T16:57:24.930+0000] {dag.py:3089} INFO - Sync 1 DAGs
[2026-06-16T16:57:24.944+0000] {logging_mixin.py:188} INFO - [2026-06-16T16:57:24.944+0000] {dag.py:3947} INFO - Setting next_dagrun for 01_hello_world to None, run_after=None
[2026-06-16T16:57:24.968+0000] {processor.py:183} INFO - Processing /opt/airflow/dags/dag_01_hello_world.py took 0.107 seconds
[2026-06-16T16:57:55.964+0000] {processor.py:161} INFO - Started process (PID=22196) to work on /opt/airflow/dags/dag_01_hello_world.py
[2026-06-16T16:57:55.965+0000] {processor.py:830} INFO - Processing file /opt/airflow/dags/dag_01_hello_world.py for tasks to queue
[2026-06-16T16:57:55.968+0000] {logging_mixin.py:188} INFO - [2026-06-16T16:57:55.967+0000] {dagbag.py:545} INFO - Filling up the DagBag from /opt/airflow/dags/dag_01_hello_world.py
[2026-06-16T16:57:55.977+0000] {processor.py:840} INFO - DAG(s) '01_hello_world' retrieved from /opt/airflow/dags/dag_01_hello_world.py
[2026-06-16T16:57:56.017+0000] {logging_mixin.py:188} INFO - [2026-06-16T16:57:56.017+0000] {dag.py:3089} INFO - Sync 1 DAGs
[2026-06-16T16:57:56.034+0000] {logging_mixin.py:188} INFO - [2026-06-16T16:57:56.034+0000] {dag.py:3947} INFO - Setting next_dagrun for 01_hello_world to None, run_after=None
[2026-06-16T16:57:56.060+0000] {processor.py:183} INFO - Processing /opt/airflow/dags/dag_01_hello_world.py took 0.104 seconds
[2026-06-16T16:58:27.072+0000] {processor.py:161} INFO - Started process (PID=22236) to work on /opt/airflow/dags/dag_01_hello_world.py
[2026-06-16T16:58:27.073+0000] {processor.py:830} INFO - Processing file /opt/airflow/dags/dag_01_hello_world.py for tasks to queue
[2026-06-16T16:58:27.075+0000] {logging_mixin.py:188} INFO - [2026-06-16T16:58:27.075+0000] {dagbag.py:545} INFO - Filling up the DagBag from /opt/airflow/dags/dag_01_hello_world.py
[2026-06-16T16:58:27.085+0000] {processor.py:840} INFO - DAG(s) '01_hello_world' retrieved from /opt/airflow/dags/dag_01_hello_world.py
[2026-06-16T16:58:27.125+0000] {logging_mixin.py:188} INFO - [2026-06-16T16:58:27.125+0000] {dag.py:3089} INFO - Sync 1 DAGs
[2026-06-16T16:58:27.143+0000] {logging_mixin.py:188} INFO - [2026-06-16T16:58:27.143+0000] {dag.py:3947} INFO - Setting next_dagrun for 01_hello_world to None, run_after=None
[2026-06-16T16:58:27.169+0000] {processor.py:183} INFO - Processing /opt/airflow/dags/dag_01_hello_world.py took 0.106 seconds
[2026-06-16T16:58:58.166+0000] {processor.py:161} INFO - Started process (PID=22276) to work on /opt/airflow/dags/dag_01_hello_world.py
[2026-06-16T16:58:58.167+0000] {processor.py:830} INFO - Processing file /opt/airflow/dags/dag_01_hello_world.py for tasks to queue
[2026-06-16T16:58:58.169+0000] {logging_mixin.py:188} INFO - [2026-06-16T16:58:58.169+0000] {dagbag.py:545} INFO - Filling up the DagBag from /opt/airflow/dags/dag_01_hello_world.py
[2026-06-16T16:58:58.177+0000] {processor.py:840} INFO - DAG(s) '01_hello_world' retrieved from /opt/airflow/dags/dag_01_hello_world.py
[2026-06-16T16:58:58.221+0000] {logging_mixin.py:188} INFO - [2026-06-16T16:58:58.221+0000] {dag.py:3089} INFO - Sync 1 DAGs
[2026-06-16T16:58:58.235+0000] {logging_mixin.py:188} INFO - [2026-06-16T16:58:58.235+0000] {dag.py:3947} INFO - Setting next_dagrun for 01_hello_world to None, run_after=None
[2026-06-16T16:58:58.260+0000] {processor.py:183} INFO - Processing /opt/airflow/dags/dag_01_hello_world.py took 0.101 seconds
[2026-06-16T16:59:29.118+0000] {processor.py:161} INFO - Started process (PID=22316) to work on /opt/airflow/dags/dag_01_hello_world.py
[2026-06-16T16:59:29.119+0000] {processor.py:830} INFO - Processing file /opt/airflow/dags/dag_01_hello_world.py for tasks to queue
[2026-06-16T16:59:29.121+0000] {logging_mixin.py:188} INFO - [2026-06-16T16:59:29.121+0000] {dagbag.py:545} INFO - Filling up the DagBag from /opt/airflow/dags/dag_01_hello_world.py
[2026-06-16T16:59:29.133+0000] {processor.py:840} INFO - DAG(s) '01_hello_world' retrieved from /opt/airflow/dags/dag_01_hello_world.py
[2026-06-16T16:59:29.175+0000] {logging_mixin.py:188} INFO - [2026-06-16T16:59:29.175+0000] {dag.py:3089} INFO - Sync 1 DAGs
[2026-06-16T16:59:29.193+0000] {logging_mixin.py:188} INFO - [2026-06-16T16:59:29.192+0000] {dag.py:3947} INFO - Setting next_dagrun for 01_hello_world to None, run_after=None
[2026-06-16T16:59:29.219+0000] {processor.py:183} INFO - Processing /opt/airflow/dags/dag_01_hello_world.py took 0.110 seconds
[2026-06-16T17:00:00.211+0000] {processor.py:161} INFO - Started process (PID=22356) to work on /opt/airflow/dags/dag_01_hello_world.py
[2026-06-16T17:00:00.213+0000] {processor.py:830} INFO - Processing file /opt/airflow/dags/dag_01_hello_world.py for tasks to queue
[2026-06-16T17:00:00.215+0000] {logging_mixin.py:188} INFO - [2026-06-16T17:00:00.214+0000] {dagbag.py:545} INFO - Filling up the DagBag from /opt/airflow/dags/dag_01_hello_world.py
[2026-06-16T17:00:00.222+0000] {processor.py:840} INFO - DAG(s) '01_hello_world' retrieved from /opt/airflow/dags/dag_01_hello_world.py
[2026-06-16T17:00:00.262+0000] {logging_mixin.py:188} INFO - [2026-06-16T17:00:00.262+0000] {dag.py:3089} INFO - Sync 1 DAGs
[2026-06-16T17:00:00.279+0000] {logging_mixin.py:188} INFO - [2026-06-16T17:00:00.279+0000] {dag.py:3947} INFO - Setting next_dagrun for 01_hello_world to None, run_after=None
[2026-06-16T17:00:00.304+0000] {processor.py:183} INFO - Processing /opt/airflow/dags/dag_01_hello_world.py took 0.100 seconds
[2026-06-16T17:00:31.171+0000] {processor.py:161} INFO - Started process (PID=22396) to work on /opt/airflow/dags/dag_01_hello_world.py
[2026-06-16T17:00:31.174+0000] {processor.py:830} INFO - Processing file /opt/airflow/dags/dag_01_hello_world.py for tasks to queue
[2026-06-16T17:00:31.176+0000] {logging_mixin.py:188} INFO - [2026-06-16T17:00:31.176+0000] {dagbag.py:545} INFO - Filling up the DagBag from /opt/airflow/dags/dag_01_hello_world.py
[2026-06-16T17:00:31.184+0000] {processor.py:840} INFO - DAG(s) '01_hello_world' retrieved from /opt/airflow/dags/dag_01_hello_world.py
[2026-06-16T17:00:31.224+0000] {logging_mixin.py:188} INFO - [2026-06-16T17:00:31.223+0000] {dag.py:3089} INFO - Sync 1 DAGs
[2026-06-16T17:00:31.238+0000] {logging_mixin.py:188} INFO - [2026-06-16T17:00:31.237+0000] {dag.py:3947} INFO - Setting next_dagrun for 01_hello_world to None, run_after=None
[2026-06-16T17:00:31.263+0000] {processor.py:183} INFO - Processing /opt/airflow/dags/dag_01_hello_world.py took 0.099 seconds
[2026-06-16T17:01:02.113+0000] {processor.py:161} INFO - Started process (PID=22436) to work on /opt/airflow/dags/dag_01_hello_world.py
[2026-06-16T17:01:02.114+0000] {processor.py:830} INFO - Processing file /opt/airflow/dags/dag_01_hello_world.py for tasks to queue
[2026-06-16T17:01:02.117+0000] {logging_mixin.py:188} INFO - [2026-06-16T17:01:02.116+0000] {dagbag.py:545} INFO - Filling up the DagBag from /opt/airflow/dags/dag_01_hello_world.py
[2026-06-16T17:01:02.127+0000] {processor.py:840} INFO - DAG(s) '01_hello_world' retrieved from /opt/airflow/dags/dag_01_hello_world.py
[2026-06-16T17:01:02.173+0000] {logging_mixin.py:188} INFO - [2026-06-16T17:01:02.172+0000] {dag.py:3089} INFO - Sync 1 DAGs
[2026-06-16T17:01:02.191+0000] {logging_mixin.py:188} INFO - [2026-06-16T17:01:02.191+0000] {dag.py:3947} INFO - Setting next_dagrun for 01_hello_world to None, run_after=None
[2026-06-16T17:01:02.216+0000] {processor.py:183} INFO - Processing /opt/airflow/dags/dag_01_hello_world.py took 0.111 seconds
[2026-06-16T17:01:33.217+0000] {processor.py:161} INFO - Started process (PID=22476) to work on /opt/airflow/dags/dag_01_hello_world.py
[2026-06-16T17:01:33.219+0000] {processor.py:830} INFO - Processing file /opt/airflow/dags/dag_01_hello_world.py for tasks to queue
[2026-06-16T17:01:33.221+0000] {logging_mixin.py:188} INFO - [2026-06-16T17:01:33.220+0000] {dagbag.py:545} INFO - Filling up the DagBag from /opt/airflow/dags/dag_01_hello_world.py
[2026-06-16T17:01:33.228+0000] {processor.py:840} INFO - DAG(s) '01_hello_world' retrieved from /opt/airflow/dags/dag_01_hello_world.py
[2026-06-16T17:01:33.267+0000] {logging_mixin.py:188} INFO - [2026-06-16T17:01:33.266+0000] {dag.py:3089} INFO - Sync 1 DAGs
[2026-06-16T17:01:33.281+0000] {logging_mixin.py:188} INFO - [2026-06-16T17:01:33.281+0000] {dag.py:3947} INFO - Setting next_dagrun for 01_hello_world to None, run_after=None
[2026-06-16T17:01:33.306+0000] {processor.py:183} INFO - Processing /opt/airflow/dags/dag_01_hello_world.py took 0.096 seconds
[2026-06-16T17:02:04.149+0000] {processor.py:161} INFO - Started process (PID=22516) to work on /opt/airflow/dags/dag_01_hello_world.py
[2026-06-16T17:02:04.150+0000] {processor.py:830} INFO - Processing file /opt/airflow/dags/dag_01_hello_world.py for tasks to queue
[2026-06-16T17:02:04.152+0000] {logging_mixin.py:188} INFO - [2026-06-16T17:02:04.152+0000] {dagbag.py:545} INFO - Filling up the DagBag from /opt/airflow/dags/dag_01_hello_world.py
[2026-06-16T17:02:04.160+0000] {processor.py:840} INFO - DAG(s) '01_hello_world' retrieved from /opt/airflow/dags/dag_01_hello_world.py
[2026-06-16T17:02:04.200+0000] {logging_mixin.py:188} INFO - [2026-06-16T17:02:04.200+0000] {dag.py:3089} INFO - Sync 1 DAGs
[2026-06-16T17:02:04.215+0000] {logging_mixin.py:188} INFO - [2026-06-16T17:02:04.215+0000] {dag.py:3947} INFO - Setting next_dagrun for 01_hello_world to None, run_after=None
[2026-06-16T17:02:04.242+0000] {processor.py:183} INFO - Processing /opt/airflow/dags/dag_01_hello_world.py took 0.101 seconds
[2026-06-16T17:02:35.102+0000] {processor.py:161} INFO - Started process (PID=22556) to work on /opt/airflow/dags/dag_01_hello_world.py
[2026-06-16T17:02:35.104+0000] {processor.py:830} INFO - Processing file /opt/airflow/dags/dag_01_hello_world.py for tasks to queue
[2026-06-16T17:02:35.106+0000] {logging_mixin.py:188} INFO - [2026-06-16T17:02:35.106+0000] {dagbag.py:545} INFO - Filling up the DagBag from /opt/airflow/dags/dag_01_hello_world.py
[2026-06-16T17:02:35.114+0000] {processor.py:840} INFO - DAG(s) '01_hello_world' retrieved from /opt/airflow/dags/dag_01_hello_world.py
[2026-06-16T17:02:35.153+0000] {logging_mixin.py:188} INFO - [2026-06-16T17:02:35.153+0000] {dag.py:3089} INFO - Sync 1 DAGs
[2026-06-16T17:02:35.167+0000] {logging_mixin.py:188} INFO - [2026-06-16T17:02:35.167+0000] {dag.py:3947} INFO - Setting next_dagrun for 01_hello_world to None, run_after=None
[2026-06-16T17:02:35.193+0000] {processor.py:183} INFO - Processing /opt/airflow/dags/dag_01_hello_world.py took 0.099 seconds
[2026-06-16T17:03:06.162+0000] {processor.py:161} INFO - Started process (PID=22596) to work on /opt/airflow/dags/dag_01_hello_world.py
[2026-06-16T17:03:06.165+0000] {processor.py:830} INFO - Processing file /opt/airflow/dags/dag_01_hello_world.py for tasks to queue
[2026-06-16T17:03:06.167+0000] {logging_mixin.py:188} INFO - [2026-06-16T17:03:06.167+0000] {dagbag.py:545} INFO - Filling up the DagBag from /opt/airflow/dags/dag_01_hello_world.py
[2026-06-16T17:03:06.175+0000] {processor.py:840} INFO - DAG(s) '01_hello_world' retrieved from /opt/airflow/dags/dag_01_hello_world.py
[2026-06-16T17:03:06.214+0000] {logging_mixin.py:188} INFO - [2026-06-16T17:03:06.214+0000] {dag.py:3089} INFO - Sync 1 DAGs
[2026-06-16T17:03:06.228+0000] {logging_mixin.py:188} INFO - [2026-06-16T17:03:06.228+0000] {dag.py:3947} INFO - Setting next_dagrun for 01_hello_world to None, run_after=None
[2026-06-16T17:03:06.253+0000] {processor.py:183} INFO - Processing /opt/airflow/dags/dag_01_hello_world.py took 0.098 seconds
[2026-06-16T17:03:37.244+0000] {processor.py:161} INFO - Started process (PID=22636) to work on /opt/airflow/dags/dag_01_hello_world.py
[2026-06-16T17:03:37.245+0000] {processor.py:830} INFO - Processing file /opt/airflow/dags/dag_01_hello_world.py for tasks to queue
[2026-06-16T17:03:37.247+0000] {logging_mixin.py:188} INFO - [2026-06-16T17:03:37.246+0000] {dagbag.py:545} INFO - Filling up the DagBag from /opt/airflow/dags/dag_01_hello_world.py
[2026-06-16T17:03:37.255+0000] {processor.py:840} INFO - DAG(s) '01_hello_world' retrieved from /opt/airflow/dags/dag_01_hello_world.py
[2026-06-16T17:03:37.293+0000] {logging_mixin.py:188} INFO - [2026-06-16T17:03:37.292+0000] {dag.py:3089} INFO - Sync 1 DAGs
[2026-06-16T17:03:37.306+0000] {logging_mixin.py:188} INFO - [2026-06-16T17:03:37.306+0000] {dag.py:3947} INFO - Setting next_dagrun for 01_hello_world to None, run_after=None
[2026-06-16T17:03:37.331+0000] {processor.py:183} INFO - Processing /opt/airflow/dags/dag_01_hello_world.py took 0.094 seconds
[2026-06-16T17:04:07.379+0000] {processor.py:161} INFO - Started process (PID=22673) to work on /opt/airflow/dags/dag_01_hello_world.py
[2026-06-16T17:04:07.380+0000] {processor.py:830} INFO - Processing file /opt/airflow/dags/dag_01_hello_world.py for tasks to queue
[2026-06-16T17:04:07.383+0000] {logging_mixin.py:188} INFO - [2026-06-16T17:04:07.382+0000] {dagbag.py:545} INFO - Filling up the DagBag from /opt/airflow/dags/dag_01_hello_world.py
[2026-06-16T17:04:07.392+0000] {processor.py:840} INFO - DAG(s) '01_hello_world' retrieved from /opt/airflow/dags/dag_01_hello_world.py
[2026-06-16T17:04:07.434+0000] {logging_mixin.py:188} INFO - [2026-06-16T17:04:07.433+0000] {dag.py:3089} INFO - Sync 1 DAGs
[2026-06-16T17:04:07.450+0000] {logging_mixin.py:188} INFO - [2026-06-16T17:04:07.450+0000] {dag.py:3947} INFO - Setting next_dagrun for 01_hello_world to None, run_after=None
[2026-06-16T17:04:07.476+0000] {processor.py:183} INFO - Processing /opt/airflow/dags/dag_01_hello_world.py took 0.104 seconds
[2026-06-16T17:04:37.612+0000] {processor.py:161} INFO - Started process (PID=22716) to work on /opt/airflow/dags/dag_01_hello_world.py
[2026-06-16T17:04:37.613+0000] {processor.py:830} INFO - Processing file /opt/airflow/dags/dag_01_hello_world.py for tasks to queue
[2026-06-16T17:04:37.616+0000] {logging_mixin.py:188} INFO - [2026-06-16T17:04:37.615+0000] {dagbag.py:545} INFO - Filling up the DagBag from /opt/airflow/dags/dag_01_hello_world.py
[2026-06-16T17:04:37.624+0000] {processor.py:840} INFO - DAG(s) '01_hello_world' retrieved from /opt/airflow/dags/dag_01_hello_world.py
[2026-06-16T17:04:37.663+0000] {logging_mixin.py:188} INFO - [2026-06-16T17:04:37.663+0000] {dag.py:3089} INFO - Sync 1 DAGs
[2026-06-16T17:04:37.677+0000] {logging_mixin.py:188} INFO - [2026-06-16T17:04:37.677+0000] {dag.py:3947} INFO - Setting next_dagrun for 01_hello_world to None, run_after=None
[2026-06-16T17:04:37.703+0000] {processor.py:183} INFO - Processing /opt/airflow/dags/dag_01_hello_world.py took 0.099 seconds
[2026-06-16T17:05:07.829+0000] {processor.py:161} INFO - Started process (PID=22756) to work on /opt/airflow/dags/dag_01_hello_world.py
[2026-06-16T17:05:07.831+0000] {processor.py:830} INFO - Processing file /opt/airflow/dags/dag_01_hello_world.py for tasks to queue
[2026-06-16T17:05:07.833+0000] {logging_mixin.py:188} INFO - [2026-06-16T17:05:07.833+0000] {dagbag.py:545} INFO - Filling up the DagBag from /opt/airflow/dags/dag_01_hello_world.py
[2026-06-16T17:05:07.841+0000] {processor.py:840} INFO - DAG(s) '01_hello_world' retrieved from /opt/airflow/dags/dag_01_hello_world.py
[2026-06-16T17:05:07.882+0000] {logging_mixin.py:188} INFO - [2026-06-16T17:05:07.881+0000] {dag.py:3089} INFO - Sync 1 DAGs
[2026-06-16T17:05:07.895+0000] {logging_mixin.py:188} INFO - [2026-06-16T17:05:07.895+0000] {dag.py:3947} INFO - Setting next_dagrun for 01_hello_world to None, run_after=None
[2026-06-16T17:05:07.920+0000] {processor.py:183} INFO - Processing /opt/airflow/dags/dag_01_hello_world.py took 0.099 seconds
[2026-06-16T17:05:38.057+0000] {processor.py:161} INFO - Started process (PID=22796) to work on /opt/airflow/dags/dag_01_hello_world.py
[2026-06-16T17:05:38.058+0000] {processor.py:830} INFO - Processing file /opt/airflow/dags/dag_01_hello_world.py for tasks to queue
[2026-06-16T17:05:38.060+0000] {logging_mixin.py:188} INFO - [2026-06-16T17:05:38.059+0000] {dagbag.py:545} INFO - Filling up the DagBag from /opt/airflow/dags/dag_01_hello_world.py
[2026-06-16T17:05:38.068+0000] {processor.py:840} INFO - DAG(s) '01_hello_world' retrieved from /opt/airflow/dags/dag_01_hello_world.py
[2026-06-16T17:05:38.107+0000] {logging_mixin.py:188} INFO - [2026-06-16T17:05:38.107+0000] {dag.py:3089} INFO - Sync 1 DAGs
[2026-06-16T17:05:38.121+0000] {logging_mixin.py:188} INFO - [2026-06-16T17:05:38.121+0000] {dag.py:3947} INFO - Setting next_dagrun for 01_hello_world to None, run_after=None
[2026-06-16T17:05:38.147+0000] {processor.py:183} INFO - Processing /opt/airflow/dags/dag_01_hello_world.py took 0.098 seconds
[2026-06-16T17:06:08.275+0000] {processor.py:161} INFO - Started process (PID=22836) to work on /opt/airflow/dags/dag_01_hello_world.py
[2026-06-16T17:06:08.276+0000] {processor.py:830} INFO - Processing file /opt/airflow/dags/dag_01_hello_world.py for tasks to queue
[2026-06-16T17:06:08.279+0000] {logging_mixin.py:188} INFO - [2026-06-16T17:06:08.279+0000] {dagbag.py:545} INFO - Filling up the DagBag from /opt/airflow/dags/dag_01_hello_world.py
[2026-06-16T17:06:08.291+0000] {processor.py:840} INFO - DAG(s) '01_hello_world' retrieved from /opt/airflow/dags/dag_01_hello_world.py
[2026-06-16T17:06:08.333+0000] {logging_mixin.py:188} INFO - [2026-06-16T17:06:08.332+0000] {dag.py:3089} INFO - Sync 1 DAGs
[2026-06-16T17:06:08.348+0000] {logging_mixin.py:188} INFO - [2026-06-16T17:06:08.348+0000] {dag.py:3947} INFO - Setting next_dagrun for 01_hello_world to None, run_after=None
[2026-06-16T17:06:08.374+0000] {processor.py:183} INFO - Processing /opt/airflow/dags/dag_01_hello_world.py took 0.109 seconds
[2026-06-16T17:06:39.040+0000] {processor.py:161} INFO - Started process (PID=22876) to work on /opt/airflow/dags/dag_01_hello_world.py
[2026-06-16T17:06:39.041+0000] {processor.py:830} INFO - Processing file /opt/airflow/dags/dag_01_hello_world.py for tasks to queue
[2026-06-16T17:06:39.043+0000] {logging_mixin.py:188} INFO - [2026-06-16T17:06:39.043+0000] {dagbag.py:545} INFO - Filling up the DagBag from /opt/airflow/dags/dag_01_hello_world.py
[2026-06-16T17:06:39.054+0000] {processor.py:840} INFO - DAG(s) '01_hello_world' retrieved from /opt/airflow/dags/dag_01_hello_world.py
[2026-06-16T17:06:39.097+0000] {logging_mixin.py:188} INFO - [2026-06-16T17:06:39.097+0000] {dag.py:3089} INFO - Sync 1 DAGs
[2026-06-16T17:06:39.116+0000] {logging_mixin.py:188} INFO - [2026-06-16T17:06:39.116+0000] {dag.py:3947} INFO - Setting next_dagrun for 01_hello_world to None, run_after=None
[2026-06-16T17:06:39.143+0000] {processor.py:183} INFO - Processing /opt/airflow/dags/dag_01_hello_world.py took 0.112 seconds
[2026-06-16T17:07:10.126+0000] {processor.py:161} INFO - Started process (PID=22916) to work on /opt/airflow/dags/dag_01_hello_world.py
[2026-06-16T17:07:10.127+0000] {processor.py:830} INFO - Processing file /opt/airflow/dags/dag_01_hello_world.py for tasks to queue
[2026-06-16T17:07:10.129+0000] {logging_mixin.py:188} INFO - [2026-06-16T17:07:10.129+0000] {dagbag.py:545} INFO - Filling up the DagBag from /opt/airflow/dags/dag_01_hello_world.py
[2026-06-16T17:07:10.144+0000] {processor.py:840} INFO - DAG(s) '01_hello_world' retrieved from /opt/airflow/dags/dag_01_hello_world.py
[2026-06-16T17:07:10.187+0000] {logging_mixin.py:188} INFO - [2026-06-16T17:07:10.187+0000] {dag.py:3089} INFO - Sync 1 DAGs
[2026-06-16T17:07:10.205+0000] {logging_mixin.py:188} INFO - [2026-06-16T17:07:10.205+0000] {dag.py:3947} INFO - Setting next_dagrun for 01_hello_world to None, run_after=None
[2026-06-16T17:07:10.230+0000] {processor.py:183} INFO - Processing /opt/airflow/dags/dag_01_hello_world.py took 0.113 seconds
[2026-06-16T17:07:41.120+0000] {processor.py:161} INFO - Started process (PID=22956) to work on /opt/airflow/dags/dag_01_hello_world.py
[2026-06-16T17:07:41.121+0000] {processor.py:830} INFO - Processing file /opt/airflow/dags/dag_01_hello_world.py for tasks to queue
[2026-06-16T17:07:41.123+0000] {logging_mixin.py:188} INFO - [2026-06-16T17:07:41.123+0000] {dagbag.py:545} INFO - Filling up the DagBag from /opt/airflow/dags/dag_01_hello_world.py
[2026-06-16T17:07:41.133+0000] {processor.py:840} INFO - DAG(s) '01_hello_world' retrieved from /opt/airflow/dags/dag_01_hello_world.py
[2026-06-16T17:07:41.186+0000] {logging_mixin.py:188} INFO - [2026-06-16T17:07:41.186+0000] {dag.py:3089} INFO - Sync 1 DAGs
[2026-06-16T17:07:41.209+0000] {logging_mixin.py:188} INFO - [2026-06-16T17:07:41.209+0000] {dag.py:3947} INFO - Setting next_dagrun for 01_hello_world to None, run_after=None
[2026-06-16T17:07:41.240+0000] {processor.py:183} INFO - Processing /opt/airflow/dags/dag_01_hello_world.py took 0.128 seconds
[2026-06-16T17:08:12.251+0000] {processor.py:161} INFO - Started process (PID=22996) to work on /opt/airflow/dags/dag_01_hello_world.py
[2026-06-16T17:08:12.254+0000] {processor.py:830} INFO - Processing file /opt/airflow/dags/dag_01_hello_world.py for tasks to queue
[2026-06-16T17:08:12.256+0000] {logging_mixin.py:188} INFO - [2026-06-16T17:08:12.256+0000] {dagbag.py:545} INFO - Filling up the DagBag from /opt/airflow/dags/dag_01_hello_world.py
[2026-06-16T17:08:12.266+0000] {processor.py:840} INFO - DAG(s) '01_hello_world' retrieved from /opt/airflow/dags/dag_01_hello_world.py
[2026-06-16T17:08:12.307+0000] {logging_mixin.py:188} INFO - [2026-06-16T17:08:12.307+0000] {dag.py:3089} INFO - Sync 1 DAGs
[2026-06-16T17:08:12.323+0000] {logging_mixin.py:188} INFO - [2026-06-16T17:08:12.323+0000] {dag.py:3947} INFO - Setting next_dagrun for 01_hello_world to None, run_after=None
[2026-06-16T17:08:12.351+0000] {processor.py:183} INFO - Processing /opt/airflow/dags/dag_01_hello_world.py took 0.107 seconds
[2026-06-16T17:08:43.364+0000] {processor.py:161} INFO - Started process (PID=23036) to work on /opt/airflow/dags/dag_01_hello_world.py
[2026-06-16T17:08:43.364+0000] {processor.py:830} INFO - Processing file /opt/airflow/dags/dag_01_hello_world.py for tasks to queue
[2026-06-16T17:08:43.367+0000] {logging_mixin.py:188} INFO - [2026-06-16T17:08:43.366+0000] {dagbag.py:545} INFO - Filling up the DagBag from /opt/airflow/dags/dag_01_hello_world.py
[2026-06-16T17:08:43.376+0000] {processor.py:840} INFO - DAG(s) '01_hello_world' retrieved from /opt/airflow/dags/dag_01_hello_world.py
[2026-06-16T17:08:43.417+0000] {logging_mixin.py:188} INFO - [2026-06-16T17:08:43.417+0000] {dag.py:3089} INFO - Sync 1 DAGs
[2026-06-16T17:08:43.436+0000] {logging_mixin.py:188} INFO - [2026-06-16T17:08:43.436+0000] {dag.py:3947} INFO - Setting next_dagrun for 01_hello_world to None, run_after=None
[2026-06-16T17:08:43.461+0000] {processor.py:183} INFO - Processing /opt/airflow/dags/dag_01_hello_world.py took 0.106 seconds
[2026-06-16T17:09:14.313+0000] {processor.py:161} INFO - Started process (PID=23076) to work on /opt/airflow/dags/dag_01_hello_world.py
[2026-06-16T17:09:14.315+0000] {processor.py:830} INFO - Processing file /opt/airflow/dags/dag_01_hello_world.py for tasks to queue
[2026-06-16T17:09:14.318+0000] {logging_mixin.py:188} INFO - [2026-06-16T17:09:14.317+0000] {dagbag.py:545} INFO - Filling up the DagBag from /opt/airflow/dags/dag_01_hello_world.py
[2026-06-16T17:09:14.327+0000] {processor.py:840} INFO - DAG(s) '01_hello_world' retrieved from /opt/airflow/dags/dag_01_hello_world.py
[2026-06-16T17:09:14.381+0000] {logging_mixin.py:188} INFO - [2026-06-16T17:09:14.380+0000] {dag.py:3089} INFO - Sync 1 DAGs
[2026-06-16T17:09:14.399+0000] {logging_mixin.py:188} INFO - [2026-06-16T17:09:14.399+0000] {dag.py:3947} INFO - Setting next_dagrun for 01_hello_world to None, run_after=None
[2026-06-16T17:09:14.424+0000] {processor.py:183} INFO - Processing /opt/airflow/dags/dag_01_hello_world.py took 0.122 seconds
[2026-06-16T17:09:45.471+0000] {processor.py:161} INFO - Started process (PID=23116) to work on /opt/airflow/dags/dag_01_hello_world.py
[2026-06-16T17:09:45.473+0000] {processor.py:830} INFO - Processing file /opt/airflow/dags/dag_01_hello_world.py for tasks to queue
[2026-06-16T17:09:45.475+0000] {logging_mixin.py:188} INFO - [2026-06-16T17:09:45.475+0000] {dagbag.py:545} INFO - Filling up the DagBag from /opt/airflow/dags/dag_01_hello_world.py
[2026-06-16T17:09:45.485+0000] {processor.py:840} INFO - DAG(s) '01_hello_world' retrieved from /opt/airflow/dags/dag_01_hello_world.py
[2026-06-16T17:09:45.542+0000] {logging_mixin.py:188} INFO - [2026-06-16T17:09:45.541+0000] {dag.py:3089} INFO - Sync 1 DAGs
[2026-06-16T17:09:45.561+0000] {logging_mixin.py:188} INFO - [2026-06-16T17:09:45.561+0000] {dag.py:3947} INFO - Setting next_dagrun for 01_hello_world to None, run_after=None
[2026-06-16T17:09:45.586+0000] {processor.py:183} INFO - Processing /opt/airflow/dags/dag_01_hello_world.py took 0.123 seconds
[2026-06-16T17:10:16.554+0000] {processor.py:161} INFO - Started process (PID=23156) to work on /opt/airflow/dags/dag_01_hello_world.py
[2026-06-16T17:10:16.555+0000] {processor.py:830} INFO - Processing file /opt/airflow/dags/dag_01_hello_world.py for tasks to queue
[2026-06-16T17:10:16.558+0000] {logging_mixin.py:188} INFO - [2026-06-16T17:10:16.557+0000] {dagbag.py:545} INFO - Filling up the DagBag from /opt/airflow/dags/dag_01_hello_world.py
[2026-06-16T17:10:16.567+0000] {processor.py:840} INFO - DAG(s) '01_hello_world' retrieved from /opt/airflow/dags/dag_01_hello_world.py
[2026-06-16T17:10:16.614+0000] {logging_mixin.py:188} INFO - [2026-06-16T17:10:16.614+0000] {dag.py:3089} INFO - Sync 1 DAGs
[2026-06-16T17:10:16.632+0000] {logging_mixin.py:188} INFO - [2026-06-16T17:10:16.632+0000] {dag.py:3947} INFO - Setting next_dagrun for 01_hello_world to None, run_after=None
[2026-06-16T17:10:16.659+0000] {processor.py:183} INFO - Processing /opt/airflow/dags/dag_01_hello_world.py took 0.113 seconds
[2026-06-16T17:10:47.664+0000] {processor.py:161} INFO - Started process (PID=23196) to work on /opt/airflow/dags/dag_01_hello_world.py
[2026-06-16T17:10:47.665+0000] {processor.py:830} INFO - Processing file /opt/airflow/dags/dag_01_hello_world.py for tasks to queue
[2026-06-16T17:10:47.668+0000] {logging_mixin.py:188} INFO - [2026-06-16T17:10:47.667+0000] {dagbag.py:545} INFO - Filling up the DagBag from /opt/airflow/dags/dag_01_hello_world.py
[2026-06-16T17:10:47.679+0000] {processor.py:840} INFO - DAG(s) '01_hello_world' retrieved from /opt/airflow/dags/dag_01_hello_world.py
[2026-06-16T17:10:47.720+0000] {logging_mixin.py:188} INFO - [2026-06-16T17:10:47.720+0000] {dag.py:3089} INFO - Sync 1 DAGs
[2026-06-16T17:10:47.739+0000] {logging_mixin.py:188} INFO - [2026-06-16T17:10:47.739+0000] {dag.py:3947} INFO - Setting next_dagrun for 01_hello_world to None, run_after=None
[2026-06-16T17:10:47.766+0000] {processor.py:183} INFO - Processing /opt/airflow/dags/dag_01_hello_world.py took 0.110 seconds
[2026-06-16T17:11:18.775+0000] {processor.py:161} INFO - Started process (PID=23236) to work on /opt/airflow/dags/dag_01_hello_world.py
[2026-06-16T17:11:18.777+0000] {processor.py:830} INFO - Processing file /opt/airflow/dags/dag_01_hello_world.py for tasks to queue
[2026-06-16T17:11:18.779+0000] {logging_mixin.py:188} INFO - [2026-06-16T17:11:18.779+0000] {dagbag.py:545} INFO - Filling up the DagBag from /opt/airflow/dags/dag_01_hello_world.py
[2026-06-16T17:11:18.789+0000] {processor.py:840} INFO - DAG(s) '01_hello_world' retrieved from /opt/airflow/dags/dag_01_hello_world.py
[2026-06-16T17:11:18.832+0000] {logging_mixin.py:188} INFO - [2026-06-16T17:11:18.831+0000] {dag.py:3089} INFO - Sync 1 DAGs
[2026-06-16T17:11:18.850+0000] {logging_mixin.py:188} INFO - [2026-06-16T17:11:18.849+0000] {dag.py:3947} INFO - Setting next_dagrun for 01_hello_world to None, run_after=None
[2026-06-16T17:11:18.876+0000] {processor.py:183} INFO - Processing /opt/airflow/dags/dag_01_hello_world.py took 0.110 seconds
[2026-06-16T17:11:49.875+0000] {processor.py:161} INFO - Started process (PID=23276) to work on /opt/airflow/dags/dag_01_hello_world.py
[2026-06-16T17:11:49.877+0000] {processor.py:830} INFO - Processing file /opt/airflow/dags/dag_01_hello_world.py for tasks to queue
[2026-06-16T17:11:49.879+0000] {logging_mixin.py:188} INFO - [2026-06-16T17:11:49.879+0000] {dagbag.py:545} INFO - Filling up the DagBag from /opt/airflow/dags/dag_01_hello_world.py
[2026-06-16T17:11:49.889+0000] {processor.py:840} INFO - DAG(s) '01_hello_world' retrieved from /opt/airflow/dags/dag_01_hello_world.py
[2026-06-16T17:11:49.931+0000] {logging_mixin.py:188} INFO - [2026-06-16T17:11:49.931+0000] {dag.py:3089} INFO - Sync 1 DAGs
[2026-06-16T17:11:49.947+0000] {logging_mixin.py:188} INFO - [2026-06-16T17:11:49.947+0000] {dag.py:3947} INFO - Setting next_dagrun for 01_hello_world to None, run_after=None
[2026-06-16T17:11:49.972+0000] {processor.py:183} INFO - Processing /opt/airflow/dags/dag_01_hello_world.py took 0.105 seconds
[2026-06-16T17:12:20.950+0000] {processor.py:161} INFO - Started process (PID=23316) to work on /opt/airflow/dags/dag_01_hello_world.py
[2026-06-16T17:12:20.951+0000] {processor.py:830} INFO - Processing file /opt/airflow/dags/dag_01_hello_world.py for tasks to queue
[2026-06-16T17:12:20.953+0000] {logging_mixin.py:188} INFO - [2026-06-16T17:12:20.953+0000] {dagbag.py:545} INFO - Filling up the DagBag from /opt/airflow/dags/dag_01_hello_world.py
[2026-06-16T17:12:20.965+0000] {processor.py:840} INFO - DAG(s) '01_hello_world' retrieved from /opt/airflow/dags/dag_01_hello_world.py
[2026-06-16T17:12:21.011+0000] {logging_mixin.py:188} INFO - [2026-06-16T17:12:21.010+0000] {dag.py:3089} INFO - Sync 1 DAGs
[2026-06-16T17:12:21.033+0000] {logging_mixin.py:188} INFO - [2026-06-16T17:12:21.033+0000] {dag.py:3947} INFO - Setting next_dagrun for 01_hello_world to None, run_after=None
[2026-06-16T17:12:21.062+0000] {processor.py:183} INFO - Processing /opt/airflow/dags/dag_01_hello_world.py took 0.120 seconds
[2026-06-16T17:12:52.049+0000] {processor.py:161} INFO - Started process (PID=23356) to work on /opt/airflow/dags/dag_01_hello_world.py
[2026-06-16T17:12:52.051+0000] {processor.py:830} INFO - Processing file /opt/airflow/dags/dag_01_hello_world.py for tasks to queue
[2026-06-16T17:12:52.053+0000] {logging_mixin.py:188} INFO - [2026-06-16T17:12:52.053+0000] {dagbag.py:545} INFO - Filling up the DagBag from /opt/airflow/dags/dag_01_hello_world.py
[2026-06-16T17:12:52.063+0000] {processor.py:840} INFO - DAG(s) '01_hello_world' retrieved from /opt/airflow/dags/dag_01_hello_world.py
[2026-06-16T17:12:52.105+0000] {logging_mixin.py:188} INFO - [2026-06-16T17:12:52.105+0000] {dag.py:3089} INFO - Sync 1 DAGs
[2026-06-16T17:12:52.122+0000] {logging_mixin.py:188} INFO - [2026-06-16T17:12:52.122+0000] {dag.py:3947} INFO - Setting next_dagrun for 01_hello_world to None, run_after=None
[2026-06-16T17:12:52.147+0000] {processor.py:183} INFO - Processing /opt/airflow/dags/dag_01_hello_world.py took 0.107 seconds
[2026-06-16T17:13:22.310+0000] {processor.py:161} INFO - Started process (PID=23396) to work on /opt/airflow/dags/dag_01_hello_world.py
[2026-06-16T17:13:22.312+0000] {processor.py:830} INFO - Processing file /opt/airflow/dags/dag_01_hello_world.py for tasks to queue
[2026-06-16T17:13:22.316+0000] {logging_mixin.py:188} INFO - [2026-06-16T17:13:22.315+0000] {dagbag.py:545} INFO - Filling up the DagBag from /opt/airflow/dags/dag_01_hello_world.py
[2026-06-16T17:13:22.328+0000] {processor.py:840} INFO - DAG(s) '01_hello_world' retrieved from /opt/airflow/dags/dag_01_hello_world.py
[2026-06-16T17:13:22.373+0000] {logging_mixin.py:188} INFO - [2026-06-16T17:13:22.373+0000] {dag.py:3089} INFO - Sync 1 DAGs
[2026-06-16T17:13:22.391+0000] {logging_mixin.py:188} INFO - [2026-06-16T17:13:22.391+0000] {dag.py:3947} INFO - Setting next_dagrun for 01_hello_world to None, run_after=None
[2026-06-16T17:13:22.418+0000] {processor.py:183} INFO - Processing /opt/airflow/dags/dag_01_hello_world.py took 0.124 seconds
[2026-06-16T17:13:52.543+0000] {processor.py:161} INFO - Started process (PID=23436) to work on /opt/airflow/dags/dag_01_hello_world.py
[2026-06-16T17:13:52.545+0000] {processor.py:830} INFO - Processing file /opt/airflow/dags/dag_01_hello_world.py for tasks to queue
[2026-06-16T17:13:52.547+0000] {logging_mixin.py:188} INFO - [2026-06-16T17:13:52.547+0000] {dagbag.py:545} INFO - Filling up the DagBag from /opt/airflow/dags/dag_01_hello_world.py
[2026-06-16T17:13:52.557+0000] {processor.py:840} INFO - DAG(s) '01_hello_world' retrieved from /opt/airflow/dags/dag_01_hello_world.py
[2026-06-16T17:13:52.598+0000] {logging_mixin.py:188} INFO - [2026-06-16T17:13:52.598+0000] {dag.py:3089} INFO - Sync 1 DAGs
[2026-06-16T17:13:52.614+0000] {logging_mixin.py:188} INFO - [2026-06-16T17:13:52.613+0000] {dag.py:3947} INFO - Setting next_dagrun for 01_hello_world to None, run_after=None
[2026-06-16T17:13:52.643+0000] {processor.py:183} INFO - Processing /opt/airflow/dags/dag_01_hello_world.py took 0.108 seconds
[2026-06-16T17:14:22.721+0000] {processor.py:161} INFO - Started process (PID=23476) to work on /opt/airflow/dags/dag_01_hello_world.py
[2026-06-16T17:14:22.725+0000] {processor.py:830} INFO - Processing file /opt/airflow/dags/dag_01_hello_world.py for tasks to queue
[2026-06-16T17:14:22.727+0000] {logging_mixin.py:188} INFO - [2026-06-16T17:14:22.727+0000] {dagbag.py:545} INFO - Filling up the DagBag from /opt/airflow/dags/dag_01_hello_world.py
[2026-06-16T17:14:22.738+0000] {processor.py:840} INFO - DAG(s) '01_hello_world' retrieved from /opt/airflow/dags/dag_01_hello_world.py
[2026-06-16T17:14:22.778+0000] {logging_mixin.py:188} INFO - [2026-06-16T17:14:22.778+0000] {dag.py:3089} INFO - Sync 1 DAGs
[2026-06-16T17:14:22.792+0000] {logging_mixin.py:188} INFO - [2026-06-16T17:14:22.792+0000] {dag.py:3947} INFO - Setting next_dagrun for 01_hello_world to None, run_after=None
[2026-06-16T17:14:22.818+0000] {processor.py:183} INFO - Processing /opt/airflow/dags/dag_01_hello_world.py took 0.104 seconds
[2026-06-16T17:14:53.254+0000] {processor.py:161} INFO - Started process (PID=23516) to work on /opt/airflow/dags/dag_01_hello_world.py
[2026-06-16T17:14:53.256+0000] {processor.py:830} INFO - Processing file /opt/airflow/dags/dag_01_hello_world.py for tasks to queue
[2026-06-16T17:14:53.258+0000] {logging_mixin.py:188} INFO - [2026-06-16T17:14:53.258+0000] {dagbag.py:545} INFO - Filling up the DagBag from /opt/airflow/dags/dag_01_hello_world.py
[2026-06-16T17:14:53.268+0000] {processor.py:840} INFO - DAG(s) '01_hello_world' retrieved from /opt/airflow/dags/dag_01_hello_world.py
[2026-06-16T17:14:53.311+0000] {logging_mixin.py:188} INFO - [2026-06-16T17:14:53.311+0000] {dag.py:3089} INFO - Sync 1 DAGs
[2026-06-16T17:14:53.329+0000] {logging_mixin.py:188} INFO - [2026-06-16T17:14:53.329+0000] {dag.py:3947} INFO - Setting next_dagrun for 01_hello_world to None, run_after=None
[2026-06-16T17:14:53.520+0000] {processor.py:183} INFO - Processing /opt/airflow/dags/dag_01_hello_world.py took 0.274 seconds
[2026-06-16T17:15:23.655+0000] {processor.py:161} INFO - Started process (PID=23556) to work on /opt/airflow/dags/dag_01_hello_world.py
[2026-06-16T17:15:23.656+0000] {processor.py:830} INFO - Processing file /opt/airflow/dags/dag_01_hello_world.py for tasks to queue
[2026-06-16T17:15:23.658+0000] {logging_mixin.py:188} INFO - [2026-06-16T17:15:23.658+0000] {dagbag.py:545} INFO - Filling up the DagBag from /opt/airflow/dags/dag_01_hello_world.py
[2026-06-16T17:15:23.666+0000] {processor.py:840} INFO - DAG(s) '01_hello_world' retrieved from /opt/airflow/dags/dag_01_hello_world.py
[2026-06-16T17:15:23.706+0000] {logging_mixin.py:188} INFO - [2026-06-16T17:15:23.706+0000] {dag.py:3089} INFO - Sync 1 DAGs
[2026-06-16T17:15:23.720+0000] {logging_mixin.py:188} INFO - [2026-06-16T17:15:23.720+0000] {dag.py:3947} INFO - Setting next_dagrun for 01_hello_world to None, run_after=None
[2026-06-16T17:15:23.745+0000] {processor.py:183} INFO - Processing /opt/airflow/dags/dag_01_hello_world.py took 0.097 seconds
[2026-06-16T17:15:54.731+0000] {processor.py:161} INFO - Started process (PID=23596) to work on /opt/airflow/dags/dag_01_hello_world.py
[2026-06-16T17:15:54.733+0000] {processor.py:830} INFO - Processing file /opt/airflow/dags/dag_01_hello_world.py for tasks to queue
[2026-06-16T17:15:54.735+0000] {logging_mixin.py:188} INFO - [2026-06-16T17:15:54.735+0000] {dagbag.py:545} INFO - Filling up the DagBag from /opt/airflow/dags/dag_01_hello_world.py
[2026-06-16T17:15:54.743+0000] {processor.py:840} INFO - DAG(s) '01_hello_world' retrieved from /opt/airflow/dags/dag_01_hello_world.py
[2026-06-16T17:15:54.785+0000] {logging_mixin.py:188} INFO - [2026-06-16T17:15:54.785+0000] {dag.py:3089} INFO - Sync 1 DAGs
[2026-06-16T17:15:54.801+0000] {logging_mixin.py:188} INFO - [2026-06-16T17:15:54.801+0000] {dag.py:3947} INFO - Setting next_dagrun for 01_hello_world to None, run_after=None
[2026-06-16T17:15:54.830+0000] {processor.py:183} INFO - Processing /opt/airflow/dags/dag_01_hello_world.py took 0.107 seconds
[2026-06-16T17:16:25.088+0000] {processor.py:161} INFO - Started process (PID=23636) to work on /opt/airflow/dags/dag_01_hello_world.py
[2026-06-16T17:16:25.089+0000] {processor.py:830} INFO - Processing file /opt/airflow/dags/dag_01_hello_world.py for tasks to queue
[2026-06-16T17:16:25.092+0000] {logging_mixin.py:188} INFO - [2026-06-16T17:16:25.091+0000] {dagbag.py:545} INFO - Filling up the DagBag from /opt/airflow/dags/dag_01_hello_world.py
[2026-06-16T17:16:25.105+0000] {processor.py:840} INFO - DAG(s) '01_hello_world' retrieved from /opt/airflow/dags/dag_01_hello_world.py
[2026-06-16T17:16:25.145+0000] {logging_mixin.py:188} INFO - [2026-06-16T17:16:25.145+0000] {dag.py:3089} INFO - Sync 1 DAGs
[2026-06-16T17:16:25.319+0000] {logging_mixin.py:188} INFO - [2026-06-16T17:16:25.319+0000] {dag.py:3947} INFO - Setting next_dagrun for 01_hello_world to None, run_after=None
[2026-06-16T17:16:25.342+0000] {processor.py:183} INFO - Processing /opt/airflow/dags/dag_01_hello_world.py took 0.262 seconds
[2026-06-16T17:16:55.498+0000] {processor.py:161} INFO - Started process (PID=23676) to work on /opt/airflow/dags/dag_01_hello_world.py
[2026-06-16T17:16:55.500+0000] {processor.py:830} INFO - Processing file /opt/airflow/dags/dag_01_hello_world.py for tasks to queue
[2026-06-16T17:16:55.502+0000] {logging_mixin.py:188} INFO - [2026-06-16T17:16:55.502+0000] {dagbag.py:545} INFO - Filling up the DagBag from /opt/airflow/dags/dag_01_hello_world.py
[2026-06-16T17:16:55.512+0000] {processor.py:840} INFO - DAG(s) '01_hello_world' retrieved from /opt/airflow/dags/dag_01_hello_world.py
[2026-06-16T17:16:55.555+0000] {logging_mixin.py:188} INFO - [2026-06-16T17:16:55.554+0000] {dag.py:3089} INFO - Sync 1 DAGs
[2026-06-16T17:16:55.573+0000] {logging_mixin.py:188} INFO - [2026-06-16T17:16:55.572+0000] {dag.py:3947} INFO - Setting next_dagrun for 01_hello_world to None, run_after=None
[2026-06-16T17:16:55.598+0000] {processor.py:183} INFO - Processing /opt/airflow/dags/dag_01_hello_world.py took 0.109 seconds
[2026-06-16T17:17:26.643+0000] {processor.py:161} INFO - Started process (PID=23716) to work on /opt/airflow/dags/dag_01_hello_world.py
[2026-06-16T17:17:26.644+0000] {processor.py:830} INFO - Processing file /opt/airflow/dags/dag_01_hello_world.py for tasks to queue
[2026-06-16T17:17:26.647+0000] {logging_mixin.py:188} INFO - [2026-06-16T17:17:26.646+0000] {dagbag.py:545} INFO - Filling up the DagBag from /opt/airflow/dags/dag_01_hello_world.py
[2026-06-16T17:17:26.657+0000] {processor.py:840} INFO - DAG(s) '01_hello_world' retrieved from /opt/airflow/dags/dag_01_hello_world.py
[2026-06-16T17:17:26.697+0000] {logging_mixin.py:188} INFO - [2026-06-16T17:17:26.697+0000] {dag.py:3089} INFO - Sync 1 DAGs
[2026-06-16T17:17:26.716+0000] {logging_mixin.py:188} INFO - [2026-06-16T17:17:26.715+0000] {dag.py:3947} INFO - Setting next_dagrun for 01_hello_world to None, run_after=None
[2026-06-16T17:17:26.743+0000] {processor.py:183} INFO - Processing /opt/airflow/dags/dag_01_hello_world.py took 0.108 seconds
[2026-06-16T17:17:56.857+0000] {processor.py:161} INFO - Started process (PID=23756) to work on /opt/airflow/dags/dag_01_hello_world.py
[2026-06-16T17:17:56.860+0000] {processor.py:830} INFO - Processing file /opt/airflow/dags/dag_01_hello_world.py for tasks to queue
[2026-06-16T17:17:56.863+0000] {logging_mixin.py:188} INFO - [2026-06-16T17:17:56.863+0000] {dagbag.py:545} INFO - Filling up the DagBag from /opt/airflow/dags/dag_01_hello_world.py
[2026-06-16T17:17:56.873+0000] {processor.py:840} INFO - DAG(s) '01_hello_world' retrieved from /opt/airflow/dags/dag_01_hello_world.py
[2026-06-16T17:17:56.916+0000] {logging_mixin.py:188} INFO - [2026-06-16T17:17:56.915+0000] {dag.py:3089} INFO - Sync 1 DAGs
[2026-06-16T17:17:57.096+0000] {logging_mixin.py:188} INFO - [2026-06-16T17:17:57.096+0000] {dag.py:3947} INFO - Setting next_dagrun for 01_hello_world to None, run_after=None
[2026-06-16T17:17:57.127+0000] {processor.py:183} INFO - Processing /opt/airflow/dags/dag_01_hello_world.py took 0.280 seconds
[2026-06-16T17:18:27.353+0000] {processor.py:161} INFO - Started process (PID=23796) to work on /opt/airflow/dags/dag_01_hello_world.py
[2026-06-16T17:18:27.354+0000] {processor.py:830} INFO - Processing file /opt/airflow/dags/dag_01_hello_world.py for tasks to queue
[2026-06-16T17:18:27.356+0000] {logging_mixin.py:188} INFO - [2026-06-16T17:18:27.356+0000] {dagbag.py:545} INFO - Filling up the DagBag from /opt/airflow/dags/dag_01_hello_world.py
[2026-06-16T17:18:27.366+0000] {processor.py:840} INFO - DAG(s) '01_hello_world' retrieved from /opt/airflow/dags/dag_01_hello_world.py
[2026-06-16T17:18:27.570+0000] {logging_mixin.py:188} INFO - [2026-06-16T17:18:27.570+0000] {dag.py:3089} INFO - Sync 1 DAGs
[2026-06-16T17:18:27.583+0000] {logging_mixin.py:188} INFO - [2026-06-16T17:18:27.583+0000] {dag.py:3947} INFO - Setting next_dagrun for 01_hello_world to None, run_after=None
[2026-06-16T17:18:27.607+0000] {processor.py:183} INFO - Processing /opt/airflow/dags/dag_01_hello_world.py took 0.263 seconds
[2026-06-16T17:18:57.709+0000] {processor.py:161} INFO - Started process (PID=23836) to work on /opt/airflow/dags/dag_01_hello_world.py
[2026-06-16T17:18:57.710+0000] {processor.py:830} INFO - Processing file /opt/airflow/dags/dag_01_hello_world.py for tasks to queue
[2026-06-16T17:18:57.713+0000] {logging_mixin.py:188} INFO - [2026-06-16T17:18:57.712+0000] {dagbag.py:545} INFO - Filling up the DagBag from /opt/airflow/dags/dag_01_hello_world.py
[2026-06-16T17:18:57.724+0000] {processor.py:840} INFO - DAG(s) '01_hello_world' retrieved from /opt/airflow/dags/dag_01_hello_world.py
[2026-06-16T17:18:57.767+0000] {logging_mixin.py:188} INFO - [2026-06-16T17:18:57.766+0000] {dag.py:3089} INFO - Sync 1 DAGs
[2026-06-16T17:18:57.785+0000] {logging_mixin.py:188} INFO - [2026-06-16T17:18:57.784+0000] {dag.py:3947} INFO - Setting next_dagrun for 01_hello_world to None, run_after=None
[2026-06-16T17:18:57.810+0000] {processor.py:183} INFO - Processing /opt/airflow/dags/dag_01_hello_world.py took 0.110 seconds
[2026-06-16T17:19:28.690+0000] {processor.py:161} INFO - Started process (PID=23876) to work on /opt/airflow/dags/dag_01_hello_world.py
[2026-06-16T17:19:28.692+0000] {processor.py:830} INFO - Processing file /opt/airflow/dags/dag_01_hello_world.py for tasks to queue
[2026-06-16T17:19:28.694+0000] {logging_mixin.py:188} INFO - [2026-06-16T17:19:28.694+0000] {dagbag.py:545} INFO - Filling up the DagBag from /opt/airflow/dags/dag_01_hello_world.py
[2026-06-16T17:19:28.703+0000] {processor.py:840} INFO - DAG(s) '01_hello_world' retrieved from /opt/airflow/dags/dag_01_hello_world.py
[2026-06-16T17:19:28.746+0000] {logging_mixin.py:188} INFO - [2026-06-16T17:19:28.746+0000] {dag.py:3089} INFO - Sync 1 DAGs
[2026-06-16T17:19:28.763+0000] {logging_mixin.py:188} INFO - [2026-06-16T17:19:28.762+0000] {dag.py:3947} INFO - Setting next_dagrun for 01_hello_world to None, run_after=None
[2026-06-16T17:19:28.788+0000] {processor.py:183} INFO - Processing /opt/airflow/dags/dag_01_hello_world.py took 0.106 seconds
[2026-06-16T17:19:59.776+0000] {processor.py:161} INFO - Started process (PID=23916) to work on /opt/airflow/dags/dag_01_hello_world.py
[2026-06-16T17:19:59.777+0000] {processor.py:830} INFO - Processing file /opt/airflow/dags/dag_01_hello_world.py for tasks to queue
[2026-06-16T17:19:59.780+0000] {logging_mixin.py:188} INFO - [2026-06-16T17:19:59.779+0000] {dagbag.py:545} INFO - Filling up the DagBag from /opt/airflow/dags/dag_01_hello_world.py
[2026-06-16T17:19:59.790+0000] {processor.py:840} INFO - DAG(s) '01_hello_world' retrieved from /opt/airflow/dags/dag_01_hello_world.py
[2026-06-16T17:19:59.831+0000] {logging_mixin.py:188} INFO - [2026-06-16T17:19:59.831+0000] {dag.py:3089} INFO - Sync 1 DAGs
[2026-06-16T17:19:59.848+0000] {logging_mixin.py:188} INFO - [2026-06-16T17:19:59.847+0000] {dag.py:3947} INFO - Setting next_dagrun for 01_hello_world to None, run_after=None
[2026-06-16T17:19:59.872+0000] {processor.py:183} INFO - Processing /opt/airflow/dags/dag_01_hello_world.py took 0.105 seconds
[2026-06-16T17:20:30.759+0000] {processor.py:161} INFO - Started process (PID=23956) to work on /opt/airflow/dags/dag_01_hello_world.py
[2026-06-16T17:20:30.766+0000] {processor.py:830} INFO - Processing file /opt/airflow/dags/dag_01_hello_world.py for tasks to queue
[2026-06-16T17:20:30.768+0000] {logging_mixin.py:188} INFO - [2026-06-16T17:20:30.768+0000] {dagbag.py:545} INFO - Filling up the DagBag from /opt/airflow/dags/dag_01_hello_world.py
[2026-06-16T17:20:30.776+0000] {processor.py:840} INFO - DAG(s) '01_hello_world' retrieved from /opt/airflow/dags/dag_01_hello_world.py
[2026-06-16T17:20:30.820+0000] {logging_mixin.py:188} INFO - [2026-06-16T17:20:30.820+0000] {dag.py:3089} INFO - Sync 1 DAGs
[2026-06-16T17:20:30.834+0000] {logging_mixin.py:188} INFO - [2026-06-16T17:20:30.833+0000] {dag.py:3947} INFO - Setting next_dagrun for 01_hello_world to None, run_after=None
[2026-06-16T17:20:30.858+0000] {processor.py:183} INFO - Processing /opt/airflow/dags/dag_01_hello_world.py took 0.107 seconds
[2026-06-16T17:21:01.850+0000] {processor.py:161} INFO - Started process (PID=23996) to work on /opt/airflow/dags/dag_01_hello_world.py
[2026-06-16T17:21:01.851+0000] {processor.py:830} INFO - Processing file /opt/airflow/dags/dag_01_hello_world.py for tasks to queue
[2026-06-16T17:21:01.853+0000] {logging_mixin.py:188} INFO - [2026-06-16T17:21:01.852+0000] {dagbag.py:545} INFO - Filling up the DagBag from /opt/airflow/dags/dag_01_hello_world.py
[2026-06-16T17:21:01.860+0000] {processor.py:840} INFO - DAG(s) '01_hello_world' retrieved from /opt/airflow/dags/dag_01_hello_world.py
[2026-06-16T17:21:01.900+0000] {logging_mixin.py:188} INFO - [2026-06-16T17:21:01.900+0000] {dag.py:3089} INFO - Sync 1 DAGs
[2026-06-16T17:21:01.915+0000] {logging_mixin.py:188} INFO - [2026-06-16T17:21:01.914+0000] {dag.py:3947} INFO - Setting next_dagrun for 01_hello_world to None, run_after=None
[2026-06-16T17:21:01.940+0000] {processor.py:183} INFO - Processing /opt/airflow/dags/dag_01_hello_world.py took 0.098 seconds
[2026-06-16T17:21:32.959+0000] {processor.py:161} INFO - Started process (PID=24036) to work on /opt/airflow/dags/dag_01_hello_world.py
[2026-06-16T17:21:32.962+0000] {processor.py:830} INFO - Processing file /opt/airflow/dags/dag_01_hello_world.py for tasks to queue
[2026-06-16T17:21:32.964+0000] {logging_mixin.py:188} INFO - [2026-06-16T17:21:32.964+0000] {dagbag.py:545} INFO - Filling up the DagBag from /opt/airflow/dags/dag_01_hello_world.py
[2026-06-16T17:21:32.972+0000] {processor.py:840} INFO - DAG(s) '01_hello_world' retrieved from /opt/airflow/dags/dag_01_hello_world.py
[2026-06-16T17:21:33.011+0000] {logging_mixin.py:188} INFO - [2026-06-16T17:21:33.011+0000] {dag.py:3089} INFO - Sync 1 DAGs
[2026-06-16T17:21:33.025+0000] {logging_mixin.py:188} INFO - [2026-06-16T17:21:33.024+0000] {dag.py:3947} INFO - Setting next_dagrun for 01_hello_world to None, run_after=None
[2026-06-16T17:21:33.050+0000] {processor.py:183} INFO - Processing /opt/airflow/dags/dag_01_hello_world.py took 0.098 seconds
[2026-06-16T17:22:03.877+0000] {processor.py:161} INFO - Started process (PID=24076) to work on /opt/airflow/dags/dag_01_hello_world.py
[2026-06-16T17:22:03.879+0000] {processor.py:830} INFO - Processing file /opt/airflow/dags/dag_01_hello_world.py for tasks to queue
[2026-06-16T17:22:03.881+0000] {logging_mixin.py:188} INFO - [2026-06-16T17:22:03.881+0000] {dagbag.py:545} INFO - Filling up the DagBag from /opt/airflow/dags/dag_01_hello_world.py
[2026-06-16T17:22:03.891+0000] {processor.py:840} INFO - DAG(s) '01_hello_world' retrieved from /opt/airflow/dags/dag_01_hello_world.py
[2026-06-16T17:22:03.933+0000] {logging_mixin.py:188} INFO - [2026-06-16T17:22:03.933+0000] {dag.py:3089} INFO - Sync 1 DAGs
[2026-06-16T17:22:03.950+0000] {logging_mixin.py:188} INFO - [2026-06-16T17:22:03.950+0000] {dag.py:3947} INFO - Setting next_dagrun for 01_hello_world to None, run_after=None
[2026-06-16T17:22:03.976+0000] {processor.py:183} INFO - Processing /opt/airflow/dags/dag_01_hello_world.py took 0.107 seconds
[2026-06-16T17:22:34.948+0000] {processor.py:161} INFO - Started process (PID=24116) to work on /opt/airflow/dags/dag_01_hello_world.py
[2026-06-16T17:22:34.949+0000] {processor.py:830} INFO - Processing file /opt/airflow/dags/dag_01_hello_world.py for tasks to queue
[2026-06-16T17:22:34.951+0000] {logging_mixin.py:188} INFO - [2026-06-16T17:22:34.951+0000] {dagbag.py:545} INFO - Filling up the DagBag from /opt/airflow/dags/dag_01_hello_world.py
[2026-06-16T17:22:34.959+0000] {processor.py:840} INFO - DAG(s) '01_hello_world' retrieved from /opt/airflow/dags/dag_01_hello_world.py
[2026-06-16T17:22:34.997+0000] {logging_mixin.py:188} INFO - [2026-06-16T17:22:34.997+0000] {dag.py:3089} INFO - Sync 1 DAGs
[2026-06-16T17:22:35.011+0000] {logging_mixin.py:188} INFO - [2026-06-16T17:22:35.011+0000] {dag.py:3947} INFO - Setting next_dagrun for 01_hello_world to None, run_after=None
[2026-06-16T17:22:35.036+0000] {processor.py:183} INFO - Processing /opt/airflow/dags/dag_01_hello_world.py took 0.095 seconds
[2026-06-16T17:23:06.024+0000] {processor.py:161} INFO - Started process (PID=24156) to work on /opt/airflow/dags/dag_01_hello_world.py
[2026-06-16T17:23:06.025+0000] {processor.py:830} INFO - Processing file /opt/airflow/dags/dag_01_hello_world.py for tasks to queue
[2026-06-16T17:23:06.028+0000] {logging_mixin.py:188} INFO - [2026-06-16T17:23:06.027+0000] {dagbag.py:545} INFO - Filling up the DagBag from /opt/airflow/dags/dag_01_hello_world.py
[2026-06-16T17:23:06.037+0000] {processor.py:840} INFO - DAG(s) '01_hello_world' retrieved from /opt/airflow/dags/dag_01_hello_world.py
[2026-06-16T17:23:06.080+0000] {logging_mixin.py:188} INFO - [2026-06-16T17:23:06.080+0000] {dag.py:3089} INFO - Sync 1 DAGs
[2026-06-16T17:23:06.095+0000] {logging_mixin.py:188} INFO - [2026-06-16T17:23:06.095+0000] {dag.py:3947} INFO - Setting next_dagrun for 01_hello_world to None, run_after=None
[2026-06-16T17:23:06.121+0000] {processor.py:183} INFO - Processing /opt/airflow/dags/dag_01_hello_world.py took 0.106 seconds
[2026-06-16T17:23:37.126+0000] {processor.py:161} INFO - Started process (PID=24196) to work on /opt/airflow/dags/dag_01_hello_world.py
[2026-06-16T17:23:37.127+0000] {processor.py:830} INFO - Processing file /opt/airflow/dags/dag_01_hello_world.py for tasks to queue
[2026-06-16T17:23:37.129+0000] {logging_mixin.py:188} INFO - [2026-06-16T17:23:37.129+0000] {dagbag.py:545} INFO - Filling up the DagBag from /opt/airflow/dags/dag_01_hello_world.py
[2026-06-16T17:23:37.140+0000] {processor.py:840} INFO - DAG(s) '01_hello_world' retrieved from /opt/airflow/dags/dag_01_hello_world.py
[2026-06-16T17:23:37.180+0000] {logging_mixin.py:188} INFO - [2026-06-16T17:23:37.180+0000] {dag.py:3089} INFO - Sync 1 DAGs
[2026-06-16T17:23:37.198+0000] {logging_mixin.py:188} INFO - [2026-06-16T17:23:37.198+0000] {dag.py:3947} INFO - Setting next_dagrun for 01_hello_world to None, run_after=None
[2026-06-16T17:23:37.225+0000] {processor.py:183} INFO - Processing /opt/airflow/dags/dag_01_hello_world.py took 0.108 seconds
[2026-06-16T17:24:08.257+0000] {processor.py:161} INFO - Started process (PID=24236) to work on /opt/airflow/dags/dag_01_hello_world.py
[2026-06-16T17:24:08.258+0000] {processor.py:830} INFO - Processing file /opt/airflow/dags/dag_01_hello_world.py for tasks to queue
[2026-06-16T17:24:08.260+0000] {logging_mixin.py:188} INFO - [2026-06-16T17:24:08.260+0000] {dagbag.py:545} INFO - Filling up the DagBag from /opt/airflow/dags/dag_01_hello_world.py
[2026-06-16T17:24:08.270+0000] {processor.py:840} INFO - DAG(s) '01_hello_world' retrieved from /opt/airflow/dags/dag_01_hello_world.py
[2026-06-16T17:24:08.311+0000] {logging_mixin.py:188} INFO - [2026-06-16T17:24:08.311+0000] {dag.py:3089} INFO - Sync 1 DAGs
[2026-06-16T17:24:08.328+0000] {logging_mixin.py:188} INFO - [2026-06-16T17:24:08.327+0000] {dag.py:3947} INFO - Setting next_dagrun for 01_hello_world to None, run_after=None
[2026-06-16T17:24:08.353+0000] {processor.py:183} INFO - Processing /opt/airflow/dags/dag_01_hello_world.py took 0.105 seconds
[2026-06-16T17:24:39.360+0000] {processor.py:161} INFO - Started process (PID=24276) to work on /opt/airflow/dags/dag_01_hello_world.py
[2026-06-16T17:24:39.363+0000] {processor.py:830} INFO - Processing file /opt/airflow/dags/dag_01_hello_world.py for tasks to queue
[2026-06-16T17:24:39.365+0000] {logging_mixin.py:188} INFO - [2026-06-16T17:24:39.364+0000] {dagbag.py:545} INFO - Filling up the DagBag from /opt/airflow/dags/dag_01_hello_world.py
[2026-06-16T17:24:39.377+0000] {processor.py:840} INFO - DAG(s) '01_hello_world' retrieved from /opt/airflow/dags/dag_01_hello_world.py
[2026-06-16T17:24:39.427+0000] {logging_mixin.py:188} INFO - [2026-06-16T17:24:39.426+0000] {dag.py:3089} INFO - Sync 1 DAGs
[2026-06-16T17:24:39.446+0000] {logging_mixin.py:188} INFO - [2026-06-16T17:24:39.446+0000] {dag.py:3947} INFO - Setting next_dagrun for 01_hello_world to None, run_after=None
[2026-06-16T17:24:39.476+0000] {processor.py:183} INFO - Processing /opt/airflow/dags/dag_01_hello_world.py took 0.141 seconds
[2026-06-16T17:25:10.470+0000] {processor.py:161} INFO - Started process (PID=24316) to work on /opt/airflow/dags/dag_01_hello_world.py
[2026-06-16T17:25:10.471+0000] {processor.py:830} INFO - Processing file /opt/airflow/dags/dag_01_hello_world.py for tasks to queue
[2026-06-16T17:25:10.473+0000] {logging_mixin.py:188} INFO - [2026-06-16T17:25:10.473+0000] {dagbag.py:545} INFO - Filling up the DagBag from /opt/airflow/dags/dag_01_hello_world.py
[2026-06-16T17:25:10.484+0000] {processor.py:840} INFO - DAG(s) '01_hello_world' retrieved from /opt/airflow/dags/dag_01_hello_world.py
[2026-06-16T17:25:10.526+0000] {logging_mixin.py:188} INFO - [2026-06-16T17:25:10.525+0000] {dag.py:3089} INFO - Sync 1 DAGs
[2026-06-16T17:25:10.544+0000] {logging_mixin.py:188} INFO - [2026-06-16T17:25:10.544+0000] {dag.py:3947} INFO - Setting next_dagrun for 01_hello_world to None, run_after=None
[2026-06-16T17:25:10.571+0000] {processor.py:183} INFO - Processing /opt/airflow/dags/dag_01_hello_world.py took 0.109 seconds
[2026-06-16T17:25:41.464+0000] {processor.py:161} INFO - Started process (PID=24356) to work on /opt/airflow/dags/dag_01_hello_world.py
[2026-06-16T17:25:41.467+0000] {processor.py:830} INFO - Processing file /opt/airflow/dags/dag_01_hello_world.py for tasks to queue
[2026-06-16T17:25:41.469+0000] {logging_mixin.py:188} INFO - [2026-06-16T17:25:41.469+0000] {dagbag.py:545} INFO - Filling up the DagBag from /opt/airflow/dags/dag_01_hello_world.py
[2026-06-16T17:25:41.477+0000] {processor.py:840} INFO - DAG(s) '01_hello_world' retrieved from /opt/airflow/dags/dag_01_hello_world.py
[2026-06-16T17:25:41.516+0000] {logging_mixin.py:188} INFO - [2026-06-16T17:25:41.516+0000] {dag.py:3089} INFO - Sync 1 DAGs
[2026-06-16T17:25:41.530+0000] {logging_mixin.py:188} INFO - [2026-06-16T17:25:41.530+0000] {dag.py:3947} INFO - Setting next_dagrun for 01_hello_world to None, run_after=None
[2026-06-16T17:25:41.556+0000] {processor.py:183} INFO - Processing /opt/airflow/dags/dag_01_hello_world.py took 0.099 seconds
[2026-06-16T17:26:12.384+0000] {processor.py:161} INFO - Started process (PID=24396) to work on /opt/airflow/dags/dag_01_hello_world.py
[2026-06-16T17:26:12.385+0000] {processor.py:830} INFO - Processing file /opt/airflow/dags/dag_01_hello_world.py for tasks to queue
[2026-06-16T17:26:12.387+0000] {logging_mixin.py:188} INFO - [2026-06-16T17:26:12.387+0000] {dagbag.py:545} INFO - Filling up the DagBag from /opt/airflow/dags/dag_01_hello_world.py
[2026-06-16T17:26:12.397+0000] {processor.py:840} INFO - DAG(s) '01_hello_world' retrieved from /opt/airflow/dags/dag_01_hello_world.py
[2026-06-16T17:26:12.451+0000] {logging_mixin.py:188} INFO - [2026-06-16T17:26:12.451+0000] {dag.py:3089} INFO - Sync 1 DAGs
[2026-06-16T17:26:12.471+0000] {logging_mixin.py:188} INFO - [2026-06-16T17:26:12.470+0000] {dag.py:3947} INFO - Setting next_dagrun for 01_hello_world to None, run_after=None
[2026-06-16T17:26:12.499+0000] {processor.py:183} INFO - Processing /opt/airflow/dags/dag_01_hello_world.py took 0.125 seconds
[2026-06-16T17:26:43.463+0000] {processor.py:161} INFO - Started process (PID=24436) to work on /opt/airflow/dags/dag_01_hello_world.py
[2026-06-16T17:26:43.464+0000] {processor.py:830} INFO - Processing file /opt/airflow/dags/dag_01_hello_world.py for tasks to queue
[2026-06-16T17:26:43.466+0000] {logging_mixin.py:188} INFO - [2026-06-16T17:26:43.466+0000] {dagbag.py:545} INFO - Filling up the DagBag from /opt/airflow/dags/dag_01_hello_world.py
[2026-06-16T17:26:43.474+0000] {processor.py:840} INFO - DAG(s) '01_hello_world' retrieved from /opt/airflow/dags/dag_01_hello_world.py
[2026-06-16T17:26:43.513+0000] {logging_mixin.py:188} INFO - [2026-06-16T17:26:43.513+0000] {dag.py:3089} INFO - Sync 1 DAGs
[2026-06-16T17:26:43.529+0000] {logging_mixin.py:188} INFO - [2026-06-16T17:26:43.529+0000] {dag.py:3947} INFO - Setting next_dagrun for 01_hello_world to None, run_after=None
[2026-06-16T17:26:43.556+0000] {processor.py:183} INFO - Processing /opt/airflow/dags/dag_01_hello_world.py took 0.101 seconds
[2026-06-16T17:27:14.526+0000] {processor.py:161} INFO - Started process (PID=24476) to work on /opt/airflow/dags/dag_01_hello_world.py
[2026-06-16T17:27:14.528+0000] {processor.py:830} INFO - Processing file /opt/airflow/dags/dag_01_hello_world.py for tasks to queue
[2026-06-16T17:27:14.530+0000] {logging_mixin.py:188} INFO - [2026-06-16T17:27:14.529+0000] {dagbag.py:545} INFO - Filling up the DagBag from /opt/airflow/dags/dag_01_hello_world.py
[2026-06-16T17:27:14.540+0000] {processor.py:840} INFO - DAG(s) '01_hello_world' retrieved from /opt/airflow/dags/dag_01_hello_world.py
[2026-06-16T17:27:14.584+0000] {logging_mixin.py:188} INFO - [2026-06-16T17:27:14.583+0000] {dag.py:3089} INFO - Sync 1 DAGs
[2026-06-16T17:27:14.603+0000] {logging_mixin.py:188} INFO - [2026-06-16T17:27:14.603+0000] {dag.py:3947} INFO - Setting next_dagrun for 01_hello_world to None, run_after=None
[2026-06-16T17:27:14.630+0000] {processor.py:183} INFO - Processing /opt/airflow/dags/dag_01_hello_world.py took 0.113 seconds
[2026-06-16T17:27:45.520+0000] {processor.py:161} INFO - Started process (PID=24516) to work on /opt/airflow/dags/dag_01_hello_world.py
[2026-06-16T17:27:45.522+0000] {processor.py:830} INFO - Processing file /opt/airflow/dags/dag_01_hello_world.py for tasks to queue
[2026-06-16T17:27:45.525+0000] {logging_mixin.py:188} INFO - [2026-06-16T17:27:45.524+0000] {dagbag.py:545} INFO - Filling up the DagBag from /opt/airflow/dags/dag_01_hello_world.py
[2026-06-16T17:27:45.535+0000] {processor.py:840} INFO - DAG(s) '01_hello_world' retrieved from /opt/airflow/dags/dag_01_hello_world.py
[2026-06-16T17:27:45.597+0000] {logging_mixin.py:188} INFO - [2026-06-16T17:27:45.597+0000] {dag.py:3089} INFO - Sync 1 DAGs
[2026-06-16T17:27:45.615+0000] {logging_mixin.py:188} INFO - [2026-06-16T17:27:45.614+0000] {dag.py:3947} INFO - Setting next_dagrun for 01_hello_world to None, run_after=None
[2026-06-16T17:27:45.640+0000] {processor.py:183} INFO - Processing /opt/airflow/dags/dag_01_hello_world.py took 0.131 seconds
[2026-06-16T17:28:16.624+0000] {processor.py:161} INFO - Started process (PID=24556) to work on /opt/airflow/dags/dag_01_hello_world.py
[2026-06-16T17:28:16.626+0000] {processor.py:830} INFO - Processing file /opt/airflow/dags/dag_01_hello_world.py for tasks to queue
[2026-06-16T17:28:16.628+0000] {logging_mixin.py:188} INFO - [2026-06-16T17:28:16.628+0000] {dagbag.py:545} INFO - Filling up the DagBag from /opt/airflow/dags/dag_01_hello_world.py
[2026-06-16T17:28:16.637+0000] {processor.py:840} INFO - DAG(s) '01_hello_world' retrieved from /opt/airflow/dags/dag_01_hello_world.py
[2026-06-16T17:28:16.678+0000] {logging_mixin.py:188} INFO - [2026-06-16T17:28:16.678+0000] {dag.py:3089} INFO - Sync 1 DAGs
[2026-06-16T17:28:16.694+0000] {logging_mixin.py:188} INFO - [2026-06-16T17:28:16.694+0000] {dag.py:3947} INFO - Setting next_dagrun for 01_hello_world to None, run_after=None
[2026-06-16T17:28:16.720+0000] {processor.py:183} INFO - Processing /opt/airflow/dags/dag_01_hello_world.py took 0.104 seconds
[2026-06-16T17:28:47.692+0000] {processor.py:161} INFO - Started process (PID=24596) to work on /opt/airflow/dags/dag_01_hello_world.py
[2026-06-16T17:28:47.693+0000] {processor.py:830} INFO - Processing file /opt/airflow/dags/dag_01_hello_world.py for tasks to queue
[2026-06-16T17:28:47.696+0000] {logging_mixin.py:188} INFO - [2026-06-16T17:28:47.695+0000] {dagbag.py:545} INFO - Filling up the DagBag from /opt/airflow/dags/dag_01_hello_world.py
[2026-06-16T17:28:47.705+0000] {processor.py:840} INFO - DAG(s) '01_hello_world' retrieved from /opt/airflow/dags/dag_01_hello_world.py
[2026-06-16T17:28:47.747+0000] {logging_mixin.py:188} INFO - [2026-06-16T17:28:47.747+0000] {dag.py:3089} INFO - Sync 1 DAGs
[2026-06-16T17:28:47.763+0000] {logging_mixin.py:188} INFO - [2026-06-16T17:28:47.763+0000] {dag.py:3947} INFO - Setting next_dagrun for 01_hello_world to None, run_after=None
[2026-06-16T17:28:47.789+0000] {processor.py:183} INFO - Processing /opt/airflow/dags/dag_01_hello_world.py took 0.105 seconds
[2026-06-16T17:29:18.782+0000] {processor.py:161} INFO - Started process (PID=24636) to work on /opt/airflow/dags/dag_01_hello_world.py
[2026-06-16T17:29:18.784+0000] {processor.py:830} INFO - Processing file /opt/airflow/dags/dag_01_hello_world.py for tasks to queue
[2026-06-16T17:29:18.786+0000] {logging_mixin.py:188} INFO - [2026-06-16T17:29:18.785+0000] {dagbag.py:545} INFO - Filling up the DagBag from /opt/airflow/dags/dag_01_hello_world.py
[2026-06-16T17:29:18.796+0000] {processor.py:840} INFO - DAG(s) '01_hello_world' retrieved from /opt/airflow/dags/dag_01_hello_world.py
[2026-06-16T17:29:18.836+0000] {logging_mixin.py:188} INFO - [2026-06-16T17:29:18.836+0000] {dag.py:3089} INFO - Sync 1 DAGs
[2026-06-16T17:29:18.853+0000] {logging_mixin.py:188} INFO - [2026-06-16T17:29:18.853+0000] {dag.py:3947} INFO - Setting next_dagrun for 01_hello_world to None, run_after=None
[2026-06-16T17:29:18.878+0000] {processor.py:183} INFO - Processing /opt/airflow/dags/dag_01_hello_world.py took 0.105 seconds
[2026-06-16T17:29:49.870+0000] {processor.py:161} INFO - Started process (PID=24676) to work on /opt/airflow/dags/dag_01_hello_world.py
[2026-06-16T17:29:49.872+0000] {processor.py:830} INFO - Processing file /opt/airflow/dags/dag_01_hello_world.py for tasks to queue
[2026-06-16T17:29:49.874+0000] {logging_mixin.py:188} INFO - [2026-06-16T17:29:49.874+0000] {dagbag.py:545} INFO - Filling up the DagBag from /opt/airflow/dags/dag_01_hello_world.py
[2026-06-16T17:29:49.884+0000] {processor.py:840} INFO - DAG(s) '01_hello_world' retrieved from /opt/airflow/dags/dag_01_hello_world.py
[2026-06-16T17:29:49.926+0000] {logging_mixin.py:188} INFO - [2026-06-16T17:29:49.926+0000] {dag.py:3089} INFO - Sync 1 DAGs
[2026-06-16T17:29:49.943+0000] {logging_mixin.py:188} INFO - [2026-06-16T17:29:49.943+0000] {dag.py:3947} INFO - Setting next_dagrun for 01_hello_world to None, run_after=None
[2026-06-16T17:29:49.968+0000] {processor.py:183} INFO - Processing /opt/airflow/dags/dag_01_hello_world.py took 0.108 seconds
[2026-06-16T17:30:20.890+0000] {processor.py:161} INFO - Started process (PID=24716) to work on /opt/airflow/dags/dag_01_hello_world.py
[2026-06-16T17:30:20.891+0000] {processor.py:830} INFO - Processing file /opt/airflow/dags/dag_01_hello_world.py for tasks to queue
[2026-06-16T17:30:20.893+0000] {logging_mixin.py:188} INFO - [2026-06-16T17:30:20.892+0000] {dagbag.py:545} INFO - Filling up the DagBag from /opt/airflow/dags/dag_01_hello_world.py
[2026-06-16T17:30:20.901+0000] {processor.py:840} INFO - DAG(s) '01_hello_world' retrieved from /opt/airflow/dags/dag_01_hello_world.py
[2026-06-16T17:30:20.943+0000] {logging_mixin.py:188} INFO - [2026-06-16T17:30:20.943+0000] {dag.py:3089} INFO - Sync 1 DAGs
[2026-06-16T17:30:20.957+0000] {logging_mixin.py:188} INFO - [2026-06-16T17:30:20.957+0000] {dag.py:3947} INFO - Setting next_dagrun for 01_hello_world to None, run_after=None
[2026-06-16T17:30:20.983+0000] {processor.py:183} INFO - Processing /opt/airflow/dags/dag_01_hello_world.py took 0.101 seconds
[2026-06-16T17:30:51.636+0000] {processor.py:161} INFO - Started process (PID=24756) to work on /opt/airflow/dags/dag_01_hello_world.py
[2026-06-16T17:30:51.637+0000] {processor.py:830} INFO - Processing file /opt/airflow/dags/dag_01_hello_world.py for tasks to queue
[2026-06-16T17:30:51.640+0000] {logging_mixin.py:188} INFO - [2026-06-16T17:30:51.639+0000] {dagbag.py:545} INFO - Filling up the DagBag from /opt/airflow/dags/dag_01_hello_world.py
[2026-06-16T17:30:51.649+0000] {processor.py:840} INFO - DAG(s) '01_hello_world' retrieved from /opt/airflow/dags/dag_01_hello_world.py
[2026-06-16T17:30:51.690+0000] {logging_mixin.py:188} INFO - [2026-06-16T17:30:51.690+0000] {dag.py:3089} INFO - Sync 1 DAGs
[2026-06-16T17:30:51.706+0000] {logging_mixin.py:188} INFO - [2026-06-16T17:30:51.706+0000] {dag.py:3947} INFO - Setting next_dagrun for 01_hello_world to None, run_after=None
[2026-06-16T17:30:51.731+0000] {processor.py:183} INFO - Processing /opt/airflow/dags/dag_01_hello_world.py took 0.103 seconds
[2026-06-16T17:31:22.567+0000] {processor.py:161} INFO - Started process (PID=24796) to work on /opt/airflow/dags/dag_01_hello_world.py
[2026-06-16T17:31:22.568+0000] {processor.py:830} INFO - Processing file /opt/airflow/dags/dag_01_hello_world.py for tasks to queue
[2026-06-16T17:31:22.571+0000] {logging_mixin.py:188} INFO - [2026-06-16T17:31:22.570+0000] {dagbag.py:545} INFO - Filling up the DagBag from /opt/airflow/dags/dag_01_hello_world.py
[2026-06-16T17:31:22.583+0000] {processor.py:840} INFO - DAG(s) '01_hello_world' retrieved from /opt/airflow/dags/dag_01_hello_world.py
[2026-06-16T17:31:22.635+0000] {logging_mixin.py:188} INFO - [2026-06-16T17:31:22.635+0000] {dag.py:3089} INFO - Sync 1 DAGs
[2026-06-16T17:31:22.654+0000] {logging_mixin.py:188} INFO - [2026-06-16T17:31:22.654+0000] {dag.py:3947} INFO - Setting next_dagrun for 01_hello_world to None, run_after=None
[2026-06-16T17:31:22.680+0000] {processor.py:183} INFO - Processing /opt/airflow/dags/dag_01_hello_world.py took 0.122 seconds
[2026-06-16T17:31:53.698+0000] {processor.py:161} INFO - Started process (PID=24836) to work on /opt/airflow/dags/dag_01_hello_world.py
[2026-06-16T17:31:53.700+0000] {processor.py:830} INFO - Processing file /opt/airflow/dags/dag_01_hello_world.py for tasks to queue
[2026-06-16T17:31:53.702+0000] {logging_mixin.py:188} INFO - [2026-06-16T17:31:53.702+0000] {dagbag.py:545} INFO - Filling up the DagBag from /opt/airflow/dags/dag_01_hello_world.py
[2026-06-16T17:31:53.712+0000] {processor.py:840} INFO - DAG(s) '01_hello_world' retrieved from /opt/airflow/dags/dag_01_hello_world.py
[2026-06-16T17:31:53.754+0000] {logging_mixin.py:188} INFO - [2026-06-16T17:31:53.754+0000] {dag.py:3089} INFO - Sync 1 DAGs
[2026-06-16T17:31:53.772+0000] {logging_mixin.py:188} INFO - [2026-06-16T17:31:53.772+0000] {dag.py:3947} INFO - Setting next_dagrun for 01_hello_world to None, run_after=None
[2026-06-16T17:31:53.797+0000] {processor.py:183} INFO - Processing /opt/airflow/dags/dag_01_hello_world.py took 0.108 seconds
[2026-06-16T17:32:23.915+0000] {processor.py:161} INFO - Started process (PID=24876) to work on /opt/airflow/dags/dag_01_hello_world.py
[2026-06-16T17:32:23.916+0000] {processor.py:830} INFO - Processing file /opt/airflow/dags/dag_01_hello_world.py for tasks to queue
[2026-06-16T17:32:23.919+0000] {logging_mixin.py:188} INFO - [2026-06-16T17:32:23.918+0000] {dagbag.py:545} INFO - Filling up the DagBag from /opt/airflow/dags/dag_01_hello_world.py
[2026-06-16T17:32:23.928+0000] {processor.py:840} INFO - DAG(s) '01_hello_world' retrieved from /opt/airflow/dags/dag_01_hello_world.py
[2026-06-16T17:32:23.972+0000] {logging_mixin.py:188} INFO - [2026-06-16T17:32:23.972+0000] {dag.py:3089} INFO - Sync 1 DAGs
[2026-06-16T17:32:23.990+0000] {logging_mixin.py:188} INFO - [2026-06-16T17:32:23.989+0000] {dag.py:3947} INFO - Setting next_dagrun for 01_hello_world to None, run_after=None
[2026-06-16T17:32:24.014+0000] {processor.py:183} INFO - Processing /opt/airflow/dags/dag_01_hello_world.py took 0.107 seconds
[2026-06-16T17:32:54.077+0000] {processor.py:161} INFO - Started process (PID=24916) to work on /opt/airflow/dags/dag_01_hello_world.py
[2026-06-16T17:32:54.079+0000] {processor.py:830} INFO - Processing file /opt/airflow/dags/dag_01_hello_world.py for tasks to queue
[2026-06-16T17:32:54.081+0000] {logging_mixin.py:188} INFO - [2026-06-16T17:32:54.081+0000] {dagbag.py:545} INFO - Filling up the DagBag from /opt/airflow/dags/dag_01_hello_world.py
[2026-06-16T17:32:54.090+0000] {processor.py:840} INFO - DAG(s) '01_hello_world' retrieved from /opt/airflow/dags/dag_01_hello_world.py
[2026-06-16T17:32:54.131+0000] {logging_mixin.py:188} INFO - [2026-06-16T17:32:54.131+0000] {dag.py:3089} INFO - Sync 1 DAGs
[2026-06-16T17:32:54.148+0000] {logging_mixin.py:188} INFO - [2026-06-16T17:32:54.148+0000] {dag.py:3947} INFO - Setting next_dagrun for 01_hello_world to None, run_after=None
[2026-06-16T17:32:54.174+0000] {processor.py:183} INFO - Processing /opt/airflow/dags/dag_01_hello_world.py took 0.105 seconds
[2026-06-16T17:33:24.224+0000] {processor.py:161} INFO - Started process (PID=24953) to work on /opt/airflow/dags/dag_01_hello_world.py
[2026-06-16T17:33:24.225+0000] {processor.py:830} INFO - Processing file /opt/airflow/dags/dag_01_hello_world.py for tasks to queue
[2026-06-16T17:33:24.228+0000] {logging_mixin.py:188} INFO - [2026-06-16T17:33:24.228+0000] {dagbag.py:545} INFO - Filling up the DagBag from /opt/airflow/dags/dag_01_hello_world.py
[2026-06-16T17:33:24.237+0000] {processor.py:840} INFO - DAG(s) '01_hello_world' retrieved from /opt/airflow/dags/dag_01_hello_world.py
[2026-06-16T17:33:24.276+0000] {logging_mixin.py:188} INFO - [2026-06-16T17:33:24.275+0000] {dag.py:3089} INFO - Sync 1 DAGs
[2026-06-16T17:33:24.290+0000] {logging_mixin.py:188} INFO - [2026-06-16T17:33:24.290+0000] {dag.py:3947} INFO - Setting next_dagrun for 01_hello_world to None, run_after=None
[2026-06-16T17:33:24.314+0000] {processor.py:183} INFO - Processing /opt/airflow/dags/dag_01_hello_world.py took 0.098 seconds
[2026-06-16T17:33:54.426+0000] {processor.py:161} INFO - Started process (PID=24996) to work on /opt/airflow/dags/dag_01_hello_world.py
[2026-06-16T17:33:54.428+0000] {processor.py:830} INFO - Processing file /opt/airflow/dags/dag_01_hello_world.py for tasks to queue
[2026-06-16T17:33:54.430+0000] {logging_mixin.py:188} INFO - [2026-06-16T17:33:54.430+0000] {dagbag.py:545} INFO - Filling up the DagBag from /opt/airflow/dags/dag_01_hello_world.py
[2026-06-16T17:33:54.439+0000] {processor.py:840} INFO - DAG(s) '01_hello_world' retrieved from /opt/airflow/dags/dag_01_hello_world.py
[2026-06-16T17:33:54.480+0000] {logging_mixin.py:188} INFO - [2026-06-16T17:33:54.479+0000] {dag.py:3089} INFO - Sync 1 DAGs
[2026-06-16T17:33:54.497+0000] {logging_mixin.py:188} INFO - [2026-06-16T17:33:54.497+0000] {dag.py:3947} INFO - Setting next_dagrun for 01_hello_world to None, run_after=None
[2026-06-16T17:33:54.523+0000] {processor.py:183} INFO - Processing /opt/airflow/dags/dag_01_hello_world.py took 0.105 seconds
[2026-06-16T17:34:25.455+0000] {processor.py:161} INFO - Started process (PID=25036) to work on /opt/airflow/dags/dag_01_hello_world.py
[2026-06-16T17:34:25.458+0000] {processor.py:830} INFO - Processing file /opt/airflow/dags/dag_01_hello_world.py for tasks to queue
[2026-06-16T17:34:25.460+0000] {logging_mixin.py:188} INFO - [2026-06-16T17:34:25.460+0000] {dagbag.py:545} INFO - Filling up the DagBag from /opt/airflow/dags/dag_01_hello_world.py
[2026-06-16T17:34:25.469+0000] {processor.py:840} INFO - DAG(s) '01_hello_world' retrieved from /opt/airflow/dags/dag_01_hello_world.py
[2026-06-16T17:34:25.513+0000] {logging_mixin.py:188} INFO - [2026-06-16T17:34:25.513+0000] {dag.py:3089} INFO - Sync 1 DAGs
[2026-06-16T17:34:25.530+0000] {logging_mixin.py:188} INFO - [2026-06-16T17:34:25.530+0000] {dag.py:3947} INFO - Setting next_dagrun for 01_hello_world to None, run_after=None
[2026-06-16T17:34:25.558+0000] {processor.py:183} INFO - Processing /opt/airflow/dags/dag_01_hello_world.py took 0.111 seconds
[2026-06-16T17:34:55.728+0000] {processor.py:161} INFO - Started process (PID=25076) to work on /opt/airflow/dags/dag_01_hello_world.py
[2026-06-16T17:34:55.730+0000] {processor.py:830} INFO - Processing file /opt/airflow/dags/dag_01_hello_world.py for tasks to queue
[2026-06-16T17:34:55.732+0000] {logging_mixin.py:188} INFO - [2026-06-16T17:34:55.731+0000] {dagbag.py:545} INFO - Filling up the DagBag from /opt/airflow/dags/dag_01_hello_world.py
[2026-06-16T17:34:55.740+0000] {processor.py:840} INFO - DAG(s) '01_hello_world' retrieved from /opt/airflow/dags/dag_01_hello_world.py
[2026-06-16T17:34:55.782+0000] {logging_mixin.py:188} INFO - [2026-06-16T17:34:55.782+0000] {dag.py:3089} INFO - Sync 1 DAGs
[2026-06-16T17:34:55.799+0000] {logging_mixin.py:188} INFO - [2026-06-16T17:34:55.799+0000] {dag.py:3947} INFO - Setting next_dagrun for 01_hello_world to None, run_after=None
[2026-06-16T17:34:55.828+0000] {processor.py:183} INFO - Processing /opt/airflow/dags/dag_01_hello_world.py took 0.108 seconds
[2026-06-16T17:35:25.957+0000] {processor.py:161} INFO - Started process (PID=25116) to work on /opt/airflow/dags/dag_01_hello_world.py
[2026-06-16T17:35:25.958+0000] {processor.py:830} INFO - Processing file /opt/airflow/dags/dag_01_hello_world.py for tasks to queue
[2026-06-16T17:35:25.961+0000] {logging_mixin.py:188} INFO - [2026-06-16T17:35:25.960+0000] {dagbag.py:545} INFO - Filling up the DagBag from /opt/airflow/dags/dag_01_hello_world.py
[2026-06-16T17:35:25.971+0000] {processor.py:840} INFO - DAG(s) '01_hello_world' retrieved from /opt/airflow/dags/dag_01_hello_world.py
[2026-06-16T17:35:26.013+0000] {logging_mixin.py:188} INFO - [2026-06-16T17:35:26.013+0000] {dag.py:3089} INFO - Sync 1 DAGs
[2026-06-16T17:35:26.030+0000] {logging_mixin.py:188} INFO - [2026-06-16T17:35:26.030+0000] {dag.py:3947} INFO - Setting next_dagrun for 01_hello_world to None, run_after=None
[2026-06-16T17:35:26.057+0000] {processor.py:183} INFO - Processing /opt/airflow/dags/dag_01_hello_world.py took 0.108 seconds
[2026-06-16T17:35:56.168+0000] {processor.py:161} INFO - Started process (PID=25156) to work on /opt/airflow/dags/dag_01_hello_world.py
[2026-06-16T17:35:56.170+0000] {processor.py:830} INFO - Processing file /opt/airflow/dags/dag_01_hello_world.py for tasks to queue
[2026-06-16T17:35:56.172+0000] {logging_mixin.py:188} INFO - [2026-06-16T17:35:56.172+0000] {dagbag.py:545} INFO - Filling up the DagBag from /opt/airflow/dags/dag_01_hello_world.py
[2026-06-16T17:35:56.182+0000] {processor.py:840} INFO - DAG(s) '01_hello_world' retrieved from /opt/airflow/dags/dag_01_hello_world.py
[2026-06-16T17:35:56.225+0000] {logging_mixin.py:188} INFO - [2026-06-16T17:35:56.224+0000] {dag.py:3089} INFO - Sync 1 DAGs
[2026-06-16T17:35:56.243+0000] {logging_mixin.py:188} INFO - [2026-06-16T17:35:56.243+0000] {dag.py:3947} INFO - Setting next_dagrun for 01_hello_world to None, run_after=None
[2026-06-16T17:35:56.268+0000] {processor.py:183} INFO - Processing /opt/airflow/dags/dag_01_hello_world.py took 0.109 seconds
[2026-06-16T17:36:26.307+0000] {processor.py:161} INFO - Started process (PID=25193) to work on /opt/airflow/dags/dag_01_hello_world.py
[2026-06-16T17:36:26.309+0000] {processor.py:830} INFO - Processing file /opt/airflow/dags/dag_01_hello_world.py for tasks to queue
[2026-06-16T17:36:26.313+0000] {logging_mixin.py:188} INFO - [2026-06-16T17:36:26.312+0000] {dagbag.py:545} INFO - Filling up the DagBag from /opt/airflow/dags/dag_01_hello_world.py
[2026-06-16T17:36:26.322+0000] {processor.py:840} INFO - DAG(s) '01_hello_world' retrieved from /opt/airflow/dags/dag_01_hello_world.py
[2026-06-16T17:36:26.359+0000] {logging_mixin.py:188} INFO - [2026-06-16T17:36:26.358+0000] {dag.py:3089} INFO - Sync 1 DAGs
[2026-06-16T17:36:26.372+0000] {logging_mixin.py:188} INFO - [2026-06-16T17:36:26.372+0000] {dag.py:3947} INFO - Setting next_dagrun for 01_hello_world to None, run_after=None
[2026-06-16T17:36:26.397+0000] {processor.py:183} INFO - Processing /opt/airflow/dags/dag_01_hello_world.py took 0.096 seconds
[2026-06-16T17:36:56.507+0000] {processor.py:161} INFO - Started process (PID=25233) to work on /opt/airflow/dags/dag_01_hello_world.py
[2026-06-16T17:36:56.508+0000] {processor.py:830} INFO - Processing file /opt/airflow/dags/dag_01_hello_world.py for tasks to queue
[2026-06-16T17:36:56.511+0000] {logging_mixin.py:188} INFO - [2026-06-16T17:36:56.510+0000] {dagbag.py:545} INFO - Filling up the DagBag from /opt/airflow/dags/dag_01_hello_world.py
[2026-06-16T17:36:56.518+0000] {processor.py:840} INFO - DAG(s) '01_hello_world' retrieved from /opt/airflow/dags/dag_01_hello_world.py
[2026-06-16T17:36:56.554+0000] {logging_mixin.py:188} INFO - [2026-06-16T17:36:56.553+0000] {dag.py:3089} INFO - Sync 1 DAGs
[2026-06-16T17:36:56.568+0000] {logging_mixin.py:188} INFO - [2026-06-16T17:36:56.567+0000] {dag.py:3947} INFO - Setting next_dagrun for 01_hello_world to None, run_after=None
[2026-06-16T17:36:56.593+0000] {processor.py:183} INFO - Processing /opt/airflow/dags/dag_01_hello_world.py took 0.092 seconds
[2026-06-16T17:37:27.552+0000] {processor.py:161} INFO - Started process (PID=25276) to work on /opt/airflow/dags/dag_01_hello_world.py
[2026-06-16T17:37:27.554+0000] {processor.py:830} INFO - Processing file /opt/airflow/dags/dag_01_hello_world.py for tasks to queue
[2026-06-16T17:37:27.556+0000] {logging_mixin.py:188} INFO - [2026-06-16T17:37:27.556+0000] {dagbag.py:545} INFO - Filling up the DagBag from /opt/airflow/dags/dag_01_hello_world.py
[2026-06-16T17:37:27.564+0000] {processor.py:840} INFO - DAG(s) '01_hello_world' retrieved from /opt/airflow/dags/dag_01_hello_world.py
[2026-06-16T17:37:27.606+0000] {logging_mixin.py:188} INFO - [2026-06-16T17:37:27.605+0000] {dag.py:3089} INFO - Sync 1 DAGs
[2026-06-16T17:37:27.622+0000] {logging_mixin.py:188} INFO - [2026-06-16T17:37:27.621+0000] {dag.py:3947} INFO - Setting next_dagrun for 01_hello_world to None, run_after=None
[2026-06-16T17:37:27.648+0000] {processor.py:183} INFO - Processing /opt/airflow/dags/dag_01_hello_world.py took 0.103 seconds
[2026-06-16T17:37:57.757+0000] {processor.py:161} INFO - Started process (PID=25316) to work on /opt/airflow/dags/dag_01_hello_world.py
[2026-06-16T17:37:57.758+0000] {processor.py:830} INFO - Processing file /opt/airflow/dags/dag_01_hello_world.py for tasks to queue
[2026-06-16T17:37:57.760+0000] {logging_mixin.py:188} INFO - [2026-06-16T17:37:57.760+0000] {dagbag.py:545} INFO - Filling up the DagBag from /opt/airflow/dags/dag_01_hello_world.py
[2026-06-16T17:37:57.771+0000] {processor.py:840} INFO - DAG(s) '01_hello_world' retrieved from /opt/airflow/dags/dag_01_hello_world.py
[2026-06-16T17:37:57.814+0000] {logging_mixin.py:188} INFO - [2026-06-16T17:37:57.814+0000] {dag.py:3089} INFO - Sync 1 DAGs
[2026-06-16T17:37:57.833+0000] {logging_mixin.py:188} INFO - [2026-06-16T17:37:57.832+0000] {dag.py:3947} INFO - Setting next_dagrun for 01_hello_world to None, run_after=None
[2026-06-16T17:37:57.857+0000] {processor.py:183} INFO - Processing /opt/airflow/dags/dag_01_hello_world.py took 0.109 seconds
[2026-06-16T17:38:28.005+0000] {processor.py:161} INFO - Started process (PID=25356) to work on /opt/airflow/dags/dag_01_hello_world.py
[2026-06-16T17:38:28.006+0000] {processor.py:830} INFO - Processing file /opt/airflow/dags/dag_01_hello_world.py for tasks to queue
[2026-06-16T17:38:28.008+0000] {logging_mixin.py:188} INFO - [2026-06-16T17:38:28.007+0000] {dagbag.py:545} INFO - Filling up the DagBag from /opt/airflow/dags/dag_01_hello_world.py
[2026-06-16T17:38:28.017+0000] {processor.py:840} INFO - DAG(s) '01_hello_world' retrieved from /opt/airflow/dags/dag_01_hello_world.py
[2026-06-16T17:38:28.058+0000] {logging_mixin.py:188} INFO - [2026-06-16T17:38:28.058+0000] {dag.py:3089} INFO - Sync 1 DAGs
[2026-06-16T17:38:28.074+0000] {logging_mixin.py:188} INFO - [2026-06-16T17:38:28.074+0000] {dag.py:3947} INFO - Setting next_dagrun for 01_hello_world to None, run_after=None
[2026-06-16T17:38:28.101+0000] {processor.py:183} INFO - Processing /opt/airflow/dags/dag_01_hello_world.py took 0.104 seconds
[2026-06-16T17:38:58.953+0000] {processor.py:161} INFO - Started process (PID=25396) to work on /opt/airflow/dags/dag_01_hello_world.py
[2026-06-16T17:38:58.955+0000] {processor.py:830} INFO - Processing file /opt/airflow/dags/dag_01_hello_world.py for tasks to queue
[2026-06-16T17:38:58.957+0000] {logging_mixin.py:188} INFO - [2026-06-16T17:38:58.957+0000] {dagbag.py:545} INFO - Filling up the DagBag from /opt/airflow/dags/dag_01_hello_world.py
[2026-06-16T17:38:58.965+0000] {processor.py:840} INFO - DAG(s) '01_hello_world' retrieved from /opt/airflow/dags/dag_01_hello_world.py
[2026-06-16T17:38:59.006+0000] {logging_mixin.py:188} INFO - [2026-06-16T17:38:59.006+0000] {dag.py:3089} INFO - Sync 1 DAGs
[2026-06-16T17:38:59.022+0000] {logging_mixin.py:188} INFO - [2026-06-16T17:38:59.022+0000] {dag.py:3947} INFO - Setting next_dagrun for 01_hello_world to None, run_after=None
[2026-06-16T17:38:59.050+0000] {processor.py:183} INFO - Processing /opt/airflow/dags/dag_01_hello_world.py took 0.104 seconds
[2026-06-16T17:39:29.914+0000] {processor.py:161} INFO - Started process (PID=25436) to work on /opt/airflow/dags/dag_01_hello_world.py
[2026-06-16T17:39:29.915+0000] {processor.py:830} INFO - Processing file /opt/airflow/dags/dag_01_hello_world.py for tasks to queue
[2026-06-16T17:39:29.917+0000] {logging_mixin.py:188} INFO - [2026-06-16T17:39:29.917+0000] {dagbag.py:545} INFO - Filling up the DagBag from /opt/airflow/dags/dag_01_hello_world.py
[2026-06-16T17:39:29.927+0000] {processor.py:840} INFO - DAG(s) '01_hello_world' retrieved from /opt/airflow/dags/dag_01_hello_world.py
[2026-06-16T17:39:29.968+0000] {logging_mixin.py:188} INFO - [2026-06-16T17:39:29.968+0000] {dag.py:3089} INFO - Sync 1 DAGs
[2026-06-16T17:39:29.984+0000] {logging_mixin.py:188} INFO - [2026-06-16T17:39:29.984+0000] {dag.py:3947} INFO - Setting next_dagrun for 01_hello_world to None, run_after=None
[2026-06-16T17:39:30.010+0000] {processor.py:183} INFO - Processing /opt/airflow/dags/dag_01_hello_world.py took 0.105 seconds
[2026-06-16T17:40:01.007+0000] {processor.py:161} INFO - Started process (PID=25476) to work on /opt/airflow/dags/dag_01_hello_world.py
[2026-06-16T17:40:01.009+0000] {processor.py:830} INFO - Processing file /opt/airflow/dags/dag_01_hello_world.py for tasks to queue
[2026-06-16T17:40:01.011+0000] {logging_mixin.py:188} INFO - [2026-06-16T17:40:01.011+0000] {dagbag.py:545} INFO - Filling up the DagBag from /opt/airflow/dags/dag_01_hello_world.py
[2026-06-16T17:40:01.021+0000] {processor.py:840} INFO - DAG(s) '01_hello_world' retrieved from /opt/airflow/dags/dag_01_hello_world.py
[2026-06-16T17:40:01.065+0000] {logging_mixin.py:188} INFO - [2026-06-16T17:40:01.065+0000] {dag.py:3089} INFO - Sync 1 DAGs
[2026-06-16T17:40:01.082+0000] {logging_mixin.py:188} INFO - [2026-06-16T17:40:01.081+0000] {dag.py:3947} INFO - Setting next_dagrun for 01_hello_world to None, run_after=None
[2026-06-16T17:40:01.108+0000] {processor.py:183} INFO - Processing /opt/airflow/dags/dag_01_hello_world.py took 0.109 seconds
[2026-06-16T17:40:31.148+0000] {processor.py:161} INFO - Started process (PID=25513) to work on /opt/airflow/dags/dag_01_hello_world.py
[2026-06-16T17:40:31.149+0000] {processor.py:830} INFO - Processing file /opt/airflow/dags/dag_01_hello_world.py for tasks to queue
[2026-06-16T17:40:31.151+0000] {logging_mixin.py:188} INFO - [2026-06-16T17:40:31.151+0000] {dagbag.py:545} INFO - Filling up the DagBag from /opt/airflow/dags/dag_01_hello_world.py
[2026-06-16T17:40:31.162+0000] {processor.py:840} INFO - DAG(s) '01_hello_world' retrieved from /opt/airflow/dags/dag_01_hello_world.py
[2026-06-16T17:40:31.201+0000] {logging_mixin.py:188} INFO - [2026-06-16T17:40:31.201+0000] {dag.py:3089} INFO - Sync 1 DAGs
[2026-06-16T17:40:31.216+0000] {logging_mixin.py:188} INFO - [2026-06-16T17:40:31.216+0000] {dag.py:3947} INFO - Setting next_dagrun for 01_hello_world to None, run_after=None
[2026-06-16T17:40:31.243+0000] {processor.py:183} INFO - Processing /opt/airflow/dags/dag_01_hello_world.py took 0.103 seconds
[2026-06-16T17:41:02.230+0000] {processor.py:161} INFO - Started process (PID=25556) to work on /opt/airflow/dags/dag_01_hello_world.py
[2026-06-16T17:41:02.231+0000] {processor.py:830} INFO - Processing file /opt/airflow/dags/dag_01_hello_world.py for tasks to queue
[2026-06-16T17:41:02.234+0000] {logging_mixin.py:188} INFO - [2026-06-16T17:41:02.233+0000] {dagbag.py:545} INFO - Filling up the DagBag from /opt/airflow/dags/dag_01_hello_world.py
[2026-06-16T17:41:02.243+0000] {processor.py:840} INFO - DAG(s) '01_hello_world' retrieved from /opt/airflow/dags/dag_01_hello_world.py
[2026-06-16T17:41:02.294+0000] {logging_mixin.py:188} INFO - [2026-06-16T17:41:02.294+0000] {dag.py:3089} INFO - Sync 1 DAGs
[2026-06-16T17:41:02.311+0000] {logging_mixin.py:188} INFO - [2026-06-16T17:41:02.311+0000] {dag.py:3947} INFO - Setting next_dagrun for 01_hello_world to None, run_after=None
[2026-06-16T17:41:02.338+0000] {processor.py:183} INFO - Processing /opt/airflow/dags/dag_01_hello_world.py took 0.116 seconds
[2026-06-16T17:41:33.359+0000] {processor.py:161} INFO - Started process (PID=25596) to work on /opt/airflow/dags/dag_01_hello_world.py
[2026-06-16T17:41:33.360+0000] {processor.py:830} INFO - Processing file /opt/airflow/dags/dag_01_hello_world.py for tasks to queue
[2026-06-16T17:41:33.362+0000] {logging_mixin.py:188} INFO - [2026-06-16T17:41:33.362+0000] {dagbag.py:545} INFO - Filling up the DagBag from /opt/airflow/dags/dag_01_hello_world.py
[2026-06-16T17:41:33.371+0000] {processor.py:840} INFO - DAG(s) '01_hello_world' retrieved from /opt/airflow/dags/dag_01_hello_world.py
[2026-06-16T17:41:33.412+0000] {logging_mixin.py:188} INFO - [2026-06-16T17:41:33.412+0000] {dag.py:3089} INFO - Sync 1 DAGs
[2026-06-16T17:41:33.427+0000] {logging_mixin.py:188} INFO - [2026-06-16T17:41:33.427+0000] {dag.py:3947} INFO - Setting next_dagrun for 01_hello_world to None, run_after=None
[2026-06-16T17:41:33.454+0000] {processor.py:183} INFO - Processing /opt/airflow/dags/dag_01_hello_world.py took 0.102 seconds
[2026-06-16T17:42:04.365+0000] {processor.py:161} INFO - Started process (PID=25636) to work on /opt/airflow/dags/dag_01_hello_world.py
[2026-06-16T17:42:04.366+0000] {processor.py:830} INFO - Processing file /opt/airflow/dags/dag_01_hello_world.py for tasks to queue
[2026-06-16T17:42:04.368+0000] {logging_mixin.py:188} INFO - [2026-06-16T17:42:04.368+0000] {dagbag.py:545} INFO - Filling up the DagBag from /opt/airflow/dags/dag_01_hello_world.py
[2026-06-16T17:42:04.377+0000] {processor.py:840} INFO - DAG(s) '01_hello_world' retrieved from /opt/airflow/dags/dag_01_hello_world.py
[2026-06-16T17:42:04.415+0000] {logging_mixin.py:188} INFO - [2026-06-16T17:42:04.415+0000] {dag.py:3089} INFO - Sync 1 DAGs
[2026-06-16T17:42:04.432+0000] {logging_mixin.py:188} INFO - [2026-06-16T17:42:04.432+0000] {dag.py:3947} INFO - Setting next_dagrun for 01_hello_world to None, run_after=None
[2026-06-16T17:42:04.457+0000] {processor.py:183} INFO - Processing /opt/airflow/dags/dag_01_hello_world.py took 0.099 seconds
[2026-06-16T17:42:34.583+0000] {processor.py:161} INFO - Started process (PID=25676) to work on /opt/airflow/dags/dag_01_hello_world.py
[2026-06-16T17:42:34.584+0000] {processor.py:830} INFO - Processing file /opt/airflow/dags/dag_01_hello_world.py for tasks to queue
[2026-06-16T17:42:34.586+0000] {logging_mixin.py:188} INFO - [2026-06-16T17:42:34.586+0000] {dagbag.py:545} INFO - Filling up the DagBag from /opt/airflow/dags/dag_01_hello_world.py
[2026-06-16T17:42:34.595+0000] {processor.py:840} INFO - DAG(s) '01_hello_world' retrieved from /opt/airflow/dags/dag_01_hello_world.py
[2026-06-16T17:42:34.635+0000] {logging_mixin.py:188} INFO - [2026-06-16T17:42:34.635+0000] {dag.py:3089} INFO - Sync 1 DAGs
[2026-06-16T17:42:34.649+0000] {logging_mixin.py:188} INFO - [2026-06-16T17:42:34.649+0000] {dag.py:3947} INFO - Setting next_dagrun for 01_hello_world to None, run_after=None
[2026-06-16T17:42:34.674+0000] {processor.py:183} INFO - Processing /opt/airflow/dags/dag_01_hello_world.py took 0.099 seconds
[2026-06-16T17:43:04.740+0000] {processor.py:161} INFO - Started process (PID=25716) to work on /opt/airflow/dags/dag_01_hello_world.py
[2026-06-16T17:43:04.742+0000] {processor.py:830} INFO - Processing file /opt/airflow/dags/dag_01_hello_world.py for tasks to queue
[2026-06-16T17:43:04.744+0000] {logging_mixin.py:188} INFO - [2026-06-16T17:43:04.744+0000] {dagbag.py:545} INFO - Filling up the DagBag from /opt/airflow/dags/dag_01_hello_world.py
[2026-06-16T17:43:04.755+0000] {processor.py:840} INFO - DAG(s) '01_hello_world' retrieved from /opt/airflow/dags/dag_01_hello_world.py
[2026-06-16T17:43:04.800+0000] {logging_mixin.py:188} INFO - [2026-06-16T17:43:04.800+0000] {dag.py:3089} INFO - Sync 1 DAGs
[2026-06-16T17:43:04.819+0000] {logging_mixin.py:188} INFO - [2026-06-16T17:43:04.819+0000] {dag.py:3947} INFO - Setting next_dagrun for 01_hello_world to None, run_after=None
[2026-06-16T17:43:04.844+0000] {processor.py:183} INFO - Processing /opt/airflow/dags/dag_01_hello_world.py took 0.113 seconds
[2026-06-16T17:43:35.866+0000] {processor.py:161} INFO - Started process (PID=25756) to work on /opt/airflow/dags/dag_01_hello_world.py
[2026-06-16T17:43:35.868+0000] {processor.py:830} INFO - Processing file /opt/airflow/dags/dag_01_hello_world.py for tasks to queue
[2026-06-16T17:43:35.870+0000] {logging_mixin.py:188} INFO - [2026-06-16T17:43:35.870+0000] {dagbag.py:545} INFO - Filling up the DagBag from /opt/airflow/dags/dag_01_hello_world.py
[2026-06-16T17:43:35.880+0000] {processor.py:840} INFO - DAG(s) '01_hello_world' retrieved from /opt/airflow/dags/dag_01_hello_world.py
[2026-06-16T17:43:35.921+0000] {logging_mixin.py:188} INFO - [2026-06-16T17:43:35.921+0000] {dag.py:3089} INFO - Sync 1 DAGs
[2026-06-16T17:43:35.939+0000] {logging_mixin.py:188} INFO - [2026-06-16T17:43:35.938+0000] {dag.py:3947} INFO - Setting next_dagrun for 01_hello_world to None, run_after=None
[2026-06-16T17:43:35.964+0000] {processor.py:183} INFO - Processing /opt/airflow/dags/dag_01_hello_world.py took 0.106 seconds
[2026-06-16T17:44:06.982+0000] {processor.py:161} INFO - Started process (PID=25796) to work on /opt/airflow/dags/dag_01_hello_world.py
[2026-06-16T17:44:06.984+0000] {processor.py:830} INFO - Processing file /opt/airflow/dags/dag_01_hello_world.py for tasks to queue
[2026-06-16T17:44:06.986+0000] {logging_mixin.py:188} INFO - [2026-06-16T17:44:06.986+0000] {dagbag.py:545} INFO - Filling up the DagBag from /opt/airflow/dags/dag_01_hello_world.py
[2026-06-16T17:44:06.996+0000] {processor.py:840} INFO - DAG(s) '01_hello_world' retrieved from /opt/airflow/dags/dag_01_hello_world.py
[2026-06-16T17:44:07.036+0000] {logging_mixin.py:188} INFO - [2026-06-16T17:44:07.036+0000] {dag.py:3089} INFO - Sync 1 DAGs
[2026-06-16T17:44:07.052+0000] {logging_mixin.py:188} INFO - [2026-06-16T17:44:07.052+0000] {dag.py:3947} INFO - Setting next_dagrun for 01_hello_world to None, run_after=None
[2026-06-16T17:44:07.078+0000] {processor.py:183} INFO - Processing /opt/airflow/dags/dag_01_hello_world.py took 0.105 seconds
[2026-06-16T17:44:37.974+0000] {processor.py:161} INFO - Started process (PID=25836) to work on /opt/airflow/dags/dag_01_hello_world.py
[2026-06-16T17:44:37.975+0000] {processor.py:830} INFO - Processing file /opt/airflow/dags/dag_01_hello_world.py for tasks to queue
[2026-06-16T17:44:37.977+0000] {logging_mixin.py:188} INFO - [2026-06-16T17:44:37.976+0000] {dagbag.py:545} INFO - Filling up the DagBag from /opt/airflow/dags/dag_01_hello_world.py
[2026-06-16T17:44:37.985+0000] {processor.py:840} INFO - DAG(s) '01_hello_world' retrieved from /opt/airflow/dags/dag_01_hello_world.py
[2026-06-16T17:44:38.028+0000] {logging_mixin.py:188} INFO - [2026-06-16T17:44:38.028+0000] {dag.py:3089} INFO - Sync 1 DAGs
[2026-06-16T17:44:38.043+0000] {logging_mixin.py:188} INFO - [2026-06-16T17:44:38.043+0000] {dag.py:3947} INFO - Setting next_dagrun for 01_hello_world to None, run_after=None
[2026-06-16T17:44:38.072+0000] {processor.py:183} INFO - Processing /opt/airflow/dags/dag_01_hello_world.py took 0.106 seconds
[2026-06-16T17:45:09.074+0000] {processor.py:161} INFO - Started process (PID=25876) to work on /opt/airflow/dags/dag_01_hello_world.py
[2026-06-16T17:45:09.078+0000] {processor.py:830} INFO - Processing file /opt/airflow/dags/dag_01_hello_world.py for tasks to queue
[2026-06-16T17:45:09.081+0000] {logging_mixin.py:188} INFO - [2026-06-16T17:45:09.081+0000] {dagbag.py:545} INFO - Filling up the DagBag from /opt/airflow/dags/dag_01_hello_world.py
[2026-06-16T17:45:09.091+0000] {processor.py:840} INFO - DAG(s) '01_hello_world' retrieved from /opt/airflow/dags/dag_01_hello_world.py
[2026-06-16T17:45:09.136+0000] {logging_mixin.py:188} INFO - [2026-06-16T17:45:09.136+0000] {dag.py:3089} INFO - Sync 1 DAGs
[2026-06-16T17:45:09.152+0000] {logging_mixin.py:188} INFO - [2026-06-16T17:45:09.151+0000] {dag.py:3947} INFO - Setting next_dagrun for 01_hello_world to None, run_after=None
[2026-06-16T17:45:09.179+0000] {processor.py:183} INFO - Processing /opt/airflow/dags/dag_01_hello_world.py took 0.112 seconds
[2026-06-16T17:45:40.174+0000] {processor.py:161} INFO - Started process (PID=25916) to work on /opt/airflow/dags/dag_01_hello_world.py
[2026-06-16T17:45:40.175+0000] {processor.py:830} INFO - Processing file /opt/airflow/dags/dag_01_hello_world.py for tasks to queue
[2026-06-16T17:45:40.178+0000] {logging_mixin.py:188} INFO - [2026-06-16T17:45:40.177+0000] {dagbag.py:545} INFO - Filling up the DagBag from /opt/airflow/dags/dag_01_hello_world.py
[2026-06-16T17:45:40.187+0000] {processor.py:840} INFO - DAG(s) '01_hello_world' retrieved from /opt/airflow/dags/dag_01_hello_world.py
[2026-06-16T17:45:40.232+0000] {logging_mixin.py:188} INFO - [2026-06-16T17:45:40.232+0000] {dag.py:3089} INFO - Sync 1 DAGs
[2026-06-16T17:45:40.249+0000] {logging_mixin.py:188} INFO - [2026-06-16T17:45:40.249+0000] {dag.py:3947} INFO - Setting next_dagrun for 01_hello_world to None, run_after=None
[2026-06-16T17:45:40.275+0000] {processor.py:183} INFO - Processing /opt/airflow/dags/dag_01_hello_world.py took 0.109 seconds
[2026-06-16T17:46:11.184+0000] {processor.py:161} INFO - Started process (PID=25956) to work on /opt/airflow/dags/dag_01_hello_world.py
[2026-06-16T17:46:11.185+0000] {processor.py:830} INFO - Processing file /opt/airflow/dags/dag_01_hello_world.py for tasks to queue
[2026-06-16T17:46:11.187+0000] {logging_mixin.py:188} INFO - [2026-06-16T17:46:11.187+0000] {dagbag.py:545} INFO - Filling up the DagBag from /opt/airflow/dags/dag_01_hello_world.py
[2026-06-16T17:46:11.195+0000] {processor.py:840} INFO - DAG(s) '01_hello_world' retrieved from /opt/airflow/dags/dag_01_hello_world.py
[2026-06-16T17:46:11.235+0000] {logging_mixin.py:188} INFO - [2026-06-16T17:46:11.235+0000] {dag.py:3089} INFO - Sync 1 DAGs
[2026-06-16T17:46:11.250+0000] {logging_mixin.py:188} INFO - [2026-06-16T17:46:11.249+0000] {dag.py:3947} INFO - Setting next_dagrun for 01_hello_world to None, run_after=None
[2026-06-16T17:46:11.276+0000] {processor.py:183} INFO - Processing /opt/airflow/dags/dag_01_hello_world.py took 0.100 seconds
[2026-06-16T17:46:41.312+0000] {processor.py:161} INFO - Started process (PID=25993) to work on /opt/airflow/dags/dag_01_hello_world.py
[2026-06-16T17:46:41.314+0000] {processor.py:830} INFO - Processing file /opt/airflow/dags/dag_01_hello_world.py for tasks to queue
[2026-06-16T17:46:41.316+0000] {logging_mixin.py:188} INFO - [2026-06-16T17:46:41.316+0000] {dagbag.py:545} INFO - Filling up the DagBag from /opt/airflow/dags/dag_01_hello_world.py
[2026-06-16T17:46:41.324+0000] {processor.py:840} INFO - DAG(s) '01_hello_world' retrieved from /opt/airflow/dags/dag_01_hello_world.py
[2026-06-16T17:46:41.361+0000] {logging_mixin.py:188} INFO - [2026-06-16T17:46:41.361+0000] {dag.py:3089} INFO - Sync 1 DAGs
[2026-06-16T17:46:41.374+0000] {logging_mixin.py:188} INFO - [2026-06-16T17:46:41.374+0000] {dag.py:3947} INFO - Setting next_dagrun for 01_hello_world to None, run_after=None
[2026-06-16T17:46:41.398+0000] {processor.py:183} INFO - Processing /opt/airflow/dags/dag_01_hello_world.py took 0.093 seconds
[2026-06-16T17:47:11.534+0000] {processor.py:161} INFO - Started process (PID=26033) to work on /opt/airflow/dags/dag_01_hello_world.py
[2026-06-16T17:47:11.536+0000] {processor.py:830} INFO - Processing file /opt/airflow/dags/dag_01_hello_world.py for tasks to queue
[2026-06-16T17:47:11.541+0000] {logging_mixin.py:188} INFO - [2026-06-16T17:47:11.540+0000] {dagbag.py:545} INFO - Filling up the DagBag from /opt/airflow/dags/dag_01_hello_world.py
[2026-06-16T17:47:11.553+0000] {processor.py:840} INFO - DAG(s) '01_hello_world' retrieved from /opt/airflow/dags/dag_01_hello_world.py
[2026-06-16T17:47:11.599+0000] {logging_mixin.py:188} INFO - [2026-06-16T17:47:11.599+0000] {dag.py:3089} INFO - Sync 1 DAGs
[2026-06-16T17:47:11.617+0000] {logging_mixin.py:188} INFO - [2026-06-16T17:47:11.617+0000] {dag.py:3947} INFO - Setting next_dagrun for 01_hello_world to None, run_after=None
[2026-06-16T17:47:11.649+0000] {processor.py:183} INFO - Processing /opt/airflow/dags/dag_01_hello_world.py took 0.127 seconds
